domain,_row_id,_curve_id,light_voltage,trap_assisted_recomb_A,ge_sio2_recomb_velocity,ge_si_recomb_velocity,active_layer_length,simulation_temperature,net_photocurrent,y_true_model,model_mean,model_std,epistemic,aleatoric,raw_model_lower,raw_model_upper,model_lower,model_upper
calibration,0,3765765162242439701,-2.0,1.066709170571727e-09,2302.646144768272,474.8978179470865,37.69553984942066,294.1521471075916,0.0005097376687749155,-3.2926532715778474,-3.288617,0.019481739925891667,0.002727707645270061,0.019289835974211834,-3.326801105930407,-3.2504326854209116,-3.326801105930407,-3.2504326854209116
calibration,5,579736006479800074,-0.6000000000000001,8.979123523428992e-10,2531.360993910196,491.918494232159,35.793021097389925,308.86985058095934,0.0004757738828532225,-3.3225994018196467,-3.3360848,0.019898288535622772,0.004425169702516629,0.01939999310246457,-3.375085488211705,-3.2970841971520644,-3.375085488211705,-3.2970841971520644
calibration,10,1367897570274288222,-1.4,1.0060692139373963e-09,2527.3807724384133,522.7157534573084,43.167246359099664,298.50956140834,0.000515204186238505,-3.288020616818865,-3.2954319,0.019463999903799264,0.003553068401964377,0.01913695302983196,-3.333581292152145,-3.2572824125292517,-3.333581292152145,-3.2572824125292517
calibration,14,11643629726484600332,-0.4,9.595802013951228e-10,2610.2949574222403,489.9218602044182,42.219532217947325,302.0841812978663,0.00046993061477010133,-3.3279662608876337,-3.3268237,0.019479970121382487,0.003783018411252809,0.019109107383369236,-3.3650044528331735,-3.288642969957354,-3.3650044528331735,-3.288642969957354
calibration,17,579736006479800074,-1.2000000000000002,8.979123523428992e-10,2531.360993910196,491.918494232159,35.793021097389925,308.86985058095934,0.0004952289467237046,-3.305193978214594,-3.3190706,0.019688666227399232,0.004057431204330313,0.019266053972226575,-3.3576603634271622,-3.2804807918157577,-3.3576603634271622,-3.2804807918157577
calibration,24,11854955608364436255,-0.8,9.431291378149591e-10,2617.847164727645,540.4486468445567,38.69622270488729,301.9657628923453,0.00047263320502219255,-3.3254757701109074,-3.3204637,0.019667626271420928,0.004162469846703401,0.019222106760791648,-3.3590122048711355,-3.2819151098871653,-3.3590122048711355,-3.2819151098871653
calibration,34,13370015301709921327,-0.8,9.344027379399094e-10,2510.734791451186,511.4018674256231,36.36815079533651,301.4558439858307,0.0004654217937435244,-3.3321532843906114,-3.326629,0.0191923951689474,0.0026903494688325894,0.019002896093172926,-3.3642460179472744,-3.289011828885001,-3.3642460179472744,-3.289011828885001
calibration,39,12935788499417564366,-0.4,1.020786601528739e-09,2414.9946347184086,525.5036010755978,41.93453001893169,295.92616711681853,0.0004760745708442458,-3.3223250154105233,-3.3209472,0.019494013459228476,0.0036265880717980133,0.019153704561265066,-3.359155436637656,-3.2827389038774806,-3.359155436637656,-3.2827389038774806
calibration,49,579736006479800074,-2.2,8.979123523428992e-10,2531.360993910196,491.918494232159,35.793021097389925,308.86985058095934,0.0005155590222610388,-3.287721608605565,-3.3024714,0.01960225589461512,0.0034895531377657453,0.01928915350942788,-3.340891820860697,-3.264050977753805,-3.340891820860697,-3.264050977753805
calibration,62,12112510911978131146,-1.4,9.85546704036472e-10,2573.0239327697072,479.3922741661716,39.9154735600532,295.8292447353602,0.0004933109604179298,-3.3068792352450425,-3.3012202,0.019336049943679174,0.0023246280670823783,0.019195806138770373,-3.339118836493737,-3.263321520714515,-3.339118836493737,-3.263321520714515
calibration,71,3483175946691254694,-2.6,8.89459518994858e-10,2383.601346469497,502.4892009812192,38.55163090195673,309.2198732722366,0.0005186112824220741,-3.2851580393592816,-3.2948527,0.019670727153078174,0.0034815006626586543,0.019360182656733966,-3.3334073588320936,-3.2562981083920275,-3.3334073588320936,-3.2562981083920275
calibration,91,3765765162242439701,-2.4000000000000004,1.066709170571727e-09,2302.646144768272,474.8978179470865,37.69553984942066,294.1521471075916,0.0005154986001520508,-3.287772509715218,-3.2839956,0.01955112790788396,0.0026993066498598763,0.01936389152785152,-3.3223158390563863,-3.245675417657481,-3.3223158390563863,-3.245675417657481
calibration,108,579736006479800074,-3.0,8.979123523428992e-10,2531.360993910196,491.918494232159,35.793021097389925,308.86985058095934,0.0005263564766764987,-3.2787200288179044,-3.2943501,0.019565787359771016,0.003392040565371253,0.019269512335437323,-3.332699090472466,-3.256001204022163,-3.332699090472466,-3.256001204022163
calibration,117,15230833052760599040,-0.8,8.595939611542648e-10,2643.7199291480506,484.396762738386,41.95641496228942,305.9180523366615,0.0004839754871105329,-3.3151766343932456,-3.3195846,0.019720873419634008,0.004122357437387833,0.019285202254984278,-3.3582375199804857,-3.28093169617552,-3.3582375199804857,-3.28093169617552
calibration,129,11643629726484600332,-2.4000000000000004,9.595802013951228e-10,2610.2949574222403,489.9218602044182,42.219532217947325,302.0841812978663,0.0005222928056227595,-3.282085956356871,-3.2817261,0.01966229519234469,0.0028520944689400013,0.019454342485467607,-3.3202642204794612,-3.2431880233254704,-3.3202642204794612,-3.2431880233254704
calibration,132,2056914843148536795,-1.6,1.000072357945733e-09,2615.067429542859,502.8265147659643,41.97319841319997,303.92619603855775,0.0005083592304963704,-3.2938292863643532,-3.2988691,0.019592510459991885,0.003121671105319313,0.0193422246250578,-3.3372704534971898,-3.260467812494021,-3.3372704534971898,-3.260467812494021
calibration,136,2447368541047246097,-0.8,8.920412889937107e-10,2700.220283946353,481.8164609958477,41.48473029075561,294.1535226587993,0.00047900828838118217,-3.3196569718316398,-3.320939,0.019827891751519278,0.003995956563999574,0.019421060140378744,-3.3598017318588567,-3.282076396192901,-3.3598017318588567,-3.282076396192901
calibration,139,15230833052760599040,-0.6000000000000001,8.595939611542648e-10,2643.7199291480506,484.396762738386,41.95641496228942,305.9180523366615,0.000476257313375722,-3.322158342267855,-3.3264728,0.01988633050683886,0.004235960403455976,0.019429945723538074,-3.3654499670402305,-3.287495551453422,-3.3654499670402305,-3.287495551453422
calibration,156,17492872546512810480,-2.8000000000000003,9.162514515645111e-10,2366.748252214537,515.4599435910573,36.43861892729903,303.676124223718,0.0005025262521065272,-3.298841245654342,-3.285311,0.019554308681252026,0.002565786951103685,0.019385244280189135,-3.323637428673091,-3.246984538642583,-3.323637428673091,-3.246984538642583
calibration,162,2447368541047246097,0.0,8.920412889937107e-10,2700.220283946353,481.8164609958477,41.48473029075561,294.1535226587993,0.0004366679984841,-3.359848634483562,-3.3577673,0.02022032525145391,0.00421907007710153,0.01977526207144406,-3.397399181013968,-3.3181355060282685,-3.397399181013968,-3.3181355060282685
calibration,172,1367897570274288222,-2.0,1.0060692139373963e-09,2527.3807724384133,522.7157534573084,43.167246359099664,298.50956140834,0.0005273439883392317,-3.277906000532371,-3.2855754,0.01968032363705412,0.0032510625014761443,0.019409938943413252,-3.3241488241906865,-3.2470019555334346,-3.3241488241906865,-3.2470019555334346
calibration,178,3483175946691254694,-1.8,8.89459518994858e-10,2383.601346469497,502.4892009812192,38.55163090195673,309.2198732722366,0.0005061357484643532,-3.2957329873058883,-3.304932,0.019733616824558185,0.003602127667319182,0.019402068932849095,-3.343610006438292,-3.2662542284860243,-3.343610006438292,-3.2662542284860243
calibration,188,12112510911978131146,0.0,9.85546704036472e-10,2573.0239327697072,479.3922741661716,39.9154735600532,295.8292447353602,0.0004361026162093,-3.3604113079565794,-3.354482,0.019883025156565787,0.0037548955134716015,0.019525251118159066,-3.3934526648079677,-3.3155112061942296,-3.3934526648079677,-3.3155112061942296
calibration,205,12935788499417564366,-2.0,1.020786601528739e-09,2414.9946347184086,525.5036010755978,41.93453001893169,295.92616711681853,0.0005202427257000675,-3.2837939836015004,-3.2828555,0.019593134698613714,0.002895175058427049,0.019378051318021755,-3.321258054720953,-3.244452966702387,-3.321258054720953,-3.244452966702387
calibration,207,7538273554073210114,-0.4,9.220148370062531e-10,2472.3739758500788,504.5088858703008,41.28793476116813,303.0641722996054,0.00046441420165166874,-3.3330945081310315,-3.334169,0.019382337034373368,0.0033666586980244054,0.019087708591740637,-3.3721582915675965,-3.2961795303928527,-3.3721582915675965,-3.2961795303928527
calibration,209,11854955608364436255,-1.2000000000000002,9.431291378149591e-10,2617.847164727645,540.4486468445567,38.69622270488729,301.9657628923453,0.00048450460078803577,-3.314702094593877,-3.309681,0.019619067006307143,0.003935815370486291,0.01922022727444219,-3.348134310053065,-3.2712275673883413,-3.348134310053065,-3.2712275673883413
calibration,213,16069905982438259650,-2.6,9.91880560193061e-10,2562.543459042286,488.1664551370801,40.47383155665718,295.6008889602198,0.0005275165865024337,-3.2777638804601605,-3.2773988,0.019708517286392793,0.0024575445157170393,0.019554695952934985,-3.3160275185731023,-3.2387701308104426,-3.3160275185731023,-3.2387701308104426
calibration,223,10893922623691634355,-1.2000000000000002,9.808684991835892e-10,2440.440905080504,475.02919518003887,43.13862383173334,296.64614602139693,0.0005113382637818774,-3.2912917075129466,-3.29677,0.019627123882228814,0.003493948874481833,0.019313630163068234,-3.3352392586343638,-3.258300933016027,-3.3352392586343638,-3.258300933016027
calibration,236,11643629726484600332,-2.0,9.595802013951228e-10,2610.2949574222403,489.9218602044182,42.219532217947325,302.0841812978663,0.0005159253247734,-3.2874131537715763,-3.2869475,0.0195171305996881,0.0028565030695756276,0.01930696123635996,-3.325201064760179,-3.2486939128094012,-3.325201064760179,-3.2486939128094012
calibration,252,3744802582600429992,-1.6,9.725086180844783e-10,2468.017331565751,490.28733545372194,44.50977871149023,303.263152322465,0.0005158291856794607,-3.2874940890671156,-3.2863789,0.019964312941179865,0.004196430932810034,0.019518293768833763,-3.3255089138383456,-3.24724880710892,-3.3255089138383456,-3.24724880710892
calibration,260,1367897570274288222,-2.2,1.0060692139373963e-09,2527.3807724384133,522.7157534573084,43.167246359099664,298.50956140834,0.0005306572595484358,-3.2751858901165365,-3.2831326,0.01980874076056799,0.003240310972935294,0.019541918695590972,-3.321957684991299,-3.244307421209873,-3.321957684991299,-3.244307421209873
calibration,262,3765765162242439701,-0.4,1.066709170571727e-09,2302.646144768272,474.8978179470865,37.69553984942066,294.1521471075916,0.00046790945595807747,-3.329838178084336,-3.3282168,0.01952158016175173,0.003870260836516561,0.019134083698726413,-3.3664790882699873,-3.289954494035921,-3.3664790882699873,-3.289954494035921
calibration,264,2056914843148536795,-2.0,1.000072357945733e-09,2615.067429542859,502.8265147659643,41.97319841319997,303.92619603855775,0.0005159547676181924,-3.2873883701457993,-3.2926455,0.019533524649567705,0.002935553547762552,0.019311682971879098,-3.330931162719891,-3.2543597460935856,-3.330931162719891,-3.2543597460935856
calibration,302,12112510911978131146,-0.2,9.85546704036472e-10,2573.0239327697072,479.3922741661716,39.9154735600532,295.8292447353602,0.000450437799850758,-3.3463651714920313,-3.3422863,0.019575932252948354,0.003763432416706588,0.01921077026243598,-3.3806551755586742,-3.303917521127117,-3.3806551755586742,-3.303917521127117
calibration,313,7538273554073210114,-1.4,9.220148370062531e-10,2472.3739758500788,504.5088858703008,41.28793476116813,303.0641722996054,0.0004973631510015957,-3.303326394195734,-3.3045592,0.019410369546193604,0.002588330970095434,0.01923702213697269,-3.342603555114983,-3.266514906493904,-3.342603555114983,-3.266514906493904
calibration,322,2056914843148536795,-0.2,1.000072357945733e-09,2615.067429542859,502.8265147659643,41.97319841319997,303.92619603855775,0.00045869127197191775,-3.338479523592668,-3.3455067,0.019754237010530484,0.00430683213700981,0.01927903298999283,-3.38422497263146,-3.3067883635501807,-3.38422497263146,-3.3067883635501807
calibration,323,579736006479800074,-2.4000000000000004,8.979123523428992e-10,2531.360993910196,491.918494232159,35.793021097389925,308.86985058095934,0.000518574277816564,-3.2851890287918404,-3.3000255,0.019555887558113317,0.003428950197245859,0.019252923295619444,-3.33835500271815,-3.261695923490346,-3.33835500271815,-3.261695923490346
calibration,329,13370015301709921327,-0.6000000000000001,9.344027379399094e-10,2510.734791451186,511.4018674256231,36.36815079533651,301.4558439858307,0.00045831973122933473,-3.3388314454400003,-3.3328888,0.019232537368392425,0.0029501023022367374,0.019004931300653644,-3.3705846148710776,-3.295193068386979,-3.3705846148710776,-3.295193068386979
calibration,334,12112510911978131146,-1.6,9.85546704036472e-10,2573.0239327697072,479.3922741661716,39.9154735600532,295.8292447353602,0.0004975649310116694,-3.303150236847843,-3.29733,0.019420063525138687,0.002327005861051866,0.01928014199526675,-3.3353932271581974,-3.259266578139654,-3.3353932271581974,-3.259266578139654
calibration,340,3483175946691254694,-0.2,8.89459518994858e-10,2383.601346469497,502.4892009812192,38.55163090195673,309.2198732722366,0.00045383164179487644,-3.343105227759478,-3.3514378,0.0203330984947118,0.005165863356786441,0.019665928234041806,-3.391290680132765,-3.311584934033495,-3.391290680132765,-3.311584934033495
calibration,357,11643629726484600332,-1.0,9.595802013951228e-10,2610.2949574222403,489.9218602044182,42.219532217947325,302.0841812978663,0.0004930907212186728,-3.307073169769499,-3.3059928,0.019501720978177407,0.003232578403195681,0.01923194156580326,-3.3442162148378087,-3.2677694686033534,-3.3442162148378087,-3.2677694686033534
calibration,367,579736006479800074,-1.8,8.979123523428992e-10,2531.360993910196,491.918494232159,35.793021097389925,308.86985058095934,0.0005086534648627726,-3.293577992814404,-3.3081086,0.01968942587570042,0.0036210122397263397,0.019353599038123687,-3.3466998429079013,-3.2695172934751553,-3.3466998429079013,-3.2695172934751553
calibration,378,4747465828158748725,-1.0,1.0789603531824067e-09,2367.1936347140645,478.9001778930339,37.12870103512795,297.3410066095633,0.0004943197430776442,-3.3059920435176857,-3.3040426,0.019589880804018796,0.0032843759907912585,0.019312594279021163,-3.342438744119407,-3.2656464113676535,-3.342438744119407,-3.2656464113676535
calibration,383,10893922623691634355,-0.4,9.808684991835892e-10,2440.440905080504,475.02919518003887,43.13862383173334,296.64614602139693,0.0004826467370895284,-3.316370625491284,-3.320849,0.019669587003578,0.003924154565948566,0.01927417042840716,-3.3594013323299916,-3.2822965512759654,-3.3594013323299916,-3.2822965512759654
calibration,388,17492872546512810480,-1.2000000000000002,9.162514515645111e-10,2366.748252214537,515.4599435910573,36.43861892729903,303.676124223718,0.0004760020435756879,-3.3223911827590458,-3.3085747,0.019250951730688023,0.0027167375993591503,0.019058292192997383,-3.3463065419058204,-3.2708428111215233,-3.3463065419058204,-3.2708428111215233
calibration,389,11643629726484600332,-2.8000000000000003,9.595802013951228e-10,2610.2949574222403,489.9218602044182,42.219532217947325,302.0841812978663,0.0005277406444757041,-3.277579456909156,-3.2773316,0.01972139610099632,0.00291079253379555,0.01950540276735909,-3.315985527010419,-3.238677654294513,-3.315985527010419,-3.238677654294513
calibration,394,12935788499417564366,-2.8000000000000003,1.020786601528739e-09,2414.9946347184086,525.5036010755978,41.93453001893169,295.92616711681853,0.000531378307523522,-3.2745961787837126,-3.2746737,0.01989920119686163,0.0030390786484446397,0.01966576303423299,-3.31367613467849,-3.235671265986793,-3.31367613467849,-3.235671265986793
calibration,419,4747465828158748725,-1.2000000000000002,1.0789603531824067e-09,2367.1936347140645,478.9001778930339,37.12870103512795,297.3410066095633,0.0004996098139247425,-3.3013690392900954,-3.2991197,0.01953781172001611,0.0031829196114855286,0.01927680279257384,-3.3374138218934726,-3.26082559995101,-3.3374138218934726,-3.26082559995101
calibration,422,16069905982438259650,-1.8,9.91880560193061e-10,2562.543459042286,488.1664551370801,40.47383155665718,295.6008889602198,0.0005148800494817738,-3.2882939358438437,-3.287158,0.019564564610366434,0.002343052585103925,0.019423754792997926,-3.325504559026455,-3.2488114657538185,-3.325504559026455,-3.2488114657538185
calibration,441,3744802582600429992,-2.2,9.725086180844783e-10,2468.017331565751,490.28733545372194,44.50977871149023,303.263152322465,0.0005266398760590848,-3.278486260124055,-3.2784724,0.0203232406700547,0.0040339988978419904,0.01991885862001371,-3.318305975266774,-3.2386388718401595,-3.318305975266774,-3.2386388718401595
calibration,446,11854955608364436255,-2.0,9.431291378149591e-10,2617.847164727645,540.4486468445567,38.69622270488729,301.9657628923453,0.0005012952271863996,-3.299906430269207,-3.2956069,0.019681619507685558,0.0033610452897667106,0.019392511717680163,-3.3341828258128223,-3.2570308773426953,-3.3341828258128223,-3.2570308773426953
calibration,462,7538273554073210114,-2.2,9.220148370062531e-10,2472.3739758500788,504.5088858703008,41.28793476116813,303.0641722996054,0.0005122534941389434,-3.2905150705449486,-3.2918644,0.01942496264733778,0.0023652423385220594,0.019280425001496605,-3.329937321930384,-3.2537914683528193,-3.329937321930384,-3.2537914683528193
calibration,465,11854955608364436255,-2.4000000000000004,9.431291378149591e-10,2617.847164727645,540.4486468445567,38.69622270488729,301.9657628923453,0.0005075255590958048,-3.2945420817009325,-3.2905226,0.019720228869560274,0.003372590996076983,0.019429695215631263,-3.329174223962756,-3.25187092679408,-3.329174223962756,-3.25187092679408
calibration,469,3744802582600429992,-1.0,9.725086180844783e-10,2468.017331565751,490.28733545372194,44.50977871149023,303.263152322465,0.000500759463085484,-3.300370834891151,-3.2991362,0.02002234952975176,0.004827444100898442,0.019431681675627414,-3.3383799668825125,-3.259892356725886,-3.3383799668825125,-3.259892356725886
calibration,473,14435728251762431223,-2.2,8.599648780937921e-10,2637.8899539670565,501.9551856304757,39.90381821426863,300.9815905741297,0.0005058269805982117,-3.2959980092889403,-3.2969217,0.019541508404262522,0.0025554985236662313,0.019373693834540087,-3.3352230865138583,-3.2586203735691495,-3.3352230865138583,-3.2586203735691495
calibration,481,4747465828158748725,-1.4,1.0789603531824067e-09,2367.1936347140645,478.9001778930339,37.12870103512795,297.3410066095633,0.0005042943778869754,-3.2973158735348456,-3.2947035,0.01956462825291573,0.0030295735660022596,0.019328640326024826,-3.3330501549572578,-3.256356812205828,-3.3330501549572578,-3.256356812205828
calibration,487,2447368541047246097,-1.4,8.920412889937107e-10,2700.220283946353,481.8164609958477,41.48473029075561,294.1535226587993,0.0004960820172516001,-3.304446515656717,-3.3053825,0.01975850918591416,0.0037492035675998803,0.019399539480038728,-3.344109168162473,-3.2666558121536893,-3.344109168162473,-3.2666558121536893
calibration,496,12112510911978131146,-0.8,9.85546704036472e-10,2573.0239327697072,479.3922741661716,39.9154735600532,295.8292447353602,0.00047703488191445394,-3.32144986316306,-3.3164153,0.019440175924813403,0.0026778792529365152,0.019254854237647057,-3.35451805471864,-3.2783125650933718,-3.35451805471864,-3.2783125650933718
calibration,505,13370015301709921327,-0.4,9.344027379399094e-10,2510.734791451186,511.4018674256231,36.36815079533651,301.4558439858307,0.00044983313733841583,-3.3469485550517204,-3.3410246,0.019382457548987993,0.003414953237215048,0.01907924954907128,-3.3790142540183066,-3.3030350204262735,-3.3790142540183066,-3.3030350204262735
calibration,520,1367897570274288222,-2.6,1.0060692139373963e-09,2527.3807724384133,522.7157534573084,43.167246359099664,298.50956140834,0.0005364875974089416,-3.270440313659109,-3.2787225,0.019934704260691927,0.0032443262084523917,0.01966892891253633,-3.3177945449939004,-3.2396505042919883,-3.3177945449939004,-3.2396505042919883
calibration,527,1367897570274288222,-1.8,1.0060692139373963e-09,2527.3807724384133,522.7157534573084,43.167246359099664,298.50956140834,0.0005237048744471725,-3.280913383830694,-3.2883549,0.01961148000197284,0.003322563890038983,0.019327978172692776,-3.326793374461093,-3.24991637285336,-3.326793374461093,-3.24991637285336
calibration,530,17492872546512810480,-3.0,9.162514515645111e-10,2366.748252214537,515.4599435910573,36.43861892729903,303.676124223718,0.000504745343546916,-3.296927678884982,-3.2838871,0.01958284220888588,0.0026345366457199144,0.01940481774934002,-3.322269518632859,-3.245504777174026,-3.322269518632859,-3.245504777174026
calibration,545,7538273554073210114,-1.6,9.220148370062531e-10,2472.3739758500788,504.5088858703008,41.28793476116813,303.0641722996054,0.0005017068344022908,-3.2995499828411234,-3.300784,0.01930599847353974,0.0024350827581054993,0.019151812888044465,-3.338623868031087,-3.2629443540148113,-3.338623868031087,-3.2629443540148113
calibration,547,7538273554073210114,-1.8,9.220148370062531e-10,2472.3739758500788,504.5088858703008,41.28793476116813,303.0641722996054,0.0005055869844684674,-3.296204114801386,-3.297544,0.019286831233426928,0.0023729708459712916,0.019140294940718464,-3.335346191750476,-3.259741813315442,-3.335346191750476,-3.259741813315442
calibration,563,2447368541047246097,-0.4,8.920412889937107e-10,2700.220283946353,481.8164609958477,41.48473029075561,294.1535226587993,0.0004623950711701282,-3.334986803858773,-3.3365748,0.019847485532122063,0.004383310169813172,0.019357408112403964,-3.3754758645048977,-3.2976737212189793,-3.3754758645048977,-3.2976737212189793
calibration,575,4747465828158748725,-2.8000000000000003,1.0789603531824067e-09,2367.1936347140645,478.9001778930339,37.12870103512795,297.3410066095633,0.0005265104082245715,-3.2785930391227134,-3.2772336,0.019873263472781025,0.00309572694927894,0.019630666199440764,-3.3161851970231058,-3.2382820042098044,-3.3161851970231058,-3.2382820042098044
calibration,582,16069905982438259650,-1.4,9.91880560193061e-10,2562.543459042286,488.1664551370801,40.47383155665718,295.6008889602198,0.000506532198890977,-3.2953929424928243,-3.2937074,0.01962891128999631,0.0023469007589291178,0.019488104180821388,-3.3321800368864496,-3.2552347046296637,-3.3321800368864496,-3.2552347046296637
calibration,584,3483175946691254694,-3.0,8.89459518994858e-10,2383.601346469497,502.4892009812192,38.55163090195673,309.2198732722366,0.0005234954844699015,-3.2810870600754205,-3.291483,0.01984124314590376,0.0035434935835371283,0.019522257210148507,-3.3303717619810103,-3.252594088849068,-3.3303717619810103,-3.252594088849068
calibration,586,17492872546512810480,-2.4000000000000004,9.162514515645111e-10,2366.748252214537,515.4599435910573,36.43861892729903,303.676124223718,0.0004975713820103259,-3.303144606195876,-3.2897494,0.01953714550439368,0.002557648998636501,0.019369008659634375,-3.328042189115003,-3.25145657873778,-3.328042189115003,-3.25145657873778
calibration,587,1367897570274288222,-1.2000000000000002,1.0060692139373963e-09,2527.3807724384133,522.7157534573084,43.167246359099664,298.50956140834,0.000510189252453887,-3.2922686943917205,-3.2999234,0.019532802915976737,0.003638678463543494,0.019190893475603345,-3.338207713667707,-3.2616391262370783,-3.338207713667707,-3.2616391262370783
calibration,597,10893922623691634355,-1.8,9.808684991835892e-10,2440.440905080504,475.02919518003887,43.13862383173334,296.64614602139693,0.000524611720755039,-3.2801620107293212,-3.285289,0.019713605982142984,0.0031672188591642236,0.0194575178424485,-3.32392771687356,-3.246650381423559,-3.32392771687356,-3.246650381423559
calibration,599,579736006479800074,-2.0,8.979123523428992e-10,2531.360993910196,491.918494232159,35.793021097389925,308.86985058095934,0.0005122703224182259,-3.290500803568008,-3.3051755,0.019647501684875068,0.003531245778039396,0.019327562464977154,-3.343684646133776,-3.266666439529066,-3.343684646133776,-3.266666439529066
calibration,603,3765765162242439701,-2.8000000000000003,1.066709170571727e-09,2302.646144768272,474.8978179470865,37.69553984942066,294.1521471075916,0.0005204175241162391,-3.2836480877852314,-3.2799404,0.019711995961055443,0.002852812140240587,0.019504467086474745,-3.3185758788286637,-3.2413048546613266,-3.3185758788286637,-3.2413048546613266
calibration,609,3765765162242439701,-1.8,1.066709170571727e-09,2302.646144768272,474.8978179470865,37.69553984942066,294.1521471075916,0.0005064447278085172,-3.295467945600065,-3.2913492,0.01957931072444828,0.002833002888985528,0.019373267294050117,-3.3297246216120815,-3.2529737235722447,-3.3297246216120815,-3.2529737235722447
calibration,611,7538273554073210114,-1.2000000000000002,9.220148370062531e-10,2472.3739758500788,504.5088858703008,41.28793476116813,303.0641722996054,0.0004924786934880558,-3.3076125540003383,-3.309052,0.019414070292730397,0.002724461367469605,0.01922195103966039,-3.347103568282785,-3.2710004127352814,-3.347103568282785,-3.2710004127352814
calibration,649,2056914843148536795,-2.4000000000000004,1.000072357945733e-09,2615.067429542859,502.8265147659643,41.97319841319997,303.92619603855775,0.0005222728605263914,-3.282102541327209,-3.2873588,0.019537409553268423,0.0029084939544884855,0.01931970599538093,-3.3256520835581465,-3.249065438109334,-3.3256520835581465,-3.249065438109334
calibration,650,3483175946691254694,-2.4000000000000004,8.89459518994858e-10,2383.601346469497,502.4892009812192,38.55163090195673,309.2198732722366,0.0005158779736284593,-3.287453014743151,-3.2970688,0.01972016658110777,0.0034692772309032065,0.019412602451806184,-3.335720360803781,-3.2584173078058383,-3.335720360803781,-3.2584173078058383
calibration,653,13370015301709921327,0.0,9.344027379399094e-10,2510.734791451186,511.4018674256231,36.36815079533651,301.4558439858307,0.000425737428557,-3.370858167297088,-3.3613706,0.020049840402854575,0.003830933803341256,0.019680448213959128,-3.400668250696675,-3.322072876317485,-3.400668250696675,-3.322072876317485
calibration,670,2447368541047246097,-1.8,8.920412889937107e-10,2700.220283946353,481.8164609958477,41.48473029075561,294.1535226587993,0.0005045037853072363,-3.2971355708901475,-3.297843,0.01981822485451007,0.0036057458139515685,0.019487448797973306,-3.336686700145992,-3.2589992587163126,-3.336686700145992,-3.2589992587163126
calibration,679,1367897570274288222,-3.0,1.0060692139373963e-09,2527.3807724384133,522.7157534573084,43.167246359099664,298.50956140834,0.0005414720095465176,-3.2664239885560793,-3.275887,0.019976780110358156,0.003294890890917435,0.019703183499122968,-3.3150415014979915,-3.2367325234653874,-3.3150415014979915,-3.2367325234653874
calibration,710,3744802582600429992,-2.4000000000000004,9.725086180844783e-10,2468.017331565751,490.28733545372194,44.50977871149023,303.263152322465,0.0005296192956010982,-3.2760362006445907,-3.2763984,0.020397757970700987,0.004029647169271694,0.019995760485113458,-3.3163780259564364,-3.2364188147112882,-3.3163780259564364,-3.2364188147112882
calibration,718,3744802582600429992,-3.0,9.725086180844783e-10,2468.017331565751,490.28733545372194,44.50977871149023,303.263152322465,0.0005372560229166456,-3.2698187071444718,-3.2722373,0.02059218460470722,0.004103533460812186,0.02017917424989768,-3.312597982698029,-3.2318766190475765,-3.312597982698029,-3.2318766190475765
calibration,737,10893922623691634355,-3.0,9.808684991835892e-10,2440.440905080504,475.02919518003887,43.13862383173334,296.64614602139693,0.0005421194373084478,-3.265905021119207,-3.2735507,0.020126602795984584,0.003229729383542035,0.019865773963415857,-3.3129988903052032,-3.2341026073449433,-3.3129988903052032,-3.2341026073449433
calibration,738,3744802582600429992,-0.6000000000000001,9.725086180844783e-10,2468.017331565751,490.28733545372194,44.50977871149023,303.263152322465,0.00048663202600640945,-3.3127993128729893,-3.3108234,0.019904664977423638,0.004929502376228909,0.01928459697371756,-3.349836583907508,-3.2718102971960077,-3.349836583907508,-3.2718102971960077
calibration,739,17492872546512810480,-0.4,9.162514515645111e-10,2366.748252214537,515.4599435910573,36.43861892729903,303.676124223718,0.00044954361285729145,-3.347228168436977,-3.3340707,0.01932395379702232,0.003350217254757024,0.01903132264716009,-3.3719456319677987,-3.296195733083471,-3.3719456319677987,-3.296195733083471
calibration,749,15230833052760599040,-1.4,8.595939611542648e-10,2643.7199291480506,484.396762738386,41.95641496228942,305.9180523366615,0.0005014355610110885,-3.299784869812897,-3.3043668,0.019606888259745884,0.0036150217155116395,0.019270747271713046,-3.3427963280002104,-3.2659373260220064,-3.3427963280002104,-3.2659373260220064
calibration,751,12935788499417564366,-0.6000000000000001,1.020786601528739e-09,2414.9946347184086,525.5036010755978,41.93453001893169,295.92616711681853,0.00048483572698060693,-3.31440538500753,-3.3128104,0.019482444056224315,0.0035093825312106086,0.01916376414634441,-3.35099601134019,-3.2746248306397905,-3.35099601134019,-3.2746248306397905
calibration,761,15230833052760599040,0.0,8.595939611542648e-10,2643.7199291480506,484.396762738386,41.95641496228942,305.9180523366615,0.0004401098938912,-3.3564388681694917,-3.3589385,0.02041578641541042,0.004807910239078773,0.019841580316005355,-3.3989533969558696,-3.3189235142074605,-3.3989533969558696,-3.3189235142074605
calibration,775,12112510911978131146,-2.6,9.85546704036472e-10,2573.0239327697072,479.3922741661716,39.9154735600532,295.8292447353602,0.0005137064692291827,-3.289284965066308,-3.2836738,0.019533665475634236,0.002341035150143623,0.01939287596971763,-3.3219597476073894,-3.2453877789429035,-3.3219597476073894,-3.2453877789429035
calibration,778,1367897570274288222,-0.6000000000000001,1.0060692139373963e-09,2527.3807724384133,522.7157534573084,43.167246359099664,298.50956140834,0.0004903872767704548,-3.3094608062303936,-3.3164227,0.019679186195747534,0.0039500858580694,0.01927867144614895,-3.3549939058256233,-3.2778514959382927,-3.3549939058256233,-3.2778514959382927
calibration,781,11643629726484600332,-1.2000000000000002,9.595802013951228e-10,2610.2949574222403,489.9218602044182,42.219532217947325,302.0841812978663,0.0004987888992759872,-3.3020832204638033,-3.3009195,0.01947407980033051,0.0031340902040614305,0.019220231336732573,-3.339088729184527,-3.262750336367231,-3.339088729184527,-3.262750336367231
calibration,793,14435728251762431223,-2.8000000000000003,8.599648780937921e-10,2637.8899539670565,501.9551856304757,39.90381821426863,300.9815905741297,0.0005141992190461798,-3.2888685872890204,-3.2898085,0.019501761601081215,0.0026687699052820525,0.01931829096423166,-3.328031964472128,-3.2515850589958895,-3.328031964472128,-3.2515850589958895
calibration,794,14435728251762431223,-1.2000000000000002,8.599648780937921e-10,2637.8899539670565,501.9551856304757,39.90381821426863,300.9815905741297,0.00048559939659399503,-3.313721861586961,-3.3147283,0.01939395789305568,0.003070837634640749,0.019149295622105243,-3.3527404175106725,-3.276716102569894,-3.3527404175106725,-3.276716102569894
calibration,800,3483175946691254694,-1.4,8.89459518994858e-10,2383.601346469497,502.4892009812192,38.55163090195673,309.2198732722366,0.0004979007927618386,-3.3028571822366555,-3.3114367,0.019775081976570515,0.0038299409118673793,0.019400653901699826,-3.3501958138112853,-3.272677492463129,-3.3501958138112853,-3.272677492463129
calibration,819,3744802582600429992,0.0,9.725086180844783e-10,2468.017331565751,490.28733545372194,44.50977871149023,303.263152322465,0.0004513728017942,-3.3454646135935824,-3.33926,0.020120071987149254,0.004944131699462311,0.019503149550294613,-3.378695442413172,-3.299824760223547,-3.378695442413172,-3.299824760223547
calibration,824,15230833052760599040,-1.8,8.595939611542648e-10,2643.7199291480506,484.396762738386,41.95641496228942,305.9180523366615,0.0005100654529245043,-3.2923740905294765,-3.2975886,0.019623943108860748,0.0033983377925096946,0.01932745413723367,-3.336051515300618,-3.259125658313884,-3.336051515300618,-3.259125658313884
calibration,832,2447368541047246097,-2.2,8.920412889937107e-10,2700.220283946353,481.8164609958477,41.48473029075561,294.1535226587993,0.0005113739312213256,-3.2912614151741675,-3.2918155,0.019763206547691013,0.0034226705733657334,0.019464574040839733,-3.33055140416636,-3.2530796344994113,-3.33055140416636,-3.2530796344994113
calibration,836,3744802582600429992,-0.4,9.725086180844783e-10,2468.017331565751,490.28733545372194,44.50977871149023,303.263152322465,0.0004775027276268321,-3.3210241432636933,-3.3187945,0.019965484234906294,0.005097565422712963,0.019303765567927164,-3.357926838007277,-3.279662139806444,-3.357926838007277,-3.279662139806444
calibration,843,579736006479800074,-1.0,8.979123523428992e-10,2531.360993910196,491.918494232159,35.793021097389925,308.86985058095934,0.000489643670635575,-3.3101198550163873,-3.3240087,0.01972474884465717,0.004241521001938722,0.019263313280316413,-3.3626692109673395,-3.2853481954962835,-3.3626692109673395,-3.2853481954962835
calibration,844,13370015301709921327,-2.0,9.344027379399094e-10,2510.734791451186,511.4018674256231,36.36815079533651,301.4558439858307,0.000492916856284313,-3.3072263300171363,-3.300931,0.019172573900083298,0.0022945764276808465,0.019034771531693282,-3.338509221711839,-3.2633527320235127,-3.338509221711839,-3.2633527320235127
calibration,853,12112510911978131146,-0.6000000000000001,9.85546704036472e-10,2573.0239327697072,479.3922741661716,39.9154735600532,295.8292447353602,0.00046982262846205285,-3.328066069764593,-3.3229146,0.019432244979893536,0.0029229438598967414,0.019211156180022147,-3.3610018005329056,-3.2848274002117233,-3.3610018005329056,-3.2848274002117233
calibration,858,3765765162242439701,-3.0,1.066709170571727e-09,2302.646144768272,474.8978179470865,37.69553984942066,294.1521471075916,0.0005226214330192591,-3.2818127835655937,-3.2786887,0.019770086713499082,0.002933165598067112,0.019551289045402393,-3.31743803916317,-3.2399392992462537,-3.31743803916317,-3.2399392992462537
calibration,862,12935788499417564366,-1.8,1.020786601528739e-09,2414.9946347184086,525.5036010755978,41.93453001893169,295.92616711681853,0.0005167770402709133,-3.286696789721081,-3.2854636,0.019550674285458116,0.0029766632493665756,0.019322740526295294,-3.3237828931479596,-3.2471442499489642,-3.3237828931479596,-3.2471442499489642
calibration,868,11643629726484600332,-1.4,9.595802013951228e-10,2610.2949574222403,489.9218602044182,42.219532217947325,302.0841812978663,0.0005038157749109706,-3.2977282384863154,-3.296616,0.01944925920610459,0.002962789512143979,0.019222267898310084,-3.3347366254670607,-3.2584955293791307,-3.3347366254670607,-3.2584955293791307
calibration,872,3744802582600429992,-0.8,9.725086180844783e-10,2468.017331565751,490.28733545372194,44.50977871149023,303.263152322465,0.0004942624543831807,-3.3060423785610897,-3.3045528,0.019941694108340274,0.004817240643034784,0.01935110750002354,-3.3436385139551548,-3.2654670730504605,-3.3436385139551548,-3.2654670730504605
calibration,875,4747465828158748725,-0.8,1.0789603531824067e-09,2367.1936347140645,478.9001778930339,37.12870103512795,297.3410066095633,0.00048826924273014734,-3.311340632122356,-3.3092303,0.01962993498717224,0.0033698249148519425,0.019338526586714592,-3.3477050001810587,-3.2707556550313437,-3.3477050001810587,-3.2707556550313437
calibration,884,3765765162242439701,-0.6000000000000001,1.066709170571727e-09,2302.646144768272,474.8978179470865,37.69553984942066,294.1521471075916,0.0004762071912967553,-3.3222040505167816,-3.3199315,0.019573025007132587,0.0035710978622464033,0.019244494043079544,-3.3582946361245756,-3.281568378096616,-3.3582946361245756,-3.281568378096616
calibration,896,13370015301709921327,-1.4,9.344027379399094e-10,2510.734791451186,511.4018674256231,36.36815079533651,301.4558439858307,0.0004815199357237709,-3.317385727655549,-3.3113286,0.0191490518846824,0.0025023165413613404,0.01898485139930197,-3.3488607912148516,-3.2737965078268965,-3.3488607912148516,-3.2737965078268965
calibration,924,1367897570274288222,-1.6,1.0060692139373963e-09,2527.3807724384133,522.7157534573084,43.167246359099664,298.50956140834,0.0005196812684560866,-3.284262936732591,-3.2916157,0.01950709538835104,0.0034116719221600586,0.019206437152696595,-3.3298496315247665,-3.2533818176024307,-3.3298496315247665,-3.2533818176024307
calibration,928,15230833052760599040,-3.0,8.595939611542648e-10,2643.7199291480506,484.396762738386,41.95641496228942,305.9180523366615,0.0005282972842877853,-3.2771216217981274,-3.2833838,0.019757286436509577,0.0033884762440864104,0.019464548313000655,-3.3221081276985176,-3.2446595648674004,-3.3221081276985176,-3.2446595648674004
calibration,944,12935788499417564366,-3.0,1.020786601528739e-09,2414.9946347184086,525.5036010755978,41.93453001893169,295.92616711681853,0.0005336555835779136,-3.2727389422399686,-3.273623,0.019974621680069225,0.0031348610236611634,0.019727091432110027,-3.3127732481474768,-3.2344727311616053,-3.3127732481474768,-3.2344727311616053
calibration,972,15230833052760599040,-2.6,8.595939611542648e-10,2643.7199291480506,484.396762738386,41.95641496228942,305.9180523366615,0.0005231381003164754,-3.2813836490135952,-3.2870078,0.01969785377414352,0.003332035120061524,0.019413989046922785,-3.325615602082624,-3.2484000152879813,-3.325615602082624,-3.2484000152879813
calibration,977,7538273554073210114,-0.6000000000000001,9.220148370062531e-10,2472.3739758500788,504.5088858703008,41.28793476116813,303.0641722996054,0.00047326104422211116,-3.3248992423641583,-3.3260562,0.019347850897235033,0.003089449018019807,0.019099597561588078,-3.363978029747716,-3.2881344542305553,-3.363978029747716,-3.2881344542305553
calibration,979,7538273554073210114,0.0,9.220148370062531e-10,2472.3739758500788,504.5088858703008,41.28793476116813,303.0641722996054,0.0004388864733199,-3.3576478041016053,-3.356842,0.01994119444662345,0.003971465692342887,0.019541715581071938,-3.395926782131007,-3.317757299900243,-3.395926782131007,-3.317757299900243
calibration,999,13370015301709921327,-3.0,9.344027379399094e-10,2510.734791451186,511.4018674256231,36.36815079533651,301.4558439858307,0.0005062695509772205,-3.29561819198948,-3.2897813,0.01939046703152189,0.0023784298871945206,0.019244045837040875,-3.327786647397774,-3.2517760166342082,-3.327786647397774,-3.2517760166342082
calibration,1000,15230833052760599040,-2.0,8.595939611542648e-10,2643.7199291480506,484.396762738386,41.95641496228942,305.9180523366615,0.0005137688543110626,-3.2892322270662295,-3.2946913,0.019599002000020203,0.0033489606529326023,0.019310756769672303,-3.3331053681540483,-3.2562772803139692,-3.3331053681540483,-3.2562772803139692
calibration,1001,4747465828158748725,-2.0,1.0789603531824067e-09,2367.1936347140645,478.9001778930339,37.12870103512795,297.3410066095633,0.0005155915819334136,-3.287694181989138,-3.285498,0.019571232182977915,0.002877297934034298,0.019358571281549632,-3.3238575189024893,-3.247138288745216,-3.3238575189024893,-3.247138288745216
calibration,1005,11854955608364436255,-1.0,9.431291378149591e-10,2617.847164727645,540.4486468445567,38.69622270488729,301.9657628923453,0.0004789631723949206,-3.31969787831935,-3.3147447,0.019555490807752804,0.004071923425263368,0.019126858238235987,-3.353073472905437,-3.2764159489390456,-3.353073472905437,-3.2764159489390456
calibration,1013,16069905982438259650,-0.8,9.91880560193061e-10,2562.543459042286,488.1664551370801,40.47383155665718,295.6008889602198,0.000489556306494484,-3.31019735045221,-3.3085136,0.019473792731810276,0.0026643315145169675,0.019290670097836665,-3.34668227511177,-3.2703450076030736,-3.34668227511177,-3.2703450076030736
calibration,1027,14435728251762431223,-0.8,8.599648780937921e-10,2637.8899539670565,501.9551856304757,39.90381821426863,300.9815905741297,0.00047358080904590636,-3.3246059048795904,-3.3256803,0.019618885557336808,0.003266785257870345,0.019344993753000625,-3.364133271582273,-3.2872272401975122,-3.364133271582273,-3.2872272401975122
calibration,1042,11854955608364436255,-0.6000000000000001,9.431291378149591e-10,2617.847164727645,540.4486468445567,38.69622270488729,301.9657628923453,0.0004652336815274731,-3.3323288511834646,-3.3272638,0.019760289823197687,0.004402906320085344,0.019263525873513,-3.3659940001457525,-3.288533664038818,-3.3659940001457525,-3.288533664038818
calibration,1058,11854955608364436255,-3.0,9.431291378149591e-10,2617.847164727645,540.4486468445567,38.69622270488729,301.9657628923453,0.0005152134988151529,-3.2880127667970545,-3.2847843,0.019793188958893974,0.003538340229665045,0.0194743546819796,-3.323578967376034,-3.2459896666571693,-3.323578967376034,-3.2459896666571693
calibration,1062,15230833052760599040,-2.4000000000000004,8.595939611542648e-10,2643.7199291480506,484.396762738386,41.95641496228942,305.9180523366615,0.0005202618593107273,-3.2837780113095008,-3.2894318,0.01970055113495629,0.003330447780095276,0.01941699784999807,-3.3280448906035427,-3.250818730154514,-3.3280448906035427,-3.250818730154514
calibration,1070,12112510911978131146,-2.8000000000000003,9.85546704036472e-10,2573.0239327697072,479.3922741661716,39.9154735600532,295.8292447353602,0.0005162242619916607,-3.2871615879334053,-3.281563,0.01956006359262465,0.0023862508117499133,0.01941396061089012,-3.3199007682359047,-3.243225318952816,-3.3199007682359047,-3.243225318952816
calibration,1072,10893922623691634355,-0.8,9.808684991835892e-10,2440.440905080504,475.02919518003887,43.13862383173334,296.64614602139693,0.0004992649300527579,-3.301668939091057,-3.3069108,0.019555435289784266,0.0035440639968114147,0.01923160574979846,-3.345239406418099,-3.268582100082145,-3.345239406418099,-3.268582100082145
calibration,1089,1367897570274288222,-0.4,1.0060692139373963e-09,2527.3807724384133,522.7157534573084,43.167246359099664,298.50956140834,0.00048126613461076703,-3.317614697369233,-3.3244631,0.01961015975759912,0.0040984227609891,0.01917710335385775,-3.3628990421684732,-3.286027215918685,-3.3628990421684732,-3.286027215918685
calibration,1090,13370015301709921327,-1.2000000000000002,9.344027379399094e-10,2510.734791451186,511.4018674256231,36.36815079533651,301.4558439858307,0.000476809067655303,-3.3216554940496654,-3.316095,0.01913493542560956,0.0025587632510354996,0.01896308158515194,-3.353599587188467,-3.2785906403200777,-3.353599587188467,-3.2785906403200777
calibration,1103,15230833052760599040,-0.4,8.595939611542648e-10,2643.7199291480506,484.396762738386,41.95641496228942,305.9180523366615,0.00046701974068370463,-3.330664761642013,-3.3353424,0.019918914137982247,0.004333882251606321,0.01944172365744844,-3.3743834789370077,-3.2963013355161173,-3.3743834789370077,-3.2963013355161173
calibration,1110,2056914843148536795,-1.8,1.000072357945733e-09,2615.067429542859,502.8265147659643,41.97319841319997,303.92619603855775,0.0005123460242965606,-3.2904366294833456,-3.2955782,0.019566496906490843,0.003046808171466467,0.01932782380565831,-3.3339285752849888,-3.2572279074115444,-3.3339285752849888,-3.2572279074115444
calibration,1126,3483175946691254694,-2.0,8.89459518994858e-10,2383.601346469497,502.4892009812192,38.55163090195673,309.2198732722366,0.0005096775877198429,-3.2927044634165976,-3.3020697,0.019748501056512973,0.003514029114357703,0.019433344506489904,-3.3407767260722303,-3.2633626019306994,-3.3407767260722303,-3.2633626019306994
calibration,1134,16069905982438259650,-2.2,9.91880560193061e-10,2562.543459042286,488.1664551370801,40.47383155665718,295.6008889602198,0.0005217455162071428,-3.282541274499908,-3.2819333,0.01960813538289275,0.0023492081398653404,0.01946689902503427,-3.320365252998175,-3.243501362297235,-3.320365252998175,-3.243501362297235
calibration,1135,2056914843148536795,-1.2000000000000002,1.000072357945733e-09,2615.067429542859,502.8265147659643,41.97319841319997,303.92619603855775,0.0004989332947206075,-3.3019575138379995,-3.3073068,0.019530427830200838,0.0032940615066313805,0.019250629455651154,-3.3455864050572033,-3.2690271279628162,-3.3455864050572033,-3.2690271279628162
calibration,1140,15230833052760599040,-0.2,8.595939611542648e-10,2643.7199291480506,484.396762738386,41.95641496228942,305.9180523366615,0.00045556985756452955,-3.341445018408684,-3.3467522,0.020087663034492238,0.004678927780153596,0.019535142795236007,-3.386123986295652,-3.307380347200442,-3.386123986295652,-3.307380347200442
calibration,1145,10893922623691634355,0.0,9.808684991835892e-10,2440.440905080504,475.02919518003887,43.13862383173334,296.64614602139693,0.0004565372525907,-3.3405237790618005,-3.3416033,0.019700951947607185,0.003990875315781748,0.019292496774411173,-3.3802171449310796,-3.3029894132964595,-3.3802171449310796,-3.3029894132964595
calibration,1174,579736006479800074,-0.4,8.979123523428992e-10,2531.360993910196,491.918494232159,35.793021097389925,308.86985058095934,0.000466779152945886,-3.3308885484337365,-3.3443668,0.020020957518247985,0.004670276455739554,0.01946862279025247,-3.383607865599902,-3.3051257121283695,-3.383607865599902,-3.3051257121283695
calibration,1192,2056914843148536795,-2.2,1.000072357945733e-09,2615.067429542859,502.8265147659643,41.97319841319997,303.92619603855775,0.0005192475050192774,-3.2846255815698755,-3.289925,0.019530472515395025,0.002887631046665939,0.019315821091680212,-3.328204824549364,-3.251645372289015,-3.328204824549364,-3.251645372289015
calibration,1201,16069905982438259650,-1.0,9.91880560193061e-10,2562.543459042286,488.1664551370801,40.47383155665718,295.6008889602198,0.0004959998079975398,-3.3045184916259824,-3.3030405,0.01942065797363106,0.0025802043581888956,0.019248494045007714,-3.3411049940838833,-3.2649760148272495,-3.3411049940838833,-3.2649760148272495
calibration,1212,11854955608364436255,-2.2,9.431291378149591e-10,2617.847164727645,540.4486468445567,38.69622270488729,301.9657628923453,0.0005045425192393613,-3.297102228648237,-3.2929733,0.019740018994198125,0.003338409869241397,0.019455677624906055,-3.3316637171816312,-3.2542828427243746,-3.3316637171816312,-3.2542828427243746
calibration,1228,15230833052760599040,-1.6,8.595939611542648e-10,2643.7199291480506,484.396762738386,41.95641496228942,305.9180523366615,0.0005059793461518923,-3.295867210502757,-3.300757,0.019621326993855593,0.003456114055973029,0.019314546886597474,-3.3392147322128887,-3.2622991303969746,-3.3392147322128887,-3.2622991303969746
calibration,1231,16069905982438259650,0.0,9.91880560193061e-10,2562.543459042286,488.1664551370801,40.47383155665718,295.6008889602198,0.0004470974175332,-3.3495978386408476,-3.3478045,0.019827094188507872,0.00391559870535847,0.01943660787976238,-3.3866656509656767,-3.3089434417467256,-3.3866656509656767,-3.3089434417467256
calibration,1246,12112510911978131146,-2.0,9.85546704036472e-10,2573.0239327697072,479.3922741661716,39.9154735600532,295.8292447353602,0.0005048778467756164,-3.2968136850267964,-3.291185,0.01941282587777712,0.0022899503252477547,0.01927729026741952,-3.3292340409116052,-3.253135763470719,-3.3292340409116052,-3.253135763470719
calibration,1247,12935788499417564366,-0.8,1.020786601528739e-09,2414.9946347184086,525.5036010755978,41.93453001893169,295.92616711681853,0.0004921569668670573,-3.3078963627364613,-3.3064525,0.01954508457389431,0.0033758262718409913,0.019251340356467774,-3.3447608785059217,-3.268144146976256,-3.3447608785059217,-3.268144146976256
calibration,1248,17492872546512810480,-0.6000000000000001,9.162514515645111e-10,2366.748252214537,515.4599435910573,36.43861892729903,303.676124223718,0.00045786823585010816,-3.3392594841716177,-3.3259056,0.01934989287519972,0.003066214409663344,0.01910540934502603,-3.363831351482535,-3.2879797714117522,-3.363831351482535,-3.2879797714117522
calibration,1259,7538273554073210114,-0.2,9.220148370062531e-10,2472.3739758500788,504.5088858703008,41.28793476116813,303.0641722996054,0.00045352307038033676,-3.3434006158055767,-3.345304,0.019633255232510045,0.003904795721139464,0.019241031617578418,-3.3837851925543037,-3.3068228320428643,-3.3837851925543037,-3.3068228320428643
calibration,1267,2056914843148536795,-0.6000000000000001,1.000072357945733e-09,2615.067429542859,502.8265147659643,41.97319841319997,303.92619603855775,0.0004792118570205213,-3.3194724448447923,-3.3248928,0.01953358287572983,0.0037096612330344,0.01917809319861384,-3.3631785817595508,-3.2866069368866895,-3.3631785817595508,-3.2866069368866895
calibration,1274,16069905982438259650,-1.2000000000000002,9.91880560193061e-10,2562.543459042286,488.1664551370801,40.47383155665718,295.6008889602198,0.0005016039325904195,-3.2996390672817584,-3.2979345,0.0194287419314886,0.002381386049756957,0.01928224626168394,-3.336014866351245,-3.2598541979798097,-3.336014866351245,-3.2598541979798097
calibration,1277,14435728251762431223,-0.4,8.599648780937921e-10,2637.8899539670565,501.9551856304757,39.90381821426863,300.9815905741297,0.0004571372495486593,-3.3399533890490622,-3.340619,0.01960678399429278,0.003698819657056778,0.019254732368935636,-3.379048383848052,-3.3021897905904245,-3.379048383848052,-3.3021897905904245
calibration,1283,14435728251762431223,-2.6,8.599648780937921e-10,2637.8899539670565,501.9551856304757,39.90381821426863,300.9815905741297,0.0005116195972570457,-3.2910528285061487,-3.291982,0.01943856861191945,0.0026474635307596156,0.019257436500232372,-3.3300815299804607,-3.2538823410217366,-3.3300815299804607,-3.2538823410217366
calibration,1296,2447368541047246097,-0.2,8.920412889937107e-10,2700.220283946353,481.8164609958477,41.48473029075561,294.1535226587993,0.0004513309683671034,-3.345504866059919,-3.3478022,0.020043612911701,0.0045723170314031876,0.019515130598724013,-3.387087643477344,-3.3085166808634763,-3.387087643477344,-3.3085166808634763
calibration,1304,12935788499417564366,-1.2000000000000002,1.020786601528739e-09,2414.9946347184086,525.5036010755978,41.93453001893169,295.92616711681853,0.000503846325622422,-3.297701904251062,-3.2963145,0.019471165784030773,0.0032226220679968474,0.019202630786609904,-3.3344779628572327,-3.2581509929838317,-3.3344779628572327,-3.2581509929838317
calibration,1315,11854955608364436255,-1.8,9.431291378149591e-10,2617.847164727645,540.4486468445567,38.69622270488729,301.9657628923453,0.0004977345152059849,-3.3030022422301393,-3.2984984,0.01962539334652665,0.003476668906775041,0.019314989676248968,-3.3369641630642946,-3.2600326211459105,-3.3369641630642946,-3.2600326211459105
calibration,1330,16069905982438259650,-0.2,9.91880560193061e-10,2562.543459042286,488.1664551370801,40.47383155665718,295.6008889602198,0.0004618999524672485,-3.3354520824454057,-3.3342662,0.019507136011254846,0.003542632039452227,0.019182756707970854,-3.3725001723425576,-3.2960321991784385,-3.3725001723425576,-3.2960321991784385
calibration,1343,16069905982438259650,-0.6000000000000001,9.91880560193061e-10,2562.543459042286,488.1664551370801,40.47383155665718,295.6008889602198,0.00048203094786505304,-3.3169250778284747,-3.3149183,0.019501224024654172,0.0028596936601454487,0.019290408757155507,-3.3531406787361493,-3.276695880559505,-3.3531406787361493,-3.276695880559505
calibration,1369,10893922623691634355,-1.4,9.808684991835892e-10,2440.440905080504,475.02919518003887,43.13862383173334,296.64614602139693,0.0005162698655818295,-3.287123223768323,-3.2922423,0.019519310695525725,0.00329858080467988,0.019238576640091695,-3.330500137552708,-3.253984439626247,-3.330500137552708,-3.253984439626247
calibration,1373,3765765162242439701,-0.2,1.066709170571727e-09,2302.646144768272,474.8978179470865,37.69553984942066,294.1521471075916,0.00045767336709170954,-3.3394443592826426,-3.3390722,0.019616825976113805,0.00422891571488749,0.019155577277130558,-3.3775212063912106,-3.300623248564844,-3.3775212063912106,-3.300623248564844
calibration,1376,4747465828158748725,-2.2,1.0789603531824067e-09,2367.1936347140645,478.9001778930339,37.12870103512795,297.3410066095633,0.0005186649227231721,-3.2851131223223735,-3.2832882,0.019609061585099546,0.0028727061918073426,0.01939749614797725,-3.3217220011395345,-3.244854479725944,-3.3217220011395345,-3.244854479725944
calibration,1386,7538273554073210114,-0.8,9.220148370062531e-10,2472.3739758500788,504.5088858703008,41.28793476116813,303.0641722996054,0.0004806472753304703,-3.3181735152520324,-3.3197753,0.019381665402363763,0.002843735967957566,0.019171910392654454,-3.357763407129917,-3.281787278752651,-3.357763407129917,-3.281787278752651
calibration,1387,3765765162242439701,-1.2000000000000002,1.066709170571727e-09,2302.646144768272,474.8978179470865,37.69553984942066,294.1521471075916,0.0004941651999982986,-3.306127841655216,-3.3030627,0.019543645169002758,0.0031588820237304855,0.01928666738771491,-3.341368221914668,-3.2647571328521776,-3.341368221914668,-3.2647571328521776
calibration,1394,4747465828158748725,-0.2,1.0789603531824067e-09,2367.1936347140645,478.9001778930339,37.12870103512795,297.3410066095633,0.0004623378818230582,-3.3350405210271887,-3.335149,0.019726162521709646,0.004325742437256045,0.019246022818359472,-3.373812328301462,-3.29648577121636,-3.373812328301462,-3.29648577121636
calibration,1402,12935788499417564366,-2.6,1.020786601528739e-09,2414.9946347184086,525.5036010755978,41.93453001893169,295.92616711681853,0.0005289258238121956,-3.276605228849129,-3.2763484,0.01980896689473251,0.0029878372561070164,0.019582338484878677,-3.315173927545927,-3.237522777318575,-3.315173927545927,-3.237522777318575
calibration,1406,1367897570274288222,-0.2,1.0060692139373963e-09,2527.3807724384133,522.7157534573084,43.167246359099664,298.50956140834,0.00047003796840871,-3.327867059501764,-3.3349104,0.019791073859702437,0.004213033513595849,0.01933744872566692,-3.3737008975262475,-3.2961198879962135,-3.3737008975262475,-3.2961198879962135
calibration,1407,4747465828158748725,0.0,1.0789603531824067e-09,2367.1936347140645,478.9001778930339,37.12870103512795,297.3410066095633,0.0004484997485832,-3.3482377960735334,-3.3463893,0.019824404952275866,0.0040939867398934035,0.01939706960748728,-3.385245127377115,-3.3075334599641937,-3.385245127377115,-3.3075334599641937
calibration,1410,14435728251762431223,-1.4,8.599648780937921e-10,2637.8899539670565,501.9551856304757,39.90381821426863,300.9815905741297,0.000490562440672186,-3.3093057060954805,-3.3099723,0.01936459972047455,0.002952554910054069,0.0191381852579141,-3.3479269016764954,-3.272017670772235,-3.3479269016764954,-3.272017670772235
calibration,1423,3483175946691254694,-0.6000000000000001,8.89459518994858e-10,2383.601346469497,502.4892009812192,38.55163090195673,309.2198732722366,0.00047372532057368943,-3.3244734016525723,-3.3323557,0.019999615598684718,0.004550849857886516,0.019474968087827085,-3.3715549842595793,-3.293156491112735,-3.3715549842595793,-3.293156491112735
calibration,1437,15230833052760599040,-2.2,8.595939611542648e-10,2643.7199291480506,484.396762738386,41.95641496228942,305.9180523366615,0.0005171513308348584,-3.2863823533670873,-3.2920089,0.019668025729975027,0.003328901740081231,0.019384263914110602,-3.330558207231288,-3.253459546369786,-3.330558207231288,-3.253459546369786
calibration,1454,17492872546512810480,-0.2,9.162514515645111e-10,2366.748252214537,515.4599435910573,36.43861892729903,303.676124223718,0.00043940948537515286,-3.3571305723549147,-3.3452718,0.019726594478586792,0.003944795401896969,0.019328143372501588,-3.3839359509684352,-3.3066077006123753,-3.3839359509684352,-3.3066077006123753
calibration,1470,7538273554073210114,-3.0,9.220148370062531e-10,2472.3739758500788,504.5088858703008,41.28793476116813,303.0641722996054,0.0005226801881670566,-3.2817639612238283,-3.2832642,0.019453329621066027,0.0025373854479072027,0.019287137259302273,-3.3213926862135392,-3.2451356340989608,-3.3213926862135392,-3.2451356340989608
calibration,1478,3483175946691254694,-0.8,8.89459518994858e-10,2383.601346469497,502.4892009812192,38.55163090195673,309.2198732722366,0.0004811542737362243,-3.3177156523372537,-3.325828,0.01983868525706073,0.00436939750230776,0.019351532686416716,-3.3647118985127746,-3.2869442523050965,-3.3647118985127746,-3.2869442523050965
calibration,1486,12112510911978131146,-3.0,9.85546704036472e-10,2573.0239327697072,479.3922741661716,39.9154735600532,295.8292447353602,0.0005185671344759693,-3.285195011222714,-3.2801492,0.019576954596027492,0.0024630338548560244,0.019421395956383546,-3.318520052428502,-3.2417783904120743,-3.318520052428502,-3.2417783904120743
calibration,1487,4747465828158748725,-2.4000000000000004,1.0789603531824067e-09,2367.1936347140645,478.9001778930339,37.12870103512795,297.3410066095633,0.0005214858200436336,-3.282757496174227,-3.2811568,0.019743734635799648,0.0029191608519797386,0.019526739270535186,-3.3198544982217384,-3.242459058449404,-3.3198544982217384,-3.242459058449404
calibration,1489,11643629726484600332,-1.8,9.595802013951228e-10,2610.2949574222403,489.9218602044182,42.219532217947325,302.0841812978663,0.0005122948998531274,-3.2904799677166108,-3.2898588,0.019446706733648733,0.002926001410456595,0.01922531867838597,-3.327974363252151,-3.2517432728562476,-3.327974363252151,-3.2517432728562476
calibration,1508,3744802582600429992,-2.8000000000000003,9.725086180844783e-10,2468.017331565751,490.28733545372194,44.50977871149023,303.263152322465,0.0005348992614278208,-3.2717280017648136,-3.273151,0.020547070161836246,0.004076986731698679,0.02013852832644545,-3.313423178385119,-3.232878663350721,-3.313423178385119,-3.232878663350721
calibration,1516,14435728251762431223,0.0,8.599648780937921e-10,2637.8899539670565,501.9551856304757,39.90381821426863,300.9815905741297,0.0004314238624252,-3.365095837367498,-3.3620603,0.020314681424222616,0.004206900470693626,0.01987431154369924,-3.4018770840478973,-3.3222435328649444,-3.4018770840478973,-3.3222435328649444
calibration,1521,3744802582600429992,-0.2,9.725086180844783e-10,2468.017331565751,490.28733545372194,44.50977871149023,303.263152322465,0.00046632139706911984,-3.331314656568135,-3.3288841,0.019983466640324743,0.005157511964812172,0.019306449387771995,-3.3680517193708956,-3.289716530140823,-3.3680517193708956,-3.289716530140823
calibration,1536,16069905982438259650,-0.4,9.91880560193061e-10,2562.543459042286,488.1664551370801,40.47383155665718,295.6008889602198,0.0004730357393533385,-3.3251060456943633,-3.323121,0.0193986417138646,0.003051278044982002,0.0191571656326694,-3.361142408620991,-3.285099733102642,-3.361142408620991,-3.285099733102642
calibration,1547,579736006479800074,0.0,8.979123523428992e-10,2531.360993910196,491.918494232159,35.793021097389925,308.86985058095934,0.0004407821655303,-3.3557759857725817,-3.3670397,0.02088915292659922,0.005461962010012777,0.02016243219714213,-3.4079824202170914,-3.3260969407448226,-3.4079824202170914,-3.3260969407448226
calibration,1564,12935788499417564366,-1.4,1.020786601528739e-09,2414.9946347184086,525.5036010755978,41.93453001893169,295.92616711681853,0.0005086530834669217,-3.2935783184549177,-3.2920957,0.019477773776383336,0.0030956189600596542,0.01923020561371392,-3.3302720977650413,-3.253919224561619,-3.3302720977650413,-3.253919224561619
calibration,1580,3483175946691254694,-1.0,8.89459518994858e-10,2383.601346469497,502.4892009812192,38.55163090195673,309.2198732722366,0.0004875040212646889,-3.3120217975944457,-3.3203828,0.019725687233735106,0.004239050113814677,0.019264817681854056,-3.359045180458956,-3.281720486502714,-3.359045180458956,-3.281720486502714
calibration,1584,12112510911978131146,-1.0,9.85546704036472e-10,2573.0239327697072,479.3922741661716,39.9154735600532,295.8292447353602,0.00048318215173024124,-3.315889116498329,-3.311014,0.019378131209732575,0.0025591410440409025,0.019208403301240844,-3.3489950741675356,-3.2730327998253843,-3.3489950741675356,-3.2730327998253843
calibration,1586,1367897570274288222,-2.8000000000000003,1.0060692139373963e-09,2527.3807724384133,522.7157534573084,43.167246359099664,298.50956140834,0.0005390725111627964,-3.2683528135148787,-3.2769878,0.019954027221936,0.0032528692051229493,0.019687103599699465,-3.316097684416396,-3.2378778977064067,-3.316097684416396,-3.2378778977064067
calibration,1592,15230833052760599040,-1.2000000000000002,8.595939611542648e-10,2643.7199291480506,484.396762738386,41.95641496228942,305.9180523366615,0.0004963412849109145,-3.3042195993477335,-3.3087142,0.019624029771055533,0.003865759818774774,0.01923950284229849,-3.3471772497337153,-3.2702510530311772,-3.3471772497337153,-3.2702510530311772
calibration,1634,13370015301709921327,-1.6,9.344027379399094e-10,2510.734791451186,511.4018674256231,36.36815079533651,301.4558439858307,0.0004857253104203228,-3.313609265500645,-3.3073263,0.019160108085001803,0.0023822443778619734,0.01901143367345631,-3.3448801286800998,-3.2697725049868924,-3.3448801286800998,-3.2697725049868924
calibration,1646,11854955608364436255,-2.6,9.431291378149591e-10,2617.847164727645,540.4486468445567,38.69622270488729,301.9657628923453,0.0005102810647172835,-3.2921905469751795,-3.2882524,0.019744181487741524,0.0034417816184616145,0.01944188344087008,-3.3269509493841865,-3.2495537579522393,-3.3269509493841865,-3.2495537579522393
calibration,1647,14435728251762431223,-1.0,8.599648780937921e-10,2637.8899539670565,501.9551856304757,39.90381821426863,300.9815905741297,0.00047999076617564286,-3.3187671172859505,-3.320045,0.019505734521073514,0.0031656836519245272,0.019247133177730188,-3.3582762340155523,-3.281813754692944,-3.3582762340155523,-3.281813754692944
calibration,1648,3483175946691254694,0.0,8.89459518994858e-10,2383.601346469497,502.4892009812192,38.55163090195673,309.2198732722366,0.0004391055663899,-3.3574310574592765,-3.36392,0.02084600869456287,0.005534651279987764,0.020097852612863763,-3.4047781504147565,-3.3230617963320697,-3.4047781504147565,-3.3230617963320697
calibration,1657,4747465828158748725,-1.8,1.0789603531824067e-09,2367.1936347140645,478.9001778930339,37.12870103512795,297.3410066095633,0.0005122148542740105,-3.2905478311083294,-3.2880049,0.019626518600962095,0.002955314897843539,0.0194027405648587,-3.3264728516409914,-3.2495368987252196,-3.3264728516409914,-3.2495368987252196
calibration,1659,12112510911978131146,-1.8,9.85546704036472e-10,2573.0239327697072,479.3922741661716,39.9154735600532,295.8292447353602,0.000501397601066288,-3.299817748252086,-3.294059,0.019389030334823924,0.002333729628680278,0.01924807021271133,-3.332061537618486,-3.2560565387059768,-3.332061537618486,-3.2560565387059768
calibration,1669,1367897570274288222,-2.4000000000000004,1.0060692139373963e-09,2527.3807724384133,522.7157534573084,43.167246359099664,298.50956140834,0.0005336925309617327,-3.272708875114349,-3.2808173,0.01991170357255655,0.0032282036549798935,0.0196482735200474,-3.3198442092811415,-3.24179033127672,-3.3198442092811415,-3.24179033127672
calibration,1671,13370015301709921327,-0.2,9.344027379399094e-10,2510.734791451186,511.4018674256231,36.36815079533651,301.4558439858307,0.00043950096057536524,-3.357040171393111,-3.3519511,0.01974269604355899,0.003954602786448511,0.019342572627933742,-3.390646806529311,-3.31325543803856,-3.390646806529311,-3.31325543803856
calibration,1681,12935788499417564366,0.0,1.020786601528739e-09,2414.9946347184086,525.5036010755978,41.93453001893169,295.92616711681853,0.0004509208507405,-3.345899682297825,-3.3433194,0.019836304754897654,0.003827819042191874,0.019463473160146568,-3.382198573365742,-3.3044402587265433,-3.382198573365742,-3.3044402587265433
calibration,1724,2447368541047246097,-1.6,8.920412889937107e-10,2700.220283946353,481.8164609958477,41.48473029075561,294.1535226587993,0.0005005212375942678,-3.3005774902639464,-3.3013113,0.019787035943064045,0.00364233892570068,0.019448911203228645,-3.3400938449497484,-3.262528664052937,-3.3400938449497484,-3.262528664052937
calibration,1727,16069905982438259650,-3.0,9.91880560193061e-10,2562.543459042286,488.1664551370801,40.47383155665718,295.6008889602198,0.0005324684483811279,-3.2737061214102434,-3.2743077,0.019808759717923098,0.0026042851077792335,0.01963681921527069,-3.31313289686085,-3.2354825587665914,-3.31313289686085,-3.2354825587665914
calibration,1739,12935788499417564366,-1.0,1.020786601528739e-09,2414.9946347184086,525.5036010755978,41.93453001893169,295.92616711681853,0.0004984030137698647,-3.302419340225964,-3.3012264,0.019526884158892095,0.0032481386679746546,0.019254839342582326,-3.339499070438611,-3.2629536845357543,-3.339499070438611,-3.2629536845357543
calibration,1746,7538273554073210114,-2.8000000000000003,9.220148370062531e-10,2472.3739758500788,504.5088858703008,41.28793476116813,303.0641722996054,0.0005203553157331736,-3.2837000045080575,-3.2847106,0.019421852287002977,0.0024947711755034367,0.019260957151895623,-3.322777476158185,-3.246643815193133,-3.322777476158185,-3.246643815193133
calibration,1756,2447368541047246097,-2.0,8.920412889937107e-10,2700.220283946353,481.8164609958477,41.48473029075561,294.1535226587993,0.0005081010305629638,-3.2940499242250034,-3.2946973,0.019805096886096524,0.0034829322814936437,0.019496437292488945,-3.3335152745952357,-3.255879294801737,-3.3335152745952357,-3.255879294801737
calibration,1762,579736006479800074,-0.2,8.979123523428992e-10,2531.360993910196,491.918494232159,35.793021097389925,308.86985058095934,0.0004556604739056481,-3.3413586424932022,-3.355178,0.020356750503404877,0.005106939496290566,0.019705746804353174,-3.3950773487387487,-3.3152788867654017,-3.3950773487387487,-3.3152788867654017
calibration,1766,2447368541047246097,-2.4000000000000004,8.920412889937107e-10,2700.220283946353,481.8164609958477,41.48473029075561,294.1535226587993,0.0005143720538901388,-3.288722634895261,-3.2891126,0.01970377117713137,0.0033997389441668287,0.019408254447002067,-3.327731959408789,-3.250493176394434,-3.327731959408789,-3.250493176394434
calibration,1773,579736006479800074,-2.6,8.979123523428992e-10,2531.360993910196,491.918494232159,35.793021097389925,308.86985058095934,0.0005213593905363203,-3.2828627996978716,-3.2977884,0.01955220847712522,0.0034048672472482312,0.01925345951794969,-3.3361107101917034,-3.259466052961373,-3.3361107101917034,-3.259466052961373
calibration,1775,10893922623691634355,-2.8000000000000003,9.808684991835892e-10,2440.440905080504,475.02919518003887,43.13862383173334,296.64614602139693,0.0005397485755313326,-3.267808495153432,-3.274545,0.020072419966887155,0.0031648129676862696,0.019821352818103186,-3.3138868974350255,-3.235203011164828,-3.3138868974350255,-3.235203011164828
calibration,1786,12112510911978131146,-2.2,9.85546704036472e-10,2573.0239327697072,479.3922741661716,39.9154735600532,295.8292447353602,0.000508062135669761,-3.294083170534379,-3.2885475,0.019438710792082772,0.0022970390219620306,0.01930251573658671,-3.326647389021623,-3.2504476427166584,-3.326647389021623,-3.2504476427166584
calibration,1792,12112510911978131146,-1.2000000000000002,9.85546704036472e-10,2573.0239327697072,479.3922741661716,39.9154735600532,295.8292447353602,0.0004885535696604464,-3.3110878091562945,-3.3058078,0.019248098648743994,0.002446788755623709,0.01909194962289806,-3.3435341022547367,-3.26808155555166,-3.3435341022547367,-3.26808155555166
calibration,1794,2447368541047246097,-1.2000000000000002,8.920412889937107e-10,2700.220283946353,481.8164609958477,41.48473029075561,294.1535226587993,0.0004911018158945723,-3.308828460021248,-3.310086,0.01972280706985521,0.0037648088560972397,0.019360148804314126,-3.348742713743513,-3.2714293100296805,-3.348742713743513,-3.2714293100296805
calibration,1795,13370015301709921327,-2.4000000000000004,9.344027379399094e-10,2510.734791451186,511.4018674256231,36.36815079533651,301.4558439858307,0.0004988924161591365,-3.301993097875355,-3.2957103,0.01929454687695662,0.0023471395877510816,0.019151252291971933,-3.333527637119924,-3.2578930133622537,-3.333527637119924,-3.2578930133622537
calibration,1799,11643629726484600332,-0.8,9.595802013951228e-10,2610.2949574222403,489.9218602044182,42.219532217947325,302.0841812978663,0.00048658113007458216,-3.3128447372946095,-3.3116071,0.019555664132142377,0.0033292270618358833,0.019270190737930893,-3.3499362241202637,-3.2732780207222656,-3.3499362241202637,-3.2732780207222656
calibration,1809,11643629726484600332,-0.6000000000000001,9.595802013951228e-10,2610.2949574222403,489.9218602044182,42.219532217947325,302.0841812978663,0.00047899776265413624,-3.3196665151224556,-3.3182492,0.01958163435454603,0.003495519288238162,0.019267115584112725,-3.3566292289513653,-3.279869222281545,-3.3566292289513653,-3.279869222281545
calibration,1813,12112510911978131146,-0.4,9.85546704036472e-10,2573.0239327697072,479.3922741661716,39.9154735600532,295.8292447353602,0.0004611441108275485,-3.336163333272395,-3.3311248,0.01935150831267443,0.0032134057466956935,0.01908284196786459,-3.3690537388550976,-3.293195826269414,-3.3690537388550976,-3.293195826269414
calibration,1816,11643629726484600332,-0.2,9.595802013951228e-10,2610.2949574222403,489.9218602044182,42.219532217947325,302.0841812978663,0.00045872502285225925,-3.3384475690237747,-3.3384082,0.019621545003439357,0.004169778245622432,0.01917336604670753,-3.3768664599419704,-3.2999500035284886,-3.3768664599419704,-3.2999500035284886
calibration,1818,579736006479800074,-0.8,8.979123523428992e-10,2531.360993910196,491.918494232159,35.793021097389925,308.86985058095934,0.0004832615626443591,-3.315817746130104,-3.3294916,0.019793360929186755,0.004321787797570459,0.01931577911467961,-3.368286602716616,-3.2906966278742042,-3.368286602716616,-3.2906966278742042
calibration,1825,16069905982438259650,-2.4000000000000004,9.91880560193061e-10,2562.543459042286,488.1664551370801,40.47383155665718,295.6008889602198,0.0005247485725328099,-3.280048734149977,-3.2795722,0.01966104671510103,0.0023767142465570827,0.01951686519671656,-3.3181079000204603,-3.2410365968972643,-3.3181079000204603,-3.2410365968972643
calibration,1826,3744802582600429992,-2.0,9.725086180844783e-10,2468.017331565751,490.28733545372194,44.50977871149023,303.263152322465,0.0005233839341657891,-3.281179612628946,-3.2807431,0.020217594038221303,0.004065728770957039,0.019804568788347035,-3.3203696064157437,-3.2411166377859164,-3.3203696064157437,-3.2411166377859164
calibration,1827,1367897570274288222,-1.0,1.0060692139373963e-09,2527.3807724384133,522.7157534573084,43.167246359099664,298.50956140834,0.0005045167618774131,-3.2971244003488978,-3.3047712,0.01960085034214341,0.0037020894622890217,0.019248060734033776,-3.3431888515918655,-3.266353518250664,-3.3431888515918655,-3.266353518250664
calibration,1848,1367897570274288222,-0.8,1.0060692139373963e-09,2527.3807724384133,522.7157534573084,43.167246359099664,298.50956140834,0.0004980114024204552,-3.3027607135623844,-3.3101356,0.019663679079267707,0.003822296696943546,0.019288606454323284,-3.3486764139464147,-3.271594791955685,-3.3486764139464147,-3.271594791955685
calibration,1876,2447368541047246097,-1.0,8.920412889937107e-10,2700.220283946353,481.8164609958477,41.48473029075561,294.1535226587993,0.00048546596099719857,-3.3138412157443096,-3.3153234,0.019743295908438537,0.0038564910262228694,0.01936298563709663,-3.35402021279426,-3.276626492833181,-3.35402021279426,-3.276626492833181
calibration,1879,3765765162242439701,-1.0,1.066709170571727e-09,2302.646144768272,474.8978179470865,37.69553984942066,294.1521471075916,0.0004890082946392229,-3.3106837742393815,-3.3080895,0.019611367611938973,0.003152669089117443,0.019356301815323627,-3.3465277752246005,-3.2696512141858,-3.3465277752246005,-3.2696512141858
calibration,1882,2056914843148536795,-2.8000000000000003,1.000072357945733e-09,2615.067429542859,502.8265147659643,41.97319841319997,303.92619603855775,0.0005276617263620999,-3.2776444059793333,-3.28271,0.01970965743589297,0.0029788281116152767,0.019483253806106864,-3.321341003952768,-3.2440791468040677,-3.321341003952768,-3.2440791468040677
calibration,1884,7538273554073210114,-2.4000000000000004,9.220148370062531e-10,2472.3739758500788,504.5088858703008,41.28793476116813,303.0641722996054,0.0005151661428559641,-3.2880526869021183,-3.289274,0.019444690483523125,0.0023950221429922844,0.01929662812372832,-3.3273855706273685,-3.2511623839319577,-3.3273855706273685,-3.2511623839319577
calibration,1887,10893922623691634355,-0.6000000000000001,9.808684991835892e-10,2440.440905080504,475.02919518003887,43.13862383173334,296.64614602139693,0.000491704835860803,-3.3082955204522944,-3.3130603,0.019598240997622224,0.0036225728362809153,0.01926053061140565,-3.351472836016228,-3.2746477313055493,-3.351472836016228,-3.2746477313055493
calibration,1899,7538273554073210114,-2.6,9.220148370062531e-10,2472.3739758500788,504.5088858703008,41.28793476116813,303.0641722996054,0.0005178574114008632,-3.2857898038964364,-3.2868595,0.019423355334443827,0.0024703348062426905,0.019265620661252637,-3.3249292887846114,-3.2487897358735918,-3.3249292887846114,-3.2487897358735918
calibration,1906,3483175946691254694,-0.4,8.89459518994858e-10,2383.601346469497,502.4892009812192,38.55163090195673,309.2198732722366,0.00046482784005463595,-3.332707868526463,-3.3406186,0.020094200613811536,0.004746751441825131,0.019525501626065873,-3.3800032435851506,-3.3012339771790096,-3.3800032435851506,-3.3012339771790096
calibration,1911,13370015301709921327,-1.0,9.344027379399094e-10,2510.734791451186,511.4018674256231,36.36815079533651,301.4558439858307,0.0004714926958481884,-3.326525030768429,-3.3213167,0.019219307842719364,0.0025653135250122373,0.019047334841743913,-3.3589865624269057,-3.283646875683446,-3.3589865624269057,-3.283646875683446
calibration,1929,12935788499417564366,-0.2,1.020786601528739e-09,2414.9946347184086,525.5036010755978,41.93453001893169,295.92616711681853,0.0004653006528121926,-3.3322663381554625,-3.3319242,0.019697174017553158,0.003948077055476157,0.019297444644094837,-3.3705306611323875,-3.2933177389835793,-3.3705306611323875,-3.2933177389835793
calibration,1934,16069905982438259650,-1.6,9.91880560193061e-10,2562.543459042286,488.1664551370801,40.47383155665718,295.6008889602198,0.0005109239272163294,-3.291643758279387,-3.2901776,0.019585141465241342,0.002328578813739683,0.019446220612899846,-3.328564460966331,-3.251790706422585,-3.328564460966331,-3.251790706422585
calibration,1943,10893922623691634355,-2.2,9.808684991835892e-10,2440.440905080504,475.02919518003887,43.13862383173334,296.64614602139693,0.0005314568133814555,-3.2745320208343016,-3.280292,0.019892740801059565,0.0030746074401140147,0.019653700739995977,-3.3192818061192466,-3.2413022621790932,-3.3192818061192466,-3.2413022621790932
calibration,1947,4747465828158748725,-0.4,1.0789603531824067e-09,2367.1936347140645,478.9001778930339,37.12870103512795,297.3410066095633,0.00047271272171087224,-3.3254027097459815,-3.3241224,0.019698173340986804,0.004019941680503867,0.019283622024026194,-3.3627308486423773,-3.2855140091457087,-3.3627308486423773,-3.2855140091457087
calibration,1960,4747465828158748725,-0.6000000000000001,1.0789603531824067e-09,2367.1936347140645,478.9001778930339,37.12870103512795,297.3410066095633,0.0004811854437772814,-3.3176875188692274,-3.3155932,0.019673693979152862,0.0036680833524640032,0.019328720217735646,-3.3541536828444034,-3.277032802446124,-3.3541536828444034,-3.277032802446124
calibration,1961,14435728251762431223,-2.4000000000000004,8.599648780937921e-10,2637.8899539670565,501.9551856304757,39.90381821426863,300.9815905741297,0.00050883798715112,-3.293420474021814,-3.2943757,0.019479238909113964,0.002572914408838677,0.019308568549253915,-3.332554966297142,-3.2561963497734148,-3.332554966297142,-3.2561963497734148
calibration,1989,11643629726484600332,0.0,9.595802013951228e-10,2610.2949574222403,489.9218602044182,42.219532217947325,302.0841812978663,0.000443650817951,-3.35295871344341,-3.3510103,0.019855123992134523,0.0042227643916785546,0.019400880035864352,-3.3899263655953846,-3.312094279546217,-3.3899263655953846,-3.312094279546217
calibration,1991,2056914843148536795,0.0,1.000072357945733e-09,2615.067429542859,502.8265147659643,41.97319841319997,303.92619603855775,0.0004434349086352,-3.353170120804581,-3.3567605,0.02001929604148229,0.004068516856254974,0.019601513849572254,-3.3959983221028773,-3.317522681620267,-3.3959983221028773,-3.317522681620267
calibration,1995,13370015301709921327,-2.2,9.344027379399094e-10,2510.734791451186,511.4018674256231,36.36815079533651,301.4558439858307,0.0004960313160257888,-3.304490904260067,-3.2982295,0.019226526532725823,0.002335490293036102,0.019084150025367168,-3.3359134479520187,-3.2605454639437332,-3.3359134479520187,-3.2605454639437332
calibration,2001,14435728251762431223,-0.6000000000000001,8.599648780937921e-10,2637.8899539670565,501.9551856304757,39.90381821426863,300.9815905741297,0.0004660881996392812,-3.331531892339714,-3.3322263,0.019550672931361323,0.0033994823428244495,0.01925285288258618,-3.3705455953431733,-3.293906957452237,-3.3705455953431733,-3.293906957452237
calibration,2003,2056914843148536795,-1.0,1.000072357945733e-09,2615.067429542859,502.8265147659643,41.97319841319997,303.92619603855775,0.0004932837157864127,-3.306903221170403,-3.3124878,0.019477089957502587,0.0034099830249342935,0.01917626245974895,-3.350662936969171,-3.2743127443357607,-3.350662936969171,-3.2743127443357607
calibration,2010,15230833052760599040,-2.8000000000000003,8.595939611542648e-10,2643.7199291480506,484.396762738386,41.95641496228942,305.9180523366615,0.0005258089866760788,-3.2791719955775465,-3.284851,0.019712793524066848,0.003324326585539997,0.019430468404900387,-3.323488149525921,-3.246213998911579,-3.323488149525921,-3.246213998911579
calibration,2017,14435728251762431223,-3.0,8.599648780937921e-10,2637.8899539670565,501.9551856304757,39.90381821426863,300.9815905741297,0.000516598282999228,-3.2868470416106303,-3.288285,0.019544444086110956,0.002740732025278899,0.019351322801413714,-3.326592127422327,-3.2499779066047725,-3.326592127422327,-3.2499779066047725
calibration,2022,11643629726484600332,-2.6,9.595802013951228e-10,2610.2949574222403,489.9218602044182,42.219532217947325,302.0841812978663,0.0005251165150530213,-3.279744322822051,-3.279376,0.019699335156035676,0.0029055850160517246,0.019483875336535107,-3.3179867268740915,-3.240765333062432,-3.3179867268740915,-3.240765333062432
calibration,2030,10893922623691634355,-1.0,9.808684991835892e-10,2440.440905080504,475.02919518003887,43.13862383173334,296.64614602139693,0.0005057253384719226,-3.2960852862668935,-3.3016791,0.01963568989854486,0.003571863942507359,0.01930808378260182,-3.3401650865700443,-3.2631931821677487,-3.3401650865700443,-3.2631931821677487
calibration,2045,2447368541047246097,-0.6000000000000001,8.920412889937107e-10,2700.220283946353,481.8164609958477,41.48473029075561,294.1535226587993,0.0004714451953491228,-3.326568785940094,-3.3277912,0.01985794728394909,0.004178121174491741,0.019413432513140632,-3.366712790665798,-3.2888696373127178,-3.366712790665798,-3.2888696373127178
calibration,2046,2056914843148536795,-2.6,1.000072357945733e-09,2615.067429542859,502.8265147659643,41.97319841319997,303.92619603855775,0.0005250680093003248,-3.279784441068441,-3.2849293,0.019636207163520002,0.002969859928551542,0.019410320798709038,-3.3234162415531947,-3.246442309472196,-3.3234162415531947,-3.246442309472196
calibration,2049,11643629726484600332,-1.6,9.595802013951228e-10,2610.2949574222403,489.9218602044182,42.219532217947325,302.0841812978663,0.0005082853993666129,-3.2938923653427117,-3.2930152,0.01939452525961218,0.0028859099896413267,0.01917861181768577,-3.331028511131765,-3.255001972114085,-3.331028511131765,-3.255001972114085
calibration,2051,12935788499417564366,-1.6,1.020786601528739e-09,2414.9946347184086,525.5036010755978,41.93453001893169,295.92616711681853,0.000512936445825611,-3.289936441783117,-3.288566,0.01949126599683435,0.003044864704043513,0.019251967303283192,-3.326768993872106,-3.250363231164515,-3.326768993872106,-3.250363231164515
calibration,2057,10893922623691634355,-2.6,9.808684991835892e-10,2440.440905080504,475.02919518003887,43.13862383173334,296.64614602139693,0.000537199595799897,-3.269864322775363,-3.276145,0.020019038763091513,0.0031649365290186814,0.01976727290036207,-3.3153822973599367,-3.236907665408618,-3.3153822973599367,-3.236907665408618
calibration,2067,10893922623691634355,-1.6,9.808684991835892e-10,2440.440905080504,475.02919518003887,43.13862383173334,296.64614602139693,0.0005206605887809385,-3.2834452948473434,-3.2884421,0.01956791599993049,0.0031888366759491786,0.019306336997738132,-3.3267952502170415,-3.250089019497314,-3.3267952502170415,-3.250089019497314
calibration,2077,17492872546512810480,-1.6,9.162514515645111e-10,2366.748252214537,515.4599435910573,36.43861892729903,303.676124223718,0.00048473010440264,-3.3145000073662647,-3.3007178,0.01942100056011983,0.0025548263838703292,0.01925222322757717,-3.338782991755794,-3.262652669560124,-3.338782991755794,-3.262652669560124
calibration,2087,15230833052760599040,-1.0,8.595939611542648e-10,2643.7199291480506,484.396762738386,41.95641496228942,305.9180523366615,0.000490576582657135,-3.309293186389545,-3.313912,0.019683867308362864,0.004015199633532827,0.019269997102089414,-3.3524922947498306,-3.2753315349010483,-3.3524922947498306,-3.2753315349010483
calibration,2098,1367897570274288222,0.0,1.0060692139373963e-09,2527.3807724384133,522.7157534573084,43.167246359099664,298.50956140834,0.0004550068232473,-3.341982090647432,-3.344879,0.019846706926465767,0.004001923052996189,0.019439042545797196,-3.3837784575479186,-3.305979366396173,-3.3837784575479186,-3.305979366396173
calibration,2105,10893922623691634355,-2.4000000000000004,9.808684991835892e-10,2440.440905080504,475.02919518003887,43.13862383173334,296.64614602139693,0.0005344463560961896,-3.272095879642442,-3.2781062,0.01995625064887102,0.003109331898288016,0.019712533537482486,-3.317220463887754,-3.2389919613441798,-3.317220463887754,-3.2389919613441798
calibration,2117,11854955608364436255,0.0,9.431291378149591e-10,2617.847164727645,540.4486468445567,38.69622270488729,301.9657628923453,0.0004310119332489,-3.3655107055413467,-3.3584707,0.020263246057519318,0.004636989032787716,0.019725553178152545,-3.3981866406022054,-3.31875471605673,-3.3981866406022054,-3.31875471605673
calibration,2124,3765765162242439701,-2.2,1.066709170571727e-09,2302.646144768272,474.8978179470865,37.69553984942066,294.1521471075916,0.0005127396089786515,-3.290103132147231,-3.2862334,0.019441697929609363,0.0026813289837802038,0.01925591043314603,-3.3243391530824153,-3.2481276971983464,-3.3243391530824153,-3.2481276971983464
calibration,2127,4747465828158748725,-3.0,1.0789603531824067e-09,2367.1936347140645,478.9001778930339,37.12870103512795,297.3410066095633,0.0005287611422446985,-3.2767404679111736,-3.2760365,0.01990436301383867,0.0031848353199242147,0.01964791333030031,-3.31504905243791,-3.237023949423662,-3.31504905243791,-3.237023949423662
calibration,2130,4747465828158748725,-2.6,1.0789603531824067e-09,2367.1936347140645,478.9001778930339,37.12870103512795,297.3410066095633,0.0005240919648439974,-3.280592498665397,-3.2790658,0.019813920180803347,0.0030134929895303613,0.019583419054119935,-3.317901130951225,-3.240230563842476,-3.317901130951225,-3.240230563842476
calibration,2136,13370015301709921327,-2.8000000000000003,9.344027379399094e-10,2510.734791451186,511.4018674256231,36.36815079533651,301.4558439858307,0.0005039879375075224,-3.2975798578731492,-3.2912533,0.019334652515788222,0.0023348604687649984,0.019193154817248585,-3.329149247254309,-3.2533574093924194,-3.329149247254309,-3.2533574093924194
calibration,2137,3483175946691254694,-2.8000000000000003,8.89459518994858e-10,2383.601346469497,502.4892009812192,38.55163090195673,309.2198732722366,0.0005211418536840515,-3.2830440465912365,-3.2928557,0.019734576879184815,0.003480336477940393,0.01942526054863236,-3.331535510276708,-3.2541759689103036,-3.331535510276708,-3.2541759689103036
calibration,2150,17492872546512810480,-1.4,9.162514515645111e-10,2366.748252214537,515.4599435910573,36.43861892729903,303.676124223718,0.00048061517670357624,-3.318202519311251,-3.3042717,0.019346128486113626,0.0026375071955607823,0.01916549603614337,-3.3421901098308298,-3.266353286165264,-3.3421901098308298,-3.266353286165264
calibration,2155,12935788499417564366,-2.2,1.020786601528739e-09,2414.9946347184086,525.5036010755978,41.93453001893169,295.92616711681853,0.000523392207266451,-3.281172747814544,-3.2805684,0.01966591875536425,0.002894728545009373,0.01945170605901055,-3.3191135620428627,-3.2420231605218346,-3.3191135620428627,-3.2420231605218346
calibration,2161,17492872546512810480,-2.6,9.162514515645111e-10,2366.748252214537,515.4599435910573,36.43861892729903,303.676124223718,0.000500141906531044,-3.3009067547050943,-3.2874155,0.019529201018505873,0.0025775493129009267,0.01935835462606266,-3.325692738451838,-3.249138270459295,-3.325692738451838,-3.249138270459295
calibration,2165,12112510911978131146,-2.4000000000000004,9.85546704036472e-10,2573.0239327697072,479.3922741661716,39.9154735600532,295.8292447353602,0.0005109940717834805,-3.2915841382344775,-3.2860363,0.019473616699227113,0.0022919684372564534,0.019338267954227023,-3.324204541705949,-3.247867964244979,-3.324204541705949,-3.247867964244979
calibration,2171,2447368541047246097,-2.8000000000000003,8.920412889937107e-10,2700.220283946353,481.8164609958477,41.48473029075561,294.1535226587993,0.0005196917139830213,-3.284254207556857,-3.2842185,0.01976777256207889,0.0034531776970761984,0.0194638238712161,-3.3229633839500683,-3.245473715506719,-3.3229633839500683,-3.245473715506719
calibration,2181,3744802582600429992,-1.8,9.725086180844783e-10,2468.017331565751,490.28733545372194,44.50977871149023,303.263152322465,0.0005198009660984358,-3.2841629176575733,-3.283331,0.020104061146662227,0.0041311434944328335,0.01967503318088169,-3.3227348772058565,-3.2439269575109404,-3.3227348772058565,-3.2439269575109404
calibration,2184,17492872546512810480,0.0,9.162514515645111e-10,2366.748252214537,515.4599435910573,36.43861892729903,303.676124223718,0.0004258660467626,-3.370726983761539,-3.3574717,0.01995988369056814,0.00398804965429779,0.019557412271102862,-3.3965930765165457,-3.3183503324495187,-3.3965930765165457,-3.3183503324495187
calibration,2188,10893922623691634355,-0.2,9.808684991835892e-10,2440.440905080504,475.02919518003887,43.13862383173334,296.64614602139693,0.00047144028549004117,-3.3265733089171667,-3.331245,0.019662767772125642,0.004151000646861964,0.019219615222691503,-3.369783970359489,-3.292705920692757,-3.369783970359489,-3.292705920692757
calibration,2191,2447368541047246097,-3.0,8.920412889937107e-10,2700.220283946353,481.8164609958477,41.48473029075561,294.1535226587993,0.0005220689261712211,-3.2822721554657504,-3.282656,0.019813023768726012,0.0034807281504379297,0.019504882794190367,-3.321489480947665,-3.243822427774259,-3.321489480947665,-3.243822427774259
calibration,2201,11643629726484600332,-3.0,9.595802013951228e-10,2610.2949574222403,489.9218602044182,42.219532217947325,302.0841812978663,0.0005301866742969138,-3.2755711920160637,-3.2759798,0.019737429961128844,0.0029515237653457748,0.019515497558955066,-3.3146651200327724,-3.2372943945851476,-3.3146651200327724,-3.2372943945851476
calibration,2203,14435728251762431223,-0.2,8.599648780937921e-10,2637.8899539670565,501.9551856304757,39.90381821426863,300.9815905741297,0.00044615234559321345,-3.350516819420086,-3.3516467,0.019849289189051083,0.004087649566899552,0.01942383603880554,-3.390551268568963,-3.3127420549478828,-3.390551268568963,-3.3127420549478828
calibration,2215,11854955608364436255,-1.4,9.431291378149591e-10,2617.847164727645,540.4486468445567,38.69622270488729,301.9657628923453,0.0004894146792222806,-3.3103230088100806,-3.3053386,0.019569632994664722,0.003772181913138163,0.019202634848900287,-3.343695101809069,-3.2669821404699837,-3.343695101809069,-3.2669821404699837
calibration,2224,11854955608364436255,-0.2,9.431291378149591e-10,2617.847164727645,540.4486468445567,38.69622270488729,301.9657628923453,0.0004455605898998308,-3.3510932297417657,-3.3472636,0.020044642025264108,0.004865136739243923,0.019445259204176422,-3.3865510729697372,-3.3079760762307022,-3.3865510729697372,-3.3079760762307022
calibration,2227,16069905982438259650,-2.8000000000000003,9.91880560193061e-10,2562.543459042286,488.1664551370801,40.47383155665718,295.6008889602198,0.0005300812624817154,-3.2756575471122256,-3.2755287,0.01975286124818823,0.002512006288753942,0.01959248066986243,-3.314244277403749,-3.236813061310851,-3.314244277403749,-3.236813061310851
calibration,2238,11854955608364436255,-1.6,9.431291378149591e-10,2617.847164727645,540.4486468445567,38.69622270488729,301.9657628923453,0.000493798109175096,-3.3064505773777486,-3.3016872,0.019578425145145295,0.003634714006656155,0.019238075624278077,-3.3400609538850707,-3.263313527316101,-3.3400609538850707,-3.263313527316101
calibration,2253,7538273554073210114,-1.0,9.220148370062531e-10,2472.3739758500788,504.5088858703008,41.28793476116813,303.0641722996054,0.0004869573625154405,-3.3125090634977217,-3.3143485,0.019362393896797846,0.0027918931873815037,0.019160052567033268,-3.352298751281498,-3.2763981672060507,-3.352298751281498,-3.2763981672060507
calibration,2261,3744802582600429992,-1.2000000000000002,9.725086180844783e-10,2468.017331565751,490.28733545372194,44.50977871149023,303.263152322465,0.0005064126026033149,-3.2954954949872,-3.294306,0.02002023307646343,0.004680904422947992,0.01946532421046336,-3.333545696640049,-3.255066382980312,-3.333545696640049,-3.255066382980312
calibration,2262,11854955608364436255,-2.8000000000000003,9.431291378149591e-10,2617.847164727645,540.4486468445567,38.69622270488729,301.9657628923453,0.0005128365654651415,-3.2900210170040713,-3.2862074,0.01980209349940841,0.0034747972064821456,0.019494838104175752,-3.3250195407740994,-3.247395334256418,-3.3250195407740994,-3.247395334256418
calibration,2263,17492872546512810480,-1.0,9.162514515645111e-10,2366.748252214537,515.4599435910573,36.43861892729903,303.676124223718,0.0004707930485077074,-3.3271699583541596,-3.3137467,0.019337983593900376,0.0028683273813011746,0.01912407692342202,-3.351649138594167,-3.2758442429060772,-3.351649138594167,-3.2758442429060772
calibration,2266,4747465828158748725,-1.6,1.0789603531824067e-09,2367.1936347140645,478.9001778930339,37.12870103512795,297.3410066095633,0.0005084719225702069,-3.293733023487524,-3.2910373,0.019614720355599823,0.002955336901916434,0.019390804201623486,-3.329482172987674,-3.2525924691937225,-3.329482172987674,-3.2525924691937225
calibration,2281,17492872546512810480,-1.8,9.162514515645111e-10,2366.748252214537,515.4599435910573,36.43861892729903,303.676124223718,0.0004884206125965214,-3.311206016004741,-3.2976406,0.01949213532697581,0.002532021362721622,0.019326981557452716,-3.3358451472983677,-3.2594359768166226,-3.3358451472983677,-3.2594359768166226
calibration,2290,579736006479800074,-2.8000000000000003,8.979123523428992e-10,2531.360993910196,491.918494232159,35.793021097389925,308.86985058095934,0.0005239459290561169,-3.280713529665548,-3.295773,0.019545600484772656,0.0033690930255350243,0.01925304516433086,-3.334082406277547,-3.257463652377238,-3.334082406277547,-3.257463652377238
calibration,2298,3744802582600429992,-1.4,9.725086180844783e-10,2468.017331565751,490.28733545372194,44.50977871149023,303.263152322465,0.0005113959800944997,-3.2912426901337706,-3.2900553,0.019912641961634486,0.004423241130158404,0.01941515492426204,-3.3290840532081827,-3.251026496718575,-3.3290840532081827,-3.251026496718575
calibration,2300,17492872546512810480,-0.8,9.162514515645111e-10,2366.748252214537,515.4599435910573,36.43861892729903,303.676124223718,0.0004648394132832992,-3.332697055648353,-3.319424,0.01943486921947945,0.0029122079034690166,0.019215440542276963,-3.357516257625868,-3.281331570285509,-3.357516257625868,-3.281331570285509
calibration,2326,10893922623691634355,-2.0,9.808684991835892e-10,2440.440905080504,475.02919518003887,43.13862383173334,296.64614602139693,0.0005281931059507222,-3.2772072715635865,-3.2826304,0.01981822891680045,0.0030984801665844422,0.0195745145136055,-3.321474172249927,-3.243786714896069,-3.321474172249927,-3.243786714896069
calibration,2329,3765765162242439701,0.0,1.066709170571727e-09,2302.646144768272,474.8978179470865,37.69553984942066,294.1521471075916,0.0004441125599674,-3.3525069443507527,-3.349784,0.01982434943430733,0.003928648813206385,0.019431175243426625,-3.388639622291145,-3.31092817250866,-3.388639622291145,-3.31092817250866
calibration,2336,3483175946691254694,-1.6,8.89459518994858e-10,2383.601346469497,502.4892009812192,38.55163090195673,309.2198732722366,0.0005022343086922542,-3.2990936230313244,-3.307985,0.01976032096742394,0.003681724185038108,0.019414304551475685,-3.346715296463705,-3.2692548382714026,-3.346715296463705,-3.2692548382714026
calibration,2339,17492872546512810480,-2.0,9.162514515645111e-10,2366.748252214537,515.4599435910573,36.43861892729903,303.676124223718,0.000491753158744148,-3.3082528417375583,-3.2948213,0.019463098075334754,0.002491960747608407,0.019302909778753635,-3.3329689345872753,-3.256673590131963,-3.3329689345872753,-3.256673590131963
calibration,2343,2056914843148536795,-0.4,1.000072357945733e-09,2615.067429542859,502.8265147659643,41.97319841319997,303.92619603855775,0.00047006931960885846,-3.3278380933328933,-3.3336995,0.019562326288366683,0.003941914560968674,0.019161051890466914,-3.372041624323172,-3.295357305272775,-3.372041624323172,-3.295357305272775
calibration,2348,13370015301709921327,-2.6,9.344027379399094e-10,2510.734791451186,511.4018674256231,36.36815079533651,301.4558439858307,0.0005015357512895843,-3.29969810345238,-3.2933817,0.019320661987717182,0.002358781773457895,0.01917613382055356,-3.3312501884749297,-3.255513193483078,-3.3312501884749297,-3.255513193483078
calibration,2358,3765765162242439701,-1.4,1.066709170571727e-09,2302.646144768272,474.8978179470865,37.69553984942066,294.1521471075916,0.0004987303901490207,-3.3021341672300086,-3.2984602,0.019508346573788287,0.0030134015879967964,0.019274205634923793,-3.3366966044170714,-3.260223885847821,-3.3366966044170714,-3.260223885847821
calibration,2370,3744802582600429992,-2.6,9.725086180844783e-10,2468.017331565751,490.28733545372194,44.50977871149023,303.263152322465,0.0005323620131447312,-3.2737929413081917,-3.2746,0.020498351113300825,0.004066984018684667,0.020090843807860307,-3.314776797173769,-3.2344232608096295,-3.314776797173769,-3.2344232608096295
calibration,2373,17492872546512810480,-2.2,9.162514515645111e-10,2366.748252214537,515.4599435910573,36.43861892729903,303.676124223718,0.0004947873169580143,-3.3055814413099824,-3.2922182,0.019507455578098125,0.002536891202577554,0.019341794022277446,-3.3304528212460607,-3.253983595379916,-3.3304528212460607,-3.253983595379916
calibration,2380,3765765162242439701,-0.8,1.066709170571727e-09,2302.646144768272,474.8978179470865,37.69553984942066,294.1521471075916,0.000483111809844812,-3.3159523458963327,-3.313385,0.019668505080239946,0.0033045310445149723,0.019388919298886854,-3.351935279722895,-3.274834739808355,-3.351935279722895,-3.274834739808355
calibration,2383,2056914843148536795,-0.8,1.000072357945733e-09,2615.067429542859,502.8265147659643,41.97319841319997,303.92619603855775,0.0004868056191668356,-3.3126444173789795,-3.3180776,0.019509928158843164,0.0035150812475662975,0.019190661925051644,-3.3563170234308344,-3.2798381050481695,-3.3563170234308344,-3.2798381050481695
calibration,2386,2056914843148536795,-1.4,1.000072357945733e-09,2615.067429542859,502.8265147659643,41.97319841319997,303.92619603855775,0.000503918921533393,-3.2976393341164263,-3.3026855,0.019542521268664105,0.0032438438114696867,0.019271420257819444,-3.340988840877866,-3.2643821575047025,-3.340988840877866,-3.2643821575047025
calibration,2404,3483175946691254694,-1.2000000000000002,8.89459518994858e-10,2383.601346469497,502.4892009812192,38.55163090195673,309.2198732722366,0.0004930335962568055,-3.3071234860537766,-3.3155527,0.01969546514739969,0.004011479252592526,0.01928261863830217,-3.3541558231757196,-3.2769495997979132,-3.3541558231757196,-3.2769495997979132
calibration,2413,2056914843148536795,-3.0,1.000072357945733e-09,2615.067429542859,502.8265147659643,41.97319841319997,303.92619603855775,0.0005300770770363767,-3.275660976252472,-3.2812061,0.01974804607999034,0.003011520747550544,0.01951707101942918,-3.3199123012982263,-3.2424999606646643,-3.3199123012982263,-3.2424999606646643
calibration,2416,579736006479800074,-1.4,8.979123523428992e-10,2531.360993910196,491.918494232159,35.793021097389925,308.86985058095934,0.0005001953199837817,-3.300860376009609,-3.314815,0.019772897818442506,0.003895057395524393,0.019385459581579313,-3.3535699241272234,-3.276060164678929,-3.3535699241272234,-3.276060164678929
calibration,2421,16069905982438259650,-2.0,9.91880560193061e-10,2562.543459042286,488.1664551370801,40.47383155665718,295.6008889602198,0.0005184701847753551,-3.285276213160851,-3.284445,0.019557071038710884,0.0023335490260204374,0.019417352623357982,-3.3227769066144135,-3.2461131881426666,-3.3227769066144135,-3.2461131881426666
calibration,2441,11643629726484600332,-2.2,9.595802013951228e-10,2610.2949574222403,489.9218602044182,42.219532217947325,302.0841812978663,0.0005192414699967829,-3.284630629244007,-3.2842627,0.019611684470588666,0.0028359969662581836,0.019405547607511744,-3.322701558727881,-3.2458237556031735,-3.322701558727881,-3.2458237556031735
calibration,2443,2447368541047246097,-2.6,8.920412889937107e-10,2700.220283946353,481.8164609958477,41.48473029075561,294.1535226587993,0.000517134402057219,-3.2863965700858935,-3.2865229,0.019730526775675283,0.003434769089691976,0.019429257842366945,-3.325194697775734,-3.2478510328150865,-3.325194697775734,-3.2478510328150865
calibration,2445,14435728251762431223,-1.8,8.599648780937921e-10,2637.8899539670565,501.9551856304757,39.90381821426863,300.9815905741297,0.0004989580350536616,-3.3019359792483955,-3.3026738,0.019352582111431725,0.002770545682168963,0.019153237397871288,-3.3406048776193145,-3.264742755742502,-3.3406048776193145,-3.264742755742502
calibration,2460,13370015301709921327,-1.8,9.344027379399094e-10,2510.734791451186,511.4018674256231,36.36815079533651,301.4558439858307,0.0004895014844891794,-3.3102459867934657,-3.303906,0.019150772941707014,0.0022842175872101276,0.01901405926713902,-3.3414414788634508,-3.2663704489319594,-3.3414414788634508,-3.2663704489319594
calibration,2464,579736006479800074,-1.6,8.979123523428992e-10,2531.360993910196,491.918494232159,35.793021097389925,308.86985058095934,0.0005046481314682794,-3.297011330445056,-3.3112705,0.019753080611868788,0.0037270322637505586,0.0193982842323111,-3.349986513386836,-3.2725544373883104,-3.349986513386836,-3.2725544373883104
calibration,2465,12935788499417564366,-2.4000000000000004,1.020786601528739e-09,2414.9946347184086,525.5036010755978,41.93453001893169,295.92616711681853,0.0005262738255140091,-3.2787882292939714,-3.278366,0.019727459746437876,0.002924000732444113,0.019509559844515315,-3.317031909970206,-3.239700267764169,-3.317031909970206,-3.239700267764169
calibration,2467,3483175946691254694,-2.2,8.89459518994858e-10,2383.601346469497,502.4892009812192,38.55163090195673,309.2198732722366,0.0005129115808103835,-3.289957495074886,-3.2994578,0.019774155774363724,0.0034814905069327027,0.019465261922010858,-3.33821513378516,-3.2607004431496542,-3.33821513378516,-3.2607004431496542
calibration,2478,11854955608364436255,-0.4,9.431291378149591e-10,2617.847164727645,540.4486468445567,38.69622270488729,301.9657628923453,0.0004563987916593156,-3.3406555140706202,-3.3360183,0.019865057646212065,0.004649449092957838,0.019313290284773053,-3.3749538368848913,-3.2970828109117396,-3.3749538368848913,-3.2970828109117396
calibration,2526,3765765162242439701,-1.6,1.066709170571727e-09,2302.646144768272,474.8978179470865,37.69553984942066,294.1521471075916,0.0005027989928921404,-3.2986056008783313,-3.2946103,0.01957029921028715,0.002863933337206079,0.019359608519693497,-3.332968048369277,-3.2562524754649513,-3.332968048369277,-3.2562524754649513
calibration,2533,3765765162242439701,-2.6,1.066709170571727e-09,2302.646144768272,474.8978179470865,37.69553984942066,294.1521471075916,0.0005180495210826509,-3.2856287234498036,-3.2818434,0.01961073389463959,0.002780850020243741,0.01941256724528955,-3.3202804622768776,-3.24340638540989,-3.3202804622768776,-3.24340638540989
calibration,2536,14435728251762431223,-1.6,8.599648780937921e-10,2637.8899539670565,501.9551856304757,39.90381821426863,300.9815905741297,0.0004949871568539542,-3.305406069308488,-3.306077,0.019348507634179907,0.002827839717911691,0.019140744500853922,-3.3440000784419963,-3.2681539285160115,-3.3440000784419963,-3.2681539285160115
calibration,2543,7538273554073210114,-2.0,9.220148370062531e-10,2472.3739758500788,504.5088858703008,41.28793476116813,303.0641722996054,0.000509079152548196,-3.2932146875210253,-3.2946064,0.019333275399349172,0.002361756047064945,0.01918847641282684,-3.332499667002573,-3.256713227437124,-3.332499667002573,-3.256713227437124
calibration,2549,14435728251762431223,-2.0,8.599648780937921e-10,2637.8899539670565,501.9551856304757,39.90381821426863,300.9815905741297,0.0005025500778994879,-3.2988206553566646,-3.2996485,0.019437018171090826,0.0026408882059921973,0.019256775700997115,-3.3377450789460266,-3.2615519677153504,-3.3377450789460266,-3.2615519677153504
id_test,20,14100953261967155807,-0.2,8.758150413106088e-10,2554.792538970499,492.8309420700668,37.207464786418186,297.95471711920453,0.0004470108236151441,-3.3496819610304307,-3.346238,0.01961450640830644,0.0037089560871291544,0.019260645709633102,-3.3846823304332054,-3.307793465312644,-3.3846823304332054,-3.307793465312644
id_test,43,14100953261967155807,-2.4000000000000004,8.758150413106088e-10,2554.792538970499,492.8309420700668,37.207464786418186,297.95471711920453,0.0005082904240127671,-3.2938880721536585,-3.29124,0.01956809474070724,0.002370005712517598,0.01942404186151816,-3.329593442574721,-3.2528865111911482,-3.329593442574721,-3.2528865111911482
id_test,48,13867644369009061341,-0.8,9.244750759855351e-10,2606.766252024905,514.7015322051607,39.36697999872778,300.425811364213,0.00048202001111866425,-3.3169349315992998,-3.319815,0.01937247379332909,0.002929265799301665,0.01914972893307918,-3.35778496906034,-3.28184487179049,-3.35778496906034,-3.28184487179049
id_test,61,14100953261967155807,-2.8000000000000003,8.758150413106088e-10,2554.792538970499,492.8309420700668,37.207464786418186,297.95471711920453,0.0005135037577115024,-3.2894563739802396,-3.286616,0.019469023602903365,0.0024440671903307567,0.019315004571313694,-3.3247753732215295,-3.2484568006981482,-3.3247753732215295,-3.2484568006981482
id_test,70,13806398585976261423,-2.6,9.308015570351787e-10,2751.659002613549,471.438867720947,38.31893407640898,299.3638589999156,0.0005211396079123817,-3.283045918113047,-3.2934618,0.019673726477475905,0.0037374307115524887,0.01931546361012671,-3.332022303517435,-3.254901295725729,-3.332022303517435,-3.254901295725729
id_test,79,14100953261967155807,-1.2000000000000002,8.758150413106088e-10,2554.792538970499,492.8309420700668,37.207464786418186,297.95471711920453,0.0004855398946364458,-3.3137750802592807,-3.31078,0.01931962610367011,0.0024752105702720946,0.019160410048586766,-3.348646515533555,-3.2729135812071677,-3.348646515533555,-3.2729135812071677
id_test,84,13867644369009061341,-2.6,9.244750759855351e-10,2606.766252024905,514.7015322051607,39.36697999872778,300.425811364213,0.0005199459373802909,-3.2840418108229357,-3.2875578,0.019450335713055468,0.002434274193057646,0.019297406729384615,-3.325680498344879,-3.249435182349701,-3.325680498344879,-3.249435182349701
id_test,85,8562678507013604755,-1.4,9.926993823896762e-10,2332.1716999604114,489.929360905385,39.90607827400121,296.137708789732,0.000498169800944203,-3.302622602935216,-3.2935703,0.019500177307832753,0.0023316328097954535,0.01936027879760631,-3.3317906275984255,-3.255349932551721,-3.3317906275984255,-3.255349932551721
id_test,90,13806398585976261423,-0.2,9.308015570351787e-10,2751.659002613549,471.438867720947,38.31893407640898,299.3638589999156,0.0004537316180505422,-3.3432009560956097,-3.3539243,0.020332267079280555,0.00497159853734704,0.01971507788535758,-3.39377551791997,-3.3140730309691904,-3.39377551791997,-3.3140730309691904
id_test,93,18026431441542812131,-1.8,1.0308127820747194e-09,2437.7200106987866,482.5972990901911,40.648465379108416,299.4728047413536,0.0005210182118586139,-3.283147095949099,-3.2861128,0.019582862520337783,0.0024199321076065774,0.019432766307159056,-3.3244951958792175,-3.2477303747994934,-3.3244951958792175,-3.2477303747994934
id_test,97,13867644369009061341,-1.4,9.244750759855351e-10,2606.766252024905,514.7015322051607,39.36697999872778,300.425811364213,0.0004989600340636803,-3.301934239307919,-3.3045695,0.01940126459935372,0.002540174718039833,0.019234254363126656,-3.342595961418078,-3.2665430041886117,-3.342595961418078,-3.2665430041886117
id_test,103,18026431441542812131,-2.0,1.0308127820747194e-09,2437.7200106987866,482.5972990901911,40.648465379108416,299.4728047413536,0.0005245699997999089,-3.2801965503714965,-3.283509,0.01961596341645631,0.0023819122856233534,0.019470812364767654,-3.321956304333242,-3.2450617277407328,-3.321956304333242,-3.2450617277407328
id_test,109,14082706842164037214,0.0,1.011801650795657e-09,2503.197375042157,521.464297637573,42.04226242943757,288.6545802497056,0.0004550106762044,-3.3419784130961574,-3.3467703,0.019656766415136594,0.0038341535069921382,0.01927920496028561,-3.3852975487337265,-3.3082430243863907,-3.3852975487337265,-3.3082430243863907
id_test,121,12886194249589357920,-1.0,1.0040157435828723e-09,2421.1156291426087,502.3421578152334,38.33334239027114,293.10089722857373,0.0004962122707355068,-3.3043325003483166,-3.3134444,0.019254415510285942,0.002434335635199654,0.019099909003850595,-3.3511830303919816,-3.275705721591661,-3.3511830303919816,-3.275705721591661
id_test,124,18026431441542812131,-1.0,1.0308127820747194e-09,2437.7200106987866,482.5972990901911,40.648465379108416,299.4728047413536,0.0005021912271206168,-3.2991308783343376,-3.3019857,0.01940712106798586,0.002680861820386426,0.01922106410626061,-3.3400236979548734,-3.2639477833683688,-3.3400236979548734,-3.2639477833683688
id_test,125,18237334030368139870,-2.2,1.0050965165320695e-09,2414.3235243349927,515.5034020410067,40.79653471954481,301.4383600393062,0.0005221355272253352,-3.282216755452399,-3.2827547,0.019459997193677504,0.002382904330786734,0.019313550271357414,-3.3208962541523177,-3.244613065153102,-3.3208962541523177,-3.244613065153102
id_test,135,2124884718484563516,-2.0,9.603042271636284e-10,2438.0715583385486,503.6957420101608,43.08491203323523,298.5763734449834,0.000525800877587153,-3.2791786933705085,-3.2841368,0.01967274475730058,0.0030120634018405627,0.019440792038854474,-3.322695351880071,-3.2455781924314526,-3.322695351880071,-3.2455781924314526
id_test,142,8562678507013604755,-2.6,9.926993823896762e-10,2332.1716999604114,489.929360905385,39.90607827400121,296.137708789732,0.0005178564378436795,-3.2857906203584597,-3.2772396,0.019762800318652945,0.0025228610671753013,0.01960110897463098,-3.3159746497054923,-3.238504472456373,-3.3159746497054923,-3.238504472456373
id_test,148,18237334030368139870,-1.4,1.0050965165320695e-09,2414.3235243349927,515.5034020410067,40.79653471954481,301.4383600393062,0.0005071139855999267,-3.2948944119622463,-3.2945178,0.01946181168338087,0.002517689263734406,0.019298273351332492,-3.3326629064078492,-3.2563726046089965,-3.3326629064078492,-3.2563726046089965
id_test,167,6508029577517650568,-3.0,9.89297888860932e-10,2413.8801533334354,510.75595836241,38.53132745549709,285.1813868750008,0.0005278021138429317,-3.277528874766817,-3.2813427,0.019585880802090627,0.002333097434739786,0.01944642372741888,-3.319731071199368,-3.242954418455173,-3.319731071199368,-3.242954418455173
id_test,175,13944279034983237670,-2.8000000000000003,1.000096056099185e-09,2446.239819629679,503.61049666576776,43.101977222602514,303.9832024614659,0.0005358971010825793,-3.2709185922514887,-3.2776551,0.019877803759329828,0.0030846795505886974,0.01963700201833782,-3.316615620032593,-3.2386946292960204,-3.316615620032593,-3.2386946292960204
id_test,181,13944279034983237670,-1.0,1.000096056099185e-09,2446.239819629679,503.61049666576776,43.101977222602514,303.9832024614659,0.0005015619941540898,-3.2996753795826503,-3.3071098,0.01966468517318532,0.0036359590986578313,0.019325622044271983,-3.345652615703115,-3.2685670498242287,-3.345652615703115,-3.2685670498242287
id_test,191,15854623793106210877,-2.0,1.0732744646319759e-09,2458.1779927472685,500.451348042105,41.29986197643443,296.3385514465405,0.0005136152736960335,-3.2893620698627317,-3.2851343,0.019697037253777007,0.0027557115517955347,0.019503314750103425,-3.3237405085081257,-3.2465281224733196,-3.3237405085081257,-3.2465281224733196
id_test,227,15854623793106210877,-2.4000000000000004,1.0732744646319759e-09,2458.1779927472685,500.451348042105,41.29986197643443,296.3385514465405,0.0005195783932640842,-3.284348917416732,-3.280658,0.019808272243077418,0.002779844603374524,0.019612245066661198,-3.3194822202645224,-3.241833793071659,-3.3194822202645224,-3.241833793071659
id_test,232,13867644369009061341,-1.2000000000000002,9.244750759855351e-10,2606.766252024905,514.7015322051607,39.36697999872778,300.425811364213,0.0004940170811099424,-3.3062580346724157,-3.3089647,0.01927091653381224,0.002661582190239747,0.019086231272138866,-3.346735725715354,-3.2711937329028102,-3.346735725715354,-3.2711937329028102
id_test,246,13944279034983237670,-2.6,1.000096056099185e-09,2446.239819629679,503.61049666576776,43.101977222602514,303.9832024614659,0.0005333061913130454,-3.273023374431724,-3.2796416,0.01989230884418242,0.0031030563366982716,0.01964879213911933,-3.3186305535999785,-3.2406527029307832,-3.3186305535999785,-3.2406527029307832
id_test,251,6508029577517650568,-1.2000000000000002,9.89297888860932e-10,2413.8801533334354,510.75595836241,38.53132745549709,285.1813868750008,0.0004986062490554762,-3.30224228276505,-3.3066525,0.019365157608353497,0.0023678152916919186,0.01921985354372717,-3.344608254841328,-3.268696837016582,-3.344608254841328,-3.268696837016582
id_test,255,13806398585976261423,-0.8,9.308015570351787e-10,2751.659002613549,471.438867720947,38.31893407640898,299.3638589999156,0.0004821014827763929,-3.3168615327762443,-3.327891,0.019885366389921846,0.004584924011075411,0.019349580078840405,-3.366866429498148,-3.2889157932496547,-3.366866429498148,-3.2889157932496547
id_test,256,14100953261967155807,-0.6000000000000001,8.758150413106088e-10,2554.792538970499,492.8309420700668,37.207464786418186,297.95471711920453,0.00046644029874630746,-3.331203935163508,-3.3276389,0.019412349235705787,0.002782267759586596,0.01921193072338806,-3.365687069019195,-3.2895906600152287,-3.365687069019195,-3.2895906600152287
id_test,258,2124884718484563516,-1.0,9.603042271636284e-10,2438.0715583385486,503.6957420101608,43.08491203323523,298.5763734449834,0.0005032378930408231,-3.2982266646237317,-3.30344,0.01950306559629341,0.0034188361097705756,0.019201069513006933,-3.3416661025628756,-3.2652140854254057,-3.3416661025628756,-3.2652140854254057
id_test,290,14100953261967155807,-1.6,8.758150413106088e-10,2554.792538970499,492.8309420700668,37.207464786418186,297.95471711920453,0.0004947515642316645,-3.305612824031912,-3.302452,0.019378595664932767,0.00228846521958942,0.01924299641202587,-3.340434134905612,-3.2644700398990754,-3.340434134905612,-3.2644700398990754
id_test,299,18237334030368139870,-2.4000000000000004,1.0050965165320695e-09,2414.3235243349927,515.5034020410067,40.79653471954481,301.4383600393062,0.0005250833649654553,-3.279771740269688,-3.2804234,0.01947922943043641,0.002441462754410447,0.01932562069017519,-3.31860269246991,-3.2422441131025996,-3.31860269246991,-3.2422441131025996
id_test,337,14082706842164037214,-0.4,1.011801650795657e-09,2503.197375042157,521.464297637573,42.04226242943757,288.6545802497056,0.0004804984147090595,-3.318308040845058,-3.3251262,0.01951812044444419,0.003597326040089225,0.019183750615017325,-3.363381687183171,-3.28687065504095,-3.363381687183171,-3.28687065504095
id_test,352,17533524623644286140,-0.6000000000000001,9.581806245172891e-10,2592.420375814081,497.997415088655,37.83724802001972,293.41915116225954,0.0004773449251807273,-3.321167690209631,-3.3274603,0.01937689491936006,0.002917437086761539,0.019156006525814114,-3.3654390030434107,-3.289481574959519,-3.3654390030434107,-3.289481574959519
id_test,421,13867644369009061341,-3.0,9.244750759855351e-10,2606.766252024905,514.7015322051607,39.36697999872778,300.425811364213,0.0005248718611536976,-3.279946709520386,-3.2840524,0.019565332383248382,0.0025552864382559406,0.01939775071817444,-3.3224004234499267,-3.245704320507593,-3.3224004234499267,-3.245704320507593
id_test,430,6508029577517650568,-1.8,9.89297888860932e-10,2413.8801533334354,510.75595836241,38.53132745549709,285.1813868750008,0.0005112050257707961,-3.2914048851826085,-3.2950304,0.01933188745013578,0.002187492083576891,0.019207726252844063,-3.3329208548557574,-3.257139856051225,-3.3329208548557574,-3.257139856051225
id_test,434,12886194249589357920,-0.8,1.0040157435828723e-09,2421.1156291426087,502.3421578152334,38.33334239027114,293.10089722857373,0.0004900276267733324,-3.309779434630693,-3.3187733,0.019211997074130946,0.0025539619623297415,0.019041483789498947,-3.356428783918617,-3.2811177553880237,-3.356428783918617,-3.2811177553880237
id_test,442,17533524623644286140,0.0,9.581806245172891e-10,2592.420375814081,497.997415088655,37.83724802001972,293.41915116225954,0.0004431586934112,-3.3534407267534734,-3.3582308,0.020024943979208218,0.0038315157264382873,0.019654970882788336,-3.39747971943814,-3.3189819390396433,-3.39747971943814,-3.3189819390396433
id_test,448,18237334030368139870,-0.4,1.0050965165320695e-09,2414.3235243349927,515.5034020410067,40.79653471954481,301.4383600393062,0.0004740782052263737,-3.324150010020617,-3.3238075,0.01942165188067753,0.0030879632353130754,0.019174594212499285,-3.3618739156371777,-3.285741040264922,-3.3618739156371777,-3.285741040264922
id_test,459,12886194249589357920,-3.0,1.0040157435828723e-09,2421.1156291426087,502.3421578152334,38.33334239027114,293.10089722857373,0.000531211666434803,-3.274732395589171,-3.282118,0.019456198952171575,0.002418744056932329,0.01930526726127122,-3.320252231992765,-3.2439839321002526,-3.320252231992765,-3.2439839321002526
id_test,475,18026431441542812131,-0.8,1.0308127820747194e-09,2437.7200106987866,482.5972990901911,40.648465379108416,299.4728047413536,0.0004957939411654573,-3.3046987848180693,-3.3072517,0.019433947079563037,0.002743361511989889,0.01923934035068326,-3.345342228094181,-3.2691611555422937,-3.345342228094181,-3.2691611555422937
id_test,502,18237334030368139870,-1.2000000000000002,1.0050965165320695e-09,2414.3235243349927,515.5034020410067,40.79653471954481,301.4383600393062,0.0005022428180880937,-3.2990862648077095,-3.2987106,0.01938272295195953,0.002576904932089292,0.019210660580595704,-3.3367007216263436,-3.2607204476546623,-3.3367007216263436,-3.2607204476546623
id_test,512,18026431441542812131,-0.4,1.0308127820747194e-09,2437.7200106987866,482.5972990901911,40.648465379108416,299.4728047413536,0.0004794468879776649,-3.3192594959715014,-3.321854,0.019328303155923227,0.0032239135378137034,0.01905753660698658,-3.35973758871808,-3.2839706403468614,-3.35973758871808,-3.2839706403468614
id_test,516,15854623793106210877,-2.2,1.0732744646319759e-09,2458.1779927472685,500.451348042105,41.29986197643443,296.3385514465405,0.0005167240487558529,-3.286741325566941,-3.2828662,0.019735306737356545,0.002739570548754224,0.019544234201107954,-3.321547440752948,-3.244185038342511,-3.321547440752948,-3.244185038342511
id_test,524,15854623793106210877,-0.8,1.0732744646319759e-09,2458.1779927472685,500.451348042105,41.29986197643443,296.3385514465405,0.00048570353947229066,-3.313628731676884,-3.3087564,0.019610675668477465,0.0032829508039160385,0.01933392942810046,-3.347193275781163,-3.2703194271607314,-3.347193275781163,-3.2703194271607314
id_test,533,2124884718484563516,-0.4,9.603042271636284e-10,2438.0715583385486,503.6957420101608,43.08491203323523,298.5763734449834,0.000480085255492487,-3.318681631994972,-3.3224406,0.01953231679522785,0.0038129314249951006,0.01915653733175719,-3.360723965155707,-3.284157283318414,-3.360723965155707,-3.284157283318414
id_test,535,12886194249589357920,-0.2,1.0040157435828723e-09,2421.1156291426087,502.3421578152334,38.33334239027114,293.10089722857373,0.0004633952449393108,-3.3340484269707598,-3.3433743,0.01957095323903844,0.0037105725401764644,0.0192159794728008,-3.3817333206678515,-3.3050151839708204,-3.3817333206678515,-3.3050151839708204
id_test,538,18237334030368139870,-1.8,1.0050965165320695e-09,2414.3235243349927,515.5034020410067,40.79653471954481,301.4383600393062,0.0005153770081684371,-3.2878749599572177,-3.2879274,0.019426258517969214,0.0023894170285774503,0.019278749983762975,-3.326002855840117,-3.249851922449678,-3.326002855840117,-3.249851922449678
id_test,546,12886194249589357920,-0.4,1.0040157435828723e-09,2421.1156291426087,502.3421578152334,38.33334239027114,293.10089722857373,0.00047412321034269916,-3.3241087836031675,-3.3326514,0.01930153807870176,0.003136089866501317,0.019045059959130736,-3.3704823913584985,-3.294820362089988,-3.3704823913584985,-3.294820362089988
id_test,559,18237334030368139870,-3.0,1.0050965165320695e-09,2414.3235243349927,515.5034020410067,40.79653471954481,301.4383600393062,0.0005326255205326016,-3.273578028357177,-3.2752855,0.019730756972130187,0.0026552707450849737,0.019551274150337663,-3.3139577660719914,-3.236613198741241,-3.3139577660719914,-3.236613198741241
id_test,566,6508029577517650568,-0.8,9.89297888860932e-10,2413.8801533334354,510.75595836241,38.53132745549709,285.1813868750008,0.00048731749771233534,-3.3121879944806323,-3.3171468,0.019383642383682356,0.0025121675955344746,0.0192201622777961,-3.355138717178707,-3.279154839034672,-3.355138717178707,-3.279154839034672
id_test,571,14082706842164037214,-0.8,1.011801650795657e-09,2503.197375042157,521.464297637573,42.04226242943757,288.6545802497056,0.000496768669857078,-3.303845801996625,-3.3105993,0.019478249064357873,0.00326440678685246,0.01920275536351491,-3.3487766952535436,-3.272421958921261,-3.3487766952535436,-3.272421958921261
id_test,580,14082706842164037214,-2.2,1.011801650795657e-09,2503.197375042157,521.464297637573,42.04226242943757,288.6545802497056,0.0005282960413312455,-3.2771226435898675,-3.2836528,0.019540211179534295,0.002846513559005352,0.01933176693552115,-3.321951596352073,-3.245353968528298,-3.321951596352073,-3.245353968528298
id_test,581,13944279034983237670,0.0,1.000096056099185e-09,2446.239819629679,503.61049666576776,43.101977222602514,303.9832024614659,0.0004518656204944,-3.3449907000442196,-3.349344,0.019829996017936467,0.004324166945636741,0.019352786580047552,-3.3882108073166153,-3.3104772229263046,-3.3882108073166153,-3.3104772229263046
id_test,588,15854623793106210877,-1.4,1.0732744646319759e-09,2458.1779927472685,500.451348042105,41.29986197643443,296.3385514465405,0.0005021365318543085,-3.299178181323138,-3.2944977,0.019529624850802257,0.002973743139631268,0.019301892852061672,-3.3327757930553505,-3.256219663640206,-3.3327757930553505,-3.256219663640206
id_test,589,15854623793106210877,-1.0,1.0732744646319759e-09,2458.1779927472685,500.451348042105,41.29986197643443,296.3385514465405,0.0004919062482365165,-3.30811766095885,-3.3035948,0.019613280950708273,0.0031255373901891196,0.019362638988317478,-3.3420368583153657,-3.2651527969885894,-3.3420368583153657,-3.2651527969885894
id_test,593,15854623793106210877,-2.6,1.0732744646319759e-09,2458.1779927472685,500.451348042105,41.29986197643443,296.3385514465405,0.0005222167263980641,-3.2821492220074333,-3.2785413,0.019829760405094387,0.0028786076841578667,0.019619710202284084,-3.3174076569168123,-3.239674996128842,-3.3174076569168123,-3.239674996128842
id_test,614,14082706842164037214,-2.8000000000000003,1.011801650795657e-09,2503.197375042157,521.464297637573,42.04226242943757,288.6545802497056,0.0005363812044144976,-3.270526448870559,-3.2775166,0.019770964168221307,0.0028886571135112575,0.019558801574413053,-3.3162676932395625,-3.2387655137001348,-3.3162676932395625,-3.2387655137001348
id_test,615,13944279034983237670,-1.4,1.000096056099185e-09,2446.239819629679,503.61049666576776,43.101977222602514,303.9832024614659,0.0005121975366567539,-3.2905625145418402,-3.2973876,0.01937672024087369,0.0033512944387562994,0.019084709267342907,-3.335365971617181,-3.259409228272956,-3.335365971617181,-3.259409228272956
id_test,622,2124884718484563516,0.0,9.603042271636284e-10,2438.0715583385486,503.6957420101608,43.08491203323523,298.5763734449834,0.0004538594492497,-3.3430786182128855,-3.3433118,0.019744985821236898,0.004126196640321767,0.019309037066744486,-3.3820119588612356,-3.304611614441987,-3.3820119588612356,-3.304611614441987
id_test,626,14100953261967155807,0.0,8.758150413106088e-10,2554.792538970499,492.8309420700668,37.207464786418186,297.95471711920453,0.000432869620059,-3.363642893058905,-3.3579977,0.020047126792880288,0.0038792831834520377,0.01966820988713895,-3.3972900243825754,-3.318705287354485,-3.3972900243825754,-3.318705287354485
id_test,640,13944279034983237670,-0.4,1.000096056099185e-09,2446.239819629679,503.61049666576776,43.101977222602514,303.9832024614659,0.0004783494695348775,-3.3202547033114844,-3.3271608,0.019588396713933056,0.004131581206221351,0.01914772351572792,-3.365554092825422,-3.2887675777068046,-3.365554092825422,-3.2887675777068046
id_test,651,15854623793106210877,-0.4,1.0732744646319759e-09,2458.1779927472685,500.451348042105,41.29986197643443,296.3385514465405,0.00046975892576062145,-3.3281249592385977,-3.3236928,0.019673899801865482,0.0037795668185260298,0.019307439232528086,-3.3622536422261584,-3.2851319550028455,-3.3622536422261584,-3.2851319550028455
id_test,678,14082706842164037214,-1.0,1.011801650795657e-09,2503.197375042157,521.464297637573,42.04226242943757,288.6545802497056,0.0005030689125295023,-3.2983725193549116,-3.3052588,0.01946873247209275,0.0031598444480265067,0.01921059422985282,-3.343417466560829,-3.2671000352702255,-3.343417466560829,-3.2671000352702255
id_test,682,17533524623644286140,-2.2,9.581806245172891e-10,2592.420375814081,497.997415088655,37.83724802001972,293.41915116225954,0.0005165822155490636,-3.2868605494245213,-3.2929153,0.019444777145717913,0.002407132169141272,0.01929520767619188,-3.331027107443888,-3.2548035810326743,-3.331027107443888,-3.2548035810326743
id_test,685,2124884718484563516,-1.8,9.603042271636284e-10,2438.0715583385486,503.6957420101608,43.08491203323523,298.5763734449834,0.0005222261057507157,-3.2821414218656257,-3.2868822,0.019585268750339935,0.0030930536236842584,0.01933948799543802,-3.3252692888447823,-3.24849503534345,-3.3252692888447823,-3.24849503534345
id_test,701,15854623793106210877,0.0,1.0732744646319759e-09,2458.1779927472685,500.451348042105,41.29986197643443,296.3385514465405,0.0004448055192419,-3.3518298325738622,-3.3454492,0.019895416496323634,0.0039237388582329434,0.01950466343050981,-3.384444225546051,-3.3064541928804627,-3.384444225546051,-3.3064541928804627
id_test,715,8562678507013604755,-0.2,9.926993823896762e-10,2332.1716999604114,489.929360905385,39.90607827400121,296.137708789732,0.000456570639351496,-3.340492020085415,-3.3330753,0.0193518305877113,0.003479570736203636,0.019036437070749358,-3.3710048729097997,-3.295145697005972,-3.3710048729097997,-3.295145697005972
id_test,728,17533524623644286140,-2.0,9.581806245172891e-10,2592.420375814081,497.997415088655,37.83724802001972,293.41915116225954,0.000513318732362702,-3.2896128868919505,-3.2955995,0.019477271406472926,0.0024268647446653957,0.019325486634592628,-3.3337749125584937,-3.2574240086451196,-3.3337749125584937,-3.2574240086451196
id_test,736,13867644369009061341,-0.6000000000000001,9.244750759855351e-10,2606.766252024905,514.7015322051607,39.36697999872778,300.425811364213,0.00047450034964257573,-3.3237634632202813,-3.3263102,0.01942353136702699,0.003180517782297955,0.01916136333272943,-3.364380279255252,-3.288240036296506,-3.364380279255252,-3.288240036296506
id_test,741,18237334030368139870,-2.0,1.0050965165320695e-09,2414.3235243349927,515.5034020410067,40.79653471954481,301.4383600393062,0.0005189152765945802,-3.2849035437142677,-3.28523,0.019440632255432834,0.0023646780186833438,0.01929628147494917,-3.323333560561591,-3.247126282120294,-3.323333560561591,-3.247126282120294
id_test,746,18237334030368139870,-1.0,1.0050965165320695e-09,2414.3235243349927,515.5034020410067,40.79653471954481,301.4383600393062,0.0004967346572383295,-3.303875538168091,-3.3037503,0.01936738915986928,0.0027135280514342195,0.019176353184234118,-3.3417103593188955,-3.265790193812208,-3.3417103593188955,-3.265790193812208
id_test,747,8562678507013604755,-0.8,9.926993823896762e-10,2332.1716999604114,489.929360905385,39.90607827400121,296.137708789732,0.00048231896404660397,-3.316665661945255,-3.3083918,0.01951402159345009,0.0026701500684388865,0.01933047648127689,-3.346639291786663,-3.270144327140339,-3.346639291786663,-3.270144327140339
id_test,763,13944279034983237670,-2.2,1.000096056099185e-09,2446.239819629679,503.61049666576776,43.101977222602514,303.9832024614659,0.0005274854578263153,-3.277789508869781,-3.284522,0.01983922960397174,0.0030453474395504164,0.019604104236738328,-3.3234069466033747,-3.245637166555805,-3.3234069466033747,-3.245637166555805
id_test,786,17533524623644286140,-3.0,9.581806245172891e-10,2592.420375814081,497.997415088655,37.83724802001972,293.41915116225954,0.0005272980202710646,-3.2779438592146506,-3.2842333,0.019629183463451817,0.0025927962735342903,0.01945719015102446,-3.3227065312686634,-3.2457601320919323,-3.3227065312686634,-3.2457601320919323
id_test,831,2124884718484563516,-1.2000000000000002,9.603042271636284e-10,2438.0715583385486,503.6957420101608,43.08491203323523,298.5763734449834,0.0005088694909670703,-3.2933935862692434,-3.2984693,0.01952537840325766,0.0034300422763098633,0.01922173709236701,-3.3367390467088374,-3.260199563368067,-3.3367390467088374,-3.260199563368067
id_test,846,15854623793106210877,-1.8,1.0732744646319759e-09,2458.1779927472685,500.451348042105,41.29986197643443,296.3385514465405,0.0005101968664095698,-3.292262213121783,-3.2876995,0.0196136533273265,0.002821018793838341,0.019409719579732698,-3.326142221504836,-3.2492567004617166,-3.326142221504836,-3.2492567004617166
id_test,854,14082706842164037214,-1.4,1.011801650795657e-09,2503.197375042157,521.464297637573,42.04226242943757,288.6545802497056,0.0005134152656439324,-3.289531222368202,-3.2958412,0.019233160252917464,0.003106867780647939,0.018980564328853568,-3.3335382111367338,-3.2581442229452975,-3.3335382111367338,-3.2581442229452975
id_test,863,14082706842164037214,-1.2000000000000002,1.011801650795657e-09,2503.197375042157,521.464297637573,42.04226242943757,288.6545802497056,0.0005085628464358359,-3.293655370816397,-3.3003109,0.01923603635450698,0.0031529104568708945,0.01897588457033503,-3.3380134813982663,-3.262608218888599,-3.3380134813982663,-3.262608218888599
id_test,879,2124884718484563516,-1.4,9.603042271636284e-10,2438.0715583385486,503.6957420101608,43.08491203323523,298.5763734449834,0.0005138392476523762,-3.289172726874114,-3.2939036,0.01956130123709396,0.003303859751029566,0.01928027469675252,-3.3322437396733613,-3.255563438823953,-3.3322437396733613,-3.255563438823953
id_test,885,13944279034983237670,-1.8,1.000096056099185e-09,2446.239819629679,503.61049666576776,43.101977222602514,303.9832024614659,0.0005205961031659941,-3.283499087052445,-3.290269,0.01955459981206264,0.003235544890746168,0.019285061428917748,-3.3285959136418968,-3.251941882378611,-3.3285959136418968,-3.251941882378611
id_test,888,14100953261967155807,-2.2,8.758150413106088e-10,2554.792538970499,492.8309420700668,37.207464786418186,297.95471711920453,0.0005053580297999744,-3.2964008292604894,-3.2937984,0.019577332389032892,0.002350762473722246,0.019435685739845967,-3.332170018137778,-3.255426875172769,-3.332170018137778,-3.255426875172769
id_test,890,13806398585976261423,-2.8000000000000003,9.308015570351787e-10,2751.659002613549,471.438867720947,38.31893407640898,299.3638589999156,0.0005237825677971079,-3.2808489595868155,-3.291221,0.019680579561348104,0.0037110143142553625,0.019327535383041283,-3.3297948393368486,-3.2526469674563643,-3.3297948393368486,-3.2526469674563643
id_test,891,18026431441542812131,-2.2,1.0308127820747194e-09,2437.7200106987866,482.5972990901911,40.648465379108416,299.4728047413536,0.0005278119231881535,-3.2775208033612624,-3.2811694,0.019648599857374643,0.0023774309022850733,0.019504238244116633,-3.319680670240718,-3.2426581587998093,-3.319680670240718,-3.2426581587998093
id_test,897,12886194249589357920,-0.6000000000000001,1.0040157435828723e-09,2421.1156291426087,502.3421578152334,38.33334239027114,293.10089722857373,0.00048280124101614166,-3.31623162224128,-3.3248878,0.01918610403524453,0.002808553486543144,0.018979426887546978,-3.362492516442038,-3.28728298862388,-3.362492516442038,-3.28728298862388
id_test,917,18237334030368139870,-1.6,1.0050965165320695e-09,2414.3235243349927,515.5034020410067,40.79653471954481,301.4383600393062,0.000511465085951413,-3.2911840071056124,-3.2909415,0.01943555033016661,0.0023953308770612155,0.01928737964262832,-3.329035155469026,-3.252847798174773,-3.329035155469026,-3.252847798174773
id_test,948,8562678507013604755,-1.2000000000000002,9.926993823896762e-10,2332.1716999604114,489.929360905385,39.90607827400121,296.137708789732,0.0004935339797597648,-3.3066829408380443,-3.2978323,0.01938444265488735,0.002377874707509162,0.019238043125955034,-3.335825758198672,-3.2598387429915134,-3.335825758198672,-3.2598387429915134
id_test,960,18026431441542812131,-3.0,1.0308127820747194e-09,2437.7200106987866,482.5972990901911,40.648465379108416,299.4728047413536,0.0005385151805667903,-3.268802049574053,-3.2739244,0.019853584384080247,0.0026939630453882983,0.019669960734293022,-3.3128373761313226,-3.235011325345728,-3.3128373761313226,-3.235011325345728
id_test,964,18026431441542812131,-0.2,1.0308127820747194e-09,2437.7200106987866,482.5972990901911,40.648465379108416,299.4728047413536,0.0004685037817157134,-3.329286899180391,-3.332983,0.01943751783280765,0.003605996660382575,0.019100102639692074,-3.3710805519200764,-3.2948854820154705,-3.3710805519200764,-3.2948854820154705
id_test,971,8562678507013604755,-0.6000000000000001,9.926993823896762e-10,2332.1716999604114,489.929360905385,39.90607827400121,296.137708789732,0.0004753404922091177,-3.3229951884531053,-3.3146439,0.01944355033402295,0.002824947874946949,0.01923723879245966,-3.3527532185179663,-3.2765345012085962,-3.3527532185179663,-3.2765345012085962
id_test,1014,6508029577517650568,-2.2,9.89297888860932e-10,2413.8801533334354,510.75595836241,38.53132745549709,285.1813868750008,0.0005176990261346749,-3.2859226519869185,-3.2895722,0.01940890305936618,0.0021902381918742267,0.019284927373335186,-3.327613688918477,-3.2515307889257614,-3.327613688918477,-3.2515307889257614
id_test,1017,13944279034983237670,-0.6000000000000001,1.000096056099185e-09,2446.239819629679,503.61049666576776,43.101977222602514,303.9832024614659,0.000487472730764953,-3.3120496737286156,-3.318962,0.019643010145810838,0.0038955350531683208,0.01925286100716694,-3.357462397053758,-3.2804617972821797,-3.357462397053758,-3.2804617972821797
id_test,1067,14100953261967155807,-2.0,8.758150413106088e-10,2554.792538970499,492.8309420700668,37.207464786418186,297.95471711920453,0.0005021596188996167,-3.2991582139532043,-3.2964272,0.019476624148205605,0.002300382963993722,0.019340297745320565,-3.33460143323893,-3.2582530665779643,-3.33460143323893,-3.2582530665779643
id_test,1086,13806398585976261423,-1.6,9.308015570351787e-10,2751.659002613549,471.438867720947,38.31893407640898,299.3638589999156,0.000504090049683929,-3.297491875087167,-3.3081286,0.01978596756069393,0.004181889625868213,0.019338984271430815,-3.346909091771133,-3.2693480989332127,-3.346909091771133,-3.2693480989332127
id_test,1094,17533524623644286140,-0.4,9.581806245172891e-10,2592.420375814081,497.997415088655,37.83724802001972,293.41915116225954,0.00046853415419796787,-3.3292587453545024,-3.3356314,0.01943861058892005,0.0033296498785596717,0.01915131864271482,-3.3737310472987168,-3.2975316937901504,-3.3737310472987168,-3.2975316937901504
id_test,1102,6508029577517650568,-0.6000000000000001,9.89297888860932e-10,2413.8801533334354,510.75595836241,38.53132745549709,285.1813868750008,0.0004802643893617005,-3.318519614229379,-3.323212,0.019264185318651462,0.00272844562802255,0.019069987527003344,-3.360969711565011,-3.2854541051158974,-3.360969711565011,-3.2854541051158974
id_test,1138,18237334030368139870,0.0,1.0050965165320695e-09,2414.3235243349927,515.5034020410067,40.79653471954481,301.4383600393062,0.0004484205180882,-3.3483145238901413,-3.3481297,0.019630408921049985,0.003862403012823544,0.019246682263497933,-3.386605350783354,-3.3096541478128376,-3.386605350783354,-3.3096541478128376
id_test,1168,6508029577517650568,-2.6,9.89297888860932e-10,2413.8801533334354,510.75595836241,38.53132745549709,285.1813868750008,0.0005231467773050283,-3.2813764456824015,-3.2847645,0.01945298432638367,0.0022709152788344122,0.019319978168836436,-3.3228923775542483,-3.246636678994824,-3.3228923775542483,-3.246636678994824
id_test,1178,17533524623644286140,-1.8,9.581806245172891e-10,2592.420375814081,497.997415088655,37.83724802001972,293.41915116225954,0.0005097440411883086,-3.292647842340724,-3.2984672,0.01944709400533169,0.0024385145471666728,0.01929360307149151,-3.3365834635216904,-3.26035085502079,-3.3365834635216904,-3.26035085502079
id_test,1213,14100953261967155807,-1.8,8.758150413106088e-10,2554.792538970499,492.8309420700668,37.207464786418186,297.95471711920453,0.0004986449220491499,-3.302208599239282,-3.2992804,0.019391295738759546,0.0023002130248461305,0.019254384366059692,-3.337287344692524,-3.261273465396587,-3.337287344692524,-3.261273465396587
id_test,1235,12886194249589357920,-2.6,1.0040157435828723e-09,2421.1156291426087,502.3421578152334,38.33334239027114,293.10089722857373,0.0005264365674985516,-3.2786539512496145,-3.2856688,0.01944897755397153,0.0023432661938731086,0.019307299760558352,-3.3237888459508524,-3.2475488539392843,-3.3237888459508524,-3.2475488539392843
id_test,1242,14082706842164037214,-1.8,1.011801650795657e-09,2503.197375042157,521.464297637573,42.04226242943757,288.6545802497056,0.0005216115223042689,-3.2826528236835504,-3.2888408,0.019403548960644453,0.0029282207751012367,0.019181325427660063,-3.3268717266842986,-3.2508098147585724,-3.3268717266842986,-3.2508098147585724
id_test,1253,6508029577517650568,-1.0,9.89297888860932e-10,2413.8801533334354,510.75595836241,38.53132745549709,285.1813868750008,0.000493341551583232,-3.3068523046405423,-3.3117967,0.019392368183420047,0.0024351731440664694,0.019238863708611928,-3.3498057068311535,-3.2737876235521473,-3.3498057068311535,-3.2737876235521473
id_test,1254,13867644369009061341,-2.2,9.244750759855351e-10,2606.766252024905,514.7015322051607,39.36697999872778,300.425811364213,0.0005141938988842637,-3.2888730807398665,-3.2923126,0.019456951829988793,0.0023341923912594768,0.019316431789334107,-3.3304482476570905,-3.2541769964835345,-3.3304482476570905,-3.2541769964835345
id_test,1273,13944279034983237670,-0.2,1.000096056099185e-09,2446.239819629679,503.61049666576776,43.101977222602514,303.9832024614659,0.0004670250888095172,-3.330659788301429,-3.3381252,0.019667405553643578,0.004405806795417146,0.019167569158334306,-3.3766733437669774,-3.2995771139966945,-3.3766733437669774,-3.2995771139966945
id_test,1287,15854623793106210877,-2.8000000000000003,1.0732744646319759e-09,2458.1779927472685,500.451348042105,41.29986197643443,296.3385514465405,0.0005246653710408834,-3.280117599156254,-3.2767215,0.019827297303026906,0.002939327415526198,0.019608213920506778,-3.3155829802224774,-3.2378599747946124,-3.3155829802224774,-3.2378599747946124
id_test,1302,18026431441542812131,-2.8000000000000003,1.0308127820747194e-09,2437.7200106987866,482.5972990901911,40.648465379108416,299.4728047413536,0.0005361200007123656,-3.2707379905046188,-3.2750802,0.01979341238486491,0.0025889509771647844,0.01962336626362669,-3.313875292284345,-3.2362851157356745,-3.313875292284345,-3.2362851157356745
id_test,1322,12886194249589357920,-1.4,1.0040157435828723e-09,2421.1156291426087,502.3421578152334,38.33334239027114,293.10089722857373,0.0005063609475238365,-3.2955397961362505,-3.3035939,0.019227364718641036,0.002393501830817317,0.01907780608188935,-3.3412795088261977,-3.2659082391291245,-3.3412795088261977,-3.2659082391291245
id_test,1323,6508029577517650568,-1.4,9.89297888860932e-10,2413.8801533334354,510.75595836241,38.53132745549709,285.1813868750008,0.0005032751154874564,-3.298194542826902,-3.3020816,0.019238836626676057,0.0022441239659875697,0.019107505486862457,-3.339789704718705,-3.264373465142135,-3.339789704718705,-3.264373465142135
id_test,1326,6508029577517650568,-2.0,9.89297888860932e-10,2413.8801533334354,510.75595836241,38.53132745549709,285.1813868750008,0.0005146033960655125,-3.2885273520400804,-3.2921853,0.019354908449723058,0.002157921825585469,0.019234236759868344,-3.3301209271105296,-3.254249685987615,-3.3301209271105296,-3.254249685987615
id_test,1329,15854623793106210877,-0.6000000000000001,1.0732744646319759e-09,2458.1779927472685,500.451348042105,41.29986197643443,296.3385514465405,0.0004784525078622224,-3.3201611646729354,-3.315179,0.019613735927230907,0.0035765795845909246,0.019284882688141,-3.353622031990737,-3.2767361871559917,-3.353622031990737,-3.2767361871559917
id_test,1340,13806398585976261423,-2.2,9.308015570351787e-10,2751.659002613549,471.438867720947,38.31893407640898,299.3638589999156,0.0005152072494984484,-3.2880180346330623,-3.298602,0.01959525927648281,0.0037938758978677558,0.01922448184656755,-3.337008812368918,-3.2601953960051056,-3.337008812368918,-3.2601953960051056
id_test,1351,8562678507013604755,-2.8000000000000003,9.926993823896762e-10,2332.1716999604114,489.929360905385,39.90607827400121,296.137708789732,0.000520295257410748,-3.2837501327619094,-3.275402,0.019825488229710714,0.0025847974545126443,0.019656265399322977,-3.31426002602203,-3.236544112161564,-3.31426002602203,-3.236544112161564
id_test,1352,15854623793106210877,-0.2,1.0732744646319759e-09,2458.1779927472685,500.451348042105,41.29986197643443,296.3385514465405,0.00045906650952406926,-3.3381243893499106,-3.3347902,0.019823809149686702,0.0040753103598682545,0.019400393915115464,-3.373644895730749,-3.2959355638639773,-3.373644895730749,-3.2959355638639773
id_test,1363,13867644369009061341,-1.8,9.244750759855351e-10,2606.766252024905,514.7015322051607,39.36697999872778,300.425811364213,0.0005073411044558733,-3.294699949992488,-3.2977238,0.019428449446581193,0.002428344095412358,0.019276093245854012,-3.3358035310569005,-3.2596440092263026,-3.3358035310569005,-3.2596440092263026
id_test,1404,17533524623644286140,-2.4000000000000004,9.581806245172891e-10,2592.420375814081,497.997415088655,37.83724802001972,293.41915116225954,0.0005195785186437147,-3.284348812617002,-3.2903516,0.01939038307752069,0.002468967168481197,0.01923255497165074,-3.3283567800891425,-3.252346478425262,-3.3283567800891425,-3.252346478425262
id_test,1412,18026431441542812131,-0.6000000000000001,1.0308127820747194e-09,2437.7200106987866,482.5972990901911,40.648465379108416,299.4728047413536,0.0004883434482777874,-3.3112746344956094,-3.3136642,0.019436706728828308,0.0030195769464238177,0.019200721510130987,-3.3517601431102566,-3.2755682527332493,-3.3517601431102566,-3.2755682527332493
id_test,1427,18026431441542812131,-2.6,1.0308127820747194e-09,2437.7200106987866,482.5972990901911,40.648465379108416,299.4728047413536,0.0005335532157852353,-3.2728222582089668,-3.276861,0.019734796242865373,0.0025147842183259263,0.019573911940532367,-3.3155411530133354,-3.2381807517413033,-3.3155411530133354,-3.2381807517413033
id_test,1450,13806398585976261423,-0.6000000000000001,9.308015570351787e-10,2751.659002613549,471.438867720947,38.31893407640898,299.3638589999156,0.0004743732965352852,-3.323879766300163,-3.3347874,0.020067373248137566,0.004842120817519619,0.019474427803206452,-3.374119420340764,-3.2954553172080643,-3.374119420340764,-3.2954553172080643
id_test,1510,6508029577517650568,-0.4,9.89297888860932e-10,2413.8801533334354,510.75595836241,38.53132745549709,285.1813868750008,0.00047178307054139155,-3.326257647389317,-3.330942,0.01930771817646756,0.0030208291474336604,0.019069938779518774,-3.3687850431379616,-3.2930987878862084,-3.3687850431379616,-3.2930987878862084
id_test,1512,13944279034983237670,-3.0,1.000096056099185e-09,2446.239819629679,503.61049666576776,43.101977222602514,303.9832024614659,0.0005383057507300656,-3.2689709805837293,-3.2763844,0.019894205933790193,0.003102533655335958,0.019650793494180207,-3.315376997267924,-3.2373917100074667,-3.315376997267924,-3.2373917100074667
id_test,1517,13806398585976261423,-2.4000000000000004,9.308015570351787e-10,2751.659002613549,471.438867720947,38.31893407640898,299.3638589999156,0.0005182923868309937,-3.285425170441913,-3.2959456,0.019595114388125896,0.003733466593189348,0.01923615686912161,-3.334352068579389,-3.2575392201779354,-3.334352068579389,-3.2575392201779354
id_test,1519,8562678507013604755,-2.2,9.926993823896762e-10,2332.1716999604114,489.929360905385,39.90607827400121,296.137708789732,0.0005124080759351874,-3.2903840340669905,-3.2817347,0.019590821901290318,0.0023775155333346704,0.0194460202065744,-3.3201327158978424,-3.2433366940447845,-3.3201327158978424,-3.2433366940447845
id_test,1565,17533524623644286140,-2.6,9.581806245172891e-10,2592.420375814081,497.997415088655,37.83724802001972,293.41915116225954,0.0005223442672592511,-3.2820431673244763,-3.2879531,0.019471383793614534,0.0025303671642261916,0.019306269292898453,-3.326117050586925,-3.249789226115956,-3.326117050586925,-3.249789226115956
id_test,1590,2124884718484563516,-3.0,9.603042271636284e-10,2438.0715583385486,503.6957420101608,43.08491203323523,298.5763734449834,0.0005396446261419705,-3.2678921433481154,-3.2747815,0.02004179706790084,0.0031461460663386757,0.01979331759808936,-3.3140633877834813,-3.2354995432773097,-3.3140633877834813,-3.2354995432773097
id_test,1594,6508029577517650568,0.0,9.89297888860932e-10,2413.8801533334354,510.75595836241,38.53132745549709,285.1813868750008,0.0004475996737192,-3.349110238725463,-3.3537576,0.01980148009356093,0.003731798007415486,0.01944665256977699,-3.3925685208411673,-3.314946718874409,-3.3925685208411673,-3.314946718874409
id_test,1602,13806398585976261423,-3.0,9.308015570351787e-10,2751.659002613549,471.438867720947,38.31893407640898,299.3638589999156,0.0005262478694612002,-3.2788096494139802,-3.289679,0.01972460260220347,0.003788729991528037,0.019357310617434828,-3.3283392715458753,-3.251018829345238,-3.3283392715458753,-3.251018829345238
id_test,1619,12886194249589357920,-1.8,1.0040157435828723e-09,2421.1156291426087,502.3421578152334,38.33334239027114,293.10089722857373,0.0005143626504115989,-3.288730574510448,-3.2962196,0.019286236784934557,0.002291701003139726,0.019149596231593412,-3.3340206114245214,-3.258418563227578,-3.3340206114245214,-3.258418563227578
id_test,1622,12886194249589357920,-2.2,1.0040157435828723e-09,2421.1156291426087,502.3421578152334,38.33334239027114,293.10089722857373,0.00052090409143631,-3.283242231391964,-3.2905905,0.019416477876829347,0.0022088720871124776,0.01929042500631703,-3.3286468213120473,-3.2525342280348766,-3.3286468213120473,-3.2525342280348766
id_test,1624,18237334030368139870,-0.2,1.0050965165320695e-09,2414.3235243349927,515.5034020410067,40.79653471954481,301.4383600393062,0.0004630743689209869,-3.3343492564585713,-3.3349862,0.019360634925063014,0.0036494523346814385,0.019013566375906163,-3.3729330543225085,-3.297039365416261,-3.3729330543225085,-3.297039365416261
id_test,1628,13867644369009061341,-0.2,9.244750759855351e-10,2606.766252024905,514.7015322051607,39.36697999872778,300.425811364213,0.0004543141919043611,-3.342643696446472,-3.346159,0.019715018305098666,0.004089676988323707,0.01928617314238526,-3.3848004172012356,-3.307517545445249,-3.3848004172012356,-3.307517545445249
id_test,1666,8562678507013604755,-1.8,9.926993823896762e-10,2332.1716999604114,489.929360905385,39.90607827400121,296.137708789732,0.0005059956497599781,-3.2958532169415404,-3.2869513,0.019508672911115535,0.0023435630795950965,0.019367394576256455,-3.325188302387842,-3.248714304576269,-3.325188302387842,-3.248714304576269
id_test,1672,8562678507013604755,-3.0,9.926993823896762e-10,2332.1716999604114,489.929360905385,39.90607827400121,296.137708789732,0.0005225674701799435,-3.2818576285946435,-3.2742171,0.019884322381294013,0.0026885981138922216,0.019701718366392337,-3.3131904006209982,-3.235243856886326,-3.3131904006209982,-3.235243856886326
id_test,1674,2124884718484563516,-0.6000000000000001,9.603042271636284e-10,2438.0715583385486,503.6957420101608,43.08491203323523,298.5763734449834,0.0004891914347519518,-3.3105211556270207,-3.3147056,0.01952968172286759,0.0035407048211907955,0.019206037694142496,-3.352983786452089,-3.2764274340984483,-3.352983786452089,-3.2764274340984483
id_test,1677,14082706842164037214,-2.6,1.011801650795657e-09,2503.197375042157,521.464297637573,42.04226242943757,288.6545802497056,0.0005338985680013892,-3.2725412439855615,-3.2792656,0.01969783346269162,0.002864517629972499,0.019488437288632605,-3.317873395753013,-3.2406578885792623,-3.317873395753013,-3.2406578885792623
id_test,1696,18237334030368139870,-2.8000000000000003,1.0050965165320695e-09,2414.3235243349927,515.5034020410067,40.79653471954481,301.4383600393062,0.0005303012228522851,-3.2754773714154988,-3.2764509,0.019679758978691207,0.0025939714602889997,0.019508055442977672,-3.3150232000194992,-3.23787854482303,-3.3150232000194992,-3.23787854482303
id_test,1700,15854623793106210877,-1.2000000000000002,1.0732744646319759e-09,2458.1779927472685,500.451348042105,41.29986197643443,296.3385514465405,0.0004973369556114204,-3.303349268453677,-3.298924,0.01957829379775632,0.00304049740336009,0.019340759492327168,-3.3372974251124012,-3.2605505134251964,-3.3372974251124012,-3.2605505134251964
id_test,1707,13867644369009061341,-2.4000000000000004,9.244750759855351e-10,2606.766252024905,514.7015322051607,39.36697999872778,300.425811364213,0.000517187243724049,-3.2863521954091524,-3.2898526,0.019429968743183562,0.002366882149739058,0.019285267251630368,-3.327935357907782,-3.251769880434503,-3.327935357907782,-3.251769880434503
id_test,1711,18026431441542812131,-2.4000000000000004,1.0308127820747194e-09,2437.7200106987866,482.5972990901911,40.648465379108416,299.4728047413536,0.0005307935217791979,-3.2750743862460263,-3.278938,0.019682882879993945,0.002415604583516465,0.019534092016124206,-3.31751650548324,-3.2403596045936642,-3.31751650548324,-3.2403596045936642
id_test,1712,2124884718484563516,-2.6,9.603042271636284e-10,2438.0715583385486,503.6957420101608,43.08491203323523,298.5763734449834,0.0005347585603761436,-3.271842254546307,-3.2774446,0.01994356140781859,0.0030823904499591875,0.019703920127778662,-3.3165339814182846,-3.2383552206996353,-3.3165339814182846,-3.2383552206996353
id_test,1716,8562678507013604755,-0.4,9.926993823896762e-10,2332.1716999604114,489.929360905385,39.90607827400121,296.137708789732,0.00046694916256572773,-3.3307303991319386,-3.322438,0.01928552317592435,0.0030185359845137697,0.019047830441170355,-3.360237627057502,-3.284638376207879,-3.360237627057502,-3.284638376207879
id_test,1725,13806398585976261423,-1.0,9.308015570351787e-10,2751.659002613549,471.438867720947,38.31893407640898,299.3638589999156,0.0004887221883229337,-3.310937943256537,-3.3221033,0.019769966198884454,0.0045123447614649,0.019248124376583072,-3.3608523956974454,-3.2833541281978182,-3.3608523956974454,-3.2833541281978182
id_test,1728,18237334030368139870,-0.6000000000000001,1.0050965165320695e-09,2414.3235243349927,515.5034020410067,40.79653471954481,301.4383600393062,0.00048299282724847774,-3.316059318750634,-3.3156412,0.01953525789346346,0.002925341288269736,0.019314985613958585,-3.3539302702508516,-3.2773520593084746,-3.3539302702508516,-3.2773520593084746
id_test,1729,6508029577517650568,-1.6,9.89297888860932e-10,2413.8801533334354,510.75595836241,38.53132745549709,285.1813868750008,0.0005074501076081408,-3.2946066510613203,-3.2982762,0.019251005894559765,0.002201770865002861,0.019124680850591946,-3.336008157542717,-3.2605442144360426,-3.336008157542717,-3.2605442144360426
id_test,1749,13867644369009061341,0.0,9.244750759855351e-10,2606.766252024905,514.7015322051607,39.36697999872778,300.425811364213,0.0004394353828734,-3.3571049770741244,-3.3579545,0.020040311623718308,0.003971488034939981,0.019642844946002023,-3.3972335128882007,-3.318675491323225,-3.3972335128882007,-3.318675491323225
id_test,1754,12886194249589357920,0.0,1.0040157435828723e-09,2421.1156291426087,502.3421578152334,38.33334239027114,293.10089722857373,0.0004492201885135,-3.3475407342382937,-3.3546367,0.019828111115199835,0.0036732299358521185,0.019484901741904623,-3.393499766944727,-3.315773571373144,-3.393499766944727,-3.315773571373144
id_test,1755,13867644369009061341,-1.0,9.244750759855351e-10,2606.766252024905,514.7015322051607,39.36697999872778,300.425811364213,0.0004884286734393481,-3.3111988485130732,-3.3141708,0.01929080144522564,0.0028493473450700705,0.019079208926167473,-3.351980808234986,-3.2763608665697017,-3.351980808234986,-3.2763608665697017
id_test,1759,17533524623644286140,-1.2000000000000002,9.581806245172891e-10,2592.420375814081,497.997415088655,37.83724802001972,293.41915116225954,0.0004965319718109774,-3.3040527819439487,-3.3102505,0.019270772999552124,0.002513131712451488,0.019106200137553465,-3.348021235785299,-3.2724798056270545,-3.348021235785299,-3.2724798056270545
id_test,1805,18237334030368139870,-2.6,1.0050965165320695e-09,2414.3235243349927,515.5034020410067,40.79653471954481,301.4383600393062,0.0005277953818459792,-3.277534414130335,-3.2782693,0.019571632995628807,0.0025383675066067307,0.01940632621316804,-3.3166296915955047,-3.23990889025264,-3.3166296915955047,-3.23990889025264
id_test,1808,13806398585976261423,-1.2000000000000002,9.308015570351787e-10,2751.659002613549,471.438867720947,38.31893407640898,299.3638589999156,0.0004944915014059084,-3.305841168018742,-3.3167536,0.01975438325298419,0.004469288884244335,0.019242170412981797,-3.3554722170456,-3.278035034693902,-3.3554722170456,-3.278035034693902
id_test,1811,17533524623644286140,-1.0,9.581806245172891e-10,2592.420375814081,497.997415088655,37.83724802001972,293.41915116225954,0.0004909995293249543,-3.3089189241940846,-3.3155615,0.019439469086287166,0.0026153751605184736,0.01926272966459839,-3.353662892383366,-3.2774601735651205,-3.353662892383366,-3.2774601735651205
id_test,1834,13806398585976261423,-1.4,9.308015570351787e-10,2751.659002613549,471.438867720947,38.31893407640898,299.3638589999156,0.000499569031876519,-3.3014044912386398,-3.3121047,0.01980140426414049,0.004352389708056474,0.019317150814731485,-3.350915454353565,-3.273293949638134,-3.350915454353565,-3.273293949638134
id_test,1844,6508029577517650568,-2.8000000000000003,9.89297888860932e-10,2413.8801533334354,510.75595836241,38.53132745549709,285.1813868750008,0.0005255612563635392,-3.2793766578465036,-3.2827017,0.019519339131558393,0.002288184752291054,0.019384756805343455,-3.320959635426004,-3.244443826030295,-3.320959635426004,-3.244443826030295
id_test,1851,8562678507013604755,-2.4000000000000004,9.926993823896762e-10,2332.1716999604114,489.929360905385,39.90607827400121,296.137708789732,0.0005152346698128312,-3.287994921265859,-3.2793944,0.01967771293843614,0.002435988987384588,0.01952634929065864,-3.3179627055581875,-3.2408260708395176,-3.3179627055581875,-3.2408260708395176
id_test,1853,8562678507013604755,-2.0,9.926993823896762e-10,2332.1716999604114,489.929360905385,39.90607827400121,296.137708789732,0.0005093443767845384,-3.2929884841358974,-3.284222,0.01954885573346437,0.0023474393509287554,0.01940740272011892,-3.3225376448260913,-3.2459061303509107,-3.3225376448260913,-3.2459061303509107
id_test,1854,13806398585976261423,-0.4,9.308015570351787e-10,2751.659002613549,471.438867720947,38.31893407640898,299.3638589999156,0.0004651303264062094,-3.332425343650162,-3.3435,0.02015424939021866,0.004953996971651778,0.019535906505827573,-3.383002227715351,-3.303997570105694,-3.383002227715351,-3.303997570105694
id_test,1856,2124884718484563516,-0.2,9.603042271636284e-10,2438.0715583385486,503.6957420101608,43.08491203323523,298.5763734449834,0.00046883682755965485,-3.328978281423089,-3.3328187,0.01960200403261152,0.004160667543871175,0.019155348434772446,-3.3712386744706913,-3.2943988186628537,-3.3712386744706913,-3.2943988186628537
id_test,1880,17533524623644286140,-0.2,9.581806245172891e-10,2592.420375814081,497.997415088655,37.83724802001972,293.41915116225954,0.00045762023053045285,-3.3394947844476977,-3.3469255,0.019557787355914676,0.003944025597869831,0.019155983506168626,-3.3852587602726465,-3.308592233837461,-3.3852587602726465,-3.308592233837461
id_test,1913,13867644369009061341,-1.6,9.244750759855351e-10,2606.766252024905,514.7015322051607,39.36697999872778,300.425811364213,0.0005033743514327827,-3.298108916946161,-3.3008676,0.019448903078647883,0.0024726804404133313,0.019291076326874733,-3.3389874075597845,-3.262747707491485,-3.3389874075597845,-3.262747707491485
id_test,1916,13867644369009061341,-2.0,9.244750759855351e-10,2606.766252024905,514.7015322051607,39.36697999872778,300.425811364213,0.0005109279853241649,-3.2916403088287995,-3.2949178,0.019434533403474646,0.00234514297202898,0.01929252250225025,-3.3330095073549657,-3.256826136413345,-3.3330095073549657,-3.256826136413345
id_test,1966,17533524623644286140,-1.6,9.581806245172891e-10,2592.420375814081,497.997415088655,37.83724802001972,293.41915116225954,0.0005058037858431756,-3.2960179243695356,-3.3017566,0.019373651857539486,0.002439610519258959,0.019219433773721165,-3.339728978047882,-3.263784262766327,-3.339728978047882,-3.263784262766327
id_test,1967,2124884718484563516,-0.8,9.603042271636284e-10,2438.0715583385486,503.6957420101608,43.08491203323523,298.5763734449834,0.0004967747501381426,-3.3038404864110924,-3.3086393,0.019438829952600607,0.003415429540762182,0.01913643034846965,-3.346739394655706,-3.270539181241511,-3.346739394655706,-3.270539181241511
id_test,1978,14082706842164037214,-1.6,1.011801650795657e-09,2503.197375042157,521.464297637573,42.04226242943757,288.6545802497056,0.0005177369434580156,-3.2858908445458286,-3.2920666,0.019316201592879202,0.0029769357613462794,0.019085426938643492,-3.329926329218723,-3.2542068189746365,-3.329926329218723,-3.2542068189746365
id_test,2034,18026431441542812131,-1.2000000000000002,1.0308127820747194e-09,2437.7200106987866,482.5972990901911,40.648465379108416,299.4728047413536,0.0005077866023215827,-3.2943187619391887,-3.296928,0.019476292394491182,0.0025646730372288844,0.01930669447929163,-3.3351014620177635,-3.2587543958313576,-3.3351014620177635,-3.2587543958313576
id_test,2039,13944279034983237670,-2.0,1.000096056099185e-09,2446.239819629679,503.61049666576776,43.101977222602514,303.9832024614659,0.0005241957542081933,-3.2805065009999117,-3.2872767,0.019681888972947474,0.0031068894461966355,0.019435122435579846,-3.325853247229506,-3.2487002424555524,-3.325853247229506,-3.2487002424555524
id_test,2065,8562678507013604755,0.0,9.926993823896762e-10,2332.1716999604114,489.929360905385,39.90607827400121,296.137708789732,0.0004427131165617,-3.3538776106934343,-3.346199,0.01966552606729412,0.0039654514714343,0.019261570557743104,-3.3847434667364276,-3.307654604552635,-3.3847434667364276,-3.307654604552635
id_test,2069,18026431441542812131,-1.6,1.0308127820747194e-09,2437.7200106987866,482.5972990901911,40.648465379108416,299.4728047413536,0.0005170933251950971,-3.28643106820288,-3.2890954,0.01955596609572734,0.0023863909607680462,0.01940981572060504,-3.3274250953115416,-3.2507657082162904,-3.3274250953115416,-3.2507657082162904
id_test,2084,14100953261967155807,-0.8,8.758150413106088e-10,2554.792538970499,492.8309420700668,37.207464786418186,297.95471711920453,0.0004737718514932316,-3.3244307458595905,-3.3215082,0.01943390645665923,0.002630730279633223,0.01925502349974625,-3.3595986258292463,-3.2834177125191424,-3.3595986258292463,-3.2834177125191424
id_test,2093,13944279034983237670,-0.8,1.000096056099185e-09,2446.239819629679,503.61049666576776,43.101977222602514,303.9832024614659,0.0004950713507353362,-3.3053322051117724,-3.3125477,0.019716861230834697,0.0037548836651246577,0.019356018809093774,-3.3511927317282564,-3.2739026357033842,-3.3511927317282564,-3.2739026357033842
id_test,2096,17533524623644286140,-2.8000000000000003,9.581806245172891e-10,2592.420375814081,497.997415088655,37.83724802001972,293.41915116225954,0.0005249095304195858,-3.279915541975503,-3.2857468,0.01958760592140562,0.0025504270926501585,0.019420855671762917,-3.3241385204263896,-3.2473551052144796,-3.3241385204263896,-3.2473551052144796
id_test,2103,8562678507013604755,-1.6,9.926993823896762e-10,2332.1716999604114,489.929360905385,39.90607827400121,296.137708789732,0.0005022965262674658,-3.2990398252808006,-3.2899985,0.019492337087398053,0.0022935608550856777,0.01935693147033263,-3.328203512032853,-3.2517935506502527,-3.328203512032853,-3.2517935506502527
id_test,2111,12886194249589357920,-2.8000000000000003,1.0040157435828723e-09,2421.1156291426087,502.3421578152334,38.33334239027114,293.10089722857373,0.0005289078751564558,-3.2766199665194335,-3.2835476,0.019440549655528425,0.0023811692250078884,0.019294170438048014,-3.3216511171716374,-3.245444162521966,-3.3216511171716374,-3.245444162521966
id_test,2114,13944279034983237670,-2.4000000000000004,1.000096056099185e-09,2446.239819629679,503.61049666576776,43.101977222602514,303.9832024614659,0.0005305110551596103,-3.275305561536835,-3.2819655,0.01990031697261952,0.003050291246943697,0.019665155044772686,-3.320970115422218,-3.2429608728895496,-3.320970115422218,-3.2429608728895496
id_test,2145,14082706842164037214,-3.0,1.011801650795657e-09,2503.197375042157,521.464297637573,42.04226242943757,288.6545802497056,0.0005386851031401349,-3.268665034317591,-3.276397,0.019818056946507668,0.002950666960599651,0.019597165844768137,-3.3152403814375426,-3.2375535982072328,-3.3152403814375426,-3.2375535982072328
id_test,2178,13944279034983237670,-1.2000000000000002,1.000096056099185e-09,2446.239819629679,503.61049666576776,43.101977222602514,303.9832024614659,0.000507217683452031,-3.2948056137782102,-3.301994,0.019432523923833007,0.0034713835284655857,0.019119949636395253,-3.3400818322026025,-3.263906338421177,-3.3400818322026025,-3.263906338421177
id_test,2189,13806398585976261423,-1.8,9.308015570351787e-10,2751.659002613549,471.438867720947,38.31893407640898,299.3638589999156,0.000508157022551432,-3.2940020682467455,-3.3046346,0.019727509848019235,0.004032354008762016,0.019311000507095145,-3.343300490377557,-3.265968651773322,-3.343300490377557,-3.265968651773322
id_test,2196,14082706842164037214,-0.6000000000000001,1.011801650795657e-09,2503.197375042157,521.464297637573,42.04226242943757,288.6545802497056,0.0004893829733548215,-3.310351144724077,-3.316955,0.019397367508781863,0.0033858327086211865,0.019099581312426554,-3.354973929886304,-3.2789362492518794,-3.354973929886304,-3.2789362492518794
id_test,2206,12886194249589357920,-2.4000000000000004,1.0040157435828723e-09,2421.1156291426087,502.3421578152334,38.33334239027114,293.10089722857373,0.0005237773445788251,-3.280853290441502,-3.2880557,0.01944838310547916,0.00224105287445978,0.019318832602949084,-3.3261744892271934,-3.249936827453715,-3.3261744892271934,-3.249936827453715
id_test,2220,14100953261967155807,-3.0,8.758150413106088e-10,2554.792538970499,492.8309420700668,37.207464786418186,297.95471711920453,0.0005158380099517185,-3.2874866596697974,-3.2851129,0.019498797483200117,0.002498855639219105,0.019338014738126626,-3.323330500885676,-3.246895214751531,-3.323330500885676,-3.246895214751531
id_test,2252,18237334030368139870,-0.8,1.0050965165320695e-09,2414.3235243349927,515.5034020410067,40.79653471954481,301.4383600393062,0.0004904144583384479,-3.3094367344846587,-3.309228,0.0194204386099505,0.0026986209690960383,0.019232026873901256,-3.3472920030959132,-3.271163883744907,-3.3472920030959132,-3.271163883744907
id_test,2254,12886194249589357920,-2.0,1.0040157435828723e-09,2421.1156291426087,502.3421578152334,38.33334239027114,293.10089722857373,0.0005177818354904981,-3.2858531892905165,-3.2932413,0.019326633554576773,0.002225280016484218,0.01919809591644828,-3.3311214642028837,-3.2553610606689425,-3.3311214642028837,-3.2553610606689425
id_test,2278,15854623793106210877,-3.0,1.0732744646319759e-09,2458.1779927472685,500.451348042105,41.29986197643443,296.3385514465405,0.0005269436082678321,-3.2782358590351013,-3.2755296,0.019888360297932405,0.0030224676045538653,0.019657354093144997,-3.3145108092155637,-3.2365484368476687,-3.3145108092155637,-3.2365484368476687
id_test,2293,2124884718484563516,-2.4000000000000004,9.603042271636284e-10,2438.0715583385486,503.6957420101608,43.08491203323523,298.5763734449834,0.0005320218105428371,-3.2740705631857043,-3.2794473,0.019873933750693837,0.0030371846055546508,0.01964048746348444,-3.318400227274773,-3.2404944069720534,-3.318400227274773,-3.2404944069720534
id_test,2296,13867644369009061341,-0.4,9.244750759855351e-10,2606.766252024905,514.7015322051607,39.36697999872778,300.425811364213,0.00046546886894760004,-3.332109359787645,-3.3346493,0.019432529340220182,0.0035047830029270905,0.019113861617211417,-3.3727370819239457,-3.296561566910283,-3.3727370819239457,-3.296561566910283
id_test,2299,6508029577517650568,-0.2,9.89297888860932e-10,2413.8801533334354,510.75595836241,38.53132745549709,285.1813868750008,0.00046132939808129597,-3.335988869220746,-3.3417609,0.019522020243209637,0.003631693016709727,0.019181242827755657,-3.3800240334712464,-3.303497714117865,-3.3800240334712464,-3.303497714117865
id_test,2306,14082706842164037214,-2.4000000000000004,1.011801650795657e-09,2503.197375042157,521.464297637573,42.04226242943757,288.6545802497056,0.0005312131012450989,-3.2747312225551584,-3.2813601,0.01962905888654681,0.002841646258080908,0.019422281535686536,-3.3198331048011767,-3.242887193965913,-3.3198331048011767,-3.242887193965913
id_test,2308,8562678507013604755,-1.0,9.926993823896762e-10,2332.1716999604114,489.929360905385,39.90607827400121,296.137708789732,0.0004882946862883762,-3.3113180017617356,-3.3029318,0.019396186736377878,0.0025941581563844116,0.019221925311821313,-3.340948311586797,-3.2649152595801954,-3.340948311586797,-3.2649152595801954
id_test,2323,2124884718484563516,-2.8000000000000003,9.603042271636284e-10,2438.0715583385486,503.6957420101608,43.08491203323523,298.5763734449834,0.0005372911041521473,-3.2697903499200778,-3.275811,0.019998455137732636,0.003090652471545082,0.01975818961907088,-3.315007929024912,-3.236613984885,-3.315007929024912,-3.236613984885
id_test,2325,12886194249589357920,-1.6,1.0040157435828723e-09,2421.1156291426087,502.3421578152334,38.33334239027114,293.10089722857373,0.0005105822607726566,-3.2919342780205625,-3.2996337,0.019289428391076974,0.0023428393148589395,0.01914662263503476,-3.337441021025295,-3.2618264617322734,-3.337441021025295,-3.2618264617322734
id_test,2332,2124884718484563516,-1.6,9.603042271636284e-10,2438.0715583385486,503.6957420101608,43.08491203323523,298.5763734449834,0.0005182630099007439,-3.28544978704947,-3.2900906,0.019576013498755967,0.0031545831049351373,0.019320169096484326,-3.3284595473706475,-3.2517215744555243,-3.3284595473706475,-3.2517215744555243
id_test,2342,18026431441542812131,0.0,1.0308127820747194e-09,2437.7200106987866,482.5972990901911,40.648465379108416,299.4728047413536,0.0004538819519842,-3.343057086059764,-3.3460748,0.019794620239204766,0.00386474119946182,0.01941367489646668,-3.384872275233661,-3.307277363895978,-3.384872275233661,-3.307277363895978
id_test,2369,6508029577517650568,-2.4000000000000004,9.89297888860932e-10,2413.8801533334354,510.75595836241,38.53132745549709,285.1813868750008,0.000520535322919527,-3.2835497944367735,-3.2870872,0.019441345864443037,0.002208021714326123,0.019315551626418292,-3.325192239966452,-3.248982164177835,-3.325192239966452,-3.248982164177835
id_test,2377,17533524623644286140,-0.8,9.581806245172891e-10,2592.420375814081,497.997415088655,37.83724802001972,293.41915116225954,0.0004846890576508235,-3.314536784806865,-3.3210702,0.01937374393612145,0.0026864791216724025,0.019186577969122275,-3.3590427323591827,-3.283097656129587,-3.3590427323591827,-3.283097656129587
id_test,2385,17533524623644286140,-1.4,9.581806245172891e-10,2592.420375814081,497.997415088655,37.83724802001972,293.41915116225954,0.0005014290179995646,-3.299790536767059,-3.3056648,0.019268946322977615,0.0024799917167880486,0.01910868761336323,-3.3434319125487733,-3.2678976429627014,-3.3434319125487733,-3.2678976429627014
id_test,2399,14100953261967155807,-2.6,8.758150413106088e-10,2554.792538970499,492.8309420700668,37.207464786418186,297.95471711920453,0.0005109956551656837,-3.291582792518106,-3.2888103,0.0194990534074941,0.002415057866936066,0.01934891657141156,-3.3270283978219988,-3.2505921084646223,-3.3270283978219988,-3.2505921084646223
id_test,2442,13867644369009061341,-2.8000000000000003,9.244750759855351e-10,2606.766252024905,514.7015322051607,39.36697999872778,300.425811364213,0.0005224995492710072,-3.281914079856523,-3.285478,0.019508999248442783,0.0024790953047107134,0.019350843451148795,-3.323715753608735,-3.2472404765548393,-3.323715753608735,-3.2472404765548393
id_test,2446,14082706842164037214,-0.2,1.011801650795657e-09,2503.197375042157,521.464297637573,42.04226242943757,288.6545802497056,0.0004695209516921161,-3.3283450232035143,-3.335954,0.01974325122324435,0.0039222327640743085,0.01934973038358449,-3.374650723279517,-3.297257178484399,-3.374650723279517,-3.297257178484399
id_test,2458,18026431441542812131,-1.4,1.0308127820747194e-09,2437.7200106987866,482.5972990901911,40.648465379108416,299.4728047413536,0.0005127154474370662,-3.290123597645199,-3.2926357,0.019506192205789738,0.002447498133081434,0.019352035056327127,-3.330867815968343,-3.254403542521647,-3.330867815968343,-3.254403542521647
id_test,2459,14082706842164037214,-2.0,1.011801650795657e-09,2503.197375042157,521.464297637573,42.04226242943757,288.6545802497056,0.000525111190099075,-3.2797487268157828,-3.2860892,0.019440829953564692,0.0028642353007910424,0.019228676838433992,-3.324193208609011,-3.2479851551910377,-3.324193208609011,-3.2479851551910377
id_test,2489,2124884718484563516,-2.2,9.603042271636284e-10,2438.0715583385486,503.6957420101608,43.08491203323523,298.5763734449834,0.0005290492670528148,-3.2765038829499007,-3.281708,0.019784754289966903,0.0030166646227450726,0.01955341903965866,-3.3204861204987894,-3.2429298836821188,-3.3204861204987894,-3.2429298836821188
id_test,2490,13806398585976261423,0.0,9.308015570351787e-10,2751.659002613549,471.438867720947,38.31893407640898,299.3638589999156,0.0004385943484486,-3.3579369687674805,-3.3642159,0.020801538801765634,0.005161513997885532,0.02015099955791412,-3.4049868668815386,-3.3234448347786176,-3.4049868668815386,-3.3234448347786176
id_test,2499,14100953261967155807,-1.0,8.758150413106088e-10,2554.792538970499,492.8309420700668,37.207464786418186,297.95471711920453,0.00048004422936895184,-3.3187187466120256,-3.3160877,0.019423307941056053,0.0025598504214986275,0.019253884704342868,-3.3541574063427904,-3.2780180392138503,-3.3541574063427904,-3.2780180392138503
id_test,2503,13806398585976261423,-2.0,9.308015570351787e-10,2751.659002613549,471.438867720947,38.31893407640898,299.3638589999156,0.0005118441668036476,-3.2908622417557765,-3.301463,0.0196753879542416,0.0039089010040933335,0.019283190067149052,-3.340026649107965,-3.2628991283273376,-3.340026649107965,-3.2628991283273376
id_test,2510,14100953261967155807,-0.4,8.758150413106088e-10,2554.792538970499,492.8309420700668,37.207464786418186,297.95471711920453,0.00045767536502300813,-3.339442463413871,-3.3353958,0.01940068504592608,0.003089686323482878,0.019153078968546445,-3.3734211556782965,-3.297370470298266,-3.3734211556782965,-3.297370470298266
id_test,2519,14100953261967155807,-1.4,8.758150413106088e-10,2554.792538970499,492.8309420700668,37.207464786418186,297.95471711920453,0.000490408932595123,-3.3094416279238987,-3.306223,0.019395861753147423,0.0023819077155466752,0.019249050578789867,-3.344238804685583,-3.2682070266132452,-3.344238804685583,-3.2682070266132452
id_test,2521,13944279034983237670,-1.6,1.000096056099185e-09,2446.239819629679,503.61049666576776,43.101977222602514,303.9832024614659,0.0005166237570453995,-3.2868256265860616,-3.2935636,0.019414590265899125,0.003276557097381056,0.0191361040111424,-3.3316162012760207,-3.255511007433696,-3.3316162012760207,-3.255511007433696
id_test,2534,12886194249589357920,-1.2000000000000002,1.0040157435828723e-09,2421.1156291426087,502.3421578152334,38.33334239027114,293.10089722857373,0.0005016077810065154,-3.299635735291408,-3.3083298,0.019269833256377395,0.0024691518334314187,0.0191109855156219,-3.3460986938154345,-3.2705609474504347,-3.3460986938154345,-3.2705609474504347
id_test,2551,15854623793106210877,-1.6,1.0732744646319759e-09,2458.1779927472685,500.451348042105,41.29986197643443,296.3385514465405,0.0005063970780398954,-3.295508808904625,-3.2907796,0.019550037859965144,0.002838646425896879,0.019342855634163596,-3.3290976648122212,-3.2524615164011577,-3.3290976648122212,-3.2524615164011577
ood_test,3,3371631208540637995,-1.2000000000000002,1.0806933086411387e-09,2604.781653428076,466.5836923998952,39.33731057072893,297.69705044733973,0.0004974542674632956,-3.3032468391419063,-3.3019114,0.019556526691799875,0.0033427880026991683,0.019268717480619504,-3.340242146380869,-3.2635805617490137,-3.340242146380869,-3.2635805617490137
ood_test,11,4253972365711734043,-2.0,1.1064539714677527e-09,2488.434465234489,500.4335716276796,41.129719458135625,288.0815978442095,0.0005137974748424007,-3.2892080344891084,-3.2837613,0.019980203267052268,0.003644344681576138,0.019645030458226825,-3.3229224612970993,-3.244600064490254,-3.3229224612970993,-3.244600064490254
ood_test,13,17451691503515762550,-2.6,1.08604047901988e-09,2575.5622449220923,476.6697423761544,40.75046782180591,305.2870639056014,0.0005224094354191619,-3.281988987717916,-3.2787206,0.019914272294173932,0.00348242855748644,0.01960742041978575,-3.3177525909908923,-3.239688643597731,-3.3177525909908923,-3.239688643597731
ood_test,18,4837710515318421738,-0.4,1.0991618704794608e-09,2475.161456337068,505.0064403774024,34.84085283436253,301.39850617403,0.00045138356096731483,-3.345454261632175,-3.3255098,0.01974244824384577,0.004678454861848446,0.01918010267825548,-3.3642049851637728,-3.286814588047897,-3.3642049851637728,-3.286814588047897
ood_test,25,5857788625354206728,-2.2,1.1037395013588123e-09,2531.0169366346463,492.6438219382251,36.10636397779454,299.96382807834965,0.0005024071795098378,-3.2989441630622087,-3.2865372,0.019783286449042686,0.0034967372983039672,0.019471806271814125,-3.32531241185028,-3.2477619289700326,-3.32531241185028,-3.2477619289700326
ood_test,28,14988660033747214345,-2.2,1.1774606839117e-09,2487.5677489208106,509.6158544320055,42.33569419095241,299.8381908200232,0.000517330876881308,-3.286231599961331,-3.286537,0.020440695025927918,0.00487609070525541,0.019850585059682516,-3.326600694242396,-3.2464731697407583,-3.326600694242396,-3.2464731697407583
ood_test,37,7155552337602576564,-2.8000000000000003,1.1762312017058683e-09,2610.23254556298,515.3751788116352,39.24041391228537,297.93305834844136,0.0005191868177083972,-3.284676342920285,-3.2819746,0.02037342485132075,0.004663958578625011,0.019832396831551444,-3.3219064667704785,-3.242042641353301,-3.3219064667704785,-3.242042641353301
ood_test,40,3779633422659776445,-2.6,1.0976147775803618e-09,2495.918019735696,486.14991613464105,39.05845567786759,297.2376267822416,0.0005195138192802067,-3.2844028955421956,-3.2786188,0.019847201171795417,0.003295969090489305,0.01957161133008011,-3.317519326857754,-3.2397182982643162,-3.317519326857754,-3.2397182982643162
ood_test,41,3779633422659776445,-1.0,1.0976147775803618e-09,2495.918019735696,486.14991613464105,39.05845567786759,297.2376267822416,0.0004890231650392767,-3.3106705678488844,-3.3028843,0.019748915410131802,0.003595676411670473,0.019418824526572582,-3.341592214490113,-3.2641764660823966,-3.341592214490113,-3.2641764660823966
ood_test,42,13161242281976296834,-0.6000000000000001,1.1425395479879979e-09,2554.3812528255967,503.27354733950745,40.19858533526689,297.9110382121584,0.00047562463714934073,-3.3227356572054028,-3.315704,0.019925653477723786,0.0047027080895178635,0.019362752732448137,-3.3547583881008847,-3.276649826468207,-3.3547583881008847,-3.276649826468207
ood_test,44,15038946426069692038,-0.8,1.2307353848142815e-09,2445.249484887284,482.48119148575233,42.87746783295031,307.55593866537106,0.0004913861521330746,-3.3085770866368347,-3.3064547,0.021044838851341754,0.006553054614503196,0.019998567527766502,-3.3477025426569305,-3.265206774359671,-3.3477025426569305,-3.265206774359671
ood_test,46,12823118457006761398,-2.8000000000000003,1.0941860864671191e-09,2539.112215454232,503.69324532533454,39.339075937042885,294.39428351617613,0.0005271956005623655,-3.278028222578425,-3.28034,0.019741937749354597,0.0031900022147642337,0.019482504990580025,-3.3190341542723045,-3.241645758294834,-3.3190341542723045,-3.241645758294834
ood_test,54,17234994038809733169,-2.6,1.2225799825820127e-09,2598.953191343567,516.8045118894966,39.85430360518959,306.74502895459364,0.0005133466421105078,-3.289589274428206,-3.2847414,0.02104791129696634,0.006050067235955315,0.020159645465940988,-3.3259953078144173,-3.2434874955303092,-3.3259953078144173,-3.2434874955303092
ood_test,63,14988660033747214345,-1.0,1.1774606839117e-09,2487.5677489208106,509.6158544320055,42.33569419095241,299.8381908200232,0.0004920513748395169,-3.30798955039425,-3.306324,0.020341977307387158,0.005098008889412853,0.01969279893081317,-3.346194280649432,-3.2664537296044744,-3.346194280649432,-3.2664537296044744
ood_test,74,4253972365711734043,-0.6000000000000001,1.1064539714677527e-09,2488.434465234489,500.4335716276796,41.129719458135625,288.0815978442095,0.00047900874044456455,-3.319656561967041,-3.3129086,0.019880051560007134,0.0043902062462585646,0.01938923751163334,-3.351873550502194,-3.2739437483869662,-3.351873550502194,-3.2739437483869662
ood_test,75,11892504857466714026,-2.0,1.1942019403763875e-09,2464.50260258804,490.2741317287723,40.32854625878799,294.3650499716886,0.0005189269288869853,-3.2848937916994303,-3.2838998,0.020760566540986156,0.005009173030747282,0.02014719048363384,-3.3245904945084677,-3.243209073667802,-3.3245904945084677,-3.243209073667802
ood_test,80,12849312948239067464,0.0,1.1459805246638944e-09,2630.825732937456,497.4739907663986,41.26661222078493,300.2753689300697,0.0004356814079796,-3.3608309725043335,-3.3455927,0.020708787233697293,0.005575059559452725,0.019944237102118574,-3.386181960175923,-3.305003514219829,-3.386181960175923,-3.305003514219829
ood_test,92,15038946426069692038,-0.2,1.2307353848142815e-09,2445.249484887284,482.48119148575233,42.87746783295031,307.55593866537106,0.0004637480473733956,-3.3337179059844337,-3.327367,0.021080753560597295,0.006448611774719274,0.020070216851404036,-3.3686853443158067,-3.2860487903582656,-3.3686853443158067,-3.2860487903582656
ood_test,96,2216844718377656366,-2.4000000000000004,1.2225745089622023e-09,2432.279761567632,478.07469592026655,37.79561575023349,300.3431374384869,0.0005149090075329866,-3.288269510799188,-3.2865727,0.020827647142042226,0.005491861144262934,0.020090554031146485,-3.327394883176845,-3.24575050638004,-3.327394883176845,-3.24575050638004
ood_test,101,2216844718377656366,-3.0,1.2225745089622023e-09,2432.279761567632,478.07469592026655,37.79561575023349,300.3431374384869,0.0005221480408120353,-3.2822063472034917,-3.28114,0.021007941067814093,0.00565002980547646,0.02023390007180933,-3.3223156535279497,-3.2399645245421187,-3.3223156535279497,-3.2399645245421187
ood_test,102,11892504857466714026,-1.4,1.1942019403763875e-09,2464.50260258804,490.2741317287723,40.32854625878799,294.3650499716886,0.0005074369181230273,-3.2946179392549007,-3.2928355,0.020587503492091888,0.005049075216535651,0.01995876114432628,-3.333186980858782,-3.2524839671697823,-3.333186980858782,-3.2524839671697823
ood_test,104,12882774050561771087,-1.8,1.1421949243104863e-09,2464.085688286918,515.1290966367517,40.96326376678826,298.8654192354596,0.0005079297556599722,-3.294196344485041,-3.2869873,0.020043053669725263,0.004065200673207551,0.019626465791187146,-3.3262716898801616,-3.2477029194948384,-3.3262716898801616,-3.2477029194948384
ood_test,114,16519722322841066187,-2.8000000000000003,1.0933784852654091e-09,2410.884334287086,539.0569290920441,39.62193192256099,289.3285700165644,0.0005286205893597778,-3.2768559254434377,-3.2753677,0.02008929607522527,0.003839426359906253,0.019718991225090965,-3.314742757123848,-3.2359927165089646,-3.314742757123848,-3.2359927165089646
ood_test,122,12823118457006761398,-1.0,1.0941860864671191e-09,2539.112215454232,503.69324532533454,39.339075937042885,294.39428351617613,0.0004940958488375093,-3.3061887948345996,-3.3078718,0.019685165887187883,0.003571562655970792,0.01935845347512859,-3.3464547436813685,-3.2692888934035924,-3.3464547436813685,-3.2692888934035924
ood_test,123,12849312948239067464,-1.4,1.1459805246638944e-09,2630.825732937456,497.4739907663986,41.26661222078493,300.2753689300697,0.0004939315142708849,-3.3063332637001266,-3.297539,0.020182912911144695,0.0045033494964652945,0.01967408937541658,-3.3370975050486416,-3.257980486436954,-3.3370975050486416,-3.257980486436954
ood_test,127,17451691503515762550,-2.0,1.08604047901988e-09,2575.5622449220923,476.6697423761544,40.75046782180591,305.2870639056014,0.0005132537575358329,-3.2896678624715365,-3.2857027,0.019851695419053236,0.0034843747331029813,0.019543513821613782,-3.324612028404645,-3.2467933823619566,-3.324612028404645,-3.2467933823619566
ood_test,133,10954724855113224492,-2.8000000000000003,1.1396379394271226e-09,2408.4924726992253,490.0725825278824,43.06550150160359,292.35304316269765,0.0005398389635600943,-3.2677357728946217,-3.270243,0.021113117828060125,0.00491770988577801,0.020532410709949187,-3.311624640401616,-3.2288612185156205,-3.311624640401616,-3.2288612185156205
ood_test,138,3134241803077969267,0.0,1.0942344693420075e-09,2360.838758300681,491.3731844386217,39.51420947268076,305.7035776891924,0.0004495261188244,-3.3472450693773252,-3.344486,0.0200536819754579,0.005117999081851951,0.019389592284993252,-3.383791214825584,-3.305180781481789,-3.383791214825584,-3.305180781481789
ood_test,144,16519722322841066187,-2.6,1.0933784852654091e-09,2410.884334287086,539.0569290920441,39.62193192256099,289.3285700165644,0.0005262039351214668,-3.2788459084450166,-3.2770483,0.020054575679341647,0.0038016561995193416,0.019690947880496378,-3.3163553177120026,-3.2377413810489837,-3.3163553177120026,-3.2377413810489837
ood_test,147,9216328605101287225,-2.0,1.104689398918354e-09,2572.8324404304963,485.2307246352714,40.714467773434976,300.93677074401546,0.0005142861315750317,-3.2887951868623526,-3.2803483,0.020159099764933183,0.0036865955482529326,0.019819140223942513,-3.319860136473107,-3.240836465394569,-3.319860136473107,-3.240836465394569
ood_test,154,10954724855113224492,-0.6000000000000001,1.1396379394271226e-09,2408.4924726992253,490.0725825278824,43.06550150160359,292.35304316269765,0.000492740933986632,-3.3073813576234556,-3.3066304,0.02061718529380668,0.0054611867895984646,0.019880738087081466,-3.3470400561769598,-3.2662206898252375,-3.3470400561769598,-3.2662206898252375
ood_test,158,3371631208540637995,-2.0,1.0806933086411387e-09,2604.781653428076,466.5836923998952,39.33731057072893,297.69705044733973,0.0005141285107165059,-3.2889283119012456,-3.2877138,0.0196315626115181,0.003122836644134368,0.019381592281136912,-3.326191628816598,-3.249235903379447,-3.326191628816598,-3.249235903379447
ood_test,165,15038946426069692038,-2.2,1.2307353848142815e-09,2445.249484887284,482.48119148575233,42.87746783295031,307.55593866537106,0.000523356807318937,-3.281202122577083,-3.282248,0.02141291621225066,0.006582186652919803,0.02037615741865015,-3.3242173359481306,-3.2402787043961077,-3.3242173359481306,-3.2402787043961077
ood_test,166,3134241803077969267,-2.4000000000000004,1.0942344693420075e-09,2360.838758300681,491.3731844386217,39.51420947268076,305.7035776891924,0.0005252515136312829,-3.2796326874022257,-3.278708,0.020014812626998817,0.0035423571578031346,0.019698843618899613,-3.3179370138585367,-3.2394789483607016,-3.3179370138585367,-3.2394789483607016
ood_test,171,4261926717090881150,-0.4,1.243555870393131e-09,2440.816535503744,483.6779599156501,38.81204244575611,302.5323056028984,0.0004648573013982947,-3.3326803432957925,-3.3212082,0.02110692418932639,0.006286753876791699,0.020148919665239216,-3.3625778100127643,-3.279838667190605,-3.3625778100127643,-3.279838667190605
ood_test,173,4837710515318421738,-1.6,1.0991618704794608e-09,2475.161456337068,505.0064403774024,34.84085283436253,301.39850617403,0.0004866292192634076,-3.3128018177564496,-3.2925806,0.019627493550653456,0.0034580385660408735,0.019320468351875703,-3.3310504919125035,-3.254110717193942,-3.3310504919125035,-3.254110717193942
ood_test,177,2671493380122846465,0.0,1.120623623770265e-09,2459.871490367434,512.0011452017391,38.21649432972869,303.56534322943094,0.0004412805074253,-3.355285256111838,-3.348087,0.020260550050803343,0.005032019690372391,0.019625715621563514,-3.387797750472011,-3.308376394272862,-3.387797750472011,-3.308376394272862
ood_test,184,2216844718377656366,-1.6,1.2225745089622023e-09,2432.279761567632,478.07469592026655,37.79561575023349,300.3431374384869,0.0005019514868191744,-3.2993382550160364,-3.296118,0.02060835658271268,0.005497752480887507,0.019861497725741802,-3.3365103999134695,-3.2557256421092355,-3.3365103999134695,-3.2557256421092355
ood_test,187,4253972365711734043,-2.2,1.1064539714677527e-09,2488.434465234489,500.4335716276796,41.129719458135625,288.0815978442095,0.000516900041168426,-3.286593433242989,-3.2816105,0.020023370518734103,0.003635652734258289,0.019690540297361517,-3.3208562951083205,-3.2423646826748826,-3.3208562951083205,-3.2423646826748826
ood_test,193,12823118457006761398,-2.2,1.0941860864671191e-09,2539.112215454232,503.69324532533454,39.339075937042885,294.39428351617613,0.000519120756775787,-3.2847316057330507,-3.2864764,0.019632189558333516,0.003094648072658673,0.019386748681726778,-3.324955465206819,-3.2479972821381518,-3.324955465206819,-3.2479972821381518
ood_test,201,7155552337602576564,-3.0,1.1762312017058683e-09,2610.23254556298,515.3751788116352,39.24041391228537,297.93305834844136,0.0005214899125053425,-3.2827540879769272,-3.2806838,0.02043437410209559,0.004742051710378889,0.01987653361653747,-3.320735129114741,-3.2406323826345265,-3.320735129114741,-3.2406323826345265
ood_test,208,128968913270984251,-1.2000000000000002,1.25959298622376e-09,2354.3009197629594,499.1918367180637,40.77134716523017,305.22981462209646,0.0005032564669798712,-3.2982106356034864,-3.2956233,0.021134015603875105,0.006385623254173336,0.020146226366716827,-3.337045973043312,-3.2542006318761216,-3.337045973043312,-3.2542006318761216
ood_test,211,17451691503515762550,-2.8000000000000003,1.08604047901988e-09,2575.5622449220923,476.6697423761544,40.75046782180591,305.2870639056014,0.0005250157810999656,-3.2798276422290376,-3.2768161,0.01991845103687885,0.00351954536617046,0.019605038563525884,-3.3158562937167306,-3.237775965652166,-3.3158562937167306,-3.237775965652166
ood_test,217,2671493380122846465,-1.8,1.120623623770265e-09,2459.871490367434,512.0011452017391,38.21649432972869,303.56534322943094,0.0005064618977677577,-3.2954532219950154,-3.291482,0.019754998012928463,0.004016302206846982,0.019342420969092864,-3.3302017678460625,-3.252762175635383,-3.3302017678460625,-3.252762175635383
ood_test,221,15038946426069692038,-2.0,1.2307353848142815e-09,2445.249484887284,482.48119148575233,42.87746783295031,307.55593866537106,0.0005201153323585705,-3.283900343570727,-3.2845404,0.021371035352522702,0.006537164288630793,0.020346661128196077,-3.326427644101125,-3.242653185519236,-3.326427644101125,-3.242653185519236
ood_test,226,4253972365711734043,-1.4,1.1064539714677527e-09,2488.434465234489,500.4335716276796,41.129719458135625,288.0815978442095,0.0005024255991992016,-3.298928240871732,-3.2927895,0.019781182182625496,0.0038802940167084288,0.019396867847065038,-3.3315605763064617,-3.2540183421505695,-3.3315605763064617,-3.2540183421505695
ood_test,231,3779633422659776445,0.0,1.0976147775803618e-09,2495.918019735696,486.14991613464105,39.05845567786759,297.2376267822416,0.0004422673483714,-3.3543151224562338,-3.344078,0.019930700196473375,0.004424045125129578,0.019433492103040403,-3.3831422363499315,-3.305013891579756,-3.3831422363499315,-3.305013891579756
ood_test,263,9216328605101287225,-1.2000000000000002,1.104689398918354e-09,2572.8324404304963,485.2307246352714,40.714467773434976,300.93677074401546,0.0004973069054937524,-3.303375510208737,-3.2930238,0.01981037109310743,0.0038238396902398053,0.019437823858682993,-3.331852152034263,-3.254195497349282,-3.331852152034263,-3.254195497349282
ood_test,272,17234994038809733169,-1.4,1.2225799825820127e-09,2598.953191343567,516.8045118894966,39.85430360518959,306.74502895459364,0.0004925724047884514,-3.307529922143275,-3.3004913,0.02069662202810397,0.005792915453229494,0.019869381277273897,-3.3410567121828962,-3.2599259538327288,-3.3410567121828962,-3.2599259538327288
ood_test,275,3134241803077969267,-1.0,1.0942344693420075e-09,2360.838758300681,491.3731844386217,39.51420947268076,305.7035776891924,0.0004973363925898388,-3.303349760106874,-3.3008964,0.01979886127036219,0.004132902804691863,0.01936269586038281,-3.339702174263616,-3.262090638083796,-3.339702174263616,-3.262090638083796
ood_test,295,15425818973916266975,-3.0,1.1154637147520875e-09,2350.383805501934,499.6014506673355,39.64774721352306,306.8220229508652,0.0005322851430675079,-3.273855655513973,-3.275335,0.020310124888512294,0.004297052511442535,0.019850352155034025,-3.3151429182525534,-3.2355272286895853,-3.3151429182525534,-3.2355272286895853
ood_test,296,14988660033747214345,-0.2,1.1774606839117e-09,2487.5677489208106,509.6158544320055,42.33569419095241,299.8381908200232,0.000458843133683254,-3.3383357628716714,-3.3326433,0.02036624272192772,0.005079033253996328,0.019722759676467437,-3.3725611062275322,-3.292725434757575,-3.3725611062275322,-3.292725434757575
ood_test,301,2216844718377656366,-2.8000000000000003,1.2225745089622023e-09,2432.279761567632,478.07469592026655,37.79561575023349,300.3431374384869,0.0005199084605383956,-3.2840731151779954,-3.282494,0.020946608607646678,0.005592311768175249,0.02018629409083821,-3.3235494210167396,-3.2414387152747643,-3.3235494210167396,-3.2414387152747643
ood_test,303,12823118457006761398,-2.4000000000000004,1.0941860864671191e-09,2539.112215454232,503.69324532533454,39.339075937042885,294.39428351617613,0.0005220213816336979,-3.282311708232692,-3.284244,0.019643385230622652,0.003076962214438012,0.01940089899321946,-3.322745095568378,-3.245743025464337,-3.322745095568378,-3.245743025464337
ood_test,306,10954724855113224492,-3.0,1.1396379394271226e-09,2408.4924726992253,490.0725825278824,43.06550150160359,292.35304316269765,0.0005421464027510932,-3.26588341951098,-3.268997,0.0211455985478472,0.004951454993446071,0.020557709300343233,-3.310442327118014,-3.2275515808104527,-3.310442327118014,-3.2275515808104527
ood_test,315,3371631208540637995,-1.6,1.0806933086411387e-09,2604.781653428076,466.5836923998952,39.33731057072893,297.69705044733973,0.0005067095258116253,-3.295240931176987,-3.2936332,0.019579244373705396,0.0031898525870685457,0.019317650476448307,-3.3320085415524185,-3.2552579036074936,-3.3320085415524185,-3.2552579036074936
ood_test,321,17234994038809733169,0.0,1.2225799825820127e-09,2598.953191343567,516.8045118894966,39.85430360518959,306.74502895459364,0.0004341012587345,-3.362408954864698,-3.347737,0.021806676727042975,0.007499580460071379,0.020476509532020733,-3.39047816028332,-3.304995987513311,-3.39047816028332,-3.304995987513311
ood_test,327,3779633422659776445,-2.0,1.0976147775803618e-09,2495.918019735696,486.14991613464105,39.05845567786759,297.2376267822416,0.0005107650641611564,-3.291778815717371,-3.2848744,0.019750644591737174,0.0032770296771620078,0.019476884134789967,-3.3235857026393067,-3.246163175839697,-3.3235857026393067,-3.246163175839697
ood_test,331,7155552337602576564,-0.6000000000000001,1.1762312017058683e-09,2610.23254556298,515.3751788116352,39.24041391228537,297.93305834844136,0.00047286150975314793,-3.3252660354921435,-3.3183682,0.02023277346327709,0.005153205937008657,0.019565520602702686,-3.35802443247545,-3.2787119604994035,-3.35802443247545,-3.2787119604994035
ood_test,339,12823118457006761398,-2.0,1.0941860864671191e-09,2539.112215454232,503.69324532533454,39.339075937042885,294.39428351617613,0.0005159653629349619,-3.2873794518439445,-3.2888463,0.0195814298859302,0.003184970391079372,0.019320671466394736,-3.3272258569251782,-3.2504666517723315,-3.3272258569251782,-3.2504666517723315
ood_test,344,13161242281976296834,0.0,1.1425395479879979e-09,2554.3812528255967,503.27354733950745,40.19858533526689,297.9110382121584,0.0004415571043773,-3.355013123315751,-3.3434277,0.020414039630546728,0.005013220087539029,0.01978890324254236,-3.3834391757569264,-3.303416140405183,-3.3834391757569264,-3.303416140405183
ood_test,346,5355939635520617484,-2.6,1.117839944989197e-09,2400.8118901118505,474.17775422532,39.11984591644459,301.1260229250646,0.0005224383391840109,-3.281964959824306,-3.27808,0.020098093642093015,0.003708695084972196,0.019752946556286222,-3.317472250110768,-3.238687723033763,-3.317472250110768,-3.238687723033763
ood_test,351,3262830124868165494,-2.0,1.0882818479532783e-09,2447.508764517909,466.8571183944717,43.278933930679706,307.8168200832177,0.0005205668213593718,-3.283523515365709,-3.2835667,0.019914631129824223,0.004242406581241709,0.01945750565557736,-3.3225993903475852,-3.2445340363186745,-3.3225993903475852,-3.2445340363186745
ood_test,358,3684234868495982631,-2.4000000000000004,1.1395831540373824e-09,2538.761869465952,510.72502895181066,40.87821813200619,300.974125232131,0.0005203076051480248,-3.2837398261322495,-3.2826974,0.02001891147799292,0.003896112575450773,0.019636117793131628,-3.321934505690592,-3.2434603726968594,-3.321934505690592,-3.2434603726968594
ood_test,362,3134241803077969267,-2.2,1.0942344693420075e-09,2360.838758300681,491.3731844386217,39.51420947268076,305.7035776891924,0.0005223494963968953,-3.2820388196664294,-3.280877,0.019961275702071915,0.0035387176841462495,0.019645102225356884,-3.320001213718346,-3.241753012966224,-3.320001213718346,-3.241753012966224
ood_test,363,4261926717090881150,-1.8,1.243555870393131e-09,2440.816535503744,483.6779599156501,38.81204244575611,302.5323056028984,0.0005050901979002542,-3.2966310595991875,-3.2913465,0.02096584896898634,0.0059743529137435206,0.02009661496839445,-3.332439613967006,-3.25025348600858,-3.332439613967006,-3.25025348600858
ood_test,370,10954724855113224492,-0.2,1.1396379394271226e-09,2408.4924726992253,490.0725825278824,43.06550150160359,292.35304316269765,0.0004728914515534509,-3.325238536643742,-3.3238797,0.020676126419036673,0.005336438929870942,0.019975600692050965,-3.3644049265618294,-3.2833545109992057,-3.3644049265618294,-3.2833545109992057
ood_test,376,17234994038809733169,-0.4,1.2225799825820127e-09,2598.953191343567,516.8045118894966,39.85430360518959,306.74502895459364,0.000459571788381265,-3.3376466390925303,-3.326899,0.021137078570822133,0.006722104120501357,0.02003969550967724,-3.368327725665071,-3.2854703776674485,-3.368327725665071,-3.2854703776674485
ood_test,381,3684234868495982631,-0.4,1.1395831540373824e-09,2538.761869465952,510.72502895181066,40.87821813200619,300.974125232131,0.0004692717770964282,-3.3285755643041437,-3.3246782,0.019859807812943442,0.004958059939080849,0.019230953075143963,-3.3636034059152977,-3.2857529592885597,-3.3636034059152977,-3.2857529592885597
ood_test,384,14988660033747214345,-1.6,1.1774606839117e-09,2487.5677489208106,509.6158544320055,42.33569419095241,299.8381908200232,0.0005066817576834584,-3.2952647315491332,-3.2945704,0.020261277200781483,0.004892412988004958,0.019661730533981778,-3.334282549327936,-3.2548583427008726,-3.334282549327936,-3.2548583427008726
ood_test,393,10813817281839957845,-2.2,1.1201765668553064e-09,2329.913862262383,487.444276821995,41.61971486534147,298.1037724082114,0.0005312052378225044,-3.2747376513618085,-3.2752855,0.020500936084079727,0.0041930653252296455,0.02006754928072073,-3.3154673171314126,-3.23510364768182,-3.3154673171314126,-3.23510364768182
ood_test,396,13161242281976296834,-2.8000000000000003,1.1425395479879979e-09,2554.3812528255967,503.27354733950745,40.19858533526689,297.9110382121584,0.0005223495017691188,-3.282038815199828,-3.2780962,0.020311902817602236,0.004017482302202567,0.019910631127896053,-3.3179075285581447,-3.2382848695131443,-3.3179075285581447,-3.2382848695131443
ood_test,401,2359625090975412513,-0.6000000000000001,1.1065063764088472e-09,2603.202340784687,488.6799605874269,40.68035124967265,296.73843693227377,0.00048182059453564895,-3.317114640821616,-3.3067977,0.019973015721272063,0.004419307817497316,0.019477963349934433,-3.345944853657321,-3.2676506320299348,-3.345944853657321,-3.2676506320299348
ood_test,403,7155552337602576564,-2.2,1.1762312017058683e-09,2610.23254556298,515.3751788116352,39.24041391228537,297.93305834844136,0.000511159772977932,-3.2914433314168066,-3.2882621,0.020330116773572385,0.004724275466197258,0.01977359111600081,-3.328109157706158,-3.248415099953754,-3.328109157706158,-3.248415099953754
ood_test,404,15038946426069692038,-1.2000000000000002,1.2307353848142815e-09,2445.249484887284,482.48119148575233,42.87746783295031,307.55593866537106,0.0005033234922406957,-3.298152798765587,-3.29754,0.021026326994077024,0.006415509524503955,0.02002367789870624,-3.3387515503255054,-3.256328348508723,-3.3387515503255054,-3.256328348508723
ood_test,406,2359625090975412513,-1.0,1.1065063764088472e-09,2603.202340784687,488.6799605874269,40.68035124967265,296.73843693227377,0.0004957278474268396,-3.304756683991527,-3.295748,0.01996839418891565,0.004118590678632353,0.019539038531711073,-3.3348860479868616,-3.256609942766312,-3.3348860479868616,-3.256609942766312
ood_test,407,12882774050561771087,-2.6,1.1421949243104863e-09,2464.085688286918,515.1290966367517,40.96326376678826,298.8654192354596,0.0005199981562338656,-3.283998196247658,-3.2782998,0.02007235226204748,0.003977053711285703,0.01967440894225986,-3.31764161893581,-3.2389579980685843,-3.31764161893581,-3.2389579980685843
ood_test,409,4835108955857078241,-3.0,1.089765313742217e-09,2571.102793798516,524.9230612365601,38.57048554783602,303.1708876105774,0.0005233261761630441,-3.281227541815176,-3.2791991,0.019927004866323757,0.0035858128321019983,0.019601721026381667,-3.318256052920563,-3.240142193844574,-3.318256052920563,-3.240142193844574
ood_test,411,3262830124868165494,-0.6000000000000001,1.0882818479532783e-09,2447.508764517909,466.8571183944717,43.278933930679706,307.8168200832177,0.00048378760137881237,-3.3153452660315264,-3.3141253,0.0198425593279871,0.005320605476063869,0.019115917136144037,-3.35301671573659,-3.2752338831708805,-3.35301671573659,-3.2752338831708805
ood_test,412,16519722322841066187,-0.8,1.0933784852654091e-09,2410.884334287086,539.0569290920441,39.62193192256099,289.3285700165644,0.0004902588904511418,-3.3095745220072184,-3.3049946,0.019647351380130983,0.004238424521096053,0.01918473775157983,-3.3435033918349397,-3.266485774424826,-3.3435033918349397,-3.266485774424826
ood_test,414,17234994038809733169,-2.2,1.2225799825820127e-09,2598.953191343567,516.8045118894966,39.85430360518959,306.74502895459364,0.0005076112862288975,-3.2944687303668507,-3.2891746,0.020907450836570567,0.005866951372465674,0.020067396267783057,-3.330153160371856,-3.2481959530924995,-3.330153160371856,-3.2481959530924995
ood_test,416,16519722322841066187,-0.6000000000000001,1.0933784852654091e-09,2410.884334287086,539.0569290920441,39.62193192256099,289.3285700165644,0.00048317638484217417,-3.3158942999319523,-3.3111327,0.019811021059568338,0.004541234755079659,0.019283508279895535,-3.3499622707256065,-3.2723030681720986,-3.3499622707256065,-3.2723030681720986
ood_test,420,10954724855113224492,-1.2000000000000002,1.1396379394271226e-09,2408.4924726992253,490.0725825278824,43.06550150160359,292.35304316269765,0.0005119236113452848,-3.2907948391145605,-3.2917118,0.02055596251547954,0.0049888182477465185,0.01994139620704569,-3.3320014937813163,-3.251422120720637,-3.3320014937813163,-3.251422120720637
ood_test,424,12849312948239067464,-2.6,1.1459805246638944e-09,2630.825732937456,497.4739907663986,41.26661222078493,300.2753689300697,0.0005145436218520156,-3.2885778008305038,-3.2806923,0.020494737028958817,0.00446720696042424,0.020001956832040778,-3.320862023520241,-3.240522654366722,-3.320862023520241,-3.240522654366722
ood_test,437,4253972365711734043,-1.8,1.1064539714677527e-09,2488.434465234489,500.4335716276796,41.129719458135625,288.0815978442095,0.0005103966189210478,-3.292092211224189,-3.2861972,0.020003553312160385,0.003748172422891586,0.019649257948416314,-3.325404150008192,-3.246990221024523,-3.325404150008192,-3.246990221024523
ood_test,440,4835108955857078241,-0.2,1.089765313742217e-09,2571.102793798516,524.9230612365601,38.57048554783602,303.1708876105774,0.00045298253234203254,-3.3439185446841457,-3.338703,0.01996416263643578,0.0048847687730811246,0.01935734582395146,-3.3778326758664132,-3.299573158331585,-3.3778326758664132,-3.299573158331585
ood_test,443,128968913270984251,0.0,1.25959298622376e-09,2354.3009197629594,499.1918367180637,40.77134716523017,305.22981462209646,0.0004502219963531,-3.346573290629572,-3.3345146,0.02175852369096726,0.007325293307675736,0.020488372774029096,-3.377161324354218,-3.291867911485626,-3.377161324354218,-3.291867911485626
ood_test,452,14988660033747214345,-2.8000000000000003,1.1774606839117e-09,2487.5677489208106,509.6158544320055,42.33569419095241,299.8381908200232,0.0005255901131670363,-3.2793528128496923,-3.2799942,0.02055648248864827,0.004911880160557545,0.019961022485971522,-3.3202849550216227,-3.2397035436661215,-3.3202849550216227,-3.2397035436661215
ood_test,454,2359625090975412513,-1.8,1.1065063764088472e-09,2603.202340784687,488.6799605874269,40.68035124967265,296.73843693227377,0.0005148295672503208,-3.2883365190230536,-3.2811205,0.02015116340362614,0.0039931857434357555,0.01975155183658886,-3.3206168189826553,-3.2416242584404404,-3.3206168189826553,-3.2416242584404404
ood_test,471,128968913270984251,-2.6,1.25959298622376e-09,2354.3009197629594,499.1918367180637,40.77134716523017,305.22981462209646,0.0005282241123873622,-3.277181777991338,-3.276327,0.021846664559453537,0.006795330966903387,0.020762952459536407,-3.3191463572966606,-3.233507432223603,-3.3191463572966606,-3.233507432223603
ood_test,477,5355939635520617484,-2.4000000000000004,1.117839944989197e-09,2400.8118901118505,474.17775422532,39.11984591644459,301.1260229250646,0.0005197928274538222,-3.284169717560512,-3.2800426,0.020054011020978736,0.003663117202473629,0.019716616139315062,-3.319348509916548,-3.2407367867143115,-3.319348509916548,-3.2407367867143115
ood_test,482,7155552337602576564,-2.4000000000000004,1.1762312017058683e-09,2610.23254556298,515.3751788116352,39.24041391228537,297.93305834844136,0.0005140456105328491,-3.2889983449659668,-3.286023,0.02033951555941647,0.004624262554073461,0.019806868044702497,-3.3258883520314906,-3.246157451038578,-3.3258883520314906,-3.246157451038578
ood_test,484,3684234868495982631,-2.2,1.1395831540373824e-09,2538.761869465952,510.72502895181066,40.87821813200619,300.974125232131,0.0005173519836777148,-3.2862138813625976,-3.2849026,0.01999392703805498,0.0039523570169163955,0.019599387917606365,-3.3240906696264236,-3.2457144756372482,-3.3240906696264236,-3.2457144756372482
ood_test,489,5355939635520617484,-2.2,1.117839944989197e-09,2400.8118901118505,474.17775422532,39.11984591644459,301.1260229250646,0.0005169330444221443,-3.2865657051093486,-3.2821164,0.019983256755321744,0.0036480853739683417,0.019647443458712947,-3.321283596356886,-3.2429492298760243,-3.321283596356886,-3.2429492298760243
ood_test,491,12849312948239067464,-3.0,1.1459805246638944e-09,2630.825732937456,497.4739907663986,41.26661222078493,300.2753689300697,0.0005194730347915441,-3.2844369912159053,-3.277483,0.020543749916498443,0.004490996071417665,0.02004686138990875,-3.317748736286532,-3.2372172366138585,-3.317748736286532,-3.2372172366138585
ood_test,494,16519722322841066187,-1.2000000000000002,1.0933784852654091e-09,2410.884334287086,539.0569290920441,39.62193192256099,289.3285700165644,0.0005015938268414597,-3.299647817044141,-3.2955077,0.01962119293827303,0.00403468000852915,0.019201888741567034,-3.333965207607868,-3.2570501312898372,-3.333965207607868,-3.2570501312898372
ood_test,500,3262830124868165494,0.0,1.0882818479532783e-09,2447.508764517909,466.8571183944717,43.278933930679706,307.8168200832177,0.0004483845932534,-3.3483493184231516,-3.3462164,0.02014659874333506,0.005252099688132579,0.019449957920050068,-3.3857037737377422,-3.306729106663869,-3.3857037737377422,-3.306729106663869
ood_test,513,17938021924088880075,-0.4,1.0849323731926979e-09,2551.147301026894,487.27717818808753,44.82712146868644,302.5978918999191,0.00047404372494593526,-3.3241815979315366,-3.316326,0.02051481015982652,0.005538520273051157,0.019753030510287425,-3.356534930852103,-3.2761168750255827,-3.356534930852103,-3.2761168750255827
ood_test,540,12849312948239067464,-1.6,1.1459805246638944e-09,2630.825732937456,497.4739907663986,41.26661222078493,300.2753689300697,0.0004982636464397297,-3.3025407980116936,-3.2937763,0.020248372658338877,0.0045084866011758555,0.019740065033489105,-3.3334630841377613,-3.2540894633170727,-3.3334630841377613,-3.2540894633170727
ood_test,553,10954724855113224492,0.0,1.1396379394271226e-09,2408.4924726992253,490.0725825278824,43.06550150160359,292.35304316269765,0.0004583574547372,-3.338795700880053,-3.3338444,0.020579495363654787,0.005049865670538891,0.01995030074756013,-3.3741802342068308,-3.293508612381304,-3.3741802342068308,-3.293508612381304
ood_test,555,12849312948239067464,-1.8,1.1459805246638944e-09,2630.825732937456,497.4739907663986,41.26661222078493,300.2753689300697,0.0005021420135043439,-3.299173440307066,-3.290501,0.020338544672015492,0.004542056014784952,0.019824887010734375,-3.330364665263449,-3.2506375701491486,-3.330364665263449,-3.2506375701491486
ood_test,562,15425818973916266975,-2.6,1.1154637147520875e-09,2350.383805501934,499.6014506673355,39.64774721352306,306.8220229508652,0.0005275203033417021,-3.277760820467093,-3.2784815,0.020216879075114304,0.004140812761111432,0.019788276295726947,-3.318106566446697,-3.2388564004722484,-3.318106566446697,-3.2388564004722484
ood_test,565,4374302465450070181,-3.0,1.1621717411232646e-09,2521.3696634346124,503.94444076752967,42.25069338145754,304.38892783295006,0.0005329482516114318,-3.2733149581979366,-3.2793336,0.020453391037464318,0.004573038087945757,0.019935608797350023,-3.319422237894612,-3.2392449450277514,-3.319422237894612,-3.2392449450277514
ood_test,567,9216328605101287225,-3.0,1.104689398918354e-09,2572.8324404304963,485.2307246352714,40.714467773434976,300.93677074401546,0.0005281619659588727,-3.2772328764515457,-3.2713182,0.020434352436546892,0.0038633948887248247,0.020065816036824974,-3.311369528025998,-3.2312668664747344,-3.311369528025998,-3.2312668664747344
ood_test,569,12882774050561771087,-1.2000000000000002,1.1421949243104863e-09,2464.085688286918,515.1290966367517,40.96326376678826,298.8654192354596,0.0004950662033937874,-3.30533672056929,-3.2973704,0.01998659731211145,0.004053611974324083,0.019571211871526013,-3.3365441645391116,-3.2581967030756345,-3.3365441645391116,-3.2581967030756345
ood_test,576,3684234868495982631,-2.6,1.1395831540373824e-09,2538.761869465952,510.72502895181066,40.87821813200619,300.974125232131,0.0005230396957261419,-3.2814653494107238,-3.2806416,0.02008232112264165,0.0038812131099070562,0.019703700764098105,-3.3200029051865103,-3.2412802063857553,-3.3200029051865103,-3.2412802063857553
ood_test,578,10813817281839957845,-3.0,1.1201765668553064e-09,2329.913862262383,487.444276821995,41.61971486534147,298.1037724082114,0.0005416088344021887,-3.2663142603110398,-3.2683475,0.020880680342961925,0.004366369403353166,0.020419051142779688,-3.3092736352269663,-3.227421368282555,-3.3092736352269663,-3.227421368282555
ood_test,590,4261926717090881150,-2.2,1.243555870393131e-09,2440.816535503744,483.6779599156501,38.81204244575611,302.5323056028984,0.0005117144216163717,-3.290972343160477,-3.2869215,0.021083961415901232,0.0060472026441885434,0.02019813702139467,-3.3282460655348345,-3.2455969367845015,-3.3282460655348345,-3.2455969367845015
ood_test,598,9216328605101287225,-2.4000000000000004,1.104689398918354e-09,2572.8324404304963,485.2307246352714,40.714467773434976,300.93677074401546,0.0005205452083275208,-3.2835415468939284,-3.2761512,0.020180332002656173,0.0036654685915556424,0.019844648699339558,-3.31570463099254,-3.2365977295421278,-3.31570463099254,-3.2365977295421278
ood_test,600,14988660033747214345,-1.2000000000000002,1.1774606839117e-09,2487.5677489208106,509.6158544320055,42.33569419095241,299.8381908200232,0.0004975252014708432,-3.303184915757412,-3.3019662,0.020312384876060744,0.0049493192442784315,0.019700184174725237,-3.341778464695214,-3.2621539159810555,-3.341778464695214,-3.2621539159810555
ood_test,601,3371631208540637995,-0.8,1.0806933086411387e-09,2604.781653428076,466.5836923998952,39.33731057072893,297.69705044733973,0.0004855840536081275,-3.313735583760866,-3.3121824,0.01953710081919949,0.0036492732553804904,0.019193257728604897,-3.350475144058268,-3.2738897088470056,-3.350475144058268,-3.2738897088470056
ood_test,606,17234994038809733169,-2.0,1.2225799825820127e-09,2598.953191343567,516.8045118894966,39.85430360518959,306.74502895459364,0.0005043723286362098,-3.297248748130386,-3.2914293,0.020896207770893654,0.005811037330617681,0.020071954157590173,-3.3323858484656927,-3.2504727140037897,-3.3323858484656927,-3.2504727140037897
ood_test,610,3371631208540637995,-0.2,1.0806933086411387e-09,2604.781653428076,466.5836923998952,39.33731057072893,297.69705044733973,0.00045823453004896464,-3.3389121878557115,-3.338301,0.019723634422996073,0.004457446630736273,0.019213352525021297,-3.376959266843706,-3.2996426199055615,-3.376959266843706,-3.2996426199055615
ood_test,612,4261926717090881150,-2.0,1.243555870393131e-09,2440.816535503744,483.6779599156501,38.81204244575611,302.5323056028984,0.000508558838850713,-3.2936587931642434,-3.2890007,0.021040244400921213,0.005998438233410537,0.02016706727046648,-3.330239628613818,-3.2477618705622073,-3.330239628613818,-3.2477618705622073
ood_test,616,4374302465450070181,-1.8,1.1621717411232646e-09,2521.3696634346124,503.94444076752967,42.25069338145754,304.38892783295006,0.0005151404029653135,-3.2880743866428834,-3.2922308,0.020327567009310116,0.004596372560940746,0.019801094175974764,-3.3320728758359284,-3.252388813159433,-3.3320728758359284,-3.252388813159433
ood_test,620,128968913270984251,-2.2,1.25959298622376e-09,2354.3009197629594,499.1918367180637,40.77134716523017,305.22981462209646,0.0005227044429915914,-3.2817438083802855,-3.28087,0.02156265629797268,0.006606343739716877,0.020525699806240316,-3.3231327671289383,-3.238607154440886,-3.3231327671289383,-3.238607154440886
ood_test,628,10954724855113224492,-1.6,1.1396379394271226e-09,2408.4924726992253,490.0725825278824,43.06550150160359,292.35304316269765,0.0005211179407591377,-3.2830639749265584,-3.2843242,0.020469225845368186,0.004931337854432576,0.019866331851294803,-3.324443851815857,-3.244204486502014,-3.324443851815857,-3.244204486502014
ood_test,631,17938021924088880075,-2.4000000000000004,1.0849323731926979e-09,2551.147301026894,487.27717818808753,44.82712146868644,302.5978918999191,0.0005264240515277595,-3.278664276675322,-3.2752583,0.02072699712737706,0.0048869004599583835,0.020142655613472216,-3.3158832170582575,-3.2346333883189398,-3.3158832170582575,-3.2346333883189398
ood_test,632,17938021924088880075,-2.6,1.0849323731926979e-09,2551.147301026894,487.27717818808753,44.82712146868644,302.5978918999191,0.0005291831539516746,-3.2763939896211194,-3.273234,0.020847817767879067,0.004903219357465948,0.020263018569258,-3.3140956133584902,-3.2323721677084043,-3.3140956133584902,-3.2323721677084043
ood_test,633,17938021924088880075,-1.4,1.0849323731926979e-09,2551.147301026894,487.27717818808753,44.82712146868644,302.5978918999191,0.000508186286328206,-3.293977058790462,-3.2887821,0.020450650345554156,0.005263419937326724,0.019761718395314893,-3.328865394428263,-3.2486988450736902,-3.328865394428263,-3.2486988450736902
ood_test,646,3684234868495982631,-0.2,1.1395831540373824e-09,2538.761869465952,510.72502895181066,40.87821813200619,300.974125232131,0.00045839157969394497,-3.3387633686280194,-3.3348033,0.020055102422994343,0.004965601581172569,0.019430643083386757,-3.374111343568283,-3.295495342070145,-3.374111343568283,-3.295495342070145
ood_test,662,5857788625354206728,-2.8000000000000003,1.1037395013588123e-09,2531.0169366346463,492.6438219382251,36.10636397779454,299.96382807834965,0.0005104055963903303,-3.2920845723979553,-3.2802804,0.019953576307703745,0.003560357166479901,0.019633366268447118,-3.3193893612018934,-3.2411713420756945,-3.3193893612018934,-3.2411713420756945
ood_test,664,12849312948239067464,-1.2000000000000002,1.1459805246638944e-09,2630.825732937456,497.4739907663986,41.26661222078493,300.2753689300697,0.0004890613325475689,-3.3106366731531014,-3.3017688,0.02017598941423923,0.004563157920691561,0.019653197015988774,-3.3413137190065476,-3.2622238405027297,-3.3413137190065476,-3.2622238405027297
ood_test,665,17938021924088880075,-1.2000000000000002,1.0849323731926979e-09,2551.147301026894,487.27717818808753,44.82712146868644,302.5978918999191,0.0005031562378005325,-3.2982971388430613,-3.292722,0.020469660510438917,0.005318534385018121,0.019766643245353065,-3.33284252137109,-3.2526014521701696,-3.33284252137109,-3.2526014521701696
ood_test,669,15425818973916266975,-1.8,1.1154637147520875e-09,2350.383805501934,499.6014506673355,39.64774721352306,306.8220229508652,0.0005152997648719414,-3.287940055704735,-3.287894,0.019997631846882153,0.004331927951409019,0.019522798848865933,-3.3270893689637124,-3.248698652123934,-3.3270893689637124,-3.248698652123934
ood_test,676,3684234868495982631,-1.0,1.1395831540373824e-09,2538.761869465952,510.72502895181066,40.87821813200619,300.974125232131,0.0004919083983934389,-3.3081157626311724,-3.3051605,0.01973904946089394,0.004158499634904689,0.01929603502933274,-3.3438490594042896,-3.2664719855175854,-3.3438490594042896,-3.2664719855175854
ood_test,681,3779633422659776445,-2.8000000000000003,1.0976147775803618e-09,2495.918019735696,486.14991613464105,39.05845567786759,297.2376267822416,0.0005219939649689209,-3.2823345180625787,-3.2768645,0.019906184274026007,0.0033573584227220505,0.01962101690568987,-3.315880649833097,-3.2378484074789147,-3.315880649833097,-3.2378484074789147
ood_test,683,2216844718377656366,-0.6000000000000001,1.2225745089622023e-09,2432.279761567632,478.07469592026655,37.79561575023349,300.3431374384869,0.00047464492664514823,-3.3236311568252925,-3.3172576,0.020797816389680143,0.005709205866500135,0.019998853242189942,-3.358021362869745,-3.2764939226221985,-3.358021362869745,-3.2764939226221985
ood_test,687,5355939635520617484,-2.8000000000000003,1.117839944989197e-09,2400.8118901118505,474.17775422532,39.11984591644459,301.1260229250646,0.0005248964984299268,-3.2799263243887142,-3.2763336,0.02017519591351821,0.0037525183965505106,0.01982314564225786,-3.315876954470842,-3.236790186489851,-3.315876954470842,-3.236790186489851
ood_test,688,3371631208540637995,-1.8,1.0806933086411387e-09,2604.781653428076,466.5836923998952,39.33731057072893,297.69705044733973,0.0005106096793948086,-3.291910956731319,-3.2904577,0.019592411610925956,0.00324100968688077,0.019322485956098104,-3.328858852282317,-3.2520565987674876,-3.328858852282317,-3.2520565987674876
ood_test,694,15038946426069692038,-2.8000000000000003,1.2307353848142815e-09,2445.249484887284,482.48119148575233,42.87746783295031,307.55593866537106,0.0005315774670430562,-3.274433436582327,-3.2756133,0.02159315462005399,0.00669851710845437,0.020527888026658704,-3.3179358910081866,-3.233290724897575,-3.3179358910081866,-3.233290724897575
ood_test,695,4835108955857078241,-0.8,1.089765313742217e-09,2571.102793798516,524.9230612365601,38.57048554783602,303.1708876105774,0.0004804870785893271,-3.3183182870231334,-3.313366,0.019712831438777067,0.004144474238841214,0.019272235424089165,-3.3520030858993,-3.274728786659294,-3.3520030858993,-3.274728786659294
ood_test,696,15425818973916266975,-2.2,1.1154637147520875e-09,2350.383805501934,499.6014506673355,39.64774721352306,306.8220229508652,0.0005219439458418089,-3.2823761355394154,-3.2828472,0.020108242597560732,0.004147236596300072,0.01967592011428147,-3.3222593215526204,-3.2434350105701824,-3.3222593215526204,-3.2434350105701824
ood_test,702,17938021924088880075,-2.2,1.0849323731926979e-09,2551.147301026894,487.27717818808753,44.82712146868644,302.5978918999191,0.0005234388205619069,-3.2811340712822763,-3.2774167,0.020665687686855134,0.004921925527620555,0.020071004935737886,-3.317921453951441,-3.236911958218969,-3.317921453951441,-3.236911958218969
ood_test,705,15038946426069692038,-2.6,1.2307353848142815e-09,2445.249484887284,482.48119148575233,42.87746783295031,307.55593866537106,0.0005290544382932872,-3.276499637919493,-3.2776704,0.021506186399390934,0.006637726287004378,0.0204562116210853,-3.3198225087961752,-3.235518258110563,-3.3198225087961752,-3.235518258110563
ood_test,719,15038946426069692038,-0.6000000000000001,1.2307353848142815e-09,2445.249484887284,482.48119148575233,42.87746783295031,307.55593866537106,0.00048388928950376985,-3.315253990540455,-3.311842,0.02105921529699896,0.006472981454712937,0.02003973748667784,-3.3531180267037977,-3.2705659027395617,-3.3531180267037977,-3.2705659027395617
ood_test,720,2359625090975412513,-3.0,1.1065063764088472e-09,2603.202340784687,488.6799605874269,40.68035124967265,296.73843693227377,0.0005324844894642348,-3.2736930381018077,-3.2698796,0.020565888044976322,0.004083856403256598,0.020156336053377532,-3.310188720112221,-3.2295704389759137,-3.310188720112221,-3.2295704389759137
ood_test,721,12849312948239067464,-0.6000000000000001,1.1459805246638944e-09,2630.825732937456,497.4739907663986,41.26661222078493,300.2753689300697,0.00046995925772234525,-3.3279397908160373,-3.317899,0.02018766443679329,0.0050530880823833595,0.01954502770182898,-3.3574668110198695,-3.27833116642764,-3.3574668110198695,-3.27833116642764
ood_test,727,3262830124868165494,-0.2,1.0882818479532783e-09,2447.508764517909,466.8571183944717,43.278933930679706,307.8168200832177,0.0004634999301468232,-3.3339503269711592,-3.334186,0.02014221959430469,0.005755679822551839,0.019302361369552243,-3.373664827522757,-3.2947073267130826,-3.373664827522757,-3.2947073267130826
ood_test,732,2671493380122846465,-2.0,1.120623623770265e-09,2459.871490367434,512.0011452017391,38.21649432972869,303.56534322943094,0.0005099116023189249,-3.2925051061620416,-3.2888114,0.019722349385138987,0.003911528628921233,0.019330572622149232,-3.3274672500310785,-3.2501556404413336,-3.3274672500310785,-3.2501556404413336
ood_test,733,17451691503515762550,-3.0,1.08604047901988e-09,2575.5622449220923,476.6697423761544,40.75046782180591,305.2870639056014,0.000527439824612764,-3.2778270816783563,-3.2755218,0.019962231694408167,0.0035681642115431597,0.01964074609597201,-3.314647729339546,-3.2363957810974657,-3.314647729339546,-3.2363957810974657
ood_test,752,3684234868495982631,-0.8,1.1395831540373824e-09,2538.761869465952,510.72502895181066,40.87821813200619,300.974125232131,0.000485566616078209,-3.3137511797404784,-3.310259,0.019692430616485325,0.004397069824380912,0.01919524960498822,-3.3488562677833356,-3.2716619397667133,-3.3488562677833356,-3.2716619397667133
ood_test,756,2216844718377656366,-2.2,1.2225745089622023e-09,2432.279761567632,478.07469592026655,37.79561575023349,300.3431374384869,0.0005121022633766201,-3.290643304677605,-3.2887135,0.02078187325403279,0.005497370287067525,0.020041585828801046,-3.3294459267780994,-3.2479809836222913,-3.3294459267780994,-3.2479809836222913
ood_test,757,4835108955857078241,-2.4000000000000004,1.089765313742217e-09,2571.102793798516,524.9230612365601,38.57048554783602,303.1708876105774,0.0005155918781021678,-3.2876939325195518,-3.284374,0.01973514559983811,0.003413594062558514,0.019437678970326083,-3.3230548840176506,-3.245693113266285,-3.3230548840176506,-3.245693113266285
ood_test,758,4835108955857078241,-2.0,1.089765313742217e-09,2571.102793798516,524.9230612365601,38.57048554783602,303.1708876105774,0.0005093071443341599,-3.2930202316912074,-3.2891066,0.019641970199473384,0.0035197095504066788,0.019324041813313902,-3.3276048690281015,-3.250608345846166,-3.3276048690281015,-3.250608345846166
ood_test,759,17451691503515762550,-0.4,1.08604047901988e-09,2575.5622449220923,476.6697423761544,40.75046782180591,305.2870639056014,0.0004675754785313038,-3.3301482729973437,-3.3244464,0.019631324290482432,0.004477870134149311,0.019113806099242882,-3.3629238353523876,-3.2859690441336964,-3.3629238353523876,-3.2859690441336964
ood_test,764,16519722322841066187,-0.2,1.0933784852654091e-09,2410.884334287086,539.0569290920441,39.62193192256099,289.3285700165644,0.0004642684137677882,-3.333230862301911,-3.3303757,0.019916219485363068,0.005148124688790831,0.019239351183457612,-3.3694114615780304,-3.291339881195407,-3.3694114615780304,-3.291339881195407
ood_test,766,17451691503515762550,-1.2000000000000002,1.08604047901988e-09,2575.5622449220923,476.6697423761544,40.75046782180591,305.2870639056014,0.0004962358903149597,-3.3043118285320427,-3.2994528,0.019776276289942434,0.0037800705425332336,0.019411649167663518,-3.3382142832055335,-3.2606912801489587,-3.3382142832055335,-3.2606912801489587
ood_test,767,15425818973916266975,-2.4000000000000004,1.1154637147520875e-09,2350.383805501934,499.6014506673355,39.64774721352306,306.8220229508652,0.0005248471936303635,-3.2799671206374734,-3.2805939,0.02019876938459726,0.004109917688669614,0.019776219417877106,-3.320183460064123,-3.241004284076502,-3.320183460064123,-3.241004284076502
ood_test,782,3684234868495982631,-1.2000000000000002,1.1395831540373824e-09,2538.761869465952,510.72502895181066,40.87821813200619,300.974125232131,0.0004974489624428213,-3.303251470629772,-3.300647,0.01979770757989408,0.004016782234160298,0.019385940285941025,-3.339450527196558,-3.2618435134833734,-3.339450527196558,-3.2618435134833734
ood_test,783,9216328605101287225,-1.8,1.104689398918354e-09,2572.8324404304963,485.2307246352714,40.714467773434976,300.93677074401546,0.0005106840762292459,-3.2918476837806203,-3.2827318,0.020035374586808995,0.0037448806135864463,0.01968227895282402,-3.322001105659262,-3.2434624372789704,-3.322001105659262,-3.2434624372789704
ood_test,788,4253972365711734043,-0.8,1.1064539714677527e-09,2488.434465234489,500.4335716276796,41.129719458135625,288.0815978442095,0.0004861782474302266,-3.3132044762461916,-3.3066137,0.01993029125924172,0.004166742022087076,0.01948986315255622,-3.345677054568675,-3.267550312832448,-3.345677054568675,-3.267550312832448
ood_test,789,5857788625354206728,-0.8,1.1037395013588123e-09,2531.0169366346463,492.6438219382251,36.10636397779454,299.96382807834965,0.0004716614311168046,-3.326369635600769,-3.3132117,0.019727379854727056,0.004098205089929535,0.019297000500346547,-3.351877343973883,-3.274546014943353,-3.351877343973883,-3.274546014943353
ood_test,795,14988660033747214345,-2.6,1.1774606839117e-09,2487.5677489208106,509.6158544320055,42.33569419095241,299.8381908200232,0.0005230445660372511,-3.2814613054740787,-3.2819738,0.02050964563465589,0.004862672621603845,0.019924857268809174,-3.3221727442500777,-3.241774933362227,-3.3221727442500777,-3.241774933362227
ood_test,798,10954724855113224492,-1.0,1.1396379394271226e-09,2408.4924726992253,490.0725825278824,43.06550150160359,292.35304316269765,0.0005064274432641496,-3.2954827679684864,-3.2959313,0.020621962547294353,0.005077609421217902,0.019987075308279575,-3.336350385856613,-3.255512292671219,-3.336350385856613,-3.255512292671219
ood_test,804,16519722322841066187,-1.4,1.0933784852654091e-09,2410.884334287086,539.0569290920441,39.62193192256099,289.3285700165644,0.0005062759169128798,-3.2956127311172194,-3.291617,0.019659335136753973,0.003918098706563576,0.01926494090466227,-3.330149213524532,-3.2530846197884564,-3.330149213524532,-3.2530846197884564
ood_test,807,4837710515318421738,-2.0,1.0991618704794608e-09,2475.161456337068,505.0064403774024,34.84085283436253,301.39850617403,0.0004937055453568354,-3.3065319947080596,-3.286847,0.01970125932757932,0.0033706688556785274,0.019410775775231672,-3.3254615828450436,-3.248232646280933,-3.3254615828450436,-3.248232646280933
ood_test,810,3779633422659776445,-1.4,1.0976147775803618e-09,2495.918019735696,486.14991613464105,39.05845567786759,297.2376267822416,0.0004991945213746825,-3.3017301896513542,-3.2938797,0.019672537580491162,0.003368018549729336,0.01938208381827297,-3.3324379210485096,-3.2553215737329846,-3.3324379210485096,-3.2553215737329846
ood_test,811,4253972365711734043,-1.6,1.1064539714677527e-09,2488.434465234489,500.4335716276796,41.129719458135625,288.0815978442095,0.0005066326163256596,-3.2953068543514727,-3.289197,0.019937067159596686,0.00379842160080373,0.01957188485763241,-3.328273619711423,-3.2501203164458037,-3.328273619711423,-3.2501203164458037
ood_test,814,2359625090975412513,-2.6,1.1065063764088472e-09,2603.202340784687,488.6799605874269,40.68035124967265,296.73843693227377,0.0005275227607715242,-3.2777587973303177,-3.272678,0.0203988696841685,0.0038923796691151323,0.020024066524485993,-3.312659682987953,-3.232696113826012,-3.312659682987953,-3.232696113826012
ood_test,815,5355939635520617484,-0.2,1.117839944989197e-09,2400.8118901118505,474.17775422532,39.11984591644459,301.1260229250646,0.00045942465800003033,-3.3377856992890917,-3.332172,0.019881205250475244,0.0050579902513002385,0.019227038381313788,-3.3711390792526013,-3.2932047546707386,-3.3711390792526013,-3.2932047546707386
ood_test,821,128968913270984251,-1.6,1.25959298622376e-09,2354.3009197629594,499.1918367180637,40.77134716523017,305.22981462209646,0.0005122907582266233,-3.290483478766219,-3.2884808,0.021247949308085073,0.006415045746352161,0.02025642005558299,-3.330126739310839,-3.2468347780231452,-3.330126739310839,-3.2468347780231452
ood_test,825,4837710515318421738,-0.6000000000000001,1.0991618704794608e-09,2475.161456337068,505.0064403774024,34.84085283436253,301.39850617403,0.00045971510641341446,-3.3375112249331935,-3.3171353,0.01964687067576927,0.004263297586572722,0.019178733686397192,-3.3556432005394004,-3.278627467490385,-3.3556432005394004,-3.278627467490385
ood_test,828,12849312948239067464,-0.4,1.1459805246638944e-09,2630.825732937456,497.4739907663986,41.26661222078493,300.2753689300697,0.0004611699116880393,-3.336139035319488,-3.3257532,0.02028303347396358,0.005135110803032143,0.019622234238707275,-3.3655079575840663,-3.285998466366129,-3.3655079575840663,-3.285998466366129
ood_test,830,4253972365711734043,0.0,1.1064539714677527e-09,2488.434465234489,500.4335716276796,41.129719458135625,288.0815978442095,0.0004459783555122,-3.3506862182154737,-3.3427367,0.020147269021247867,0.00451873271308851,0.01963398779887536,-3.3822253683204644,-3.3032480737571723,-3.3822253683204644,-3.3032480737571723
ood_test,835,3134241803077969267,-0.2,1.0942344693420075e-09,2360.838758300681,491.3731844386217,39.51420947268076,305.7035776891924,0.00046409458664044897,-3.3333934973122625,-3.331563,0.019731759003757423,0.005002252580559605,0.019087162890732833,-3.3702372435580092,-3.29288874826328,-3.3702372435580092,-3.29288874826328
ood_test,837,16519722322841066187,-3.0,1.0933784852654091e-09,2410.884334287086,539.0569290920441,39.62193192256099,289.3285700165644,0.0005308620529268629,-3.2750183177808485,-3.2742639,0.02011774835705151,0.003902398631290668,0.019735630366490203,-3.313694645574987,-3.234833072015345,-3.313694645574987,-3.234833072015345
ood_test,840,4374302465450070181,-0.2,1.1621717411232646e-09,2521.3696634346124,503.94444076752967,42.25069338145754,304.38892783295006,0.0004622672398998715,-3.3351068831893054,-3.336527,0.020348791122452345,0.005136199835378363,0.019689916058739685,-3.3764107397461247,-3.2966434785461116,-3.3764107397461247,-3.2966434785461116
ood_test,842,128968913270984251,-0.2,1.25959298622376e-09,2354.3009197629594,499.1918367180637,40.77134716523017,305.22981462209646,0.0004646915623255115,-3.332835213186591,-3.323969,0.02147555672992065,0.006634013353596441,0.020425214991383965,-3.366060978519746,-3.281876796138457,-3.366060978519746,-3.281876796138457
ood_test,845,4253972365711734043,-2.6,1.1064539714677527e-09,2488.434465234489,500.4335716276796,41.129719458135625,288.0815978442095,0.00052238604036699,-3.2820084371552447,-3.277432,0.0201325066580045,0.0037181585289381746,0.019786184216180898,-3.3168916779239566,-3.2379722518245786,-3.3168916779239566,-3.2379722518245786
ood_test,847,15038946426069692038,-1.8,1.2307353848142815e-09,2445.249484887284,482.48119148575233,42.87746783295031,307.55593866537106,0.0005165535855706938,-3.2868846195256887,-3.287099,0.021268233678052573,0.006474990257306181,0.020258634003840457,-3.3287846225915025,-3.2454131465735365,-3.3287846225915025,-3.2454131465735365
ood_test,848,15425818973916266975,-0.4,1.1154637147520875e-09,2350.383805501934,499.6014506673355,39.64774721352306,306.8220229508652,0.00047472768901025725,-3.3235554368435394,-3.3227503,0.019809981113230887,0.005208442591935674,0.01911301801490903,-3.361577892953246,-3.283922766989381,-3.361577892953246,-3.283922766989381
ood_test,857,12823118457006761398,-0.6000000000000001,1.0941860864671191e-09,2539.112215454232,503.69324532533454,39.339075937042885,294.39428351617613,0.0004805471029236766,-3.3182640366380314,-3.3196893,0.01955477855283939,0.0040766790132023435,0.019125115515662677,-3.3580166397977935,-3.2813619078706635,-3.3580166397977935,-3.2813619078706635
ood_test,870,10954724855113224492,-2.2,1.1396379394271226e-09,2408.4924726992253,490.0725825278824,43.06550150160359,292.35304316269765,0.0005317287815399153,-3.2743098314562418,-3.276587,0.020772789972741606,0.0048099200572446115,0.02020825347853934,-3.317301677776505,-3.235872341083358,-3.317301677776505,-3.235872341083358
ood_test,871,3684234868495982631,-2.8000000000000003,1.1395831540373824e-09,2538.761869465952,510.72502895181066,40.87821813200619,300.974125232131,0.00052557508361213,-3.2793652319305022,-3.278856,0.0200938295912901,0.003880534368889285,0.019715562652009674,-3.31823994504617,-3.2394721330483125,-3.31823994504617,-3.2394721330483125
ood_test,911,17451691503515762550,-0.8,1.08604047901988e-09,2575.5622449220923,476.6697423761544,40.75046782180591,305.2870639056014,0.0004841352092852284,-3.3150333316490546,-3.3096778,0.019711958046345224,0.004086488090374878,0.019283720873092127,-3.3483132770500115,-3.271042401508338,-3.3483132770500115,-3.271042401508338
ood_test,914,3262830124868165494,-1.0,1.0882818479532783e-09,2447.508764517909,466.8571183944717,43.278933930679706,307.8168200832177,0.00049786739665944,-3.30288631299851,-3.3022041,0.019918012309517737,0.004947086677190053,0.019293873890850223,-3.341243436206733,-3.2631648279534233,-3.341243436206733,-3.2631648279534233
ood_test,925,2671493380122846465,-0.4,1.120623623770265e-09,2459.871490367434,512.0011452017391,38.21649432972869,303.56534322943094,0.00046615896795304925,-3.3314659564178033,-3.3269,0.01977660262726968,0.004863849670241646,0.019169166992550706,-3.365662146490025,-3.2881378641911274,-3.365662146490025,-3.2881378641911274
ood_test,926,4261926717090881150,-0.8,1.243555870393131e-09,2440.816535503744,483.6779599156501,38.81204244575611,302.5323056028984,0.00048065760169080797,-3.318164184848286,-3.3097055,0.020889319480504827,0.006023897284274617,0.02000190808455621,-3.35064856201614,-3.2687624296525613,-3.35064856201614,-3.2687624296525613
ood_test,930,10813817281839957845,-0.2,1.1201765668553064e-09,2329.913862262383,487.444276821995,41.61971486534147,298.1037724082114,0.0004730066713807016,-3.325132733842753,-3.3223715,0.020335623885231784,0.005268954469446194,0.019641173990558772,-3.3622293056641754,-3.2825136600340667,-3.3622293056641754,-3.2825136600340667
ood_test,939,2671493380122846465,-3.0,1.120623623770265e-09,2459.871490367434,512.0011452017391,38.21649432972869,303.56534322943094,0.0005232579727934677,-3.2812841456670987,-3.279149,0.020091542521805783,0.0038865512979914603,0.0197120474167336,-3.3185284788236964,-3.2397696321382177,-3.3185284788236964,-3.2397696321382177
ood_test,941,4253972365711734043,-1.0,1.1064539714677527e-09,2488.434465234489,500.4335716276796,41.129719458135625,288.0815978442095,0.000492319297515695,-3.3077531407855894,-3.3015573,0.01990201771819223,0.004000107886244424,0.01949588346690038,-3.3405652572026323,-3.262549347747319,-3.3405652572026323,-3.262549347747319
ood_test,949,7155552337602576564,-1.4,1.1762312017058683e-09,2610.23254556298,515.3751788116352,39.24041391228537,297.93305834844136,0.0004965436043904043,-3.304042607562106,-3.2997851,0.020183619749670933,0.004848675323048836,0.019592571394347596,-3.339345031885869,-3.2602252424671585,-3.339345031885869,-3.2602252424671585
ood_test,950,2671493380122846465,-0.2,1.120623623770265e-09,2459.871490367434,512.0011452017391,38.21649432972869,303.56534322943094,0.0004555260580432467,-3.3414867744743013,-3.3370821,0.019994960213908463,0.005102182892778995,0.019333031661926334,-3.376272269617527,-3.297892025579006,-3.376272269617527,-3.297892025579006
ood_test,954,2359625090975412513,-1.2000000000000002,1.1065063764088472e-09,2603.202340784687,488.6799605874269,40.68035124967265,296.73843693227377,0.0005013595634411928,-3.2998506964698127,-3.2911863,0.019870120614123177,0.0039727327884174594,0.01946892610793423,-3.3301317691063184,-3.252240896298955,-3.3301317691063184,-3.252240896298955
ood_test,957,4253972365711734043,-0.4,1.1064539714677527e-09,2488.434465234489,500.4335716276796,41.129719458135625,288.0815978442095,0.0004704224528958022,-3.3275119579012244,-3.321247,0.019884384669746517,0.0047108387637147826,0.01931830179700601,-3.3602204947827814,-3.282273706877375,-3.3602204947827814,-3.282273706877375
ood_test,958,2671493380122846465,-0.8,1.120623623770265e-09,2459.871490367434,512.0011452017391,38.21649432972869,303.56534322943094,0.00048205197196244504,-3.316906136201571,-3.3126721,0.019685058913541192,0.004519460878639246,0.019159226567989195,-3.3512548536846523,-3.2740894227435704,-3.3512548536846523,-3.2740894227435704
ood_test,961,9216328605101287225,-2.6,1.104689398918354e-09,2572.8324404304963,485.2307246352714,40.714467773434976,300.93677074401546,0.0005232871689313065,-3.2812599140863403,-3.2741573,0.02025326771824759,0.0036995826905999478,0.01991250655195513,-3.313853690418073,-3.2344608809625424,-3.313853690418073,-3.2344608809625424
ood_test,963,17234994038809733169,-0.2,1.2225799825820127e-09,2598.953191343567,516.8045118894966,39.85430360518959,306.74502895459364,0.00044866498640109783,-3.3480778212762017,-3.3363748,0.021384060409579936,0.006787668810197038,0.020278204764797754,-3.378287518076849,-3.2944620012712957,-3.378287518076849,-3.2944620012712957
ood_test,966,3371631208540637995,-0.6000000000000001,1.0806933086411387e-09,2604.781653428076,466.5836923998952,39.33731057072893,297.69705044733973,0.00047815948327976,-3.320427226491905,-3.3186514,0.019582452229009336,0.003913831270518678,0.019187349804294603,-3.357033044128258,-3.280269831390541,-3.357033044128258,-3.280269831390541
ood_test,988,12882774050561771087,-1.0,1.1421949243104863e-09,2464.085688286918,515.1290966367517,40.96326376678826,298.8654192354596,0.0004896307887923232,-3.310131280849845,-3.3016312,0.019983151135771846,0.004148596448005003,0.019547773810126314,-3.3407981884606097,-3.2624642360083844,-3.3407981884606097,-3.2624642360083844
ood_test,989,2216844718377656366,-0.2,1.2225745089622023e-09,2432.279761567632,478.07469592026655,37.79561575023349,300.3431374384869,0.00045557849034871833,-3.341436788858479,-3.3319905,0.0210634319544141,0.006003800456713026,0.020189664437757375,-3.373274807053625,-3.290706153792322,-3.373274807053625,-3.290706153792322
ood_test,993,4835108955857078241,-2.8000000000000003,1.089765313742217e-09,2571.102793798516,524.9230612365601,38.57048554783602,303.1708876105774,0.0005209347481780648,-3.2832166726332095,-3.2803988,0.01990674893238892,0.0035265815916339857,0.019591882159079674,-3.3194160735800895,-3.2413816177651253,-3.3194160735800895,-3.2413816177651253
ood_test,996,2359625090975412513,-2.2,1.1065063764088472e-09,2603.202340784687,488.6799605874269,40.68035124967265,296.73843693227377,0.0005217304388674973,-3.2825538248713437,-3.2767282,0.020314007084019425,0.0038805231975907383,0.01993992024154071,-3.316543607113438,-3.2369126993440815,-3.316543607113438,-3.2369126993440815
ood_test,1002,10813817281839957845,-1.6,1.1201765668553064e-09,2329.913862262383,487.444276821995,41.61971486534147,298.1037724082114,0.0005206617715382354,-3.2834443082845133,-3.28213,0.020390223776141633,0.004198765395682128,0.019953235075311767,-3.3220948415767015,-3.242165164374226,-3.3220948415767015,-3.242165164374226
ood_test,1006,13161242281976296834,-1.4,1.1425395479879979e-09,2554.3812528255967,503.27354733950745,40.19858533526689,297.9110382121584,0.0004994945283164293,-3.3014692648654203,-3.2957547,0.02004455536306932,0.004056793763264746,0.019629738643137176,-3.3350419996084177,-3.2564673425851858,-3.3350419996084177,-3.2564673425851858
ood_test,1009,12882774050561771087,-0.8,1.1421949243104863e-09,2464.085688286918,515.1290966367517,40.96326376678826,298.8654192354596,0.00048340664484090157,-3.315687384135438,-3.3064978,0.019982632516699912,0.00433921299215836,0.019505814412784334,-3.34566377200385,-3.2673318525383865,-3.34566377200385,-3.2673318525383865
ood_test,1024,4253972365711734043,-3.0,1.1064539714677527e-09,2488.434465234489,500.4335716276796,41.129719458135625,288.0815978442095,0.0005270958545178097,-3.278110399393314,-3.2744918,0.02025677347484611,0.00383728722549663,0.01988999875505261,-3.3141950629674857,-3.2347885109460885,-3.3141950629674857,-3.2347885109460885
ood_test,1028,4261926717090881150,-1.0,1.243555870393131e-09,2440.816535503744,483.6779599156501,38.81204244575611,302.5323056028984,0.0004867997098054165,-3.3126496893366806,-3.305282,0.02085606150915825,0.005961072609440701,0.01998601775868381,-3.3461599964942295,-3.264404235378329,-3.3461599964942295,-3.264404235378329
ood_test,1033,2359625090975412513,-0.2,1.1065063764088472e-09,2603.202340784687,488.6799605874269,40.68035124967265,296.73843693227377,0.00046180377828708663,-3.3355425181868803,-3.3262815,0.020115637320150353,0.005070918828960932,0.01946598636379541,-3.3657081966938813,-3.286854898398892,-3.3657081966938813,-3.286854898398892
ood_test,1040,17938021924088880075,-0.8,1.0849323731926979e-09,2551.147301026894,487.27717818808753,44.82712146868644,302.5978918999191,0.0004909021945535974,-3.309005026404129,-3.3022676,0.02044510667328133,0.005480689845716081,0.019696812473709278,-3.3423399605017505,-3.2621951423424878,-3.3423399605017505,-3.2621951423424878
ood_test,1044,2359625090975412513,-2.8000000000000003,1.1065063764088472e-09,2603.202340784687,488.6799605874269,40.68035124967265,296.73843693227377,0.0005300952588066885,-3.275646080103513,-3.2709975,0.02048808164321848,0.003979562852644165,0.020097875632509254,-3.3111541642821827,-3.2308408842407665,-3.3111541642821827,-3.2308408842407665
ood_test,1045,17938021924088880075,0.0,1.0849323731926979e-09,2551.147301026894,487.27717818808753,44.82712146868644,302.5978918999191,0.0004479341926845,-3.3487857847814433,-3.3362336,0.020379573804860298,0.005057359919242837,0.019742090762292268,-3.3761775805327705,-3.2962896512177178,-3.3761775805327705,-3.2962896512177178
ood_test,1054,3684234868495982631,-1.4,1.1395831540373824e-09,2538.761869465952,510.72502895181066,40.87821813200619,300.974125232131,0.0005023447641270769,-3.2989981199747094,-3.2965071,0.019857217425777365,0.003985915597751143,0.019453060155804107,-3.33542726628697,-3.2575869739779226,-3.33542726628697,-3.2575869739779226
ood_test,1061,3262830124868165494,-0.4,1.0882818479532783e-09,2447.508764517909,466.8571183944717,43.278933930679706,307.8168200832177,0.0004747183908511709,-3.3235639431489923,-3.3226814,0.019958063784477596,0.005578533156252399,0.019162575249359666,-3.3617992320195293,-3.283563621984377,-3.3617992320195293,-3.283563621984377
ood_test,1065,4374302465450070181,-2.6,1.1621717411232646e-09,2521.3696634346124,503.94444076752967,42.25069338145754,304.38892783295006,0.000527929002773148,-3.277424478559098,-3.2825274,0.020433334155758136,0.004520476112710216,0.019927027885969246,-3.322576781692112,-3.24247811180154,-3.322576781692112,-3.24247811180154
ood_test,1075,15425818973916266975,-2.0,1.1154637147520875e-09,2350.383805501934,499.6014506673355,39.64774721352306,306.8220229508652,0.0005187757765808864,-3.2850203108124365,-3.2852476,0.02002814506402819,0.004218981383761552,0.019578733879214227,-3.324502728641291,-3.2459923999903006,-3.324502728641291,-3.2459923999903006
ood_test,1076,3779633422659776445,-0.2,1.0976147775803618e-09,2495.918019735696,486.14991613464105,39.05845567786759,297.2376267822416,0.00045641339396374674,-3.340641619207388,-3.3332438,0.01986581594041646,0.004697350267029952,0.01930247375958611,-3.372180846136527,-3.2943068476500943,-3.372180846136527,-3.2943068476500943
ood_test,1077,4261926717090881150,0.0,1.243555870393131e-09,2440.816535503744,483.6779599156501,38.81204244575611,302.5323056028984,0.0004401065727499,-3.3564421454391065,-3.340446,0.021811788442438657,0.007307089507431539,0.020551412750253188,-3.3831971006779904,-3.2976948899836307,-3.3831971006779904,-3.2976948899836307
ood_test,1093,12849312948239067464,-2.4000000000000004,1.1459805246638944e-09,2630.825732937456,497.4739907663986,41.26661222078493,300.2753689300697,0.0005118039317680766,-3.2908963821092065,-3.282897,0.020441001051803263,0.0044101165469868425,0.01995959526795111,-3.322961357605968,-3.2428326334828994,-3.322961357605968,-3.2428326334828994
ood_test,1095,15425818973916266975,0.0,1.1154637147520875e-09,2350.383805501934,499.6014506673355,39.64774721352306,306.8220229508652,0.0004495588854154,-3.3472134141954433,-3.3456662,0.02034489674007407,0.005618260325030201,0.019553771104824983,-3.3855421677307844,-3.305790172509694,-3.3855421677307844,-3.305790172509694
ood_test,1097,4261926717090881150,-1.4,1.243555870393131e-09,2440.816535503744,483.6779599156501,38.81204244575611,302.5323056028984,0.0004969681709662839,-3.303671425384093,-3.297451,0.02084292406206715,0.0058896081200154864,0.019993499143468214,-3.338303150448761,-3.256598888125458,-3.338303150448761,-3.256598888125458
ood_test,1107,12823118457006761398,-2.6,1.0941860864671191e-09,2539.112215454232,503.69324532533454,39.339075937042885,294.39428351617613,0.0005247043252829588,-3.2800853557773055,-3.2821603,0.01972671228500783,0.0031209706987528453,0.01947826260532581,-3.320824638213625,-3.2434959260563945,-3.320824638213625,-3.2434959260563945
ood_test,1108,7155552337602576564,-0.8,1.1762312017058683e-09,2610.23254556298,515.3751788116352,39.24041391228537,297.93305834844136,0.00048011346311692513,-3.318656115577574,-3.312727,0.020108164059946705,0.004905493563030728,0.019500625513871418,-3.3521389760448,-3.273314972929809,-3.3521389760448,-3.273314972929809
ood_test,1111,7155552337602576564,-0.2,1.1762312017058683e-09,2610.23254556298,515.3751788116352,39.24041391228537,297.93305834844136,0.0004533516678499702,-3.3435647821912324,-3.3343804,0.020579989608984436,0.005509865892278478,0.019828700147305034,-3.3747171678934973,-3.294043608626278,-3.3747171678934973,-3.294043608626278
ood_test,1115,4261926717090881150,-2.4000000000000004,1.243555870393131e-09,2440.816535503744,483.6779599156501,38.81204244575611,302.5323056028984,0.0005146077200344902,-3.2885237028842607,-3.2847881,0.021111379167777194,0.006086747686947612,0.020214892615118156,-3.3261664348827105,-3.243409828545024,-3.3261664348827105,-3.243409828545024
ood_test,1120,5355939635520617484,-0.4,1.117839944989197e-09,2400.8118901118505,474.17775422532,39.11984591644459,301.1260229250646,0.00047013771275828135,-3.3277749098713274,-3.32151,0.019785815901853052,0.004905984423118393,0.019167937472662155,-3.360290275690459,-3.2827298773551954,-3.360290275690459,-3.2827298773551954
ood_test,1121,5857788625354206728,-1.6,1.1037395013588123e-09,2531.0169366346463,492.6438219382251,36.10636397779454,299.96382807834965,0.0004921270658579323,-3.307922749110391,-3.2948265,0.01980431963453702,0.0037172573775220616,0.019452327589438795,-3.333642974052052,-3.2560100410846666,-3.333642974052052,-3.2560100410846666
ood_test,1122,13161242281976296834,-0.8,1.1425395479879979e-09,2554.3812528255967,503.27354733950745,40.19858533526689,297.9110382121584,0.00048293638993239936,-3.3161100686700653,-3.309465,0.01995114164166893,0.004427676474205703,0.019453630230554197,-3.348569169105708,-3.270360693870366,-3.348569169105708,-3.270360693870366
ood_test,1129,2671493380122846465,-1.2000000000000002,1.120623623770265e-09,2459.871490367434,512.0011452017391,38.21649432972869,303.56534322943094,0.000493622849549468,-3.3066047452398695,-3.3026423,0.01969764253504373,0.004232742053901887,0.01923749065446326,-3.3412497247971524,-3.264034966059781,-3.3412497247971524,-3.264034966059781
ood_test,1139,17938021924088880075,-1.0,1.0849323731926979e-09,2551.147301026894,487.27717818808753,44.82712146868644,302.5978918999191,0.0004974470031151843,-3.3032531812109993,-3.2972066,0.020477952999202666,0.005388979916606183,0.019756148995202987,-3.3373434281219674,-3.257069852365093,-3.3373434281219674,-3.257069852365093
ood_test,1146,128968913270984251,-3.0,1.25959298622376e-09,2354.3009197629594,499.1918367180637,40.77134716523017,305.22981462209646,0.0005329423523822434,-3.2733197654505277,-3.2728324,0.02202079599071792,0.00696975691422037,0.020888703366463757,-3.3159931537880474,-3.229671633504433,-3.3159931537880474,-3.229671633504433
ood_test,1147,17938021924088880075,-2.8000000000000003,1.0849323731926979e-09,2551.147301026894,487.27717818808753,44.82712146868644,302.5978918999191,0.0005317436160262521,-3.2742977154190545,-3.271545,0.02089415496015462,0.004908631005301403,0.02030938419756622,-3.3124974770409947,-3.230592389597189,-3.3124974770409947,-3.230592389597189
ood_test,1149,17234994038809733169,-1.0,1.2225799825820127e-09,2598.953191343567,516.8045118894966,39.85430360518959,306.74502895459364,0.0004821522853903853,-3.3168157703521355,-3.3089128,0.020679393854599527,0.0060389934323775984,0.019777964848644,-3.349444366013853,-3.2683811421038227,-3.349444366013853,-3.2683811421038227
ood_test,1164,7155552337602576564,-2.0,1.1762312017058683e-09,2610.23254556298,515.3751788116352,39.24041391228537,297.93305834844136,0.000508021155386678,-3.294118202132627,-3.2905385,0.02029876266231755,0.004831280934162989,0.019715436721007874,-3.3303241242413604,-3.250752974605075,-3.3303241242413604,-3.250752974605075
ood_test,1170,3134241803077969267,-0.6000000000000001,1.0942344693420075e-09,2360.838758300681,491.3731844386217,39.51420947268076,305.7035776891924,0.00048377702138640774,-3.3153547637585246,-3.312391,0.01976239138142129,0.004383194733061521,0.019270175842866166,-3.351125329816936,-3.273656755601765,-3.351125329816936,-3.273656755601765
ood_test,1175,12882774050561771087,-1.6,1.1421949243104863e-09,2464.085688286918,515.1290966367517,40.96326376678826,298.8654192354596,0.0005041224460589124,-3.2974639651635087,-3.2899442,0.020020977829699887,0.00405926702105818,0.019605149599462954,-3.3291852884517295,-3.2507030553593057,-3.3291852884517295,-3.2507030553593057
ood_test,1188,4374302465450070181,0.0,1.1621717411232646e-09,2521.3696634346124,503.94444076752967,42.25069338145754,304.38892783295006,0.0004474004517509,-3.349303581721678,-3.3465376,0.020686601711831638,0.005457097078757721,0.019953836294288107,-3.3870833293820453,-3.3059918506716657,-3.3870833293820453,-3.3059918506716657
ood_test,1194,11892504857466714026,-0.6000000000000001,1.1942019403763875e-09,2464.50260258804,490.2741317287723,40.32854625878799,294.3650499716886,0.00048390828861417966,-3.3152369390226593,-3.31121,0.020587678170578258,0.005441989420831995,0.019855409706557962,-3.3515617662828148,-3.270858067854148,-3.3515617662828148,-3.270858067854148
ood_test,1196,17938021924088880075,-0.6000000000000001,1.0849323731926979e-09,2551.147301026894,487.27717818808753,44.82712146868644,302.5978918999191,0.00048322676712206375,-3.3158490170784827,-3.308527,0.020524692358225908,0.005540743022937783,0.01976267167945756,-3.3487553898199742,-3.268298595775729,-3.3487553898199742,-3.268298595775729
ood_test,1198,4835108955857078241,-1.4,1.089765313742217e-09,2571.102793798516,524.9230612365601,38.57048554783602,303.1708876105774,0.0004973877380185114,-3.3033049254925784,-3.2987444,0.019715375786652164,0.003761160919335394,0.019353287595861166,-3.3373865766205735,-3.2601023035368972,-3.3373865766205735,-3.2601023035368972
ood_test,1199,4837710515318421738,-2.8000000000000003,1.0991618704794608e-09,2475.161456337068,505.0064403774024,34.84085283436253,301.39850617403,0.0005045913955026709,-3.2970601595211213,-3.2784646,0.0198412973097755,0.0034730040438032766,0.0195349762413304,-3.3173534984675164,-3.2395756130131965,-3.3173534984675164,-3.2395756130131965
ood_test,1200,10813817281839957845,-0.6000000000000001,1.1201765668553064e-09,2329.913862262383,487.444276821995,41.61971486534147,298.1037724082114,0.0004925062852194826,-3.3075882227933313,-3.304072,0.020286422778237855,0.004615955847293379,0.01975428846620864,-3.343833291874106,-3.2643105145834137,-3.343833291874106,-3.2643105145834137
ood_test,1206,15038946426069692038,-3.0,1.2307353848142815e-09,2445.249484887284,482.48119148575233,42.87746783295031,307.55593866537106,0.0005339179298300354,-3.2725254945841264,-3.2742136,0.021691411945684937,0.0067709240492479,0.020607569852475624,-3.316728719888518,-3.231698385061433,-3.316728719888518,-3.231698385061433
ood_test,1208,11892504857466714026,-0.4,1.1942019403763875e-09,2464.50260258804,490.2741317287723,40.32854625878799,294.3650499716886,0.00047525373635324235,-3.3230744601096167,-3.3181152,0.02072973646519043,0.005496534809345899,0.019987748294385974,-3.3587455178467733,-3.2774849509032267,-3.3587455178467733,-3.2774849509032267
ood_test,1215,2671493380122846465,-1.6,1.120623623770265e-09,2459.871490367434,512.0011452017391,38.21649432972869,303.56534322943094,0.0005026411036135837,-3.2987419997413383,-3.294637,0.019725635778056954,0.004053476564644727,0.019304663334101295,-3.333299210922965,-3.255974718672982,-3.333299210922965,-3.255974718672982
ood_test,1220,128968913270984251,-1.8,1.25959298622376e-09,2354.3009197629594,499.1918367180637,40.77134716523017,305.22981462209646,0.0005161131262709248,-3.2872550954068207,-3.2855604,0.021384208006130435,0.006486213011531189,0.020376785719562363,-3.327473417183593,-3.2436473217995614,-3.327473417183593,-3.2436473217995614
ood_test,1224,3684234868495982631,0.0,1.1395831540373824e-09,2538.761869465952,510.72502895181066,40.87821813200619,300.974125232131,0.0004438184110795,-3.352794685735413,-3.3445966,0.02036140182589075,0.004964814173887115,0.019746830101069722,-3.3845049719531355,-3.304688276795644,-3.3845049719531355,-3.304688276795644
ood_test,1227,10813817281839957845,-2.6,1.1201765668553064e-09,2329.913862262383,487.444276821995,41.61971486534147,298.1037724082114,0.0005368061796414109,-3.2701824932699193,-3.2712276,0.02072000186334154,0.00425799460500495,0.02027777009972702,-3.311838801842457,-3.230616394538158,-3.311838801842457,-3.230616394538158
ood_test,1233,128968913270984251,-2.8000000000000003,1.25959298622376e-09,2354.3009197629594,499.1918367180637,40.77134716523017,305.22981462209646,0.0005306710457750296,-3.2751746074962456,-3.2742538,0.02195092865846071,0.006891101493772966,0.020841209775526504,-3.3172776653854266,-3.231230025044261,-3.3172776653854266,-3.231230025044261
ood_test,1238,4261926717090881150,-2.8000000000000003,1.243555870393131e-09,2440.816535503744,483.6779599156501,38.81204244575611,302.5323056028984,0.0005197522893839622,-3.2842035890294285,-3.2806478,0.021298409725097014,0.006253820211627178,0.02035956702473548,-3.3223926377303794,-3.2389028716079995,-3.3223926377303794,-3.2389028716079995
ood_test,1241,3371631208540637995,-2.8000000000000003,1.0806933086411387e-09,2604.781653428076,466.5836923998952,39.33731057072893,297.69705044733973,0.0005255383739372718,-3.2793955670177666,-3.2790456,0.019785420505589332,0.0031196220183464613,0.01953793358872753,-3.317825006008582,-3.240266157626672,-3.317825006008582,-3.240266157626672
ood_test,1243,5857788625354206728,-1.8,1.1037395013588123e-09,2531.0169366346463,492.6438219382251,36.10636397779454,299.96382807834965,0.0004959008984115118,-3.3046051049075014,-3.2916284,0.019791237705414456,0.00368942324088208,0.019444311336420928,-3.330419186650903,-3.252837534845679,-3.330419186650903,-3.252837534845679
ood_test,1245,17451691503515762550,-1.0,1.08604047901988e-09,2575.5622449220923,476.6697423761544,40.75046782180591,305.2870639056014,0.0004905947209059551,-3.3092771293741263,-3.3043635,0.019756173368945272,0.003975099072564201,0.01935213119719947,-3.3430855889541338,-3.265641389347868,-3.3430855889541338,-3.265641389347868
ood_test,1251,2359625090975412513,-0.4,1.1065063764088472e-09,2603.202340784687,488.6799605874269,40.68035124967265,296.73843693227377,0.0004728421428526408,-3.3252838231743627,-3.31501,0.01990796626540633,0.004674601779422377,0.01935136207022073,-3.354029684680978,-3.2759904569205847,-3.354029684680978,-3.2759904569205847
ood_test,1262,7155552337602576564,-0.4,1.1762312017058683e-09,2610.23254556298,515.3751788116352,39.24041391228537,297.93305834844136,0.00046413161418825674,-3.3333588487326695,-3.3254967,0.020333061934098375,0.005415716557794986,0.019598557856271914,-3.3653494749748174,-3.2856438721931513,-3.3653494749748174,-3.2856438721931513
ood_test,1266,3134241803077969267,-1.8,1.0942344693420075e-09,2360.838758300681,491.3731844386217,39.51420947268076,305.7035776891924,0.0005157228021815518,-3.28758366626112,-3.2857623,0.019804463168797137,0.0036492079202102012,0.019465355354689615,-3.3245790578389185,-3.246945562217234,-3.3245790578389185,-3.246945562217234
ood_test,1268,16519722322841066187,-2.0,1.0933784852654091e-09,2410.884334287086,539.0569290920441,39.62193192256099,289.3285700165644,0.0005176405940711804,-3.2859716730468174,-3.283149,0.019699788778461517,0.0036737671737549628,0.01935420161119682,-3.3217605899883287,-3.244537417976759,-3.3217605899883287,-3.244537417976759
ood_test,1276,17234994038809733169,-2.4000000000000004,1.2225799825820127e-09,2598.953191343567,516.8045118894966,39.85430360518959,306.74502895459364,0.0005105915039106728,-3.2919264160014334,-3.2869475,0.020953102855868582,0.005943075308957521,0.020092594655014378,-3.3280155703822927,-3.2458794071872874,-3.3280155703822927,-3.2458794071872874
ood_test,1284,2359625090975412513,0.0,1.1065063764088472e-09,2603.202340784687,488.6799605874269,40.68035124967265,296.73843693227377,0.0004470841787919,-3.349610698472269,-3.338579,0.020191457261912047,0.0048935064211657565,0.019589500302819807,-3.3781541956712138,-3.2990036832045186,-3.3781541956712138,-3.2990036832045186
ood_test,1292,4835108955857078241,-1.8,1.089765313742217e-09,2571.102793798516,524.9230612365601,38.57048554783602,303.1708876105774,0.0005057193793854951,-3.2960904036960654,-3.29186,0.019608358808863687,0.003611519005630903,0.01927289893151801,-3.3302924868725508,-3.2534277203418047,-3.3302924868725508,-3.2534277203418047
ood_test,1294,15425818973916266975,-1.2000000000000002,1.1154637147520875e-09,2350.383805501934,499.6014506673355,39.64774721352306,306.8220229508652,0.00050241858136124,-3.298934307102418,-3.2986374,0.019998522842572315,0.004684638344856228,0.019442094679969876,-3.3378344949081606,-3.259440285365277,-3.3378344949081606,-3.259440285365277
ood_test,1300,12823118457006761398,-1.2000000000000002,1.0941860864671191e-09,2539.112215454232,503.69324532533454,39.339075937042885,294.39428351617613,0.0004995507923842545,-3.3014203478169035,-3.3030827,0.019670460396009844,0.003458011145580804,0.019364120370209632,-3.341636806920247,-3.264528602167888,-3.341636806920247,-3.264528602167888
ood_test,1306,3134241803077969267,-1.2000000000000002,1.0942344693420075e-09,2360.838758300681,491.3731844386217,39.51420947268076,305.7035776891924,0.0005027958759492268,-3.298608293157598,-3.296111,0.019829899877064124,0.0039048597022129593,0.019441630224769683,-3.334977710631604,-3.257244503113513,-3.334977710631604,-3.257244503113513
ood_test,1312,3779633422659776445,-1.6,1.0976147775803618e-09,2495.918019735696,486.14991613464105,39.05845567786759,297.2376267822416,0.0005034607495376432,-3.2980343819597593,-3.2902982,0.019731565367915944,0.003320734505270886,0.019450124473955676,-3.3289720916165986,-3.2516243553743682,-3.3289720916165986,-3.2516243553743682
ood_test,1313,3779633422659776445,-0.8,1.0976147775803618e-09,2495.918019735696,486.14991613464105,39.05845567786759,297.2376267822416,0.00048285633477455713,-3.316182066548055,-3.3079598,0.019756924892665697,0.00377297710648018,0.019393316051175537,-3.3466833677877936,-3.2692362222085443,-3.3466833677877936,-3.2692362222085443
ood_test,1320,17938021924088880075,-1.6,1.0849323731926979e-09,2551.147301026894,487.27717818808753,44.82712146868644,302.5978918999191,0.0005126420189386064,-3.290185799546089,-3.2852266,0.02054193678089187,0.005164938508676441,0.019882015000357793,-3.325488779571383,-3.244964387390287,-3.325488779571383,-3.244964387390287
ood_test,1321,10813817281839957845,-1.2000000000000002,1.1201765668553064e-09,2329.913862262383,487.444276821995,41.61971486534147,298.1037724082114,0.0005114931343662972,-3.2911601913298134,-3.2891831,0.02019660824611474,0.004317374796120254,0.01972975629459975,-3.32876849196341,-3.2495977876386406,-3.32876849196341,-3.2495977876386406
ood_test,1327,5857788625354206728,-0.2,1.1037395013588123e-09,2531.0169366346463,492.6438219382251,36.10636397779454,299.96382807834965,0.00044531686561272556,-3.3513308563984543,-3.3382428,0.019780157131352772,0.004693126839130845,0.01921533763092065,-3.3770118772187843,-3.2994736612638818,-3.3770118772187843,-3.2994736612638818
ood_test,1328,3371631208540637995,-3.0,1.0806933086411387e-09,2604.781653428076,466.5836923998952,39.33731057072893,297.69705044733973,0.0005278953632610272,-3.2774521525832307,-3.2778194,0.019832241110420187,0.0032041542188779065,0.019571692575887725,-3.316690587641731,-3.238948202488884,-3.316690587641731,-3.238948202488884
ood_test,1333,10954724855113224492,-2.4000000000000004,1.1396379394271226e-09,2408.4924726992253,490.0725825278824,43.06550150160359,292.35304316269765,0.0005346576351803065,-3.271924226852224,-3.2743218,0.02088934385424711,0.004848467807715223,0.020318883186573027,-3.315264908464212,-3.2333786805555635,-3.315264908464212,-3.2333786805555635
ood_test,1335,15425818973916266975,-1.0,1.1154637147520875e-09,2350.383805501934,499.6014506673355,39.64774721352306,306.8220229508652,0.0004969976098283641,-3.303645699880045,-3.3034403,0.019966204614400466,0.004874294157334557,0.019362091933212883,-3.342574093456945,-3.2643065713684947,-3.342574093456945,-3.2643065713684947
ood_test,1353,12882774050561771087,-3.0,1.1421949243104863e-09,2464.085688286918,515.1290966367517,40.96326376678826,298.8654192354596,0.000524737171505242,-3.2800581700158555,-3.2752898,0.020185485695052456,0.004054192543324321,0.01977415848255731,-3.314853325903343,-3.2357262219787373,-3.314853325903343,-3.2357262219787373
ood_test,1355,11892504857466714026,-0.8,1.1942019403763875e-09,2464.50260258804,490.2741317287723,40.32854625878799,294.3650499716886,0.0004911044848734401,-3.3088260997782037,-3.3055754,0.020576838625745827,0.005325678261176735,0.01987570084700943,-3.345905974495036,-3.2652447670821125,-3.345905974495036,-3.2652447670821125
ood_test,1359,3371631208540637995,-2.4000000000000004,1.0806933086411387e-09,2604.781653428076,466.5836923998952,39.33731057072893,297.69705044733973,0.0005202813368795063,-3.283761752492618,-3.2830462,0.019760602619557,0.0030212397772863067,0.019528274816299082,-3.3217770267092828,-3.2443154644406196,-3.3217770267092828,-3.2443154644406196
ood_test,1360,16519722322841066187,-2.4000000000000004,1.0933784852654091e-09,2410.884334287086,539.0569290920441,39.62193192256099,289.3285700165644,0.0005235883410922715,-3.281010032586647,-3.2790174,0.019972870832915154,0.003741157862976757,0.019619360845311348,-3.3181642752578067,-3.2398706215927793,-3.3181642752578067,-3.2398706215927793
ood_test,1362,4837710515318421738,0.0,1.0991618704794608e-09,2475.161456337068,505.0064403774024,34.84085283436253,301.39850617403,0.0004277916509926,-3.368767695601858,-3.3473928,0.019964815311090275,0.004458513659009598,0.019460613307718574,-3.3865238354798297,-3.308261759460356,-3.3865238354798297,-3.308261759460356
ood_test,1366,4837710515318421738,-2.6,1.0991618704794608e-09,2475.161456337068,505.0064403774024,34.84085283436253,301.39850617403,0.0005021799761056776,-3.2991406083100445,-3.2802644,0.019870415807224175,0.00338732018394891,0.019579568002839057,-3.3192103925761534,-3.241318362611835,-3.3192103925761534,-3.241318362611835
ood_test,1367,3779633422659776445,-3.0,1.0976147775803618e-09,2495.918019735696,486.14991613464105,39.05845567786759,297.2376267822416,0.00052429708809037,-3.2804225543209817,-3.275719,0.019967702245454143,0.003439606600486962,0.019669221397443738,-3.314855623784513,-3.2365822309823327,-3.314855623784513,-3.2365822309823327
ood_test,1370,17451691503515762550,-2.4000000000000004,1.08604047901988e-09,2575.5622449220923,476.6697423761544,40.75046782180591,305.2870639056014,0.0005195991360222182,-3.284331579733527,-3.280859,0.019899336606540984,0.0034118868850260362,0.019604658062326894,-3.3198616932790936,-3.2418562937814532,-3.3198616932790936,-3.2418562937814532
ood_test,1377,13161242281976296834,-2.2,1.1425395479879979e-09,2554.3812528255967,503.27354733950745,40.19858533526689,297.9110382121584,0.0005142505464769507,-3.288825238122693,-3.2841253,0.020167065916369686,0.004044475883257947,0.019757347370865288,-3.3236527772600493,-3.2445978788678804,-3.3236527772600493,-3.2445978788678804
ood_test,1384,3262830124868165494,-1.2000000000000002,1.0882818479532783e-09,2447.508764517909,466.8571183944717,43.278933930679706,307.8168200832177,0.0005035287524642282,-3.297975725348632,-3.2973106,0.019890552580641176,0.0047066610365824576,0.019325666729466173,-3.336296073802075,-3.258325107685962,-3.336296073802075,-3.258325107685962
ood_test,1392,3779633422659776445,-1.8,1.0976147775803618e-09,2495.918019735696,486.14991613464105,39.05845567786759,297.2376267822416,0.0005072945819204808,-3.294739776071327,-3.2873297,0.019710977680266688,0.003363482663995115,0.019421884785326023,-3.3259631900204125,-3.248696157513767,-3.3259631900204125,-3.248696157513767
ood_test,1405,2216844718377656366,-2.0,1.2225745089622023e-09,2432.279761567632,478.07469592026655,37.79561575023349,300.3431374384869,0.0005090438323203161,-3.2932448201873177,-3.2908309,0.020712260491972768,0.005498717274852917,0.019969022489827862,-3.331426881165463,-3.2502348200369298,-3.331426881165463,-3.2502348200369298
ood_test,1414,4253972365711734043,-1.2000000000000002,1.1064539714677527e-09,2488.434465234489,500.4335716276796,41.129719458135625,288.0815978442095,0.0004976882307852691,-3.3030426292287496,-3.296998,0.019816629728487255,0.003883191106798246,0.019432438615735015,-3.3358386182546513,-3.2581574297189815,-3.3358386182546513,-3.2581574297189815
ood_test,1416,4835108955857078241,-2.2,1.089765313742217e-09,2571.102793798516,524.9230612365601,38.57048554783602,303.1708876105774,0.0005125843487933639,-3.290234658659869,-3.2866735,0.01965722274575602,0.0034553869059948884,0.01935114135244338,-3.325201702419084,-3.2481453892557206,-3.325201702419084,-3.2481453892557206
ood_test,1417,3779633422659776445,-0.6000000000000001,1.0976147775803618e-09,2495.918019735696,486.14991613464105,39.05845567786759,297.2376267822416,0.0004756396711236796,-3.3227219298489987,-3.3141859,0.019730777283582093,0.003998114994288505,0.019321455488438208,-3.352858181248648,-3.2755135342970063,-3.352858181248648,-3.2755135342970063
ood_test,1419,15038946426069692038,0.0,1.2307353848142815e-09,2445.249484887284,482.48119148575233,42.87746783295031,307.55593866537106,0.0004487948216414,-3.3479521627713686,-3.3380795,0.021506423366329807,0.007113080612286119,0.020296066655601575,-3.380232042312655,-3.295926862716642,-3.380232042312655,-3.295926862716642
ood_test,1420,12849312948239067464,-0.8,1.1459805246638944e-09,2630.825732937456,497.4739907663986,41.26661222078493,300.2753689300697,0.0004772817871842198,-3.321225137760944,-3.3115938,0.02012003948882621,0.0048933903073657085,0.01951590920438031,-3.3510290483789342,-3.2721584935827357,-3.3510290483789342,-3.2721584935827357
ood_test,1421,13161242281976296834,-3.0,1.1425395479879979e-09,2554.3812528255967,503.27354733950745,40.19858533526689,297.9110382121584,0.0005246793064408103,-3.280106064209879,-3.2768853,0.02033439301124644,0.0040774894401332884,0.01992138536463049,-3.316740681374431,-3.2370298607703445,-3.316740681374431,-3.2370298607703445
ood_test,1424,10813817281839957845,-1.8,1.1201765668553064e-09,2329.913862262383,487.444276821995,41.61971486534147,298.1037724082114,0.0005245345553828376,-3.2802258959971122,-3.2794557,0.02034608022067164,0.004224733248416388,0.019902628415846123,-3.319333979006198,-3.239577344541165,-3.319333979006198,-3.239577344541165
ood_test,1425,4837710515318421738,-0.8,1.0991618704794608e-09,2475.161456337068,505.0064403774024,34.84085283436253,301.39850617403,0.0004666908621579872,-3.330970702550058,-3.3107011,0.01954901551688601,0.0039546447634491114,0.019144836581364056,-3.3490172022337754,-3.272385061407582,-3.3490172022337754,-3.272385061407582
ood_test,1426,13161242281976296834,-1.0,1.1425395479879979e-09,2554.3812528255967,503.27354733950745,40.19858533526689,297.9110382121584,0.0004892010201550286,-3.310512645979093,-3.3044066,0.01999129331979151,0.004217614761572654,0.01954132830938898,-3.3435895778206097,-3.265223708007027,-3.3435895778206097,-3.265223708007027
ood_test,1430,4374302465450070181,-0.4,1.1621717411232646e-09,2521.3696634346124,503.94444076752967,42.25069338145754,304.38892783295006,0.0004732993420006275,-3.3248640993048673,-3.3272862,0.020220935949107805,0.005278943302968073,0.01951970744588624,-3.366919277898972,-3.2876532089784694,-3.366919277898972,-3.2876532089784694
ood_test,1433,7155552337602576564,-2.6,1.1762312017058683e-09,2610.23254556298,515.3751788116352,39.24041391228537,297.93305834844136,0.0005167125546851462,-3.2867509861720836,-3.2838688,0.020369951593045273,0.004624087198538696,0.019838162575698415,-3.3237938947952204,-3.2439436845504828,-3.3237938947952204,-3.2439436845504828
ood_test,1439,3262830124868165494,-2.6,1.0882818479532783e-09,2447.508764517909,466.8571183944717,43.278933930679706,307.8168200832177,0.0005297184717209476,-3.2759548825928007,-3.276615,0.020209240615101844,0.00418993668458813,0.0197701246282093,-3.316225016009286,-3.237004792798087,-3.316225016009286,-3.237004792798087
ood_test,1447,10813817281839957845,-1.0,1.1201765668553064e-09,2329.913862262383,487.444276821995,41.61971486534147,298.1037724082114,0.000506030033031361,-3.2958237068899856,-3.2935412,0.02022977143068577,0.004374792223933295,0.01975107248632394,-3.333191545012567,-3.253890841004279,-3.333191545012567,-3.253890841004279
ood_test,1448,3371631208540637995,-2.6,1.0806933086411387e-09,2604.781653428076,466.5836923998952,39.33731057072893,297.69705044733973,0.0005230069675530001,-3.28149252537811,-3.2808983,0.01980051733074071,0.0030733044604744136,0.01956055512976071,-3.319707346564077,-3.242089318627573,-3.319707346564077,-3.242089318627573
ood_test,1451,9216328605101287225,-0.8,1.104689398918354e-09,2572.8324404304963,485.2307246352714,40.714467773434976,300.93677074401546,0.0004852896010618794,-3.313999014783685,-3.302785,0.01987523639180924,0.00408359100028506,0.019451202335003345,-3.341740383066716,-3.2638294564108232,-3.341740383066716,-3.2638294564108232
ood_test,1452,17234994038809733169,-3.0,1.2225799825820127e-09,2598.953191343567,516.8045118894966,39.85430360518959,306.74502895459364,0.0005182807900297149,-3.285434887897305,-3.2813303,0.021244775305200976,0.00622914247461298,0.02031103754975115,-3.3229701066593513,-3.239690587462963,-3.3229701066593513,-3.239690587462963
ood_test,1458,4253972365711734043,-2.4000000000000004,1.1064539714677527e-09,2488.434465234489,500.4335716276796,41.129719458135625,288.0815978442095,0.0005197517239798401,-3.2842040614699135,-3.2794747,0.020033557388912042,0.0036648731274906755,0.01969548545885159,-3.3187405077422776,-3.240208962777742,-3.3187405077422776,-3.240208962777742
ood_test,1460,11892504857466714026,-2.4000000000000004,1.1942019403763875e-09,2464.50260258804,490.2741317287723,40.32854625878799,294.3650499716886,0.0005249235494067178,-3.279903943238769,-3.279489,0.02087414682593301,0.004953291487222334,0.02027794071592301,-3.3204023681535846,-3.238575712595927,-3.3204023681535846,-3.238575712595927
ood_test,1462,4253972365711734043,-0.2,1.1064539714677527e-09,2488.434465234489,500.4335716276796,41.129719458135625,288.0815978442095,0.0004598987253264068,-3.3373377941321483,-3.3322423,0.020037434168031998,0.0048178273054705935,0.01944960991717412,-3.371515621411848,-3.292968879473162,-3.371515621411848,-3.292968879473162
ood_test,1480,2671493380122846465,-1.4,1.120623623770265e-09,2459.871490367434,512.0011452017391,38.21649432972869,303.56534322943094,0.0004983869501265762,-3.3024333378621615,-3.298297,0.01975275833683192,0.004133686149686937,0.019315385072512684,-3.3370123347459524,-3.259581522065571,-3.3370123347459524,-3.259581522065571
ood_test,1481,9216328605101287225,-1.0,1.104689398918354e-09,2572.8324404304963,485.2307246352714,40.714467773434976,300.93677074401546,0.0004917062889530514,-3.3082942370217348,-3.297676,0.019894498418697604,0.003991890549852718,0.019489891588588885,-3.3366693033264285,-3.258682869525134,-3.3366693033264285,-3.258682869525134
ood_test,1482,3371631208540637995,-2.2,1.0806933086411387e-09,2604.781653428076,466.5836923998952,39.33731057072893,297.69705044733973,0.0005173345897421089,-3.286228483060246,-3.2853146,0.019693779296891707,0.003026387037722819,0.019459853659417388,-3.323914367358431,-3.246714752514616,-3.323914367358431,-3.246714752514616
ood_test,1483,128968913270984251,-0.4,1.25959298622376e-09,2354.3009197629594,499.1918367180637,40.77134716523017,305.22981462209646,0.00047553470328334926,-3.3228177838905806,-3.3156493,0.021325381979127894,0.006552441208655714,0.020293778232020464,-3.357447019690443,-3.273851522332262,-3.357447019690443,-3.273851522332262
ood_test,1491,2216844718377656366,-2.6,1.2225745089622023e-09,2432.279761567632,478.07469592026655,37.79561575023349,300.3431374384869,0.000517502073604767,-3.286087905671424,-3.2844377,0.020891728418700566,0.005543434628839178,0.020142856019797664,-3.325385444103241,-3.2434898687019347,-3.325385444103241,-3.2434898687019347
ood_test,1493,4261926717090881150,-0.2,1.243555870393131e-09,2440.816535503744,483.6779599156501,38.81204244575611,302.5323056028984,0.00045427504249337565,-3.3426811223206236,-3.3294601,0.021293459147219765,0.006389934021315628,0.020312069371507844,-3.3711953239715196,-3.287724964114418,-3.3711953239715196,-3.287724964114418
ood_test,1495,2216844718377656366,-1.4,1.2225745089622023e-09,2432.279761567632,478.07469592026655,37.79561575023349,300.3431374384869,0.0004977831530679331,-3.302959805705413,-3.2995055,0.02058908236895318,0.005421039173766263,0.019862593190047788,-3.339860073626376,-3.259150870740079,-3.339860073626376,-3.259150870740079
ood_test,1496,2359625090975412513,-0.8,1.1065063764088472e-09,2603.202340784687,488.6799605874269,40.68035124967265,296.73843693227377,0.0004893126173642503,-3.3104135854233427,-3.300734,0.019982055671465857,0.004171180074327963,0.019541846928460914,-3.339898872237411,-3.261569214005265,-3.339898872237411,-3.261569214005265
ood_test,1497,128968913270984251,-0.8,1.25959298622376e-09,2354.3009197629594,499.1918367180637,40.77134716523017,305.22981462209646,0.000491629200783426,-3.3083623296861537,-3.304118,0.02119358503001731,0.006464255654975249,0.020183692870897784,-3.34565734467336,-3.2625784913556926,-3.34565734467336,-3.2625784913556926
ood_test,1502,5857788625354206728,-3.0,1.1037395013588123e-09,2531.0169366346463,492.6438219382251,36.10636397779454,299.96382807834965,0.0005127209213730177,-3.2901189609846506,-3.2790515,0.020031486974914692,0.003623833500395718,0.019700972259059087,-3.3183132567529374,-3.2397898278112716,-3.3183132567529374,-3.2397898278112716
ood_test,1505,4835108955857078241,-1.6,1.089765313742217e-09,2571.102793798516,524.9230612365601,38.57048554783602,303.1708876105774,0.0005017698816383912,-3.299495410440317,-3.295037,0.019612213922434948,0.0036628805740589548,0.01926712912508066,-3.3334769704616787,-3.2565970918857334,-3.3334769704616787,-3.2565970918857334
ood_test,1522,4261926717090881150,-2.6,1.243555870393131e-09,2440.816535503744,483.6779599156501,38.81204244575611,302.5323056028984,0.0005172774570942791,-3.2862764476935404,-3.282625,0.021204509882947732,0.006178602165890222,0.020284380800273172,-3.3241857993162562,-3.241064120575101,-3.3241857993162562,-3.241064120575101
ood_test,1524,3684234868495982631,-0.6000000000000001,1.1395831540373824e-09,2538.761869465952,510.72502895181066,40.87821813200619,300.974125232131,0.00047814385984867755,-3.320441416905348,-3.3165624,0.01974103998318047,0.00466982114069272,0.01918075670700677,-3.355254852536345,-3.277869975802278,-3.355254852536345,-3.277869975802278
ood_test,1527,4261926717090881150,-1.2000000000000002,1.243555870393131e-09,2440.816535503744,483.6779599156501,38.81204244575611,302.5323056028984,0.0004921838378471439,-3.3078726516024273,-3.3011892,0.02083092134808905,0.005890317666735311,0.019980776049995944,-3.3420177900310972,-3.2603605783465883,-3.3420177900310972,-3.2603605783465883
ood_test,1529,9216328605101287225,-0.2,1.104689398918354e-09,2572.8324404304963,485.2307246352714,40.714467773434976,300.93677074401546,0.00045775484520523837,-3.339367050117992,-3.3284163,0.019895470660195376,0.004996710600907771,0.019257795335882663,-3.367411469997645,-3.2894212250096793,-3.367411469997645,-3.2894212250096793
ood_test,1541,17938021924088880075,-2.0,1.0849323731926979e-09,2551.147301026894,487.27717818808753,44.82712146868644,302.5978918999191,0.0005201877752256005,-3.283839858242507,-3.279595,0.02070089691168123,0.004985245801880914,0.02009165220364606,-3.320168656170772,-3.2390211402769817,-3.320168656170772,-3.2390211402769817
ood_test,1544,9216328605101287225,-0.4,1.104689398918354e-09,2572.8324404304963,485.2307246352714,40.714467773434976,300.93677074401546,0.0004687988835833336,-3.3290134312352198,-3.3171625,0.01973398784707962,0.00457189827696978,0.019197083052046697,-3.3558411299131863,-3.278483897552634,-3.3558411299131863,-3.278483897552634
ood_test,1568,14988660033747214345,-2.4000000000000004,1.1774606839117e-09,2487.5677489208106,509.6158544320055,42.33569419095241,299.8381908200232,0.0005203002945887258,-3.283745928210783,-3.2842057,0.020453001057587773,0.004855639442858105,0.019868265501516005,-3.324293557197994,-3.2441177930522502,-3.324293557197994,-3.2441177930522502
ood_test,1572,3371631208540637995,-1.4,1.0806933086411387e-09,2604.781653428076,466.5836923998952,39.33731057072893,297.69705044733973,0.0005023511147047093,-3.2989926297146597,-3.2974248,0.019536515849384675,0.0032252676346072612,0.019268448015357584,-3.335716364308202,-3.2591332221786145,-3.335716364308202,-3.2591332221786145
ood_test,1583,5857788625354206728,-2.0,1.1037395013588123e-09,2531.0169366346463,492.6438219382251,36.10636397779454,299.96382807834965,0.0004993029260995062,-3.3016358888114126,-3.2889204,0.019763519344050323,0.0035675267704775924,0.01943886515911724,-3.327656900441194,-3.2501839046125167,-3.327656900441194,-3.2501839046125167
ood_test,1587,12823118457006761398,-1.4,1.0941860864671191e-09,2539.112215454232,503.69324532533454,39.339075937042885,294.39428351617613,0.0005043742179325362,-3.297247121337269,-3.2985942,0.01954370745745526,0.003371592349691734,0.019250684973619692,-3.3368999029905138,-3.260288569757289,-3.3368999029905138,-3.260288569757289
ood_test,1589,11892504857466714026,-0.2,1.1942019403763875e-09,2464.50260258804,490.2741317287723,40.32854625878799,294.3650499716886,0.0004645392880543702,-3.332977549993978,-3.326279,0.02063998557561661,0.005283560095985709,0.019952266896104374,-3.3667332966702253,-3.285824553213808,-3.3667332966702253,-3.285824553213808
ood_test,1596,9216328605101287225,-1.6,1.104689398918354e-09,2572.8324404304963,485.2307246352714,40.714467773434976,300.93677074401546,0.0005066980159577796,-3.2952507962427315,-3.2855306,0.019961637245915795,0.0037496314621866447,0.01960630464402786,-3.3246553761711843,-3.2464057581671946,-3.3246553761711843,-3.2464057581671946
ood_test,1600,11892504857466714026,-2.2,1.1942019403763875e-09,2464.50260258804,490.2741317287723,40.32854625878799,294.3650499716886,0.000522052302264369,-3.2822859846473005,-3.2816908,0.020825809632693367,0.004986829079556781,0.020219937979770952,-3.322509422832838,-3.24087224907268,-3.322509422832838,-3.24087224907268
ood_test,1605,14988660033747214345,-3.0,1.1774606839117e-09,2487.5677489208106,509.6158544320055,42.33569419095241,299.8381908200232,0.0005279586359569588,-3.2774001018588854,-3.2786613,0.020584087105881742,0.004959098531321507,0.01997778755837256,-3.3190060617956436,-3.238316440340587,-3.3190060617956436,-3.238316440340587
ood_test,1606,2671493380122846465,-2.6,1.120623623770265e-09,2459.871490367434,512.0011452017391,38.21649432972869,303.56534322943094,0.0005185505771998913,-3.2852088779874133,-3.282087,0.019884966931367747,0.0037747455568925667,0.019523401421939066,-3.3210616228167065,-3.2431125524457447,-3.3210616228167065,-3.2431125524457447
ood_test,1609,2216844718377656366,-1.2000000000000002,1.2225745089622023e-09,2432.279761567632,478.07469592026655,37.79561575023349,300.3431374384869,0.0004931035713934726,-3.3070618519996655,-3.30326,0.020585225901285125,0.005402381751096225,0.019863680529773015,-3.343607130733438,-3.2629130452004,-3.343607130733438,-3.2629130452004
ood_test,1611,128968913270984251,-0.6000000000000001,1.25959298622376e-09,2354.3009197629594,499.1918367180637,40.77134716523017,305.22981462209646,0.00048431775515277994,-3.31486960936863,-3.3092444,0.02122939411972295,0.006501624664187069,0.020209305611747934,-3.350854006777025,-3.267634781827711,-3.350854006777025,-3.267634781827711
ood_test,1614,9216328605101287225,-0.6000000000000001,1.104689398918354e-09,2572.8324404304963,485.2307246352714,40.714467773434976,300.93677074401546,0.0004777763276575978,-3.3207753720042343,-3.3089461,0.019807309480257197,0.004314664232863749,0.019331662670068046,-3.347768459241216,-3.270123806078608,-3.347768459241216,-3.270123806078608
ood_test,1623,16519722322841066187,-0.4,1.0933784852654091e-09,2410.884334287086,539.0569290920441,39.62193192256099,289.3285700165644,0.0004746937210083415,-3.323586512856033,-3.319256,0.019825648013132354,0.004938337180758478,0.01920075942484121,-3.3581143373817404,-3.2803977971702616,-3.3581143373817404,-3.2803977971702616
ood_test,1631,12882774050561771087,-0.2,1.1421949243104863e-09,2464.085688286918,515.1290966367517,40.96326376678826,298.8654192354596,0.00045673699295791306,-3.340333811719351,-3.3304777,0.02004439964193806,0.005012895104308575,0.019407443343022725,-3.369764737836773,-3.2911906912403754,-3.369764737836773,-3.2911906912403754
ood_test,1632,12849312948239067464,-2.8000000000000003,1.1459805246638944e-09,2630.825732937456,497.4739907663986,41.26661222078493,300.2753689300697,0.000517094073480694,-3.2864304397359194,-3.278773,0.020485625311634968,0.004467099986777549,0.019992646062488274,-3.3189248949925183,-3.2386212437709094,-3.3189248949925183,-3.2386212437709094
ood_test,1638,17451691503515762550,0.0,1.08604047901988e-09,2575.5622449220923,476.6697423761544,40.75046782180591,305.2870639056014,0.000441478887236,-3.355090060775307,-3.3483825,0.020123797107428332,0.004976550807845279,0.019498747381618754,-3.387825115322503,-3.3089398306613838,-3.387825115322503,-3.3089398306613838
ood_test,1639,2359625090975412513,-2.4000000000000004,1.1065063764088472e-09,2603.202340784687,488.6799605874269,40.68035124967265,296.73843693227377,0.0005247441748325322,-3.280052373807266,-3.274664,0.020367786392272377,0.003847639634007579,0.02000105906586665,-3.3145847864997524,-3.2347430638420445,-3.3145847864997524,-3.2347430638420445
ood_test,1640,10954724855113224492,-1.8,1.1396379394271226e-09,2408.4924726992253,490.0725825278824,43.06550150160359,292.35304316269765,0.0005250101933138941,-3.27983226448547,-3.2813458,0.020581112155226296,0.004889860515549101,0.01999178485692757,-3.3216848240930426,-3.241006864444555,-3.3216848240930426,-3.241006864444555
ood_test,1642,12823118457006761398,-0.8,1.0941860864671191e-09,2539.112215454232,503.69324532533454,39.339075937042885,294.39428351617613,0.00048785729814187167,-3.311707193760972,-3.3132105,0.019636454963233223,0.0037465180551340565,0.01927573441020372,-3.35169793909366,-3.2747230356377854,-3.35169793909366,-3.2747230356377854
ood_test,1644,10813817281839957845,-0.8,1.1201765668553064e-09,2329.913862262383,487.444276821995,41.61971486534147,298.1037724082114,0.0004997975991225025,-3.3012058344247612,-3.2982905,0.02026087638813059,0.004428985547280875,0.019770868027348964,-3.338001808824862,-3.25857917338339,-3.338001808824862,-3.25857917338339
ood_test,1645,10954724855113224492,-1.4,1.1396379394271226e-09,2408.4924726992253,490.0725825278824,43.06550150160359,292.35304316269765,0.0005167829776345754,-3.2866918000461114,-3.2878156,0.02048341948795826,0.004984933682569998,0.019867584390828846,-3.3279630730276972,-3.2476680686349004,-3.3279630730276972,-3.2476680686349004
ood_test,1653,17451691503515762550,-2.2,1.08604047901988e-09,2575.5622449220923,476.6697423761544,40.75046782180591,305.2870639056014,0.0005165585960079823,-3.286880407001037,-3.283192,0.019882880268208874,0.003416979643066608,0.019587066990881783,-3.322162364652472,-3.2442214740010926,-3.322162364652472,-3.2442214740010926
ood_test,1656,128968913270984251,-1.0,1.25959298622376e-09,2354.3009197629594,499.1918367180637,40.77134716523017,305.22981462209646,0.0004978472107999223,-3.3029039216733986,-3.299716,0.021145155758195706,0.00640872753071342,0.020150578433811323,-3.3411605010746377,-3.2582714905025107,-3.3411605010746377,-3.2582714905025107
ood_test,1658,3134241803077969267,-1.4,1.0942344693420075e-09,2360.838758300681,491.3731844386217,39.51420947268076,305.7035776891924,0.0005076089547089653,-3.2944707251384284,-3.2920194,0.019823304071582705,0.0037676697240978294,0.019461963342221753,-3.3308730431983196,-3.2531656912377156,-3.3308730431983196,-3.2531656912377156
ood_test,1661,7155552337602576564,-1.6,1.1762312017058683e-09,2610.23254556298,515.3751788116352,39.24041391228537,297.93305834844136,0.0005007850246813499,-3.300348666609719,-3.296211,0.020265030757093225,0.004867567342988359,0.01967176303712525,-3.335930464541105,-3.2564915439732993,-3.335930464541105,-3.2564915439732993
ood_test,1673,4374302465450070181,-1.2000000000000002,1.1621717411232646e-09,2521.3696634346124,503.94444076752967,42.25069338145754,304.38892783295006,0.0005017262946564131,-3.299533137710665,-3.3033292,0.020128596026464704,0.004661257155521862,0.019581447489188514,-3.342781277566729,-3.2638771811429876,-3.342781277566729,-3.2638771811429876
ood_test,1679,2359625090975412513,-1.4,1.1065063764088472e-09,2603.202340784687,488.6799605874269,40.68035124967265,296.73843693227377,0.0005063604697252968,-3.295540205933586,-3.2872066,0.02005387967358976,0.003924330937055927,0.019666157076399918,-3.326512253940509,-3.2479010456200377,-3.326512253940509,-3.2479010456200377
ood_test,1684,10954724855113224492,-2.0,1.1396379394271226e-09,2408.4924726992253,490.0725825278824,43.06550150160359,292.35304316269765,0.0005285281668704902,-3.2769318628684543,-3.2788177,0.020650853556481708,0.00481446474460799,0.020081799795376134,-3.31929332662671,-3.2383419806853015,-3.31929332662671,-3.2383419806853015
ood_test,1687,10813817281839957845,-2.4000000000000004,1.1201765668553064e-09,2329.913862262383,487.444276821995,41.61971486534147,298.1037724082114,0.0005341186932591747,-3.2723622221858113,-3.273225,0.02062124623009056,0.004187425512084476,0.020191612983043304,-3.313642711656998,-3.232807426435043,-3.313642711656998,-3.232807426435043
ood_test,1702,3134241803077969267,-2.0,1.0942344693420075e-09,2360.838758300681,491.3731844386217,39.51420947268076,305.7035776891924,0.000519189733093378,-3.284673904237307,-3.2831812,0.019885993336737264,0.003585827727166727,0.019560024323817635,-3.322157737430728,-3.2442046435507175,-3.322157737430728,-3.2442046435507175
ood_test,1709,3262830124868165494,-1.8,1.0882818479532783e-09,2447.508764517909,466.8571183944717,43.278933930679706,307.8168200832177,0.0005169510552830366,-3.286550573785629,-3.2862108,0.019887699498697148,0.004337157473225739,0.019409008678916078,-3.3251906663928126,-3.24723088435792,-3.3251906663928126,-3.24723088435792
ood_test,1718,4253972365711734043,-2.8000000000000003,1.1064539714677527e-09,2488.434465234489,500.4335716276796,41.129719458135625,288.0815978442095,0.0005248275497331078,-3.2799833756464394,-3.275654,0.020199644131125898,0.0037843840178691125,0.019841977066365868,-3.315245380026914,-3.2360627750329005,-3.315245380026914,-3.2360627750329005
ood_test,1719,10813817281839957845,-1.4,1.1201765668553064e-09,2329.913862262383,487.444276821995,41.61971486534147,298.1037724082114,0.0005163388695787235,-3.287065180379565,-3.2853923,0.0202983103939885,0.0042093480006479824,0.019857058996452518,-3.325176972765528,-3.245607596021093,-3.325176972765528,-3.245607596021093
ood_test,1722,3262830124868165494,-1.6,1.0882818479532783e-09,2447.508764517909,466.8571183944717,43.278933930679706,307.8168200832177,0.0005129619495389914,-3.2899148487636882,-3.2892976,0.019922384688064135,0.0043784276352998005,0.019435297114066215,-3.3283454547075997,-3.2502497067303886,-3.3283454547075997,-3.2502497067303886
ood_test,1736,3262830124868165494,-2.4000000000000004,1.0882818479532783e-09,2447.508764517909,466.8571183944717,43.278933930679706,307.8168200832177,0.0005269103294660304,-3.278263287504027,-3.278827,0.020102333319153644,0.004147250137268008,0.01966987948848541,-3.318227525286132,-3.2394263786750495,-3.318227525286132,-3.2394263786750495
ood_test,1738,4261926717090881150,-1.6,1.243555870393131e-09,2440.816535503744,483.6779599156501,38.81204244575611,302.5323056028984,0.0005012478739934424,-3.2999474563964486,-3.294145,0.020880340464666743,0.005952941258195384,0.020013772680661367,-3.3350705745800338,-3.2532196399585405,-3.3350705745800338,-3.2532196399585405
ood_test,1751,4374302465450070181,-2.8000000000000003,1.1621717411232646e-09,2521.3696634346124,503.94444076752967,42.25069338145754,304.38892783295006,0.0005305301564832336,-3.2752899248219625,-3.2806234,0.020469847375796428,0.004532064473069486,0.01996184036043483,-3.320744336830682,-3.2405025351175603,-3.320744336830682,-3.2405025351175603
ood_test,1758,17451691503515762550,-0.6000000000000001,1.08604047901988e-09,2575.5622449220923,476.6697423761544,40.75046782180591,305.2870639056014,0.0004765903918020098,-3.3218547174017115,-3.3160536,0.01962823017930915,0.004282680466599909,0.019155314582352607,-3.3545249600729545,-3.277582297770063,-3.3545249600729545,-3.277582297770063
ood_test,1763,9216328605101287225,0.0,1.104689398918354e-09,2572.8324404304963,485.2307246352714,40.714467773434976,300.93677074401546,0.0004429722632006,-3.3536234663639433,-3.3407116,0.02002779841524904,0.004912076843116809,0.019416081126468834,-3.379966078521818,-3.3014571087340414,-3.379966078521818,-3.3014571087340414
ood_test,1769,14988660033747214345,-0.4,1.1774606839117e-09,2487.5677489208106,509.6158544320055,42.33569419095241,299.8381908200232,0.00046969404168674666,-3.32818494903323,-3.3245013,0.020369342249488172,0.005341036765533469,0.019656637775941205,-3.364425186825232,-3.2845773652072388,-3.364425186825232,-3.2845773652072388
ood_test,1771,17938021924088880075,-0.2,1.0849323731926979e-09,2551.147301026894,487.27717818808753,44.82712146868644,302.5978918999191,0.000462831330355371,-3.334577250109422,-3.326121,0.020331057870843907,0.005302177911324536,0.019627501675234218,-3.3659699652695054,-3.2862722184157973,-3.3659699652695054,-3.2862722184157973
ood_test,1778,4374302465450070181,-1.4,1.1621717411232646e-09,2521.3696634346124,503.94444076752967,42.25069338145754,304.38892783295006,0.0005067022788878976,-3.2952471424703056,-3.2991815,0.020205645488114946,0.004644864459739049,0.019664519973376506,-3.338784526490934,-3.259578396177523,-3.338784526490934,-3.259578396177523
ood_test,1782,7155552337602576564,-1.2000000000000002,1.1762312017058683e-09,2610.23254556298,515.3751788116352,39.24041391228537,297.93305834844136,0.0004917627005864353,-3.308244414889301,-3.3036993,0.020128608213335845,0.0047818161168185136,0.01955236826054686,-3.3431513270877624,-3.2642471828914856,-3.3431513270877624,-3.2642471828914856
ood_test,1793,12882774050561771087,-1.4,1.1421949243104863e-09,2464.085688286918,515.1290966367517,40.96326376678826,298.8654192354596,0.0004998623715806184,-3.301149554645631,-3.2934346,0.019978398256026455,0.004043618401463426,0.019564905842758412,-3.3325922804853763,-3.2542769593217526,-3.3325922804853763,-3.2542769593217526
ood_test,1800,17234994038809733169,-2.8000000000000003,1.2225799825820127e-09,2598.953191343567,516.8045118894966,39.85430360518959,306.74502895459364,0.0005159026509786985,-3.287432240487881,-3.28273,0.021162400180861667,0.006152279201271851,0.02024837401243567,-3.3242084068935513,-3.2412517981845737,-3.3242084068935513,-3.2412517981845737
ood_test,1801,4374302465450070181,-2.0,1.1621717411232646e-09,2521.3696634346124,503.94444076752967,42.25069338145754,304.38892783295006,0.0005187664747267835,-3.2850280979534485,-3.2894716,0.020391629328613343,0.004573364086748806,0.019872163946184657,-3.3294392197658205,-3.249504032797656,-3.3294392197658205,-3.249504032797656
ood_test,1802,13161242281976296834,-2.6,1.1425395479879979e-09,2554.3812528255967,503.27354733950745,40.19858533526689,297.9110382121584,0.0005198500574708565,-3.284121903679452,-3.2798927,0.020274011127028105,0.004010443030021256,0.019873396174266793,-3.3196297448381498,-3.2401556212202,-3.3196297448381498,-3.2401556212202
ood_test,1806,3262830124868165494,-2.2,1.0882818479532783e-09,2447.508764517909,466.8571183944717,43.278933930679706,307.8168200832177,0.0005238711862613674,-3.280775487774272,-3.281178,0.019993251343754993,0.004158825633707738,0.019555925472823536,-3.320364770222871,-3.2419912249553517,-3.320364770222871,-3.2419912249553517
ood_test,1812,5355939635520617484,-2.0,1.117839944989197e-09,2400.8118901118505,474.17775422532,39.11984591644459,301.1260229250646,0.0005138191644947622,-3.289189701394887,-3.2842748,0.019896559354017396,0.0037227570416490975,0.019545182068863447,-3.323272072846936,-3.2452775601791872,-3.323272072846936,-3.2452775601791872
ood_test,1815,11892504857466714026,-1.2000000000000002,1.1942019403763875e-09,2464.50260258804,490.2741317287723,40.32854625878799,294.3650499716886,0.0005026578264812826,-3.2987275510058502,-3.2966816,0.020548627373148838,0.005052529855980216,0.01991778075896604,-3.3369569521837206,-3.2564063328809767,-3.3369569521837206,-3.2564063328809767
ood_test,1819,2216844718377656366,-1.0,1.2225745089622023e-09,2432.279761567632,478.07469592026655,37.79561575023349,300.3431374384869,0.0004878142131216873,-3.3117455500854414,-3.3074129,0.020627170403562378,0.005446375001822131,0.019895153801545686,-3.347842116768692,-3.266983608786728,-3.347842116768692,-3.266983608786728
ood_test,1831,14988660033747214345,-1.4,1.1774606839117e-09,2487.5677489208106,509.6158544320055,42.33569419095241,299.8381908200232,0.0005023625960536546,-3.2989827039289588,-3.298119,0.020279431576492715,0.004880345954429166,0.019683433997388925,-3.3378667540356775,-3.2583713822558265,-3.3378667540356775,-3.2583713822558265
ood_test,1850,2671493380122846465,-0.6000000000000001,1.120623623770265e-09,2459.871490367434,512.0011452017391,38.21649432972869,303.56534322943094,0.0004748086800992818,-3.3234813501960425,-3.3189192,0.019714755610320715,0.0046991789747496526,0.01914652107777524,-3.357560102819959,-3.280278260827502,-3.357560102819959,-3.280278260827502
ood_test,1852,13161242281976296834,-0.4,1.1425395479879979e-09,2554.3812528255967,503.27354733950745,40.19858533526689,297.9110382121584,0.00046684505659459215,-3.3308272355613293,-3.3235853,0.019946658227185457,0.004926551799315746,0.019328689073509393,-3.3626807219606105,-3.2844898217100438,-3.3626807219606105,-3.2844898217100438
ood_test,1867,12882774050561771087,-0.4,1.1421949243104863e-09,2464.085688286918,515.1290966367517,40.96326376678826,298.8654192354596,0.00046741255078362385,-3.33029963027736,-3.3203924,0.020005604768802622,0.004881542637470473,0.01940089493092908,-3.359603355570852,-3.281181384877146,-3.359603355570852,-3.281181384877146
ood_test,1871,5355939635520617484,-1.2000000000000002,1.117839944989197e-09,2400.8118901118505,474.17775422532,39.11984591644459,301.1260229250646,0.0004975722217152879,-3.303143873278074,-3.2973967,0.019841492299713773,0.003962594327199892,0.019441775113126596,-3.336285984758513,-3.2585073349436353,-3.336285984758513,-3.2585073349436353
ood_test,1877,10813817281839957845,0.0,1.1201765668553064e-09,2329.913862262383,487.444276821995,41.61971486534147,298.1037724082114,0.0004586495972403,-3.338518983528655,-3.334234,0.020348038244635127,0.004954339558140548,0.019735683176265152,-3.374116154211804,-3.2943518442928346,-3.374116154211804,-3.2943518442928346
ood_test,1878,3371631208540637995,-0.4,1.0806933086411387e-09,2604.781653428076,466.5836923998952,39.33731057072893,297.69705044733973,0.0004692304837628255,-3.328613781509754,-3.327241,0.01961352468813111,0.004279269158252738,0.019141008549728666,-3.3656834522974286,-3.288798435519954,-3.3656834522974286,-3.288798435519954
ood_test,1890,4837710515318421738,-3.0,1.0991618704794608e-09,2475.161456337068,505.0064403774024,34.84085283436253,301.39850617403,0.0005068359247173557,-3.2951326097444684,-3.2772634,0.01990590668418333,0.0035465765234118617,0.019587417701951312,-3.3162789800398422,-3.2382478258378433,-3.3162789800398422,-3.2382478258378433
ood_test,1894,17234994038809733169,-0.8,1.2225799825820127e-09,2598.953191343567,516.8045118894966,39.85430360518959,306.74502895459364,0.00047582159671893996,-3.3225558499763403,-3.3137228,0.020720355282604658,0.006251245396574227,0.01975487479012025,-3.354334745246117,-3.273110952538307,-3.354334745246117,-3.273110952538307
ood_test,1903,15425818973916266975,-2.8000000000000003,1.1154637147520875e-09,2350.383805501934,499.6014506673355,39.64774721352306,306.8220229508652,0.0005299917565795423,-3.2757308853046045,-3.2766,0.02025828058457734,0.004207491533944014,0.01981653223351812,-3.3163061139789747,-3.2368936540874316,-3.3163061139789747,-3.2368936540874316
ood_test,1917,12882774050561771087,0.0,1.1421949243104863e-09,2464.085688286918,515.1290966367517,40.96326376678826,298.8654192354596,0.0004424656977026,-3.3541203924823626,-3.3403678,0.020274908893202232,0.004739294769307205,0.019713218710460025,-3.3801066154675414,-3.300628972606189,-3.3801066154675414,-3.300628972606189
ood_test,1920,3779633422659776445,-1.2000000000000002,1.0976147775803618e-09,2495.918019735696,486.14991613464105,39.05845567786759,297.2376267822416,0.0004944170336464291,-3.305906575356097,-3.2981577,0.019643676361433268,0.0034678530596005818,0.019335149469311457,-3.3366592976239757,-3.259656086287157,-3.3366592976239757,-3.259656086287157
ood_test,1922,5355939635520617484,-1.8,1.117839944989197e-09,2400.8118901118505,474.17775422532,39.11984591644459,301.1260229250646,0.0005103954451087711,-3.292093210017602,-3.2867312,0.01988113483744198,0.0038143833552819932,0.019511790041934304,-3.325698267414931,-3.2477642188521587,-3.325698267414931,-3.2477642188521587
ood_test,1924,4261926717090881150,-0.6000000000000001,1.243555870393131e-09,2440.816535503744,483.6779599156501,38.81204244575611,302.5323056028984,0.00047346810576035994,-3.3247092710615713,-3.314859,0.020973639087839682,0.006165063229099832,0.020047083461782893,-3.3559672460337966,-3.273750580809465,-3.3559672460337966,-3.273750580809465
ood_test,1930,5857788625354206728,-2.4000000000000004,1.1037395013588123e-09,2531.0169366346463,492.6438219382251,36.10636397779454,299.96382807834965,0.0005052696559673471,-3.2964767825882935,-3.2842777,0.019826480782660392,0.0034612596237885494,0.01952201347272567,-3.323137579870025,-3.2454177752019966,-3.323137579870025,-3.2454177752019966
ood_test,1932,3134241803077969267,-3.0,1.0942344693420075e-09,2360.838758300681,491.3731844386217,39.51420947268076,305.7035776891924,0.0005327560505986823,-3.2734716092314082,-3.2736745,0.02015906726661014,0.0037409090476909408,0.0198089276259255,-3.3131862599101827,-3.2341627162250712,-3.3131862599101827,-3.2341627162250712
ood_test,1935,3684234868495982631,-2.0,1.1395831540373824e-09,2538.761869465952,510.72502895181066,40.87821813200619,300.974125232131,0.0005141357665467178,-3.2889221828017674,-3.2871642,0.02001619109753466,0.004023711147452934,0.01960759103598174,-3.3263959458243613,-3.2479324767220255,-3.3263959458243613,-3.2479324767220255
ood_test,1938,13161242281976296834,-1.8,1.1425395479879979e-09,2554.3812528255967,503.27354733950745,40.19858533526689,297.9110382121584,0.0005076141552311307,-3.294466275755712,-3.2890177,0.02017574838500998,0.004101138740632779,0.019754529495437892,-3.3285621441417486,-3.2494732104725093,-3.3285621441417486,-3.2494732104725093
ood_test,1942,17234994038809733169,-1.2000000000000002,1.2225799825820127e-09,2598.953191343567,516.8045118894966,39.85430360518959,306.74502895459364,0.00048768727490279133,-3.311858576193545,-3.3045025,0.02063619952098182,0.0058908694611786855,0.019777522058992508,-3.3449494382437415,-3.264055536121493,-3.3449494382437415,-3.264055536121493
ood_test,1945,2671493380122846465,-2.4000000000000004,1.120623623770265e-09,2459.871490367434,512.0011452017391,38.21649432972869,303.56534322943094,0.0005159124706402262,-3.287423974230242,-3.2841802,0.01978766153578267,0.0037675349914668703,0.019425684380928745,-3.3229639809472924,-3.245396347727024,-3.3229639809472924,-3.245396347727024
ood_test,1948,5355939635520617484,-3.0,1.117839944989197e-09,2400.8118901118505,474.17775422532,39.11984591644459,301.1260229250646,0.0005271860829579278,-3.2780360630846723,-3.2752016,0.02023696845514353,0.003830649781538807,0.01987111045887927,-3.3148660172388538,-3.235537100894691,-3.3148660172388538,-3.235537100894691
ood_test,1950,11892504857466714026,-1.6,1.1942019403763875e-09,2464.50260258804,490.2741317287723,40.32854625878799,294.3650499716886,0.0005116909661469503,-3.2909922503860276,-3.289362,0.020636756054763974,0.0050218873225903946,0.020016400982537663,-3.3298099956026888,-3.2489139118680144,-3.3298099956026888,-3.2489139118680144
ood_test,1952,2359625090975412513,-1.6,1.1065063764088472e-09,2603.202340784687,488.6799605874269,40.68035124967265,296.73843693227377,0.0005108259248194605,-3.2917270700610706,-3.2838717,0.020108730072406412,0.003951136298657003,0.019716732591639308,-3.3232847616377175,-3.244458539753884,-3.3232847616377175,-3.244458539753884
ood_test,1954,4374302465450070181,-1.6,1.1621717411232646e-09,2521.3696634346124,503.94444076752967,42.25069338145754,304.38892783295006,0.0005111433763850851,-3.2914572626069836,-3.2954602,0.020212180359240658,0.0045966440573478535,0.019682557896763493,-3.335076097655723,-3.2558443506474997,-3.335076097655723,-3.2558443506474997
ood_test,1956,5355939635520617484,-0.6000000000000001,1.117839944989197e-09,2400.8118901118505,474.17775422532,39.11984591644459,301.1260229250646,0.0004788263038730668,-3.3198220000510346,-3.3133883,0.019841279706517185,0.004532933464686752,0.01931654417936797,-3.352277255850506,-3.2744994394009588,-3.352277255850506,-3.2744994394009588
ood_test,1958,5355939635520617484,-1.4,1.117839944989197e-09,2400.8118901118505,474.17775422532,39.11984591644459,301.1260229250646,0.0005023423401060729,-3.299000215630046,-3.2932045,0.019872738083225126,0.003837197178059858,0.0194987595684899,-3.3321551126178526,-3.2542539793316103,-3.3321551126178526,-3.2542539793316103
ood_test,1965,10954724855113224492,-0.8,1.1396379394271226e-09,2408.4924726992253,490.0725825278824,43.06550150160359,292.35304316269765,0.0005001276142205612,-3.30091916550328,-3.3007667,0.02060078311934631,0.005221230005005639,0.019928146369920727,-3.3411442413805936,-3.260389171552756,-3.3411442413805936,-3.260389171552756
ood_test,1969,17451691503515762550,-1.6,1.08604047901988e-09,2575.5622449220923,476.6697423761544,40.75046782180591,305.2870639056014,0.0005056517499712328,-3.2961484854043914,-3.2914917,0.019780797619136124,0.003574550470545778,0.019455141402575808,-3.3302621102359726,-3.252721383568959,-3.3302621102359726,-3.252721383568959
ood_test,1970,12882774050561771087,-2.2,1.1421949243104863e-09,2464.085688286918,515.1290966367517,40.96326376678826,298.8654192354596,0.000514484593250314,-3.2886276260843608,-3.2824445,0.02003834818336765,0.003955677939302596,0.019644032488889972,-3.3217196395206994,-3.2431693146418983,-3.3217196395206994,-3.2431693146418983
ood_test,1976,15038946426069692038,-1.4,1.2307353848142815e-09,2445.249484887284,482.48119148575233,42.87746783295031,307.55593866537106,0.0005082333242629141,-3.293936862172283,-3.2936425,0.021080974278374645,0.006435155437833291,0.020074766616630393,-3.3349612304901552,-3.252323811318927,-3.3349612304901552,-3.252323811318927
ood_test,1977,12882774050561771087,-2.0,1.1421949243104863e-09,2464.085688286918,515.1290966367517,40.96326376678826,298.8654192354596,0.0005113614764518763,-3.2912719927636496,-3.2845697,0.020034866800511412,0.003995140043633058,0.01963249152191848,-3.3238380792244127,-3.2453014013664077,-3.3238380792244127,-3.2453014013664077
ood_test,1981,12849312948239067464,-2.0,1.1459805246638944e-09,2630.825732937456,497.4739907663986,41.26661222078493,300.2753689300697,0.0005056475670639024,-3.2961520780372378,-3.2876945,0.020383472249528953,0.004495208666542424,0.019881625020481245,-3.327646059802192,-3.2477428485840383,-3.327646059802192,-3.2477428485840383
ood_test,1983,10954724855113224492,-2.6,1.1396379394271226e-09,2408.4924726992253,490.0725825278824,43.06550150160359,292.35304316269765,0.0005373511059044748,-3.2697418529790054,-3.272139,0.021012584265719204,0.004904625586986058,0.020432164216128503,-3.3133237375790223,-3.2309544072574035,-3.3133237375790223,-3.2309544072574035
ood_test,1984,15425818973916266975,-1.6,1.1154637147520875e-09,2350.383805501934,499.6014506673355,39.64774721352306,306.8220229508652,0.0005114627345784499,-3.291186003704556,-3.2909,0.019969449030317832,0.004408059673957428,0.019476855698757303,-3.3300401120885588,-3.2517598718897127,-3.3300401120885588,-3.2517598718897127
ood_test,1985,4835108955857078241,-1.0,1.089765313742217e-09,2571.102793798516,524.9230612365601,38.57048554783602,303.1708876105774,0.0004868918327991446,-3.312567510317553,-3.3080885,0.019703844298358225,0.003961705024130723,0.01930146089518453,-3.3467080758556658,-3.269469006206102,-3.3467080758556658,-3.269469006206102
ood_test,1988,11892504857466714026,-1.8,1.1942019403763875e-09,2464.50260258804,490.2741317287723,40.32854625878799,294.3650499716886,0.0005154957070416167,-3.287774947094141,-3.286384,0.020690858992150583,0.005033307436423064,0.020069315022939526,-3.326938189306988,-3.245830022057758,-3.326938189306988,-3.245830022057758
ood_test,1990,17234994038809733169,-0.6000000000000001,1.2225799825820127e-09,2598.953191343567,516.8045118894966,39.85430360518959,306.74502895459364,0.0004684306649478825,-3.329354682383327,-3.319484,0.0208779951690203,0.006535911072048354,0.019828578278593613,-3.360404865968902,-3.2785631249063423,-3.360404865968902,-3.2785631249063423
ood_test,1994,3371631208540637995,-1.0,1.0806933086411387e-09,2604.781653428076,466.5836923998952,39.33731057072893,297.69705044733973,0.0004919174000303641,-3.308107815368047,-3.3068829,0.019616383186462312,0.0034593276661883405,0.019308949050452905,-3.345330969321833,-3.268434747230901,-3.345330969321833,-3.268434747230901
ood_test,1996,3134241803077969267,-0.4,1.0942344693420075e-09,2360.838758300681,491.3731844386217,39.51420947268076,305.7035776891924,0.00047499474006924483,-3.3233111995783973,-3.3205304,0.019673653356249054,0.0046277347967763425,0.019121628716419266,-3.359090775159547,-3.2819700540030508,-3.359090775159547,-3.2819700540030508
ood_test,1997,17938021924088880075,-3.0,1.0849323731926979e-09,2551.147301026894,487.27717818808753,44.82712146868644,302.5978918999191,0.0005341258703901537,-3.2723563864652543,-3.2704666,0.020928191537157494,0.004953555874621276,0.02033350607784666,-3.311485821498644,-3.229447310672987,-3.311485821498644,-3.229447310672987
ood_test,1999,3134241803077969267,-1.6,1.0942344693420075e-09,2360.838758300681,491.3731844386217,39.51420947268076,305.7035776891924,0.0005118874574281455,-3.2908255116618657,-3.2886508,0.019761111759951377,0.0036674096893092078,0.019417818432654967,-3.3273825301633964,-3.249918972064387,-3.3273825301633964,-3.249918972064387
ood_test,2000,12849312948239067464,-1.0,1.1459805246638944e-09,2630.825732937456,497.4739907663986,41.26661222078493,300.2753689300697,0.00048355692710305107,-3.3155523909265963,-3.3063757,0.020105835013461786,0.004713262258451052,0.019545581527417547,-3.345783178585003,-3.266968305332233,-3.345783178585003,-3.266968305332233
ood_test,2002,4837710515318421738,-1.0,1.0991618704794608e-09,2475.161456337068,505.0064403774024,34.84085283436253,301.39850617403,0.0004726492085533949,-3.3254610649916905,-3.3054576,0.019572689191127784,0.0037990089402879356,0.01920046016944983,-3.3438200628251087,-3.2670951211958874,-3.3438200628251087,-3.2670951211958874
ood_test,2014,4837710515318421738,-1.2000000000000002,1.0991618704794608e-09,2475.161456337068,505.0064403774024,34.84085283436253,301.39850617403,0.0004778659202136388,-3.3206939407931113,-3.3006234,0.01958436421368184,0.003725020752963728,0.01922684474547231,-3.339008770759451,-3.2622380630418184,-3.339008770759451,-3.2622380630418184
ood_test,2019,3262830124868165494,-2.8000000000000003,1.0882818479532783e-09,2447.508764517909,466.8571183944717,43.278933930679706,307.8168200832177,0.0005323221192400835,-3.2738254874918553,-3.2747042,0.020284283305304036,0.004195034520491677,0.019845750934129516,-3.3144614131891625,-3.2349470226323707,-3.3144614131891625,-3.2349470226323707
ood_test,2020,17451691503515762550,-1.8,1.08604047901988e-09,2575.5622449220923,476.6697423761544,40.75046782180591,305.2870639056014,0.0005096386170891945,-3.2927376714236427,-3.2884498,0.019820107049053112,0.003543126623306074,0.019500843523455182,-3.327297174067853,-3.2496023544355648,-3.327297174067853,-3.2496023544355648
ood_test,2024,13161242281976296834,-0.2,1.1425395479879979e-09,2554.3812528255967,503.27354733950745,40.19858533526689,297.9110382121584,0.00045599104617137325,-3.341043685047281,-3.3334527,0.020072956189217405,0.004906705479660963,0.019464013444767198,-3.3727956956994696,-3.2941097074377375,-3.3727956956994696,-3.2941097074377375
ood_test,2026,3684234868495982631,-3.0,1.1395831540373824e-09,2538.761869465952,510.72502895181066,40.87821813200619,300.974125232131,0.0005279340848880652,-3.277420297838149,-3.277667,0.020127170162541088,0.003934956873119175,0.019738770516954465,-3.3171162991118424,-3.238217792074681,-3.3171162991118424,-3.238217792074681
ood_test,2029,12823118457006761398,-0.2,1.0941860864671191e-09,2539.112215454232,503.69324532533454,39.339075937042885,294.39428351617613,0.0004609186866577253,-3.336375684264669,-3.3387356,0.019667834802327137,0.004489324438926018,0.01914861992780526,-3.377284536656897,-3.300186624231775,-3.377284536656897,-3.300186624231775
ood_test,2035,16519722322841066187,-1.8,1.0933784852654091e-09,2410.884334287086,539.0569290920441,39.62193192256099,289.3285700165644,0.0005142306848565453,-3.2888420119672355,-3.2854748,0.019574590343025937,0.0036993037466604745,0.01922185625288484,-3.3238409742940105,-3.247108580149349,-3.3238409742940105,-3.247108580149349
ood_test,2036,128968913270984251,-1.4,1.25959298622376e-09,2354.3009197629594,499.1918367180637,40.77134716523017,305.22981462209646,0.000508032173030712,-3.2941087835285563,-3.2918391,0.021198435404731833,0.0064193504200588825,0.020203109264820614,-3.333388056165491,-3.2502901893789424,-3.333388056165491,-3.2502901893789424
ood_test,2040,17451691503515762550,-1.4,1.08604047901988e-09,2575.5622449220923,476.6697423761544,40.75046782180591,305.2870639056014,0.0005012156826919062,-3.2999753486914534,-3.2951057,0.019736161172433278,0.00365327765812324,0.019395092626168682,-3.3337885716224567,-3.256422819826518,-3.3337885716224567,-3.256422819826518
ood_test,2041,14988660033747214345,0.0,1.1774606839117e-09,2487.5677489208106,509.6158544320055,42.33569419095241,299.8381908200232,0.0004444019038443,-3.352224089183684,-3.3419921,0.02079797752719858,0.005424194896343651,0.020078196543808473,-3.382756175769593,-3.301228103862975,-3.382756175769593,-3.301228103862975
ood_test,2043,17234994038809733169,-1.6,1.2225799825820127e-09,2598.953191343567,516.8045118894966,39.85430360518959,306.74502895459364,0.0004969216072324254,-3.3037121187751106,-3.2969608,0.02077615219508001,0.005765604675000222,0.019960117949313422,-3.3376820889908334,-3.2562395723861197,-3.3376820889908334,-3.2562395723861197
ood_test,2047,11892504857466714026,-1.0,1.1942019403763875e-09,2464.50260258804,490.2741317287723,40.32854625878799,294.3650499716886,0.000497261611257585,-3.303415067135207,-3.300867,0.020566666650632618,0.005187920916505104,0.019901589823605466,-3.3411777473237163,-3.260556414053237,-3.3411777473237163,-3.260556414053237
ood_test,2050,14988660033747214345,-0.6000000000000001,1.1774606839117e-09,2487.5677489208106,509.6158544320055,42.33569419095241,299.8381908200232,0.00047847459339999207,-3.320141117948013,-3.317415,0.02042775933925906,0.005393584522752677,0.01970285716179572,-3.3574534073131264,-3.277376590703231,-3.3574534073131264,-3.277376590703231
ood_test,2052,3779633422659776445,-0.4,1.0976147775803618e-09,2495.918019735696,486.14991613464105,39.05845567786759,297.2376267822416,0.00046700372416902863,-3.330679656094252,-3.3224456,0.019660104263732714,0.004441614531025994,0.019151807471657293,-3.360979435384138,-3.2839118266703053,-3.360979435384138,-3.2839118266703053
ood_test,2060,2359625090975412513,-2.0,1.1065063764088472e-09,2603.202340784687,488.6799605874269,40.68035124967265,296.73843693227377,0.0005184428196539943,-3.285299136050535,-3.2787826,0.020285687503678953,0.003937037781366675,0.019899971677937164,-3.3185425536320885,-3.2390226586176674,-3.3185425536320885,-3.2390226586176674
ood_test,2068,2671493380122846465,-2.8000000000000003,1.120623623770265e-09,2459.871490367434,512.0011452017391,38.21649432972869,303.56534322943094,0.000520990960104748,-3.283169812229622,-3.2803133,0.02001736645355147,0.003818753025634805,0.019649734590487647,-3.319547291651671,-3.241079215153749,-3.319547291651671,-3.241079215153749
ood_test,2070,4374302465450070181,-2.2,1.1621717411232646e-09,2521.3696634346124,503.94444076752967,42.25069338145754,304.38892783295006,0.0005220788085355873,-3.282263934682101,-3.287047,0.020388676043506596,0.004546610180825886,0.01987527159832587,-3.3270087143775484,-3.2470851042870024,-3.3270087143775484,-3.2470851042870024
ood_test,2079,3684234868495982631,-1.6,1.1395831540373824e-09,2538.761869465952,510.72502895181066,40.87821813200619,300.974125232131,0.0005067030030512566,-3.2952465217903932,-3.2928743,0.0199240529353138,0.004001728063057916,0.019518043260926956,-3.3319254799958906,-3.253823192489461,-3.3319254799958906,-3.253823192489461
ood_test,2083,128968913270984251,-2.4000000000000004,1.25959298622376e-09,2354.3009197629594,499.1918367180637,40.77134716523017,305.22981462209646,0.0005255782800016026,-3.2793625906902073,-3.278595,0.021698351691751924,0.006678566523346484,0.020644979484591253,-3.3211237400189586,-3.2360662013872914,-3.3211237400189586,-3.2360662013872914
ood_test,2086,3371631208540637995,0.0,1.0806933086411387e-09,2604.781653428076,466.5836923998952,39.33731057072893,297.69705044733973,0.0004436032024254,-3.3530053272869447,-3.3490741,0.02008233601770638,0.0043119787203979255,0.01961394987452429,-3.3884355038846214,-3.3097127466952125,-3.3884355038846214,-3.3097127466952125
ood_test,2090,16519722322841066187,-1.0,1.0933784852654091e-09,2410.884334287086,539.0569290920441,39.62193192256099,289.3285700165644,0.0004963097211359844,-3.304247218265563,-3.300004,0.019599959346453248,0.004136252840159126,0.019158544103205243,-3.338419925751177,-3.2615880851130807,-3.338419925751177,-3.2615880851130807
ood_test,2094,3684234868495982631,-1.8,1.1395831540373824e-09,2538.761869465952,510.72502895181066,40.87821813200619,300.974125232131,0.0005106079884368344,-3.2919123949628353,-3.2897758,0.019981580383491317,0.004021251092103237,0.01957276366645143,-3.328939745940315,-3.250611950837029,-3.328939745940315,-3.250611950837029
ood_test,2097,2671493380122846465,-2.2,1.120623623770265e-09,2459.871490367434,512.0011452017391,38.21649432972869,303.56534322943094,0.0005130458229370186,-3.289843843933121,-3.286431,0.019737075187768932,0.0038041138851996493,0.01936700459637991,-3.325115741510483,-3.247746406774429,-3.325115741510483,-3.247746406774429
ood_test,2099,9216328605101287225,-2.2,1.104689398918354e-09,2572.8324404304963,485.2307246352714,40.714467773434976,300.93677074401546,0.0005175578727951517,-3.2860410807883116,-3.278243,0.020174391580022835,0.003667337922179149,0.019838262778861138,-3.317784872377216,-3.2387012573835263,-3.317784872377216,-3.2387012573835263
ood_test,2102,12882774050561771087,-0.6000000000000001,1.1421949243104863e-09,2464.085688286918,515.1290966367517,40.96326376678826,298.8654192354596,0.0004761220371013613,-3.322281716929124,-3.3125367,0.02004752083504721,0.004610935194907065,0.019510058152135346,-3.351829857297874,-3.2732435756244893,-3.351829857297874,-3.2732435756244893
ood_test,2104,13161242281976296834,-1.2000000000000002,1.1425395479879979e-09,2554.3812528255967,503.27354733950745,40.19858533526689,297.9110382121584,0.0004946742779030802,-3.3056806715140974,-3.2998998,0.020029848517794487,0.0040721221389678226,0.019611543644522136,-3.3391583196079386,-3.2606413134181844,-3.3391583196079386,-3.2606413134181844
ood_test,2109,2216844718377656366,-0.4,1.2225745089622023e-09,2432.279761567632,478.07469592026655,37.79561575023349,300.3431374384869,0.00046609243684254183,-3.3315279441907766,-3.32374,0.02092615362148319,0.005830752979931885,0.02009741794779303,-3.364755266591271,-3.282724744395057,-3.364755266591271,-3.282724744395057
ood_test,2110,10954724855113224492,-0.4,1.1396379394271226e-09,2408.4924726992253,490.0725825278824,43.06550150160359,292.35304316269765,0.0004838606963489075,-3.3152796538823557,-3.3142433,0.02076538983376481,0.00558704399312411,0.019999657575685316,-3.3549434807245695,-3.2735431525762118,-3.3549434807245695,-3.2735431525762118
ood_test,2113,7155552337602576564,0.0,1.1762312017058683e-09,2610.23254556298,515.3751788116352,39.24041391228537,297.93305834844136,0.0004391155922059,-3.357421141604886,-3.3451376,0.0210698639141835,0.0061069988815436686,0.020165408501894373,-3.386434529402171,-3.3038406628585713,-3.386434529402171,-3.3038406628585713
ood_test,2120,11892504857466714026,0.0,1.1942019403763875e-09,2464.50260258804,490.2741317287723,40.32854625878799,294.3650499716886,0.0004503152425647,-3.3464833525047486,-3.3362718,0.020906367559135722,0.00578652614750909,0.020089607517487788,-3.3772482432638062,-3.2952952824319945,-3.3772482432638062,-3.2952952824319945
ood_test,2128,12849312948239067464,-0.2,1.1459805246638944e-09,2630.825732937456,497.4739907663986,41.26661222078493,300.2753689300697,0.0004502911161650484,-3.346506621188426,-3.3353658,0.02046082096657057,0.005254915532414783,0.01977450513133646,-3.375468981341793,-3.295262563152836,-3.375468981341793,-3.295262563152836
ood_test,2140,5355939635520617484,0.0,1.117839944989197e-09,2400.8118901118505,474.17775422532,39.11984591644459,301.1260229250646,0.000445159227202,-3.351484620195555,-3.343119,0.02000714031456652,0.004715289341351009,0.019443551688119745,-3.3823329010376684,-3.303904911004568,-3.3823329010376684,-3.303904911004568
ood_test,2147,2216844718377656366,-1.8,1.2225745089622023e-09,2432.279761567632,478.07469592026655,37.79561575023349,300.3431374384869,0.0005056817373093994,-3.2961227306248646,-3.2932248,0.02065695647073027,0.005506034136876907,0.019909631804462407,-3.3337124462365866,-3.2527371768713236,-3.3337124462365866,-3.2527371768713236
ood_test,2149,4835108955857078241,-1.2000000000000002,1.089765313742217e-09,2571.102793798516,524.9230612365601,38.57048554783602,303.1708876105774,0.0004924725427125951,-3.3076179781223534,-3.3030787,0.019751599229976633,0.0038965648437798216,0.01936343113494171,-3.3417917859189767,-3.2643655169374686,-3.3417917859189767,-3.2643655169374686
ood_test,2151,11892504857466714026,-2.8000000000000003,1.1942019403763875e-09,2464.50260258804,490.2741317287723,40.32854625878799,294.3650499716886,0.0005300372063923832,-3.2756936436751363,-3.2754393,0.021037682449787803,0.005064362969334921,0.02041901864445664,-3.3166731199917208,-3.2342054047885527,-3.3166731199917208,-3.2342054047885527
ood_test,2153,14988660033747214345,-1.8,1.1774606839117e-09,2487.5677489208106,509.6158544320055,42.33569419095241,299.8381908200232,0.0005105716999370231,-3.291943261019829,-3.2914643,0.020295370649849688,0.004899995930048883,0.01969497631845721,-3.3312432552395745,-3.2516854022921637,-3.3312432552395745,-3.2516854022921637
ood_test,2154,15425818973916266975,-0.6000000000000001,1.1154637147520875e-09,2350.383805501934,499.6014506673355,39.64774721352306,306.8220229508652,0.0004834463670440262,-3.315651699013866,-3.3148592,0.019963936502271257,0.005132578642028191,0.01929288404609413,-3.353988467384662,-3.275729836295758,-3.353988467384662,-3.275729836295758
ood_test,2158,3134241803077969267,-2.6,1.0942344693420075e-09,2360.838758300681,491.3731844386217,39.51420947268076,305.7035776891924,0.0005279347365692744,-3.2774197617458856,-3.2766542,0.02008635497698966,0.0036052830513723703,0.019760151705324747,-3.316023499224138,-3.2372849877143386,-3.316023499224138,-3.2372849877143386
ood_test,2159,4374302465450070181,-0.8,1.1621717411232646e-09,2521.3696634346124,503.94444076752967,42.25069338145754,304.38892783295006,0.0004896948939590167,-3.3100744243399287,-3.31318,0.020117764606213034,0.005004914057807344,0.019485256515264535,-3.352610788415775,-3.27374915115942,-3.352610788415775,-3.27374915115942
ood_test,2167,3134241803077969267,-0.8,1.0942344693420075e-09,2360.838758300681,491.3731844386217,39.51420947268076,305.7035776891924,0.0004910861886799235,-3.3088422798053596,-3.3061466,0.01979506302885626,0.004241252890773597,0.01933536341660484,-3.34494494524066,-3.2673482981675432,-3.34494494524066,-3.2673482981675432
ood_test,2169,13161242281976296834,-2.4000000000000004,1.1425395479879979e-09,2554.3812528255967,503.27354733950745,40.19858533526689,297.9110382121584,0.0005171598047193531,-3.2863752372080324,-3.2819622,0.02021078699364009,0.004011400037930103,0.019808698783567388,-3.321575298803311,-3.2423490137882416,-3.321575298803311,-3.2423490137882416
ood_test,2174,4837710515318421738,-1.8,1.0991618704794608e-09,2475.161456337068,505.0064403774024,34.84085283436253,301.39850617403,0.0004903452009900135,-3.3094980707845774,-3.2894497,0.019683187551772497,0.0034690213066092238,0.019375081783753485,-3.328028739373935,-3.2508706441709867,-3.328028739373935,-3.2508706441709867
ood_test,2183,17234994038809733169,-1.8,1.2225799825820127e-09,2598.953191343567,516.8045118894966,39.85430360518959,306.74502895459364,0.0005008292793784126,-3.300310289420681,-3.2939599,0.020832704693566167,0.0057870806501460524,0.0200127774195181,-3.334791957232715,-3.2531277548339355,-3.334791957232715,-3.2531277548339355
ood_test,2186,15425818973916266975,-0.8,1.1154637147520875e-09,2350.383805501934,499.6014506673355,39.64774721352306,306.8220229508652,0.0004907603706754464,-3.309130514184336,-3.3086493,0.019997392171749694,0.004995371399178942,0.019363417593973774,-3.34784419018556,-3.2694544128723013,-3.34784419018556,-3.2694544128723013
ood_test,2194,12882774050561771087,-2.4000000000000004,1.1421949243104863e-09,2464.085688286918,515.1290966367517,40.96326376678826,298.8654192354596,0.0005173509545284904,-3.2862147452894557,-3.2803233,0.02009880589700643,0.003926839401365993,0.01971146650920916,-3.319716926541165,-3.2409296074248997,-3.319716926541165,-3.2409296074248997
ood_test,2199,4835108955857078241,-2.6,1.089765313742217e-09,2571.102793798516,524.9230612365601,38.57048554783602,303.1708876105774,0.0005183651327785942,-3.285364218462927,-3.2822332,0.01982818559052348,0.0034568368051365907,0.019524528030471305,-3.3210964819776407,-3.243369994462789,-3.3210964819776407,-3.243369994462789
ood_test,2204,12882774050561771087,-2.8000000000000003,1.1421949243104863e-09,2464.085688286918,515.1290966367517,40.96326376678826,298.8654192354596,0.0005224533785335884,-3.2819524580379054,-3.2765038,0.020091832298519602,0.004007170855119623,0.01968817739845676,-3.3158837926509235,-3.237123810040727,-3.3158837926509235,-3.237123810040727
ood_test,2223,12823118457006761398,-1.8,1.0941860864671191e-09,2539.112215454232,503.69324532533454,39.339075937042885,294.39428351617613,0.0005125028247005412,-3.2903037366166425,-3.291565,0.01958218276374742,0.003281478900701441,0.01930527809404557,-3.329946019623195,-3.253183863189305,-3.329946019623195,-3.253183863189305
ood_test,2226,12823118457006761398,-3.0,1.0941860864671191e-09,2539.112215454232,503.69324532533454,39.339075937042885,294.39428351617613,0.0005295144706585093,-3.2761221669233196,-3.279128,0.019814773261783287,0.0032933837811862047,0.01953916310861608,-3.3179650302390913,-3.240291119052901,-3.3179650302390913,-3.240291119052901
ood_test,2230,5355939635520617484,-0.8,1.117839944989197e-09,2400.8118901118505,474.17775422532,39.11984591644459,301.1260229250646,0.0004860413225751585,-3.313326806039212,-3.3071585,0.019848562039072943,0.004246695344311106,0.01938894096443555,-3.3460616517503916,-3.2682552885572256,-3.3460616517503916,-3.2682552885572256
ood_test,2231,15038946426069692038,-1.6,1.2307353848142815e-09,2445.249484887284,482.48119148575233,42.87746783295031,307.55593866537106,0.0005126152088924757,-3.2902085127828857,-3.2901297,0.02114157146398316,0.006417558272952608,0.020144007002072188,-3.3315671416294657,-3.2486921814906515,-3.3315671416294657,-3.2486921814906515
ood_test,2234,7155552337602576564,-1.0,1.1762312017058683e-09,2610.23254556298,515.3751788116352,39.24041391228537,297.93305834844136,0.0004863300850473917,-3.313068863547331,-3.3079574,0.020078245291293043,0.00482938892241819,0.01948878935379893,-3.347310771583312,-3.2686040500414437,-3.347310771583312,-3.2686040500414437
ood_test,2243,13161242281976296834,-1.6,1.1425395479879979e-09,2554.3812528255967,503.27354733950745,40.19858533526689,297.9110382121584,0.0005037764398938007,-3.2977621470073624,-3.2921097,0.020123920330236546,0.004071365198860224,0.019707768470865954,-3.3315526117067606,-3.2526668440122335,-3.3315526117067606,-3.2526668440122335
ood_test,2247,5857788625354206728,-0.6000000000000001,1.1037395013588123e-09,2531.0169366346463,492.6438219382251,36.10636397779454,299.96382807834965,0.00046451609969643405,-3.3329992291662447,-3.3196263,0.01970331078422156,0.004403030896990352,0.01920504514119282,-3.35824482046642,-3.2810078421922713,-3.35824482046642,-3.2810078421922713
ood_test,2255,2671493380122846465,-1.0,1.120623623770265e-09,2459.871490367434,512.0011452017391,38.21649432972869,303.56534322943094,0.00048823443620844815,-3.3113715921292473,-3.307445,0.0196545362177176,0.004345432358731172,0.019168151419955537,-3.3459679402726152,-3.268922158299162,-3.3459679402726152,-3.268922158299162
ood_test,2258,15038946426069692038,-0.4,1.2307353848142815e-09,2445.249484887284,482.48119148575233,42.87746783295031,307.55593866537106,0.00047488841969279964,-3.3234084206998,-3.3186095,0.021057238315680366,0.006376655748157998,0.020068521522218503,-3.359881663188211,-3.277337288990744,-3.359881663188211,-3.277337288990744
ood_test,2264,15425818973916266975,-1.4,1.1154637147520875e-09,2350.383805501934,499.6014506673355,39.64774721352306,306.8220229508652,0.000507198373963633,-3.2948221474365633,-3.2943878,0.019972522830039207,0.004521712064558536,0.01945393896462313,-3.3335339621296893,-3.2552416726359357,-3.3335339621296893,-3.2552416726359357
ood_test,2269,5857788625354206728,0.0,1.1037395013588123e-09,2531.0169366346463,492.6438219382251,36.10636397779454,299.96382807834965,0.000431249126152,-3.365271771936638,-3.3484418,0.020006400977717234,0.004567459547680497,0.01947804865803243,-3.3876543851344656,-3.3092292933018137,-3.3876543851344656,-3.3092292933018137
ood_test,2270,5355939635520617484,-1.6,1.117839944989197e-09,2400.8118901118505,474.17775422532,39.11984591644459,301.1260229250646,0.000506593472071686,-3.29534041079796,-3.289696,0.019914897886892553,0.0038068335886095104,0.019547664128286037,-3.328729178022982,-3.2506627783063635,-3.328729178022982,-3.2506627783063635
ood_test,2271,3262830124868165494,-1.4,1.0882818479532783e-09,2447.508764517909,466.8571183944717,43.278933930679706,307.8168200832177,0.0005085204987999904,-3.29369153568856,-3.2929604,0.01990292225485033,0.0044951088019038994,0.01938866337459287,-3.331970132969238,-3.253950677730225,-3.331970132969238,-3.253950677730225
ood_test,2273,14988660033747214345,-0.8,1.1774606839117e-09,2487.5677489208106,509.6158544320055,42.33569419095241,299.8381908200232,0.00048578824105628693,-3.313553001894361,-3.3113852,0.020356824978728524,0.0052570035496704495,0.019666322276208733,-3.351284531682429,-3.2714857777658133,-3.351284531682429,-3.2714857777658133
ood_test,2274,12823118457006761398,0.0,1.0941860864671191e-09,2539.112215454232,503.69324532533454,39.339075937042885,294.39428351617613,0.0004465537471836,-3.3501262619703467,-3.348635,0.019950551255466936,0.004269101245429911,0.019488438642729398,-3.3877380387279272,-3.3095318778064966,-3.3877380387279272,-3.3095318778064966
ood_test,2277,15038946426069692038,-1.0,1.2307353848142815e-09,2445.249484887284,482.48119148575233,42.87746783295031,307.55593866537106,0.0004977673706649877,-3.302973575394339,-3.3018217,0.021013012160305967,0.006480656475338823,0.01998869074575429,-3.343007212513399,-3.2606362048449995,-3.343007212513399,-3.2606362048449995
ood_test,2279,12823118457006761398,-0.4,1.0941860864671191e-09,2539.112215454232,503.69324532533454,39.339075937042885,294.39428351617613,0.00047174994549660737,-3.3262881413390226,-3.3281848,0.019634758279950894,0.004473143659291396,0.01911843846437364,-3.3666689692920584,-3.2897007168346506,-3.3666689692920584,-3.2897007168346506
ood_test,2294,2216844718377656366,0.0,1.2225745089622023e-09,2432.279761567632,478.07469592026655,37.79561575023349,300.3431374384869,0.0004415904710704,-3.3549803066696944,-3.3431487,0.021615922403540874,0.006915257903521644,0.020479924564134087,-3.385515916254446,-3.300781500432566,-3.385515916254446,-3.300781500432566
ood_test,2297,16519722322841066187,-1.6,1.0933784852654091e-09,2410.884334287086,539.0569290920441,39.62193192256099,289.3285700165644,0.0005104632060921328,-3.2920355561569603,-3.2882931,0.01956735269566437,0.0037902987126633737,0.019196741819654722,-3.3266451345287416,-3.249941111961737,-3.3266451345287416,-3.249941111961737
ood_test,2311,15038946426069692038,-2.4000000000000004,1.2307353848142815e-09,2445.249484887284,482.48119148575233,42.87746783295031,307.55593866537106,0.0005263241755974845,-3.278746681118105,-3.279943,0.02144913288509116,0.006604926000374022,0.020406866979831254,-3.3219832898041437,-3.2379026888945868,-3.3219832898041437,-3.2379026888945868
ood_test,2315,7155552337602576564,-1.8,1.1762312017058683e-09,2610.23254556298,515.3751788116352,39.24041391228537,297.93305834844136,0.0005045838038293143,-3.2970666936132185,-3.2931206,0.020311671267050538,0.004870868969495252,0.019718991225090965,-3.332931498318307,-3.2533097469514685,-3.332931498318307,-3.2533097469514685
ood_test,2318,15425818973916266975,-0.2,1.1154637147520875e-09,2350.383805501934,499.6014506673355,39.64774721352306,306.8220229508652,0.00046400823618396157,-3.333474310614298,-3.333331,0.020009876944186298,0.005525010110817631,0.019231988959191034,-3.372550466903867,-3.2941117492826564,-3.372550466903867,-3.2941117492826564
ood_test,2322,12823118457006761398,-1.6,1.0941860864671191e-09,2539.112215454232,503.69324532533454,39.339075937042885,294.39428351617613,0.0005086649243078975,-3.2935682087117346,-3.2947755,0.01959027078389534,0.0032519802405779783,0.019318471059105204,-3.3331724167288663,-3.256378555255997,-3.3331724167288663,-3.256378555255997
ood_test,2328,11892504857466714026,-3.0,1.1942019403763875e-09,2464.50260258804,490.2741317287723,40.32854625878799,294.3650499716886,0.0005323238738615357,-3.273824055988014,-3.2741342,0.02108946446527025,0.005157229974154914,0.020449168963662005,-3.3154695094400646,-3.232798808736205,-3.3154695094400646,-3.232798808736205
ood_test,2330,4835108955857078241,-0.6000000000000001,1.089765313742217e-09,2571.102793798516,524.9230612365601,38.57048554783602,303.1708876105774,0.000473002089467641,-3.325136940779604,-3.319778,0.019759702145189285,0.004350523085626554,0.019274821748964863,-3.3585069817502253,-3.2810489493410833,-3.3585069817502253,-3.2810489493410833
ood_test,2340,3262830124868165494,-0.8,1.0882818479532783e-09,2447.508764517909,466.8571183944717,43.278933930679706,307.8168200832177,0.0004913762697608377,-3.3085858209140824,-3.307574,0.019858062382176543,0.005109703207846218,0.019189413447807984,-3.3464958360062487,-3.2686522314681166,-3.3464958360062487,-3.2686522314681166
ood_test,2344,4837710515318421738,-0.2,1.0991618704794608e-09,2475.161456337068,505.0064403774024,34.84085283436253,301.39850617403,0.00044126031431939035,-3.3553051299902004,-3.33649,0.019680785384060723,0.004712442352842554,0.01910827596793799,-3.375064255200537,-3.2979155764950194,-3.375064255200537,-3.2979155764950194
ood_test,2347,14988660033747214345,-2.0,1.1774606839117e-09,2487.5677489208106,509.6158544320055,42.33569419095241,299.8381908200232,0.0005141026367049713,-3.2889501687385234,-3.2888775,0.020407697041165705,0.0048757132507742055,0.019816698787423728,-3.328876573383302,-3.2488784009819325,-3.328876573383302,-3.2488784009819325
ood_test,2351,4835108955857078241,0.0,1.089765313742217e-09,2571.102793798516,524.9230612365601,38.57048554783602,303.1708876105774,0.0004382552078335,-3.358272914435734,-3.3506563,0.020304015203779762,0.004855520282340272,0.01971489102000007,-3.3904521407802433,-3.3108604011814267,-3.3904521407802433,-3.3108604011814267
ood_test,2353,5857788625354206728,-1.4,1.1037395013588123e-09,2531.0169366346463,492.6438219382251,36.10636397779454,299.96382807834965,0.00048790099523884163,-3.3116682959965753,-3.2986083,0.019709425885341268,0.0037987438758405965,0.019339882037604943,-3.337238777805337,-3.2599778283347995,-3.337238777805337,-3.2599778283347995
ood_test,2359,4837710515318421738,-1.4,1.0991618704794608e-09,2475.161456337068,505.0064403774024,34.84085283436253,301.39850617403,0.0004824932078095308,-3.3165087959608175,-3.2962754,0.01958389569619127,0.0036149668745915,0.019247363374185093,-3.3346598128380944,-3.2578909417090247,-3.3346598128380944,-3.2578909417090247
ood_test,2364,4837710515318421738,-2.2,1.0991618704794608e-09,2475.161456337068,505.0064403774024,34.84085283436253,301.39850617403,0.0004967684027889658,-3.3038460354780135,-3.2845428,0.01974974005507908,0.003309705386887356,0.019470439988149426,-3.3232522895039267,-3.2458333084880167,-3.3232522895039267,-3.2458333084880167
ood_test,2367,11892504857466714026,-2.6,1.1942019403763875e-09,2464.50260258804,490.2741317287723,40.32854625878799,294.3650499716886,0.0005275767884020279,-3.277714320196692,-3.2773669,0.020964646531033665,0.004992047768599154,0.02036162660595848,-3.318457583802999,-3.236276169401347,-3.318457583802999,-3.236276169401347
ood_test,2374,3134241803077969267,-2.8000000000000003,1.0942344693420075e-09,2360.838758300681,491.3731844386217,39.51420947268076,305.7035776891924,0.0005304288987771217,-3.2753728227677974,-3.2748754,0.02011218843561716,0.003669086399663831,0.019774678455726037,-3.3142952917843713,-3.2354555131167517,-3.3142952917843713,-3.2354555131167517
ood_test,2379,3779633422659776445,-2.4000000000000004,1.0976147775803618e-09,2495.918019735696,486.14991613464105,39.05845567786759,297.2376267822416,0.0005168349206944051,-3.2866481502906018,-3.2806375,0.019808979081603655,0.003254946389604267,0.019539727766978994,-3.319463101670231,-3.241811903670345,-3.319463101670231,-3.241811903670345
ood_test,2391,9216328605101287225,-1.4,1.104689398918354e-09,2572.8324404304963,485.2307246352714,40.714467773434976,300.93677074401546,0.0005022652738212338,-3.2990668475405514,-3.2889524,0.019912716436958133,0.003759976084641031,0.019554510441674267,-3.327981274832893,-3.249923426400017,-3.327981274832893,-3.249923426400017
ood_test,2407,17938021924088880075,-1.8,1.0849323731926979e-09,2551.147301026894,487.27717818808753,44.82712146868644,302.5978918999191,0.0005166138715974981,-3.2868339367663255,-3.2821257,0.020677779771221608,0.005112335233488696,0.020035833625622012,-3.3226541597926342,-3.241597263089446,-3.3226541597926342,-3.241597263089446
ood_test,2410,5857788625354206728,-1.2000000000000002,1.1037395013588123e-09,2531.0169366346463,492.6438219382251,36.10636397779454,299.96382807834965,0.0004831469766425675,-3.315920733772476,-3.3030787,0.01970597700080808,0.0038361457218996603,0.0193289815584168,-3.3417023663498067,-3.2644549365066386,-3.3417023663498067,-3.2644549365066386
ood_test,2431,5857788625354206728,-2.6,1.1037395013588123e-09,2531.0169366346463,492.6438219382251,36.10636397779454,299.96382807834965,0.0005079276580584628,-3.294198137998084,-3.2821417,0.019865290550860556,0.003509843939693014,0.019552767719100958,-3.3210776549655265,-3.243205716006153,-3.3210776549655265,-3.243205716006153
ood_test,2436,3262830124868165494,-3.0,1.0882818479532783e-09,2447.508764517909,466.8571183944717,43.278933930679706,307.8168200832177,0.000534743114851244,-3.2718547985308373,-3.27344,0.020335655029458038,0.004222520315731516,0.019892440191571395,-3.3132977680435287,-3.2335820003280533,-3.3132977680435287,-3.2335820003280533
ood_test,2450,4261926717090881150,-3.0,1.243555870393131e-09,2440.816535503744,483.6779599156501,38.81204244575611,302.5323056028984,0.0005220537876748727,-3.2822847489384173,-3.2792854,0.02138536711298572,0.006312936692391936,0.020432345665098838,-3.321200750449655,-3.2373701113667512,-3.321200750449655,-3.2373701113667512
ood_test,2451,5857788625354206728,-0.4,1.1037395013588123e-09,2531.0169366346463,492.6438219382251,36.10636397779454,299.96382807834965,0.0004559202971965328,-3.3411110729346203,-3.3279283,0.019727490890664126,0.0047471891536136485,0.019147796636954772,-3.366594186817943,-3.2892624225265394,-3.366594186817943,-3.2892624225265394
ood_test,2453,4374302465450070181,-2.4000000000000004,1.1621717411232646e-09,2521.3696634346124,503.94444076752967,42.25069338145754,304.38892783295006,0.0005251213834914496,-3.27974029642775,-3.2847264,0.020394448558137532,0.004514788906177273,0.01988844289783681,-3.3246995004758295,-3.2447532621279302,-3.3246995004758295,-3.2447532621279302
ood_test,2456,4374302465450070181,-1.0,1.1621717411232646e-09,2521.3696634346124,503.94444076752967,42.25069338145754,304.38892783295006,0.0004961050629921974,-3.304426340755886,-3.3079376,0.02008976459271584,0.004812639422130274,0.019504797486092372,-3.3473135606720357,-3.2685616834685893,-3.3473135606720357,-3.2685616834685893
ood_test,2462,10813817281839957845,-2.0,1.1201765668553064e-09,2329.913862262383,487.444276821995,41.61971486534147,298.1037724082114,0.0005280276489259149,-3.277343336061698,-3.277267,0.020376669267238117,0.004217797226115586,0.019935366414023978,-3.317205250981316,-3.2373287074537425,-3.317205250981316,-3.2373287074537425
ood_test,2469,10813817281839957845,-0.4,1.1201765668553064e-09,2329.913862262383,487.444276821995,41.61971486534147,298.1037724082114,0.00048376121367048563,-3.3153689548334575,-3.3117287,0.020335711901523366,0.004951769143902177,0.019723619527931346,-3.351586711223592,-3.2718707205696207,-3.351586711223592,-3.2718707205696207
ood_test,2481,2216844718377656366,-0.8,1.2225745089622023e-09,2432.279761567632,478.07469592026655,37.79561575023349,300.3431374384869,0.000481757715975575,-3.3171713208265743,-3.3119717,0.02070687524902479,0.005524241660887287,0.019956387412647172,-3.3525571399167995,-3.2713861889406224,-3.3525571399167995,-3.2713861889406224
ood_test,2485,4837710515318421738,-2.4000000000000004,1.0991618704794608e-09,2475.161456337068,505.0064403774024,34.84085283436253,301.39850617403,0.000499581232908954,-3.301393884543637,-3.282331,0.019839616875654695,0.0032984843252833393,0.01956349622799632,-3.3212166389139295,-3.2434453407613635,-3.3212166389139295,-3.2434453407613635
ood_test,2488,5355939635520617484,-1.0,1.117839944989197e-09,2400.8118901118505,474.17775422532,39.11984591644459,301.1260229250646,0.000492190347862703,-3.3078669073155993,-3.3021042,0.019878766522150045,0.004114376390886601,0.01944832217112345,-3.3410666170788486,-3.2631418523120206,-3.3410666170788486,-3.2631418523120206
ood_test,2493,13161242281976296834,-2.0,1.1425395479879979e-09,2554.3812528255967,503.27354733950745,40.19858533526689,297.9110382121584,0.0005110848711005003,-3.2915069746401766,-3.2864234,0.020195775476586703,0.00409700163640426,0.019775841624871702,-3.326007164682035,-3.2468397248138148,-3.326007164682035,-3.2468397248138148
ood_test,2496,3779633422659776445,-2.2,1.0976147775803618e-09,2495.918019735696,486.14991613464105,39.05845567786759,297.2376267822416,0.0005139301638847251,-3.289095891705283,-3.282722,0.019808594518114283,0.0032286582929783305,0.0195436993328745,-3.321546841562877,-3.2438971510518693,-3.321546841562877,-3.2438971510518693
ood_test,2501,17451691503515762550,-0.2,1.08604047901988e-09,2575.5622449220923,476.6697423761544,40.75046782180591,305.2870639056014,0.00045643943797455425,-3.340616838060224,-3.3357418,0.019807041369092074,0.004819299547209389,0.019211799375999084,-3.374563559429978,-3.296919957263137,-3.374563559429978,-3.296919957263137
ood_test,2504,9216328605101287225,-2.8000000000000003,1.104689398918354e-09,2572.8324404304963,485.2307246352714,40.714467773434976,300.93677074401546,0.0005258168186414108,-3.279165526775984,-3.2724535,0.0203594993198958,0.0037748061527240785,0.020006499826783167,-3.3123581651910436,-3.232548927857052,-3.3123581651910436,-3.232548927857052
ood_test,2506,16519722322841066187,0.0,1.0933784852654091e-09,2410.884334287086,539.0569290920441,39.62193192256099,289.3285700165644,0.0004504467020199,-3.346356588454078,-3.3423853,0.02015591357517794,0.0046145103489662566,0.019620579532425547,-3.3818908826605716,-3.3028797014458737,-3.3818908826605716,-3.3028797014458737
ood_test,2511,4835108955857078241,-0.4,1.089765313742217e-09,2571.102793798516,524.9230612365601,38.57048554783602,303.1708876105774,0.0004640420501427398,-3.333442663157406,-3.3279808,0.019754232948240105,0.004504713071936408,0.019233754701409835,-3.366699053338194,-3.289262460181093,-3.366699053338194,-3.289262460181093
ood_test,2516,128968913270984251,-2.0,1.25959298622376e-09,2354.3009197629594,499.1918367180637,40.77134716523017,305.22981462209646,0.0005195652254822234,-3.2843599239703942,-3.2831056,0.021462542505637765,0.006553746557964704,0.020437443839526587,-3.3251721951121973,-3.2410390284900976,-3.3251721951121973,-3.2410390284900976
ood_test,2518,16519722322841066187,-2.2,1.0933784852654091e-09,2410.884334287086,539.0569290920441,39.62193192256099,289.3285700165644,0.0005207454727074209,-3.283374497062851,-3.2810426,0.0198430210749937,0.003709199824551995,0.019493263289604844,-3.3199348971431695,-3.242150254529194,-3.3199348971431695,-3.242150254529194
ood_test,2520,12849312948239067464,-2.2,1.1459805246638944e-09,2630.825732937456,497.4739907663986,41.26661222078493,300.2753689300697,0.000508850609876522,-3.293409700628057,-3.2852478,0.02040566318778178,0.004440261449805031,0.019916705606111956,-3.3252429025824273,-3.2452527028863227,-3.3252429025824273,-3.2452527028863227
ood_test,2546,10813817281839957845,-2.8000000000000003,1.1201765668553064e-09,2329.913862262383,487.444276821995,41.61971486534147,298.1037724082114,0.0005392957711742197,-3.2681729851687296,-3.269503,0.020806882067713015,0.004309240059632954,0.020355755242261613,-3.3102846054603834,-3.2287216277549486,-3.3102846054603834,-3.2287216277549486
ood_test,2548,4374302465450070181,-0.6000000000000001,1.1621717411232646e-09,2521.3696634346124,503.94444076752967,42.25069338145754,304.38892783295006,0.00048222726637255526,-3.316748237134928,-3.3195162,0.020171895979632308,0.005231510307862331,0.019481702011181448,-3.35905309806588,-3.2799792658257214,-3.35905309806588,-3.2799792658257214
ood_test,2554,5857788625354206728,-1.0,1.1037395013588123e-09,2531.0169366346463,492.6438219382251,36.10636397779454,299.96382807834965,0.0004777784224903496,-3.320773467823852,-3.307947,0.019709794199669117,0.003908041491153622,0.019318466996814825,-3.3465781170262487,-3.269315723763546,-3.3465781170262487,-3.269315723763546
