domain,_row_id,_curve_id,light_voltage,trap_assisted_recomb_A,ge_sio2_recomb_velocity,ge_si_recomb_velocity,active_layer_length,simulation_temperature,net_photocurrent,y_true_model,model_mean,model_std,epistemic,aleatoric,raw_model_lower,raw_model_upper,model_lower,model_upper
calibration,6,4552925917595615164,-1.8,1.0160850161999514e-09,2298.443581617521,494.46825331908406,37.50931802222772,308.1655826328421,0.0004973888149939332,-3.3033039851316874,-3.2978332,0.011691998962179687,0.002822801724242036,0.0113461289595933,-3.3207495222352814,-3.274916886303537,-3.3207495222352814,-3.274916886303537
calibration,12,7464429288297915064,-1.8,9.32148229008894e-10,2545.124905053194,512.7371789301767,40.07870713980076,299.5411124372077,0.0005016815896109958,-3.299571836139998,-3.2970703,0.012423173548091897,0.002226321135404273,0.012222058940588143,-3.3214196849705444,-3.272720844662024,-3.3214196849705444,-3.272720844662024
calibration,22,6517130074721695667,-0.6000000000000001,8.688108546297864e-10,2646.5653288453154,498.36187777461095,39.94029005251662,299.6218359156308,0.00046564990950325494,-3.331940477112025,-3.3298283,0.011686751003910664,0.003340301148377396,0.011199219863971361,-3.3527342942967664,-3.3069222303614367,-3.3527342942967664,-3.3069222303614367
calibration,25,5857788625354206728,-2.2,1.1037395013588123e-09,2531.0169366346463,492.6438219382251,36.10636397779454,299.96382807834965,0.0005024071795098378,-3.2989441630622087,-3.291509,0.012538347947233349,0.0026033668304307925,0.01226509786602713,-3.3160840750167386,-3.2669337510635836,-3.3160840750167386,-3.2669337510635836
calibration,35,16501516911797089168,-1.8,1.0727510291740675e-09,2408.6350240081065,515.7307920217833,36.322106531247385,300.55707391972635,0.0004930359064280735,-3.3071214511168248,-3.301905,0.013312749030248056,0.002567236344785651,0.013062869838540731,-3.327997904862592,-3.2758119286640195,-3.327997904862592,-3.2758119286640195
calibration,40,3779633422659776445,-2.6,1.0976147775803618e-09,2495.918019735696,486.14991613464105,39.05845567786759,297.2376267822416,0.0005195138192802067,-3.2844028955421956,-3.2834005,0.011312109667239978,0.002328021580490336,0.011069965445138732,-3.3055722705312864,-3.2612288006357057,-3.3055722705312864,-3.2612288006357057
calibration,41,3779633422659776445,-1.0,1.0976147775803618e-09,2495.918019735696,486.14991613464105,39.05845567786759,297.2376267822416,0.0004890231650392767,-3.3106705678488844,-3.3105178,0.010962323600139138,0.0025328378607960226,0.010665705328306876,-3.332003942189622,-3.289031633677077,-3.332003942189622,-3.289031633677077
calibration,42,13161242281976296834,-0.6000000000000001,1.1425395479879979e-09,2554.3812528255967,503.27354733950745,40.19858533526689,297.9110382121584,0.00047562463714934073,-3.3227356572054028,-3.3199399,0.00999073409490834,0.003268465586921083,0.00944096897105802,-3.3395216905868845,-3.300358012934844,-3.3395216905868845,-3.300358012934844
calibration,55,6517130074721695667,-1.8,8.688108546297864e-10,2646.5653288453154,498.36187777461095,39.94029005251662,299.6218359156308,0.0004979168928227558,-3.3028431391689006,-3.2992277,0.0125808767857025,0.0027368336837534026,0.012279584066083173,-3.323886233038551,-3.2745691960385974,-3.323886233038551,-3.2745691960385974
calibration,56,2033506848451370756,-1.0,8.762920771795992e-10,2597.67569731618,502.646286170094,38.978559546027874,295.06946514256083,0.0004766625035605118,-3.3217890103075924,-3.3148634,0.012386831875645753,0.0024107533350651903,0.012149973396033516,-3.3391416338508995,-3.290585252898368,-3.3391416338508995,-3.290585252898368
calibration,69,10395993465976512970,-2.8000000000000003,9.371440517713595e-10,2524.6000862506294,475.6202290123848,40.994373738605006,302.9961192294562,0.0005193582516232511,-3.28453296386798,-3.2822301,0.010529882527660293,0.0025600546441151084,0.010213938976740689,-3.3028687085329005,-3.2615915690244726,-3.3028687085329005,-3.2615915690244726
calibration,71,3483175946691254694,-2.6,8.89459518994858e-10,2383.601346469497,502.4892009812192,38.55163090195673,309.2198732722366,0.0005186112824220741,-3.2851580393592816,-3.2859643,0.011108798177231217,0.0028789025195871693,0.010729273904845318,-3.3077374949919482,-3.264191006137202,-3.3077374949919482,-3.264191006137202
calibration,80,12849312948239067464,0.0,1.1459805246638944e-09,2630.825732937456,497.4739907663986,41.26661222078493,300.2753689300697,0.0004356814079796,-3.3608309725043335,-3.357823,0.0100807921085311,0.005026481677895927,0.00873824050505093,-3.3775812475827696,-3.338064542517328,-3.3775812475827696,-3.338064542517328
calibration,81,7464429288297915064,-2.4000000000000004,9.32148229008894e-10,2545.124905053194,512.7371789301767,40.07870713980076,299.5411124372077,0.0005113149527741931,-3.2913115066820935,-3.288214,0.012214205220576388,0.0023208307711239033,0.011991687201885958,-3.312153810509307,-3.264274126044648,-3.312153810509307,-3.264274126044648
calibration,93,18026431441542812131,-1.8,1.0308127820747194e-09,2437.7200106987866,482.5972990901911,40.648465379108416,299.4728047413536,0.0005210182118586139,-3.283147095949099,-3.2871587,0.010884295137554999,0.0023094406842726635,0.010636463715627372,-3.308491946115482,-3.265825509176266,-3.308491946115482,-3.265825509176266
calibration,103,18026431441542812131,-2.0,1.0308127820747194e-09,2437.7200106987866,482.5972990901911,40.648465379108416,299.4728047413536,0.0005245699997999089,-3.2801965503714965,-3.2842844,0.010833075253770435,0.0023242094225808503,0.010580811607894593,-3.3055171807536157,-3.2630515257588355,-3.3055171807536157,-3.2630515257588355
calibration,107,7296031158140813817,-2.4000000000000004,8.058950792540601e-10,2412.212725535436,472.1154567367515,38.858183000543626,295.7855807653235,0.000514421507259847,-3.288680882445784,-3.2899706,0.012616675984704534,0.0021524897574707468,0.012431706034627005,-3.3146993212978186,-3.265241951437777,-3.3146993212978186,-3.265241951437777
calibration,123,12849312948239067464,-1.4,1.1459805246638944e-09,2630.825732937456,497.4739907663986,41.26661222078493,300.2753689300697,0.0004939315142708849,-3.3063332637001266,-3.3021028,0.009783098335865614,0.0033247401222063393,0.009200821240152203,-3.3212776769222567,-3.282927931445663,-3.3212776769222567,-3.282927931445663
calibration,124,18026431441542812131,-1.0,1.0308127820747194e-09,2437.7200106987866,482.5972990901911,40.648465379108416,299.4728047413536,0.0005021912271206168,-3.2991308783343376,-3.3026404,0.010731533536144233,0.0023791744984921533,0.010464480067016014,-3.3236742438106766,-3.2816066323489914,-3.3236742438106766,-3.2816066323489914
calibration,126,433422742429117681,-2.2,9.612679185080118e-10,2493.7557151613,504.62150372842615,37.39117268896573,297.8667082132286,0.0005029309106813684,-3.29849167134705,-3.2922986,0.013326603694055734,0.0024642412841263447,0.013096789272598372,-3.3184186986144946,-3.2661784121337964,-3.3184186986144946,-3.2661784121337964
calibration,140,2033506848451370756,-0.4,8.762920771795992e-10,2597.67569731618,502.646286170094,38.978559546027874,295.06946514256083,0.00045472809280532473,-3.342248214535919,-3.3360329,0.011582655477844213,0.0032621853097845356,0.01111377759765104,-3.358734872168215,-3.313330862695066,-3.358734872168215,-3.313330862695066
calibration,160,4552925917595615164,-3.0,1.0160850161999514e-09,2298.443581617521,494.46825331908406,37.50931802222772,308.1655826328421,0.0005138675878401492,-3.289148774543072,-3.2836452,0.011038844742233047,0.0028428415299180773,0.010666505544108761,-3.305281288740431,-3.2620090173508776,-3.305281288740431,-3.2620090173508776
calibration,178,3483175946691254694,-1.8,8.89459518994858e-10,2383.601346469497,502.4892009812192,38.55163090195673,309.2198732722366,0.0005061357484643532,-3.2957329873058883,-3.2959318,0.011539354761738169,0.002842407686106431,0.011183801878061686,-3.318548951434081,-3.2733146807680673,-3.318548951434081,-3.2733146807680673
calibration,200,6517130074721695667,-0.8,8.688108546297864e-10,2646.5653288453154,498.36187777461095,39.94029005251662,299.6218359156308,0.00047303256081144624,-3.325108963925963,-3.3227973,0.01213281666128619,0.00305018176238304,0.011743152048861059,-3.3465776190875176,-3.2990169777752754,-3.3465776190875176,-3.2990169777752754
calibration,203,433422742429117681,-2.6,9.612679185080118e-10,2493.7557151613,504.62150372842615,37.39117268896573,297.8667082132286,0.0005083697792442561,-3.2938202745963125,-3.287239,0.013053546582258737,0.002489545916026761,0.012813946047824529,-3.312824026008258,-3.2616541234058043,-3.312824026008258,-3.2616541234058043
calibration,228,16501516911797089168,-0.8,1.0727510291740675e-09,2408.6350240081065,515.7307920217833,36.322106531247385,300.55707391972635,0.00046947029719492117,-3.32839187980343,-3.3245208,0.0130707721382639,0.0028890546671951475,0.012747487653175233,-3.3501395397307188,-3.2989021129487246,-3.3501395397307188,-3.2989021129487246
calibration,231,3779633422659776445,0.0,1.0976147775803618e-09,2495.918019735696,486.14991613464105,39.05845567786759,297.2376267822416,0.0004422673483714,-3.3543151224562338,-3.3547556,0.010219544535663167,0.004160071970901588,0.009334499786314477,-3.374785947319807,-3.3347253327400073,-3.374785947319807,-3.3347253327400073
calibration,243,3212080770719938515,-3.0,9.297325788733188e-10,2376.6983706631413,516.0358029995954,38.08606385532588,297.3563844788412,0.0005368259180978971,-3.2701665244799543,-3.2807207,0.012315514160418737,0.002746932022583809,0.012005259833480157,-3.304859118508815,-3.256582302999974,-3.304859118508815,-3.256582302999974
calibration,257,433422742429117681,-1.6,9.612679185080118e-10,2493.7557151613,504.62150372842615,37.39117268896573,297.8667082132286,0.0004927810534253211,-3.307345998390335,-3.3014758,0.013745815566511343,0.0023713562011866375,0.013539722888024191,-3.328417561831285,-3.2745339648105607,-3.328417561831285,-3.2745339648105607
calibration,261,7296031158140813817,-0.4,8.058950792540601e-10,2412.212725535436,472.1154567367515,38.858183000543626,295.7855807653235,0.0004641143057643145,-3.333375044770482,-3.3356867,0.011821013181328109,0.0032544432556372094,0.011364195214493191,-3.3588558694901884,-3.312517497819382,-3.3588558694901884,-3.312517497819382
calibration,274,16501516911797089168,-2.0,1.0727510291740675e-09,2408.6350240081065,515.7307920217833,36.322106531247385,300.55707391972635,0.0004963592607234718,-3.3042038709465826,-3.2988296,0.013374142989982556,0.0025337887074391983,0.013131931296059903,-3.32504287577184,-3.272616235251109,-3.32504287577184,-3.272616235251109
calibration,287,7296031158140813817,-1.0,8.058950792540601e-10,2412.212725535436,472.1154567367515,38.858183000543626,295.7855807653235,0.0004864426810215751,-3.3129683265829,-3.314864,0.01298093475749714,0.0024308903001640575,0.012751291714466149,-3.3403065523364863,-3.2894212880870977,-3.3403065523364863,-3.2894212880870977
calibration,298,3212080770719938515,-1.0,9.297325788733188e-10,2376.6983706631413,516.0358029995954,38.08606385532588,297.3563844788412,0.0005008656044110807,-3.300278791283863,-3.3112214,0.01318675889813509,0.0025174132963837617,0.012944235484397538,-3.337067408600623,-3.2853753137199337,-3.337067408600623,-3.2853753137199337
calibration,307,16501516911797089168,-2.2,1.0727510291740675e-09,2408.6350240081065,515.7307920217833,36.322106531247385,300.55707391972635,0.0004993933120784479,-3.301557278057707,-3.2960765,0.013442269288057028,0.00255066408469126,0.013198057729347876,-3.3224233839831805,-3.2697296883739972,-3.3224233839831805,-3.2697296883739972
calibration,312,4552925917595615164,-2.6,1.0160850161999514e-09,2298.443581617521,494.46825331908406,37.50931802222772,308.1655826328421,0.0005091900215544802,-3.2931201156748804,-3.287458,0.011323220926789253,0.0027703113460603814,0.010979102492686587,-3.3096514559791532,-3.2652644299461397,-3.3096514559791532,-3.2652644299461397
calibration,318,11723817789070393620,-2.6,1.058962492367367e-09,2306.068264987093,513.3151002778768,40.55455133934368,303.4784744400111,0.0005334113296153695,-3.2729377641669855,-3.2780082,0.010311706320677395,0.002555264313474777,0.009990090413732118,-3.298219166968484,-3.257797278191428,-3.298219166968484,-3.257797278191428
calibration,327,3779633422659776445,-2.0,1.0976147775803618e-09,2495.918019735696,486.14991613464105,39.05845567786759,297.2376267822416,0.0005107650641611564,-3.291778815717371,-3.290948,0.01149119742392726,0.0022699109682650462,0.011264774136213804,-3.3134706610744327,-3.2684251671726376,-3.3134706610744327,-3.2684251671726376
calibration,340,3483175946691254694,-0.2,8.89459518994858e-10,2383.601346469497,502.4892009812192,38.55163090195673,309.2198732722366,0.00045383164179487644,-3.343105227759478,-3.3431816,0.01041796364390172,0.004147892295060335,0.009556618371822177,-3.363600818849469,-3.3227624013653747,-3.363600818849469,-3.3227624013653747
calibration,344,13161242281976296834,0.0,1.1425395479879979e-09,2554.3812528255967,503.27354733950745,40.19858533526689,297.9110382121584,0.0004415571043773,-3.355013123315751,-3.352841,0.00979557455036195,0.004360323951168656,0.00877159317580875,-3.372040226539852,-3.3336415743024332,-3.372040226539852,-3.3336415743024332
calibration,347,14934561482547682078,-3.0,1.013177684158949e-09,2549.0982526102403,506.5025106580401,39.7132385315927,304.62183232922587,0.000527456898300453,-3.277813023414284,-3.2820513,0.010841811505206191,0.0024889578991032003,0.010552248761738442,-3.3033012753945643,-3.2608013742941564,-3.3033012753945643,-3.2608013742941564
calibration,354,2804036452383970560,-2.4000000000000004,9.34880998874723e-10,2658.424632928369,469.5577205631138,37.334947088248434,294.43440760000914,0.0005056319486873378,-3.296165492676125,-3.2967694,0.014427482028748079,0.003023550634473766,0.01410710288028919,-3.325047245345804,-3.268491515793112,-3.325047245345804,-3.268491515793112
calibration,372,10395993465976512970,-0.2,9.371440517713595e-10,2524.6000862506294,475.6202290123848,40.994373738605006,302.9961192294562,0.0004519301571228114,-3.3449286774007385,-3.3456123,0.010968696313671013,0.0038520050804130164,0.010270070134405455,-3.3671109322961574,-3.324113642746567,-3.3671109322961574,-3.324113642746567
calibration,375,4552925917595615164,-0.8,1.0160850161999514e-09,2298.443581617521,494.46825331908406,37.50931802222772,308.1655826328421,0.00047362909151417573,-3.3245616299843475,-3.3201048,0.011186570246894009,0.0032259192057783664,0.010711339894715384,-3.3420305151015146,-3.2981791597336905,-3.3420305151015146,-3.2981791597336905
calibration,396,13161242281976296834,-2.8000000000000003,1.1425395479879979e-09,2554.3812528255967,503.27354733950745,40.19858533526689,297.9110382121584,0.0005223495017691188,-3.282038815199828,-3.2778237,0.009991488429871668,0.0026905028081479774,0.00962242296452204,-3.29740700392228,-3.258240369277183,-3.29740700392228,-3.258240369277183
calibration,417,10395993465976512970,-1.6,9.371440517713595e-10,2524.6000862506294,475.6202290123848,40.994373738605006,302.9961192294562,0.0005003697436816267,-3.3007089590693113,-3.29948,0.011557453403112336,0.002494501889988646,0.011285042671364416,-3.3221325700653637,-3.2768273527251637,-3.3221325700653637,-3.2768273527251637
calibration,424,12849312948239067464,-2.6,1.1459805246638944e-09,2630.825732937456,497.4739907663986,41.26661222078493,300.2753689300697,0.0005145436218520156,-3.2885778008305038,-3.2837424,0.009659805727172493,0.0030464411246042458,0.009166845129764581,-3.3026756470511858,-3.2648092086006697,-3.3026756470511858,-3.2648092086006697
calibration,425,433422742429117681,0.0,9.612679185080118e-10,2493.7557151613,504.62150372842615,37.39117268896573,297.8667082132286,0.0004329078740276,-3.3636045148668217,-3.3585827,0.011534676265641818,0.004003963092430828,0.010817440008595832,-3.3811907005423034,-3.3359747695809876,-3.3811907005423034,-3.3359747695809876
calibration,431,3212080770719938515,-1.6,9.297325788733188e-10,2376.6983706631413,516.0358029995954,38.08606385532588,297.3563844788412,0.0005155779573323842,-3.287705658451195,-3.298359,0.013205064003282762,0.0024744131672420843,0.012971159440011718,-3.3242408426827623,-3.272476991789894,-3.3242408426827623,-3.272476991789894
calibration,470,6517130074721695667,-0.4,8.688108546297864e-10,2646.5653288453154,498.36187777461095,39.94029005251662,299.6218359156308,0.00045677500395163224,-3.3402976699611933,-3.3382514,0.011443312672274835,0.0036622108951048986,0.0108414761702538,-3.3606802451478393,-3.315822459472522,-3.3606802451478393,-3.315822459472522
calibration,475,18026431441542812131,-0.8,1.0308127820747194e-09,2437.7200106987866,482.5972990901911,40.648465379108416,299.4728047413536,0.0004957939411654573,-3.3046987848180693,-3.308281,0.010672253468574408,0.002436466508844225,0.0103904095014756,-3.3291985616226247,-3.2873633280258128,-3.3291985616226247,-3.2873633280258128
calibration,478,7464429288297915064,-2.8000000000000003,9.32148229008894e-10,2545.124905053194,512.7371789301767,40.07870713980076,299.5411124372077,0.0005165614495896511,-3.2868780078707953,-3.2831194,0.011489841240316982,0.0023397728102656557,0.011249084913582076,-3.3056395289097567,-3.260599351247714,-3.3056395289097567,-3.260599351247714
calibration,491,12849312948239067464,-3.0,1.1459805246638944e-09,2630.825732937456,497.4739907663986,41.26661222078493,300.2753689300697,0.0005194730347915441,-3.2844369912159053,-3.2798858,0.009361815078492817,0.0031274329495845714,0.008823987069285794,-3.298234926444227,-3.2615366113365347,-3.298234926444227,-3.2615366113365347
calibration,498,433422742429117681,-1.2000000000000002,9.612679185080118e-10,2493.7557151613,504.62150372842615,37.39117268896573,297.8667082132286,0.0004840046887574366,-3.3151504311415,-3.3097787,0.013542996620798851,0.0023436534520738695,0.013338667655723275,-3.3363229637149003,-3.283234416961369,-3.3363229637149003,-3.283234416961369
calibration,508,689847661215077168,-0.6000000000000001,9.136850961862703e-10,2400.1705034771794,499.3175315176618,39.85562670167986,300.93280864091923,0.00047341773850337636,-3.3247554735091622,-3.321844,0.011750788509607884,0.0025282787898235634,0.011475574998398724,-3.34487564643098,-3.298812555473317,-3.34487564643098,-3.298812555473317
calibration,512,18026431441542812131,-0.4,1.0308127820747194e-09,2437.7200106987866,482.5972990901911,40.648465379108416,299.4728047413536,0.0004794468879776649,-3.3192594959715014,-3.3228598,0.010557392813402499,0.0028861847532716083,0.010155218925288543,-3.34355225401339,-3.302167274184852,-3.34355225401339,-3.302167274184852
calibration,536,3212080770719938515,-2.8000000000000003,9.297325788733188e-10,2376.6983706631413,516.0358029995954,38.08606385532588,297.3563844788412,0.0005344752092781821,-3.272072433997535,-3.2823308,0.012465891307660987,0.002713244354232702,0.012167035670230876,-3.306763898382083,-3.2578976044560517,-3.306763898382083,-3.2578976044560517
calibration,540,12849312948239067464,-1.6,1.1459805246638944e-09,2630.825732937456,497.4739907663986,41.26661222078493,300.2753689300697,0.0004982636464397297,-3.3025407980116936,-3.298111,0.009740801600462102,0.003256771370834852,0.009180231539131695,-3.317202933050968,-3.279018990777157,-3.317202933050968,-3.279018990777157
calibration,543,10395993465976512970,-2.4000000000000004,9.371440517713595e-10,2524.6000862506294,475.6202290123848,40.994373738605006,302.9961192294562,0.0005140593733919059,-3.288986717488545,-3.2872376,0.01098952351550287,0.002554797408470642,0.010688434560784194,-3.3087771102859422,-3.265698178105171,-3.3087771102859422,-3.265698178105171
calibration,555,12849312948239067464,-1.8,1.1459805246638944e-09,2630.825732937456,497.4739907663986,41.26661222078493,300.2753689300697,0.0005021420135043439,-3.299173440307066,-3.2945793,0.009758102724907241,0.0032411816691396977,0.009204091599335792,-3.3137051488426494,-3.2754533861610127,-3.3137051488426494,-3.2754533861610127
calibration,557,4552925917595615164,-0.4,1.0160850161999514e-09,2298.443581617521,494.46825331908406,37.50931802222772,308.1655826328421,0.00045816927934972166,-3.338974033994671,-3.3350117,0.010452346609372425,0.0037845565367845752,0.009743134101328137,-3.3554983200117188,-3.3145251213029785,-3.3554983200117188,-3.3145251213029785
calibration,558,2804036452383970560,-2.6,9.34880998874723e-10,2658.424632928369,469.5577205631138,37.334947088248434,294.43440760000914,0.000508332634542415,-3.2938520080491496,-3.2941556,0.014253198265744962,0.00305227473828308,0.013922544508322242,-3.3220918662876278,-3.2662193290859074,-3.3220918662876278,-3.2662193290859074
calibration,560,3212080770719938515,-1.8,9.297325788733188e-10,2376.6983706631413,516.0358029995954,38.08606385532588,297.3563844788412,0.0005194860392518341,-3.284426119247056,-3.2950463,0.013060411165368668,0.0024997402335231182,0.01281895515584577,-3.320644735382414,-3.2694479236141682,-3.320644735382414,-3.2694479236141682
calibration,584,3483175946691254694,-3.0,8.89459518994858e-10,2383.601346469497,502.4892009812192,38.55163090195673,309.2198732722366,0.0005234954844699015,-3.2810870600754205,-3.282297,0.010882003794500024,0.0029605565804946034,0.010471538294253383,-3.303625623418055,-3.2609681685436147,-3.303625623418055,-3.2609681685436147
calibration,596,16501516911797089168,-1.4,1.0727510291740675e-09,2408.6350240081065,515.7307920217833,36.322106531247385,300.55707391972635,0.0004852398177470853,-3.3140435690620116,-3.309273,0.013483182851121699,0.0026967604822243536,0.01321074243177236,-3.3357000429200587,-3.282845966143662,-3.3357000429200587,-3.282845966143662
calibration,604,2033506848451370756,-0.8,8.762920771795992e-10,2597.67569731618,502.646286170094,38.978559546027874,295.06946514256083,0.00047050856235323843,-3.3274324688383654,-3.3207471,0.012294481844249801,0.0025571715731863946,0.012025603937070743,-3.3448443214844317,-3.2966499526549726,-3.3448443214844317,-3.2966499526549726
calibration,619,2033506848451370756,-2.0,8.762920771795992e-10,2597.67569731618,502.646286170094,38.978559546027874,295.06946514256083,0.0004983738925527206,-3.302444716383528,-3.294429,0.012839129230446411,0.002256214694558121,0.012639331672896518,-3.319593757088672,-3.269264370505322,-3.319593757088672,-3.269264370505322
calibration,621,10395993465976512970,0.0,9.371440517713595e-10,2524.6000862506294,475.6202290123848,40.994373738605006,302.9961192294562,0.0004371452288996,-3.3593742572364347,-3.3596172,0.01085025965196454,0.004414927546796773,0.00991143513792711,-3.3808837421942175,-3.338350724358517,-3.3808837421942175,-3.338350724358517
calibration,638,2033506848451370756,-2.2,8.762920771795992e-10,2597.67569731618,502.646286170094,38.978559546027874,295.06946514256083,0.0005015237526791938,-3.2997084935244794,-3.291472,0.01269808073723187,0.0022961015051805337,0.012488761556245044,-3.316360196405375,-3.2665837199154257,-3.316360196405375,-3.2665837199154257
calibration,644,689847661215077168,-0.2,9.136850961862703e-10,2400.1705034771794,499.3175315176618,39.85562670167986,300.93280864091923,0.0004539938287143018,-3.3429500506088456,-3.3408778,0.011090875637310921,0.003404779245068401,0.010555330199822091,-3.362615887626693,-3.319139655128434,-3.362615887626693,-3.319139655128434
calibration,650,3483175946691254694,-2.4000000000000004,8.89459518994858e-10,2383.601346469497,502.4892009812192,38.55163090195673,309.2198732722366,0.0005158779736284593,-3.287453014743151,-3.2881927,0.011255446156904311,0.00283597998304011,0.010892303368037775,-3.3102534234909697,-3.2661320745559053,-3.3102534234909697,-3.2661320745559053
calibration,656,6517130074721695667,-1.0,8.688108546297864e-10,2646.5653288453154,498.36187777461095,39.94029005251662,299.6218359156308,0.00047932308440166375,-3.3193716546993404,-3.3167617,0.012464417723081461,0.002907054124991847,0.012120674432305818,-3.3411919908386802,-3.2923314733642006,-3.3411919908386802,-3.2923314733642006
calibration,660,11723817789070393620,-1.6,1.058962492367367e-09,2306.068264987093,513.3151002778768,40.55455133934368,303.4784744400111,0.000517440379997854,-3.2861396828364042,-3.2911935,0.010653577943127213,0.002545336340993423,0.010345046171789149,-3.3120744980285393,-3.2703124724914803,-3.3120744980285393,-3.2703124724914803
calibration,662,5857788625354206728,-2.8000000000000003,1.1037395013588123e-09,2531.0169366346463,492.6438219382251,36.10636397779454,299.96382807834965,0.0005104055963903303,-3.2920845723979553,-3.2842891,0.012158283225557983,0.0027100094177553513,0.011852411868137989,-3.308119356749901,-3.260458886505714,-3.308119356749901,-3.260458886505714
calibration,664,12849312948239067464,-1.2000000000000002,1.1459805246638944e-09,2630.825732937456,497.4739907663986,41.26661222078493,300.2753689300697,0.0004890613325475689,-3.3106366731531014,-3.3066034,0.009670065492335615,0.0033906223075008206,0.009056149510128115,-3.325556760066638,-3.2876501033366825,-3.325556760066638,-3.2876501033366825
calibration,671,2804036452383970560,-3.0,9.34880998874723e-10,2658.424632928369,469.5577205631138,37.334947088248434,294.43440760000914,0.0005131709607825323,-3.2897379273725744,-3.2897096,0.013490248500259422,0.002990408475798733,0.01315462881678116,-3.3161504550841903,-3.263268680963173,-3.3161504550841903,-3.263268680963173
calibration,680,6517130074721695667,-2.6,8.688108546297864e-10,2646.5653288453154,498.36187777461095,39.94029005251662,299.6218359156308,0.0005104456449863647,-3.2920504971408175,-3.2875469,0.012008932999437545,0.0026634007269252837,0.011709857403869647,-3.3110843817715487,-3.264009364413754,-3.3110843817715487,-3.264009364413754
calibration,681,3779633422659776445,-2.8000000000000003,1.0976147775803618e-09,2495.918019735696,486.14991613464105,39.05845567786759,297.2376267822416,0.0005219939649689209,-3.2823345180625787,-3.2811747,0.011105087901772056,0.002365738159977198,0.010850173288033138,-3.302940632016477,-3.259408687441531,-3.302940632016477,-3.259408687441531
calibration,690,4552925917595615164,-0.2,1.0160850161999514e-09,2298.443581617521,494.46825331908406,37.50931802222772,308.1655826328421,0.00044790559938874536,-3.3488135082888824,-3.3457246,0.01022382224914036,0.0041493658796398596,0.009343944491875004,-3.365763274280434,-3.325685891063804,-3.365763274280434,-3.325685891063804
calibration,706,6517130074721695667,-1.2000000000000002,8.688108546297864e-10,2646.5653288453154,498.36187777461095,39.94029005251662,299.6218359156308,0.0004848155689123405,-3.314423442092283,-3.3116038,0.012392414494148954,0.0027977357739098463,0.01207247256309278,-3.3358929169696894,-3.287314652152625,-3.3358929169696894,-3.287314652152625
calibration,711,16501516911797089168,0.0,1.0727510291740675e-09,2408.6350240081065,515.7307920217833,36.322106531247385,300.55707391972635,0.0004305844216262,-3.365941686830612,-3.3604586,0.011341225107613451,0.004223727586089644,0.010525374060553889,-3.382687413652939,-3.3382298112310944,-3.382687413652939,-3.3382298112310944
calibration,721,12849312948239067464,-0.6000000000000001,1.1459805246638944e-09,2630.825732937456,497.4739907663986,41.26661222078493,300.2753689300697,0.00046995925772234525,-3.3279397908160373,-3.324704,0.009776631836501983,0.0038846061150803668,0.0089717530570396,-3.3438661302080157,-3.3055417334089277,-3.3438661302080157,-3.3055417334089277
calibration,735,14934561482547682078,-2.0,1.013177684158949e-09,2549.0982526102403,506.5025106580401,39.7132385315927,304.62183232922587,0.0005133583251739052,-3.2895793905956987,-3.2941349,0.011503470548241163,0.0023531045674574304,0.011260227884887413,-3.3166816575449385,-3.271588052995833,-3.3166816575449385,-3.271588052995833
calibration,743,433422742429117681,-3.0,9.612679185080118e-10,2493.7557151613,504.62150372842615,37.39117268896573,297.8667082132286,0.0005130662605644413,-3.289826543778573,-3.2830868,0.012627082838438324,0.002553876418108439,0.012366119375910286,-3.3078358590967376,-3.2583376943700593,-3.3078358590967376,-3.2583376943700593
calibration,748,14934561482547682078,-1.2000000000000002,1.013177684158949e-09,2549.0982526102403,506.5025106580401,39.7132385315927,304.62183232922587,0.0004963320837812449,-3.3042276503340275,-3.309512,0.011039487748691054,0.0024739223097413497,0.010758717258270828,-3.3311492959355546,-3.2878745039606856,-3.3311492959355546,-3.2878745039606856
calibration,772,7464429288297915064,-1.6,9.32148229008894e-10,2545.124905053194,512.7371789301767,40.07870713980076,299.5411124372077,0.0004978035355442945,-3.302942023231795,-3.3007457,0.012615010780152213,0.0022298252844490368,0.012416375087366946,-3.3254711467608122,-3.2760203045026155,-3.3254711467608122,-3.2760203045026155
calibration,787,689847661215077168,-1.0,9.136850961862703e-10,2400.1705034771794,499.3175315176618,39.85562670167986,300.93280864091923,0.0004869147391472252,-3.312547078948819,-3.3093207,0.012136492526116434,0.0022592686378745475,0.011924351673558375,-3.333108213598869,-3.2855331628964923,-3.333108213598869,-3.2855331628964923
calibration,789,5857788625354206728,-0.8,1.1037395013588123e-09,2531.0169366346463,492.6438219382251,36.10636397779454,299.96382807834965,0.0004716614311168046,-3.326369635600769,-3.320062,0.012111944928052202,0.002802409884337804,0.011783280239924554,-3.3438013341323467,-3.296322510014382,-3.3438013341323467,-3.296322510014382
calibration,791,7296031158140813817,-1.8,8.058950792540601e-10,2412.212725535436,472.1154567367515,38.858183000543626,295.7855807653235,0.0005048732624256817,-3.2968176284894213,-3.2983115,0.013092418448007638,0.0021373575147247306,0.012916777151957815,-3.3239726120971818,-3.272650331780992,-3.3239726120971818,-3.272650331780992
calibration,800,3483175946691254694,-1.4,8.89459518994858e-10,2383.601346469497,502.4892009812192,38.55163090195673,309.2198732722366,0.0004979007927618386,-3.3028571822366555,-3.302773,0.011480917417217715,0.003000704338386307,0.01108184318457919,-3.325275596947561,-3.2802704006720678,-3.325275596947561,-3.2802704006720678
calibration,805,6517130074721695667,-0.2,8.688108546297864e-10,2646.5653288453154,498.36187777461095,39.94029005251662,299.6218359156308,0.0004458200174079293,-3.3508404355089128,-3.3494885,0.011169005982345383,0.004052107610595669,0.010408031117072421,-3.3713797485057926,-3.3275972450549984,-3.3713797485057926,-3.3275972450549984
calibration,810,3779633422659776445,-1.4,1.0976147775803618e-09,2495.918019735696,486.14991613464105,39.05845567786759,297.2376267822416,0.0004991945213746825,-3.3017301896513542,-3.301166,0.011415357747229559,0.002377585537098023,0.0111650116505181,-3.3235401587712396,-3.2787919564021,-3.3235401587712396,-3.2787919564021
calibration,816,433422742429117681,-0.4,9.612679185080118e-10,2493.7557151613,504.62150372842615,37.39117268896573,297.8667082132286,0.00045717156187546405,-3.3399207925039707,-3.3348572,0.012225096521987878,0.0030839706384662574,0.011829711648543876,-3.358818414601187,-3.3108960362349946,-3.358818414601187,-3.3108960362349946
calibration,818,2033506848451370756,-1.2000000000000002,8.762920771795992e-10,2597.67569731618,502.646286170094,38.978559546027874,295.06946514256083,0.00048207154859399156,-3.316888499409449,-3.3098154,0.012616325131233218,0.002342750679103446,0.012396901370272507,-3.3345434040565336,-3.285087409542099,-3.3345434040565336,-3.285087409542099
calibration,828,12849312948239067464,-0.4,1.1459805246638944e-09,2630.825732937456,497.4739907663986,41.26661222078493,300.2753689300697,0.0004611699116880393,-3.336139035319488,-3.333004,0.009767946188932283,0.004113868617038621,0.00885939358228724,-3.3521491723330414,-3.3138588232724273,-3.3521491723330414,-3.3138588232724273
calibration,841,11723817789070393620,-1.0,1.058962492367367e-09,2306.068264987093,513.3151002778768,40.55455133934368,303.4784744400111,0.0005029916273239591,-3.298439244044007,-3.3043287,0.01059087637949385,0.0027488259566106985,0.010227932632500464,-3.32508679774226,-3.2835705623346443,-3.32508679774226,-3.2835705623346443
calibration,856,11723817789070393620,-0.6000000000000001,1.058962492367367e-09,2306.068264987093,513.3151002778768,40.55455133934368,303.4784744400111,0.0004894130983387299,-3.3103244116493102,-3.316957,0.010383379612403223,0.00304288940792539,0.009927506925786216,-3.337308420958035,-3.2966055728774144,-3.337308420958035,-3.2966055728774144
calibration,876,6517130074721695667,-1.6,8.688108546297864e-10,2646.5653288453154,498.36187777461095,39.94029005251662,299.6218359156308,0.0004940132629822049,-3.306261391232905,-3.3029244,0.012589702099942514,0.002748143647816722,0.012286101844031073,-3.3276002107234315,-3.2782485784916564,-3.3276002107234315,-3.2782485784916564
calibration,891,18026431441542812131,-2.2,1.0308127820747194e-09,2437.7200106987866,482.5972990901911,40.648465379108416,299.4728047413536,0.0005278119231881535,-3.2775208033612624,-3.281753,0.010754888232405991,0.0023327645121761285,0.010498848863404223,-3.30283264413742,-3.2606734822663888,-3.30283264413742,-3.2606734822663888
calibration,902,14934561482547682078,-1.4,1.013177684158949e-09,2549.0982526102403,506.5025106580401,39.7132385315927,304.62183232922587,0.0005013125660170111,-3.2998914091243305,-3.3050418,0.011264027897869046,0.002462828592865639,0.01099148694550581,-3.327119284688368,-3.2829642953287217,-3.327119284688368,-3.2829642953287217
calibration,912,689847661215077168,-3.0,9.136850961862703e-10,2400.1705034771794,499.3175315176618,39.85562670167986,300.93280864091923,0.0005225024392519681,-3.281911677750503,-3.2787304,0.011118295510812441,0.0023400389866011055,0.010869254993845204,-3.300522251657247,-3.2569385332548624,-3.300522251657247,-3.2569385332548624
calibration,932,433422742429117681,-1.4,9.612679185080118e-10,2493.7557151613,504.62150372842615,37.39117268896573,297.8667082132286,0.0004886436125955067,-3.3110077738253465,-3.305376,0.013678600138025862,0.0024361509093995945,0.013459911819918485,-3.332186109126976,-3.2785659965859146,-3.332186109126976,-3.2785659965859146
calibration,946,7296031158140813817,-2.8000000000000003,8.058950792540601e-10,2412.212725535436,472.1154567367515,38.858183000543626,295.7855807653235,0.0005196210150775065,-3.284313293034655,-3.2850106,0.012249617131323547,0.0022157636508291934,0.012047551171137955,-3.309019825825563,-3.2610013266707747,-3.309019825825563,-3.2610013266707747
calibration,960,18026431441542812131,-3.0,1.0308127820747194e-09,2437.7200106987866,482.5972990901911,40.648465379108416,299.4728047413536,0.0005385151805667903,-3.268802049574053,-3.2743893,0.010202806126208563,0.002497348863492907,0.009892446543228586,-3.2943867669751423,-3.2543917669604046,-3.2943867669751423,-3.2543917669604046
calibration,964,18026431441542812131,-0.2,1.0308127820747194e-09,2437.7200106987866,482.5972990901911,40.648465379108416,299.4728047413536,0.0004685037817157134,-3.329286899180391,-3.3335972,0.01043657844470965,0.003264115678594985,0.009913007906084103,-3.35405287697917,-3.313141489475908,-3.35405287697917,-3.313141489475908
calibration,967,11723817789070393620,-0.2,1.058962492367367e-09,2306.068264987093,513.3151002778768,40.55455133934368,303.4784744400111,0.0004697750598424757,-3.328110043455182,-3.3360667,0.010304067161057712,0.0036603699264578134,0.009632003288443595,-3.356262694505546,-3.3158707512342,-3.356262694505546,-3.3158707512342
calibration,974,11723817789070393620,-1.2000000000000002,1.058962492367367e-09,2306.068264987093,513.3151002778768,40.55455133934368,303.4784744400111,0.0005084263578485894,-3.2937719428318917,-3.299346,0.010698668011936967,0.002677420190656747,0.01035822949097383,-3.3203153594572052,-3.278376580850412,-3.3203153594572052,-3.278376580850412
calibration,975,10395993465976512970,-1.8,9.371440517713595e-10,2524.6000862506294,475.6202290123848,40.994373738605006,302.9961192294562,0.0005042912829527745,-3.297318538876814,-3.2959576,0.01153482740252177,0.0024714273704652787,0.0112669561749181,-3.3185658270165597,-3.2733493035986747,-3.3185658270165597,-3.2733493035986747
calibration,995,16501516911797089168,-1.2000000000000002,1.0727510291740675e-09,2408.6350240081065,515.7307920217833,36.322106531247385,300.55707391972635,0.00048061592665057435,-3.3182018416431194,-3.3136888,0.01348190763369711,0.0027161653780609567,0.01320546343646549,-3.340113293997447,-3.287264216073354,-3.340113293997447,-3.287264216073354
calibration,1006,13161242281976296834,-1.4,1.1425395479879979e-09,2554.3812528255967,503.27354733950745,40.19858533526689,297.9110382121584,0.0004994945283164293,-3.3014692648654203,-3.2976768,0.010256035995552835,0.002800972059823625,0.009866145352525993,-3.3177786322328022,-3.277574971130235,-3.3177786322328022,-3.277574971130235
calibration,1010,11723817789070393620,-0.4,1.058962492367367e-09,2306.068264987093,513.3151002778768,40.55455133934368,303.4784744400111,0.00048064562541069527,-3.318175006058951,-3.3250904,0.010163324989912358,0.003259450002144703,0.009626482069297875,-3.3450105253054234,-3.305170291344967,-3.3450105253054234,-3.305170291344967
calibration,1020,433422742429117681,-2.4000000000000004,9.612679185080118e-10,2493.7557151613,504.62150372842615,37.39117268896573,297.8667082132286,0.0005057554373311524,-3.296059439471202,-3.2897122,0.01322900570439076,0.0024709360069258834,0.012996194184626506,-3.3156410418086577,-3.263783339447446,-3.3156410418086577,-3.263783339447446
calibration,1022,16501516911797089168,-2.8000000000000003,1.0727510291740675e-09,2408.6350240081065,515.7307920217833,36.322106531247385,300.55707391972635,0.0005072064214651791,-3.294815256724827,-3.288584,0.012838743291627965,0.002654425456562194,0.012561343693405225,-3.313747930763334,-3.263420057060152,-3.313747930763334,-3.263420057060152
calibration,1023,7296031158140813817,-1.4,8.058950792540601e-10,2412.212725535436,472.1154567367515,38.858183000543626,295.7855807653235,0.000496728625136976,-3.303880812058689,-3.305632,0.013210318708733926,0.0022964693952867545,0.013009179811374463,-3.331524339079519,-3.2797398897412817,-3.331524339079519,-3.2797398897412817
calibration,1029,10395993465976512970,-2.6,9.371440517713595e-10,2524.6000862506294,475.6202290123848,40.994373738605006,302.9961192294562,0.0005168083432757451,-3.2866704837719336,-3.2846715,0.010742593517109239,0.0025638657899472728,0.010432157690971075,-3.3057270283222207,-3.2636160617351524,-3.3057270283222207,-3.2636160617351524
calibration,1032,3212080770719938515,-2.0,9.297325788733188e-10,2376.6983706631413,516.0358029995954,38.08606385532588,297.3563844788412,0.0005230273506269306,-3.2814756000127,-3.292101,0.013217692029377264,0.0025334737827127822,0.01297262087966339,-3.3180075827496496,-3.266194229994491,-3.3180075827496496,-3.266194229994491
calibration,1038,689847661215077168,-2.2,9.136850961862703e-10,2400.1705034771794,499.3175315176618,39.85562670167986,300.93280864091923,0.0005119822880747557,-3.2907450630953625,-3.2874367,0.012023536600462837,0.0022152589616050706,0.011817700314897032,-3.311002855446014,-3.263870591972199,-3.311002855446014,-3.263870591972199
calibration,1055,11723817789070393620,-1.4,1.058962492367367e-09,2306.068264987093,513.3151002778768,40.55455133934368,303.4784744400111,0.0005131978090495016,-3.2897152063885797,-3.295015,0.010825588580467133,0.0026356504101784236,0.01049984339805176,-3.3162332502821443,-3.273796943046713,-3.3162332502821443,-3.273796943046713
calibration,1059,2804036452383970560,-0.8,9.34880998874723e-10,2658.424632928369,469.5577205631138,37.334947088248434,294.43440760000914,0.00047128111937950074,-3.3267199587414167,-3.328966,0.013599362580402114,0.0035273168440799803,0.013133951402392824,-3.3556206529860795,-3.302311151670903,-3.3556206529860795,-3.302311151670903
calibration,1076,3779633422659776445,-0.2,1.0976147775803618e-09,2495.918019735696,486.14991613464105,39.05845567786759,297.2376267822416,0.00045641339396374674,-3.340641619207388,-3.3416734,0.01050878273966995,0.003575737996712589,0.009881730668552755,-3.3622705883457784,-3.3210761600062724,-3.3622705883457784,-3.3210761600062724
calibration,1079,3212080770719938515,0.0,9.297325788733188e-10,2376.6983706631413,516.0358029995954,38.08606385532588,297.3563844788412,0.0004532308887747,-3.343680499586954,-3.3547707,0.011661724355914444,0.004026753724265626,0.010944453013521326,-3.377627640137983,-3.3319136806627982,-3.377627640137983,-3.3319136806627982
calibration,1083,4552925917595615164,-2.4000000000000004,1.0160850161999514e-09,2298.443581617521,494.46825331908406,37.50931802222772,308.1655826328421,0.0005065949576417667,-3.2953391372443552,-3.2897813,0.011480868837506304,0.0027705220268227243,0.011141567891452084,-3.3122838349375034,-3.267278829094479,-3.3122838349375034,-3.267278829094479
calibration,1084,16501516911797089168,-0.6000000000000001,1.0727510291740675e-09,2408.6350240081065,515.7307920217833,36.322106531247385,300.55707391972635,0.0004625610045913526,-3.3348309824703577,-3.331055,0.012641021167304546,0.0031499989002540846,0.012242260003917345,-3.355831327406496,-3.3062785244306623,-3.355831327406496,-3.3062785244306623
calibration,1091,4552925917595615164,-2.8000000000000003,1.0160850161999514e-09,2298.443581617521,494.46825331908406,37.50931802222772,308.1655826328421,0.0005116073834854121,-3.291063196437651,-3.2852476,0.011111802022720248,0.0027818033153619456,0.010757960224434643,-3.3070266962803276,-3.263468432351264,-3.3070266962803276,-3.263468432351264
calibration,1093,12849312948239067464,-2.4000000000000004,1.1459805246638944e-09,2630.825732937456,497.4739907663986,41.26661222078493,300.2753689300697,0.0005118039317680766,-3.2908963821092065,-3.2861195,0.009774759493457944,0.0030575014429283596,0.00928426634055888,-3.305277989666748,-3.2669609324523927,-3.305277989666748,-3.2669609324523927
calibration,1104,7464429288297915064,-1.2000000000000002,9.32148229008894e-10,2545.124905053194,512.7371789301767,40.07870713980076,299.5411124372077,0.0004885834311691227,-3.3110612648980533,-3.3093965,0.012374375227977625,0.002329920574903831,0.01215304876165324,-3.333650280802671,-3.285142729908999,-3.333650280802671,-3.285142729908999
calibration,1109,2033506848451370756,-1.8,8.762920771795992e-10,2597.67569731618,502.646286170094,38.978559546027874,295.06946514256083,0.0004949279155111943,-3.3054580499056323,-3.2976875,0.012931028550075366,0.0022357948538480055,0.012736276535330274,-3.323032346475726,-3.2723427145594304,-3.323032346475726,-3.2723427145594304
calibration,1114,433422742429117681,-0.6000000000000001,9.612679185080118e-10,2493.7557151613,504.62150372842615,37.39117268896573,297.8667082132286,0.000465678727364643,-3.3319136005881225,-3.327006,0.012690012456828041,0.00278785469434437,0.012379995630700812,-3.3518785260236594,-3.3021336771928933,-3.3518785260236594,-3.3021336771928933
calibration,1121,5857788625354206728,-1.6,1.1037395013588123e-09,2531.0169366346463,492.6438219382251,36.10636397779454,299.96382807834965,0.0004921270658579323,-3.307922749110391,-3.3008018,0.012594821861750862,0.0026572892980218066,0.012311309316508664,-3.3254876048468343,-3.276115903148771,-3.3254876048468343,-3.276115903148771
calibration,1122,13161242281976296834,-0.8,1.1425395479879979e-09,2554.3812528255967,503.27354733950745,40.19858533526689,297.9110382121584,0.00048293638993239936,-3.3161100686700653,-3.3130395,0.009798532515012425,0.0030001821064886184,0.009327922633163739,-3.3322446649739312,-3.2938344175150824,-3.3322446649739312,-3.2938344175150824
calibration,1125,14934561482547682078,-2.8000000000000003,1.013177684158949e-09,2549.0982526102403,506.5025106580401,39.7132385315927,304.62183232922587,0.0005250509283779497,-3.2797985692782428,-3.2837863,0.010922696724708695,0.0024357884170390864,0.0106476397481252,-3.3051947824249113,-3.2623778112640536,-3.3051947824249113,-3.2623778112640536
calibration,1126,3483175946691254694,-2.0,8.89459518994858e-10,2383.601346469497,502.4892009812192,38.55163090195673,309.2198732722366,0.0005096775877198429,-3.2927044634165976,-3.293107,0.01138164882525471,0.002820520501960271,0.01102663031840377,-3.315415064473378,-3.27079900107838,-3.315415064473378,-3.27079900107838
calibration,1128,433422742429117681,-2.8000000000000003,9.612679185080118e-10,2493.7557151613,504.62150372842615,37.39117268896573,297.8667082132286,0.0005108001758455406,-3.291748961900528,-3.2848294,0.01279678121645863,0.0025038797984459804,0.012549429519181206,-3.3099110693123106,-3.259747686943793,-3.3099110693123106,-3.259747686943793
calibration,1136,689847661215077168,-0.8,9.136850961862703e-10,2400.1705034771794,499.3175315176618,39.85562670167986,300.93280864091923,0.0004806828398799175,-3.3181413816751495,-3.3150544,0.012034763911544934,0.0023815010955738143,0.011796778652515204,-3.338642553923122,-3.291466279389866,-3.338642553923122,-3.291466279389866
calibration,1153,3212080770719938515,-0.8,9.297325788733188e-10,2376.6983706631413,516.0358029995954,38.08606385532588,297.3563844788412,0.0004945892426516712,-3.305755333805343,-3.3167837,0.01307515915609177,0.0026285781825381134,0.012808214991314232,-3.3424109785566576,-3.291156354664778,-3.3424109785566576,-3.291156354664778
calibration,1162,689847661215077168,-1.8,9.136850961862703e-10,2400.1705034771794,499.3175315176618,39.85562670167986,300.93280864091923,0.0005053014871123098,-3.296449423622605,-3.2930934,0.012206028985258308,0.0021071186685248334,0.012022778217190225,-3.3170172597279763,-3.269169626105764,-3.3170172597279763,-3.269169626105764
calibration,1163,7296031158140813817,-0.6000000000000001,8.058950792540601e-10,2412.212725535436,472.1154567367515,38.858183000543626,295.7855807653235,0.00047289781824602406,-3.325232689634179,-3.327515,0.012204142473131773,0.002932766624052667,0.01184651618038346,-3.3514350061034173,-3.303594767608741,-3.3514350061034173,-3.303594767608741
calibration,1165,2804036452383970560,0.0,9.34880998874723e-10,2658.424632928369,469.5577205631138,37.334947088248434,294.43440760000914,0.0004306210087671,-3.365904786010319,-3.3653157,0.012185250363137862,0.004710574561759883,0.011237918327139246,-3.389198766447224,-3.3414325850237234,-3.389198766447224,-3.3414325850237234
calibration,1210,4552925917595615164,-1.6,1.0160850161999514e-09,2298.443581617521,494.46825331908406,37.50931802222772,308.1655826328421,0.0004936694235478171,-3.3065637708879994,-3.301154,0.011474618247971176,0.002882069984243113,0.011106779420334724,-3.3236441500051592,-3.2786636464731123,-3.3236441500051592,-3.2786636464731123
calibration,1214,7296031158140813817,-3.0,8.058950792540601e-10,2412.212725535436,472.1154567367515,38.858183000543626,295.7855807653235,0.0005219545572793073,-3.282367306158519,-3.2832453,0.012006359624169087,0.002272402871309154,0.011789354053287597,-3.306777789951872,-3.2597128602251297,-3.306777789951872,-3.2597128602251297
calibration,1243,5857788625354206728,-1.8,1.1037395013588123e-09,2531.0169366346463,492.6438219382251,36.10636397779454,299.96382807834965,0.0004959008984115118,-3.3046051049075014,-3.2973135,0.012490337697993108,0.0026571352935894454,0.012204432601963824,-3.321794513655034,-3.2728323898789013,-3.321794513655034,-3.2728323898789013
calibration,1244,14934561482547682078,-0.8,1.013177684158949e-09,2549.0982526102403,506.5025106580401,39.7132385315927,304.62183232922587,0.0004842992342147985,-3.314886217669443,-3.3205261,0.01073255303536569,0.0026956881863026455,0.010388500723648001,-3.341561926996192,-3.299490319097558,-3.341561926996192,-3.299490319097558
calibration,1258,14934561482547682078,-2.2,1.013177684158949e-09,2549.0982526102403,506.5025106580401,39.7132385315927,304.62183232922587,0.0005166527302191313,-3.2868012712665835,-3.291306,0.011366413687981048,0.0023468209167298126,0.011121500422329265,-3.3135841896577887,-3.2690278480009027,-3.3135841896577887,-3.2690278480009027
calibration,1264,6517130074721695667,-2.4000000000000004,8.688108546297864e-10,2646.5653288453154,498.36187777461095,39.94029005251662,299.6218359156308,0.0005076810633057537,-3.2944090356404923,-3.2901475,0.012327405394223476,0.0026667495221012576,0.012035503402707553,-3.314309257526169,-3.2659858283808134,-3.314309257526169,-3.2659858283808134
calibration,1302,18026431441542812131,-2.8000000000000003,1.0308127820747194e-09,2437.7200106987866,482.5972990901911,40.648465379108416,299.4728047413536,0.0005361200007123656,-3.2707379905046188,-3.2756557,0.01024078533976025,0.0024312190566138626,0.009948007564002466,-3.295727685725891,-3.255583807194031,-3.295727685725891,-3.255583807194031
calibration,1310,16501516911797089168,-1.6,1.0727510291740675e-09,2408.6350240081065,515.7307920217833,36.322106531247385,300.55707391972635,0.0004893547569086844,-3.3103761856446026,-3.3053713,0.013362357012219212,0.0026234587580888707,0.013102292274352311,-3.331561504228813,-3.2791810647409134,-3.331561504228813,-3.2791810647409134
calibration,1312,3779633422659776445,-1.6,1.0976147775803618e-09,2495.918019735696,486.14991613464105,39.05845567786759,297.2376267822416,0.0005034607495376432,-3.2980343819597593,-3.2972472,0.011477624792333063,0.002298958936817113,0.011245027832960884,-3.3197433159949505,-3.2747510268090045,-3.3197433159949505,-3.2747510268090045
calibration,1313,3779633422659776445,-0.8,1.0976147775803618e-09,2495.918019735696,486.14991613464105,39.05845567786759,297.2376267822416,0.00048285633477455713,-3.316182066548055,-3.3163602,0.010798039835786727,0.0026749898556496735,0.010461457329416989,-3.3375243932923753,-3.2951960771360915,-3.3375243932923753,-3.2951960771360915
calibration,1314,10395993465976512970,-1.4,9.371440517713595e-10,2524.6000862506294,475.6202290123848,40.994373738605006,302.9961192294562,0.0004960063290666625,-3.304512781854177,-3.303462,0.011585197816074823,0.0025618536115533676,0.011298393995384398,-3.3261690162229245,-3.2807550407839114,-3.3261690162229245,-3.2807550407839114
calibration,1318,7464429288297915064,-0.8,9.32148229008894e-10,2545.124905053194,512.7371789301767,40.07870713980076,299.5411124372077,0.0004766776436903099,-3.321775216123332,-3.3204799,0.01191457905494581,0.002503357903907399,0.011648621328197238,-3.3438324447902232,-3.2971272948948354,-3.3438324447902232,-3.2971272948948354
calibration,1325,14934561482547682078,-2.6,1.013177684158949e-09,2549.0982526102403,506.5025106580401,39.7132385315927,304.62183232922587,0.0005224653912898055,-3.2819424724315818,-3.286205,0.011069209086020762,0.0024189914757794103,0.010801660373723416,-3.3079007031380683,-3.2645094035208673,-3.3079007031380683,-3.2645094035208673
calibration,1327,5857788625354206728,-0.2,1.1037395013588123e-09,2531.0169366346463,492.6438219382251,36.10636397779454,299.96382807834965,0.00044531686561272556,-3.3513308563984543,-3.3449156,0.01098681857018267,0.00377011014510316,0.010319711852287314,-3.3664497928307857,-3.3233814640356694,-3.3664497928307857,-3.3233814640356694
calibration,1347,2033506848451370756,0.0,8.762920771795992e-10,2597.67569731618,502.646286170094,38.978559546027874,295.06946514256083,0.0004299720189996,-3.3665598057912667,-3.3609395,0.011312853881430095,0.004296748627448075,0.010465114302137238,-3.3831126963236673,-3.3387663091084616,-3.3831126963236673,-3.3387663091084616
calibration,1361,10395993465976512970,-0.4,9.371440517713595e-10,2524.6000862506294,475.6202290123848,40.994373738605006,302.9961192294562,0.0004629279874796131,-3.334486562054679,-3.3343067,0.010908661236419646,0.003333296223878939,0.010386915810563155,-3.3556876929423276,-3.312925740895563,-3.3556876929423276,-3.312925740895563
calibration,1367,3779633422659776445,-3.0,1.0976147775803618e-09,2495.918019735696,486.14991613464105,39.05845567786759,297.2376267822416,0.00052429708809037,-3.2804225543209817,-3.2796223,0.010982295933993773,0.002444751711153876,0.010706727521004012,-3.3011476163911015,-3.2580970163298457,-3.3011476163911015,-3.2580970163298457
calibration,1377,13161242281976296834,-2.2,1.1425395479879979e-09,2554.3812528255967,503.27354733950745,40.19858533526689,297.9110382121584,0.0005142505464769507,-3.288825238122693,-3.284671,0.01037063013703019,0.0027061254023560675,0.0100113359408567,-3.3049975032601075,-3.264344633122949,-3.3049975032601075,-3.264344633122949
calibration,1379,14934561482547682078,-1.6,1.013177684158949e-09,2549.0982526102403,506.5025106580401,39.7132385315927,304.62183232922587,0.0005057547977415448,-3.296059988690039,-3.30096,0.011490103030984041,0.002418440737037177,0.011232702755344498,-3.323480665875055,-3.2784394619935973,-3.323480665875055,-3.2784394619935973
calibration,1382,7296031158140813817,-1.2000000000000002,8.058950792540601e-10,2412.212725535436,472.1154567367515,38.858183000543626,295.7855807653235,0.0004919001770691799,-3.3081230211077677,-3.3099666,0.013109042155365852,0.0022867139819886485,0.01290805574432277,-3.335660286802984,-3.2842728415539497,-3.335660286802984,-3.2842728415539497
calibration,1389,3212080770719938515,-0.4,9.297325788733188e-10,2376.6983706631413,516.0358029995954,38.08606385532588,297.3563844788412,0.0004784610134703381,-3.3201534441452436,-3.3309247,0.012316211819052084,0.0030787847542729286,0.011925189673580248,-3.3550645245397317,-3.3067849742090476,-3.3550645245397317,-3.3067849742090476
calibration,1392,3779633422659776445,-1.8,1.0976147775803618e-09,2495.918019735696,486.14991613464105,39.05845567786759,297.2376267822416,0.0005072945819204808,-3.294739776071327,-3.2938824,0.01143936287184968,0.002282439979461633,0.01120934805908274,-3.3163035212239427,-3.2714612187662917,-3.3163035212239427,-3.2714612187662917
calibration,1412,18026431441542812131,-0.6000000000000001,1.0308127820747194e-09,2437.7200106987866,482.5972990901911,40.648465379108416,299.4728047413536,0.0004883434482777874,-3.3112746344956094,-3.314909,0.010644698651430076,0.002651630099001309,0.010309144415618577,-3.3357725906800453,-3.294045371966439,-3.3357725906800453,-3.294045371966439
calibration,1415,3212080770719938515,-2.2,9.297325788733188e-10,2376.6983706631413,516.0358029995954,38.08606385532588,297.3563844788412,0.0005262567979062937,-3.2788022811341877,-3.2894137,0.013258376188249151,0.002598740624996033,0.01300119519602918,-3.315400107895985,-3.2634272732380483,-3.315400107895985,-3.2634272732380483
calibration,1417,3779633422659776445,-0.6000000000000001,1.0976147775803618e-09,2495.918019735696,486.14991613464105,39.05845567786759,297.2376267822416,0.0004756396711236796,-3.3227219298489987,-3.3231003,0.010699844045784088,0.0029045725114005038,0.010298063518388934,-3.3440720227751712,-3.302128634115698,-3.3440720227751712,-3.302128634115698
calibration,1418,7296031158140813817,0.0,8.058950792540601e-10,2412.212725535436,472.1154567367515,38.858183000543626,295.7855807653235,0.0004389993362607,-3.3575361363832394,-3.359507,0.011368713127654593,0.004305855299183353,0.010521751498462557,-3.3817897616230255,-3.337224406162619,-3.3817897616230255,-3.337224406162619
calibration,1420,12849312948239067464,-0.8,1.1459805246638944e-09,2630.825732937456,497.4739907663986,41.26661222078493,300.2753689300697,0.0004772817871842198,-3.321225137760944,-3.3177195,0.00952386215196559,0.0036478950613979054,0.00879754486247646,-3.336386229351544,-3.2990526897158388,-3.336386229351544,-3.2990526897158388
calibration,1421,13161242281976296834,-3.0,1.1425395479879979e-09,2554.3812528255967,503.27354733950745,40.19858533526689,297.9110382121584,0.0005246793064408103,-3.280106064209879,-3.276356,0.00996890021350109,0.0027389494313931674,0.009585255436981877,-3.2958950262452444,-3.25681693740832,-3.2958950262452444,-3.25681693740832
calibration,1423,3483175946691254694,-0.6000000000000001,8.89459518994858e-10,2383.601346469497,502.4892009812192,38.55163090195673,309.2198732722366,0.00047372532057368943,-3.3244734016525723,-3.3244166,0.010997740233913795,0.003463518863348756,0.010438118826392367,-3.3459722082791252,-3.3028610665621834,-3.3459722082791252,-3.3028610665621834
calibration,1426,13161242281976296834,-1.0,1.1425395479879979e-09,2554.3812528255967,503.27354733950745,40.19858533526689,297.9110382121584,0.0004892010201550286,-3.310512645979093,-3.3071418,0.00983545781871374,0.0028758264792492325,0.009405628580441553,-3.3264192781779505,-3.2878642835285925,-3.3264192781779505,-3.2878642835285925
calibration,1427,18026431441542812131,-2.6,1.0308127820747194e-09,2437.7200106987866,482.5972990901911,40.648465379108416,299.4728047413536,0.0005335532157852353,-3.2728222582089668,-3.2775068,0.010384733771858858,0.00237780937486554,0.010108843518280989,-3.297860906500949,-3.257152750115262,-3.297860906500949,-3.257152750115262
calibration,1429,4552925917595615164,-2.2,1.0160850161999514e-09,2298.443581617521,494.46825331908406,37.50931802222772,308.1655826328421,0.0005037926966539662,-3.2977481326415425,-3.292231,0.011590653587553778,0.0028004128871037155,0.011247263849122306,-3.314948763947865,-3.2695134018846543,-3.314948763947865,-3.2695134018846543
calibration,1435,689847661215077168,-0.4,9.136850961862703e-10,2400.1705034771794,499.3175315176618,39.85562670167986,300.93280864091923,0.0004647124523139217,-3.332815690123311,-3.3299797,0.011427717235474862,0.0028680479903183463,0.011061963287119883,-3.3523779839083616,-3.3075813323453005,-3.3523779839083616,-3.3075813323453005
calibration,1441,7464429288297915064,-3.0,9.32148229008894e-10,2545.124905053194,512.7371789301767,40.07870713980076,299.5411124372077,0.0005189220662384391,-3.284897861311563,-3.2813315,0.01133089922006535,0.002372704625537453,0.011079689484039883,-3.303540101625381,-3.2591229766827245,-3.303540101625381,-3.2591229766827245
calibration,1444,11723817789070393620,-3.0,1.058962492367367e-09,2306.068264987093,513.3151002778768,40.55455133934368,303.4784744400111,0.0005381548196970008,-3.269092765843753,-3.2746522,0.010129997958446671,0.0025927465970618045,0.009792574753182202,-3.294507038659078,-3.254797446661967,-3.294507038659078,-3.254797446661967
calibration,1455,2033506848451370756,-2.4000000000000004,8.762920771795992e-10,2597.67569731618,502.646286170094,38.978559546027874,295.06946514256083,0.0005044294453573136,-3.2971995700312475,-3.2887592,0.012534491257921736,0.0022691274517389593,0.012327389200986338,-3.3133268344329094,-3.264191628701856,-3.3133268344329094,-3.264191628701856
calibration,1468,7296031158140813817,-0.8,8.058950792540601e-10,2412.212725535436,472.1154567367515,38.858183000543626,295.7855807653235,0.00048020476557328773,-3.318573534299999,-3.320662,0.012644447386395584,0.0026148454740476286,0.012371120387312959,-3.345445138514298,-3.2958789047596277,-3.345445138514298,-3.2958789047596277
calibration,1477,4552925917595615164,-2.0,1.0160850161999514e-09,2298.443581617521,494.46825331908406,37.50931802222772,308.1655826328421,0.0005007420294638612,-3.3003859548400025,-3.2948887,0.011689626652939024,0.0027876003255776663,0.01135238494687414,-3.3178004030572654,-3.2719770665777443,-3.3178004030572654,-3.2719770665777443
calibration,1478,3483175946691254694,-0.8,8.89459518994858e-10,2383.601346469497,502.4892009812192,38.55163090195673,309.2198732722366,0.0004811542737362243,-3.3177156523372537,-3.3176503,0.011085575725739415,0.0032887540262590085,0.010586504205466687,-3.3393780465682013,-3.2959225897233027,-3.3393780465682013,-3.2959225897233027
calibration,1502,5857788625354206728,-3.0,1.1037395013588123e-09,2531.0169366346463,492.6438219382251,36.10636397779454,299.96382807834965,0.0005127209213730177,-3.2901189609846506,-3.282589,0.01210656607444965,0.0027916083204487852,0.011780315528091938,-3.3063178282461556,-3.258860089234313,-3.3063178282461556,-3.258860089234313
calibration,1507,2804036452383970560,-2.2,9.34880998874723e-10,2658.424632928369,469.5577205631138,37.334947088248434,294.43440760000914,0.00050270881664092,-3.2986834979330086,-3.2995067,0.014501802240027699,0.003022645499989593,0.014183296109331063,-3.3279301966665775,-3.2710831318856686,-3.3279301966665775,-3.2710831318856686
calibration,1525,14934561482547682078,-2.4000000000000004,1.013177684158949e-09,2549.0982526102403,506.5025106580401,39.7132385315927,304.62183232922587,0.0005196760124785655,-3.284267329143317,-3.2887042,0.011216666052832523,0.0023727243610452147,0.010962835711263615,-3.310688822339162,-3.2667194914120588,-3.310688822339162,-3.2667194914120588
calibration,1528,2804036452383970560,-1.4,9.34880998874723e-10,2658.424632928369,469.5577205631138,37.334947088248434,294.43440760000914,0.00048785139141967497,-3.311712452004305,-3.313294,0.014626629157939611,0.00323010245870559,0.014265507824842424,-3.34196212701797,-3.2846257407188464,-3.34196212701797,-3.2846257407188464
calibration,1533,7464429288297915064,-0.2,9.32148229008894e-10,2545.124905053194,512.7371789301767,40.07870713980076,299.5411124372077,0.0004493905744569822,-3.347376040738095,-3.3470032,0.011182247327296474,0.0037108283907378013,0.010548573571626411,-3.368920426273342,-3.3250860167503395,-3.368920426273342,-3.3250860167503395
calibration,1546,2804036452383970560,-0.4,9.34880998874723e-10,2658.424632928369,469.5577205631138,37.334947088248434,294.43440760000914,0.00045526133480579105,-3.3417392326119493,-3.3433356,0.012872125649987206,0.00403582463593556,0.01222308181340067,-3.3685649947834966,-3.3181062622355464,-3.3685649947834966,-3.3181062622355464
calibration,1558,7296031158140813817,-0.2,8.058950792540601e-10,2412.212725535436,472.1154567367515,38.858183000543626,295.7855807653235,0.0004533143020348675,-3.3436005787643013,-3.3463407,0.011426675470552341,0.003749604109141197,0.010793951718127687,-3.3687369402028002,-3.323944372358235,-3.3687369402028002,-3.323944372358235
calibration,1580,3483175946691254694,-1.0,8.89459518994858e-10,2383.601346469497,502.4892009812192,38.55163090195673,309.2198732722366,0.0004875040212646889,-3.3120217975944457,-3.3119376,0.010966871200901958,0.003207986207725753,0.010487186359074053,-3.333432638125667,-3.2904425030181317,-3.333432638125667,-3.2904425030181317
calibration,1583,5857788625354206728,-2.0,1.1037395013588123e-09,2531.0169366346463,492.6438219382251,36.10636397779454,299.96382807834965,0.0004993029260995062,-3.3016358888114126,-3.2942328,0.012506865595364925,0.002612180337102059,0.012231034042271677,-3.3187463018733117,-3.2697193887394813,-3.3187463018733117,-3.2697193887394813
calibration,1595,10395993465976512970,-1.2000000000000002,9.371440517713595e-10,2524.6000862506294,475.6202290123848,40.994373738605006,302.9961192294562,0.000491112765791332,-3.3088187768423807,-3.307873,0.011347791465272764,0.0026300747075369167,0.011038798861394491,-3.3301146819073106,-3.2856313393634413,-3.3301146819073106,-3.2856313393634413
calibration,1598,7464429288297915064,-1.4,9.32148229008894e-10,2545.124905053194,512.7371789301767,40.07870713980076,299.5411124372077,0.0004934699401583271,-3.306739297342827,-3.3049045,0.012893237582905403,0.002335514326257564,0.012679942962201287,-3.330175206569477,-3.2796337152444877,-3.330175206569477,-3.2796337152444877
calibration,1603,689847661215077168,-2.6,9.136850961862703e-10,2400.1705034771794,499.3175315176618,39.85562670167986,300.93280864091923,0.0005176366290223024,-3.285974999689788,-3.2825367,0.011552726327304573,0.002219719355038722,0.011337473674343231,-3.305180088672928,-3.259893401469894,-3.305180088672928,-3.259893401469894
calibration,1616,4552925917595615164,-1.0,1.0160850161999514e-09,2298.443581617521,494.46825331908406,37.50931802222772,308.1655826328421,0.00047962499884998303,-3.3190981888349533,-3.3142831,0.011349332521673696,0.0030774741141421013,0.010924123753731448,-3.336527824295581,-3.2920384408106202,-3.336527824295581,-3.2920384408106202
calibration,1632,12849312948239067464,-2.8000000000000003,1.1459805246638944e-09,2630.825732937456,497.4739907663986,41.26661222078493,300.2753689300697,0.000517094073480694,-3.2864304397359194,-3.2814894,0.009490319210671401,0.0030691845261640585,0.00898032602666755,-3.300090397906334,-3.262888346600502,-3.300090397906334,-3.262888346600502
calibration,1648,3483175946691254694,0.0,8.89459518994858e-10,2383.601346469497,502.4892009812192,38.55163090195673,309.2198732722366,0.0004391055663899,-3.3574310574592765,-3.3565235,0.010429691595898655,0.004631779619284563,0.009344788564360804,-3.3769657093219068,-3.336081318265984,-3.3769657093219068,-3.336081318265984
calibration,1650,7464429288297915064,-1.0,9.32148229008894e-10,2545.124905053194,512.7371789301767,40.07870713980076,299.5411124372077,0.00048302977350827566,-3.3160260989134325,-3.3145044,0.011937819049111177,0.0023731728799780165,0.011699553107304396,-3.337902510330765,-3.2911062596582488,-3.337902510330765,-3.2911062596582488
calibration,1675,14934561482547682078,-0.6000000000000001,1.013177684158949e-09,2549.0982526102403,506.5025106580401,39.7132385315927,304.62183232922587,0.00047683357395844454,-3.3216331734197686,-3.3274837,0.01061498271184608,0.0029145354005494354,0.010207023789764702,-3.348289020137435,-3.3066782879069985,-3.348289020137435,-3.3066782879069985
calibration,1678,433422742429117681,-2.0,9.612679185080118e-10,2493.7557151613,504.62150372842615,37.39117268896573,297.8667082132286,0.0004998605457899838,-3.3011511409467627,-3.295081,0.013460261323953372,0.0023563190937088054,0.01325241032980036,-3.3214630123872095,-3.268698787997312,-3.3214630123872095,-3.268698787997312
calibration,1699,6517130074721695667,-1.4,8.688108546297864e-10,2646.5653288453154,498.36187777461095,39.94029005251662,299.6218359156308,0.0004896745359591536,-3.3100924795634925,-3.3070314,0.012420671692954133,0.002809519558838995,0.012098747439785026,-3.3313759095693376,-3.2826868765329573,-3.3313759095693376,-3.2826868765329573
calibration,1704,11723817789070393620,-2.0,1.058962492367367e-09,2306.068264987093,513.3151002778768,40.55455133934368,303.4784744400111,0.0005247139397941207,-3.2800773979795754,-3.2851267,0.010530883134771756,0.002574101433934242,0.010211439145757565,-3.3057672170403443,-3.2644861551520385,-3.3057672170403443,-3.2644861551520385
calibration,1711,18026431441542812131,-2.4000000000000004,1.0308127820747194e-09,2437.7200106987866,482.5972990901911,40.648465379108416,299.4728047413536,0.0005307935217791979,-3.2750743862460263,-3.279526,0.010582293289092687,0.0023329451679779453,0.010321932349929813,-3.300267290101138,-3.258784700407895,-3.300267290101138,-3.258784700407895
calibration,1720,14934561482547682078,-0.4,1.013177684158949e-09,2549.0982526102403,506.5025106580401,39.7132385315927,304.62183232922587,0.00046790753986847636,-3.3298399565242325,-3.335838,0.010435260720037575,0.0031817278616297516,0.009938373937342,-3.3562911904637884,-3.315384968441241,-3.3562911904637884,-3.315384968441241
calibration,1732,433422742429117681,-0.8,9.612679185080118e-10,2493.7557151613,504.62150372842615,37.39117268896573,297.8667082132286,0.000472745120368289,-3.32537294520754,-3.3204143,0.012873936593673765,0.0025055696302131144,0.012627761604961676,-3.345647220456877,-3.295181389009676,-3.345647220456877,-3.295181389009676
calibration,1735,10395993465976512970,-2.2,9.371440517713595e-10,2524.6000862506294,475.6202290123848,40.994373738605006,302.9961192294562,0.0005110829604517325,-3.2915085982174235,-3.28994,0.01129886224982496,0.002554523135516623,0.01100630240805032,-3.31208588879933,-3.267794348780016,-3.31208588879933,-3.267794348780016
calibration,1741,7464429288297915064,-0.6000000000000001,9.32148229008894e-10,2545.124905053194,512.7371789301767,40.07870713980076,299.5411124372077,0.00046926708796320816,-3.328579903953269,-3.3274267,0.011744637778368436,0.0028603909506659925,0.011390990973646698,-3.3504461620274135,-3.3044071819362095,-3.3504461620274135,-3.3044071819362095
calibration,1742,2804036452383970560,-1.6,9.34880998874723e-10,2658.424632928369,469.5577205631138,37.334947088248434,294.43440760000914,0.0004921673372377956,-3.307887211697991,-3.3092895,0.014920575545644162,0.0031879713666236324,0.014576021243575207,-3.338533783483281,-3.280045127344356,-3.338533783483281,-3.280045127344356
calibration,1745,6517130074721695667,-2.0,8.688108546297864e-10,2646.5653288453154,498.36187777461095,39.94029005251662,299.6218359156308,0.0005014577867679004,-3.2997656204608847,-3.2959187,0.012547941090800973,0.0027426541404270625,0.012244536503171612,-3.3205126676171934,-3.271324738541254,-3.3205126676171934,-3.271324738541254
calibration,1765,4552925917595615164,-1.2000000000000002,1.0160850161999514e-09,2298.443581617521,494.46825331908406,37.50931802222772,308.1655826328421,0.0004848679003869456,-3.314376566443904,-3.3093157,0.011174809233704584,0.0029795556333254447,0.010770264385786392,-3.3312183075555803,-3.2874130553594587,-3.3312183075555803,-3.2874130553594587
calibration,1767,10395993465976512970,-3.0,9.371440517713595e-10,2524.6000862506294,475.6202290123848,40.994373738605006,302.9961192294562,0.00052173181636766,-3.2825526782257097,-3.2805123,0.010429456793960158,0.0026098945604723493,0.010097623629099247,-3.300954068232422,-3.2600705976000977,-3.300954068232422,-3.2600705976000977
calibration,1772,689847661215077168,-1.6,9.136850961862703e-10,2400.1705034771794,499.3175315176618,39.85562670167986,300.93280864091923,0.0005014541341945768,-3.2997687838342697,-3.2963936,0.012054990614166271,0.0021279347375061605,0.011865693021463708,-3.32002141449256,-3.272765851285028,-3.32002141449256,-3.272765851285028
calibration,1777,3212080770719938515,-2.4000000000000004,9.297325788733188e-10,2376.6983706631413,516.0358029995954,38.08606385532588,297.3563844788412,0.0005292181182716779,-3.2763652957568077,-3.28693,0.013097727130915926,0.0026164133504975695,0.012833738231916006,-3.312601629405111,-3.26125853905192,-3.312601629405111,-3.26125853905192
calibration,1802,13161242281976296834,-2.6,1.1425395479879979e-09,2554.3812528255967,503.27354733950745,40.19858533526689,297.9110382121584,0.0005198500574708565,-3.284121903679452,-3.2799196,0.01011689425601125,0.0026817717857783806,0.009754980129012533,-3.2997487370703955,-3.260090511586831,-3.2997487370703955,-3.260090511586831
calibration,1807,4552925917595615164,-0.6000000000000001,1.0160850161999514e-09,2298.443581617521,494.46825331908406,37.50931802222772,308.1655826328421,0.0004665880126919956,-3.3310664230403235,-3.3269186,0.010706108129683497,0.003497137373082921,0.010118833396158483,-3.3479025739239257,-3.3059346300555665,-3.3479025739239257,-3.3059346300555665
calibration,1830,2033506848451370756,-0.2,8.762920771795992e-10,2597.67569731618,502.646286170094,38.978559546027874,295.06946514256083,0.0004440828276401098,-3.3525360203533108,-3.347158,0.011275803754859178,0.0037464346203306114,0.010635223583549914,-3.3692585305292018,-3.3250573798101537,-3.3692585305292018,-3.3250573798101537
calibration,1838,14934561482547682078,-1.0,1.013177684158949e-09,2549.0982526102403,506.5025106580401,39.7132385315927,304.62183232922587,0.0004907081187052161,-3.309176756611081,-3.3146105,0.010960717770789654,0.002574923915437191,0.0106539706291278,-3.336093488092955,-3.293127474431459,-3.336093488092955,-3.293127474431459
calibration,1840,433422742429117681,-0.2,9.612679185080118e-10,2493.7557151613,504.62150372842615,37.39117268896573,297.8667082132286,0.0004467563920125128,-3.3499292250653996,-3.3453662,0.011925174829779539,0.0034943730525598834,0.011401716294377527,-3.3687395822140975,-3.3219928968813615,-3.3687395822140975,-3.3219928968813615
calibration,1847,433422742429117681,-1.0,9.612679185080118e-10,2493.7557151613,504.62150372842615,37.39117268896573,297.8667082132286,0.0004787574252636694,-3.3198844773031513,-3.3147259,0.013367046303806985,0.0023274576847429284,0.013162859029556363,-3.340925286609954,-3.2885264650990305,-3.340925286609954,-3.2885264650990305
calibration,1849,433422742429117681,-1.8,9.612679185080118e-10,2493.7557151613,504.62150372842615,37.39117268896573,297.8667082132286,0.0004964970135237618,-3.304083359482903,-3.298087,0.013606552377691225,0.002336886197066318,0.01340437306484567,-3.324755724297848,-3.2714180389772984,-3.324755724297848,-3.2714180389772984
calibration,1852,13161242281976296834,-0.4,1.1425395479879979e-09,2554.3812528255967,503.27354733950745,40.19858533526689,297.9110382121584,0.00046684505659459215,-3.3308272355613293,-3.3282425,0.00995588759802457,0.003493743877825265,0.009322738098406839,-3.3477560800516253,-3.308729000667369,-3.3477560800516253,-3.308729000667369
calibration,1855,2804036452383970560,-2.8000000000000003,9.34880998874723e-10,2658.424632928369,469.5577205631138,37.334947088248434,294.43440760000914,0.000510838508968079,-3.291716371389131,-3.2915893,0.013876217006307886,0.0030235570442967994,0.0135428023019532,-3.318786645433682,-3.264391874768955,-3.318786645433682,-3.264391874768955
calibration,1858,11723817789070393620,-2.8000000000000003,1.058962492367367e-09,2306.068264987093,513.3151002778768,40.55455133934368,303.4784744400111,0.0005358698032387315,-3.2709407151644205,-3.2760167,0.010213584074960088,0.002551243161598484,0.00988981514219372,-3.2960353369756423,-3.255998087401799,-3.2960353369756423,-3.255998087401799
calibration,1862,7464429288297915064,-0.4,9.32148229008894e-10,2545.124905053194,512.7371789301767,40.07870713980076,299.5411124372077,0.00046035308912228864,-3.336908938242348,-3.335765,0.011418689505770628,0.003244980332684902,0.010947902847749857,-3.358145516380041,-3.31338425351742,-3.358145516380041,-3.31338425351742
calibration,1864,11723817789070393620,-2.4000000000000004,1.058962492367367e-09,2306.068264987093,513.3151002778768,40.55455133934368,303.4784744400111,0.0005307537805736188,-3.275106903659536,-3.2801788,0.010391527509556311,0.0025479706095806994,0.010074308066493905,-3.300546179242827,-3.2598113914053664,-3.300546179242827,-3.2598113914053664
calibration,1865,7296031158140813817,-1.6,8.058950792540601e-10,2412.212725535436,472.1154567367515,38.858183000543626,295.7855807653235,0.000501026609036545,-3.3001392085621624,-3.3017435,0.013150661473682438,0.002212576281985935,0.012963193716776428,-3.3275188038736716,-3.275968210896836,-3.3275188038736716,-3.275968210896836
calibration,1868,11723817789070393620,-2.2,1.058962492367367e-09,2306.068264987093,513.3151002778768,40.55455133934368,303.4784744400111,0.0005278664472409105,-3.2774759421688238,-3.2825518,0.01045479718592592,0.0025730854769834086,0.010133212990736705,-3.3030431679263095,-3.2620603629574796,-3.3030431679263095,-3.2620603629574796
calibration,1883,10395993465976512970,-2.0,9.371440517713595e-10,2524.6000862506294,475.6202290123848,40.994373738605006,302.9961192294562,0.0005078426254690513,-3.2942708496830946,-3.2928312,0.01154387942208171,0.0024919944684256147,0.011271694720935503,-3.3154571861471385,-3.2702051788125783,-3.3154571861471385,-3.2702051788125783
calibration,1888,2033506848451370756,-2.8000000000000003,8.762920771795992e-10,2597.67569731618,502.646286170094,38.978559546027874,295.06946514256083,0.0005096384057579856,-3.2927378515120305,-3.2837603,0.011845335423508841,0.0022951692132882453,0.011620849926506189,-3.3069771666494376,-3.260543451789283,-3.3069771666494376,-3.260543451789283
calibration,1896,14934561482547682078,-1.8,1.013177684158949e-09,2549.0982526102403,506.5025106580401,39.7132385315927,304.62183232922587,0.0005097456593295547,-3.292646463710192,-3.2973375,0.011673948900516934,0.002412213593959988,0.011422010468820272,-3.32021847188847,-3.274456592198444,-3.32021847188847,-3.274456592198444
calibration,1900,2804036452383970560,-0.2,9.34880998874723e-10,2658.424632928369,469.5577205631138,37.334947088248434,294.43440760000914,0.0004446412054441848,-3.351990293171399,-3.3534393,0.012584930492732621,0.004430056415951718,0.011779434346104366,-3.3781057948204434,-3.3287728672889316,-3.3781057948204434,-3.3287728672889316
calibration,1906,3483175946691254694,-0.4,8.89459518994858e-10,2383.601346469497,502.4892009812192,38.55163090195673,309.2198732722366,0.00046482784005463595,-3.332707868526463,-3.3324916,0.0107081417303807,0.0037025357665277955,0.010047662094783921,-3.3534795940677915,-3.3115036784846987,-3.3534795940677915,-3.3115036784846987
calibration,1907,6517130074721695667,-2.8000000000000003,8.688108546297864e-10,2646.5653288453154,498.36187777461095,39.94029005251662,299.6218359156308,0.0005130158473616585,-3.289869219068654,-3.285039,0.011714581780804553,0.0026307072558626058,0.011415375289903126,-3.307999528349459,-3.262078367768705,-3.307999528349459,-3.262078367768705
calibration,1912,7464429288297915064,0.0,9.32148229008894e-10,2545.124905053194,512.7371789301767,40.07870713980076,299.5411124372077,0.00043492845924,-3.3615821736487397,-3.3610861,0.011130897222896594,0.004248817657597986,0.010288071616356797,-3.3829026886990894,-3.3392695715853344,-3.3829026886990894,-3.3392695715853344
calibration,1920,3779633422659776445,-1.2000000000000002,1.0976147775803618e-09,2495.918019735696,486.14991613464105,39.05845567786759,297.2376267822416,0.0004944170336464291,-3.305906575356097,-3.3055499,0.011164282954846906,0.0024260679204085585,0.010897495324695031,-3.32743185459211,-3.2836678654091105,-3.32743185459211,-3.2836678654091105
calibration,1930,5857788625354206728,-2.4000000000000004,1.1037395013588123e-09,2531.0169366346463,492.6438219382251,36.10636397779454,299.96382807834965,0.0005052696559673471,-3.2964767825882935,-3.28901,0.012461349104643879,0.0026008276971117,0.012186915567690183,-3.3134342921577,-3.2645858036674955,-3.3134342921577,-3.2645858036674955
calibration,1938,13161242281976296834,-1.8,1.1425395479879979e-09,2554.3812528255967,503.27354733950745,40.19858533526689,297.9110382121584,0.0005076141552311307,-3.294466275755712,-3.2903557,0.010452719728544804,0.0027153816928553163,0.010093861400337602,-3.3108430130409947,-3.269868351705099,-3.3108430130409947,-3.269868351705099
calibration,1968,7296031158140813817,-2.6,8.058950792540601e-10,2412.212725535436,472.1154567367515,38.858183000543626,295.7855807653235,0.000517116349775232,-3.286411730831853,-3.2874608,0.012493952838184086,0.002194203198978196,0.01229976893617524,-3.3119489515484366,-3.262972656422755,-3.3119489515484366,-3.262972656422755
calibration,1981,12849312948239067464,-2.0,1.1459805246638944e-09,2630.825732937456,497.4739907663986,41.26661222078493,300.2753689300697,0.0005056475670639024,-3.2961520780372378,-3.291456,0.00979880375173448,0.003158178171804127,0.009275907931323003,-3.310661639469,-3.272250328762201,-3.310661639469,-3.272250328762201
calibration,2000,12849312948239067464,-1.0,1.1459805246638944e-09,2630.825732937456,497.4739907663986,41.26661222078493,300.2753689300697,0.00048355692710305107,-3.3155523909265963,-3.3117561,0.009445285818191628,0.0034753115882942406,0.008782688916839103,-3.3302688942368586,-3.2932433738295477,-3.3302688942368586,-3.2932433738295477
calibration,2006,2804036452383970560,-1.0,9.34880998874723e-10,2658.424632928369,469.5577205631138,37.334947088248434,294.43440760000914,0.00047752977707572454,-3.3209995421609295,-3.3231125,0.013834653014884854,0.0033850656656488616,0.013414133538530382,-3.350228407702143,-3.2959965678837944,-3.350228407702143,-3.2959965678837944
calibration,2016,10395993465976512970,-1.0,9.371440517713595e-10,2524.6000862506294,475.6202290123848,40.994373738605006,302.9961192294562,0.00048557334834492424,-3.3137451583915642,-3.3129158,0.011035198565004222,0.0026534590914000945,0.010711430981674283,-3.3345447911893613,-3.291286812814545,-3.3345447911893613,-3.291286812814545
calibration,2018,6517130074721695667,-2.2,8.688108546297864e-10,2646.5653288453154,498.36187777461095,39.94029005251662,299.6218359156308,0.0005046967339973254,-3.2969695056715627,-3.2928998,0.012433730189269208,0.0027176995186001945,0.012133085199135389,-3.3172699582016074,-3.268529735859672,-3.3172699582016074,-3.268529735859672
calibration,2024,13161242281976296834,-0.2,1.1425395479879979e-09,2554.3812528255967,503.27354733950745,40.19858533526689,297.9110382121584,0.00045599104617137325,-3.341043685047281,-3.3391628,0.009798936671222653,0.0038313873785866255,0.00901884771366335,-3.3583687424136826,-3.3199569106624893,-3.3583687424136826,-3.3199569106624893
calibration,2025,7296031158140813817,-2.0,8.058950792540601e-10,2412.212725535436,472.1154567367515,38.858183000543626,295.7855807653235,0.0005083451211286586,-3.2938413402530395,-3.2952933,0.012817439738736974,0.002103762282768951,0.012643613434682996,-3.3204155130341646,-3.270171149258316,-3.3204155130341646,-3.270171149258316
calibration,2028,2804036452383970560,-0.6000000000000001,9.34880998874723e-10,2658.424632928369,469.5577205631138,37.334947088248434,294.43440760000914,0.00046398663140633824,-3.3334945323548144,-3.3355887,0.013353437237429228,0.0037579996278788485,0.012813732836868883,-3.361761430604136,-3.309415956633413,-3.361761430604136,-3.309415956633413
calibration,2034,18026431441542812131,-1.2000000000000002,1.0308127820747194e-09,2437.7200106987866,482.5972990901911,40.648465379108416,299.4728047413536,0.0005077866023215827,-3.2943187619391887,-3.2978442,0.010933015865074655,0.002290255240535186,0.01069044252218926,-3.319272882619594,-3.2764154604285016,-3.319272882619594,-3.2764154604285016
calibration,2052,3779633422659776445,-0.4,1.0976147775803618e-09,2495.918019735696,486.14991613464105,39.05845567786759,297.2376267822416,0.00046700372416902863,-3.330679656094252,-3.3311448,0.010777294949576985,0.0031216313850209055,0.01031530459291302,-3.352268307824071,-3.3100213116217296,-3.352268307824071,-3.3100213116217296
calibration,2054,689847661215077168,-1.2000000000000002,9.136850961862703e-10,2400.1705034771794,499.3175315176618,39.85562670167986,300.93280864091923,0.0004923644657048399,-3.307713297952693,-3.3044205,0.012265930468303288,0.0022448119567403673,0.012058766337292198,-3.3284616949092807,-3.280379247473532,-3.3284616949092807,-3.280379247473532
calibration,2058,7464429288297915064,-2.6,9.32148229008894e-10,2545.124905053194,512.7371789301767,40.07870713980076,299.5411124372077,0.0005140327825200178,-3.2890091829238974,-3.2856178,0.011872801852567132,0.00234596469931616,0.011638723211996858,-3.3088885200001723,-3.262347136738109,-3.3088885200001723,-3.262347136738109
calibration,2069,18026431441542812131,-1.6,1.0308127820747194e-09,2437.7200106987866,482.5972990901911,40.648465379108416,299.4728047413536,0.0005170933251950971,-3.28643106820288,-3.2903035,0.010947448087673575,0.002222576617995748,0.01071945742954884,-3.3117604669560636,-3.2688464704523836,-3.3117604669560636,-3.2688464704523836
calibration,2072,14934561482547682078,0.0,1.013177684158949e-09,2549.0982526102403,506.5025106580401,39.7132385315927,304.62183232922587,0.0004420545291213,-3.354524155456769,-3.360882,0.010043332428004243,0.004255626913814363,0.009097151461278829,-3.3805669753973895,-3.3411971122796125,-3.3805669753973895,-3.3411971122796125
calibration,2073,16501516911797089168,-3.0,1.0727510291740675e-09,2408.6350240081065,515.7307920217833,36.322106531247385,300.55707391972635,0.0005094649849377745,-3.2928856592942033,-3.2867599,0.012725777919919372,0.0027571906069900564,0.012423498762271078,-3.3117023780860793,-3.261817328639995,-3.3117023780860793,-3.261817328639995
calibration,2104,13161242281976296834,-1.2000000000000002,1.1425395479879979e-09,2554.3812528255967,503.27354733950745,40.19858533526689,297.9110382121584,0.0004946742779030802,-3.3056806715140974,-3.3021333,0.010050547189867276,0.002834064120671263,0.009642695547981936,-3.321832394254225,-3.282434249269945,-3.321832394254225,-3.282434249269945
calibration,2107,3212080770719938515,-1.2000000000000002,9.297325788733188e-10,2376.6983706631413,516.0358029995954,38.08606385532588,297.3563844788412,0.0005063659746367758,-3.295535484515098,-3.3063364,0.01340894225659134,0.0025113437000095573,0.013171669499995667,-3.3326179297159855,-3.2800548760701473,-3.3326179297159855,-3.2800548760701473
calibration,2128,12849312948239067464,-0.2,1.1459805246638944e-09,2630.825732937456,497.4739907663986,41.26661222078493,300.2753689300697,0.0004502911161650484,-3.346506621188426,-3.3439603,0.009731819751596427,0.004503074758437292,0.008627318180094535,-3.3630346518998966,-3.3248859184736386,-3.3630346518998966,-3.3248859184736386
calibration,2137,3483175946691254694,-2.8000000000000003,8.89459518994858e-10,2383.601346469497,502.4892009812192,38.55163090195673,309.2198732722366,0.0005211418536840515,-3.2830440465912365,-3.2838316,0.010991615141966483,0.002901570352707007,0.010601720450630354,-3.305375162052766,-3.2622880306962574,-3.305375162052766,-3.2622880306962574
calibration,2144,16501516911797089168,-2.6,1.0727510291740675e-09,2408.6350240081065,515.7307920217833,36.322106531247385,300.55707391972635,0.0005047871152618035,-3.296891739029602,-3.2910295,0.013042439371018745,0.002578479005707117,0.012785016829678137,-3.3165926344447847,-3.265466272110391,-3.3165926344447847,-3.265466272110391
calibration,2152,10395993465976512970,-0.6000000000000001,9.371440517713595e-10,2524.6000862506294,475.6202290123848,40.994373738605006,302.9961192294562,0.00047181098846963706,-3.326231948621778,-3.325897,0.010939099799210908,0.0030263345218250115,0.010512145535248867,-3.3473376139847493,-3.3044563427718425,-3.3473376139847493,-3.3044563427718425
calibration,2157,4552925917595615164,0.0,1.0160850161999514e-09,2298.443581617521,494.46825331908406,37.50931802222772,308.1655826328421,0.0004341353619695,-3.3623748377900897,-3.3588858,0.010170721925693188,0.004564183312367241,0.009089103422421422,-3.3788203800500423,-3.338951150101325,-3.3788203800500423,-3.338951150101325
calibration,2164,2033506848451370756,-1.6,8.762920771795992e-10,2597.67569731618,502.646286170094,38.978559546027874,295.06946514256083,0.0004911163168917092,-3.308815636590629,-3.301282,0.013120610873864265,0.002227838407988159,0.012930087992884955,-3.326998326328887,-3.2755655317033394,-3.326998326328887,-3.2755655317033394
calibration,2166,689847661215077168,-2.8000000000000003,9.136850961862703e-10,2400.1705034771794,499.3175315176618,39.85562670167986,300.93280864091923,0.0005201573090858612,-3.2838652945646984,-3.2802997,0.011268730683821102,0.002254028101505879,0.011040998442772353,-3.3023863756839904,-3.258212951403412,-3.3023863756839904,-3.258212951403412
calibration,2169,13161242281976296834,-2.4000000000000004,1.1425395479879979e-09,2554.3812528255967,503.27354733950745,40.19858533526689,297.9110382121584,0.0005171598047193531,-3.2863752372080324,-3.282204,0.01023052085156963,0.002682967217774156,0.009872448570081818,-3.3022557336040617,-3.262152091865909,-3.3022557336040617,-3.262152091865909
calibration,2200,11723817789070393620,0.0,1.058962492367367e-09,2306.068264987093,513.3151002778768,40.55455133934368,303.4784744400111,0.0004552753702759,-3.3417258437453925,-3.3502293,0.010129338084033311,0.004323873986449154,0.009160109417833538,-3.3700827659503694,-3.3303757606609588,-3.3700827659503694,-3.3303757606609588
calibration,2210,3212080770719938515,-0.2,9.297325788733188e-10,2376.6983706631413,516.0358029995954,38.08606385532588,297.3563844788412,0.000467606711238745,-3.330119264334326,-3.341313,0.011929425554528169,0.0035066124409630817,0.011402407205828732,-3.364694559371299,-3.3179312111975485,-3.364694559371299,-3.3179312111975485
calibration,2213,2033506848451370756,-1.4,8.762920771795992e-10,2597.67569731618,502.646286170094,38.978559546027874,295.06946514256083,0.00048685859978785687,-3.3125971542857444,-3.3053079,0.013024319138661727,0.002316057983157138,0.012816738031794343,-3.3308355306545994,-3.279780199631045,-3.3308355306545994,-3.279780199631045
calibration,2232,2033506848451370756,-0.6000000000000001,8.762920771795992e-10,2597.67569731618,502.646286170094,38.978559546027874,295.06946514256083,0.0004633479556475977,-3.334092748803278,-3.3276947,0.0119935980038682,0.002890836260639395,0.011639994381112162,-3.351202106552303,-3.30418720237714,-3.351202106552303,-3.30418720237714
calibration,2235,11723817789070393620,-1.8,1.058962492367367e-09,2306.068264987093,513.3151002778768,40.55455133934368,303.4784744400111,0.0005212555224760086,-3.282949330832283,-3.2879443,0.010597265286262862,0.0025439583977207424,0.01028738542793309,-3.308714956825089,-3.2671736769029383,-3.308714956825089,-3.2671736769029383
calibration,2236,11723817789070393620,-0.8,1.058962492367367e-09,2306.068264987093,513.3151002778768,40.55455133934368,303.4784744400111,0.0004967353774616633,-3.303874908478199,-3.3101501,0.010498131637942668,0.0028850805769142854,0.010093913353640085,-3.330726484494743,-3.289573808474007,-3.330726484494743,-3.289573808474007
calibration,2243,13161242281976296834,-1.6,1.1425395479879979e-09,2554.3812528255967,503.27354733950745,40.19858533526689,297.9110382121584,0.0005037764398938007,-3.2977621470073624,-3.2937431,0.010358510848469095,0.002732374639756179,0.009991640241469833,-3.3140458148079213,-3.2734404522819225,-3.3140458148079213,-3.2734404522819225
calibration,2245,4552925917595615164,-1.4,1.0160850161999514e-09,2298.443581617521,494.46825331908406,37.50931802222772,308.1655826328421,0.0004895184770627715,-3.310230910939581,-3.3049598,0.011175355080739765,0.002937578376996295,0.01078235601090071,-3.326863469975584,-3.283056078059084,-3.326863469975584,-3.283056078059084
calibration,2247,5857788625354206728,-0.6000000000000001,1.1037395013588123e-09,2531.0169366346463,492.6438219382251,36.10636397779454,299.96382807834965,0.00046451609969643405,-3.3329992291662447,-3.326683,0.01198201174269622,0.003046161453904514,0.011588333906333811,-3.350167787449278,-3.3031983014179094,-3.350167787449278,-3.3031983014179094
calibration,2267,2804036452383970560,-2.0,9.34880998874723e-10,2658.424632928369,469.5577205631138,37.334947088248434,294.43440760000914,0.0004995261765399783,-3.301441748621188,-3.3024638,0.014654334437245682,0.003047769644767746,0.014333897263020383,-3.331186265409721,-3.2737412744157184,-3.331186265409721,-3.2737412744157184
calibration,2269,5857788625354206728,0.0,1.1037395013588123e-09,2531.0169366346463,492.6438219382251,36.10636397779454,299.96382807834965,0.000431249126152,-3.365271771936638,-3.3579383,0.010721474837008903,0.004262784999347413,0.00983761556756233,-3.3789523803228714,-3.3369241989617966,-3.3789523803228714,-3.3369241989617966
calibration,2282,689847661215077168,0.0,9.136850961862703e-10,2400.1705034771794,499.3175315176618,39.85562670167986,300.93280864091923,0.0004397447068302,-3.3567993794049436,-3.3547316,0.011010079480612675,0.004074234319707823,0.010228511540728135,-3.376311315535419,-3.333151803971417,-3.376311315535419,-3.333151803971417
calibration,2292,16501516911797089168,-0.2,1.0727510291740675e-09,2408.6350240081065,515.7307920217833,36.322106531247385,300.55707391972635,0.0004440714369881276,-3.3525471600786902,-3.3485112,0.01170580774514881,0.003913633167367797,0.011032198767824474,-3.3714546022051497,-3.3255678358441667,-3.3714546022051497,-3.3255678358441667
calibration,2312,689847661215077168,-2.0,9.136850961862703e-10,2400.1705034771794,499.3175315176618,39.85562670167986,300.93280864091923,0.0005087909455040892,-3.2934606260400674,-3.2901478,0.012143585163982718,0.0021549612502888785,0.011950849207261263,-3.3139492082934763,-3.2663463544506643,-3.3139492082934763,-3.2663463544506643
calibration,2336,3483175946691254694,-1.6,8.89459518994858e-10,2383.601346469497,502.4892009812192,38.55163090195673,309.2198732722366,0.0005022343086922542,-3.2990936230313244,-3.2990992,0.011592116376641879,0.0028831306412756283,0.011227854904976417,-3.3218197550226565,-3.2763786588262205,-3.3218197550226565,-3.2763786588262205
calibration,2342,18026431441542812131,0.0,1.0308127820747194e-09,2437.7200106987866,482.5972990901911,40.648465379108416,299.4728047413536,0.0004538819519842,-3.343057086059764,-3.3473518,0.010516272111846107,0.003910621899978411,0.009762121346590233,-3.3679636828137056,-3.326739896135269,-3.3679636828137056,-3.326739896135269
calibration,2350,16501516911797089168,-0.4,1.0727510291740675e-09,2408.6350240081065,515.7307920217833,36.322106531247385,300.55707391972635,0.0004542560175064407,-3.342699310904832,-3.3386369,0.012127490435704335,0.0034820284081152906,0.011616862341861045,-3.3624067564065685,-3.3148669938986073,-3.3624067564065685,-3.3148669938986073
calibration,2353,5857788625354206728,-1.4,1.1037395013588123e-09,2531.0169366346463,492.6438219382251,36.10636397779454,299.96382807834965,0.00048790099523884163,-3.3116682959965753,-3.3047879,0.012502726873839829,0.0026889892465142688,0.012210139368618412,-3.3292932188945277,-3.280282529549076,-3.3292932188945277,-3.280282529549076
calibration,2356,689847661215077168,-1.4,9.136850961862703e-10,2400.1705034771794,499.3175315176618,39.85562670167986,300.93280864091923,0.0004971727897359713,-3.303492648314569,-3.3001585,0.012074054102586556,0.002236073512470416,0.011865191031112441,-3.3238236467124564,-3.276493354630317,-3.3238236467124564,-3.276493354630317
calibration,2361,3212080770719938515,-0.6000000000000001,9.297325788733188e-10,2376.6983706631413,516.0358029995954,38.08606385532588,297.3563844788412,0.00048726431883382344,-3.3122353897698162,-3.3232524,0.012591360557312694,0.0028465801435422293,0.012265370452185611,-3.3479315061912343,-3.2985733728065685,-3.3479315061912343,-3.2985733728065685
calibration,2376,7464429288297915064,-2.2,9.32148229008894e-10,2545.124905053194,512.7371789301767,40.07870713980076,299.5411124372077,0.0005083787794081707,-3.293812585927386,-3.2909298,0.01234783046399975,0.002307185269962587,0.012130367434169122,-3.315131542020963,-3.266728046602084,-3.315131542020963,-3.266728046602084
calibration,2379,3779633422659776445,-2.4000000000000004,1.0976147775803618e-09,2495.918019735696,486.14991613464105,39.05845567786759,297.2376267822416,0.0005168349206944051,-3.2866481502906018,-3.28577,0.01143296249487103,0.002324752233384068,0.011194112247090864,-3.3081785459125546,-3.2633613329326603,-3.3081785459125546,-3.2633613329326603
calibration,2390,6517130074721695667,0.0,8.688108546297864e-10,2646.5653288453154,498.36187777461095,39.94029005251662,299.6218359156308,0.000431094223638,-3.3654277963503545,-3.3632984,0.011186865098753556,0.004503538964568571,0.010240316410601474,-3.3852246717312524,-3.341372160544138,-3.3852246717312524,-3.341372160544138
calibration,2393,3212080770719938515,-2.6,9.297325788733188e-10,2376.6983706631413,516.0358029995954,38.08606385532588,297.3563844788412,0.0005319474885229405,-3.27413123719802,-3.2845838,0.012773236249660506,0.00268036938397044,0.012488842522430732,-3.309619350040912,-3.2595482639422424,-3.309619350040912,-3.2595482639422424
calibration,2404,3483175946691254694,-1.2000000000000002,8.89459518994858e-10,2383.601346469497,502.4892009812192,38.55163090195673,309.2198732722366,0.0004930335962568055,-3.3071234860537766,-3.3070202,0.011217419713077638,0.003072082778252589,0.010788549249387642,-3.3290063300155617,-3.2850340447402977,-3.3290063300155617,-3.2850340447402977
calibration,2410,5857788625354206728,-1.2000000000000002,1.1037395013588123e-09,2531.0169366346463,492.6438219382251,36.10636397779454,299.96382807834965,0.0004831469766425675,-3.315920733772476,-3.309236,0.012120279047432373,0.0026691854235335977,0.011822716170100417,-3.332991796585067,-3.285480302719132,-3.332991796585067,-3.285480302719132
calibration,2414,2804036452383970560,-1.2000000000000002,9.34880998874723e-10,2658.424632928369,469.5577205631138,37.334947088248434,294.43440760000914,0.0004830053146873749,-3.3160480905182577,-3.3178942,0.014047660205629775,0.003268862995949169,0.013662037155306915,-3.3454276343552074,-3.2903608063491383,-3.3454276343552074,-3.2903608063491383
calibration,2420,10395993465976512970,-0.8,9.371440517713595e-10,2524.6000862506294,475.6202290123848,40.994373738605006,302.9961192294562,0.00047922942113633556,-3.319456527336329,-3.3188732,0.010858124167467719,0.0028173309402828167,0.010486253223783997,-3.3401550904062005,-3.2975912436697272,-3.3401550904062005,-3.2975912436697272
calibration,2422,16501516911797089168,-1.0,1.0727510291740675e-09,2408.6350240081065,515.7307920217833,36.322106531247385,300.55707391972635,0.00047539947495236584,-3.322941302257431,-3.3187695,0.013214214531701955,0.0027608565197266427,0.012922582427471659,-3.3446693154381903,-3.292869594473919,-3.3446693154381903,-3.292869594473919
calibration,2431,5857788625354206728,-2.6,1.1037395013588123e-09,2531.0169366346463,492.6438219382251,36.10636397779454,299.96382807834965,0.0005079276580584628,-3.294198137998084,-3.2866256,0.012360528660788515,0.002656198616028765,0.01207175601234944,-3.3108522598781485,-3.2623989875278574,-3.3108522598781485,-3.2623989875278574
calibration,2451,5857788625354206728,-0.4,1.1037395013588123e-09,2531.0169366346463,492.6438219382251,36.10636397779454,299.96382807834965,0.0004559202971965328,-3.3411110729346203,-3.334495,0.011404621631007306,0.0033330863865143638,0.010906691733952782,-3.35684812599321,-3.312142009199661,-3.35684812599321,-3.312142009199661
calibration,2458,18026431441542812131,-1.4,1.0308127820747194e-09,2437.7200106987866,482.5972990901911,40.648465379108416,299.4728047413536,0.0005127154474370662,-3.290123597645199,-3.2937863,0.010804886201504877,0.0022245584340700197,0.010573405226058766,-3.3149638642626886,-3.27260871035279,-3.3149638642626886,-3.27260871035279
calibration,2467,3483175946691254694,-2.2,8.89459518994858e-10,2383.601346469497,502.4892009812192,38.55163090195673,309.2198732722366,0.0005129115808103835,-3.289957495074886,-3.2905536,0.011324932012180131,0.0028151902280691317,0.01096944727504327,-3.3127504365375744,-3.268356703049828,-3.3127504365375744,-3.268356703049828
calibration,2470,2804036452383970560,-1.8,9.34880998874723e-10,2658.424632928369,469.5577205631138,37.334947088248434,294.43440760000914,0.00049603390776742,-3.3044886350965847,-3.3057125,0.014902920868854851,0.0031502856554950637,0.014566150116103389,-3.3349221863745133,-3.276502736568602,-3.3349221863745133,-3.276502736568602
calibration,2474,3212080770719938515,-1.4,9.297325788733188e-10,2376.6983706631413,516.0358029995954,38.08606385532588,297.3563844788412,0.0005112334975560992,-3.291380697636916,-3.3021157,0.013434840640520137,0.0025435700973885462,0.013191859767833446,-3.328447966442651,-3.275783391131812,-3.328447966442651,-3.275783391131812
calibration,2493,13161242281976296834,-2.0,1.1425395479879979e-09,2554.3812528255967,503.27354733950745,40.19858533526689,297.9110382121584,0.0005110848711005003,-3.2915069746401766,-3.28738,0.01047190938927112,0.002700133567256034,0.010117813896937026,-3.3079049224902515,-3.266855037684309,-3.3079049224902515,-3.266855037684309
calibration,2495,6517130074721695667,-3.0,8.688108546297864e-10,2646.5653288453154,498.36187777461095,39.94029005251662,299.6218359156308,0.0005154107696434564,-3.287846510992993,-3.283244,0.011574792311777462,0.002632982068321337,0.011271344542182402,-3.3059304875081104,-3.2605573016459424,-3.3059304875081104,-3.2605573016459424
calibration,2496,3779633422659776445,-2.2,1.0976147775803618e-09,2495.918019735696,486.14991613464105,39.05845567786759,297.2376267822416,0.0005139301638847251,-3.289095891705283,-3.2882757,0.01147152264080503,0.0023275403377241515,0.011232915966300144,-3.310759903064943,-3.265791534312987,-3.310759903064943,-3.265791534312987
calibration,2502,2033506848451370756,-2.6,8.762920771795992e-10,2597.67569731618,502.646286170094,38.978559546027874,295.06946514256083,0.000507126385714321,-3.2948837925836276,-3.2862067,0.01226422747953098,0.002293885393206427,0.012047795419131448,-3.3102446081194024,-3.2621688363996406,-3.3102446081194024,-3.2621688363996406
calibration,2513,2033506848451370756,-3.0,8.762920771795992e-10,2597.67569731618,502.646286170094,38.978559546027874,295.06946514256083,0.0005119827397144783,-3.2907446799872795,-3.2819955,0.01165506488714159,0.0023281578735695778,0.011420167138659438,-3.3048394620756483,-3.259151607718053,-3.3048394620756483,-3.259151607718053
calibration,2520,12849312948239067464,-2.2,1.1459805246638944e-09,2630.825732937456,497.4739907663986,41.26661222078493,300.2753689300697,0.000508850609876522,-3.293409700628057,-3.2886677,0.009838423879982783,0.0031116040602825303,0.009333407417525901,-3.307950989637774,-3.2693843680282417,-3.307950989637774,-3.2693843680282417
calibration,2523,16501516911797089168,-2.4000000000000004,1.0727510291740675e-09,2408.6350240081065,515.7307920217833,36.322106531247385,300.55707391972635,0.0005021906237922555,-3.2991314000924277,-3.2935119,0.013242915695091992,0.002522548745390589,0.013000444909375136,-3.3194679822855737,-3.267555752760813,-3.3194679822855737,-3.267555752760813
calibration,2525,14934561482547682078,-0.2,1.013177684158949e-09,2549.0982526102403,506.5025106580401,39.7132385315927,304.62183232922587,0.0004568857855278229,-3.340192353353485,-3.3469796,0.01012571552194198,0.0036354944153415445,0.009450570885962425,-3.366826020495516,-3.3271332156495035,-3.366826020495516,-3.3271332156495035
calibration,2528,7464429288297915064,-2.0,9.32148229008894e-10,2545.124905053194,512.7371789301767,40.07870713980076,299.5411124372077,0.0005051848427595515,-3.2965496882129823,-3.2938619,0.012368885720587966,0.002227367285995186,0.012166682117886704,-3.318104882009667,-3.269618849984962,-3.318104882009667,-3.269618849984962
calibration,2538,7296031158140813817,-2.2,8.058950792540601e-10,2412.212725535436,472.1154567367515,38.858183000543626,295.7855807653235,0.0005115102787278637,-3.2911456347769623,-3.2925527,0.012682173580616997,0.0021423841654195394,0.012499907901141452,-3.317409769797477,-3.2676956493614586,-3.317409769797477,-3.2676956493614586
calibration,2554,5857788625354206728,-1.0,1.1037395013588123e-09,2531.0169366346463,492.6438219382251,36.10636397779454,299.96382807834965,0.0004777784224903496,-3.320773467823852,-3.3143027,0.011940852582201629,0.0027030017943840386,0.011630895131277238,-3.337706753937702,-3.290898611815472,-3.337706753937702,-3.290898611815472
calibration,2559,689847661215077168,-2.4000000000000004,9.136850961862703e-10,2400.1705034771794,499.3175315176618,39.85562670167986,300.93280864091923,0.000514919959356678,-3.288260273699147,-3.2849193,0.01182191055655282,0.0022043489367631402,0.011614577745988211,-3.3080902066232167,-3.2617483172415294,-3.3080902066232167,-3.2617483172415294
id_test,8,14547390297170085011,-2.8000000000000003,1.0191682032973931e-09,2560.240612715575,475.6482256289376,41.11142736058992,291.8506686301862,0.0005221284694972311,-3.282222625869037,-3.2815726,0.010472928213774362,0.002473761558126848,0.010176577130354872,-3.3020995196365224,-3.2610456410385265,-3.3020995196365224,-3.2610456410385265
id_test,13,17451691503515762550,-2.6,1.08604047901988e-09,2575.5622449220923,476.6697423761544,40.75046782180591,305.2870639056014,0.0005224094354191619,-3.281988987717916,-3.281512,0.00988821606002638,0.0027500622090584253,0.009498102759988893,-3.3008929254960844,-3.262131118540781,-3.3008929254960844,-3.262131118540781
id_test,15,380264510751012186,-0.4,9.89963136259949e-10,2542.7024133885266,503.0087467521194,39.0211226249472,305.0510216058231,0.00045870997626210313,-3.3384618145040172,-3.3368876,0.010617317236866756,0.003247905910861102,0.01010833950377508,-3.3576975398219786,-3.316077656253461,-3.3576975398219786,-3.316077656253461
id_test,16,833253205382390921,-1.8,1.0147448677929011e-09,2607.8117384734032,505.1107398178068,40.31257836583995,298.21936914217434,0.000510280019678387,-3.2921914363969558,-3.2916899,0.011428706372376685,0.0024962193852025565,0.011152768213805618,-3.3140901372315574,-3.269289608251841,-3.3140901372315574,-3.269289608251841
id_test,46,12823118457006761398,-2.8000000000000003,1.0941860864671191e-09,2539.112215454232,503.69324532533454,39.339075937042885,294.39428351617613,0.0005271956005623655,-3.278028222578425,-3.276563,0.010670211771258637,0.002359494823662871,0.010406064988196627,-3.2974765442251095,-3.2556493140817753,-3.2974765442251095,-3.2556493140817753
id_test,78,9184494546452176042,0.0,9.50582857470194e-10,2403.738957653681,492.6388454667692,37.10727035463277,300.4554170460457,0.0004443704890668,-3.3522547905525224,-3.3565829,0.011514693811013974,0.004083973202409685,0.010766118917079157,-3.379151679889729,-3.334014080150554,-3.379151679889729,-3.334014080150554
id_test,98,9184494546452176042,-1.4,9.50582857470194e-10,2403.738957653681,492.6388454667692,37.10727035463277,300.4554170460457,0.0005014888189072165,-3.2997387454771223,-3.3029175,0.013295798759274233,0.0022752102051183383,0.013099682464300296,-3.3289772460369274,-3.2768577149005726,-3.3289772460369274,-3.2768577149005726
id_test,110,779010489516208886,-2.0,9.16382362452114e-10,2549.3338723326283,483.7915671011157,41.484417545989686,302.7283665488111,0.0005083297901445709,-3.29385443817002,-3.2921875,0.01121211642791506,0.002754870419731429,0.010868405523613692,-3.3141632005149977,-3.2702117041175707,-3.3141632005149977,-3.2702117041175707
id_test,111,15180030701036252205,-1.8,1.0025105539620802e-09,2526.9743060678943,509.1946075584183,40.75166342427999,301.0515477079729,0.0005100992856128824,-3.2923452846919075,-3.2906477,0.011106558787478724,0.0022420614679407183,0.010877904206631345,-3.312416600355905,-3.268878889908988,-3.312416600355905,-3.268878889908988
id_test,122,12823118457006761398,-1.0,1.0941860864671191e-09,2539.112215454232,503.69324532533454,39.339075937042885,294.39428351617613,0.0004940958488375093,-3.3061887948345996,-3.3049028,0.010656943437578986,0.0024388509630127423,0.010374123827942635,-3.3257904011145834,-3.284015182839274,-3.3257904011145834,-3.284015182839274
id_test,127,17451691503515762550,-2.0,1.08604047901988e-09,2575.5622449220923,476.6697423761544,40.75046782180591,305.2870639056014,0.0005132537575358329,-3.2896678624715365,-3.288804,0.010090453398638344,0.00272867262959514,0.009714503783350578,-3.308581342921585,-3.2690267655989227,-3.308581342921585,-3.2690267655989227
id_test,128,380264510751012186,-2.2,9.89963136259949e-10,2542.7024133885266,503.0087467521194,39.0211226249472,305.0510216058231,0.000506482486580175,-3.2954355673088136,-3.292622,0.011796384617078189,0.0022374948063883507,0.011582241200860776,-3.31574300323546,-3.269501175536513,-3.31574300323546,-3.269501175536513
id_test,138,3134241803077969267,0.0,1.0942344693420075e-09,2360.838758300681,491.3731844386217,39.51420947268076,305.7035776891924,0.0004495261188244,-3.3472450693773252,-3.3493295,0.009894833021551747,0.004206008136351783,0.008956406591260617,-3.3687233443103763,-3.329935598865893,-3.3687233443103763,-3.329935598865893
id_test,143,14547390297170085011,-1.2000000000000002,1.0191682032973931e-09,2560.240612715575,475.6482256289376,41.11142736058992,291.8506686301862,0.0004943603930770455,-3.3059563311172973,-3.307079,0.011120836499606622,0.00260969028953304,0.010810296766863492,-3.3288759163061967,-3.285282237227739,-3.3288759163061967,-3.285282237227739
id_test,166,3134241803077969267,-2.4000000000000004,1.0942344693420075e-09,2360.838758300681,491.3731844386217,39.51420947268076,305.7035776891924,0.0005252515136312829,-3.2796326874022257,-3.283937,0.010423764196388064,0.002554935388345419,0.010105798514980897,-3.304367555211395,-3.263506399561554,-3.304367555211395,-3.263506399561554
id_test,180,9184494546452176042,-0.6000000000000001,9.50582857470194e-10,2403.738957653681,492.6388454667692,37.10727035463277,300.4554170460457,0.00047796825300478173,-3.320600948581855,-3.3243592,0.012540508394954797,0.002606294601441188,0.012266686152703045,-3.3489385749972023,-3.2997797820889794,-3.3489385749972023,-3.2997797820889794
id_test,193,12823118457006761398,-2.2,1.0941860864671191e-09,2539.112215454232,503.69324532533454,39.339075937042885,294.39428351617613,0.000519120756775787,-3.2847316057330507,-3.2830822,0.011202996936533715,0.002363445636165348,0.010950856764091048,-3.3050401207760016,-3.2611243727847894,-3.3050401207760016,-3.2611243727847894
id_test,198,15180030701036252205,-2.4000000000000004,1.0025105539620802e-09,2526.9743060678943,509.1946075584183,40.75166342427999,301.0515477079729,0.0005199239250116059,-3.2840601974511103,-3.2821531,0.010652650880301083,0.0022929033408458505,0.01040295926025727,-3.3030323253030267,-3.2612739338522467,-3.3030323253030267,-3.2612739338522467
id_test,208,128968913270984251,-1.2000000000000002,1.25959298622376e-09,2354.3009197629594,499.1918367180637,40.77134716523017,305.22981462209646,0.0005032564669798712,-3.2982106356034864,-3.2999232,0.008682687580895618,0.004114269062298671,0.007646034998282217,-3.316941249192369,-3.282905113875258,-3.316941249192369,-3.282905113875258
id_test,211,17451691503515762550,-2.8000000000000003,1.08604047901988e-09,2575.5622449220923,476.6697423761544,40.75046782180591,305.2870639056014,0.0005250157810999656,-3.2798276422290376,-3.2794294,0.009743248128706314,0.002797772546052513,0.009332917572102487,-3.298526202062245,-3.260332669397716,-3.298526202062245,-3.260332669397716
id_test,238,14547390297170085011,-2.0,1.0191682032973931e-09,2560.240612715575,475.6482256289376,41.11142736058992,291.8506686301862,0.0005108523385558564,-3.2917046141855235,-3.2919376,0.0111614626327121,0.002546660306808979,0.010867049340003414,-3.3138140564055014,-3.27006112288527,-3.3138140564055014,-3.27006112288527
id_test,253,9184494546452176042,-1.6,9.50582857470194e-10,2403.738957653681,492.6388454667692,37.10727035463277,300.4554170460457,0.0005057334301874155,-3.296078337516244,-3.2990725,0.013068401178459664,0.002205806328105528,0.012880896986770094,-3.32468657035336,-3.2734584377337983,-3.32468657035336,-3.2734584377337983
id_test,268,14547390297170085011,-1.6,1.0191682032973931e-09,2560.240612715575,475.6482256289376,41.11142736058992,291.8506686301862,0.0005034896781359461,-3.298009428336879,-3.2986388,0.011188682789622257,0.0024991071791587685,0.010906011617993,-3.320568638915853,-3.276709002380534,-3.320568638915853,-3.276709002380534
id_test,275,3134241803077969267,-1.0,1.0942344693420075e-09,2360.838758300681,491.3731844386217,39.51420947268076,305.7035776891924,0.0004973363925898388,-3.303349760106874,-3.3065002,0.01043330471193499,0.002803476613834246,0.010049595162467225,-3.3269494736923018,-3.2860509192215166,-3.3269494736923018,-3.2860509192215166
id_test,277,7136007211031035799,-0.6000000000000001,1.0511173572717443e-09,2495.130349883853,523.8477826070769,41.27631172344517,301.59948365785385,0.0004730535946917908,-3.325089653003559,-3.3228898,0.010543698732529768,0.0033004947979020103,0.010013806084238403,-3.343555454355846,-3.3022241553243297,-3.343555454355846,-3.3022241553243297
id_test,294,15180030701036252205,0.0,1.0025105539620802e-09,2526.9743060678943,509.1946075584183,40.75166342427999,301.0515477079729,0.0004423526315813,-3.3542313847419325,-3.354474,0.010485334257576437,0.004186190987686384,0.009613429645446725,-3.375025322832838,-3.3339228125431384,-3.375025322832838,-3.3339228125431384
id_test,295,15425818973916266975,-3.0,1.1154637147520875e-09,2350.383805501934,499.6014506673355,39.64774721352306,306.8220229508652,0.0005322851430675079,-3.273855655513973,-3.2791774,0.009944730457636736,0.0028612303001242937,0.009524233246983328,-3.2986690989888383,-3.259685755594902,-3.2986690989888383,-3.259685755594902
id_test,300,833253205382390921,-2.4000000000000004,1.0147448677929011e-09,2607.8117384734032,505.1107398178068,40.31257836583995,298.21936914217434,0.0005200664520825484,-3.2839411603481086,-3.283064,0.0109682449271858,0.002321898006659006,0.010719663218604129,-3.304561648607089,-3.2615661284925204,-3.304561648607089,-3.2615661284925204
id_test,303,12823118457006761398,-2.4000000000000004,1.0941860864671191e-09,2539.112215454232,503.69324532533454,39.339075937042885,294.39428351617613,0.0005220213816336979,-3.282311708232692,-3.2806976,0.011073828881632487,0.0023105961392142554,0.01083008895095497,-3.3024022887602213,-3.258992879544222,-3.3024022887602213,-3.258992879544222
id_test,309,779010489516208886,0.0,9.16382362452114e-10,2549.3338723326283,483.7915671011157,41.484417545989686,302.7283665488111,0.0004373899467562,-3.359131203279368,-3.358366,0.011067194377433554,0.004627568365551456,0.010053278449197824,-3.380057713553012,-3.3366743115934723,-3.380057713553012,-3.3366743115934723
id_test,317,380264510751012186,-2.8000000000000003,9.89963136259949e-10,2542.7024133885266,503.0087467521194,39.0211226249472,305.0510216058231,0.0005146122380040213,-3.2885198900370236,-3.2851157,0.011164533950022539,0.0023888796452833116,0.01090596506243623,-3.306998205383597,-3.2632332322995086,-3.306998205383597,-3.2632332322995086
id_test,339,12823118457006761398,-2.0,1.0941860864671191e-09,2539.112215454232,503.69324532533454,39.339075937042885,294.39428351617613,0.0005159653629349619,-3.2873794518439445,-3.285698,0.01116174803851665,0.0023566382354240595,0.010910126724380603,-3.3075749631672116,-3.263820910856226,-3.3075749631672116,-3.263820910856226
id_test,342,14547390297170085011,-2.2,1.0191682032973931e-09,2560.240612715575,475.6482256289376,41.11142736058992,291.8506686301862,0.0005140362660089819,-3.289006239814119,-3.2890313,0.011015920516191864,0.002529287999592256,0.010721623275015997,-3.3106224713778736,-3.267440062954402,-3.3106224713778736,-3.267440062954402
id_test,345,833253205382390921,-1.2000000000000002,1.0147448677929011e-09,2607.8117384734032,505.1107398178068,40.31257836583995,298.21936914217434,0.0004969681613271223,-3.3036714338076396,-3.3038971,0.011597802901750045,0.002450862127980032,0.011335885387667315,-3.3266288360977083,-3.2811654487228483,-3.3266288360977083,-3.2811654487228483
id_test,346,5355939635520617484,-2.6,1.117839944989197e-09,2400.8118901118505,474.17775422532,39.11984591644459,301.1260229250646,0.0005224383391840109,-3.281964959824306,-3.2836492,0.011242273633211057,0.002501402233163922,0.010960460703150095,-3.3056840624825927,-3.2616143498404053,-3.3056840624825927,-3.2616143498404053
id_test,349,9184494546452176042,-1.0,9.50582857470194e-10,2403.738957653681,492.6388454667692,37.10727035463277,300.4554170460457,0.0004913527875509966,-3.3086065757581222,-3.3120978,0.01323218497661545,0.0021893167209923597,0.013049811342225656,-3.338032870411222,-3.2861627053028895,-3.338032870411222,-3.2861627053028895
id_test,362,3134241803077969267,-2.2,1.0942344693420075e-09,2360.838758300681,491.3731844386217,39.51420947268076,305.7035776891924,0.0005223494963968953,-3.2820388196664294,-3.286154,0.010556237021101799,0.0025436269423980812,0.010245198671598472,-3.3068442563148994,-3.2654638071921807,-3.3068442563148994,-3.2654638071921807
id_test,371,14547390297170085011,-0.2,1.0191682032973931e-09,2560.240612715575,475.6482256289376,41.11142736058992,291.8506686301862,0.0004558278145548354,-3.3411991777534427,-3.3446994,0.011105502853473706,0.003905334470693865,0.010396179691642311,-3.366466168374791,-3.322932597189174,-3.366466168374791,-3.322932597189174
id_test,408,7136007211031035799,-0.4,1.0511173572717443e-09,2495.130349883853,523.8477826070769,41.27631172344517,301.59948365785385,0.000464284416218057,-3.333215893254109,-3.3314188,0.010416201279926573,0.0035539655146628202,0.009791147724159448,-3.3518345071789444,-3.311002998161632,-3.3518345071789444,-3.311002998161632
id_test,410,833253205382390921,-2.6,1.0147448677929011e-09,2607.8117384734032,505.1107398178068,40.31257836583995,298.21936914217434,0.0005228200080064821,-3.28164780058549,-3.2807033,0.010857292239909774,0.002326001980196076,0.010605211442669944,-3.3019835989883433,-3.259423013407897,-3.3019835989883433,-3.259423013407897
id_test,443,128968913270984251,0.0,1.25959298622376e-09,2354.3009197629594,499.1918367180637,40.77134716523017,305.22981462209646,0.0004502219963531,-3.346573290629572,-3.3461006,0.008704343336694353,0.005329215595620503,0.006882227665946596,-3.3631610817112834,-3.3290400558314412,-3.3631610817112834,-3.3290400558314412
id_test,450,779010489516208886,-2.8000000000000003,9.16382362452114e-10,2549.3338723326283,483.7915671011157,41.484417545989686,302.7283665488111,0.0005197784274439159,-3.284181749145288,-3.2818534,0.01040444364032822,0.0027372417195933607,0.010037925910954915,-3.3022461469587494,-3.2614607278886627,-3.3022461469587494,-3.2614607278886627
id_test,464,9184494546452176042,-2.2,9.50582857470194e-10,2403.738957653681,492.6388454667692,37.10727035463277,300.4554170460457,0.0005160785645413245,-3.2872841790907716,-3.2902462,0.013067320279880727,0.002272521959073937,0.0128681974405449,-3.3158581959938056,-3.264634300496673,-3.3158581959938056,-3.264634300496673
id_test,471,128968913270984251,-2.6,1.25959298622376e-09,2354.3009197629594,499.1918367180637,40.77134716523017,305.22981462209646,0.0005282241123873622,-3.277181777991338,-3.2795825,0.008933310312074847,0.00411560567908074,0.007928796582152158,-3.29709178866943,-3.262073212246097,-3.29709178866943,-3.262073212246097
id_test,477,5355939635520617484,-2.4000000000000004,1.117839944989197e-09,2400.8118901118505,474.17775422532,39.11984591644459,301.1260229250646,0.0005197928274538222,-3.284169717560512,-3.2859201,0.011338951307232042,0.0024638118259830903,0.011068037775201139,-3.308144487689616,-3.2636957985652666,-3.308144487689616,-3.2636957985652666
id_test,480,15180030701036252205,-3.0,1.0025105539620802e-09,2526.9743060678943,509.1946075584183,40.75166342427999,301.0515477079729,0.0005276561932063588,-3.2776489600932384,-3.2761297,0.010240764423495615,0.0023750222826027776,0.009961551857431672,-3.2962016208652662,-3.2560578243251634,-3.2962016208652662,-3.2560578243251634
id_test,489,5355939635520617484,-2.2,1.117839944989197e-09,2400.8118901118505,474.17775422532,39.11984591644459,301.1260229250646,0.0005169330444221443,-3.2865657051093486,-3.288301,0.011444463741548037,0.002456832203417661,0.011177643724921886,-3.3107321399917837,-3.2658698421249155,-3.3107321399917837,-3.2658698421249155
id_test,521,15180030701036252205,-2.2,1.0025105539620802e-09,2526.9743060678943,509.1946075584183,40.75166342427999,301.0515477079729,0.0005169247488311222,-3.286572674596697,-3.2846956,0.010805145968017293,0.0023100536657701446,0.010555322103203523,-3.30587371140249,-3.2635175392078617,-3.30587371140249,-3.2635175392078617
id_test,562,15425818973916266975,-2.6,1.1154637147520875e-09,2350.383805501934,499.6014506673355,39.64774721352306,306.8220229508652,0.0005275203033417021,-3.277760820467093,-3.2825081,0.010010555966601236,0.002753777544904192,0.009624341188404637,-3.3021288245364575,-3.2628874451473804,-3.3021288245364575,-3.2628874451473804
id_test,607,779010489516208886,-0.4,9.16382362452114e-10,2549.3338723326283,483.7915671011157,41.484417545989686,302.7283665488111,0.00046305842846044185,-3.3343642064831767,-3.3333871,0.01094605074625224,0.003623614651746445,0.01032886440486115,-3.354841395922005,-3.3119328769966963,-3.354841395922005,-3.3119328769966963
id_test,620,128968913270984251,-2.2,1.25959298622376e-09,2354.3009197629594,499.1918367180637,40.77134716523017,305.22981462209646,0.0005227044429915914,-3.2817438083802855,-3.284226,0.009054220490754094,0.0040380107229491405,0.008103911597995008,-3.301972212866224,-3.2664796685424675,-3.301972212866224,-3.2664796685424675
id_test,627,380264510751012186,0.0,9.89963136259949e-10,2542.7024133885266,503.0087467521194,39.0211226249472,305.0510216058231,0.0004335174212126,-3.3629934453977435,-3.3616683,0.010202578071452207,0.004311666309802017,0.009246735814619548,-3.381665401332424,-3.3416712952923318,-3.381665401332424,-3.3416712952923318
id_test,669,15425818973916266975,-1.8,1.1154637147520875e-09,2350.383805501934,499.6014506673355,39.64774721352306,306.8220229508652,0.0005152997648719414,-3.287940055704735,-3.2920344,0.010303059806764108,0.0027438235957715964,0.009930985098179738,-3.3122283848097585,-3.2718403903672435,-3.3122283848097585,-3.2718403903672435
id_test,684,9184494546452176042,-0.4,9.50582857470194e-10,2403.738957653681,492.6388454667692,37.10727035463277,300.4554170460457,0.0004692747836802189,-3.328572781825779,-3.3323143,0.012036394030750122,0.002934533711055312,0.011673186468935037,-3.3559055851536637,-3.3087229205531234,-3.3559055851536637,-3.3087229205531234
id_test,687,5355939635520617484,-2.8000000000000003,1.117839944989197e-09,2400.8118901118505,474.17775422532,39.11984591644459,301.1260229250646,0.0005248964984299268,-3.2799263243887142,-3.2814925,0.011101290587663279,0.0025517965992135736,0.010804026610500155,-3.303251001246766,-3.2597339421431264,-3.303251001246766,-3.2597339421431264
id_test,689,779010489516208886,-2.4000000000000004,9.16382362452114e-10,2549.3338723326283,483.7915671011157,41.484417545989686,302.7283665488111,0.0005145255651706391,-3.2885930416271054,-3.286683,0.010972509821016926,0.002726457867057461,0.010628376543113549,-3.3081892018297596,-3.265176963331373,-3.3081892018297596,-3.265176963331373
id_test,696,15425818973916266975,-2.2,1.1154637147520875e-09,2350.383805501934,499.6014506673355,39.64774721352306,306.8220229508652,0.0005219439458418089,-3.2823761355394154,-3.2868073,0.010232267697025853,0.0027044578362899977,0.009868394188333482,-3.306862543346449,-3.2667520539741077,-3.306862543346449,-3.2667520539741077
id_test,698,833253205382390921,-2.0,1.0147448677929011e-09,2607.8117384734032,505.1107398178068,40.31257836583995,298.21936914217434,0.0005138421086935966,-3.2891703087424493,-3.2884696,0.011259586227865834,0.002453011948889607,0.010989131504220498,-3.3105383420003913,-3.2664007639871575,-3.3105383420003913,-3.2664007639871575
id_test,733,17451691503515762550,-3.0,1.08604047901988e-09,2575.5622449220923,476.6697423761544,40.75046782180591,305.2870639056014,0.000527439824612764,-3.2778270816783563,-3.2779815,0.009611323849900617,0.0028338198726777703,0.009184062589151176,-3.296819714444902,-3.2591433249532913,-3.296819714444902,-3.2591433249532913
id_test,759,17451691503515762550,-0.4,1.08604047901988e-09,2575.5622449220923,476.6697423761544,40.75046782180591,305.2870639056014,0.0004675754785313038,-3.3301482729973437,-3.3289359,0.009592749532185533,0.003487904866400718,0.008936182587512135,-3.347737650670608,-3.310134072504441,-3.347737650670608,-3.310134072504441
id_test,766,17451691503515762550,-1.2000000000000002,1.08604047901988e-09,2575.5622449220923,476.6697423761544,40.75046782180591,305.2870639056014,0.0004962358903149597,-3.3043118285320427,-3.3030353,0.00989207882180192,0.0029092058013765105,0.00945461514693755,-3.322423733737558,-3.2836467847560944,-3.322423733737558,-3.2836467847560944
id_test,767,15425818973916266975,-2.4000000000000004,1.1154637147520875e-09,2350.383805501934,499.6014506673355,39.64774721352306,306.8220229508652,0.0005248471936303635,-3.2799671206374734,-3.284575,0.010106778205827725,0.00271653579836048,0.009734854634123305,-3.3043842707875726,-3.264765700220728,-3.3043842707875726,-3.264765700220728
id_test,768,15180030701036252205,-0.8,1.0025105539620802e-09,2526.9743060678943,509.1946075584183,40.75166342427999,301.0515477079729,0.0004848567742809111,-3.3143865321724912,-3.3136806,0.01092335255081277,0.002461331393148622,0.010642437670694732,-3.335090419803304,-3.292270877804118,-3.335090419803304,-3.292270877804118
id_test,785,833253205382390921,-0.6000000000000001,1.0147448677929011e-09,2607.8117384734032,505.1107398178068,40.31257836583995,298.21936914217434,0.00047755356512666413,-3.320977908406462,-3.3219895,0.01105367369914184,0.0027186630162098838,0.010714129179812341,-3.3436547367357186,-3.3003243358350822,-3.3436547367357186,-3.3003243358350822
id_test,808,380264510751012186,-2.0,9.89963136259949e-10,2542.7024133885266,503.0087467521194,39.0211226249472,305.0510216058231,0.0005033035106246218,-3.2981700403169794,-3.2954235,0.011918558542972385,0.0022233059883851555,0.011709352714645523,-3.3187838824346554,-3.272063132946204,-3.3187838824346554,-3.272063132946204
id_test,815,5355939635520617484,-0.2,1.117839944989197e-09,2400.8118901118505,474.17775422532,39.11984591644459,301.1260229250646,0.00045942465800003033,-3.3377856992890917,-3.3408625,0.010194832981072918,0.0036636112727581973,0.009513809525294188,-3.360844385231404,-3.320880639945598,-3.360844385231404,-3.320880639945598
id_test,821,128968913270984251,-1.6,1.25959298622376e-09,2354.3009197629594,499.1918367180637,40.77134716523017,305.22981462209646,0.0005122907582266233,-3.290483478766219,-3.2925358,0.008776078702495877,0.003994363876399279,0.007814384614592603,-3.3097368961172435,-3.2753346676034596,-3.3097368961172435,-3.2753346676034596
id_test,835,3134241803077969267,-0.2,1.0942344693420075e-09,2360.838758300681,491.3731844386217,39.51420947268076,305.7035776891924,0.00046409458664044897,-3.3333934973122625,-3.3363926,0.009690564106397223,0.0036307349530595072,0.008984698200694714,-3.3553861467160435,-3.3173991354189662,-3.3553861467160435,-3.3173991354189662
id_test,842,128968913270984251,-0.2,1.25959298622376e-09,2354.3009197629594,499.1918367180637,40.77134716523017,305.22981462209646,0.0004646915623255115,-3.332835213186591,-3.3335989,0.008415047106921161,0.004934528718168955,0.006816409578882451,-3.3500923444871584,-3.317105359828027,-3.3500923444871584,-3.317105359828027
id_test,848,15425818973916266975,-0.4,1.1154637147520875e-09,2350.383805501934,499.6014506673355,39.64774721352306,306.8220229508652,0.00047472768901025725,-3.3235554368435394,-3.3274646,0.009664533477698469,0.00356092118473165,0.008984600366553673,-3.3464070661521776,-3.3085220949195997,-3.3464070661521776,-3.3085220949195997
id_test,857,12823118457006761398,-0.6000000000000001,1.0941860864671191e-09,2539.112215454232,503.69324532533454,39.339075937042885,294.39428351617613,0.0004805471029236766,-3.3182640366380314,-3.3173425,0.010537057481148695,0.0027964806293521256,0.010159196389160473,-3.3379951524231832,-3.2966898870970804,-3.3379951524231832,-3.2966898870970804
id_test,865,7136007211031035799,-1.4,1.0511173572717443e-09,2495.130349883853,523.8477826070769,41.27631172344517,301.59948365785385,0.0004969441753138953,-3.3036923954011432,-3.2998319,0.01081388559304412,0.0028779612876785442,0.010423889019257667,-3.321027082980384,-3.2786366514556513,-3.321027082980384,-3.2786366514556513
id_test,866,779010489516208886,-1.0,9.16382362452114e-10,2549.3338723326283,483.7915671011157,41.484417545989686,302.7283665488111,0.0004859446500164323,-3.3134131948557766,-3.312013,0.010965929294275117,0.0030169265884071503,0.010542758175339357,-3.3335061322596746,-3.2905196894261164,-3.3335061322596746,-3.2905196894261164
id_test,899,9184494546452176042,-2.0,9.50582857470194e-10,2403.738957653681,492.6388454667692,37.10727035463277,300.4554170460457,0.0005129613899917565,-3.289915322499429,-3.2928982,0.013037559808894603,0.002185018428609638,0.01285315797155332,-3.3184517953260193,-3.2673445608751526,-3.3184517953260193,-3.2673445608751526
id_test,910,7136007211031035799,-0.2,1.0511173572717443e-09,2495.130349883853,523.8477826070769,41.27631172344517,301.59948365785385,0.0004534934867469092,-3.343428946068472,-3.3428128,0.010361995768044757,0.00393932373808666,0.009583980894275501,-3.3631222882709193,-3.322503264860184,-3.3631222882709193,-3.322503264860184
id_test,911,17451691503515762550,-0.8,1.08604047901988e-09,2575.5622449220923,476.6697423761544,40.75046782180591,305.2870639056014,0.0004841352092852284,-3.3150333316490546,-3.313934,0.00967695571473768,0.003115674972627111,0.00916166059500768,-3.332900920954182,-3.29496725455241,-3.332900920954182,-3.29496725455241
id_test,918,833253205382390921,-0.4,1.0147448677929011e-09,2607.8117384734032,505.1107398178068,40.31257836583995,298.21936914217434,0.00046860053414633063,-3.3291972206970764,-3.330219,0.010861394526651308,0.0030734757340055326,0.01041746772601438,-3.3515073636524857,-3.3089306971080124,-3.3515073636524857,-3.3089306971080124
id_test,927,380264510751012186,-2.6,9.89963136259949e-10,2542.7024133885266,503.0087467521194,39.0211226249472,305.0510216058231,0.0005121020753849879,-3.290643464106198,-3.2875514,0.011339122685658414,0.0023405288320245193,0.011094936766241398,-3.309776083509545,-3.2653267225817637,-3.309776083509545,-3.2653267225817637
id_test,940,779010489516208886,-3.0,9.16382362452114e-10,2549.3338723326283,483.7915671011157,41.484417545989686,302.7283665488111,0.0005221252989099223,-3.282225263098826,-3.280201,0.010215177084663504,0.0027658705194549375,0.009833605717216122,-3.3002227053378936,-3.2601792111660126,-3.3002227053378936,-3.2601792111660126
id_test,955,7136007211031035799,0.0,1.0511173572717443e-09,2495.130349883853,523.8477826070769,41.27631172344517,301.59948365785385,0.0004390190953355,-3.3575165895107686,-3.357123,0.010463340467952453,0.004454326030111754,0.009467865263225423,-3.3776310454189935,-3.3366147507846198,-3.3776310454189935,-3.3366147507846198
id_test,986,380264510751012186,-2.4000000000000004,9.89963136259949e-10,2542.7024133885266,503.0087467521194,39.0211226249472,305.0510216058231,0.0005094018063733714,-3.292939519331971,-3.2900429,0.011527277305706346,0.0022761008331609084,0.011300331111376988,-3.31263634071645,-3.267449413678081,-3.31263634071645,-3.267449413678081
id_test,998,380264510751012186,-1.0,9.89963136259949e-10,2542.7024133885266,503.0087467521194,39.0211226249472,305.0510216058231,0.0004812287410276235,-3.3176484426435966,-3.315681,0.011204598042855698,0.002507666485742885,0.010920377043488728,-3.33764199284637,-3.293719968518376,-3.33764199284637,-3.293719968518376
id_test,1019,380264510751012186,-3.0,9.89963136259949e-10,2542.7024133885266,503.0087467521194,39.0211226249472,305.0510216058231,0.0005169530282397896,-3.2865489162929378,-3.2833648,0.0110801267014426,0.0024743077425211364,0.010800323756941347,-3.3050818211314583,-3.2616477244618034,-3.3050818211314583,-3.2616477244618034
id_test,1052,14547390297170085011,-2.6,1.0191682032973931e-09,2560.240612715575,475.6482256289376,41.11142736058992,291.8506686301862,0.0005196420550214765,-3.2842957083983295,-3.2839122,0.010715085255521676,0.002458992482459554,0.010429112687670983,-3.3049137489550704,-3.2629106147534257,-3.3049137489550704,-3.2629106147534257
id_test,1075,15425818973916266975,-2.0,1.1154637147520875e-09,2350.383805501934,499.6014506673355,39.64774721352306,306.8220229508652,0.0005187757765808864,-3.2850203108124365,-3.2892816,0.01019695294570152,0.002717969743244929,0.009828045364413986,-3.309267634447769,-3.2692955789006195,-3.309267634447769,-3.2692955789006195
id_test,1078,9184494546452176042,-1.8,9.50582857470194e-10,2403.738957653681,492.6388454667692,37.10727035463277,300.4554170460457,0.0005095346503436373,-3.2928262769345924,-3.2957885,0.013117997015502965,0.002180263014636885,0.01293554376436391,-3.32149980068542,-3.2700772523846484,-3.32149980068542,-3.2700772523846484
id_test,1080,833253205382390921,0.0,1.0147448677929011e-09,2607.8117384734032,505.1107398178068,40.31257836583995,298.21936914217434,0.0004427378801959,-3.3538533186440103,-3.355731,0.010417925184963518,0.004124191130995652,0.009566828207837458,-3.3761501437995403,-3.335311877074483,-3.3761501437995403,-3.335311877074483
id_test,1085,15180030701036252205,-0.6000000000000001,1.0025105539620802e-09,2526.9743060678943,509.1946075584183,40.75166342427999,301.0515477079729,0.0004773595086487957,-3.321154422187644,-3.3205543,0.010646220815721013,0.0026636648791060914,0.010307613479990856,-3.341420849238022,-3.299687663640396,-3.341420849238022,-3.299687663640396
id_test,1087,9184494546452176042,-3.0,9.50582857470194e-10,2403.738957653681,492.6388454667692,37.10727035463277,300.4554170460457,0.0005263276201549472,-3.278743838863326,-3.281355,0.012481971192138662,0.002466553374766403,0.012235838035955845,-3.3058195677113966,-3.2568902406382128,-3.3058195677113966,-3.2568902406382128
id_test,1095,15425818973916266975,0.0,1.1154637147520875e-09,2350.383805501934,499.6014506673355,39.64774721352306,306.8220229508652,0.0004495588854154,-3.3472134141954433,-3.3505654,0.009603988313477268,0.004344662729342811,0.008565074075410309,-3.3693892505966128,-3.3317416164077818,-3.3693892505966128,-3.3317416164077818
id_test,1098,14547390297170085011,-1.8,1.0191682032973931e-09,2560.240612715575,475.6482256289376,41.11142736058992,291.8506686301862,0.0005073560810491042,-3.2946871299080502,-3.2951105,0.011345663404025593,0.0025542960928375893,0.011054394972912678,-3.3173479643679595,-3.272872963824179,-3.3173479643679595,-3.272872963824179
id_test,1107,12823118457006761398,-2.6,1.0941860864671191e-09,2539.112215454232,503.69324532533454,39.339075937042885,294.39428351617613,0.0005247043252829588,-3.2800853557773055,-3.2785277,0.010888902113520657,0.002318899052877026,0.010639120755954372,-3.299869984806319,-3.257185488521318,-3.299869984806319,-3.257185488521318
id_test,1120,5355939635520617484,-0.4,1.117839944989197e-09,2400.8118901118505,474.17775422532,39.11984591644459,301.1260229250646,0.00047013771275828135,-3.3277749098713274,-3.3303807,0.01032868020678871,0.0032521934077523987,0.009803308845249815,-3.3506248913821857,-3.310136464971574,-3.3506248913821857,-3.310136464971574
id_test,1127,9184494546452176042,-2.8000000000000003,9.50582857470194e-10,2403.738957653681,492.6388454667692,37.10727035463277,300.4554170460457,0.0005240399430843188,-3.28063560919951,-3.283039,0.01267352504254907,0.0023908191227896506,0.012445970927108835,-3.3078792021009744,-3.258198983934182,-3.3078792021009744,-3.258198983934182
id_test,1146,128968913270984251,-3.0,1.25959298622376e-09,2354.3009197629594,499.1918367180637,40.77134716523017,305.22981462209646,0.0005329423523822434,-3.2733197654505277,-3.275749,0.008655113196923076,0.004304541285461456,0.00750878854220395,-3.292712989990359,-3.2587849462584204,-3.292712989990359,-3.2587849462584204
id_test,1150,833253205382390921,-3.0,1.0147448677929011e-09,2607.8117384734032,505.1107398178068,40.31257836583995,298.21936914217434,0.0005277479640969436,-3.2775734334029085,-3.2769976,0.010676724826179039,0.0023881914327049617,0.010406199257121225,-3.2979239468824555,-3.2560711855638336,-3.2979239468824555,-3.2560711855638336
id_test,1156,15180030701036252205,-0.4,1.0025105539620802e-09,2526.9743060678943,509.1946075584183,40.75166342427999,301.0515477079729,0.0004683608648787855,-3.3294194006988462,-3.3288622,0.01069964365447451,0.0029375368818261296,0.010288500737140945,-3.349833491809352,-3.307890888683812,-3.349833491809352,-3.307890888683812
id_test,1157,7136007211031035799,-0.8,1.0511173572717443e-09,2495.130349883853,523.8477826070769,41.27631172344517,301.59948365785385,0.00048037358454111644,-3.318420882208861,-3.315733,0.01047191613645326,0.00304796598776804,0.01001852911173688,-3.3362579115600655,-3.295208000305169,-3.3362579115600655,-3.295208000305169
id_test,1160,7136007211031035799,-3.0,1.0511173572717443e-09,2495.130349883853,523.8477826070769,41.27631172344517,301.59948365785385,0.0005220390133976705,-3.282297039775126,-3.2771769,0.009660136339097385,0.002733098781079428,0.009265440352949949,-3.2961107242192598,-3.258242989769998,-3.2961107242192598,-3.258242989769998
id_test,1166,833253205382390921,-0.8,1.0147448677929011e-09,2607.8117384734032,505.1107398178068,40.31257836583995,298.21936914217434,0.0004850046558701236,-3.3142540923070194,-3.3150966,0.011293200689290715,0.0025717896806532908,0.010996467040643847,-3.337231290096005,-3.292961943393985,-3.337231290096005,-3.292961943393985
id_test,1170,3134241803077969267,-0.6000000000000001,1.0942344693420075e-09,2360.838758300681,491.3731844386217,39.51420947268076,305.7035776891924,0.00048377702138640774,-3.3153547637585246,-3.3184295,0.010186650673290911,0.003115369662635245,0.009698573011598212,-3.338395305381906,-3.2984636347426055,-3.338395305381906,-3.2984636347426055
id_test,1191,833253205382390921,-0.2,1.0147448677929011e-09,2607.8117384734032,505.1107398178068,40.31257836583995,298.21936914217434,0.00045751194131718904,-3.33959756612107,-3.3414543,0.010655691160573676,0.0035410878428291134,0.010050096478100278,-3.3623394221765555,-3.3205691128271067,-3.3623394221765555,-3.3205691128271067
id_test,1217,7136007211031035799,-1.0,1.0511173572717443e-09,2495.130349883853,523.8477826070769,41.27631172344517,301.59948365785385,0.00048662851787735403,-3.3128024437121057,-3.3096337,0.010516369945987147,0.0029207124457992307,0.010102646906202986,-3.3302458169361757,-3.2890216467479063,-3.3302458169361757,-3.2890216467479063
id_test,1219,15180030701036252205,-1.4,1.0025105539620802e-09,2526.9743060678943,509.1946075584183,40.75166342427999,301.0515477079729,0.0005017834736998785,-3.2994836463277855,-3.2980943,0.011228668615142583,0.0023257079717342957,0.010985175631331416,-3.3201024630992046,-3.276086082127846,-3.3201024630992046,-3.276086082127846
id_test,1220,128968913270984251,-1.8,1.25959298622376e-09,2354.3009197629594,499.1918367180637,40.77134716523017,305.22981462209646,0.0005161131262709248,-3.2872550954068207,-3.2895274,0.00887190015910321,0.004026902836990935,0.007905356196677213,-3.30691634054109,-3.272138491917406,-3.30691634054109,-3.272138491917406
id_test,1230,779010489516208886,-1.6,9.16382362452114e-10,2549.3338723326283,483.7915671011157,41.484417545989686,302.7283665488111,0.0005008347168774903,-3.3003055743149092,-3.29874,0.011416078346282185,0.002743383679496024,0.011081546983283213,-3.3211154236844456,-3.2763643965670193,-3.3211154236844456,-3.2763643965670193
id_test,1233,128968913270984251,-2.8000000000000003,1.25959298622376e-09,2354.3009197629594,499.1918367180637,40.77134716523017,305.22981462209646,0.0005306710457750296,-3.2751746074962456,-3.277397,0.00873425696871507,0.004204783522793249,0.007655522885808445,-3.294516061001821,-3.260277773684458,-3.294516061001821,-3.260277773684458
id_test,1234,14547390297170085011,-1.0,1.0191682032973931e-09,2560.240612715575,475.6482256289376,41.11142736058992,291.8506686301862,0.0004889053752602058,-3.3107751878680665,-3.3122108,0.010898786735356757,0.002646484191862164,0.010572590841174385,-3.333572420264849,-3.2908491762622507,-3.333572420264849,-3.2908491762622507
id_test,1245,17451691503515762550,-1.0,1.08604047901988e-09,2575.5622449220923,476.6697423761544,40.75046782180591,305.2870639056014,0.0004905947209059551,-3.3092771293741263,-3.3080416,0.00964693885083021,0.002998391066989374,0.009169137822255985,-3.326949572718428,-3.2891335724231734,-3.326949572718428,-3.2891335724231734
id_test,1263,9184494546452176042,-1.2000000000000002,9.50582857470194e-10,2403.738957653681,492.6388454667692,37.10727035463277,300.4554170460457,0.0004967287062191306,-3.303880741167809,-3.307245,0.013366298716025798,0.002143866352656294,0.013193248337917999,-3.333442961581433,-3.281047070614612,-3.333442961581433,-3.281047070614612
id_test,1266,3134241803077969267,-1.8,1.0942344693420075e-09,2360.838758300681,491.3731844386217,39.51420947268076,305.7035776891924,0.0005157228021815518,-3.28758366626112,-3.2912676,0.010737072297963519,0.0025459842391584823,0.010430852111226852,-3.3123122951421187,-3.270222971734102,-3.3123122951421187,-3.270222971734102
id_test,1294,15425818973916266975,-1.2000000000000002,1.1154637147520875e-09,2350.383805501934,499.6014506673355,39.64774721352306,306.8220229508652,0.00050241858136124,-3.298934307102418,-3.3027449,0.010140850800919959,0.003009386275005831,0.009684030135212185,-3.3226209329872836,-3.2828687978476774,-3.3226209329872836,-3.2828687978476774
id_test,1300,12823118457006761398,-1.2000000000000002,1.0941860864671191e-09,2539.112215454232,503.69324532533454,39.339075937042885,294.39428351617613,0.0004995507923842545,-3.3014203478169035,-3.2999935,0.010958047910816587,0.002408788555625824,0.010690020823305469,-3.3214712889198488,-3.278515741109448,-3.3214712889198488,-3.278515741109448
id_test,1306,3134241803077969267,-1.2000000000000002,1.0942344693420075e-09,2360.838758300681,491.3731844386217,39.51420947268076,305.7035776891924,0.0005027958759492268,-3.298608293157598,-3.3017151,0.010600634154305705,0.0026924238995829834,0.01025301325795381,-3.32249237851678,-3.2809378926319015,-3.32249237851678,-3.2809378926319015
id_test,1307,779010489516208886,-0.2,9.16382362452114e-10,2549.3338723326283,483.7915671011157,41.484417545989686,302.7283665488111,0.00045207491936346666,-3.344789586494112,-3.3445182,0.011171719024284153,0.004074625656271983,0.010402149598400388,-3.366414753949462,-3.3226216153742683,-3.366414753949462,-3.3226216153742683
id_test,1317,380264510751012186,-0.8,9.89963136259949e-10,2542.7024133885266,503.0087467521194,39.0211226249472,305.0510216058231,0.00047492511313217394,-3.3233748651487374,-3.3216062,0.011042233177104097,0.002655501463434079,0.010718172091351038,-3.343248936237329,-3.299963382183081,-3.343248936237329,-3.299963382183081
id_test,1335,15425818973916266975,-1.0,1.1154637147520875e-09,2350.383805501934,499.6014506673355,39.64774721352306,306.8220229508652,0.0004969976098283641,-3.303645699880045,-3.3076339,0.01006101949126783,0.0031221050372071814,0.00956433917234576,-3.327353475003422,-3.2879142785976523,-3.327353475003422,-3.2879142785976523
id_test,1349,779010489516208886,-1.8,9.16382362452114e-10,2549.3338723326283,483.7915671011157,41.484417545989686,302.7283665488111,0.0005047731593029453,-3.29690374622932,-3.2952785,0.011353307961390986,0.0027766130455002254,0.01100854314723924,-3.3175310327986622,-3.2730260655900096,-3.3175310327986622,-3.2730260655900096
id_test,1370,17451691503515762550,-2.4000000000000004,1.08604047901988e-09,2575.5622449220923,476.6697423761544,40.75046782180591,305.2870639056014,0.0005195991360222182,-3.284331579733527,-3.2837799,0.010032227240918895,0.0027121494552508224,0.009658665453390718,-3.303443024935048,-3.2641166941506454,-3.303443024935048,-3.2641166941506454
id_test,1383,15180030701036252205,-0.2,1.0025105539620802e-09,2526.9743060678943,509.1946075584183,40.75166342427999,301.0515477079729,0.0004572121596089777,-3.339882228012412,-3.340103,0.010510120705888448,0.0034917092650507417,0.009913152970500128,-3.3607027475790248,-3.319503074411942,-3.3607027475790248,-3.319503074411942
id_test,1393,779010489516208886,-0.8,9.16382362452114e-10,2549.3338723326283,483.7915671011157,41.484417545989686,302.7283665488111,0.00047954435551341974,-3.3191712165145697,-3.3179238,0.010756325382201956,0.0030973229745635614,0.01030073472779843,-3.339006182005097,-3.2968413865068658,-3.339006182005097,-3.2968413865068658
id_test,1396,9184494546452176042,-0.8,9.50582857470194e-10,2403.738957653681,492.6388454667692,37.10727035463277,300.4554170460457,0.00048519808832941133,-3.3140809189135094,-3.3177357,0.012574901481198712,0.002370721460026753,0.012349405256311386,-3.3423824789002197,-3.293088865093921,-3.3423824789002197,-3.293088865093921
id_test,1403,380264510751012186,-1.2000000000000002,9.89963136259949e-10,2542.7024133885266,503.0087467521194,39.0211226249472,305.0510216058231,0.00048673700539568916,-3.312705634179331,-3.3106415,0.01135988646397815,0.0024500490925320794,0.011092532070526458,-3.3329069046453004,-3.2883761497065063,-3.3329069046453004,-3.2883761497065063
id_test,1409,779010489516208886,-0.6000000000000001,9.16382362452114e-10,2549.3338723326283,483.7915671011157,41.484417545989686,302.7283665488111,0.0004720348758321828,-3.3260259127601555,-3.3249474,0.010961566566302953,0.0033257414040360166,0.010444873430433405,-3.346432027647688,-3.3034626867077805,-3.346432027647688,-3.3034626867077805
id_test,1457,380264510751012186,-1.4,9.89963136259949e-10,2542.7024133885266,503.0087467521194,39.0211226249472,305.0510216058231,0.0004916047962353598,-3.3083838886651815,-3.3062344,0.011717904093290625,0.0023966869784178488,0.011470186698741175,-3.3292014517640607,-3.283267267718361,-3.3292014517640607,-3.283267267718361
id_test,1483,128968913270984251,-0.4,1.25959298622376e-09,2354.3009197629594,499.1918367180637,40.77134716523017,305.22981462209646,0.00047553470328334926,-3.3228177838905806,-3.3236384,0.008395371649080717,0.004619264945850025,0.007010324943042098,-3.340093367610665,-3.3071835107462686,-3.340093367610665,-3.3071835107462686
id_test,1488,833253205382390921,-1.4,1.0147448677929011e-09,2607.8117384734032,505.1107398178068,40.31257836583995,298.21936914217434,0.0005019199115614994,-3.299365575169195,-3.2993627,0.01148755529500772,0.002430926228908957,0.011227400144900136,-3.321878267832561,-3.2768470510761305,-3.321878267832561,-3.2768470510761305
id_test,1497,128968913270984251,-0.8,1.25959298622376e-09,2354.3009197629594,499.1918367180637,40.77134716523017,305.22981462209646,0.000491629200783426,-3.3083623296861537,-3.3098385,0.008339013786096023,0.0042966116596506185,0.007146906126961294,-3.3261830004222372,-3.2934940663807413,-3.3261830004222372,-3.2934940663807413
id_test,1501,14547390297170085011,-0.6000000000000001,1.0191682032973931e-09,2560.240612715575,475.6482256289376,41.11142736058992,291.8506686301862,0.0004753418440034586,-3.3229939533889823,-3.3252037,0.011022654203968266,0.003126014354539493,0.010570096407936975,-3.3468080593900464,-3.3035992549104907,-3.3468080593900464,-3.3035992549104907
id_test,1531,14547390297170085011,-0.4,1.0191682032973931e-09,2560.240612715575,475.6482256289376,41.11142736058992,291.8506686301862,0.0004665885544556016,-3.331065918773601,-3.3336422,0.011057168739490713,0.003420267401672338,0.010514882192325128,-3.355314295068391,-3.3119701936095876,-3.355314295068391,-3.3119701936095876
id_test,1587,12823118457006761398,-1.4,1.0941860864671191e-09,2539.112215454232,503.69324532533454,39.339075937042885,294.39428351617613,0.0005043742179325362,-3.297247121337269,-3.2956083,0.011212866714569105,0.002367466113323427,0.010960085559823073,-3.317585500849789,-3.273631063328678,-3.317585500849789,-3.273631063328678
id_test,1588,14547390297170085011,0.0,1.0191682032973931e-09,2560.240612715575,475.6482256289376,41.11142736058992,291.8506686301862,0.000441526505938,-3.355043219522255,-3.3583052,0.010885521100549961,0.004428555842643631,0.009943966001900197,-3.379640837192649,-3.3369695944784934,-3.379640837192649,-3.3369695944784934
id_test,1591,833253205382390921,-1.0,1.0147448677929011e-09,2607.8117384734032,505.1107398178068,40.31257836583995,298.21936914217434,0.0004913797229803732,-3.3085827688559926,-3.309111,0.01143242541917263,0.0024943979833836794,0.011156985877361757,-3.3315186721382286,-3.286703564495072,-3.3315186721382286,-3.286703564495072
id_test,1611,128968913270984251,-0.6000000000000001,1.25959298622376e-09,2354.3009197629594,499.1918367180637,40.77134716523017,305.22981462209646,0.00048431775515277994,-3.31486960936863,-3.3161306,0.008436945086558746,0.004474595239980578,0.0071526243638255224,-3.332667050492214,-3.2995942257529034,-3.332667050492214,-3.2995942257529034
id_test,1627,380264510751012186,-0.2,9.89963136259949e-10,2542.7024133885266,503.0087467521194,39.0211226249472,305.0510216058231,0.0004479375924295399,-3.3487824885720188,-3.3479636,0.010343714278034578,0.003711311151619967,0.00965497744363262,-3.36823725153341,-3.327689891563514,-3.36823725153341,-3.327689891563514
id_test,1635,7136007211031035799,-1.8,1.0511173572717443e-09,2495.130349883853,523.8477826070769,41.27631172344517,301.59948365785385,0.0005050939091448834,-3.2966278685510364,-3.2920978,0.010605981296152195,0.0027560169346566845,0.01024164088245569,-3.312885530271,-3.271310083590084,-3.312885530271,-3.271310083590084
id_test,1638,17451691503515762550,0.0,1.08604047901988e-09,2575.5622449220923,476.6697423761544,40.75046782180591,305.2870639056014,0.000441478887236,-3.355090060775307,-3.3533998,0.009632293417275645,0.004446550240053724,0.008544545773747282,-3.372279048668417,-3.334520458472696,-3.372279048668417,-3.334520458472696
id_test,1642,12823118457006761398,-0.8,1.0941860864671191e-09,2539.112215454232,503.69324532533454,39.339075937042885,294.39428351617613,0.00048785729814187167,-3.311707193760972,-3.310619,0.010599378503709324,0.002553168638701881,0.010287280846609908,-3.331393897696738,-3.2898443339621974,-3.331393897696738,-3.2898443339621974
id_test,1653,17451691503515762550,-2.2,1.08604047901988e-09,2575.5622449220923,476.6697423761544,40.75046782180591,305.2870639056014,0.0005165585960079823,-3.286880407001037,-3.286188,0.01014672219881878,0.002713316549081607,0.009777212094166083,-3.3060754627014575,-3.2663003116820875,-3.3060754627014575,-3.2663003116820875
id_test,1656,128968913270984251,-1.0,1.25959298622376e-09,2354.3009197629594,499.1918367180637,40.77134716523017,305.22981462209646,0.0004978472107999223,-3.3029039216733986,-3.3045669,0.008442354977199145,0.0041543490110098604,0.007349472053343509,-3.321113875954285,-3.288019844443664,-3.321113875954285,-3.288019844443664
id_test,1658,3134241803077969267,-1.4,1.0942344693420075e-09,2360.838758300681,491.3731844386217,39.51420947268076,305.7035776891924,0.0005076089547089653,-3.2944707251384284,-3.297715,0.010775147996219819,0.0025915444178838884,0.010458857640138184,-3.3188342387267658,-3.276595658581584,-3.3188342387267658,-3.276595658581584
id_test,1668,833253205382390921,-2.2,1.0147448677929011e-09,2607.8117384734032,505.1107398178068,40.31257836583995,298.21936914217434,0.0005170864407456913,-3.2864368503279735,-3.2856216,0.011087114757985704,0.0023859377051904202,0.010827345546696567,-3.3073523879920583,-3.263890898140754,-3.3073523879920583,-3.263890898140754
id_test,1688,9184494546452176042,-2.4000000000000004,9.50582857470194e-10,2403.738957653681,492.6388454667692,37.10727035463277,300.4554170460457,0.0005189395953020904,-3.2848831911953043,-3.2877598,0.013082531127298682,0.0023136477210169326,0.012876321047842282,-3.3134015418932945,-3.2621180198742836,-3.3134015418932945,-3.2621180198742836
id_test,1702,3134241803077969267,-2.0,1.0942344693420075e-09,2360.838758300681,491.3731844386217,39.51420947268076,305.7035776891924,0.000519189733093378,-3.284673904237307,-3.2885816,0.010719591698473438,0.0025448734842985726,0.010413128613179707,-3.3095920094549602,-3.267571209996944,-3.3095920094549602,-3.267571209996944
id_test,1747,15180030701036252205,-2.6,1.0025105539620802e-09,2526.9743060678943,509.1946075584183,40.75166342427999,301.0515477079729,0.0005226957864719187,-3.281751000800223,-3.2798016,0.010473842456954425,0.0023020041087967566,0.01021773696556768,-3.300330338347589,-3.259272875916327,-3.300330338347589,-3.259272875916327
id_test,1758,17451691503515762550,-0.6000000000000001,1.08604047901988e-09,2575.5622449220923,476.6697423761544,40.75046782180591,305.2870639056014,0.0004765903918020098,-3.3218547174017115,-3.3207576,0.00968941101296938,0.0033450963707247787,0.009093680036067447,-3.339748873072603,-3.3017663819017624,-3.339748873072603,-3.3017663819017624
id_test,1783,14547390297170085011,-0.8,1.0191682032973931e-09,2560.240612715575,475.6482256289376,41.11142736058992,291.8506686301862,0.00048265596626081736,-3.3163623209912565,-3.3181696,0.010830448575763067,0.002817047895992015,0.010457669461363209,-3.339397273019531,-3.2969419146025394,-3.339397273019531,-3.2969419146025394
id_test,1812,5355939635520617484,-2.0,1.117839944989197e-09,2400.8118901118505,474.17775422532,39.11984591644459,301.1260229250646,0.0005138191644947622,-3.289189701394887,-3.290884,0.011452085358494152,0.002417337741436729,0.011194048823578742,-3.3133301052469846,-3.2684379306416873,-3.3133301052469846,-3.2684379306416873
id_test,1828,833253205382390921,-1.6,1.0147448677929011e-09,2607.8117384734032,505.1107398178068,40.31257836583995,298.21936914217434,0.0005063313733699982,-3.2955651619686113,-3.2953022,0.011429876333759881,0.0024394054127051526,0.011166528417063325,-3.3177047102478365,-3.2728995950194975,-3.3177047102478365,-3.2728995950194975
id_test,1842,7136007211031035799,-1.6,1.0511173572717443e-09,2495.130349883853,523.8477826070769,41.27631172344517,301.59948365785385,0.0005012490403099716,-3.299946445869981,-3.295725,0.010669659177041317,0.0028039673026554273,0.010294629202679326,-3.3166376391799943,-3.274812575205992,-3.3166376391799943,-3.274812575205992
id_test,1871,5355939635520617484,-1.2000000000000002,1.117839944989197e-09,2400.8118901118505,474.17775422532,39.11984591644459,301.1260229250646,0.0004975722217152879,-3.303143873278074,-3.3049889,0.010791532178612038,0.0025618303337749827,0.01048304291452146,-3.326140264154064,-3.2838374580139047,-3.326140264154064,-3.2838374580139047
id_test,1903,15425818973916266975,-2.8000000000000003,1.1154637147520875e-09,2350.383805501934,499.6014506673355,39.64774721352306,306.8220229508652,0.0005299917565795423,-3.2757308853046045,-3.2805638,0.009999589771467985,0.0027796943149043215,0.009605472018830004,-3.300163027281423,-3.2609646353772686,-3.300163027281423,-3.2609646353772686
id_test,1908,15180030701036252205,-2.0,1.0025105539620802e-09,2526.9743060678943,509.1946075584183,40.75166342427999,301.0515477079729,0.0005136650258543439,-3.2893200032761474,-3.2875173,0.010951936313233556,0.002263694451999728,0.010715436783711205,-3.3089831043627806,-3.266051514014905,-3.3089831043627806,-3.266051514014905
id_test,1922,5355939635520617484,-1.8,1.117839944989197e-09,2400.8118901118505,474.17775422532,39.11984591644459,301.1260229250646,0.0005103954451087711,-3.292093210017602,-3.2937453,0.011285050767982984,0.0024020160715521135,0.011026453542231683,-3.3158639788173803,-3.2716265798068873,-3.3158639788173803,-3.2716265798068873
id_test,1926,380264510751012186,-1.6,9.89963136259949e-10,2542.7024133885266,503.0087467521194,39.0211226249472,305.0510216058231,0.0004959354245078787,-3.3045748690857364,-3.3022122,0.012007507994569433,0.002336583079908648,0.011777971557016265,-3.3257469539811235,-3.2786775226424116,-3.3257469539811235,-3.2786775226424116
id_test,1932,3134241803077969267,-3.0,1.0942344693420075e-09,2360.838758300681,491.3731844386217,39.51420947268076,305.7035776891924,0.0005327560505986823,-3.2734716092314082,-3.2784665,0.010260422338662494,0.0027299917037036437,0.00989057150131169,-3.2985768908727677,-3.258356035305211,-3.2985768908727677,-3.258356035305211
id_test,1948,5355939635520617484,-3.0,1.117839944989197e-09,2400.8118901118505,474.17775422532,39.11984591644459,301.1260229250646,0.0005271860829579278,-3.2780360630846723,-3.279954,0.010988350180528607,0.0026310125658544716,0.010668720644005548,-3.30149112295784,-3.258416790250168,-3.30149112295784,-3.258416790250168
id_test,1956,5355939635520617484,-0.6000000000000001,1.117839944989197e-09,2400.8118901118505,474.17775422532,39.11984591644459,301.1260229250646,0.0004788263038730668,-3.3198220000510346,-3.3223746,0.01037637671205941,0.003007321974629889,0.009931022207681512,-3.342712280646286,-3.302036883935013,-3.342712280646286,-3.302036883935013
id_test,1958,5355939635520617484,-1.4,1.117839944989197e-09,2400.8118901118505,474.17775422532,39.11984591644459,301.1260229250646,0.0005023423401060729,-3.299000215630046,-3.3007305,0.011063228383771261,0.002481141457272773,0.010781417477864942,-3.322414394474843,-3.2790465392104595,-3.322414394474843,-3.2790465392104595
id_test,1963,9184494546452176042,-2.6,9.50582857470194e-10,2403.738957653681,492.6388454667692,37.10727035463277,300.4554170460457,0.0005215840327978259,-3.2826757120881314,-3.2853715,0.012926980240790956,0.0023609790350542677,0.012709548247998173,-3.310708423248879,-3.2600346607049784,-3.310708423248879,-3.2600346607049784
id_test,1969,17451691503515762550,-1.6,1.08604047901988e-09,2575.5622449220923,476.6697423761544,40.75046782180591,305.2870639056014,0.0005056517499712328,-3.2961484854043914,-3.2949889,0.009946356528532641,0.0027565401786316945,0.009556750616592134,-3.3144837294166516,-3.2754940118248035,-3.3144837294166516,-3.2754940118248035
id_test,1984,15425818973916266975,-1.6,1.1154637147520875e-09,2350.383805501934,499.6014506673355,39.64774721352306,306.8220229508652,0.0005114627345784499,-3.291186003704556,-3.295095,0.010366357146580496,0.0027846568673687935,0.009985341746941505,-3.3154130268957256,-3.27477690688113,-3.3154130268957256,-3.27477690688113
id_test,1996,3134241803077969267,-0.4,1.0942344693420075e-09,2360.838758300681,491.3731844386217,39.51420947268076,305.7035776891924,0.00047499474006924483,-3.3233111995783973,-3.3261085,0.010022231965295687,0.003289876757367218,0.009466881524069312,-3.3457520303099386,-3.3064648810059794,-3.3457520303099386,-3.3064648810059794
id_test,1998,7136007211031035799,-1.2000000000000002,1.0511173572717443e-09,2495.130349883853,523.8477826070769,41.27631172344517,301.59948365785385,0.0004921023634044571,-3.3079445491885378,-3.3044114,0.010636413111761316,0.0028954540320964782,0.010234725695479703,-3.3252587809844525,-3.2835640415863483,-3.3252587809844525,-3.2835640415863483
id_test,1999,3134241803077969267,-1.6,1.0942344693420075e-09,2360.838758300681,491.3731844386217,39.51420947268076,305.7035776891924,0.0005118874574281455,-3.2908255116618657,-3.2942712,0.010719468899758477,0.00251952921270308,0.010419163967604547,-3.3152813897411586,-3.273261071654105,-3.3152813897411586,-3.273261071654105
id_test,2020,17451691503515762550,-1.8,1.08604047901988e-09,2575.5622449220923,476.6697423761544,40.75046782180591,305.2870639056014,0.0005096386170891945,-3.2927376714236427,-3.2917,0.01007088589571215,0.002776129778579399,0.009680694328361831,-3.3114388226776175,-3.2719609499664255,-3.3114388226776175,-3.2719609499664255
id_test,2029,12823118457006761398,-0.2,1.0941860864671191e-09,2539.112215454232,503.69324532533454,39.339075937042885,294.39428351617613,0.0004609186866577253,-3.336375684264669,-3.3361175,0.010319989161473296,0.00348971547272817,0.009712057255106366,-3.3563446847837093,-3.315890327270734,-3.3563446847837093,-3.315890327270734
id_test,2036,128968913270984251,-1.4,1.25959298622376e-09,2354.3009197629594,499.1918367180637,40.77134716523017,305.22981462209646,0.000508032173030712,-3.2941087835285563,-3.2959445,0.008775617869955668,0.00405768112040298,0.007781174984096163,-3.31314466331088,-3.2787442412606533,-3.31314466331088,-3.2787442412606533
id_test,2040,17451691503515762550,-1.4,1.08604047901988e-09,2575.5622449220923,476.6697423761544,40.75046782180591,305.2870639056014,0.0005012156826919062,-3.2999753486914534,-3.2987504,0.009949259841007778,0.0028062564528762075,0.009545296600190111,-3.318250949831588,-3.279249851254838,-3.318250949831588,-3.279249851254838
id_test,2083,128968913270984251,-2.4000000000000004,1.25959298622376e-09,2354.3009197629594,499.1918367180637,40.77134716523017,305.22981462209646,0.0005255782800016026,-3.2793625906902073,-3.2818577,0.009043045807692694,0.004051633958409393,0.008084611283481584,-3.2995820987412077,-3.264133359175052,-3.2995820987412077,-3.264133359175052
id_test,2089,14547390297170085011,-3.0,1.0191682032973931e-09,2560.240612715575,475.6482256289376,41.11142736058992,291.8506686301862,0.000524436930480169,-3.280306733192821,-3.2799249,0.010382080779841141,0.0025183479497898,0.010072016723438928,-3.300273747865842,-3.259575991208865,-3.300273747865842,-3.259575991208865
id_test,2095,15180030701036252205,-1.6,1.0025105539620802e-09,2526.9743060678943,509.1946075584183,40.75166342427999,301.0515477079729,0.0005061653656971272,-3.295707574707627,-3.2941258,0.011177081009931353,0.002240311923611639,0.010950257614316955,-3.316032874143845,-3.2722187165849146,-3.316032874143845,-3.2722187165849146
id_test,2121,779010489516208886,-2.6,9.16382362452114e-10,2549.3338723326283,483.7915671011157,41.484417545989686,302.7283665488111,0.0005172533750754043,-3.286296666883896,-3.2842042,0.01075183783136019,0.002727186562728655,0.010400214506562441,-3.3052778467631136,-3.2631306424641813,-3.3052778467631136,-3.2631306424641813
id_test,2133,833253205382390921,-2.8000000000000003,1.0147448677929011e-09,2607.8117384734032,505.1107398178068,40.31257836583995,298.21936914217434,0.0005253737771887194,-3.27953160780889,-3.278507,0.010716146587272405,0.0023413852181177254,0.010457232243960493,-3.2995106415584905,-3.2575033469363825,-3.2995106415584905,-3.2575033469363825
id_test,2140,5355939635520617484,0.0,1.117839944989197e-09,2400.8118901118505,474.17775422532,39.11984591644459,301.1260229250646,0.000445159227202,-3.351484620195555,-3.3537438,0.010058711280257503,0.00426978081514998,0.009107504337555491,-3.373458865689505,-3.3340287174708956,-3.373458865689505,-3.3340287174708956
id_test,2154,15425818973916266975,-0.6000000000000001,1.1154637147520875e-09,2350.383805501934,499.6014506673355,39.64774721352306,306.8220229508652,0.0004834463670440262,-3.315651699013866,-3.3197467,0.009931028280145438,0.0034070142491525023,0.009328321391628255,-3.339211548140877,-3.300281917282707,-3.339211548140877,-3.300281917282707
id_test,2158,3134241803077969267,-2.6,1.0942344693420075e-09,2360.838758300681,491.3731844386217,39.51420947268076,305.7035776891924,0.0005279347365692744,-3.2774197617458856,-3.2818413,0.01039616754671446,0.002591868619985748,0.010067894869869184,-3.302217766467732,-3.2614647896846116,-3.302217766467732,-3.2614647896846116
id_test,2162,9184494546452176042,-0.2,9.50582857470194e-10,2403.738957653681,492.6388454667692,37.10727035463277,300.4554170460457,0.00045859090262297374,-3.3385745649131686,-3.3430493,0.011515569595255834,0.0034390792201987753,0.010990044397964131,-3.365619804202722,-3.320478771389319,-3.365619804202722,-3.320478771389319
id_test,2167,3134241803077969267,-0.8,1.0942344693420075e-09,2360.838758300681,491.3731844386217,39.51420947268076,305.7035776891924,0.0004910861886799235,-3.3088422798053596,-3.3120778,0.010377238327218773,0.002934141362413831,0.009953787874942388,-3.3324171478177598,-3.2917383735750625,-3.3324171478177598,-3.2917383735750625
id_test,2179,7136007211031035799,-2.4000000000000004,1.0511173572717443e-09,2495.130349883853,523.8477826070769,41.27631172344517,301.59948365785385,0.0005145887550315455,-3.2885397083726757,-3.2834888,0.010437345599319045,0.002755286720869509,0.010067103425404083,-3.303945947832429,-3.2630315530830982,-3.303945947832429,-3.2630315530830982
id_test,2186,15425818973916266975,-0.8,1.1154637147520875e-09,2350.383805501934,499.6014506673355,39.64774721352306,306.8220229508652,0.0004907603706754464,-3.309130514184336,-3.3132486,0.01010288170814148,0.0032302667525907153,0.00957254374582883,-3.333050282486336,-3.2934469861904216,-3.333050282486336,-3.2934469861904216
id_test,2197,380264510751012186,-0.6000000000000001,9.89963136259949e-10,2542.7024133885266,503.0087467521194,39.0211226249472,305.0510216058231,0.0004675393292231671,-3.3301818505750402,-3.3285716,0.010832133347143596,0.0029400265920360414,0.010425515090153572,-3.3498025393590587,-3.3073405766382558,-3.3498025393590587,-3.3073405766382558
id_test,2212,15180030701036252205,-1.0,1.0025105539620802e-09,2526.9743060678943,509.1946075584183,40.75166342427999,301.0515477079729,0.0004912665642222403,-3.308682793096848,-3.307724,0.010950020113505602,0.002376664378056266,0.010688985130846873,-3.3291860384459087,-3.2862619596009663,-3.3291860384459087,-3.2862619596009663
id_test,2223,12823118457006761398,-1.8,1.0941860864671191e-09,2539.112215454232,503.69324532533454,39.339075937042885,294.39428351617613,0.0005125028247005412,-3.2903037366166425,-3.2886047,0.011152131954529751,0.002357560406543137,0.010900088941509909,-3.3104629149590035,-3.2667465576972465,-3.3104629149590035,-3.2667465576972465
id_test,2226,12823118457006761398,-3.0,1.0941860864671191e-09,2539.112215454232,503.69324532533454,39.339075937042885,294.39428351617613,0.0005295144706585093,-3.2761221669233196,-3.2752128,0.010513621143983035,0.0024323357152581456,0.010228390091449603,-3.295819462182197,-3.2546060672977837,-3.295819462182197,-3.2546060672977837
id_test,2230,5355939635520617484,-0.8,1.117839944989197e-09,2400.8118901118505,474.17775422532,39.11984591644459,301.1260229250646,0.0004860413225751585,-3.313326806039212,-3.3156707,0.010659403460187478,0.0027874385618858436,0.010288491965804161,-3.336563159465439,-3.2947782979015043,-3.336563159465439,-3.2947782979015043
id_test,2257,15180030701036252205,-1.2000000000000002,1.0025105539620802e-09,2526.9743060678943,509.1946075584183,40.75166342427999,301.0515477079729,0.0004968570948976955,-3.3037685042681124,-3.3026087,0.011184886824949909,0.002374895604258086,0.01092984738834139,-3.3245311065857153,-3.2806863502319117,-3.3245311065857153,-3.2806863502319117
id_test,2264,15425818973916266975,-1.4,1.1154637147520875e-09,2350.383805501934,499.6014506673355,39.64774721352306,306.8220229508652,0.000507198373963633,-3.2948221474365633,-3.2986047,0.010296127751832772,0.002889088403105851,0.009882480280488585,-3.318785137184974,-3.2784243163977895,-3.318785137184974,-3.2784243163977895
id_test,2270,5355939635520617484,-1.6,1.117839944989197e-09,2400.8118901118505,474.17775422532,39.11984591644459,301.1260229250646,0.000506593472071686,-3.29534041079796,-3.296995,0.011126153953851694,0.0024243990049060606,0.010858802259272857,-3.3188021862948376,-3.2751876627957386,-3.3188021862948376,-3.2751876627957386
id_test,2274,12823118457006761398,0.0,1.0941860864671191e-09,2539.112215454232,503.69324532533454,39.339075937042885,294.39428351617613,0.0004465537471836,-3.3501262619703467,-3.3498085,0.010108192415204413,0.00413517588087979,0.00922365842754377,-3.3696205116473505,-3.329996397379749,-3.3696205116473505,-3.329996397379749
id_test,2279,12823118457006761398,-0.4,1.0941860864671191e-09,2539.112215454232,503.69324532533454,39.339075937042885,294.39428351617613,0.00047174994549660737,-3.3262881413390226,-3.3254,0.010536533899814578,0.0030005970581902706,0.010100245584079116,-3.346051720503085,-3.3047485076158116,-3.346051720503085,-3.3047485076158116
id_test,2287,380264510751012186,-1.8,9.89963136259949e-10,2542.7024133885266,503.0087467521194,39.0211226249472,305.0510216058231,0.000499810230946472,-3.3011948582573454,-3.2986143,0.011993781527222427,0.0022961963030896106,0.011771927431254641,-3.322122075327902,-3.27510645174119,-3.322122075327902,-3.27510645174119
id_test,2302,7136007211031035799,-2.0,1.0511173572717443e-09,2495.130349883853,523.8477826070769,41.27631172344517,301.59948365785385,0.0005085545977538944,-3.2936624149528844,-3.2889566,0.010531604408542596,0.0027652610802280805,0.010162086881989543,-3.309598586791622,-3.2683146975101356,-3.309598586791622,-3.2683146975101356
id_test,2314,14547390297170085011,-1.4,1.0191682032973931e-09,2560.240612715575,475.6482256289376,41.11142736058992,291.8506686301862,0.0004991847251662017,-3.30173871234311,-3.3026185,0.011090457986736413,0.002536874025152579,0.010796413090172608,-3.32435580122456,-3.280881205916553,-3.32435580122456,-3.280881205916553
id_test,2318,15425818973916266975,-0.2,1.1154637147520875e-09,2350.383805501934,499.6014506673355,39.64774721352306,306.8220229508652,0.00046400823618396157,-3.333474310614298,-3.3377414,0.009452771142058503,0.0038822192993981,0.00861877287391336,-3.356268806407917,-3.319213943531048,-3.356268806407917,-3.319213943531048
id_test,2322,12823118457006761398,-1.6,1.0941860864671191e-09,2539.112215454232,503.69324532533454,39.339075937042885,294.39428351617613,0.0005086649243078975,-3.2935682087117346,-3.2918413,0.011174616264295362,0.0023482897782818395,0.010925089950213995,-3.3137435164174476,-3.26993902066141,-3.3137435164174476,-3.26993902066141
id_test,2354,7136007211031035799,-2.2,1.0511173572717443e-09,2495.130349883853,523.8477826070769,41.27631172344517,301.59948365785385,0.0005117010547152835,-3.290983687861661,-3.2861037,0.010517611427501034,0.002797598637432837,0.010138717341927074,-3.3067182438312517,-3.2654892070354475,-3.3067182438312517,-3.2654892070354475
id_test,2374,3134241803077969267,-2.8000000000000003,1.0942344693420075e-09,2360.838758300681,491.3731844386217,39.51420947268076,305.7035776891924,0.0005304288987771217,-3.2753728227677974,-3.2798622,0.010342578052562086,0.0026360010949701856,0.010001020848800023,-3.3001336184340717,-3.259590712468028,-3.3001336184340717,-3.259590712468028
id_test,2397,7136007211031035799,-2.6,1.0511173572717443e-09,2495.130349883853,523.8477826070769,41.27631172344517,301.59948365785385,0.0005172572654093414,-3.286293400507514,-3.2810638,0.01017517371646961,0.0027261206766299806,0.009803184022380212,-3.301007135574002,-3.2611204546054413,-3.301007135574002,-3.2611204546054413
id_test,2405,779010489516208886,-2.2,9.16382362452114e-10,2549.3338723326283,483.7915671011157,41.484417545989686,302.7283665488111,0.0005115641344350388,-3.2910999113453805,-3.2893243,0.011123005043946638,0.002744151002784973,0.010779186859449232,-3.311125373485989,-3.267523193713718,-3.311125373485989,-3.267523193713718
id_test,2444,15180030701036252205,-2.8000000000000003,1.0025105539620802e-09,2526.9743060678943,509.1946075584183,40.75166342427999,301.0515477079729,0.0005252660621420762,-3.2796206584022287,-3.2776248,0.010288258513302093,0.002326198660555477,0.01002182915852189,-3.297789832190833,-3.2574598588186885,-3.297789832190833,-3.2574598588186885
id_test,2452,779010489516208886,-1.2000000000000002,9.16382362452114e-10,2549.3338723326283,483.7915671011157,41.484417545989686,302.7283665488111,0.0004915210532900494,-3.30845787532549,-3.3070114,0.01124618834828908,0.002940690177399578,0.010854911159332327,-3.3290538950531494,-3.2849688367278564,-3.3290538950531494,-3.2849688367278564
id_test,2479,7136007211031035799,-2.8000000000000003,1.0511173572717443e-09,2495.130349883853,523.8477826070769,41.27631172344517,301.59948365785385,0.0005197340185264117,-3.28421885605614,-3.2787733,0.00983448757392191,0.0026911820807099906,0.009459106071370389,-3.29804890344518,-3.259497712155406,-3.29804890344518,-3.259497712155406
id_test,2488,5355939635520617484,-1.0,1.117839944989197e-09,2400.8118901118505,474.17775422532,39.11984591644459,301.1260229250646,0.000492190347862703,-3.3078669073155993,-3.3099363,0.01074985955755654,0.002662467928994334,0.01041492876137484,-3.3310060097517318,-3.28886656028611,-3.3310060097517318,-3.28886656028611
id_test,2501,17451691503515762550,-0.2,1.08604047901988e-09,2575.5622449220923,476.6697423761544,40.75046782180591,305.2870639056014,0.00045643943797455425,-3.340616838060224,-3.3396442,0.009719863070124922,0.003833950633081871,0.008931772629264985,-3.358695125266737,-3.320593262031847,-3.358695125266737,-3.320593262031847
id_test,2516,128968913270984251,-2.0,1.25959298622376e-09,2354.3009197629594,499.1918367180637,40.77134716523017,305.22981462209646,0.0005195652254822234,-3.2843599239703942,-3.2867749,0.008962743544727146,0.004038289044212444,0.008001436745078748,-3.3043418510811855,-3.2692078963858555,-3.3043418510811855,-3.2692078963858555
id_test,2539,14547390297170085011,-2.4000000000000004,1.0191682032973931e-09,2560.240612715575,475.6482256289376,41.11142736058992,291.8506686301862,0.0005169541555194308,-3.286547969261453,-3.2864,0.010919787339769633,0.002467040689996514,0.010637455551402053,-3.3078028629131215,-3.264997296541224,-3.3078028629131215,-3.264997296541224
id_test,2556,779010489516208886,-1.4,9.16382362452114e-10,2549.3338723326283,483.7915671011157,41.484417545989686,302.7283665488111,0.0004964454411773979,-3.3041284730448397,-3.3026588,0.011338704360365692,0.0028090845342704745,0.010985229608788541,-3.3248826568567416,-3.280434935764108,-3.3248826568567416,-3.280434935764108
ood_test,10,1367897570274288222,-1.4,1.0060692139373963e-09,2527.3807724384133,522.7157534573084,43.167246359099664,298.50956140834,0.000515204186238505,-3.288020616818865,-3.2894099,0.009872363555586846,0.004190142812266182,0.008939029898375504,-3.3087597084387013,-3.2700600433008007,-3.3087597084387013,-3.2700600433008007
ood_test,14,11643629726484600332,-0.4,9.595802013951228e-10,2610.2949574222403,489.9218602044182,42.219532217947325,302.0841812978663,0.00046993061477010133,-3.3279662608876337,-3.3197,0.010682534150002167,0.005013001482697057,0.009433257616589434,-3.3406377696042924,-3.298762235736284,-3.3406377696042924,-3.298762235736284
ood_test,26,1906069974405082520,-1.8,9.304065850268983e-10,2472.4930947482308,495.539662311,41.9345213676303,296.5403011366731,0.0005143263444010235,-3.288761230034399,-3.2839162,0.010384580610824265,0.00310330165265842,0.009910046567842558,-3.3042700129673084,-3.263562456972877,-3.3042700129673084,-3.263562456972877
ood_test,28,14988660033747214345,-2.2,1.1774606839117e-09,2487.5677489208106,509.6158544320055,42.33569419095241,299.8381908200232,0.000517330876881308,-3.286231599961331,-3.2743769,0.009400998664056616,0.004555661283964452,0.008223425109971132,-3.292802826583211,-3.255950911820109,-3.292802826583211,-3.255950911820109
ood_test,39,12935788499417564366,-0.4,1.020786601528739e-09,2414.9946347184086,525.5036010755978,41.93453001893169,295.92616711681853,0.0004760745708442458,-3.3223250154105233,-3.3165941,0.010470994471372843,0.004072493884074635,0.00964658057545854,-3.337117273004223,-3.296070974676441,-3.337117273004223,-3.296070974676441
ood_test,44,15038946426069692038,-0.8,1.2307353848142815e-09,2445.249484887284,482.48119148575233,42.87746783295031,307.55593866537106,0.0004913861521330746,-3.3085770866368347,-3.2984314,0.00865439394730688,0.005612236271284646,0.0065879682089907176,-3.3153940086210967,-3.2814687843476533,-3.3153940086210967,-3.2814687843476533
ood_test,57,4757004652079025251,0.0,1.0727653122619132e-09,2512.3283017034155,474.34077412964,42.74916053103488,290.5746947786968,0.0004503627785054,-3.3464375101587067,-3.3342214,0.010463866073441212,0.006071638746238552,0.008522188311005917,-3.354730540571572,-3.313712185563682,-3.354730540571572,-3.313712185563682
ood_test,58,7311808897764695838,-1.2000000000000002,9.756514716409811e-10,2404.497548871577,500.9208966540563,41.62971960161597,300.52976098251094,0.0005069572054475994,-3.2950286998824065,-3.2985826,0.01069064966068098,0.0028742672054565205,0.010297017705157127,-3.3195362271984603,-3.2776288805285905,-3.3195362271984603,-3.2776288805285905
ood_test,60,9151669764478585745,-0.2,1.016175641189933e-09,2547.6570837434488,498.1799092392847,42.56757336192149,293.18283111534566,0.0004604516420908771,-3.3368159738837915,-3.3217049,0.010499411578394756,0.005658902481842464,0.008843893955473664,-3.342283711195607,-3.3011260178082993,-3.342283711195607,-3.3011260178082993
ood_test,63,14988660033747214345,-1.0,1.1774606839117e-09,2487.5677489208106,509.6158544320055,42.33569419095241,299.8381908200232,0.0004920513748395169,-3.30798955039425,-3.294764,0.009137030681321334,0.0047385240890594465,0.007812279493764711,-3.3126726220360245,-3.276855461765245,-3.3126726220360245,-3.276855461765245
ood_test,64,4106527973129540887,-2.4000000000000004,1.0203477325736783e-09,2420.870896846657,485.827773341465,41.83782044136868,301.83723728961854,0.0005331998596751334,-3.273109973553608,-3.280672,0.010243491634516879,0.0029902981593707325,0.009797307901453892,-3.3007493169679107,-3.260594829760605,-3.3007493169679107,-3.260594829760605
ood_test,72,7311808897764695838,-0.6000000000000001,9.756514716409811e-10,2404.497548871577,500.9208966540563,41.62971960161597,300.52976098251094,0.0004875609274237384,-3.311971105523271,-3.3156035,0.010840496479406972,0.0032165004768690804,0.010352317609982162,-3.3368508677438027,-3.2943561215445274,-3.3368508677438027,-3.2943561215445274
ood_test,92,15038946426069692038,-0.2,1.2307353848142815e-09,2445.249484887284,482.48119148575233,42.87746783295031,307.55593866537106,0.0004637480473733956,-3.3337179059844337,-3.3205762,0.008850514290590101,0.006176912330306767,0.006338561320033241,-3.337923198958043,-3.3032291829389298,-3.337923198958043,-3.3032291829389298
ood_test,109,14082706842164037214,0.0,1.011801650795657e-09,2503.197375042157,521.464297637573,42.04226242943757,288.6545802497056,0.0004550106762044,-3.3419784130961574,-3.3426425,0.010783934176803416,0.005276566996017649,0.009404842533722164,-3.363779056686608,-3.3215060347135386,-3.363779056686608,-3.3215060347135386
ood_test,117,15230833052760599040,-0.8,8.595939611542648e-10,2643.7199291480506,484.396762738386,41.95641496228942,305.9180523366615,0.0004839754871105329,-3.3151766343932456,-3.313282,0.01031369404053604,0.004408322730199259,0.009324107101663183,-3.3334968532589038,-3.2930671726200025,-3.3334968532589038,-3.2930671726200025
ood_test,129,11643629726484600332,-2.4000000000000004,9.595802013951228e-10,2610.2949574222403,489.9218602044182,42.219532217947325,302.0841812978663,0.0005222928056227595,-3.282085956356871,-3.2781658,0.009840489192436047,0.00367283129715344,0.009129377352619157,-3.2974531760779167,-3.2588784584435677,-3.2974531760779167,-3.2588784584435677
ood_test,131,59563343903943478,-1.0,8.8914003988915e-10,2578.309809077789,484.4641187531683,42.13424050837239,300.34884642744885,0.0004908245905080742,-3.309073687072916,-3.299799,0.01068818356560856,0.004059334854745661,0.009887318684801668,-3.320747805242694,-3.278850125665509,-3.320747805242694,-3.278850125665509
ood_test,132,2056914843148536795,-1.6,1.000072357945733e-09,2615.067429542859,502.8265147659643,41.97319841319997,303.92619603855775,0.0005083592304963704,-3.2938292863643532,-3.291898,0.010174157590839224,0.003618714848075881,0.009508858443039355,-3.3118393610392998,-3.27195666328321,-3.3118393610392998,-3.27195666328321
ood_test,133,10954724855113224492,-2.8000000000000003,1.1396379394271226e-09,2408.4924726992253,490.0725825278824,43.06550150160359,292.35304316269765,0.0005398389635600943,-3.2677357728946217,-3.26687,0.009609690357104359,0.0047170646762610055,0.008372301683905294,-3.285705014919993,-3.248035028720144,-3.285705014919993,-3.248035028720144
ood_test,135,2124884718484563516,-2.0,9.603042271636284e-10,2438.0715583385486,503.6957420101608,43.08491203323523,298.5763734449834,0.000525800877587153,-3.2791786933705085,-3.2792044,0.010228649183243805,0.004065412716417988,0.009386036787659653,-3.2992525209904664,-3.259156216192151,-3.2992525209904664,-3.259156216192151
ood_test,139,15230833052760599040,-0.6000000000000001,8.595939611542648e-10,2643.7199291480506,484.396762738386,41.95641496228942,305.9180523366615,0.000476257313375722,-3.322158342267855,-3.320163,0.010431927612060077,0.004604616476063496,0.009360695720975677,-3.340609589670541,-3.2997164334312656,-3.340609589670541,-3.2997164334312656
ood_test,152,4106527973129540887,-1.2000000000000002,1.0203477325736783e-09,2420.870896846657,485.827773341465,41.83782044136868,301.83723728961854,0.0005102373335612168,-3.292227767665783,-3.2983875,0.01027045404906926,0.0031453062350752397,0.009776976617509373,-3.318517617401996,-3.2782574375296445,-3.318517617401996,-3.2782574375296445
ood_test,154,10954724855113224492,-0.6000000000000001,1.1396379394271226e-09,2408.4924726992253,490.0725825278824,43.06550150160359,292.35304316269765,0.000492740933986632,-3.3073813576234556,-3.3011029,0.009611758368430477,0.004735018590578254,0.00836453770141601,-3.3199419230653318,-3.2822638302610843,-3.3199419230653318,-3.2822638302610843
ood_test,159,7311808897764695838,-1.0,9.756514716409811e-10,2404.497548871577,500.9208966540563,41.62971960161597,300.52976098251094,0.0005013977670594254,-3.299817604474191,-3.3032346,0.010719765775772667,0.0029919188325209247,0.010293774334702101,-3.3242453180994693,-3.282223836258441,-3.3242453180994693,-3.282223836258441
ood_test,163,4106527973129540887,-0.4,1.0203477325736783e-09,2420.870896846657,485.827773341465,41.83782044136868,301.83723728961854,0.00048172410478379075,-3.3172016216684033,-3.3229666,0.010560660473713231,0.0037719453786454254,0.009864074642327017,-3.3436654701510364,-3.3022676810940808,-3.3436654701510364,-3.3022676810940808
ood_test,165,15038946426069692038,-2.2,1.2307353848142815e-09,2445.249484887284,482.48119148575233,42.87746783295031,307.55593866537106,0.000523356807318937,-3.281202122577083,-3.2748811,0.009199263315795918,0.005673053009587011,0.007241747892721799,-3.29291168059542,-3.2568505683974998,-3.29291168059542,-3.2568505683974998
ood_test,172,1367897570274288222,-2.0,1.0060692139373963e-09,2527.3807724384133,522.7157534573084,43.167246359099664,298.50956140834,0.0005273439883392317,-3.277906000532371,-3.2802303,0.009678082494155173,0.004030604341113313,0.008798834923701758,-3.2991993254257266,-3.2612612420486387,-3.2991993254257266,-3.2612612420486387
ood_test,175,13944279034983237670,-2.8000000000000003,1.000096056099185e-09,2446.239819629679,503.61049666576776,43.101977222602514,303.9832024614659,0.0005358971010825793,-3.2709185922514887,-3.273203,0.009472794079779192,0.004238090987430729,0.00847186040470035,-3.2917695725145313,-3.254636219721797,-3.2917695725145313,-3.254636219721797
ood_test,181,13944279034983237670,-1.0,1.000096056099185e-09,2446.239819629679,503.61049666576776,43.101977222602514,303.9832024614659,0.0005015619941540898,-3.2996753795826503,-3.2976825,0.009747598711750627,0.004417414558133828,0.00868919591278852,-3.316787817202448,-3.278577230252386,-3.316787817202448,-3.278577230252386
ood_test,186,12981595077382156139,-1.0,1.032683367538443e-09,2526.170348943833,478.8149532207128,42.09307571557734,293.4443281911712,0.0004979460049762025,-3.30281774762629,-3.2976818,0.01020554885574875,0.0038502980433314238,0.00945137110176431,-3.317684684228947,-3.2776789327144122,-3.317684684228947,-3.2776789327144122
ood_test,190,3392607520233113049,-2.4000000000000004,9.42387899986183e-10,2596.3418775504824,506.9916211367261,42.54178389838287,305.55199671356803,0.0005166635057531874,-3.286792213526431,-3.2763035,0.009309367207558648,0.004200122906729573,0.008308025327960296,-3.294549889466195,-3.258057170012565,-3.294549889466195,-3.258057170012565
ood_test,192,5637171177688138856,-1.4,1.0663734802785015e-09,2646.766281337793,486.2018595083384,41.79339850063371,299.641349014439,0.0005078103633758176,-3.294298440305531,-3.2973077,0.010186751881023023,0.003438911215363472,0.009588732934657184,-3.3172737634078744,-3.2773416960342643,-3.3172737634078744,-3.2773416960342643
ood_test,205,12935788499417564366,-2.0,1.020786601528739e-09,2414.9946347184086,525.5036010755978,41.93453001893169,295.92616711681853,0.0005202427257000675,-3.2837939836015004,-3.2787344,0.010023464000754576,0.003269965822870064,0.009475080025088456,-3.2983804350133785,-3.2590884561304203,-3.2983804350133785,-3.2590884561304203
ood_test,218,4757004652079025251,-1.2000000000000002,1.0727653122619132e-09,2512.3283017034155,474.34077412964,42.74916053103488,290.5746947786968,0.0005037209581634256,-3.2978099792090516,-3.288619,0.009898224830013867,0.004453433715273648,0.008839784246831774,-3.308019562109698,-3.269218520776044,-3.308019562109698,-3.269218520776044
ood_test,221,15038946426069692038,-2.0,1.2307353848142815e-09,2445.249484887284,482.48119148575233,42.87746783295031,307.55593866537106,0.0005201153323585705,-3.283900343570727,-3.2772396,0.009206837702467049,0.005685399003468031,0.007241691891110031,-3.295284962977768,-3.2591941591840974,-3.295284962977768,-3.2591941591840974
ood_test,223,10893922623691634355,-1.2000000000000002,9.808684991835892e-10,2440.440905080504,475.02919518003887,43.13862383173334,296.64614602139693,0.0005113382637818774,-3.2912917075129466,-3.292644,0.010455629788202081,0.0041626551295841484,0.009591271899296722,-3.3131370582801396,-3.2721509895103877,-3.3131370582801396,-3.2721509895103877
ood_test,224,7167329586276071870,-3.0,9.67689959245767e-10,2498.119875502734,535.4265253830317,42.346830624956574,300.5747457097431,0.0005260492565826721,-3.2789735888110747,-3.2658691,0.009463571356511094,0.004612680708158039,0.008263313776068634,-3.284417740483762,-3.247320540766238,-3.284417740483762,-3.247320540766238
ood_test,225,9029148243980292461,-2.4000000000000004,1.0073410050818803e-09,2574.374612551252,485.6872921198837,42.17824256593523,298.72995545788456,0.0005219701800569618,-3.2823543073552806,-3.2776659,0.009873530143378969,0.003460716421246623,0.009247163585967267,-3.297017972581389,-3.2583137344193434,-3.297017972581389,-3.2583137344193434
ood_test,230,9029148243980292461,-1.4,1.0073410050818803e-09,2574.374612551252,485.6872921198837,42.17824256593523,298.72995545788456,0.0005036825576826699,-3.297843088319037,-3.2904456,0.010393840443594137,0.0037263401624792305,0.009702902003659674,-3.310817493446813,-3.2700736389079235,-3.310817493446813,-3.2700736389079235
ood_test,233,3392607520233113049,-2.0,9.42387899986183e-10,2596.3418775504824,506.9916211367261,42.54178389838287,305.55199671356803,0.0005102455490162565,-3.292220775041309,-3.2803266,0.009480466300591362,0.004247714493317984,0.008475620609307353,-3.2989083187922987,-3.2617448908939806,-3.2989083187922987,-3.2617448908939806
ood_test,236,11643629726484600332,-2.0,9.595802013951228e-10,2610.2949574222403,489.9218602044182,42.219532217947325,302.0841812978663,0.0005159253247734,-3.2874131537715763,-3.2821794,0.010231042408749105,0.003792548911389321,0.009502146346245804,-3.302232198742486,-3.2621265125001897,-3.302232198742486,-3.2621265125001897
ood_test,246,13944279034983237670,-2.6,1.000096056099185e-09,2446.239819629679,503.61049666576776,43.101977222602514,303.9832024614659,0.0005333061913130454,-3.273023374431724,-3.2751656,0.009590112733404953,0.004138409805279819,0.008651232217755756,-3.293962178818802,-3.256368936903854,-3.293962178818802,-3.256368936903854
ood_test,248,13640118791446356878,0.0,9.682475573035431e-10,2330.6047518253104,479.0686974559265,41.64371883461047,301.63426669668445,0.0004539241311067,-3.3430167290705177,-3.3519323,0.011109252937307499,0.004632312646673677,0.010097384778851467,-3.373706422973309,-3.330158151459064,-3.373706422973309,-3.330158151459064
ood_test,252,3744802582600429992,-1.6,9.725086180844783e-10,2468.017331565751,490.28733545372194,44.50977871149023,303.263152322465,0.0005158291856794607,-3.2874940890671156,-3.2876868,0.010498572228936456,0.005324286779066735,0.009048313332789925,-3.3082640263672993,-3.2671096232298686,-3.3082640263672993,-3.2671096232298686
ood_test,258,2124884718484563516,-1.0,9.603042271636284e-10,2438.0715583385486,503.6957420101608,43.08491203323523,298.5763734449834,0.0005032378930408231,-3.2982266646237317,-3.2945917,0.01021912216206116,0.004306038485178474,0.009267604174262464,-3.314621144705584,-3.2745621858303045,-3.314621144705584,-3.2745621858303045
ood_test,260,1367897570274288222,-2.2,1.0060692139373963e-09,2527.3807724384133,522.7157534573084,43.167246359099664,298.50956140834,0.0005306572595484358,-3.2751858901165365,-3.27799,0.009615321555318973,0.004020866133129666,0.008734244823787216,-3.2968361330163694,-3.2591440725195193,-3.2968361330163694,-3.2591440725195193
ood_test,264,2056914843148536795,-2.0,1.000072357945733e-09,2615.067429542859,502.8265147659643,41.97319841319997,303.92619603855775,0.0005159547676181924,-3.2873883701457993,-3.2856643,0.010175529292968425,0.0034755531374148774,0.009563573367172793,-3.3056083574062836,-3.2657202825778473,-3.3056083574062836,-3.2657202825778473
ood_test,284,5637171177688138856,-1.0,1.0663734802785015e-09,2646.766281337793,486.2018595083384,41.79339850063371,299.641349014439,0.0004971293203384632,-3.3035306217218263,-3.3064826,0.010243648169142543,0.003787387654410806,0.009517774169520052,-3.3265601038935753,-3.286405003070536,-3.3265601038935753,-3.286405003070536
ood_test,289,59563343903943478,0.0,8.8914003988915e-10,2578.309809077789,484.4641187531683,42.13424050837239,300.34884642744885,0.0004414217541588,-3.3551462677345807,-3.3448555,0.011113071167680911,0.005452789224449784,0.009683358790589187,-3.3666371664399484,-3.3230739274626395,-3.3666371664399484,-3.3230739274626395
ood_test,296,14988660033747214345,-0.2,1.1774606839117e-09,2487.5677489208106,509.6158544320055,42.33569419095241,299.8381908200232,0.000458843133683254,-3.3383357628716714,-3.3241024,0.009239648574498974,0.005597086485865065,0.007351443579965017,-3.3422121129394164,-3.3059926905273804,-3.3422121129394164,-3.3059926905273804
ood_test,304,9029148243980292461,-0.4,1.0073410050818803e-09,2574.374612551252,485.6872921198837,42.17824256593523,298.72995545788456,0.00047023054931214696,-3.3276891596289597,-3.3188667,0.01055899864275198,0.004649844862107133,0.00948005269832614,-3.339562367076122,-3.2981710923965344,-3.339562367076122,-3.2981710923965344
ood_test,305,1906069974405082520,-1.2000000000000002,9.304065850268983e-10,2472.4930947482308,495.539662311,41.9345213676303,296.5403011366731,0.0005012609204431291,-3.2999361527527515,-3.2937849,0.01067147079544609,0.003301695458963945,0.010147861123164128,-3.314700939555339,-3.2728687740371902,-3.314700939555339,-3.2728687740371902
ood_test,306,10954724855113224492,-3.0,1.1396379394271226e-09,2408.4924726992253,490.0725825278824,43.06550150160359,292.35304316269765,0.0005421464027510932,-3.26588341951098,-3.2655447,0.009529288235843128,0.00481632213537348,0.008222552024602129,-3.2842220578810952,-3.2468672479965903,-3.2842220578810952,-3.2468672479965903
ood_test,308,9029148243980292461,-0.6000000000000001,1.0073410050818803e-09,2574.374612551252,485.6872921198837,42.17824256593523,298.72995545788456,0.00047921143532095805,-3.319472827017878,-3.31082,0.010270952665829457,0.004434145883047186,0.009264492373859182,-3.330951169916676,-3.2906890354666247,-3.330951169916676,-3.2906890354666247
ood_test,322,2056914843148536795,-0.2,1.000072357945733e-09,2615.067429542859,502.8265147659643,41.97319841319997,303.92619603855775,0.00045869127197191775,-3.338479523592668,-3.3370147,0.010323828308111344,0.004809782766442731,0.009134955922813073,-3.357249378624279,-3.3167799716564828,-3.357249378624279,-3.3167799716564828
ood_test,324,13304175874445473708,-0.2,9.663377701466595e-10,2642.527368087266,478.3559331791431,43.40306406282464,301.888862689621,0.000456674870590183,-3.3403928856215552,-3.338514,0.010935946840996568,0.005667512898331296,0.009352765083087518,-3.359948545392704,-3.317079633775997,-3.359948545392704,-3.317079633775997
ood_test,332,2832837163574657009,-2.0,1.0574423663675307e-09,2585.038533860248,471.3266920396063,42.543125490608695,301.3994726877767,0.0005121463069860538,-3.2906059545711845,-3.2805662,0.009773021419338505,0.004234535222442589,0.008807988150993807,-3.29972133749704,-3.2614110935332334,-3.29972133749704,-3.2614110935332334
ood_test,333,5637171177688138856,-0.2,1.0663734802785015e-09,2646.766281337793,486.2018595083384,41.79339850063371,299.641349014439,0.0004624624199167742,-3.334923552624145,-3.3384721,0.010330941862242265,0.004588070023940793,0.0092562392206647,-3.3587207739644236,-3.318223481864434,-3.3587207739644236,-3.318223481864434
ood_test,337,14082706842164037214,-0.4,1.011801650795657e-09,2503.197375042157,521.464297637573,42.04226242943757,288.6545802497056,0.0004804984147090595,-3.318308040845058,-3.3172565,0.010508294243682964,0.0043922425083624764,0.009546331617930491,-3.3378527073706947,-3.2966601939354576,-3.3378527073706947,-3.2966601939354576
ood_test,341,7167329586276071870,-0.2,9.67689959245767e-10,2498.119875502734,535.4265253830317,42.346830624956574,300.5747457097431,0.00045594997262207563,-3.341082806033083,-3.3222818,0.010763888973381661,0.005775627046080738,0.009083140262845487,-3.3433790598512068,-3.301184615075551,-3.3433790598512068,-3.301184615075551
ood_test,351,3262830124868165494,-2.0,1.0882818479532783e-09,2447.508764517909,466.8571183944717,43.278933930679706,307.8168200832177,0.0005205668213593718,-3.283523515365709,-3.280669,0.009696835612196987,0.004748473821203204,0.008454620679612692,-3.2996747717226356,-3.2616631761228234,-3.2996747717226356,-3.2616631761228234
ood_test,357,11643629726484600332,-1.0,9.595802013951228e-10,2610.2949574222403,489.9218602044182,42.219532217947325,302.0841812978663,0.0004930907212186728,-3.307073169769499,-3.2992737,0.010350350806388154,0.0043982984416928465,0.009369349656789316,-3.319560416904862,-3.27898704174382,-3.319560416904862,-3.27898704174382
ood_test,359,7167329586276071870,-2.6,9.67689959245767e-10,2498.119875502734,535.4265253830317,42.346830624956574,300.5747457097431,0.0005210543772607167,-3.2831169513416323,-3.2690635,0.009549274064062044,0.004385860686134712,0.008482502735090849,-3.2877800499133643,-3.250346895582241,-3.2877800499133643,-3.250346895582241
ood_test,368,7311808897764695838,-0.2,9.756514716409811e-10,2404.497548871577,500.9208966540563,41.62971960161597,300.52976098251094,0.0004676381706253879,-3.330090047092311,-3.3345528,0.010911988271933216,0.00394147811334418,0.01017527492420172,-3.3559402619055674,-3.313165267879589,-3.3559402619055674,-3.313165267879589
ood_test,370,10954724855113224492,-0.2,1.1396379394271226e-09,2408.4924726992253,490.0725825278824,43.06550150160359,292.35304316269765,0.0004728914515534509,-3.325238536643742,-3.317348,0.009612829146236204,0.005141801478812511,0.008122090530836647,-3.336189148514074,-3.2985068582608283,-3.336189148514074,-3.2985068582608283
ood_test,383,10893922623691634355,-0.4,9.808684991835892e-10,2440.440905080504,475.02919518003887,43.13862383173334,296.64614602139693,0.0004826467370895284,-3.316370625491284,-3.3148038,0.010805425976076132,0.0048115619983732285,0.009675023996490803,-3.3359824736429675,-3.2936252038167493,-3.3359824736429675,-3.2936252038167493
ood_test,384,14988660033747214345,-1.6,1.1774606839117e-09,2487.5677489208106,509.6158544320055,42.33569419095241,299.8381908200232,0.0005066817576834584,-3.2952647315491332,-3.282774,0.009397059659122886,0.004667004295727317,0.008156211705640294,-3.301192208489498,-3.2643557346257364,-3.301192208489498,-3.2643557346257364
ood_test,387,9151669764478585745,-1.6,1.016175641189933e-09,2547.6570837434488,498.1799092392847,42.56757336192149,293.18283111534566,0.0005088330906918974,-3.2934246531819915,-3.2819476,0.010032057211928949,0.00424509996023847,0.009089626329037325,-3.301610444897832,-3.2622847806270703,-3.301610444897832,-3.2622847806270703
ood_test,389,11643629726484600332,-2.8000000000000003,9.595802013951228e-10,2610.2949574222403,489.9218602044182,42.219532217947325,302.0841812978663,0.0005277406444757041,-3.277579456909156,-3.2746632,0.009490949397483342,0.0037675381192711316,0.008711128977773238,-3.2932654707342284,-3.256060949096094,-3.2932654707342284,-3.256060949096094
ood_test,392,59563343903943478,-1.6,8.8914003988915e-10,2578.309809077789,484.4641187531683,42.13424050837239,300.34884642744885,0.0005059775178635931,-3.295868779770278,-3.2880433,0.010740211761813579,0.0036658577470519375,0.010095228379439304,-3.3090940756274954,-3.2669924455211863,-3.3090940756274954,-3.2669924455211863
ood_test,393,10813817281839957845,-2.2,1.1201765668553064e-09,2329.913862262383,487.444276821995,41.61971486534147,298.1037724082114,0.0005312052378225044,-3.2747376513618085,-3.2833147,0.010127699868209553,0.0029331390685068326,0.009693657689408726,-3.3031649966367103,-3.263464413153329,-3.3031649966367103,-3.263464413153329
ood_test,394,12935788499417564366,-2.8000000000000003,1.020786601528739e-09,2414.9946347184086,525.5036010755978,41.93453001893169,295.92616711681853,0.000531378307523522,-3.2745961787837126,-3.270665,0.009668614848175367,0.0034973731870987378,0.0090139054027453,-3.2896154154460517,-3.251714445241204,-3.2896154154460517,-3.251714445241204
ood_test,395,4757004652079025251,-0.6000000000000001,1.0727653122619132e-09,2512.3283017034155,474.34077412964,42.74916053103488,290.5746947786968,0.00048461866837722805,-3.314599860076649,-3.3034763,0.009903031522570889,0.0049872070053732275,0.008555570669365157,-3.322886275402403,-3.284066391833925,-3.322886275402403,-3.284066391833925
ood_test,404,15038946426069692038,-1.2000000000000002,1.2307353848142815e-09,2445.249484887284,482.48119148575233,42.87746783295031,307.55593866537106,0.0005033234922406957,-3.298152798765587,-3.2895682,0.008838000291873777,0.005627784477809636,0.006814564899285188,-3.306890666378347,-3.272245705234202,-3.306890666378347,-3.272245705234202
ood_test,411,3262830124868165494,-0.6000000000000001,1.0882818479532783e-09,2447.508764517909,466.8571183944717,43.278933930679706,307.8168200832177,0.00048378760137881237,-3.3153452660315264,-3.3071609,0.009045369537221945,0.004741671649528075,0.007702938033583878,-3.3248897786325546,-3.2894319300466446,-3.3248897786325546,-3.2894319300466446
ood_test,420,10954724855113224492,-1.2000000000000002,1.1396379394271226e-09,2408.4924726992253,490.0725825278824,43.06550150160359,292.35304316269765,0.0005119236113452848,-3.2907948391145605,-3.2865033,0.009520341472324582,0.0046827414233522454,0.008289078565791044,-3.30516318425768,-3.2678434456861676,-3.30516318425768,-3.2678434456861676
ood_test,427,4757004652079025251,-2.4000000000000004,1.0727653122619132e-09,2512.3283017034155,474.34077412964,42.74916053103488,290.5746947786968,0.0005262816478025931,-3.278781774191406,-3.2728896,0.009778738981484519,0.004412498561226127,0.008726602290576466,-3.2920559425089344,-3.253723285701515,-3.2920559425089344,-3.253723285701515
ood_test,429,5637171177688138856,-2.8000000000000003,1.0663734802785015e-09,2646.766281337793,486.2018595083384,41.79339850063371,299.641349014439,0.00053150990983445,-3.274488633781707,-3.2782855,0.00971905813129554,0.0031290144890783475,0.009201595816661953,-3.2973348573247905,-3.259236149450112,-3.2973348573247905,-3.259236149450112
ood_test,441,3744802582600429992,-2.2,9.725086180844783e-10,2468.017331565751,490.28733545372194,44.50977871149023,303.263152322465,0.0005266398760590848,-3.278486260124055,-3.2797341,0.01034451719270932,0.005237447171325079,0.008920660694997494,-3.3000093883717825,-3.259458880976362,-3.3000093883717825,-3.259458880976362
ood_test,452,14988660033747214345,-2.8000000000000003,1.1774606839117e-09,2487.5677489208106,509.6158544320055,42.33569419095241,299.8381908200232,0.0005255901131670363,-3.2793528128496923,-3.26799,0.009069549413859509,0.004612136885277501,0.007809283744894247,-3.285766429155852,-3.250213795453523,-3.285766429155852,-3.250213795453523
ood_test,458,18058330792975761325,0.0,8.836751126639038e-10,2477.068135205752,531.0701614185327,43.11434944357355,296.9231984392292,0.0004527352556018,-3.344155684614229,-3.340077,0.011037159296134304,0.005971074695304533,0.009282518820384444,-3.3617097555907844,-3.318444091149938,-3.3617097555907844,-3.318444091149938
ood_test,469,3744802582600429992,-1.0,9.725086180844783e-10,2468.017331565751,490.28733545372194,44.50977871149023,303.263152322465,0.000500759463085484,-3.300370834891151,-3.2987943,0.010210619363127473,0.005286519089675156,0.008735528812548589,-3.3188070835134975,-3.2787814556100376,-3.3188070835134975,-3.2787814556100376
ood_test,476,13640118791446356878,-2.4000000000000004,9.682475573035431e-10,2330.6047518253104,479.0686974559265,41.64371883461047,301.63426669668445,0.000530261473826278,-3.2755099254223823,-3.2833426,0.010720853421533746,0.0027779914948115668,0.010354683172040685,-3.3043554725749806,-3.262329727162568,-3.3043554725749806,-3.262329727162568
ood_test,500,3262830124868165494,0.0,1.0882818479532783e-09,2447.508764517909,466.8571183944717,43.278933930679706,307.8168200832177,0.0004483845932534,-3.3483493184231516,-3.338232,0.009640763829735059,0.005857261202800857,0.007657468098419604,-3.3571279375115544,-3.3193361432989925,-3.3571279375115544,-3.3193361432989925
ood_test,501,2832837163574657009,-2.8000000000000003,1.0574423663675307e-09,2585.038533860248,471.3266920396063,42.543125490608695,301.3994726877767,0.0005238831856936402,-3.2807655402381664,-3.272764,0.009369546674507824,0.0043552112739015545,0.008295813603003873,-3.2911282789960734,-3.2543996560320028,-3.2911282789960734,-3.2543996560320028
ood_test,504,9151669764478585745,-1.4,1.016175641189933e-09,2547.6570837434488,498.1799092392847,42.56757336192149,293.18283111534566,0.0005044559458315817,-3.297176754734593,-3.2849417,0.010138562831456054,0.0042570596779419375,0.009201515525194479,-3.3048132564284622,-3.265070090129155,-3.3048132564284622,-3.265070090129155
ood_test,507,5637171177688138856,0.0,1.0663734802785015e-09,2646.766281337793,486.2018595083384,41.79339850063371,299.641349014439,0.0004473117350032,-3.349389708175917,-3.3524861,0.010582256854309127,0.005112348679332004,0.009265422810276383,-3.373227357009885,-3.3317449101409937,-3.373227357009885,-3.3317449101409937
ood_test,513,17938021924088880075,-0.4,1.0849323731926979e-09,2551.147301026894,487.27717818808753,44.82712146868644,302.5978918999191,0.00047404372494593526,-3.3241815979315366,-3.3166914,0.010095106255442559,0.005979334595681157,0.008133800940160018,-3.336477806881273,-3.296904990359938,-3.336477806881273,-3.296904990359938
ood_test,520,1367897570274288222,-2.6,1.0060692139373963e-09,2527.3807724384133,522.7157534573084,43.167246359099664,298.50956140834,0.0005364875974089416,-3.270440313659109,-3.2738664,0.00931100947169169,0.00412575074214747,0.008347039559252364,-3.2921159935883195,-3.255616836459288,-3.2921159935883195,-3.255616836459288
ood_test,527,1367897570274288222,-1.8,1.0060692139373963e-09,2527.3807724384133,522.7157534573084,43.167246359099664,298.50956140834,0.0005237048744471725,-3.280913383830694,-3.2828684,0.009757970480137284,0.0040834152104466505,0.008862487840016958,-3.3019940074560106,-3.2637427631738722,-3.3019940074560106,-3.2637427631738722
ood_test,529,7311808897764695838,-2.6,9.756514716409811e-10,2404.497548871577,500.9208966540563,41.62971960161597,300.52976098251094,0.0005328572224618111,-3.2733891433253928,-3.2785902,0.010261005295199448,0.002765636898273316,0.009881269161294332,-3.298701772710134,-3.258478631952952,-3.298701772710134,-3.258478631952952
ood_test,532,59563343903943478,-1.8,8.8914003988915e-10,2578.309809077789,484.4641187531683,42.13424050837239,300.34884642744885,0.0005100126788695158,-3.29241902724594,-3.285044,0.010700075474131513,0.0036411445056661524,0.010061494492890533,-3.306016102778541,-3.2640718069199455,-3.306016102778541,-3.2640718069199455
ood_test,533,2124884718484563516,-0.4,9.603042271636284e-10,2438.0715583385486,503.6957420101608,43.08491203323523,298.5763734449834,0.000480085255492487,-3.318681631994972,-3.313262,0.01057095464950527,0.004913935980916485,0.00935939756313181,-3.333981056891839,-3.2925429146657783,-3.333981056891839,-3.2925429146657783
ood_test,550,5637171177688138856,-0.8,1.0663734802785015e-09,2646.766281337793,486.2018595083384,41.79339850063371,299.641349014439,0.0004906075916252338,-3.3092657358372586,-3.3124306,0.010270302912189309,0.0038597957142717555,0.00951741049640267,-3.3325604139013727,-3.29230082648559,-3.3325604139013727,-3.29230082648559
ood_test,552,9151669764478585745,-0.8,1.016175641189933e-09,2547.6570837434488,498.1799092392847,42.56757336192149,293.18283111534566,0.00048763808008376046,-3.3119023872938147,-3.2972972,0.010258901523807984,0.004760411947923821,0.009087548196937995,-3.3174046862902524,-3.2771897923169253,-3.3174046862902524,-3.2771897923169253
ood_test,553,10954724855113224492,0.0,1.1396379394271226e-09,2408.4924726992253,490.0725825278824,43.06550150160359,292.35304316269765,0.0004583574547372,-3.338795700880053,-3.3296685,0.009902702934800639,0.00563417203514222,0.008143686236714331,-3.3490778196333126,-3.3102592241288944,-3.3490778196333126,-3.3102592241288944
ood_test,554,3392607520233113049,-1.6,9.42387899986183e-10,2596.3418775504824,506.9916211367261,42.54178389838287,305.55199671356803,0.0005025611151049155,-3.2988111173126224,-3.2856438,0.009769628261439955,0.0044130761200173695,0.008716099626856278,-3.304792287386685,-3.2664953446018403,-3.304792287386685,-3.2664953446018403
ood_test,565,4374302465450070181,-3.0,1.1621717411232646e-09,2521.3696634346124,503.94444076752967,42.25069338145754,304.38892783295006,0.0005329482516114318,-3.2733149581979366,-3.2688107,0.008871915677622133,0.004595465610285195,0.007588977452509534,-3.2861997037820943,-3.251421794325816,-3.2861997037820943,-3.251421794325816
ood_test,571,14082706842164037214,-0.8,1.011801650795657e-09,2503.197375042157,521.464297637573,42.04226242943757,288.6545802497056,0.000496768669857078,-3.303845801996625,-3.302184,0.010281557211999968,0.00403438681142138,0.009456962491604295,-3.3223359570549533,-3.282032252783914,-3.3223359570549533,-3.282032252783914
ood_test,577,4757004652079025251,-1.6,1.0727653122619132e-09,2512.3283017034155,474.34077412964,42.74916053103488,290.5746947786968,0.0005128171696400492,-3.29003744262516,-3.2820022,0.009985115716339792,0.004411732418694052,0.00895763120481915,-3.3015730374210914,-3.2624313838130394,-3.3015730374210914,-3.2624313838130394
ood_test,578,10813817281839957845,-3.0,1.1201765668553064e-09,2329.913862262383,487.444276821995,41.61971486534147,298.1037724082114,0.0005416088344021887,-3.2663142603110398,-3.2752182,0.009823975464146725,0.0032179241323007646,0.009281995913768541,-3.2944732402770374,-3.255963256457582,-3.2944732402770374,-3.255963256457582
ood_test,580,14082706842164037214,-2.2,1.011801650795657e-09,2503.197375042157,521.464297637573,42.04226242943757,288.6545802497056,0.0005282960413312455,-3.2771226435898675,-3.2765522,0.010089762487187138,0.0034105895809688497,0.009495850550590332,-3.2963281347922697,-3.256776265842496,-3.2963281347922697,-3.256776265842496
ood_test,581,13944279034983237670,0.0,1.000096056099185e-09,2446.239819629679,503.61049666576776,43.101977222602514,303.9832024614659,0.0004518656204944,-3.3449907000442196,-3.3405626,0.010422860073981213,0.005630086616356037,0.008771438665337729,-3.3609913877609943,-3.320133776270988,-3.3609913877609943,-3.320133776270988
ood_test,587,1367897570274288222,-1.2000000000000002,1.0060692139373963e-09,2527.3807724384133,522.7157534573084,43.167246359099664,298.50956140834,0.000510189252453887,-3.2922686943917205,-3.293251,0.009949906221056855,0.0043309716847020445,0.00895786330788479,-3.312752853790928,-3.2737492214043846,-3.312752853790928,-3.2737492214043846
ood_test,595,13640118791446356878,-1.0,9.682475573035431e-10,2330.6047518253104,479.0686974559265,41.64371883461047,301.63426669668445,0.0005018988582226497,-3.299383792299945,-3.3068526,0.010946800358188069,0.0030900910073860706,0.010501608460899762,-3.3283083078188698,-3.285396850414773,-3.3283083078188698,-3.285396850414773
ood_test,597,10893922623691634355,-1.8,9.808684991835892e-10,2440.440905080504,475.02919518003887,43.13862383173334,296.64614602139693,0.000524611720755039,-3.2801620107293212,-3.2834601,0.01050936637092512,0.004109752835932805,0.009672471537486982,-3.3040584983152845,-3.2628617821412584,-3.3040584983152845,-3.2628617821412584
ood_test,600,14988660033747214345,-1.2000000000000002,1.1774606839117e-09,2487.5677489208106,509.6158544320055,42.33569419095241,299.8381908200232,0.0004975252014708432,-3.303184915757412,-3.2902203,0.009235575975358859,0.00468825083492922,0.00795714554263445,-3.3083219895318203,-3.272118531708414,-3.3083219895318203,-3.272118531708414
ood_test,613,13304175874445473708,-1.0,9.663377701466595e-10,2642.527368087266,478.3559331791431,43.40306406282464,301.888862689621,0.0004916097498131771,-3.3083795125877113,-3.307032,0.010088255841415122,0.004769901859604691,0.008889371987256508,-3.3268050897560584,-3.287259126857711,-3.3268050897560584,-3.287259126857711
ood_test,614,14082706842164037214,-2.8000000000000003,1.011801650795657e-09,2503.197375042157,521.464297637573,42.04226242943757,288.6545802497056,0.0005363812044144976,-3.270526448870559,-3.270723,0.009730433205666515,0.0035603267579850557,0.009055683279842193,-3.289794753560035,-3.2516514553938225,-3.289794753560035,-3.2516514553938225
ood_test,615,13944279034983237670,-1.4,1.000096056099185e-09,2446.239819629679,503.61049666576776,43.101977222602514,303.9832024614659,0.0005121975366567539,-3.2905625145418402,-3.2900074,0.009949098583354615,0.004277233752542578,0.008982751638647125,-3.3095075860523546,-3.2705071196056044,-3.3095075860523546,-3.2705071196056044
ood_test,616,4374302465450070181,-1.8,1.1621717411232646e-09,2521.3696634346124,503.94444076752967,42.25069338145754,304.38892783295006,0.0005151404029653135,-3.2880743866428834,-3.2818785,0.009093004643135165,0.004474149925959293,0.00791610445782732,-3.299700760475057,-3.2640561822739667,-3.299700760475057,-3.2640561822739667
ood_test,622,2124884718484563516,0.0,9.603042271636284e-10,2438.0715583385486,503.6957420101608,43.08491203323523,298.5763734449834,0.0004538594492497,-3.3430786182128855,-3.3366678,0.010991220431811253,0.005663627870854691,0.009419672840067384,-3.358210568154138,-3.315124984061438,-3.358210568154138,-3.315124984061438
ood_test,628,10954724855113224492,-1.6,1.1396379394271226e-09,2408.4924726992253,490.0725825278824,43.06550150160359,292.35304316269765,0.0005211179407591377,-3.2830639749265584,-3.2796798,0.009764949765343606,0.0047236188889924645,0.008546441057210601,-3.2988190767781105,-3.2605404736979637,-3.2988190767781105,-3.2605404736979637
ood_test,631,17938021924088880075,-2.4000000000000004,1.0849323731926979e-09,2551.147301026894,487.27717818808753,44.82712146868644,302.5978918999191,0.0005264240515277595,-3.278664276675322,-3.2765548,0.009912482975313558,0.005606289642304956,0.008174767805963599,-3.2959832895533676,-3.2571263562901382,-3.2959832895533676,-3.2571263562901382
ood_test,632,17938021924088880075,-2.6,1.0849323731926979e-09,2551.147301026894,487.27717818808753,44.82712146868644,302.5978918999191,0.0005291831539516746,-3.2763939896211194,-3.274411,0.009852081526071954,0.005643964895301207,0.008075219205941755,-3.293721042849573,-3.2551008832673705,-3.293721042849573,-3.2551008832673705
ood_test,633,17938021924088880075,-1.4,1.0849323731926979e-09,2551.147301026894,487.27717818808753,44.82712146868644,302.5978918999191,0.000508186286328206,-3.293977058790462,-3.2903805,0.010104907212220115,0.005805649982452134,0.0082706452641827,-3.310186096041225,-3.270574859769322,-3.310186096041225,-3.270574859769322
ood_test,634,7167329586276071870,-0.8,9.67689959245767e-10,2498.119875502734,535.4265253830317,42.346830624956574,300.5747457097431,0.000483251292005086,-3.3158269761821217,-3.2966604,0.010535568378050246,0.005014902838624302,0.009265470715269581,-3.317310137299787,-3.27601070925783,-3.317310137299787,-3.27601070925783
ood_test,635,18058330792975761325,-1.2000000000000002,8.836751126639038e-10,2477.068135205752,531.0701614185327,43.11434944357355,296.9231984392292,0.0005079872331256693,-3.2941472023868412,-3.2900755,0.010090336672387309,0.004303128425521197,0.009126772940312854,-3.3098526004204816,-3.2702984806647235,-3.3098526004204816,-3.2702984806647235
ood_test,637,18058330792975761325,-0.8,8.836751126639038e-10,2477.068135205752,531.0701614185327,43.11434944357355,296.9231984392292,0.0004958275380355409,-3.304669356380711,-3.2999654,0.01037221235124218,0.004684038569118792,0.00925432706924603,-3.3202949178307493,-3.2796358454138796,-3.3202949178307493,-3.2796358454138796
ood_test,640,13944279034983237670,-0.4,1.000096056099185e-09,2446.239819629679,503.61049666576776,43.101977222602514,303.9832024614659,0.0004783494695348775,-3.3202547033114844,-3.316819,0.010095451711168161,0.004909785789181751,0.008821118842157789,-3.3366060379143145,-3.297031867206535,-3.3366060379143145,-3.297031867206535
ood_test,641,9029148243980292461,-0.8,1.0073410050818803e-09,2574.374612551252,485.6872921198837,42.17824256593523,298.72995545788456,0.0004867211276838009,-3.3127198014093837,-3.304148,0.010166595349095947,0.004267842687080069,0.009227414583841489,-3.3240744856397213,-3.284221431871265,-3.3240744856397213,-3.284221431871265
ood_test,645,13304175874445473708,-0.4,9.663377701466595e-10,2642.527368087266,478.3559331791431,43.40306406282464,301.888862689621,0.00046804700244812794,-3.3297105318000932,-3.32758,0.01092889873453241,0.005314368758679038,0.009549780102722595,-3.3490006166478574,-3.3061593336084902,-3.3490006166478574,-3.3061593336084902
ood_test,649,2056914843148536795,-2.4000000000000004,1.000072357945733e-09,2615.067429542859,502.8265147659643,41.97319841319997,303.92619603855775,0.0005222728605263914,-3.282102541327209,-3.280959,0.00984587816681181,0.0033006331151358946,0.00927615960121685,-3.300256812121868,-3.261660969707966,-3.300256812121868,-3.261660969707966
ood_test,654,13640118791446356878,-1.6,9.682475573035431e-10,2330.6047518253104,479.0686974559265,41.64371883461047,301.63426669668445,0.0005166117521400391,-3.286835718504327,-3.2945118,0.011104042763258463,0.0028072941694894443,0.01074331681503472,-3.316275718859932,-3.2727478712279585,-3.316275718859932,-3.2727478712279585
ood_test,658,59563343903943478,-2.4000000000000004,8.8914003988915e-10,2578.309809077789,484.4641187531683,42.13424050837239,300.34884642744885,0.0005200580417255995,-3.2839481836835565,-3.2783504,0.010109203143089086,0.0034079004915266806,0.009517467847450866,-3.2981643914014214,-3.2585363150805122,-3.2981643914014214,-3.2585363150805122
ood_test,665,17938021924088880075,-1.2000000000000002,1.0849323731926979e-09,2551.147301026894,487.27717818808753,44.82712146868644,302.5978918999191,0.0005031562378005325,-3.2982971388430613,-3.2941127,0.009923408687353965,0.005762459920133196,0.00807886740732522,-3.313562563369743,-3.2746628013153156,-3.313562563369743,-3.2746628013153156
ood_test,675,9151669764478585745,-2.6,1.016175641189933e-09,2547.6570837434488,498.1799092392847,42.56757336192149,293.18283111534566,0.0005251729764365945,-3.2796976292817486,-3.2715163,0.00971281563837898,0.004312067092421173,0.008703151784328308,-3.290553441740822,-3.252479204438377,-3.290553441740822,-3.252479204438377
ood_test,678,14082706842164037214,-1.0,1.011801650795657e-09,2503.197375042157,521.464297637573,42.04226242943757,288.6545802497056,0.0005030689125295023,-3.2983725193549116,-3.2964458,0.010257485964994869,0.0038930670814847825,0.009489996695365077,-3.316550519049007,-3.276341174066227,-3.316550519049007,-3.276341174066227
ood_test,679,1367897570274288222,-3.0,1.0060692139373963e-09,2527.3807724384133,522.7157534573084,43.167246359099664,298.50956140834,0.0005414720095465176,-3.2664239885560793,-3.2702792,0.009231160619365996,0.0043137137422226066,0.008161261971472595,-3.2883722438965988,-3.2521860942686844,-3.2883722438965988,-3.2521860942686844
ood_test,685,2124884718484563516,-1.8,9.603042271636284e-10,2438.0715583385486,503.6957420101608,43.08491203323523,298.5763734449834,0.0005222261057507157,-3.2821414218656257,-3.2815065,0.010298868457218316,0.004108661816580657,0.009443812233612105,-3.3016923205672613,-3.2613207562149653,-3.3016923205672613,-3.2613207562149653
ood_test,686,12981595077382156139,-2.4000000000000004,1.032683367538443e-09,2526.170348943833,478.8149532207128,42.09307571557734,293.4443281911712,0.0005265037184083365,-3.2785985572828262,-3.2767642,0.01001814114876379,0.003451264631144848,0.009404888414560721,-3.296399711085781,-3.257128597782627,-3.296399711085781,-3.257128597782627
ood_test,694,15038946426069692038,-2.8000000000000003,1.2307353848142815e-09,2445.249484887284,482.48119148575233,42.87746783295031,307.55593866537106,0.0005315774670430562,-3.274433436582327,-3.2685676,0.009110506158889881,0.005779036397216425,0.007043014365795491,-3.2864241541746955,-3.2507109700318475,-3.2864241541746955,-3.2507109700318475
ood_test,702,17938021924088880075,-2.2,1.0849323731926979e-09,2551.147301026894,487.27717818808753,44.82712146868644,302.5978918999191,0.0005234388205619069,-3.2811340712822763,-3.278716,0.010007837526916755,0.005623344831961067,0.00827857455263443,-3.2983314488940656,-3.2591007257885516,-3.2983314488940656,-3.2591007257885516
ood_test,705,15038946426069692038,-2.6,1.2307353848142815e-09,2445.249484887284,482.48119148575233,42.87746783295031,307.55593866537106,0.0005290544382932872,-3.276499637919493,-3.2706308,0.009138278235299144,0.005737353655387716,0.007112728275827666,-3.2885418618280027,-3.25271981114563,-3.2885418618280027,-3.25271981114563
ood_test,709,1906069974405082520,-0.8,9.304065850268983e-10,2472.4930947482308,495.539662311,41.9345213676303,296.5403011366731,0.000489475912108776,-3.3102686756599082,-3.3036048,0.010550713777801436,0.0035896304447402545,0.009921295469907504,-3.3242842402367905,-3.282925442227809,-3.3242842402367905,-3.282925442227809
ood_test,710,3744802582600429992,-2.4000000000000004,9.725086180844783e-10,2468.017331565751,490.28733545372194,44.50977871149023,303.263152322465,0.0005296192956010982,-3.2760362006445907,-3.277656,0.010153949105609666,0.00523653933796805,0.0086995015587902,-3.297557818585618,-3.2577543380916283,-3.297557818585618,-3.2577543380916283
ood_test,717,59563343903943478,-0.4,8.8914003988915e-10,2578.309809077789,484.4641187531683,42.13424050837239,300.34884642744885,0.00046763451059122043,-3.3300934461708356,-3.3202271,0.010939205729970517,0.004675344150212308,0.009889761164736595,-3.341667989379424,-3.2987863029179394,-3.341667989379424,-3.2987863029179394
ood_test,718,3744802582600429992,-3.0,9.725086180844783e-10,2468.017331565751,490.28733545372194,44.50977871149023,303.263152322465,0.0005372560229166456,-3.2698187071444718,-3.2717876,0.00983050066399498,0.0053726168447404445,0.008232479828403928,-3.2910554247340476,-3.252519862131187,-3.2910554247340476,-3.252519862131187
ood_test,719,15038946426069692038,-0.6000000000000001,1.2307353848142815e-09,2445.249484887284,482.48119148575233,42.87746783295031,307.55593866537106,0.00048388928950376985,-3.315253990540455,-3.3040972,0.008613549205500044,0.005734692566751431,0.006427014853742948,-3.3209797320409247,-3.2872146191553644,-3.3209797320409247,-3.2872146191553644
ood_test,724,4757004652079025251,-1.8,1.0727653122619132e-09,2512.3283017034155,474.34077412964,42.74916053103488,290.5746947786968,0.0005166621200137575,-3.2867933783460637,-3.2792215,0.009974737200770994,0.004470189330042712,0.008916994276222247,-3.298772019642515,-3.2596710498154926,-3.298772019642515,-3.2596710498154926
ood_test,727,3262830124868165494,-0.2,1.0882818479532783e-09,2447.508764517909,466.8571183944717,43.278933930679706,307.8168200832177,0.0004634999301468232,-3.3339503269711592,-3.3245928,0.00933999334201342,0.005237397579536345,0.007733378620529782,-3.3428992157009567,-3.306286441800264,-3.3428992157009567,-3.306286441800264
ood_test,737,10893922623691634355,-3.0,9.808684991835892e-10,2440.440905080504,475.02919518003887,43.13862383173334,296.64614602139693,0.0005421194373084478,-3.265905021119207,-3.2720375,0.009869616777737374,0.004339442434520565,0.00886445531832918,-3.2913819549878807,-3.2526930572191506,-3.2913819549878807,-3.2526930572191506
ood_test,738,3744802582600429992,-0.6000000000000001,9.725086180844783e-10,2468.017331565751,490.28733545372194,44.50977871149023,303.263152322465,0.00048663202600640945,-3.3127993128729893,-3.3096907,0.010405734376271732,0.0054094726524657084,0.008889145956654795,-3.330085953259939,-3.2892954745049536,-3.330085953259939,-3.2892954745049536
ood_test,744,59563343903943478,-0.2,8.8914003988915e-10,2578.309809077789,484.4641187531683,42.13424050837239,300.34884642744885,0.00045643608788289227,-3.340620025628039,-3.3310702,0.011003427433740175,0.00501959617852136,0.009791785332871743,-3.3526369024777725,-3.3095034669375107,-3.3526369024777725,-3.3095034669375107
ood_test,749,15230833052760599040,-1.4,8.595939611542648e-10,2643.7199291480506,484.396762738386,41.95641496228942,305.9180523366615,0.0005014355610110885,-3.299784869812897,-3.298416,0.010437711971309284,0.0038570273454394334,0.00969892588922417,-3.3188738147404995,-3.2779579838129673,-3.3188738147404995,-3.2779579838129673
ood_test,751,12935788499417564366,-0.6000000000000001,1.020786601528739e-09,2414.9946347184086,525.5036010755978,41.93453001893169,295.92616711681853,0.00048483572698060693,-3.31440538500753,-3.30847,0.010223668413387553,0.0038669753907876556,0.009464137445092696,-3.328508400847686,-3.2884316206672066,-3.328508400847686,-3.2884316206672066
ood_test,753,5637171177688138856,-2.2,1.0663734802785015e-09,2646.766281337793,486.2018595083384,41.79339850063371,299.641349014439,0.0005231108594789353,-3.281406264176684,-3.2845864,0.010218998013909773,0.003203281734978162,0.009703963335410404,-3.3046156657032104,-3.264557193488684,-3.3046156657032104,-3.264557193488684
ood_test,761,15230833052760599040,0.0,8.595939611542648e-10,2643.7199291480506,484.396762738386,41.95641496228942,305.9180523366615,0.0004401098938912,-3.3564388681694917,-3.3533602,0.010628202465814321,0.005606881370178694,0.009028929353217958,-3.3741914529194217,-3.33252889925343,-3.3741914529194217,-3.33252889925343
ood_test,762,1906069974405082520,-2.4000000000000004,9.304065850268983e-10,2472.4930947482308,495.539662311,41.9345213676303,296.5403011366731,0.0005240215193782142,-3.2806508779870476,-3.2775028,0.01023758919958021,0.0030615379446440228,0.009769094559332628,-3.297568450023438,-3.2574371003610834,-3.297568450023438,-3.2574371003610834
ood_test,763,13944279034983237670,-2.2,1.000096056099185e-09,2446.239819629679,503.61049666576776,43.101977222602514,303.9832024614659,0.0005274854578263153,-3.277789508869781,-3.2791626,0.009653108474179651,0.004035438022398898,0.0087691351773549,-3.298082737949358,-3.2602425527305736,-3.298082737949358,-3.2602425527305736
ood_test,778,1367897570274288222,-0.6000000000000001,1.0060692139373963e-09,2527.3807724384133,522.7157534573084,43.167246359099664,298.50956140834,0.0004903872767704548,-3.3094608062303936,-3.3101866,0.010065629166106344,0.004784465314896247,0.008855832419553388,-3.329915257692546,-3.290457991361409,-3.329915257692546,-3.290457991361409
ood_test,779,5637171177688138856,-2.0,1.0663734802785015e-09,2646.766281337793,486.2018595083384,41.79339850063371,299.641349014439,0.0005198246141885365,-3.284143160092475,-3.2871559,0.010278793566195144,0.0032887125310888435,0.009738478545651066,-3.3073023020126673,-3.2670094312331823,-3.3073023020126673,-3.2670094312331823
ood_test,781,11643629726484600332,-1.2000000000000002,9.595802013951228e-10,2610.2949574222403,489.9218602044182,42.219532217947325,302.0841812978663,0.0004987888992759872,-3.3020832204638033,-3.2948031,0.01031601439647422,0.00417692339565705,0.009432574801756797,-3.315022530764697,-3.274583754330518,-3.315022530764697,-3.274583754330518
ood_test,790,7167329586276071870,-1.4,9.67689959245767e-10,2498.119875502734,535.4265253830317,42.346830624956574,300.5747457097431,0.0005000574977176664,-3.300980056652296,-3.2831163,0.010132549068014063,0.004431932807305042,0.009111889331228721,-3.3029761368105146,-3.2632565444638995,-3.3029761368105146,-3.2632565444638995
ood_test,795,14988660033747214345,-2.6,1.1774606839117e-09,2487.5677489208106,509.6158544320055,42.33569419095241,299.8381908200232,0.0005230445660372511,-3.2814613054740787,-3.2700157,0.009177760721031778,0.004557855467596602,0.007966005942221594,-3.288004127565957,-3.252027305539512,-3.288004127565957,-3.252027305539512
ood_test,798,10954724855113224492,-1.0,1.1396379394271226e-09,2408.4924726992253,490.0725825278824,43.06550150160359,292.35304316269765,0.0005064274432641496,-3.2954827679684864,-3.2905564,0.00935520823774066,0.004659496368800273,0.008112275404976598,-3.308892638962622,-3.2722202226706787,-3.308892638962622,-3.2722202226706787
ood_test,799,4106527973129540887,0.0,1.0203477325736783e-09,2420.870896846657,485.827773341465,41.83782044136868,301.83723728961854,0.0004556423772458,-3.3413758909403106,-3.3469694,0.010619271220814698,0.004744248735746709,0.00950058032527095,-3.367783137666405,-3.3261555944808117,-3.367783137666405,-3.3261555944808117
ood_test,819,3744802582600429992,0.0,9.725086180844783e-10,2468.017331565751,490.28733545372194,44.50977871149023,303.263152322465,0.0004513728017942,-3.3454646135935824,-3.341774,0.011277421729136514,0.0065714450346464,0.009164951870455906,-3.3638777334055137,-3.319670240227299,-3.3638777334055137,-3.319670240227299
ood_test,823,2832837163574657009,-1.0,1.0574423663675307e-09,2585.038533860248,471.3266920396063,42.543125490608695,301.3994726877767,0.0004895787073451385,-3.3101774786966436,-3.2968302,0.010050545165712634,0.004718025812356945,0.008874327795237428,-3.3165292458319255,-3.2771311087823323,-3.3165292458319255,-3.2771311087823323
ood_test,824,15230833052760599040,-1.8,8.595939611542648e-10,2643.7199291480506,484.396762738386,41.95641496228942,305.9180523366615,0.0005100654529245043,-3.2923740905294765,-3.2913914,0.010479615345993993,0.0037886885111275293,0.009770781354867798,-3.3119314187588125,-3.2708513266025157,-3.3119314187588125,-3.2708513266025157
ood_test,827,2832837163574657009,-0.2,1.0574423663675307e-09,2585.038533860248,471.3266920396063,42.543125490608695,301.3994726877767,0.00045573547492723857,-3.341287164163879,-3.3268898,0.010214449063710523,0.005765589263210045,0.00843166339237902,-3.3469100735065473,-3.3068694331768023,-3.3469100735065473,-3.3068694331768023
ood_test,831,2124884718484563516,-1.2000000000000002,9.603042271636284e-10,2438.0715583385486,503.6957420101608,43.08491203323523,298.5763734449834,0.0005088694909670703,-3.2933935862692434,-3.2906077,0.01030933401143673,0.004197033034668247,0.009416330286034889,-3.3108139854735734,-3.270401396148741,-3.3108139854735734,-3.270401396148741
ood_test,836,3744802582600429992,-0.4,9.725086180844783e-10,2468.017331565751,490.28733545372194,44.50977871149023,303.263152322465,0.0004775027276268321,-3.3210241432636933,-3.3171763,0.010653077976930589,0.005556956945365141,0.009088910453012198,-3.338056374845282,-3.2962963091757143,-3.338056374845282,-3.2962963091757143
ood_test,838,12981595077382156139,0.0,1.032683367538443e-09,2526.170348943833,478.8149532207128,42.09307571557734,293.4443281911712,0.0004493822152347,-3.34738411922946,-3.341827,0.010805305876234027,0.005274445007234405,0.009430528381413528,-3.3630053152583854,-3.320648516223548,-3.3630053152583854,-3.320648516223548
ood_test,840,4374302465450070181,-0.2,1.1621717411232646e-09,2521.3696634346124,503.94444076752967,42.25069338145754,304.38892783295006,0.0004622672398998715,-3.3351068831893054,-3.3253407,0.008936783761440869,0.005486242090862395,0.0070545905061942605,-3.342856844005676,-3.307824651660828,-3.342856844005676,-3.307824651660828
ood_test,847,15038946426069692038,-1.8,1.2307353848142815e-09,2445.249484887284,482.48119148575233,42.87746783295031,307.55593866537106,0.0005165535855706938,-3.2868846195256887,-3.2798598,0.009261052660403862,0.005716156707974547,0.007286470240104885,-3.2980114444796502,-3.2617081180508674,-3.2980114444796502,-3.2617081180508674
ood_test,852,4106527973129540887,-2.2,1.0203477325736783e-09,2420.870896846657,485.827773341465,41.83782044136868,301.83723728961854,0.0005302371849738033,-3.275529818921569,-3.2828338,0.010398802321340396,0.003019194653683741,0.009950856899020477,-3.3032154671707987,-3.2624521620711446,-3.3032154671707987,-3.2624521620711446
ood_test,854,14082706842164037214,-1.4,1.011801650795657e-09,2503.197375042157,521.464297637573,42.04226242943757,288.6545802497056,0.0005134152656439324,-3.289531222368202,-3.287866,0.010594845072029,0.0036966555972921906,0.009929022342895014,-3.308632011911245,-3.2671002192288916,-3.308632011911245,-3.2671002192288916
ood_test,862,12935788499417564366,-1.8,1.020786601528739e-09,2414.9946347184086,525.5036010755978,41.93453001893169,295.92616711681853,0.0005167770402709133,-3.286696789721081,-3.2813153,0.009983457258969613,0.003305976883391315,0.009420186975346504,-3.3008829029182545,-3.261747750463093,-3.3008829029182545,-3.261747750463093
ood_test,863,14082706842164037214,-1.2000000000000002,1.011801650795657e-09,2503.197375042157,521.464297637573,42.04226242943757,288.6545802497056,0.0005085628464358359,-3.293655370816397,-3.291826,0.01051335530500669,0.003757749644780536,0.009818857051774803,-3.3124321861481794,-3.271219833352553,-3.3124321861481794,-3.271219833352553
ood_test,868,11643629726484600332,-1.4,9.595802013951228e-10,2610.2949574222403,489.9218602044182,42.219532217947325,302.0841812978663,0.0005038157749109706,-3.2977282384863154,-3.2909725,0.010402856703088732,0.004051110377075276,0.009581645019818397,-3.3113620703752367,-3.2705828720991286,-3.3113620703752367,-3.2705828720991286
ood_test,870,10954724855113224492,-2.2,1.1396379394271226e-09,2408.4924726992253,490.0725825278824,43.06550150160359,292.35304316269765,0.0005317287815399153,-3.2743098314562418,-3.2723637,0.009895214237342695,0.004616154832242277,0.008752506072250974,-3.2917582826249183,-3.252969042814535,-3.2917582826249183,-3.252969042814535
ood_test,872,3744802582600429992,-0.8,9.725086180844783e-10,2468.017331565751,490.28733545372194,44.50977871149023,303.263152322465,0.0004942624543831807,-3.3060423785610897,-3.3036919,0.010229287466674314,0.005322335156632542,0.008735620574225701,-3.3237412674483537,-3.28364246057899,-3.3237412674483537,-3.28364246057899
ood_test,879,2124884718484563516,-1.4,9.603042271636284e-10,2438.0715583385486,503.6957420101608,43.08491203323523,298.5763734449834,0.0005138392476523762,-3.289172726874114,-3.2872477,0.010172389829118365,0.004107378165178392,0.009306285094756785,-3.307185541840951,-3.267309773710807,-3.307185541840951,-3.267309773710807
ood_test,880,7311808897764695838,-2.4000000000000004,9.756514716409811e-10,2404.497548871577,500.9208966540563,41.62971960161597,300.52976098251094,0.0005301065946006773,-3.2756367930554635,-3.2805853,0.010410298170271691,0.002722962995388141,0.010047873956303138,-3.300989473415197,-3.2601811045877325,-3.300989473415197,-3.2601811045877325
ood_test,882,9029148243980292461,-2.8000000000000003,1.0073410050818803e-09,2574.374612551252,485.6872921198837,42.17824256593523,298.72995545788456,0.0005272816003369452,-3.2779573832514184,-3.2741396,0.009576156187146951,0.0035548827940748463,0.008891882613731054,-3.292908908842262,-3.255370376588646,-3.292908908842262,-3.255370376588646
ood_test,885,13944279034983237670,-1.8,1.000096056099185e-09,2446.239819629679,503.61049666576776,43.101977222602514,303.9832024614659,0.0005205961031659941,-3.283499087052445,-3.2839332,0.009836668263189777,0.004170235926078312,0.008908938140746272,-3.303213032485061,-3.264653292893357,-3.303213032485061,-3.264653292893357
ood_test,898,7167329586276071870,0.0,9.67689959245767e-10,2498.119875502734,535.4265253830317,42.346830624956574,300.5747457097431,0.000441288545103,-3.355277345752728,-3.3365607,0.01081965240961976,0.006309397974666568,0.008789560247131175,-3.357767244888626,-3.3153542074429168,-3.357767244888626,-3.3153542074429168
ood_test,900,9151669764478585745,-2.0,1.016175641189933e-09,2547.6570837434488,498.1799092392847,42.56757336192149,293.18283111534566,0.0005162797078978577,-3.2871149443333207,-3.277032,0.009990134270416033,0.00421532329601521,0.009057252674408116,-3.2966125616685504,-3.25745123532852,-3.2966125616685504,-3.25745123532852
ood_test,906,7167329586276071870,-1.6,9.67689959245767e-10,2498.119875502734,535.4265253830317,42.346830624956574,300.5747457097431,0.000504439687637828,-3.297190751908531,-3.2799108,0.009918148584157089,0.004297218568684173,0.00893888011093198,-3.2993503740661345,-3.2604712316162385,-3.2993503740661345,-3.2604712316162385
ood_test,914,3262830124868165494,-1.0,1.0882818479532783e-09,2447.508764517909,466.8571183944717,43.278933930679706,307.8168200832177,0.00049786739665944,-3.30288631299851,-3.2967074,0.00903820065619747,0.004543241071079883,0.007813323957560087,-3.314422265025039,-3.2789925184527444,-3.314422265025039,-3.2789925184527444
ood_test,919,13640118791446356878,-2.8000000000000003,9.682475573035431e-10,2330.6047518253104,479.0686974559265,41.64371883461047,301.63426669668445,0.0005354807882263161,-3.2712561060029386,-3.279078,0.01023514806908171,0.002790476818003793,0.00984741045187596,-3.299138896959785,-3.2590171165289847,-3.299138896959785,-3.2590171165289847
ood_test,922,9151669764478585745,-2.4000000000000004,1.016175641189933e-09,2547.6570837434488,498.1799092392847,42.56757336192149,293.18283111534566,0.0005224472160501025,-3.2819575806928003,-3.2732875,0.009792958667846007,0.004216687913603163,0.008838640599458929,-3.2924817337027235,-3.2540933357247668,-3.2924817337027235,-3.2540933357247668
ood_test,923,59563343903943478,-1.2000000000000002,8.8914003988915e-10,2578.309809077789,484.4641187531683,42.13424050837239,300.34884642744885,0.000496487388988739,-3.3040917783109145,-3.2952604,0.010621481597683986,0.0038568040137105766,0.009896511045750135,-3.3160785333137848,-3.2744423254508637,-3.3160785333137848,-3.2744423254508637
ood_test,924,1367897570274288222,-1.6,1.0060692139373963e-09,2527.3807724384133,522.7157534573084,43.167246359099664,298.50956140834,0.0005196812684560866,-3.284262936732591,-3.2859595,0.00972692467095336,0.004104699871227648,0.008818418619865088,-3.3050242545480617,-3.2668947098379246,-3.3050242545480617,-3.2668947098379246
ood_test,928,15230833052760599040,-3.0,8.595939611542648e-10,2643.7199291480506,484.396762738386,41.95641496228942,305.9180523366615,0.0005282972842877853,-3.2771216217981274,-3.2779317,0.009419010266781169,0.0035388406938171592,0.008728938165033569,-3.2963929503389555,-3.2594704300931734,-3.2963929503389555,-3.2594704300931734
ood_test,930,10813817281839957845,-0.2,1.1201765668553064e-09,2329.913862262383,487.444276821995,41.61971486534147,298.1037724082114,0.0004730066713807016,-3.325132733842753,-3.333238,0.010138239641431514,0.004254497435524013,0.00920234475387957,-3.353108836126039,-3.313366936731627,-3.353108836126039,-3.313366936731627
ood_test,933,9029148243980292461,-1.2000000000000002,1.0073410050818803e-09,2574.374612551252,485.6872921198837,42.17824256593523,298.72995545788456,0.0004987305513230445,-3.3021340268796724,-3.2942252,0.010273923450126,0.0038426356059333574,0.009528255242257389,-3.314362105874112,-3.2740883259496183,-3.314362105874112,-3.2740883259496183
ood_test,944,12935788499417564366,-3.0,1.020786601528739e-09,2414.9946347184086,525.5036010755978,41.93453001893169,295.92616711681853,0.0005336555835779136,-3.2727389422399686,-3.269321,0.009633130742579304,0.003606159691548499,0.008932682149417549,-3.288201901068688,-3.250440028557777,-3.288201901068688,-3.250440028557777
ood_test,951,13640118791446356878,-1.8,9.682475573035431e-10,2330.6047518253104,479.0686974559265,41.64371883461047,301.63426669668445,0.0005205311337108013,-3.2835532896031414,-3.29128,0.011008273934671828,0.002855246561642829,0.01063154097153753,-3.3128562481161805,-3.2697038142922668,-3.3128562481161805,-3.2697038142922668
ood_test,962,3392607520233113049,-1.4,9.42387899986183e-10,2596.3418775504824,506.9916211367261,42.54178389838287,305.55199671356803,0.000498071364366714,-3.302708426456766,-3.2889054,0.00981739358796849,0.0045373936256776605,0.008705932298088484,-3.3081474735887904,-3.269663290723954,-3.3081474735887904,-3.269663290723954
ood_test,965,1906069974405082520,0.0,9.304065850268983e-10,2472.4930947482308,495.539662311,41.9345213676303,296.5403011366731,0.0004477816224206,-3.348933734439667,-3.3421698,0.011269931682242142,0.004880041511432766,0.01015857025065782,-3.3642588277549095,-3.32008069556052,-3.3642588277549095,-3.32008069556052
ood_test,968,4106527973129540887,-3.0,1.0203477325736783e-09,2420.870896846657,485.827773341465,41.83782044136868,301.83723728961854,0.0005407894756018722,-3.266971768864696,-3.2754416,0.00989433777838262,0.0031003912556420367,0.00939603543687393,-3.294834548621558,-3.2560487445302977,-3.294834548621558,-3.2560487445302977
ood_test,972,15230833052760599040,-2.6,8.595939611542648e-10,2643.7199291480506,484.396762738386,41.95641496228942,305.9180523366615,0.0005231381003164754,-3.2813836490135952,-3.2814882,0.00984516701381418,0.003527463932650647,0.009191535093371981,-3.3007847075075984,-3.2621916528134465,-3.3007847075075984,-3.2621916528134465
ood_test,985,4106527973129540887,-2.8000000000000003,1.0203477325736783e-09,2420.870896846657,485.827773341465,41.83782044136868,301.83723728961854,0.0005384494069313226,-3.2688550970508325,-3.2767992,0.009914739907739617,0.0030450775190936138,0.009435548284926196,-3.2962320921845016,-3.2573663117461624,-3.2962320921845016,-3.2573663117461624
ood_test,990,59563343903943478,-1.4,8.8914003988915e-10,2578.309809077789,484.4641187531683,42.13424050837239,300.34884642744885,0.0005014976695705803,-3.2997310807791345,-3.291418,0.010750725895743404,0.0037213884055061837,0.010086098092566533,-3.3124894983171806,-3.2703466528058662,-3.3124894983171806,-3.2703466528058662
ood_test,1000,15230833052760599040,-2.0,8.595939611542648e-10,2643.7199291480506,484.396762738386,41.95641496228942,305.9180523366615,0.0005137688543110626,-3.2892322270662295,-3.2884316,0.010405089345659084,0.0036880151558428323,0.009729564168606797,-3.3088256195571892,-3.2680376693222053,-3.3088256195571892,-3.2680376693222053
ood_test,1002,10813817281839957845,-1.6,1.1201765668553064e-09,2329.913862262383,487.444276821995,41.61971486534147,298.1037724082114,0.0005206617715382354,-3.2834443082845133,-3.291467,0.010099778004356767,0.0029125652233643563,0.009670702426329695,-3.3112625162587785,-3.2716713864817,-3.3112625162587785,-3.2716713864817
ood_test,1003,18058330792975761325,-2.4000000000000004,8.836751126639038e-10,2477.068135205752,531.0701614185327,43.11434944357355,296.9231984392292,0.0005313232562936645,-3.2746411743801898,-3.2739155,0.00952701645961636,0.004188124392728797,0.00855708203816467,-3.2925884815119466,-3.2552425769902507,-3.2925884815119466,-3.2552425769902507
ood_test,1017,13944279034983237670,-0.6000000000000001,1.000096056099185e-09,2446.239819629679,503.61049666576776,43.101977222602514,303.9832024614659,0.000487472730764953,-3.3120496737286156,-3.309077,0.009901180095791487,0.004751850448505509,0.008686385036708712,-3.32848333744759,-3.2896707114720876,-3.32848333744759,-3.2896707114720876
ood_test,1018,4757004652079025251,-1.4,1.0727653122619132e-09,2512.3283017034155,474.34077412964,42.74916053103488,290.5746947786968,0.0005085368096348125,-3.2936776058824417,-3.2851381,0.009979912289472898,0.004395979435191094,0.00895957641743031,-3.304698758275355,-3.2655775021006215,-3.304698758275355,-3.2655775021006215
ood_test,1037,4106527973129540887,-0.6000000000000001,1.0203477325736783e-09,2420.870896846657,485.827773341465,41.83782044136868,301.83723728961854,0.00049076308109308,-3.309128115628459,-3.3150089,0.010408981795036043,0.003530616216146774,0.0097919175776417,-3.3354104830261564,-3.294607274389615,-3.3354104830261564,-3.294607274389615
ood_test,1039,13304175874445473708,-2.2,9.663377701466595e-10,2642.527368087266,478.3559331791431,43.40306406282464,301.888862689621,0.0005180109333581428,-3.285661073754767,-3.2870903,0.009792550463326496,0.004140001465546806,0.008874368953048484,-3.3062837004217918,-3.267896902605552,-3.3062837004217918,-3.267896902605552
ood_test,1040,17938021924088880075,-0.8,1.0849323731926979e-09,2551.147301026894,487.27717818808753,44.82712146868644,302.5978918999191,0.0004909021945535974,-3.309005026404129,-3.3032203,0.009767708688120932,0.005750119998716102,0.007895837946831352,-3.322364981092926,-3.284075563035492,-3.322364981092926,-3.284075563035492
ood_test,1045,17938021924088880075,0.0,1.0849323731926979e-09,2551.147301026894,487.27717818808753,44.82712146868644,302.5978918999191,0.0004479341926845,-3.3487857847814433,-3.3410728,0.010950000546677394,0.0070160080945591945,0.008407029430383389,-3.3625347988467564,-3.3196107967037807,-3.3625347988467564,-3.3196107967037807
ood_test,1046,7167329586276071870,-2.2,9.67689959245767e-10,2498.119875502734,535.4265253830317,42.346830624956574,300.5747457097431,0.0005152500515248191,-3.287981956119456,-3.2727652,0.009630898100008951,0.00422303195161094,0.008655645549593976,-3.2916417198829513,-3.253888599330916,-3.2916417198829513,-3.253888599330916
ood_test,1050,9151669764478585745,-1.0,1.016175641189933e-09,2547.6570837434488,498.1799092392847,42.56757336192149,293.18283111534566,0.0004939770584730244,-3.306293220327224,-3.2923694,0.010103324998008124,0.004576229056643002,0.009007513122385217,-3.3121718826882347,-3.2725668486960426,-3.3121718826882347,-3.2725668486960426
ood_test,1056,13640118791446356878,-0.8,9.682475573035431e-10,2330.6047518253104,479.0686974559265,41.64371883461047,301.63426669668445,0.0004955982778365464,-3.3048702114311324,-3.312544,0.010917222735837959,0.003196202591476158,0.010438871811919267,-3.3339418639993763,-3.2911463508748913,-3.3339418639993763,-3.2911463508748913
ood_test,1061,3262830124868165494,-0.4,1.0882818479532783e-09,2447.508764517909,466.8571183944717,43.278933930679706,307.8168200832177,0.0004747183908511709,-3.3235639431489923,-3.3144538,0.008937936180150497,0.004870005752716715,0.007494647123155293,-3.331972195168832,-3.2969354853426425,-3.331972195168832,-3.2969354853426425
ood_test,1062,15230833052760599040,-2.4000000000000004,8.595939611542648e-10,2643.7199291480506,484.396762738386,41.95641496228942,305.9180523366615,0.0005202618593107273,-3.2837780113095008,-3.2836165,0.010115278305888558,0.0035101594346144383,0.009486708118789707,-3.303442488295704,-3.2637905973366204,-3.303442488295704,-3.2637905973366204
ood_test,1065,4374302465450070181,-2.6,1.1621717411232646e-09,2521.3696634346124,503.94444076752967,42.25069338145754,304.38892783295006,0.000527929002773148,-3.277424478559098,-3.2723663,0.009107455757844078,0.004428362198516193,0.00795835126408299,-3.290216898609471,-3.2545156720387225,-3.290216898609471,-3.2545156720387225
ood_test,1068,7167329586276071870,-0.4,9.67689959245767e-10,2498.119875502734,535.4265253830317,42.346830624956574,300.5747457097431,0.0004669453770773666,-3.330733919907865,-3.311398,0.010579891292250605,0.005424413275238929,0.00908349246575323,-3.3321346162602037,-3.2906614423945815,-3.3321346162602037,-3.2906614423945815
ood_test,1072,10893922623691634355,-0.8,9.808684991835892e-10,2440.440905080504,475.02919518003887,43.13862383173334,296.64614602139693,0.0004992649300527579,-3.301668939091057,-3.3014007,0.010612694067663962,0.00438723036410927,0.00966340939715383,-3.3222015418411273,-3.2805997810958845,-3.3222015418411273,-3.2805997810958845
ood_test,1089,1367897570274288222,-0.4,1.0060692139373963e-09,2527.3807724384133,522.7157534573084,43.167246359099664,298.50956140834,0.00048126613461076703,-3.317614697369233,-3.3184984,0.010274082008906305,0.005025466226983755,0.00896110735305803,-3.3386355737690727,-3.2983611722941597,-3.3386355737690727,-3.2983611722941597
ood_test,1092,4106527973129540887,-1.6,1.0203477325736783e-09,2420.870896846657,485.827773341465,41.83782044136868,301.83723728961854,0.000519521156809289,-3.2843967616805556,-3.2911575,0.0104623499816142,0.003043970643863435,0.01000974563002614,-3.3116636900185292,-3.2706512780906016,-3.3116636900185292,-3.2706512780906016
ood_test,1096,4106527973129540887,-0.2,1.0203477325736783e-09,2420.870896846657,485.827773341465,41.83782044136868,301.83723728961854,0.00047055244448209805,-3.3273919661158144,-3.333685,0.010677724758572288,0.004237251300613321,0.00980099456177556,-3.35461326179145,-3.312756580737847,-3.35461326179145,-3.312756580737847
ood_test,1101,3392607520233113049,-3.0,9.42387899986183e-10,2596.3418775504824,506.9916211367261,42.54178389838287,305.55199671356803,0.0005246189433474647,-3.2801560316207365,-3.271093,0.009150004837859651,0.004518718437589573,0.007956366917815415,-3.28902690117532,-3.2531588822109105,-3.28902690117532,-3.2531588822109105
ood_test,1103,15230833052760599040,-0.4,8.595939611542648e-10,2643.7199291480506,484.396762738386,41.95641496228942,305.9180523366615,0.00046701974068370463,-3.330664761642013,-3.328454,0.0104742776502025,0.004768990315297485,0.009325621844053767,-3.3489836018335573,-3.307924433444763,-3.3489836018335573,-3.307924433444763
ood_test,1110,2056914843148536795,-1.8,1.000072357945733e-09,2615.067429542859,502.8265147659643,41.97319841319997,303.92619603855775,0.0005123460242965606,-3.2904366294833456,-3.288587,0.01027383911034924,0.0036006354361708148,0.00962222392264889,-3.308723818009556,-3.268450368696987,-3.308723818009556,-3.268450368696987
ood_test,1118,7311808897764695838,0.0,9.756514716409811e-10,2404.497548871577,500.9208966540563,41.62971960161597,300.52976098251094,0.0004529119242795,-3.3439862450476343,-3.3481336,0.011028059371581167,0.00448311018384212,0.010075704058478812,-3.3697485603636603,-3.3265185676270623,-3.3697485603636603,-3.3265185676270623
ood_test,1133,9029148243980292461,-1.0,1.0073410050818803e-09,2574.374612551252,485.6872921198837,42.17824256593523,298.72995545788456,0.0004931338866443042,-3.307035153062101,-3.2986662,0.010293231186539777,0.004064295720414598,0.009456855211408257,-3.318840971910408,-3.278491505659172,-3.318840971910408,-3.278491505659172
ood_test,1135,2056914843148536795,-1.2000000000000002,1.000072357945733e-09,2615.067429542859,502.8265147659643,41.97319841319997,303.92619603855775,0.0004989332947206075,-3.3019575138379995,-3.2997901,0.009973448488982123,0.0038191584483157452,0.00921323470585463,-3.3193381030050797,-3.28024218492827,-3.3193381030050797,-3.28024218492827
ood_test,1139,17938021924088880075,-1.0,1.0849323731926979e-09,2551.147301026894,487.27717818808753,44.82712146868644,302.5978918999191,0.0004974470031151843,-3.3032531812109993,-3.2982814,0.009732391912641957,0.005738334020952757,0.007860722912098383,-3.3173569193468984,-3.279205943049342,-3.3173569193468984,-3.279205943049342
ood_test,1140,15230833052760599040,-0.2,8.595939611542648e-10,2643.7199291480506,484.396762738386,41.95641496228942,305.9180523366615,0.00045556985756452955,-3.341445018408684,-3.3393745,0.010520464136110115,0.005084417032065113,0.009210258523812376,-3.359994651943104,-3.3187544325295524,-3.359994651943104,-3.3187544325295524
ood_test,1143,18058330792975761325,-1.8,8.836751126639038e-10,2477.068135205752,531.0701614185327,43.11434944357355,296.9231984392292,0.0005213814354720478,-3.282844436565436,-3.2802665,0.00983419744508986,0.004178294760427143,0.008902431833008012,-3.2995415503535823,-3.26099149636883,-3.2995415503535823,-3.26099149636883
ood_test,1145,10893922623691634355,0.0,9.808684991835892e-10,2440.440905080504,475.02919518003887,43.13862383173334,296.64614602139693,0.0004565372525907,-3.3405237790618005,-3.3379083,0.011113644678162869,0.005539664929615893,0.009634584085612406,-3.3596910115440526,-3.3161255244056544,-3.3596910115440526,-3.3161255244056544
ood_test,1147,17938021924088880075,-2.8000000000000003,1.0849323731926979e-09,2551.147301026894,487.27717818808753,44.82712146868644,302.5978918999191,0.0005317436160262521,-3.2742977154190545,-3.2722318,0.009741942548962093,0.005666508242910548,0.007924400792987504,-3.291326024641449,-3.2531376098495177,-3.291326024641449,-3.2531376098495177
ood_test,1151,9029148243980292461,-0.2,1.0073410050818803e-09,2574.374612551252,485.6872921198837,42.17824256593523,298.72995545788456,0.00045917288656120215,-3.338023764261003,-3.3295205,0.01060551439114806,0.004977686394013618,0.009364804754899352,-3.3503072721501317,-3.308733655736831,-3.3503072721501317,-3.308733655736831
ood_test,1161,7311808897764695838,-2.0,9.756514716409811e-10,2404.497548871577,500.9208966540563,41.62971960161597,300.52976098251094,0.000523844952624696,-3.280797236267449,-3.2852232,0.010646186405092095,0.0027878803336365047,0.010274677785089328,-3.306089770974708,-3.264356720266747,-3.306089770974708,-3.264356720266747
ood_test,1173,13640118791446356878,-0.6000000000000001,9.682475573035431e-10,2330.6047518253104,479.0686974559265,41.64371883461047,301.63426669668445,0.00048821277182160876,-3.311390863470457,-3.3193119,0.010889955348652818,0.0033920803735614223,0.010348183611484566,-3.3406561697068704,-3.297967544740151,-3.3406561697068704,-3.297967544740151
ood_test,1176,12981595077382156139,-0.4,1.032683367538443e-09,2526.170348943833,478.8149532207128,42.09307571557734,293.4443281911712,0.0004751564125175591,-3.3231634052981605,-3.317593,0.010299922367068691,0.004404273746196635,0.009310787489399262,-3.337780945526222,-3.297405249847313,-3.337780945526222,-3.297405249847313
ood_test,1185,4757004652079025251,-0.4,1.0727653122619132e-09,2512.3283017034155,474.34077412964,42.74916053103488,290.5746947786968,0.0004758031980439177,-3.322572643239991,-3.310956,0.010111569379865824,0.005181255626380153,0.00868322668074866,-3.3307746772662754,-3.291137325297201,-3.3307746772662754,-3.291137325297201
ood_test,1188,4374302465450070181,0.0,1.1621717411232646e-09,2521.3696634346124,503.94444076752967,42.25069338145754,304.38892783295006,0.0004474004517509,-3.349303581721678,-3.338667,0.009283507282568054,0.006026102013971085,0.007061841028122638,-3.356862590167388,-3.3204712416197215,-3.356862590167388,-3.3204712416197215
ood_test,1192,2056914843148536795,-2.2,1.000072357945733e-09,2615.067429542859,502.8265147659643,41.97319841319997,303.92619603855775,0.0005192475050192774,-3.2846255815698755,-3.283146,0.010021645635167662,0.0033503790769818264,0.009445015930906003,-3.3027883299859444,-3.263503479096087,-3.3027883299859444,-3.263503479096087
ood_test,1193,3392607520233113049,-1.0,9.42387899986183e-10,2596.3418775504824,506.9916211367261,42.54178389838287,305.55199671356803,0.0004873596097314794,-3.3121504661188643,-3.2969675,0.009832885792881711,0.0049605893718282345,0.008489886851225613,-3.3162399625627397,-3.277695050254643,-3.3162399625627397,-3.277695050254643
ood_test,1196,17938021924088880075,-0.6000000000000001,1.0849323731926979e-09,2551.147301026894,487.27717818808753,44.82712146868644,302.5978918999191,0.00048322676712206375,-3.3158490170784827,-3.3092287,0.00996246542589352,0.005790014062559316,0.008107184656051453,-3.328755090910899,-3.289702226441396,-3.328755090910899,-3.289702226441396
ood_test,1200,10813817281839957845,-0.6000000000000001,1.1201765668553064e-09,2329.913862262383,487.444276821995,41.61971486534147,298.1037724082114,0.0004925062852194826,-3.3075882227933313,-3.3150032,0.009889583039128081,0.0035143298678955944,0.009244096991684327,-3.334386739418678,-3.2956195739052965,-3.334386739418678,-3.2956195739052965
ood_test,1206,15038946426069692038,-3.0,1.2307353848142815e-09,2445.249484887284,482.48119148575233,42.87746783295031,307.55593866537106,0.0005339179298300354,-3.2725254945841264,-3.2670155,0.009090145187343943,0.005839757662891498,0.00696620107071489,-3.2848321417205146,-3.249198772586126,-3.2848321417205146,-3.249198772586126
ood_test,1209,2832837163574657009,-0.4,1.0574423663675307e-09,2585.038533860248,471.3266920396063,42.543125490608695,301.3994726877767,0.0004668067451289738,-3.3308628772386446,-3.316321,0.010138123589898695,0.005407113162871112,0.008575818962969346,-3.336191618384883,-3.29645017391248,-3.336191618384883,-3.29645017391248
ood_test,1218,4106527973129540887,-2.0,1.0203477325736783e-09,2420.870896846657,485.827773341465,41.83782044136868,301.83723728961854,0.0005270029586784041,-3.2781869465823346,-3.2853093,0.010437033204785931,0.0030483168412393552,0.009981954661506882,-3.3057658998091637,-3.2648527296464027,-3.3057658998091637,-3.2648527296464027
ood_test,1222,13640118791446356878,-1.4,9.682475573035431e-10,2330.6047518253104,479.0686974559265,41.64371883461047,301.63426669668445,0.0005122593674935831,-3.290510091074986,-3.298092,0.010966886044702667,0.002828372197817383,0.01059589021054259,-3.3195869850753517,-3.276596791780117,-3.3195869850753517,-3.276596791780117
ood_test,1227,10813817281839957845,-2.6,1.1201765668553064e-09,2329.913862262383,487.444276821995,41.61971486534147,298.1037724082114,0.0005368061796414109,-3.2701824932699193,-3.2789032,0.009948521699281586,0.0029876893613960376,0.00948929903673173,-3.298402348456495,-3.2594041433953116,-3.298402348456495,-3.2594041433953116
ood_test,1228,15230833052760599040,-1.6,8.595939611542648e-10,2643.7199291480506,484.396762738386,41.95641496228942,305.9180523366615,0.0005059793461518923,-3.295867210502757,-3.2947197,0.010446544707449651,0.003803471587197765,0.009729537179878234,-3.3151949236715232,-3.2742444684183205,-3.3151949236715232,-3.2742444684183205
ood_test,1229,13304175874445473708,-1.6,9.663377701466595e-10,2642.527368087266,478.3559331791431,43.40306406282464,301.888862689621,0.0005069586157472755,-3.295027491724186,-3.2950528,0.010097197207187956,0.004409999067602111,0.00908324214529581,-3.3148432733260154,-3.275262260273838,-3.3148432733260154,-3.275262260273838
ood_test,1236,9151669764478585745,0.0,1.016175641189933e-09,2547.6570837434488,498.1799092392847,42.56757336192149,293.18283111534566,0.0004459244967077,-3.3507386691781913,-3.3351045,0.010758246304957409,0.006103100856560555,0.008859572382613968,-3.3561906282423357,-3.3140183027269026,-3.3561906282423357,-3.3140183027269026
ood_test,1242,14082706842164037214,-1.8,1.011801650795657e-09,2503.197375042157,521.464297637573,42.04226242943757,288.6545802497056,0.0005216115223042689,-3.2826528236835504,-3.2813745,0.01032779295233721,0.003513694283337942,0.009711707076353266,-3.3016169286848718,-3.2611319803117103,-3.3016169286848718,-3.2611319803117103
ood_test,1247,12935788499417564366,-0.8,1.020786601528739e-09,2414.9946347184086,525.5036010755978,41.93453001893169,295.92616711681853,0.0004921569668670573,-3.3078963627364613,-3.3017387,0.010072555148573754,0.003718475646976051,0.009361051972192705,-3.3214809471048765,-3.2819965309224672,-3.3214809471048765,-3.2819965309224672
ood_test,1267,2056914843148536795,-0.6000000000000001,1.000072357945733e-09,2615.067429542859,502.8265147659643,41.97319841319997,303.92619603855775,0.0004792118570205213,-3.3194724448447923,-3.3176498,0.010216557558129488,0.004268562274055373,0.009282102519246363,-3.3376742941225275,-3.29762538849466,-3.3376742941225275,-3.29762538849466
ood_test,1273,13944279034983237670,-0.2,1.000096056099185e-09,2446.239819629679,503.61049666576776,43.101977222602514,303.9832024614659,0.0004670250888095172,-3.330659788301429,-3.3271477,0.010295179772742006,0.005235532995751767,0.008864531561487369,-3.347326274598837,-3.3069691698896886,-3.347326274598837,-3.3069691698896886
ood_test,1279,12981595077382156139,-1.4,1.032683367538443e-09,2526.170348943833,478.8149532207128,42.09307571557734,293.4443281911712,0.0005084115175743709,-3.2937846194824356,-3.289681,0.010366500186841878,0.003571435656020583,0.009731863608280341,-3.3099992981603994,-3.2693626174279795,-3.3099992981603994,-3.2693626174279795
ood_test,1291,18058330792975761325,-1.6,8.836751126639038e-10,2477.068135205752,531.0701614185327,43.11434944357355,296.9231984392292,0.0005174030030772098,-3.28617105490808,-3.2831361,0.009945160927857312,0.004151426469065624,0.009037249303515633,-3.3026286447978728,-3.263643613960672,-3.3026286447978728,-3.263643613960672
ood_test,1304,12935788499417564366,-1.2000000000000002,1.020786601528739e-09,2414.9946347184086,525.5036010755978,41.93453001893169,295.92616711681853,0.000503846325622422,-3.297701904251062,-3.2915163,0.010196085258078228,0.0034950889285850096,0.009578334852260178,-3.311500631121947,-3.2715319769102797,-3.311500631121947,-3.2715319769102797
ood_test,1309,7311808897764695838,-3.0,9.756514716409811e-10,2404.497548871577,500.9208966540563,41.62971960161597,300.52976098251094,0.0005377539179157227,-3.269416416788049,-3.2753446,0.010057541318874307,0.0028999037987182583,0.009630404880994469,-3.295057391199227,-3.2556318292292397,-3.295057391199227,-3.2556318292292397
ood_test,1311,7167329586276071870,-1.8,9.67689959245767e-10,2498.119875502734,535.4265253830317,42.346830624956574,300.5747457097431,0.0005083874733371945,-3.293805158998353,-3.277111,0.009882126053426199,0.004262959076646643,0.008915356735116703,-3.2964800205315123,-3.2577420864020814,-3.2964800205315123,-3.2577420864020814
ood_test,1320,17938021924088880075,-1.6,1.0849323731926979e-09,2551.147301026894,487.27717818808753,44.82712146868644,302.5978918999191,0.0005126420189386064,-3.290185799546089,-3.2868886,0.010137933994080542,0.005807570905207586,0.008309622385972996,-3.30675895002415,-3.267018248767354,-3.30675895002415,-3.267018248767354
ood_test,1321,10813817281839957845,-1.2000000000000002,1.1201765668553064e-09,2329.913862262383,487.444276821995,41.61971486534147,298.1037724082114,0.0005114931343662972,-3.2911601913298134,-3.2985926,0.009945102902090903,0.003036983599397651,0.00947004730192972,-3.3180849691319456,-3.2791001657557497,-3.3180849691319456,-3.2791001657557497
ood_test,1333,10954724855113224492,-2.4000000000000004,1.1396379394271226e-09,2408.4924726992253,490.0725825278824,43.06550150160359,292.35304316269765,0.0005346576351803065,-3.271924226852224,-3.2704854,0.009821914200002746,0.00459423998464934,0.00868118363399646,-3.2897363529855697,-3.2512344493215593,-3.2897363529855697,-3.2512344493215593
ood_test,1341,12981595077382156139,-2.8000000000000003,1.032683367538443e-09,2526.170348943833,478.8149532207128,42.09307571557734,293.4443281911712,0.0005317551633023768,-3.274288284438221,-3.2730076,0.00978319886887951,0.0036263502967453847,0.00908628377500483,-3.292182701084884,-3.253832561518876,-3.292182701084884,-3.253832561518876
ood_test,1342,13304175874445473708,-2.0,9.663377701466595e-10,2642.527368087266,478.3559331791431,43.40306406282464,301.888862689621,0.0005146796937588653,-3.2884629661241096,-3.2893436,0.00985300791417987,0.004208887496330319,0.008908817366185954,-3.308655491016553,-3.2700316999929684,-3.308655491016553,-3.2700316999929684
ood_test,1345,1906069974405082520,-0.6000000000000001,9.304065850268983e-10,2472.4930947482308,495.539662311,41.9345213676303,296.5403011366731,0.0004821200252013009,-3.316844829409325,-3.3102133,0.010886428596547882,0.0037649262850644734,0.010214678467903308,-3.3315507274570706,-3.2888759273586032,-3.3315507274570706,-3.2888759273586032
ood_test,1348,18058330792975761325,-0.6000000000000001,8.836751126639038e-10,2477.068135205752,531.0701614185327,43.11434944357355,296.9231984392292,0.00048823142878623926,-3.311374267300837,-3.3066297,0.010578215966925073,0.0049113184116050075,0.009368969790434797,-3.3273629610405346,-3.285896354450188,-3.3273629610405346,-3.285896354450188
ood_test,1369,10893922623691634355,-1.4,9.808684991835892e-10,2440.440905080504,475.02919518003887,43.13862383173334,296.64614602139693,0.0005162698655818295,-3.287123223768323,-3.2892437,0.01038047495049166,0.00409631750949517,0.009538052150725661,-3.309589429023081,-3.2688979672171534,-3.309589429023081,-3.2688979672171534
ood_test,1371,1906069974405082520,-2.6,9.304065850268983e-10,2472.4930947482308,495.539662311,41.9345213676303,296.5403011366731,0.000526751817026125,-3.2783939576219816,-3.2757149,0.010159927783704524,0.0031338630141646423,0.009664524706361685,-3.295628332723639,-3.255801415811517,-3.295628332723639,-3.255801415811517
ood_test,1380,2832837163574657009,-1.2000000000000002,1.0574423663675307e-09,2585.038533860248,471.3266920396063,42.543125490608695,301.3994726877767,0.0004951820636174127,-3.305235094628203,-3.292625,0.009872715758494589,0.004523391873299316,0.008775502493141062,-3.311975473295585,-3.2732744275222863,-3.311975473295585,-3.2732744275222863
ood_test,1384,3262830124868165494,-1.2000000000000002,1.0882818479532783e-09,2447.508764517909,466.8571183944717,43.278933930679706,307.8168200832177,0.0005035287524642282,-3.297975725348632,-3.2927663,0.009007998919499346,0.004544362790110772,0.007777712330221565,-3.3104220105085616,-3.275110654744124,-3.3104220105085616,-3.275110654744124
ood_test,1390,3392607520233113049,-2.8000000000000003,9.42387899986183e-10,2596.3418775504824,506.9916211367261,42.54178389838287,305.55199671356803,0.0005221586213471687,-3.2821975469761435,-3.2725365,0.009141466278860618,0.00439481959458111,0.008015732674598425,-3.290453790096142,-3.2546192422830083,-3.290453790096142,-3.2546192422830083
ood_test,1397,4757004652079025251,-0.8,1.0727653122619132e-09,2512.3283017034155,474.34077412964,42.74916053103488,290.5746947786968,0.0004919627690826982,-3.3080677626670973,-3.2974548,0.00993636395178229,0.00469094329796246,0.008759359185151265,-3.3169301073298683,-3.2779795606388817,-3.3169301073298683,-3.2779795606388817
ood_test,1398,13304175874445473708,-2.6,9.663377701466595e-10,2642.527368087266,478.3559331791431,43.40306406282464,301.888862689621,0.0005238687828701656,-3.280777480214319,-3.2830582,0.009513286618678285,0.004155589143087318,0.00855766904301091,-3.3017042082765156,-3.264412124731297,-3.3017042082765156,-3.264412124731297
ood_test,1402,12935788499417564366,-2.6,1.020786601528739e-09,2414.9946347184086,525.5036010755978,41.93453001893169,295.92616711681853,0.0005289258238121956,-3.276605228849129,-3.2725482,0.009821164588066917,0.003389815344516795,0.009217614976500362,-3.2917976812925622,-3.25329871610734,-3.2917976812925622,-3.25329871610734
ood_test,1406,1367897570274288222,-0.2,1.0060692139373963e-09,2527.3807724384133,522.7157534573084,43.167246359099664,298.50956140834,0.00047003796840871,-3.327867059501764,-3.3295865,0.010432789901937656,0.005356468813723148,0.008952728027557517,-3.3500347740976903,-3.309138237682095,-3.3500347740976903,-3.309138237682095
ood_test,1411,59563343903943478,-3.0,8.8914003988915e-10,2578.309809077789,484.4641187531683,42.13424050837239,300.34884642744885,0.0005278730042781545,-3.277470547494809,-3.273635,0.009727801129913435,0.0035359896720036136,0.00906238795473539,-3.2927014007981263,-3.254568420368866,-3.2927014007981263,-3.254568420368866
ood_test,1419,15038946426069692038,0.0,1.2307353848142815e-09,2445.249484887284,482.48119148575233,42.87746783295031,307.55593866537106,0.0004487948216414,-3.3479521627713686,-3.3330286,0.009199959624992838,0.006594799056189944,0.006414661437961572,-3.351060475781368,-3.3149966340513957,-3.351060475781368,-3.3149966340513957
ood_test,1422,9151669764478585745,-3.0,1.016175641189933e-09,2547.6570837434488,498.1799092392847,42.56757336192149,293.18283111534566,0.0005300500390634514,-3.2756831291476627,-3.2684934,0.009536173735217694,0.004554384379744328,0.008378316796783712,-3.2871843144461974,-3.2498025134041444,-3.2871843144461974,-3.2498025134041444
ood_test,1424,10813817281839957845,-1.8,1.1201765668553064e-09,2329.913862262383,487.444276821995,41.61971486534147,298.1037724082114,0.0005245345553828376,-3.2802258959971122,-3.2885125,0.010135754654249101,0.00293744242127616,0.009700770568821434,-3.308378547460341,-3.2686463892156845,-3.308378547460341,-3.2686463892156845
ood_test,1430,4374302465450070181,-0.4,1.1621717411232646e-09,2521.3696634346124,503.94444076752967,42.25069338145754,304.38892783295006,0.0004732993420006275,-3.3248640993048673,-3.3151896,0.008807374157419005,0.005072393890849523,0.007200045584064882,-3.3324520533393858,-3.2979271466423037,-3.3324520533393858,-3.2979271466423037
ood_test,1437,15230833052760599040,-2.2,8.595939611542648e-10,2643.7199291480506,484.396762738386,41.95641496228942,305.9180523366615,0.0005171513308348584,-3.2863823533670873,-3.285878,0.010288427867573825,0.003567127580223757,0.009650251042543072,-3.306043261659385,-3.2657126244184957,-3.306043261659385,-3.2657126244184957
ood_test,1438,13304175874445473708,-2.8000000000000003,9.663377701466595e-10,2642.527368087266,478.3559331791431,43.40306406282464,301.888862689621,0.0005264672003796743,-3.278628680770686,-3.2809937,0.009361901442424218,0.004244203934450188,0.008344574138898159,-3.299343026854617,-3.2626443732003145,-3.299343026854617,-3.2626443732003145
ood_test,1439,3262830124868165494,-2.6,1.0882818479532783e-09,2447.508764517909,466.8571183944717,43.278933930679706,307.8168200832177,0.0005297184717209476,-3.2759548825928007,-3.274075,0.009433243447506939,0.0048357651527891786,0.008099472626864652,-3.2925641884376313,-3.255585874123404,-3.2925641884376313,-3.255585874123404
ood_test,1440,9029148243980292461,-2.0,1.0073410050818803e-09,2574.374612551252,485.6872921198837,42.17824256593523,298.72995545788456,0.0005156895302128057,-3.287611685767926,-3.281718,0.01008890896864634,0.0035503304702845274,0.009443581479982893,-3.301492277249323,-3.2619437540922296,-3.301492277249323,-3.2619437540922296
ood_test,1447,10813817281839957845,-1.0,1.1201765668553064e-09,2329.913862262383,487.444276821995,41.61971486534147,298.1037724082114,0.000506030033031361,-3.2958237068899856,-3.3030589,0.00998268065830522,0.003206276134412197,0.009453766351424253,-3.3226249167764355,-3.283492808595879,-3.3226249167764355,-3.283492808595879
ood_test,1489,11643629726484600332,-1.8,9.595802013951228e-10,2610.2949574222403,489.9218602044182,42.219532217947325,302.0841812978663,0.0005122948998531274,-3.2904799677166108,-3.28469,0.010418603276768657,0.0038966562450245185,0.009662471538836277,-3.305110365681744,-3.2642694408368107,-3.305110365681744,-3.2642694408368107
ood_test,1503,3392607520233113049,-1.8,9.42387899986183e-10,2596.3418775504824,506.9916211367261,42.54178389838287,305.55199671356803,0.000506592964813529,-3.2953408456624835,-3.282802,0.009674791218706949,0.004344978497466995,0.008644231341566585,-3.301764695738617,-3.2638395141612855,-3.301764695738617,-3.2638395141612855
ood_test,1508,3744802582600429992,-2.8000000000000003,9.725086180844783e-10,2468.017331565751,490.28733545372194,44.50977871149023,303.263152322465,0.0005348992614278208,-3.2717280017648136,-3.2734141,0.009915777624352853,0.005328640060983903,0.008362310456591372,-3.2928490591229798,-3.2539792108355163,-3.2928490591229798,-3.2539792108355163
ood_test,1511,7311808897764695838,-2.2,9.756514716409811e-10,2404.497548871577,500.9208966540563,41.62971960161597,300.52976098251094,0.0005271148450829551,-3.2780947526205106,-3.282764,0.010569474992461818,0.0027427499504134602,0.010207405005555652,-3.30348012896252,-3.2620477869920697,-3.30348012896252,-3.2620477869920697
ood_test,1512,13944279034983237670,-3.0,1.000096056099185e-09,2446.239819629679,503.61049666576776,43.101977222602514,303.9832024614659,0.0005383057507300656,-3.2689709805837293,-3.2717206,0.00937566906758228,0.004326061422899163,0.008317953806480309,-3.2900969591843507,-3.2533443364394286,-3.2900969591843507,-3.2533443364394286
ood_test,1515,1906069974405082520,-3.0,9.304065850268983e-10,2472.4930947482308,495.539662311,41.9345213676303,296.5403011366731,0.0005316418510415371,-3.2743808385626676,-3.2727005,0.00992807638795889,0.003348945300776931,0.009346189954091423,-3.2921595778923964,-3.2532415184515977,-3.2921595778923964,-3.2532415184515977
ood_test,1521,3744802582600429992,-0.2,9.725086180844783e-10,2468.017331565751,490.28733545372194,44.50977871149023,303.263152322465,0.00046632139706911984,-3.331314656568135,-3.327586,0.010883458486969555,0.005918645041762145,0.009133416890566784,-3.3489175142271117,-3.306254356958191,-3.3489175142271117,-3.306254356958191
ood_test,1523,9029148243980292461,-2.6,1.0073410050818803e-09,2574.374612551252,485.6872921198837,42.17824256593523,298.72995545788456,0.000524731089108063,-3.2800632040919315,-3.275869,0.009661005376157106,0.003480362191485649,0.009012330610433664,-3.2948044632069458,-3.2569333221324097,-3.2948044632069458,-3.2569333221324097
ood_test,1537,13640118791446356878,-2.6,9.682475573035431e-10,2330.6047518253104,479.0686974559265,41.64371883461047,301.63426669668445,0.0005329753905705796,-3.2732928434802613,-3.2811463,0.010447479192176137,0.002777686184819701,0.01007145805675768,-3.3016233471347562,-3.2606692287014254,-3.3016233471347562,-3.2606692287014254
ood_test,1538,5637171177688138856,-1.2000000000000002,1.0663734802785015e-09,2646.766281337793,486.2018595083384,41.79339850063371,299.641349014439,0.0005028115963831254,-3.2985947147030146,-3.3014991,0.0101732548178688,0.003586557777993388,0.009520068886166098,-3.3214387077846976,-3.281559548898652,-3.3214387077846976,-3.281559548898652
ood_test,1541,17938021924088880075,-2.0,1.0849323731926979e-09,2551.147301026894,487.27717818808753,44.82712146868644,302.5978918999191,0.0005201877752256005,-3.283839858242507,-3.2810535,0.010156714100850917,0.005690271818410033,0.0084130634353718,-3.300960702728488,-3.2611463834531524,-3.300960702728488,-3.2611463834531524
ood_test,1555,12981595077382156139,-3.0,1.032683367538443e-09,2526.170348943833,478.8149532207128,42.09307571557734,293.4443281911712,0.0005340946922488798,-3.2723817379613567,-3.2716572,0.009721180120078783,0.0037333245080721582,0.008975723773729391,-3.2907107415052033,-3.252603715434494,-3.2907107415052033,-3.252603715434494
ood_test,1557,12981595077382156139,-0.6000000000000001,1.032683367538443e-09,2526.170348943833,478.8149532207128,42.09307571557734,293.4443281911712,0.00048412214022009896,-3.315045055438959,-3.30963,0.010180253669903331,0.004191197059475664,0.009277468554552143,-3.3295832143377857,-3.289676619951765,-3.3295832143377857,-3.289676619951765
ood_test,1564,12935788499417564366,-1.4,1.020786601528739e-09,2414.9946347184086,525.5036010755978,41.93453001893169,295.92616711681853,0.0005086530834669217,-3.2935783184549177,-3.2876878,0.010234211560200584,0.0034229217431264824,0.009644826982820176,-3.3077468331308935,-3.2676287238149073,-3.3077468331308935,-3.2676287238149073
ood_test,1566,4757004652079025251,-3.0,1.0727653122619132e-09,2512.3283017034155,474.34077412964,42.74916053103488,290.5746947786968,0.0005338464054917488,-3.272583677133325,-3.267855,0.009549375271794154,0.004694109413181975,0.008316002521405224,-3.2865717045030536,-3.2491381534376202,-3.2865717045030536,-3.2491381534376202
ood_test,1567,2832837163574657009,-1.6,1.0574423663675307e-09,2585.038533860248,471.3266920396063,42.543125490608695,301.3994726877767,0.0005045730040857177,-3.2970759890349277,-3.2858658,0.009991333244682432,0.004355812447830289,0.008991864382846331,-3.305448796850984,-3.2662827705318285,-3.305448796850984,-3.2662827705318285
ood_test,1568,14988660033747214345,-2.4000000000000004,1.1774606839117e-09,2487.5677489208106,509.6158544320055,42.33569419095241,299.8381908200232,0.0005203002945887258,-3.283745928210783,-3.2721403,0.009294403307007043,0.004532388903324809,0.008114393345450558,-3.2903572949928424,-3.2539232340293744,-3.2903572949928424,-3.2539232340293744
ood_test,1571,9151669764478585745,-2.2,1.016175641189933e-09,2547.6570837434488,498.1799092392847,42.56757336192149,293.18283111534566,0.0005194953927570465,-3.2844182997123172,-3.2750893,0.00991118819106076,0.004190170475712959,0.008981877203841694,-3.2945151927704948,-3.2556633350615365,-3.2945151927704948,-3.2556633350615365
ood_test,1573,2832837163574657009,-2.6,1.0574423663675307e-09,2585.038533860248,471.3266920396063,42.543125490608695,301.3994726877767,0.0005212790491251633,-3.2829297295755273,-3.2746553,0.009524254163247965,0.004231100569373875,0.008532830641396415,-3.293322880262017,-3.2559878039420846,-3.293322880262017,-3.2559878039420846
ood_test,1574,18058330792975761325,-3.0,8.836751126639038e-10,2477.068135205752,531.0701614185327,43.11434944357355,296.9231984392292,0.0005391396497442472,-3.268298727841313,-3.2686002,0.009266651472144201,0.004512455703126591,0.008093736172608643,-3.286762862334011,-3.250437588563206,-3.286762862334011,-3.250437588563206
ood_test,1582,7311808897764695838,-1.6,9.756514716409811e-10,2404.497548871577,500.9208966540563,41.62971960161597,300.52976098251094,0.0005162854019947126,-3.2871101544855525,-3.291247,0.010878957441763506,0.002794410762550918,0.01051394230985293,-3.312569647607585,-3.269924134435872,-3.312569647607585,-3.269924134435872
ood_test,1586,1367897570274288222,-2.8000000000000003,1.0060692139373963e-09,2527.3807724384133,522.7157534573084,43.167246359099664,298.50956140834,0.0005390725111627964,-3.2683528135148787,-3.2718172,0.009230430574258375,0.004211966235541113,0.008213414990547216,-3.289908851261972,-3.2537255634108795,-3.289908851261972,-3.2537255634108795
ood_test,1590,2124884718484563516,-3.0,9.603042271636284e-10,2438.0715583385486,503.6957420101608,43.08491203323523,298.5763734449834,0.0005396446261419705,-3.2678921433481154,-3.2703636,0.009632733333551217,0.004362194607417161,0.008588411228998503,-3.289243726593404,-3.251483411925883,-3.289243726593404,-3.251483411925883
ood_test,1592,15230833052760599040,-1.2000000000000002,8.595939611542648e-10,2643.7199291480506,484.396762738386,41.95641496228942,305.9180523366615,0.0004963412849109145,-3.3042195993477335,-3.3025582,0.01044363194891952,0.0040328720690307965,0.009633555140335953,-3.3230277022899264,-3.2820886650501615,-3.3230277022899264,-3.2820886650501615
ood_test,1605,14988660033747214345,-3.0,1.1774606839117e-09,2487.5677489208106,509.6158544320055,42.33569419095241,299.8381908200232,0.0005279586359569588,-3.2774001018588854,-3.2665246,0.009017666282070517,0.004690486176372429,0.007701794386211032,-3.2841991792118086,-3.248849927386092,-3.2841991792118086,-3.248849927386092
ood_test,1612,13304175874445473708,-2.4000000000000004,9.663377701466595e-10,2642.527368087266,478.3559331791431,43.40306406282464,301.888862689621,0.0005210605758166127,-3.283111784927671,-3.285073,0.009624267644119304,0.004097576533682622,0.008708409188652328,-3.3039366064983673,-3.26620947733342,-3.3039366064983673,-3.26620947733342
ood_test,1617,1906069974405082520,-2.0,9.304065850268983e-10,2472.4930947482308,495.539662311,41.9345213676303,296.5403011366731,0.0005178494854305506,-3.285796450960738,-3.2814667,0.010433837739324103,0.003069598128429282,0.009972088257062563,-3.3019170444574786,-3.261016400519328,-3.3019170444574786,-3.261016400519328
ood_test,1620,2832837163574657009,-0.6000000000000001,1.0574423663675307e-09,2585.038533860248,471.3266920396063,42.543125490608695,301.3994726877767,0.00047574647074867613,-3.322624424775173,-3.3084285,0.009784316202242007,0.005213306428343931,0.008279750586481551,-3.327605785681077,-3.2892512661682884,-3.327605785681077,-3.2892512661682884
ood_test,1621,1906069974405082520,-0.2,9.304065850268983e-10,2472.4930947482308,495.539662311,41.9345213676303,296.5403011366731,0.0004623966774402318,-3.334985295207245,-3.328669,0.011091983524618421,0.004339879314564174,0.010207720098961622,-3.350409358905762,-3.3069287834892576,-3.350409358905762,-3.3069287834892576
ood_test,1629,5637171177688138856,-0.4,1.0663734802785015e-09,2646.766281337793,486.2018595083384,41.79339850063371,299.641349014439,0.0004738192789703808,-3.324387272485956,-3.3276367,0.010472474128416296,0.004284012309080215,0.009556147418508756,-3.348162768041696,-3.307110669458304,-3.348162768041696,-3.307110669458304
ood_test,1640,10954724855113224492,-1.8,1.1396379394271226e-09,2408.4924726992253,490.0725825278824,43.06550150160359,292.35304316269765,0.0005250101933138941,-3.27983226448547,-3.2768505,0.009943561170971756,0.004747048478975985,0.008737272959131955,-3.2963398418549437,-3.257361082064734,-3.2963398418549437,-3.257361082064734
ood_test,1643,13304175874445473708,-1.8,9.663377701466595e-10,2642.527368087266,478.3559331791431,43.40306406282464,301.888862689621,0.0005110161368790702,-3.291565385487827,-3.2919693,0.00994327981347649,0.004321567462234361,0.00895504703405927,-3.31145812775082,-3.2724804708819923,-3.31145812775082,-3.2724804708819923
ood_test,1644,10813817281839957845,-0.8,1.1201765668553064e-09,2329.913862262383,487.444276821995,41.61971486534147,298.1037724082114,0.0004997975991225025,-3.3012058344247612,-3.3085017,0.009880373810224264,0.003334110608763319,0.009300832022150684,-3.3278672530965063,-3.2891361877604273,-3.3278672530965063,-3.2891361877604273
ood_test,1645,10954724855113224492,-1.4,1.1396379394271226e-09,2408.4924726992253,490.0725825278824,43.06550150160359,292.35304316269765,0.0005167829776345754,-3.2866918000461114,-3.2829015,0.009738352373345036,0.004710762808141608,0.008523157881079532,-3.3019886961491927,-3.2638143548456804,-3.3019886961491927,-3.2638143548456804
ood_test,1649,1906069974405082520,-2.8000000000000003,9.304065850268983e-10,2472.4930947482308,495.539662311,41.9345213676303,296.5403011366731,0.0005292844593796666,-3.276310857387419,-3.2739623,0.010023168474176815,0.003230263378999645,0.0094883766969331,-3.293607669501989,-3.254316849083216,-3.293607669501989,-3.254316849083216
ood_test,1667,12981595077382156139,-0.8,1.032683367538443e-09,2526.170348943833,478.8149532207128,42.09307571557734,293.4443281911712,0.0004915821645344692,-3.308403882467392,-3.3030634,0.01002696241469452,0.004052694952801015,0.009171458178194166,-3.3227162389719616,-3.2834105463063588,-3.3227162389719616,-3.2834105463063588
ood_test,1669,1367897570274288222,-2.4000000000000004,1.0060692139373963e-09,2527.3807724384133,522.7157534573084,43.167246359099664,298.50956140834,0.0005336925309617327,-3.272708875114349,-3.2759168,0.009469155324450721,0.004061752370106668,0.008553775244197523,-3.2944763592400004,-3.257357270368154,-3.2944763592400004,-3.257357270368154
ood_test,1673,4374302465450070181,-1.2000000000000002,1.1621717411232646e-09,2521.3696634346124,503.94444076752967,42.25069338145754,304.38892783295006,0.0005017262946564131,-3.299533137710665,-3.291992,0.009074360829444031,0.004467340332383809,0.007898536819687624,-3.309777696307131,-3.2742062018557108,-3.309777696307131,-3.2742062018557108
ood_test,1674,2124884718484563516,-0.6000000000000001,9.603042271636284e-10,2438.0715583385486,503.6957420101608,43.08491203323523,298.5763734449834,0.0004891914347519518,-3.3105211556270207,-3.3056653,0.010362387779327131,0.0046555583759438635,0.009257691214261374,-3.3259755346403765,-3.2853549745454145,-3.3259755346403765,-3.2853549745454145
ood_test,1677,14082706842164037214,-2.6,1.011801650795657e-09,2503.197375042157,521.464297637573,42.04226242943757,288.6545802497056,0.0005338985680013892,-3.2725412439855615,-3.272609,0.009927396946717322,0.0034802373686160463,0.009297373416585372,-3.292066693453188,-3.253151297422056,-3.292066693453188,-3.253151297422056
ood_test,1681,12935788499417564366,0.0,1.020786601528739e-09,2414.9946347184086,525.5036010755978,41.93453001893169,295.92616711681853,0.0004509208507405,-3.345899682297825,-3.3416905,0.010606473840448466,0.0050276762664939354,0.009339151968400478,-3.3624792290409995,-3.320901851586442,-3.3624792290409995,-3.320901851586442
ood_test,1684,10954724855113224492,-2.0,1.1396379394271226e-09,2408.4924726992253,490.0725825278824,43.06550150160359,292.35304316269765,0.0005285281668704902,-3.2769318628684543,-3.2744305,0.009928803734193655,0.0046781357968230155,0.00875763528011432,-3.2938909687009774,-3.2549700580629386,-3.2938909687009774,-3.2549700580629386
ood_test,1686,5637171177688138856,-1.8,1.0663734802785015e-09,2646.766281337793,486.2018595083384,41.79339850063371,299.641349014439,0.0005162252650077991,-3.2871607441064428,-3.2901392,0.010419128882257416,0.003387809744625477,0.009852968105805238,-3.310560690912447,-3.2697177056939983,-3.310560690912447,-3.2697177056939983
ood_test,1687,10813817281839957845,-2.4000000000000004,1.1201765668553064e-09,2329.913862262383,487.444276821995,41.61971486534147,298.1037724082114,0.0005341186932591747,-3.2723622221858113,-3.2810595,0.010043126638948954,0.002931353426753301,0.00960580802850061,-3.3007440317676378,-3.261374975342958,-3.3007440317676378,-3.261374975342958
ood_test,1689,4106527973129540887,-2.6,1.0203477325736783e-09,2420.870896846657,485.827773341465,41.83782044136868,301.83723728961854,0.0005359275618290172,-3.2708939073668173,-3.2786863,0.01006925712594339,0.0030074302669032466,0.009609646500420444,-3.2984220289857697,-3.258950541052072,-3.2984220289857697,-3.258950541052072
ood_test,1709,3262830124868165494,-1.8,1.0882818479532783e-09,2447.508764517909,466.8571183944717,43.278933930679706,307.8168200832177,0.0005169510552830366,-3.286550573785629,-3.2833223,0.009585872129429535,0.004729372211203824,0.008337984166101355,-3.302110643663233,-3.2645340249158687,-3.302110643663233,-3.2645340249158687
ood_test,1712,2124884718484563516,-2.6,9.603042271636284e-10,2438.0715583385486,503.6957420101608,43.08491203323523,298.5763734449834,0.0005347585603761436,-3.271842254546307,-3.27353,0.009816757328692624,0.004172906460769594,0.008885694772989835,-3.292770850772929,-3.254289162044454,-3.292770850772929,-3.254289162044454
ood_test,1714,12981595077382156139,-2.0,1.032683367538443e-09,2526.170348943833,478.8149532207128,42.09307571557734,293.4443281911712,0.000520295316503331,-3.283750083436875,-3.28096,0.010172857408840715,0.003430695846388977,0.00957691726929242,-3.30089888352914,-3.261021282486485,-3.30089888352914,-3.261021282486485
ood_test,1719,10813817281839957845,-1.4,1.1201765668553064e-09,2329.913862262383,487.444276821995,41.61971486534147,298.1037724082114,0.0005163388695787235,-3.287065180379565,-3.2947948,0.009998441401067641,0.00293452257820478,0.009558106800202412,-3.3143917430434313,-3.2751978527512464,-3.3143917430434313,-3.2751978527512464
ood_test,1722,3262830124868165494,-1.6,1.0882818479532783e-09,2447.508764517909,466.8571183944717,43.278933930679706,307.8168200832177,0.0005129619495389914,-3.2899148487636882,-3.286204,0.009431444648748233,0.004638523090475068,0.008211956924486613,-3.304689731166698,-3.2677184681436047,-3.304689731166698,-3.2677184681436047
ood_test,1736,3262830124868165494,-2.4000000000000004,1.0882818479532783e-09,2447.508764517909,466.8571183944717,43.278933930679706,307.8168200832177,0.0005269103294660304,-3.278263287504027,-3.2761383,0.009618105442670218,0.004764303385223459,0.008355199601333307,-3.294989792331696,-3.257286818996429,-3.294989792331696,-3.257286818996429
ood_test,1739,12935788499417564366,-1.0,1.020786601528739e-09,2414.9946347184086,525.5036010755978,41.93453001893169,295.92616711681853,0.0004984030137698647,-3.302419340225964,-3.296129,0.010160960102572048,0.003614738058922163,0.009496250658491275,-3.3160444700670326,-3.27621350646495,-3.3160444700670326,-3.27621350646495
ood_test,1751,4374302465450070181,-2.8000000000000003,1.1621717411232646e-09,2521.3696634346124,503.94444076752967,42.25069338145754,304.38892783295006,0.0005305301564832336,-3.2752899248219625,-3.270313,0.008973203701199845,0.004515696712067868,0.007754151170186302,-3.2879005037752256,-3.2527255452665225,-3.2879005037752256,-3.2527255452665225
ood_test,1752,3392607520233113049,-1.2000000000000002,9.42387899986183e-10,2596.3418775504824,506.9916211367261,42.54178389838287,305.55199671356803,0.0004930376606436523,-3.3071199059052474,-3.2925994,0.00971813781565155,0.004705490897375986,0.008502973010987467,-3.3116469897396485,-3.273551889502295,-3.3116469897396485,-3.273551889502295
ood_test,1760,12981595077382156139,-0.2,1.032683367538443e-09,2526.170348943833,478.8149532207128,42.09307571557734,293.4443281911712,0.00046407973819828305,-3.333407392539324,-3.3282466,0.010561720456027532,0.004792772445547855,0.009411655838247825,-3.348947565569156,-3.3075456213815277,-3.348947565569156,-3.3075456213815277
ood_test,1769,14988660033747214345,-0.4,1.1774606839117e-09,2487.5677489208106,509.6158544320055,42.33569419095241,299.8381908200232,0.00046969404168674666,-3.32818494903323,-3.3140087,0.008985511236142666,0.005193523352948342,0.007332579808136097,-3.3316203147913943,-3.296397110745715,-3.3316203147913943,-3.296397110745715
ood_test,1771,17938021924088880075,-0.2,1.0849323731926979e-09,2551.147301026894,487.27717818808753,44.82712146868644,302.5978918999191,0.000462831330355371,-3.334577250109422,-3.3270495,0.010420458751857344,0.006403642614807623,0.008220664163039165,-3.347473592943313,-3.3066253946360327,-3.347473592943313,-3.3066253946360327
ood_test,1775,10893922623691634355,-2.8000000000000003,9.808684991835892e-10,2440.440905080504,475.02919518003887,43.13862383173334,296.64614602139693,0.0005397485755313326,-3.267808495153432,-3.273413,0.009936343035517653,0.004242673336181574,0.00898502274015568,-3.292888175235967,-3.253937710536738,-3.292888175235967,-3.253937710536738
ood_test,1776,7311808897764695838,-0.8,9.756514716409811e-10,2404.497548871577,500.9208966540563,41.62971960161597,300.52976098251094,0.0004950264701227834,-3.305371577791883,-3.308935,0.010723921365253113,0.003074779964313327,0.010273666382486439,-3.3299538128625903,-3.2879160411107984,-3.3299538128625903,-3.2879160411107984
ood_test,1778,4374302465450070181,-1.4,1.1621717411232646e-09,2521.3696634346124,503.94444076752967,42.25069338145754,304.38892783295006,0.0005067022788878976,-3.2952471424703056,-3.2882242,0.009126517222109722,0.004434922821070685,0.00797651332896928,-3.306112194031214,-3.270336246520544,-3.306112194031214,-3.270336246520544
ood_test,1779,5637171177688138856,-2.6,1.0663734802785015e-09,2646.766281337793,486.2018595083384,41.79339850063371,299.641349014439,0.0005289221599127995,-3.276608237242234,-3.2802527,0.01000318467011254,0.003140374719648615,0.009497459753530885,-3.2998589370370386,-3.2606464531301977,-3.2998589370370386,-3.2606464531301977
ood_test,1784,5637171177688138856,-3.0,1.0663734802785015e-09,2646.766281337793,486.2018595083384,41.79339850063371,299.641349014439,0.0005339175272610267,-3.2725258220381326,-3.276916,0.009563012001618687,0.0031711287132049535,0.009021925103437715,-3.2956595305922645,-3.258172523545919,-3.2956595305922645,-3.258172523545919
ood_test,1791,12981595077382156139,-1.2000000000000002,1.032683367538443e-09,2526.170348943833,478.8149532207128,42.09307571557734,293.4443281911712,0.0005034995959917769,-3.2980008735882427,-3.293356,0.010173858690670392,0.0036796169382323244,0.009485136700069143,-3.313296704806175,-3.273415178738747,-3.313296704806175,-3.273415178738747
ood_test,1799,11643629726484600332,-0.8,9.595802013951228e-10,2610.2949574222403,489.9218602044182,42.219532217947325,302.0841812978663,0.00048658113007458216,-3.3128447372946095,-3.3047822,0.010402872221607655,0.004621714172967093,0.0093198442319867,-3.3251717817302544,-3.2843925226215522,-3.3251717817302544,-3.2843925226215522
ood_test,1801,4374302465450070181,-2.0,1.1621717411232646e-09,2521.3696634346124,503.94444076752967,42.25069338145754,304.38892783295006,0.0005187664747267835,-3.2850280979534485,-3.27916,0.009163589614381702,0.004455675803898997,0.008007391808036115,-3.2971206583797836,-3.2611993870914078,-3.2971206583797836,-3.2611993870914078
ood_test,1806,3262830124868165494,-2.2,1.0882818479532783e-09,2447.508764517909,466.8571183944717,43.278933930679706,307.8168200832177,0.0005238711862613674,-3.280775487774272,-3.278281,0.009712088292144214,0.004742466467584247,0.0084754741954549,-3.297316666487051,-3.2592452803818457,-3.297316666487051,-3.2592452803818457
ood_test,1809,11643629726484600332,-0.6000000000000001,9.595802013951228e-10,2610.2949574222403,489.9218602044182,42.219532217947325,302.0841812978663,0.00047899776265413624,-3.3196665151224556,-3.311516,0.010545265428222836,0.00486141726456984,0.00935784368708481,-3.3321847667633646,-3.290847326284731,-3.3321847667633646,-3.290847326284731
ood_test,1816,11643629726484600332,-0.2,9.595802013951228e-10,2610.2949574222403,489.9218602044182,42.219532217947325,302.0841812978663,0.00045872502285225925,-3.3384475690237747,-3.3305197,0.010753482119647873,0.005339776622466206,0.009334032206592128,-3.351596501163006,-3.309442851253986,-3.351596501163006,-3.309442851253986
ood_test,1820,2832837163574657009,-1.4,1.0574423663675307e-09,2585.038533860248,471.3266920396063,42.543125490608695,301.3994726877767,0.0005001468777436956,-3.3009024380112417,-3.2890518,0.009928646524849778,0.00441664436729247,0.008892202430164524,-3.308511918352646,-3.2695916239752347,-3.308511918352646,-3.2695916239752347
ood_test,1826,3744802582600429992,-2.0,9.725086180844783e-10,2468.017331565751,490.28733545372194,44.50977871149023,303.263152322465,0.0005233839341657891,-3.281179612628946,-3.2820046,0.010422484930654192,0.005282608422906417,0.008984555835151545,-3.3024326652669385,-3.2615765243387744,-3.3024326652669385,-3.2615765243387744
ood_test,1827,1367897570274288222,-1.0,1.0060692139373963e-09,2527.3807724384133,522.7157534573084,43.167246359099664,298.50956140834,0.0005045167618774131,-3.2971244003488978,-3.2977712,0.010019687602910436,0.004477691521864937,0.008963503952154402,-3.317409803140547,-3.2781326277371385,-3.317409803140547,-3.2781326277371385
ood_test,1831,14988660033747214345,-1.4,1.1774606839117e-09,2487.5677489208106,509.6158544320055,42.33569419095241,299.8381908200232,0.0005023625960536546,-3.2989827039289588,-3.2862976,0.009375088809918181,0.004661136608778673,0.008134253676081657,-3.304672733805599,-3.2679223856707194,-3.304672733805599,-3.2679223856707194
ood_test,1833,2832837163574657009,-1.8,1.0574423663675307e-09,2585.038533860248,471.3266920396063,42.543125490608695,301.3994726877767,0.0005085464396606042,-3.2936693818416565,-3.283039,0.009878500117743796,0.004320940986372599,0.008883367669869514,-3.302400953248356,-3.2636772327868004,-3.302400953248356,-3.2636772327868004
ood_test,1845,7167329586276071870,-2.4000000000000004,9.67689959245767e-10,2498.119875502734,535.4265253830317,42.346830624956574,300.5747457097431,0.0005182661731772182,-3.2854471362924245,-3.270913,0.009585823549718122,0.004272799167080615,0.008580861806901293,-3.289701099823341,-3.252124671508446,-3.289701099823341,-3.252124671508446
ood_test,1848,1367897570274288222,-0.8,1.0060692139373963e-09,2527.3807724384133,522.7157534573084,43.167246359099664,298.50956140834,0.0004980114024204552,-3.3027607135623844,-3.3033237,0.0099856244538732,0.0046194434088176455,0.008852877153775768,-3.3228955696571307,-3.2837519217979474,-3.3228955696571307,-3.2837519217979474
ood_test,1856,2124884718484563516,-0.2,9.603042271636284e-10,2438.0715583385486,503.6957420101608,43.08491203323523,298.5763734449834,0.00046883682755965485,-3.328978281423089,-3.3234477,0.010799640942108711,0.00524494295332427,0.009440488571689604,-3.344615000561719,-3.3022804080686523,-3.344615000561719,-3.3022804080686523
ood_test,1860,7311808897764695838,-1.4,9.756514716409811e-10,2404.497548871577,500.9208966540563,41.62971960161597,300.52976098251094,0.000511880298730195,-3.29083158527182,-3.294723,0.010796747075688572,0.0028025836242779266,0.01042666076168106,-3.315884658173379,-3.2735614096366796,-3.315884658173379,-3.2735614096366796
ood_test,1870,9151669764478585745,-1.2000000000000002,1.016175641189933e-09,2547.6570837434488,498.1799092392847,42.56757336192149,293.18283111534566,0.0004995356860795721,-3.3014334809838664,-3.2883384,0.010126200644337894,0.004402161540827494,0.009119259952999203,-3.308185776038171,-3.268491069512366,-3.308185776038171,-3.268491069512366
ood_test,1874,13304175874445473708,-0.6000000000000001,9.663377701466595e-10,2642.527368087266,478.3559331791431,43.40306406282464,301.888862689621,0.00047728350209058266,-3.3212235773137357,-3.3193858,0.010569068137378736,0.005131306574351786,0.009239853014117838,-3.3401011405322945,-3.29867039343377,-3.3401011405322945,-3.29867039343377
ood_test,1877,10813817281839957845,0.0,1.1201765668553064e-09,2329.913862262383,487.444276821995,41.61971486534147,298.1037724082114,0.0004586495972403,-3.338518983528655,-3.3459282,0.010336324089435888,0.0047201987423653525,0.009195613764976024,-3.3661873873539663,-3.3256689969233775,-3.3661873873539663,-3.3256689969233775
ood_test,1882,2056914843148536795,-2.8000000000000003,1.000072357945733e-09,2615.067429542859,502.8265147659643,41.97319841319997,303.92619603855775,0.0005276617263620999,-3.2776444059793333,-3.277008,0.009286589395369917,0.003292800648747883,0.008683213861102592,-3.29520977185555,-3.2588063414257,-3.29520977185555,-3.2588063414257
ood_test,1887,10893922623691634355,-0.6000000000000001,9.808684991835892e-10,2440.440905080504,475.02919518003887,43.13862383173334,296.64614602139693,0.000491704835860803,-3.3082955204522944,-3.3073764,0.010550230004841949,0.004578739008399336,0.009504866810084927,-3.328054835544598,-3.286697933925617,-3.328054835544598,-3.286697933925617
ood_test,1891,2832837163574657009,-0.8,1.0574423663675307e-09,2585.038533860248,471.3266920396063,42.543125490608695,301.3994726877767,0.00048319485862528827,-3.3158776954186835,-3.3020098,0.009853364840115111,0.004946569739417217,0.0085217510936032,-3.321322416024736,-3.282697225851485,-3.321322416024736,-3.282697225851485
ood_test,1892,1906069974405082520,-1.0,9.304065850268983e-10,2472.4930947482308,495.539662311,41.9345213676303,296.5403011366731,0.0004957676636909259,-3.304721803382189,-3.298118,0.010669553246281707,0.003445336219556937,0.010097971108979493,-3.319030438834148,-3.2772057901087233,-3.319030438834148,-3.2772057901087233
ood_test,1898,12981595077382156139,-2.2,1.032683367538443e-09,2526.170348943833,478.8149532207128,42.09307571557734,293.4443281911712,0.0005235366114950692,-3.281052942229052,-3.2787597,0.01013419065742889,0.0034291116080223446,0.009536404488846906,-3.2986227316298447,-3.2588967042527237,-3.2986227316298447,-3.2588967042527237
ood_test,1915,7167329586276071870,-2.8000000000000003,9.67689959245767e-10,2498.119875502734,535.4265253830317,42.346830624956574,300.5747457097431,0.000523641419687588,-3.2809660083582757,-3.2672098,0.009524293971622595,0.004502909789833953,0.008392614750458034,-3.2858773844796683,-3.248542152110908,-3.2858773844796683,-3.248542152110908
ood_test,1929,12935788499417564366,-0.2,1.020786601528739e-09,2414.9946347184086,525.5036010755978,41.93453001893169,295.92616711681853,0.0004653006528121926,-3.3322663381554625,-3.3274903,0.01052776391246812,0.004473735311616748,0.009529926519273636,-3.348124747010869,-3.3068559124739942,-3.348124747010869,-3.3068559124739942
ood_test,1941,2832837163574657009,-2.4000000000000004,1.0574423663675307e-09,2585.038533860248,471.3266920396063,42.543125490608695,301.3994726877767,0.0005184720249801128,-3.2852746717234123,-3.276543,0.009603636785287738,0.004150022717821255,0.00866066612782486,-3.295366030091962,-3.257719773893634,-3.295366030091962,-3.257719773893634
ood_test,1943,10893922623691634355,-2.2,9.808684991835892e-10,2440.440905080504,475.02919518003887,43.13862383173334,296.64614602139693,0.0005314568133814555,-3.2745320208343016,-3.279044,0.010425318072435064,0.00404797732304825,0.009607347735465113,-3.299477536309546,-3.2586102894656004,-3.299477536309546,-3.2586102894656004
ood_test,1951,7167329586276071870,-0.6000000000000001,9.67689959245767e-10,2498.119875502734,535.4265253830317,42.346830624956574,300.5747457097431,0.0004758402079856465,-3.32253886333173,-3.303248,0.010436386824736854,0.005264631905528996,0.009011204505734385,-3.323703246795869,-3.2827926104429004,-3.323703246795869,-3.2827926104429004
ood_test,1954,4374302465450070181,-1.6,1.1621717411232646e-09,2521.3696634346124,503.94444076752967,42.25069338145754,304.38892783295006,0.0005111433763850851,-3.2914572626069836,-3.2848773,0.009123066713162976,0.004437734034509601,0.007971000881160342,-3.3027585110202504,-3.266996089504652,-3.3027585110202504,-3.266996089504652
ood_test,1964,9029148243980292461,-2.2,1.0073410050818803e-09,2574.374612551252,485.6872921198837,42.17824256593523,298.72995545788456,0.0005189685993733557,-3.2848589187053654,-3.279574,0.010035121107339033,0.003485185077279809,0.009410480479118919,-3.2992427547593004,-3.2599050800185316,-3.2992427547593004,-3.2599050800185316
ood_test,1965,10954724855113224492,-0.8,1.1396379394271226e-09,2408.4924726992253,490.0725825278824,43.06550150160359,292.35304316269765,0.0005001276142205612,-3.30091916550328,-3.2953417,0.009516230414246265,0.004668688729748739,0.008292284826744297,-3.3139935417297206,-3.276689918505875,-3.3139935417297206,-3.276689918505875
ood_test,1967,2124884718484563516,-0.8,9.603042271636284e-10,2438.0715583385486,503.6957420101608,43.08491203323523,298.5763734449834,0.0004967747501381426,-3.3038404864110924,-3.299499,0.010417649225213965,0.004427119030206772,0.009430165383014359,-3.319917627363011,-3.2790804424001725,-3.319917627363011,-3.2790804424001725
ood_test,1974,13640118791446356878,-1.2000000000000002,9.682475573035431e-10,2330.6047518253104,479.0686974559265,41.64371883461047,301.63426669668445,0.0005073943038173397,-3.2946544126258828,-3.3021197,0.010960183393964113,0.002923368136689803,0.010563121171039937,-3.323601691355246,-3.2806377724509064,-3.323601691355246,-3.2806377724509064
ood_test,1976,15038946426069692038,-1.4,1.2307353848142815e-09,2445.249484887284,482.48119148575233,42.87746783295031,307.55593866537106,0.0005082333242629141,-3.293936862172283,-3.2859397,0.008989135147670427,0.005650580170031039,0.006991100871686865,-3.303558398340362,-3.2683209885614937,-3.303558398340362,-3.2683209885614937
ood_test,1978,14082706842164037214,-1.6,1.011801650795657e-09,2503.197375042157,521.464297637573,42.04226242943757,288.6545802497056,0.0005177369434580156,-3.2858908445458286,-3.2843888,0.01044175960587548,0.0035794597423813895,0.009809067565206888,-3.304854629421388,-3.263922931766356,-3.304854629421388,-3.263922931766356
ood_test,1983,10954724855113224492,-2.6,1.1396379394271226e-09,2408.4924726992253,490.0725825278824,43.06550150160359,292.35304316269765,0.0005373511059044748,-3.2697418529790054,-3.268661,0.009698357776487926,0.004632521809320038,0.008520439441395052,-3.2876698034281957,-3.249652240944363,-3.2876698034281957,-3.249652240944363
ood_test,1989,11643629726484600332,0.0,9.595802013951228e-10,2610.2949574222403,489.9218602044182,42.219532217947325,302.0841812978663,0.000443650817951,-3.35295871344341,-3.3443573,0.010813413965012486,0.005762821569095937,0.009149853026261486,-3.365551543492396,-3.3231629607495474,-3.365551543492396,-3.3231629607495474
ood_test,1991,2056914843148536795,0.0,1.000072357945733e-09,2615.067429542859,502.8265147659643,41.97319841319997,303.92619603855775,0.0004434349086352,-3.353170120804581,-3.3510947,0.010449116058563466,0.005293199137353539,0.009009221508903239,-3.3715749902225873,-3.330614455273018,-3.3715749902225873,-3.330614455273018
ood_test,1993,13304175874445473708,-1.2000000000000002,9.663377701466595e-10,2642.527368087266,478.3559331791431,43.40306406282464,301.888862689621,0.0004973590514832192,-3.3033299738850284,-3.3024652,0.010171503249385079,0.004630734143411864,0.009056256115605937,-3.322401346792989,-3.2825290540553995,-3.322401346792989,-3.2825290540553995
ood_test,1997,17938021924088880075,-3.0,1.0849323731926979e-09,2551.147301026894,487.27717818808753,44.82712146868644,302.5978918999191,0.0005341258703901537,-3.2723563864652543,-3.270578,0.00966391003806867,0.005713973319833822,0.007793693705839986,-3.2895191712368703,-3.2516366438876414,-3.2895191712368703,-3.2516366438876414
ood_test,2003,2056914843148536795,-1.0,1.000072357945733e-09,2615.067429542859,502.8265147659643,41.97319841319997,303.92619603855775,0.0004932837157864127,-3.306903221170403,-3.3047187,0.009963487623987834,0.004050717353715581,0.009102898711026262,-3.3242471685768784,-3.285190297090846,-3.3242471685768784,-3.285190297090846
ood_test,2010,15230833052760599040,-2.8000000000000003,8.595939611542648e-10,2643.7199291480506,484.396762738386,41.95641496228942,305.9180523366615,0.0005258089866760788,-3.2791719955775465,-3.2794292,0.009507979285206424,0.003516610752818252,0.00883374821768872,-3.298064836710406,-3.260793557912397,-3.298064836710406,-3.260793557912397
ood_test,2019,3262830124868165494,-2.8000000000000003,1.0882818479532783e-09,2447.508764517909,466.8571183944717,43.278933930679706,307.8168200832177,0.0005323221192400835,-3.2738254874918553,-3.271981,0.00925210117385782,0.004909070925233946,0.007842345612101806,-3.29011511920103,-3.253846882599507,-3.29011511920103,-3.253846882599507
ood_test,2022,11643629726484600332,-2.6,9.595802013951228e-10,2610.2949574222403,489.9218602044182,42.219532217947325,302.0841812978663,0.0005251165150530213,-3.279744322822051,-3.2763968,0.00963259434159912,0.0037110601564443336,0.00888903260399483,-3.2952766363133428,-3.2575168664942744,-3.2952766363133428,-3.2575168664942744
ood_test,2023,3392607520233113049,-0.8,9.42387899986183e-10,2596.3418775504824,506.9916211367261,42.54178389838287,305.55199671356803,0.00048088857520704005,-3.317955540629413,-3.302341,0.009924834366940291,0.00522706190857414,0.008436833758053425,-3.3217936597036855,-3.2828883089852794,-3.3217936597036855,-3.2828883089852794
ood_test,2030,10893922623691634355,-1.0,9.808684991835892e-10,2440.440905080504,475.02919518003887,43.13862383173334,296.64614602139693,0.0005057253384719226,-3.2960852862668935,-3.2965975,0.01047551170981603,0.004239433339317618,0.009579329386907715,-3.3171294837251653,-3.2760654778226863,-3.3171294837251653,-3.2760654778226863
ood_test,2037,7167329586276071870,-1.0,9.67689959245767e-10,2498.119875502734,535.4265253830317,42.346830624956574,300.5747457097431,0.0004895999164394195,-3.3101586649840273,-3.291273,0.01028783006723616,0.00478639871993866,0.00910658199775686,-3.3114372639972127,-3.2711089701336467,-3.3114372639972127,-3.2711089701336467
ood_test,2039,13944279034983237670,-2.0,1.000096056099185e-09,2446.239819629679,503.61049666576776,43.101977222602514,303.9832024614659,0.0005241957542081933,-3.2805065009999117,-3.2813728,0.009772781219654296,0.004094182026347645,0.008873833226786514,-3.3005274367587596,-3.262218134377715,-3.3005274367587596,-3.262218134377715
ood_test,2041,14988660033747214345,0.0,1.1774606839117e-09,2487.5677489208106,509.6158544320055,42.33569419095241,299.8381908200232,0.0004444019038443,-3.352224089183684,-3.3373063,0.009462804876619912,0.006156969009335337,0.007185847488686244,-3.3558533586207973,-3.318759163504447,-3.3558533586207973,-3.318759163504447
ood_test,2042,1906069974405082520,-1.4,9.304065850268983e-10,2472.4930947482308,495.539662311,41.9345213676303,296.5403011366731,0.0005061121790247339,-3.295753211753461,-3.2900677,0.010882067218012145,0.0032205595816449154,0.01039458398306604,-3.311396524476796,-3.2687388209821884,-3.311396524476796,-3.2687388209821884
ood_test,2044,4106527973129540887,-0.8,1.0203477325736783e-09,2420.870896846657,485.827773341465,41.83782044136868,301.83723728961854,0.0004982815352891005,-3.302525206087288,-3.3084128,0.010174854574754356,0.0033531015649755917,0.009606475324814323,-3.3283555052649803,-3.2884700753319436,-3.3283555052649803,-3.2884700753319436
ood_test,2046,2056914843148536795,-2.6,1.000072357945733e-09,2615.067429542859,502.8265147659643,41.97319841319997,303.92619603855775,0.0005250680093003248,-3.279784441068441,-3.2789352,0.00953050272862845,0.003317115806387368,0.008934608469918713,-3.2976149793636145,-3.2602554086673914,-3.2976149793636145,-3.2602554086673914
ood_test,2048,7167329586276071870,-1.2000000000000002,9.67689959245767e-10,2498.119875502734,535.4265253830317,42.346830624956574,300.5747457097431,0.000495150626450006,-3.3052626671570575,-3.2868137,0.010203043627019914,0.004595359004807372,0.009109597988173745,-3.306811701470873,-3.266815770452955,-3.306811701470873,-3.266815770452955
ood_test,2049,11643629726484600332,-1.6,9.595802013951228e-10,2610.2949574222403,489.9218602044182,42.219532217947325,302.0841812978663,0.0005082853993666129,-3.2938923653427117,-3.2876027,0.010435021869789793,0.003964879702521817,0.009652430382374512,-3.3080553059049493,-3.267150020175373,-3.3080553059049493,-3.267150020175373
ood_test,2050,14988660033747214345,-0.6000000000000001,1.1774606839117e-09,2487.5677489208106,509.6158544320055,42.33569419095241,299.8381908200232,0.00047847459339999207,-3.320141117948013,-3.306452,0.008925378999468474,0.005021462786460581,0.007378841187765473,-3.323945778742889,-3.2889582930649723,-3.323945778742889,-3.2889582930649723
ood_test,2051,12935788499417564366,-1.6,1.020786601528739e-09,2414.9946347184086,525.5036010755978,41.93453001893169,295.92616711681853,0.000512936445825611,-3.289936441783117,-3.2842875,0.010051946555443253,0.0033365119308871884,0.009482052563112638,-3.303989267946423,-3.264585637449085,-3.303989267946423,-3.264585637449085
ood_test,2053,4757004652079025251,-2.2,1.0727653122619132e-09,2512.3283017034155,474.34077412964,42.74916053103488,290.5746947786968,0.0005233441240413746,-3.2812126476034646,-3.2748034,0.009915132593740205,0.0043861919727778195,0.00889219703241881,-3.2942370599234034,-3.2553697401559423,-3.2942370599234034,-3.2553697401559423
ood_test,2057,10893922623691634355,-2.6,9.808684991835892e-10,2440.440905080504,475.02919518003887,43.13862383173334,296.64614602139693,0.000537199595799897,-3.269864322775363,-3.275283,0.01009155251460906,0.004163579830896528,0.009192607220614135,-3.2950625411494587,-3.2555036552921917,-3.2950625411494587,-3.2555036552921917
ood_test,2064,9029148243980292461,0.0,1.0073410050818803e-09,2574.374612551252,485.6872921198837,42.17824256593523,298.72995545788456,0.0004443689473254,-3.3522562973378753,-3.3430698,0.010736378687639457,0.005434580941365831,0.00925932740593049,-3.3641130940215964,-3.32202648956605,-3.3641130940215964,-3.32202648956605
ood_test,2066,1906069974405082520,-2.2,9.304065850268983e-10,2472.4930947482308,495.539662311,41.9345213676303,296.5403011366731,0.0005210658877985304,-3.2831073575102407,-3.2793744,0.01034638953575336,0.003051336205247311,0.009886208773339527,-3.2996532845282847,-3.2590954375481314,-3.2996532845282847,-3.2590954375481314
ood_test,2067,10893922623691634355,-1.6,9.808684991835892e-10,2440.440905080504,475.02919518003887,43.13862383173334,296.64614602139693,0.0005206605887809385,-3.2834452948473434,-3.2861922,0.010409194331273474,0.004070037572416319,0.009580506770191264,-3.306594199615492,-3.2657901578369004,-3.306594199615492,-3.2657901578369004
ood_test,2070,4374302465450070181,-2.2,1.1621717411232646e-09,2521.3696634346124,503.94444076752967,42.25069338145754,304.38892783295006,0.0005220788085355873,-3.282263934682101,-3.276716,0.009252936475006836,0.004415833693358267,0.00813125050531084,-3.294851749372239,-3.2585802383902123,-3.294851749372239,-3.2585802383902123
ood_test,2076,59563343903943478,-2.6,8.8914003988915e-10,2578.309809077789,484.4641187531683,42.13424050837239,300.34884642744885,0.0005228683772796855,-3.2816076232080675,-3.276571,0.009963106408196885,0.003412448092289501,0.009360485208892887,-3.2960987239451978,-3.257043346825066,-3.2960987239451978,-3.257043346825066
ood_test,2087,15230833052760599040,-1.0,8.595939611542648e-10,2643.7199291480506,484.396762738386,41.95641496228942,305.9180523366615,0.000490576582657135,-3.309293186389545,-3.3074422,0.01044552453350998,0.004271719955297212,0.009532124076496857,-3.327915416348619,-3.28696896017726,-3.327915416348619,-3.28696896017726
ood_test,2092,13640118791446356878,-0.2,9.682475573035431e-10,2330.6047518253104,479.0686974559265,41.64371883461047,301.63426669668445,0.0004685025753024932,-3.329288017504937,-3.338426,0.011037779362173034,0.004158758631897904,0.01022434785462912,-3.3600601606785214,-3.316792065578803,-3.3600601606785214,-3.316792065578803
ood_test,2093,13944279034983237670,-0.8,1.000096056099185e-09,2446.239819629679,503.61049666576776,43.101977222602514,303.9832024614659,0.0004950713507353362,-3.3053322051117724,-3.302768,0.009787296432593547,0.0045603525997068685,0.008659927986098668,-3.3219510930275367,-3.28358489101177,-3.3219510930275367,-3.28358489101177
ood_test,2098,1367897570274288222,0.0,1.0060692139373963e-09,2527.3807724384133,522.7157534573084,43.167246359099664,298.50956140834,0.0004550068232473,-3.341982090647432,-3.3438368,0.010623214948775928,0.005839273215213797,0.008874433725997036,-3.3646582856623937,-3.3230152830631923,-3.3646582856623937,-3.3230152830631923
ood_test,2105,10893922623691634355,-2.4000000000000004,9.808684991835892e-10,2440.440905080504,475.02919518003887,43.13862383173334,296.64614602139693,0.0005344463560961896,-3.272095879642442,-3.2771587,0.01028699409136893,0.004084278849760658,0.009441445996835367,-3.2973212456017005,-3.256996228763534,-3.2973212456017005,-3.256996228763534
ood_test,2110,10954724855113224492,-0.4,1.1396379394271226e-09,2408.4924726992253,490.0725825278824,43.06550150160359,292.35304316269765,0.0004838606963489075,-3.3152796538823557,-3.3080761,0.009574616480182447,0.004914454501863996,0.008217141459243514,-3.326842391565928,-3.289309894963613,-3.326842391565928,-3.289309894963613
ood_test,2114,13944279034983237670,-2.4000000000000004,1.000096056099185e-09,2446.239819629679,503.61049666576776,43.101977222602514,303.9832024614659,0.0005305110551596103,-3.275305561536835,-3.277144,0.00964735515196829,0.004052298893209357,0.008755017373443736,-3.2960527713285708,-3.258235139132855,-3.2960527713285708,-3.258235139132855
ood_test,2116,59563343903943478,-0.8,8.8914003988915e-10,2578.309809077789,484.4641187531683,42.13424050837239,300.34884642744885,0.0004843328745143611,-3.31485605183797,-3.305335,0.010559327905240445,0.004268933031714003,0.009657930010537382,-3.326031327555111,-3.2846387621665687,-3.326031327555111,-3.2846387621665687
ood_test,2123,4106527973129540887,-1.8,1.0203477325736783e-09,2420.870896846657,485.827773341465,41.83782044136868,301.83723728961854,0.0005234504142861352,-3.281124452135781,-3.2880955,0.010373528051759612,0.0030877227464546912,0.00990333514576722,-3.308427589224613,-3.267763359261715,-3.308427589224613,-3.267763359261715
ood_test,2131,18058330792975761325,-2.6,8.836751126639038e-10,2477.068135205752,531.0701614185327,43.11434944357355,296.9231984392292,0.0005341266212143126,-3.272355775975147,-3.2720037,0.009443929634581351,0.004280400542480307,0.00841819331795336,-3.2905137527490624,-3.253493548581504,-3.2905137527490624,-3.253493548581504
ood_test,2135,1906069974405082520,-0.4,9.304065850268983e-10,2472.4930947482308,495.539662311,41.9345213676303,296.5403011366731,0.0004733049360463137,-3.3248589662979087,-3.3181317,0.011017054042791498,0.003968583230798838,0.01027744278033058,-3.3397251111808295,-3.2965382593330865,-3.3397251111808295,-3.2965382593330865
ood_test,2145,14082706842164037214,-3.0,1.011801650795657e-09,2503.197375042157,521.464297637573,42.04226242943757,288.6545802497056,0.0005386851031401349,-3.268665034317591,-3.2693615,0.009649048694685603,0.0036539574045513085,0.008930438036637558,-3.2882736314132637,-3.2504493605300957,-3.2882736314132637,-3.2504493605300957
ood_test,2153,14988660033747214345,-1.8,1.1774606839117e-09,2487.5677489208106,509.6158544320055,42.33569419095241,299.8381908200232,0.0005105716999370231,-3.291943261019829,-3.2796178,0.009426144737176727,0.004687283289010246,0.008178115757741806,-3.2980930300923372,-3.261142542722604,-3.2980930300923372,-3.261142542722604
ood_test,2155,12935788499417564366,-2.2,1.020786601528739e-09,2414.9946347184086,525.5036010755978,41.93453001893169,295.92616711681853,0.000523392207266451,-3.281172747814544,-3.2765143,0.010043019358752917,0.0032709617069540285,0.0094954221045244,-3.2961986097064613,-3.25682997382015,-3.2961986097064613,-3.25682997382015
ood_test,2159,4374302465450070181,-0.8,1.1621717411232646e-09,2521.3696634346124,503.94444076752967,42.25069338145754,304.38892783295006,0.0004896948939590167,-3.3100744243399287,-3.3014972,0.008603501301856139,0.004655458517648182,0.007235118111550364,-3.31836008354468,-3.284634358441404,-3.31836008354468,-3.284634358441404
ood_test,2163,13304175874445473708,0.0,9.663377701466595e-10,2642.527368087266,478.3559331791431,43.40306406282464,301.888862689621,0.0004414108789407,-3.355156967491326,-3.3527257,0.011216243679230516,0.006267696340727865,0.009301618068870074,-3.3747095818587285,-3.3307419066361446,-3.3747095818587285,-3.3307419066361446
ood_test,2173,13304175874445473708,-3.0,9.663377701466595e-10,2642.527368087266,478.3559331791431,43.40306406282464,301.888862689621,0.0005288813344456043,-3.2766417600566835,-3.2794096,0.009260940657180326,0.004351644713421989,0.008174852145740359,-3.2975610906759885,-3.2612582032998416,-3.2975610906759885,-3.2612582032998416
ood_test,2176,13640118791446356878,-0.4,9.682475573035431e-10,2330.6047518253104,479.0686974559265,41.64371883461047,301.63426669668445,0.00047937952184233545,-3.319320522118861,-3.3274817,0.011035784895132248,0.0037304208582379155,0.010386168897500181,-3.349111885068043,-3.305851608279125,-3.349111885068043,-3.305851608279125
ood_test,2178,13944279034983237670,-1.2000000000000002,1.000096056099185e-09,2446.239819629679,503.61049666576776,43.101977222602514,303.9832024614659,0.000507217683452031,-3.2948056137782102,-3.2935379,0.009812208378493375,0.004302518817614787,0.008818603492655744,-3.3127697835701624,-3.2743059267264685,-3.3127697835701624,-3.2743059267264685
ood_test,2181,3744802582600429992,-1.8,9.725086180844783e-10,2468.017331565751,490.28733545372194,44.50977871149023,303.263152322465,0.0005198009660984358,-3.2841629176575733,-3.2846475,0.010448205863692687,0.005335125452457527,0.008983397343977989,-3.305125948245035,-3.2641689812593597,-3.305125948245035,-3.2641689812593597
ood_test,2185,9029148243980292461,-1.8,1.0073410050818803e-09,2574.374612551252,485.6872921198837,42.17824256593523,298.72995545788456,0.0005120875987635423,-3.2906557413571207,-3.2842355,0.010292818258992767,0.0036421545588326124,0.009626880153044175,-3.3044094012351355,-3.264061553659884,-3.3044094012351355,-3.264061553659884
ood_test,2188,10893922623691634355,-0.2,9.808684991835892e-10,2440.440905080504,475.02919518003887,43.13862383173334,296.64614602139693,0.00047144028549004117,-3.3265733089171667,-3.3248014,0.010881858055365784,0.0051271297312475966,0.009598300438932672,-3.346129886795841,-3.3034730032188073,-3.346129886795841,-3.3034730032188073
ood_test,2195,12981595077382156139,-1.6,1.032683367538443e-09,2526.170348943833,478.8149532207128,42.09307571557734,293.4443281911712,0.0005127955745885225,-3.2900557314223082,-3.2864094,0.010372789235315207,0.0035339999279903264,0.009752209736025568,-3.3067400449529756,-3.26607871115054,-3.3067400449529756,-3.26607871115054
ood_test,2196,14082706842164037214,-0.6000000000000001,1.011801650795657e-09,2503.197375042157,521.464297637573,42.04226242943757,288.6545802497056,0.0004893829733548215,-3.310351144724077,-3.3090637,0.010430442557270913,0.004213727924798045,0.009541416295741005,-3.32950734043166,-3.288620005607158,-3.32950734043166,-3.288620005607158
ood_test,2201,11643629726484600332,-3.0,9.595802013951228e-10,2610.2949574222403,489.9218602044182,42.219532217947325,302.0841812978663,0.0005301866742969138,-3.2755711920160637,-3.273362,0.009473138186068366,0.0038753651744204876,0.008644182087136956,-3.291929272155119,-3.2547945704657306,-3.291929272155119,-3.2547945704657306
ood_test,2208,18058330792975761325,-1.4,8.836751126639038e-10,2477.068135205752,531.0701614185327,43.11434944357355,296.9231984392292,0.0005129720325923379,-3.2899063121238936,-3.2863977,0.010020433841255196,0.004180006183177127,0.009106955791647454,-3.306037745870242,-3.2667576452125218,-3.306037745870242,-3.2667576452125218
ood_test,2209,4106527973129540887,-1.4,1.0203477325736783e-09,2420.870896846657,485.827773341465,41.83782044136868,301.83723728961854,0.0005151454408405386,-3.2880701394304737,-3.2945468,0.010366008991982036,0.0030523975369980403,0.009906412535541587,-3.314864220199358,-3.2742294649507886,-3.314864220199358,-3.2742294649507886
ood_test,2214,9029148243980292461,-1.6,1.0073410050818803e-09,2574.374612551252,485.6872921198837,42.17824256593523,298.72995545788456,0.0005081073792658302,-3.29404449776603,-3.2871559,0.010269478406531718,0.003662656546485291,0.009594119884878304,-3.307284044299727,-3.2670276889461225,-3.307284044299727,-3.2670276889461225
ood_test,2217,59563343903943478,-0.6000000000000001,8.8914003988915e-10,2578.309809077789,484.4641187531683,42.13424050837239,300.34884642744885,0.00047672767218298856,-3.3217296382395785,-3.312098,0.010800785938917985,0.004483042037302499,0.009826459776610926,-3.333267566715914,-3.2909284858353556,-3.333267566715914,-3.2909284858353556
ood_test,2218,18058330792975761325,-2.2,8.836751126639038e-10,2477.068135205752,531.0701614185327,43.11434944357355,296.9231984392292,0.0005282884282321887,-3.277128902108719,-3.275816,0.009600186951059207,0.004147676385231833,0.008657965230813943,-3.2946323301691933,-3.256999597321041,-3.2946323301691933,-3.256999597321041
ood_test,2222,13304175874445473708,-1.4,9.663377701466595e-10,2642.527368087266,478.3559331791431,43.40306406282464,301.888862689621,0.0005024353415174699,-3.298919819736242,-3.298565,0.01020926048064434,0.0045196293071785645,0.00915433990238504,-3.3185750614307348,-3.278554760346609,-3.3185750614307348,-3.278554760346609
ood_test,2228,1906069974405082520,-1.6,9.304065850268983e-10,2472.4930947482308,495.539662311,41.9345213676303,296.5403011366731,0.0005104378960941463,-3.2920570900595902,-3.2867758,0.010689261765314642,0.0031306847540172734,0.010220524901228208,-3.3077267804678536,-3.26582487434782,-3.3077267804678536,-3.26582487434782
ood_test,2231,15038946426069692038,-1.6,1.2307353848142815e-09,2445.249484887284,482.48119148575233,42.87746783295031,307.55593866537106,0.0005126152088924757,-3.2902085127828857,-3.2827322,0.009158157458040238,0.005695111572159545,0.007171998222624278,-3.3006822369240334,-3.2647822596885154,-3.3006822369240334,-3.2647822596885154
ood_test,2239,4757004652079025251,-2.0,1.0727653122619132e-09,2512.3283017034155,474.34077412964,42.74916053103488,290.5746947786968,0.000520151532792589,-3.2838701173869085,-3.2768526,0.009934342496012941,0.0044291499320311175,0.008892343446271263,-3.296323919019236,-3.2573812964348656,-3.296323919019236,-3.2573812964348656
ood_test,2250,7311808897764695838,-2.8000000000000003,9.756514716409811e-10,2404.497548871577,500.9208966540563,41.62971960161597,300.52976098251094,0.0005353977263180477,-3.271323477470383,-3.2766998,0.010125469249793843,0.0028171472482490367,0.009725677791693763,-3.296545701147443,-3.2568538616882505,-3.296545701147443,-3.2568538616882505
ood_test,2256,12981595077382156139,-2.6,1.032683367538443e-09,2526.170348943833,478.8149532207128,42.09307571557734,293.4443281911712,0.000529233257546153,-3.2763528721282587,-3.2748563,0.009884689307921444,0.0035275074519754545,0.009233837901239418,-3.2942303200077596,-3.255482337920707,-3.2942303200077596,-3.255482337920707
ood_test,2258,15038946426069692038,-0.4,1.2307353848142815e-09,2445.249484887284,482.48119148575233,42.87746783295031,307.55593866537106,0.00047488841969279964,-3.3234084206998,-3.3110445,0.008681220743498233,0.005896419823790737,0.006371484870006916,-3.3280596472318416,-3.2940292619173284,-3.3280596472318416,-3.2940292619173284
ood_test,2259,4757004652079025251,-0.2,1.0727653122619132e-09,2512.3283017034155,474.34077412964,42.74916053103488,290.5746947786968,0.00046487051315293257,-3.3326680003454237,-3.3210852,0.010101748181541846,0.0055502762229685445,0.00844036388374943,-3.3408846410506903,-3.301285788179046,-3.3408846410506903,-3.301285788179046
ood_test,2261,3744802582600429992,-1.2000000000000002,9.725086180844783e-10,2468.017331565751,490.28733545372194,44.50977871149023,303.263152322465,0.0005064126026033149,-3.2954954949872,-3.2946916,0.010445160185674384,0.0053184099834222,0.008989765334482366,-3.31516407661651,-3.274219048688666,-3.31516407661651,-3.274219048688666
ood_test,2271,3262830124868165494,-1.4,1.0882818479532783e-09,2447.508764517909,466.8571183944717,43.278933930679706,307.8168200832177,0.0005085204987999904,-3.29369153568856,-3.2893302,0.009189531180276198,0.004568392204586599,0.007973535797490596,-3.307341725177672,-3.27131876295099,-3.307341725177672,-3.27131876295099
ood_test,2273,14988660033747214345,-0.8,1.1774606839117e-09,2487.5677489208106,509.6158544320055,42.33569419095241,299.8381908200232,0.00048578824105628693,-3.313553001894361,-3.3001437,0.008959945488293404,0.004843934303566009,0.007537700217676775,-3.3177052118765373,-3.2825822255624275,-3.3177052118765373,-3.2825822255624275
ood_test,2275,4757004652079025251,-2.6,1.0727653122619132e-09,2512.3283017034155,474.34077412964,42.74916053103488,290.5746947786968,0.0005289951075608238,-3.2765483445416814,-3.2710116,0.009650614715660455,0.0044993007221069015,0.008537602248606306,-3.289926795800336,-3.252096386114947,-3.289926795800336,-3.252096386114947
ood_test,2276,59563343903943478,-2.8000000000000003,8.8914003988915e-10,2578.309809077789,484.4641187531683,42.13424050837239,300.34884642744885,0.0005254648221063759,-3.2794563530448015,-3.2748766,0.00983202822603163,0.003452837399301841,0.009205795937544527,-3.294147369866479,-3.255605819220435,-3.294147369866479,-3.255605819220435
ood_test,2277,15038946426069692038,-1.0,1.2307353848142815e-09,2445.249484887284,482.48119148575233,42.87746783295031,307.55593866537106,0.0004977673706649877,-3.302973575394339,-3.2937014,0.008691145848427178,0.005613321892891082,0.006635256509741906,-3.3107360561564962,-3.276666764430662,-3.3107360561564962,-3.276666764430662
ood_test,2291,4757004652079025251,-1.0,1.0727653122619132e-09,2512.3283017034155,474.34077412964,42.74916053103488,290.5746947786968,0.0004982468742036866,-3.3025554172041907,-3.2926357,0.009799220727590775,0.004554160373297257,0.008676654925343634,-3.311842151871073,-3.2734292066189172,-3.311842151871073,-3.2734292066189172
ood_test,2293,2124884718484563516,-2.4000000000000004,9.603042271636284e-10,2438.0715583385486,503.6957420101608,43.08491203323523,298.5763734449834,0.0005320218105428371,-3.2740705631857043,-3.275358,0.009940276642705671,0.0040817473070214735,0.009063577482946792,-3.2948409038743662,-3.25587501943496,-3.2948409038743662,-3.25587501943496
ood_test,2298,3744802582600429992,-1.4,9.725086180844783e-10,2468.017331565751,490.28733545372194,44.50977871149023,303.263152322465,0.0005113959800944997,-3.2912426901337706,-3.2910552,0.010588052683767973,0.005320252976223927,0.009154330456330044,-3.3118077857443162,-3.2703026192239455,-3.3118077857443162,-3.2703026192239455
ood_test,2303,3392607520233113049,-2.2,9.42387899986183e-10,2596.3418775504824,506.9916211367261,42.54178389838287,305.55199671356803,0.0005135857782289828,-3.2893870108780487,-3.278211,0.009398064314543634,0.004190481858168752,0.008412102636634966,-3.296631322847277,-3.259790910734266,-3.296631322847277,-3.259790910734266
ood_test,2304,18058330792975761325,-2.0,8.836751126639038e-10,2477.068135205752,531.0701614185327,43.11434944357355,296.9231984392292,0.0005249893094866821,-3.2798495401715937,-3.2778533,0.009719609376076433,0.004154440435327867,0.008787003065099856,-3.29690368488065,-3.25880281612643,-3.29690368488065,-3.25880281612643
ood_test,2306,14082706842164037214,-2.4000000000000004,1.011801650795657e-09,2503.197375042157,521.464297637573,42.04226242943757,288.6545802497056,0.0005312131012450989,-3.2747312225551584,-3.2745478,0.010033808105694457,0.0034108743120551867,0.009436272257569892,-3.294214079210037,-3.254881551435715,-3.294214079210037,-3.254881551435715
ood_test,2307,13640118791446356878,-2.0,9.682475573035431e-10,2330.6047518253104,479.0686974559265,41.64371883461047,301.63426669668445,0.0005240793712844884,-3.2806029345802403,-3.2883532,0.010885730937914536,0.002836452960508172,0.010509694283977156,-3.309689237365485,-3.2670171720888606,-3.309689237365485,-3.2670171720888606
ood_test,2311,15038946426069692038,-2.4000000000000004,1.2307353848142815e-09,2445.249484887284,482.48119148575233,42.87746783295031,307.55593866537106,0.0005263241755974845,-3.278746681118105,-3.2727249,0.009169336864129135,0.005690182755605775,0.007190171083001993,-3.2906967671207585,-3.2547529666133723,-3.2906967671207585,-3.2547529666133723
ood_test,2316,13304175874445473708,-0.8,9.663377701466595e-10,2642.527368087266,478.3559331791431,43.40306406282464,301.888862689621,0.00048501294740485655,-3.31424666776592,-3.3126154,0.010273617128056812,0.004954559752508214,0.008999974495779432,-3.3327516841632767,-3.2924791050212936,-3.3327516841632767,-3.2924791050212936
ood_test,2317,5637171177688138856,-1.6,1.0663734802785015e-09,2646.766281337793,486.2018595083384,41.79339850063371,299.641349014439,0.0005122481937557068,-3.2905195642948737,-3.2935247,0.01033214488481795,0.0034094111856079797,0.009753416132192324,-3.313775746100708,-3.2732737381522217,-3.313775746100708,-3.2732737381522217
ood_test,2323,2124884718484563516,-2.8000000000000003,9.603042271636284e-10,2438.0715583385486,503.6957420101608,43.08491203323523,298.5763734449834,0.0005372911041521473,-3.2697903499200778,-3.2717092,0.009725756733724809,0.004271022634022972,0.008737774949483221,-3.2907716869181933,-3.252646720521992,-3.2907716869181933,-3.252646720521992
ood_test,2326,10893922623691634355,-2.0,9.808684991835892e-10,2440.440905080504,475.02919518003887,43.13862383173334,296.64614602139693,0.0005281931059507222,-3.2772072715635865,-3.28109,0.010467565553408949,0.004077886906759682,0.009640578282226189,-3.3016064496181046,-3.260573592648741,-3.3016064496181046,-3.260573592648741
ood_test,2332,2124884718484563516,-1.6,9.603042271636284e-10,2438.0715583385486,503.6957420101608,43.08491203323523,298.5763734449834,0.0005182630099007439,-3.28544978704947,-3.2842278,0.010194781702488649,0.004085360085698702,0.00934041773977007,-3.304209620189856,-3.264246075916101,-3.304209620189856,-3.264246075916101
ood_test,2333,18058330792975761325,-2.8000000000000003,8.836751126639038e-10,2477.068135205752,531.0701614185327,43.11434944357355,296.9231984392292,0.0005367246447445306,-3.2702484627885604,-3.2700436,0.009289210675631572,0.00437879841058806,0.008192408988388628,-3.2882504644507273,-3.251836758602251,-3.2882504644507273,-3.251836758602251
ood_test,2338,3392607520233113049,-0.6000000000000001,9.42387899986183e-10,2596.3418775504824,506.9916211367261,42.54178389838287,305.55199671356803,0.0004733319224731521,-3.324834204835982,-3.3089051,0.010122094309287075,0.005496864854424686,0.008499486741975376,-3.3287444295105093,-3.289065819818104,-3.3287444295105093,-3.289065819818104
ood_test,2340,3262830124868165494,-0.8,1.0882818479532783e-09,2447.508764517909,466.8571183944717,43.278933930679706,307.8168200832177,0.0004913762697608377,-3.3085858209140824,-3.3014214,0.009072468919571784,0.004614921784706068,0.007811029240914042,-3.3192034429672486,-3.283639364802527,-3.3192034429672486,-3.283639364802527
ood_test,2343,2056914843148536795,-0.4,1.000072357945733e-09,2615.067429542859,502.8265147659643,41.97319841319997,303.92619603855775,0.00047006931960885846,-3.3278380933328933,-3.3259935,0.01017361781626797,0.0044572502588515256,0.009145239977831902,-3.345933828822717,-3.306053246982947,-3.345933828822717,-3.306053246982947
ood_test,2347,14988660033747214345,-2.0,1.1774606839117e-09,2487.5677489208106,509.6158544320055,42.33569419095241,299.8381908200232,0.0005141026367049713,-3.2889501687385234,-3.276825,0.00940090960125236,0.004619783804156643,0.008187472075216291,-3.2952507339903296,-3.2583991683534204,-3.2952507339903296,-3.2583991683534204
ood_test,2355,59563343903943478,-2.2,8.8914003988915e-10,2578.309809077789,484.4641187531683,42.13424050837239,300.34884642744885,0.0005170038466165291,-3.2865062256524444,-3.280287,0.010291706998094197,0.003452174488656519,0.009695448391548862,-3.3004587730752735,-3.260115281642744,-3.3004587730752735,-3.260115281642744
ood_test,2370,3744802582600429992,-2.6,9.725086180844783e-10,2468.017331565751,490.28733545372194,44.50977871149023,303.263152322465,0.0005323620131447312,-3.2737929413081917,-3.2755673,0.010039263877173413,0.00529227544811848,0.008531039264538064,-3.295244250366374,-3.2558903359678544,-3.295244250366374,-3.2558903359678544
ood_test,2382,59563343903943478,-2.0,8.8914003988915e-10,2578.309809077789,484.4641187531683,42.13424050837239,300.34884642744885,0.0005136700095417771,-3.289315789679069,-3.282463,0.010503443019723814,0.0035382614482303816,0.009889540531880596,-3.3030498220491276,-3.26187632541181,-3.3030498220491276,-3.26187632541181
ood_test,2383,2056914843148536795,-0.8,1.000072357945733e-09,2615.067429542859,502.8265147659643,41.97319841319997,303.92619603855775,0.0004868056191668356,-3.3126444173789795,-3.310641,0.010130396042192971,0.00415201279919365,0.009240438669527649,-3.3304966265814433,-3.290785474096047,-3.3304966265814433,-3.290785474096047
ood_test,2386,2056914843148536795,-1.4,1.000072357945733e-09,2615.067429542859,502.8265147659643,41.97319841319997,303.92619603855775,0.000503918921533393,-3.2976393341164263,-3.2956023,0.009975696650071399,0.003661687988488996,0.009279361813860819,-3.3151546870588957,-3.276049956190616,-3.3151546870588957,-3.276049956190616
ood_test,2387,2832837163574657009,-2.2,1.0574423663675307e-09,2585.038533860248,471.3266920396063,42.543125490608695,301.3994726877767,0.0005154387475594474,-3.2878229369323173,-3.2784603,0.009674578682469516,0.0041636736167282844,0.008732771239207692,-3.297422438423573,-3.259498089988292,-3.297422438423573,-3.259498089988292
ood_test,2394,9151669764478585745,-2.8000000000000003,1.016175641189933e-09,2547.6570837434488,498.1799092392847,42.56757336192149,293.18283111534566,0.0005277002649409417,-3.2776126877778506,-3.269778,0.009621702365469416,0.004430705494873652,0.00854084359490669,-3.28863654986569,-3.25091947659305,-3.28863654986569,-3.25091947659305
ood_test,2398,18058330792975761325,-0.4,8.836751126639038e-10,2477.068135205752,531.0701614185327,43.11434944357355,296.9231984392292,0.00047911459899094945,-3.3195605956527845,-3.3148603,0.010541201600419502,0.005059773286655377,0.00924746585972717,-3.3355210990699278,-3.294199588796283,-3.3355210990699278,-3.294199588796283
ood_test,2403,4106527973129540887,-1.0,1.0203477325736783e-09,2420.870896846657,485.827773341465,41.83782044136868,301.83723728961854,0.0005046754836862989,-3.2969877920730646,-3.3029451,0.010323778378963503,0.0032601898306664286,0.00979548683699412,-3.3231797426466945,-3.282710531401157,-3.3231797426466945,-3.282710531401157
ood_test,2407,17938021924088880075,-1.8,1.0849323731926979e-09,2551.147301026894,487.27717818808753,44.82712146868644,302.5978918999191,0.0005166138715974981,-3.2868339367663255,-3.2837625,0.010158686302190639,0.005781366873927817,0.00835312551754326,-3.303673480138866,-3.2638514298342787,-3.303673480138866,-3.2638514298342787
ood_test,2412,9151669764478585745,-1.8,1.016175641189933e-09,2547.6570837434488,498.1799092392847,42.56757336192149,293.18283111534566,0.0005127482048263886,-3.2900958514576133,-3.2792974,0.01000371702278344,0.004272238138885617,0.009045569928531524,-3.298904637201814,-3.2596900664725026,-3.298904637201814,-3.2596900664725026
ood_test,2413,2056914843148536795,-3.0,1.000072357945733e-09,2615.067429542859,502.8265147659643,41.97319841319997,303.92619603855775,0.0005300770770363767,-3.275660976252472,-3.2756405,0.009250251771233058,0.003332484537867415,0.008629119003007883,-3.293770981142515,-3.2575099941992818,-3.293770981142515,-3.2575099941992818
ood_test,2417,2832837163574657009,0.0,1.0574423663675307e-09,2585.038533860248,471.3266920396063,42.543125490608695,301.3994726877767,0.00044084783453,-3.3557112881460207,-3.3406265,0.010625212114689569,0.006323733712560876,0.008538472635102453,-3.361451893939982,-3.319801062450399,-3.361451893939982,-3.319801062450399
ood_test,2430,9151669764478585745,-0.4,1.016175641189933e-09,2547.6570837434488,498.1799092392847,42.56757336192149,293.18283111534566,0.0004713664484298097,-3.3266413335222746,-3.3112843,0.01039113077524644,0.005284047259497917,0.008947314088607832,-3.3316509199846442,-3.290917687345678,-3.3316509199846442,-3.290917687345678
ood_test,2433,3392607520233113049,-0.4,9.42387899986183e-10,2596.3418775504824,506.9916211367261,42.54178389838287,305.55199671356803,0.0004642639399442079,-3.3332350473082517,-3.3169427,0.010319076942447875,0.005685265409261646,0.00861168428435636,-3.337168082610176,-3.296717300995781,-3.337168082610176,-3.296717300995781
ood_test,2435,4757004652079025251,-2.8000000000000003,1.0727653122619132e-09,2512.3283017034155,474.34077412964,42.74916053103488,290.5746947786968,0.0005315094965103794,-3.2744889715071746,-3.2691877,0.00957718108411412,0.004588995399971387,0.00840615904388724,-3.2879589637523785,-3.250416413902651,-3.2879589637523785,-3.250416413902651
ood_test,2436,3262830124868165494,-3.0,1.0882818479532783e-09,2447.508764517909,466.8571183944717,43.278933930679706,307.8168200832177,0.000534743114851244,-3.2718547985308373,-3.270395,0.009252468220566272,0.004984747657482949,0.007794898752570312,-3.288529878224395,-3.252260202799775,-3.288529878224395,-3.252260202799775
ood_test,2437,13640118791446356878,-2.2,9.682475573035431e-10,2330.6047518253104,479.0686974559265,41.64371883461047,301.63426669668445,0.0005273083096222474,-3.277935384756809,-3.2857087,0.01088480117621555,0.0028101251184361213,0.010515801833250902,-3.3070428761531607,-3.264374455542396,-3.3070428761531607,-3.264374455542396
ood_test,2438,5637171177688138856,-2.4000000000000004,1.0663734802785015e-09,2646.766281337793,486.2018595083384,41.79339850063371,299.641349014439,0.0005261316223428332,-3.278905594807524,-3.282329,0.01013099789083992,0.0031445606714486946,0.009630620116104755,-3.3021858383550597,-3.2624723266229676,-3.3021858383550597,-3.2624723266229676
ood_test,2441,11643629726484600332,-2.2,9.595802013951228e-10,2610.2949574222403,489.9218602044182,42.219532217947325,302.0841812978663,0.0005192414699967829,-3.284630629244007,-3.2800534,0.010035635242618154,0.0036960554354407765,0.009330228145301211,-3.299723222227021,-3.2603835320759575,-3.299723222227021,-3.2603835320759575
ood_test,2446,14082706842164037214,-0.2,1.011801650795657e-09,2503.197375042157,521.464297637573,42.04226242943757,288.6545802497056,0.0004695209516921161,-3.3283450232035143,-3.328289,0.010707170136152442,0.00478576853312672,0.009578095327294183,-3.3492750854492805,-3.307302978515563,-3.3492750854492805,-3.307302978515563
ood_test,2448,13640118791446356878,-3.0,9.682475573035431e-10,2330.6047518253104,479.0686974559265,41.64371883461047,301.63426669668445,0.0005378034274761628,-3.269376434300815,-3.2776124,0.010114361363835637,0.002839130242381595,0.009707710045653125,-3.2974365960117655,-3.2577882994655294,-3.2974365960117655,-3.2577882994655294
ood_test,2453,4374302465450070181,-2.4000000000000004,1.1621717411232646e-09,2521.3696634346124,503.94444076752967,42.25069338145754,304.38892783295006,0.0005251213834914496,-3.27974029642775,-3.2744977,0.009194542312452083,0.004390704150834401,0.008078447732596071,-3.2925190503536705,-3.2564764444888588,-3.2925190503536705,-3.2564764444888588
ood_test,2454,7311808897764695838,-0.4,9.756514716409811e-10,2404.497548871577,500.9208966540563,41.62971960161597,300.52976098251094,0.0004786318443837299,-3.3199984102356215,-3.3236961,0.010870668528503677,0.0034868803067926554,0.010296266069066655,-3.3450026467904768,-3.302389626158742,-3.3450026467904768,-3.302389626158742
ood_test,2456,4374302465450070181,-1.0,1.1621717411232646e-09,2521.3696634346124,503.94444076752967,42.25069338145754,304.38892783295006,0.0004961050629921974,-3.304426340755886,-3.2963212,0.008967623781569501,0.004542446253023711,0.007732040654311285,-3.3138976962526234,-3.2787446110288707,-3.3138976962526234,-3.2787446110288707
ood_test,2459,14082706842164037214,-2.0,1.011801650795657e-09,2503.197375042157,521.464297637573,42.04226242943757,288.6545802497056,0.000525111190099075,-3.2797487268157828,-3.2787619,0.010183692708640437,0.003450425619045654,0.009581344095494923,-3.2987219014174314,-3.258801825999561,-3.2987219014174314,-3.258801825999561
ood_test,2462,10813817281839957845,-2.0,1.1201765668553064e-09,2329.913862262383,487.444276821995,41.61971486534147,298.1037724082114,0.0005280276489259149,-3.277343336061698,-3.2858176,0.01011837526249113,0.0029300994629524553,0.009684834399323355,-3.3056496386529104,-3.265985607623945,-3.3056496386529104,-3.265985607623945
ood_test,2465,12935788499417564366,-2.4000000000000004,1.020786601528739e-09,2414.9946347184086,525.5036010755978,41.93453001893169,295.92616711681853,0.0005262738255140091,-3.2787882292939714,-3.274491,0.00996954052108624,0.0033020500233854376,0.009406816759216527,-3.294031371122379,-3.2549507722797206,-3.294031371122379,-3.2549507722797206
ood_test,2469,10813817281839957845,-0.4,1.1201765668553064e-09,2329.913862262383,487.444276821995,41.61971486534147,298.1037724082114,0.00048376121367048563,-3.3153689548334575,-3.3228712,0.009990549222117683,0.0038225020144255603,0.009230360403564111,-3.3424526846662688,-3.303289731715567,-3.3424526846662688,-3.303289731715567
ood_test,2477,18058330792975761325,-1.0,8.836751126639038e-10,2477.068135205752,531.0701614185327,43.11434944357355,296.9231984392292,0.0005023242528814441,-3.29901585302041,-3.2945056,0.01017917547019725,0.004484473114634538,0.009138112929336698,-3.3144567800824754,-3.274554412239302,-3.3144567800824754,-3.274554412239302
ood_test,2480,7311808897764695838,-1.8,9.756514716409811e-10,2404.497548871577,500.9208966540563,41.62971960161597,300.52976098251094,0.0005202527028695446,-3.2837856548197872,-3.2880476,0.010711738653179897,0.002822181658203307,0.01033327773669937,-3.309042559868997,-3.267052544348532,-3.309042559868997,-3.267052544348532
ood_test,2486,3392607520233113049,-2.6,9.42387899986183e-10,2596.3418775504824,506.9916211367261,42.54178389838287,305.55199671356803,0.0005195130764869222,-3.284403516490558,-3.274435,0.009213879736467279,0.004283976886373976,0.008157396510824198,-3.292494247618437,-3.256375839051485,-3.292494247618437,-3.256375839051485
ood_test,2487,5637171177688138856,-0.6000000000000001,1.0663734802785015e-09,2646.766281337793,486.2018595083384,41.79339850063371,299.641349014439,0.00048297770931200507,-3.3160729126153323,-3.3194122,0.010290153796765412,0.004041480798724094,0.009463281902397258,-3.3395809328869728,-3.2992435300036522,-3.3395809328869728,-3.2992435300036522
ood_test,2489,2124884718484563516,-2.2,9.603042271636284e-10,2438.0715583385486,503.6957420101608,43.08491203323523,298.5763734449834,0.0005290492670528148,-3.2765038829499007,-3.2772086,0.010134152873208903,0.0040459143721087365,0.009291481102421912,-3.2970715062971387,-3.25734562703416,-3.2970715062971387,-3.25734562703416
ood_test,2492,3392607520233113049,-0.2,9.42387899986183e-10,2596.3418775504824,506.9916211367261,42.54178389838287,305.55199671356803,0.00045302329503353253,-3.3438794654388184,-3.3278484,0.010509867686558172,0.006044041421846732,0.008598073868542173,-3.3484477751138964,-3.307249093782588,-3.3484477751138964,-3.307249093782588
ood_test,2494,12981595077382156139,-1.8,1.032683367538443e-09,2526.170348943833,478.8149532207128,42.09307571557734,293.4443281911712,0.0005167339951217245,-3.28673296595943,-3.2835221,0.010225812667871861,0.0034893764268256007,0.009612049171980741,-3.3035647218878665,-3.2634795362298092,-3.3035647218878665,-3.2634795362298092
ood_test,2505,9151669764478585745,-0.6000000000000001,1.016175641189933e-09,2547.6570837434488,498.1799092392847,42.56757336192149,293.18283111534566,0.00048023901596529786,-3.3185425595432347,-3.3035371,0.01034138784963247,0.005075257394950029,0.009010330745647166,-3.323806250541115,-3.283268010170555,-3.323806250541115,-3.283268010170555
ood_test,2512,18058330792975761325,-0.2,8.836751126639038e-10,2477.068135205752,531.0701614185327,43.11434944357355,296.9231984392292,0.0004678057625836025,-3.3299344327131726,-3.3258557,0.010783046922351916,0.0054194311559462496,0.00932222396312772,-3.346990503931921,-3.3047209599963017,-3.346990503931921,-3.3047209599963017
ood_test,2521,13944279034983237670,-1.6,1.000096056099185e-09,2446.239819629679,503.61049666576776,43.101977222602514,303.9832024614659,0.0005166237570453995,-3.2868256265860616,-3.286815,0.009926509692265823,0.004213941473112798,0.008987673708018755,-3.3062708870516504,-3.2673589690579687,-3.3062708870516504,-3.2673589690579687
ood_test,2522,9029148243980292461,-3.0,1.0073410050818803e-09,2574.374612551252,485.6872921198837,42.17824256593523,298.72995545788456,0.0005296471844766913,-3.276013332018032,-3.2728615,0.00956236562156961,0.0036728056578613057,0.00882889227070207,-3.291603717331167,-3.254119244094614,-3.291603717331167,-3.254119244094614
ood_test,2529,2832837163574657009,-3.0,1.0574423663675307e-09,2585.038533860248,471.3266920396063,42.543125490608695,301.3994726877767,0.0005263032019665855,-3.278763987778297,-3.2713525,0.00936761698041559,0.004469520346933464,0.008232595205218534,-3.2897130588073713,-3.2529920002441424,-3.2897130588073713,-3.2529920002441424
ood_test,2535,7167329586276071870,-2.0,9.67689959245767e-10,2498.119875502734,535.4265253830317,42.346830624956574,300.5747457097431,0.0005119719401087574,-3.290753840957514,-3.2747579,0.009745849167421548,0.004218517412040609,0.008785538251857114,-3.293859726459211,-3.255655997722918,-3.293859726459211,-3.255655997722918
ood_test,2546,10813817281839957845,-2.8000000000000003,1.1201765668553064e-09,2329.913862262383,487.444276821995,41.61971486534147,298.1037724082114,0.0005392957711742197,-3.2681729851687296,-3.2767766,0.009809016286622618,0.0030874889565935164,0.009310435286491519,-3.296002224122098,-3.257550880278537,-3.296002224122098,-3.257550880278537
ood_test,2548,4374302465450070181,-0.6000000000000001,1.1621717411232646e-09,2521.3696634346124,503.94444076752967,42.25069338145754,304.38892783295006,0.00048222726637255526,-3.316748237134928,-3.307634,0.00870323005164114,0.004858603352258068,0.007220815434848545,-3.324692446120333,-3.2905757843178995,-3.324692446120333,-3.2905757843178995
ood_test,2557,3392607520233113049,0.0,9.42387899986183e-10,2596.3418775504824,506.9916211367261,42.54178389838287,305.55199671356803,0.000437844254618,-3.358680344720881,-3.3418403,0.010721715711411325,0.006533682405641427,0.008500950880499904,-3.362854829975763,-3.32082570438703,-3.362854829975763,-3.32082570438703
