task,frequency_ghz,active_layer_length,simulation_temperature,ac_response_db,_curve_id
AC_Response,5.011872336272715,40.65637295368661,296.23853018587084,-2.761889544187348,16406327631433526260
AC_Response,3.981071705534969,41.62971960161597,300.52976098251094,-2.335528790927424,869685322261252957
AC_Response,1.0,37.69553984942066,294.1521471075916,-0.4183485129322892,8666257842429149026
AC_Response,31.6227766016838,39.56928699408093,298.75903253628616,-6.8335039949483,17177253068705741675
AC_Response,0.1995262314968882,39.43236728729266,296.39638250989714,-0.012829116587479,4381028864758797162
AC_Response,3.981071705534969,39.94029005251662,299.6218359156308,-2.260952843212414,1062234375139852529
AC_Response,31.6227766016838,41.62971960161597,300.52976098251094,-6.667072401774671,869685322261252957
AC_Response,19.952623149688822,40.30940301281442,306.6726054586492,-5.532560836113434,5439972880139275643
AC_Response,0.1584893192461111,39.66536493364173,302.3426017448898,-0.0070468539033358,11523722328579267051
AC_Response,0.3981071705534968,39.33731057072893,297.69705044733973,-0.0633730612302206,3402320749389468369
AC_Response,2.511886431509582,40.78433779833217,301.9145433801493,-1.48743972732146,894797089121886199
AC_Response,0.1995262314968882,35.793021097389925,308.86985058095934,-0.0138990725597246,15076552308508060508
AC_Response,6.309573444801943,40.31257836583995,298.21936914217434,-3.076421585164835,12408152172928847518
AC_Response,0.7943282347242822,37.50931802222772,308.1655826328421,-0.2860627428707353,11519709022772450725
AC_Response,6.309573444801943,41.43318212059344,299.0815860986159,-3.1809846552074337,6042616877882084778
AC_Response,12.589254117941662,38.28868089781682,299.0569098093356,-4.489880006692564,3766308496770492318
AC_Response,1.584893192461111,39.21856251436128,307.7679942040925,-0.8334061081171444,2454564730666304252
AC_Response,2.511886431509582,41.11142736058992,291.8506686301862,-1.48056433259648,12552086576878223737
AC_Response,0.6309573444801944,38.57283152042447,302.4090006102026,-0.1749766201425153,1015852638890412653
AC_Response,25.11886431509582,37.12870103512795,297.3410066095633,-6.355951281473423,5086348268569391686
AC_Response,5.011872336272715,40.31160828282909,292.8565689112594,-2.766810785285418,13220990961221007809
AC_Response,0.5011872336272715,43.167246359099664,298.50956140834,-0.1004022322615671,3765347373034185731
AC_Response,31.6227766016838,38.69622270488729,301.9657628923453,-6.738576377623552,8115719833540228731
AC_Response,1.0,41.129719458135625,288.0815978442095,-0.3823377254708264,14542734286284699756
AC_Response,7.943282347242822,37.69553984942066,294.1521471075916,-3.664270708202488,8666257842429149026
AC_Response,19.952623149688822,39.05845567786759,297.2376267822416,-5.77993313832772,6308849522308401573
AC_Response,10.0,40.68035124967265,296.73843693227377,-4.018730458864374,385409706114037048
AC_Response,0.7943282347242822,40.07870713980076,299.5411124372077,-0.2522012257778881,3083009041752371786
AC_Response,1.9952623149688828,40.75046782180591,305.2870639056014,-1.1448100461999209,1102911703873588363
AC_Response,6.309573444801943,42.87746783295031,307.55593866537106,-3.1193375851043363,8801835938313083490
AC_Response,0.1584893192461111,42.219532217947325,302.0841812978663,-0.0064258529577865,6431290111938284445
AC_Response,7.943282347242822,42.543125490608695,301.3994726877767,-3.513338797200672,8259856114936990545
AC_Response,0.1584893192461111,39.0211226249472,305.0510216058231,-0.0068220038473402,14932880946049592786
AC_Response,0.7943282347242822,40.31257836583995,298.21936914217434,-0.2452911706501082,12408152172928847518
AC_Response,6.309573444801943,42.09307571557734,293.4443281911712,-3.1253991164252675,14925940557847983943
AC_Response,12.589254117941662,34.826156523967086,290.8089263982084,-4.654552081189124,15165174592579684514
AC_Response,0.3981071705534968,35.793021097389925,308.86985058095934,-0.068007265552926,15076552308508060508
AC_Response,0.1584893192461111,34.84085283436253,301.39850617403,-0.0073009001558177,16751146966542148650
AC_Response,39.81071705534969,40.78433779833217,301.9145433801493,-6.534372521371177,894797089121886199
AC_Response,39.81071705534969,36.589080383233394,294.68809277779184,-7.088433260420366,15915415103177725736
AC_Response,0.5011872336272715,38.88005077046229,301.691940704981,-0.0988255274758567,5417274375214438322
AC_Response,12.589254117941662,38.89567254871546,292.9930878390376,-4.6362773299209215,13058981581108217973
AC_Response,5.011872336272715,43.167246359099664,298.50956140834,-2.6722156690410093,3765347373034185731
AC_Response,0.1258925411794166,37.207464786418186,297.95471711920453,-0.002601936591319,10318556855553405500
AC_Response,1.2589254117941662,37.60227540602951,298.4772867617408,-0.5768613454935596,13857080191999532053
AC_Response,0.1995262314968882,39.94029005251662,299.6218359156308,-0.0125265284462738,1062234375139852529
AC_Response,0.1258925411794166,39.18777263938059,307.5354074756815,-0.0027199550510252,14030010393685506498
AC_Response,0.2511886431509582,38.69622270488729,301.9657628923453,-0.0232215214884126,8115719833540228731
AC_Response,15.848931924611108,39.90381821426863,300.9815905741297,-4.968299820490637,15256650157893810940
AC_Response,5.011872336272715,38.92442853409919,306.1252360546967,-2.6770254901542168,17394947245709734813
AC_Response,6.309573444801943,39.85430360518959,306.74502895459364,-3.1156597198920526,16546631726138751512
AC_Response,1.2589254117941662,36.10636397779454,299.96382807834965,-0.612200982663734,6951561072364878352
AC_Response,12.589254117941662,40.55455133934368,303.4784744400111,-4.469334321256114,6782381353331258888
AC_Response,3.981071705534969,37.39117268896573,297.8667082132286,-2.3535331435361777,12671372268648671805
AC_Response,3.981071705534969,38.45876893881996,290.3471581734896,-2.3069995173917963,7554141485682215590
AC_Response,0.7943282347242822,41.9345213676303,296.5403011366731,-0.2513203104089144,2996005905799625730
AC_Response,25.11886431509582,40.47383155665718,295.6008889602198,-6.3909841573539605,6410035451867130339
AC_Response,19.952623149688822,38.23677890677304,298.10055132439214,-5.779250372344981,16541905887176100137
AC_Response,1.2589254117941662,40.65637295368661,296.23853018587084,-0.5925493099502831,16406327631433526260
AC_Response,1.2589254117941662,42.33569419095241,299.8381908200232,-0.5889251046835069,8123982087682502409
AC_Response,15.848931924611108,39.56928699408093,298.75903253628616,-5.191854948362763,17177253068705741675
AC_Response,0.1995262314968882,40.80112322251315,299.2329513672896,-0.0132940999788965,1295526639106515549
AC_Response,15.848931924611108,41.27631172344517,301.59948365785385,-5.099225219309544,14080291052260215929
AC_Response,0.6309573444801944,38.89567254871546,292.9930878390376,-0.1644952292713436,13058981581108217973
AC_Response,0.1,40.31160828282909,292.8565689112594,0.0,13220990961221007809
AC_Response,0.3981071705534968,36.16652897024234,304.10393187120707,-0.0670600006475204,1769769716334894948
AC_Response,0.5011872336272715,39.34847113068841,298.5552181462747,-0.1072420379639883,9131232228778995290
AC_Response,0.2511886431509582,36.36815079533651,301.4558439858307,-0.024212822852283,6183833702133835153
AC_Response,0.7943282347242822,36.322106531247385,300.55707391972635,-0.2783595897994346,13894251431710084294
AC_Response,25.11886431509582,42.56757336192149,293.18283111534566,-6.44293207519668,1435201764501745638
AC_Response,0.3162277660168379,40.91913452211564,297.20307373531364,-0.0375989027925734,12404554437750077034
AC_Response,6.309573444801943,36.10636397779454,299.96382807834965,-3.2356417991554127,6951561072364878352
AC_Response,2.511886431509582,39.24041391228537,297.93305834844136,-1.4916065290817404,3712240751709899868
AC_Response,0.1258925411794166,41.43318212059344,299.0815860986159,-0.0026946268274685,6042616877882084778
AC_Response,6.309573444801943,37.12870103512795,297.3410066095633,-3.193874014998902,5086348268569391686
AC_Response,3.981071705534969,40.75046782180591,305.2870639056014,-2.308957331918224,1102911703873588363
AC_Response,0.1584893192461111,41.93453001893169,295.92616711681853,-0.0067312155421632,8171303673975013206
AC_Response,1.9952623149688828,39.05845567786759,297.2376267822416,-1.1552708530825049,6308849522308401573
AC_Response,0.3162277660168379,39.05845567786759,297.2376267822416,-0.0401949653232275,6308849522308401573
AC_Response,0.1995262314968882,40.19858533526689,297.9110382121584,-0.0132056015965084,17871160977092490614
AC_Response,1.584893192461111,37.207464786418186,297.95471711920453,-0.8267334045923727,10318556855553405500
AC_Response,0.2511886431509582,42.87746783295031,307.55593866537106,-0.0241891921588945,8801835938313083490
AC_Response,0.3162277660168379,38.89567254871546,292.9930878390376,-0.0397234277015968,13058981581108217973
AC_Response,5.011872336272715,41.27682283342508,300.8565986758517,-2.6907017020176376,3063462922452919031
AC_Response,10.0,38.57283152042447,302.4090006102026,-4.066557707472086,1015852638890412653
AC_Response,2.511886431509582,39.339075937042885,294.39428351617613,-1.506507767669417,8365660235088368164
AC_Response,1.2589254117941662,38.88005077046229,301.691940704981,-0.5499221281846016,5417274375214438322
AC_Response,0.2511886431509582,39.36697999872778,300.425811364213,-0.0226261767087644,14780227274271489565
AC_Response,1.2589254117941662,35.793021097389925,308.86985058095934,-0.5964012981260844,15076552308508060508
AC_Response,10.0,38.422268984819695,304.0303353891022,-4.017301165117637,10399213306103495125
AC_Response,7.943282347242822,39.24041391228537,297.93305834844136,-3.50920303059359,3712240751709899868
AC_Response,3.981071705534969,38.81204244575611,302.5323056028984,-2.4036872299896306,4131187287421323234
AC_Response,2.511886431509582,39.34847113068841,298.5552181462747,-1.5390666917254012,9131232228778995290
AC_Response,0.5011872336272715,40.91913452211564,297.20307373531364,-0.0987607881737964,12404554437750077034
AC_Response,5.011872336272715,37.334947088248434,294.43440760000914,-2.7073768236569324,15599116176485750453
AC_Response,0.5011872336272715,38.795972505421744,297.7961123434831,-0.1063913092488823,15363827923754144579
AC_Response,0.5011872336272715,39.325337668236735,299.6111127589073,-0.1055375783576736,15493075907902210391
AC_Response,1.9952623149688828,39.85430360518959,306.74502895459364,-1.1578198316172983,16546631726138751512
AC_Response,0.7943282347242822,39.94029005251662,299.6218359156308,-0.2416588134796927,1062234375139852529
AC_Response,0.3162277660168379,38.978559546027874,295.06946514256083,-0.0384343085888003,5230745145462099467
AC_Response,0.1,42.74916053103488,290.5746947786968,0.0,14264826949359886561
AC_Response,0.3981071705534968,41.62971960161597,300.52976098251094,-0.0662129168137669,869685322261252957
AC_Response,1.0,40.32755095458103,299.70047987606006,-0.3660264345553493,9319956976912993182
AC_Response,0.1258925411794166,42.56757336192149,293.18283111534566,-0.0024933768130539,1435201764501745638
AC_Response,2.511886431509582,37.207464786418186,297.95471711920453,-1.515021296037514,10318556855553405500
AC_Response,0.5011872336272715,39.9154735600532,295.8292447353602,-0.1021314301402348,5412796333827448456
AC_Response,10.0,42.346830624956574,300.5747457097431,-4.047909488686282,2337157221459530110
AC_Response,0.3162277660168379,42.33569419095241,299.8381908200232,-0.0406599798383814,8123982087682502409
AC_Response,6.309573444801943,39.339075937042885,294.39428351617613,-3.127175695627012,8365660235088368164
AC_Response,1.584893192461111,41.83782044136868,301.83723728961854,-0.8340814216835535,9082082196135538154
AC_Response,31.6227766016838,39.62193192256099,289.3285700165644,-7.036515789100446,14612151002491318071
AC_Response,1.9952623149688828,39.61181207182135,297.3307652107198,-1.0858053091776925,17136393541049134550
AC_Response,2.511886431509582,39.61181207182135,297.3307652107198,-1.446492767990271,17136393541049134550
AC_Response,3.1622776601683795,38.45876893881996,290.3471581734896,-1.891759185179376,7554141485682215590
AC_Response,0.6309573444801944,41.08562699346509,303.58650370690776,-0.1681176652618035,631923151567513377
AC_Response,40.0,37.99663516660689,298.18972265332246,-6.801557442690314,8038139640542861367
AC_Response,5.011872336272715,39.21209704786501,303.00410991721293,-2.651841339959696,4763887798637117351
AC_Response,2.511886431509582,40.994373738605006,302.9961192294562,-1.4989006325543237,9731388305634911064
AC_Response,25.11886431509582,38.53132745549709,285.1813868750008,-6.852024014863588,17395302027409890490
AC_Response,15.848931924611108,40.01001805266426,305.28831051478386,-4.984810759285169,1115091621525583977
AC_Response,19.952623149688822,39.90795077029272,306.8673078749587,-5.461427827928658,15468058970195626653
AC_Response,1.9952623149688828,38.31893407640898,299.3638589999156,-1.0974277481486254,8619026027835737365
AC_Response,6.309573444801943,38.88005077046229,301.691940704981,-3.0702952135564034,5417274375214438322
AC_Response,25.11886431509582,40.01001805266426,305.28831051478386,-6.075423464295019,1115091621525583977
AC_Response,1.9952623149688828,38.55163090195673,309.2198732722366,-1.2026886158045869,4787501490018871704
AC_Response,19.952623149688822,38.33334239027114,293.10089722857373,-5.851312682183709,7035166681821702163
AC_Response,7.943282347242822,41.62971960161597,300.52976098251094,-3.555900518488482,869685322261252957
AC_Response,0.1995262314968882,41.62971960161597,300.52976098251094,-0.0135218954914351,869685322261252957
AC_Response,0.1584893192461111,39.34847113068841,298.5552181462747,-0.0069459382851361,9131232228778995290
AC_Response,0.1995262314968882,41.129719458135625,288.0815978442095,-0.0130148452417669,14542734286284699756
AC_Response,6.309573444801943,36.16652897024234,304.10393187120707,-3.1409403492307564,1769769716334894948
AC_Response,6.309573444801943,43.167246359099664,298.50956140834,-3.0731660419987867,3765347373034185731
AC_Response,12.589254117941662,39.90607827400121,296.137708789732,-4.576999110149035,10133735033454427345
AC_Response,1.0,40.32854625878799,294.3650499716886,-0.3919108650758607,17204210023338359435
AC_Response,3.1622776601683795,40.248277237816566,302.09732544564235,-1.926595560441993,3482370874704362668
AC_Response,6.309573444801943,39.90381821426863,300.9815905741297,-3.052388496610698,15256650157893810940
AC_Response,15.848931924611108,40.994373738605006,302.9961192294562,-5.016303918535891,9731388305634911064
AC_Response,0.1995262314968882,41.193035529790656,301.7038514591378,-0.0136469604761642,2554276162761610342
AC_Response,7.943282347242822,36.43861892729903,303.676124223718,-3.623347075032002,17268235322529381975
AC_Response,0.1,37.10727035463277,300.4554170460457,0.0,16422739178917769296
AC_Response,0.3981071705534968,37.207464786418186,297.95471711920453,-0.0647470766258261,10318556855553405500
AC_Response,0.1,41.26661222078493,300.2753689300697,0.0,5907817959460322520
AC_Response,10.0,41.97319841319997,303.92619603855775,-3.8938461112958622,959363961973256592
AC_Response,15.848931924611108,41.27682283342508,300.8565986758517,-5.088680459821155,3063462922452919031
AC_Response,1.584893192461111,40.07870713980076,299.5411124372077,-0.8214907888330357,3083009041752371786
AC_Response,0.1995262314968882,40.248277237816566,302.09732544564235,-0.0135498148929442,3482370874704362668
AC_Response,25.11886431509582,40.68035124967265,296.73843693227377,-6.327204300318996,385409706114037048
AC_Response,0.1995262314968882,38.50508417894045,294.1262317171733,-0.0135266946760966,7408968043820680965
AC_Response,1.9952623149688828,39.36697999872778,300.425811364213,-1.1098417982409985,14780227274271489565
AC_Response,3.981071705534969,37.10727035463277,300.4554170460457,-2.35543859764305,16422739178917769296
AC_Response,10.0,42.13424050837239,300.34884642744885,-3.960458653824937,7248124264218123782
AC_Response,0.5011872336272715,39.90607827400121,296.137708789732,-0.1100458405150236,10133735033454427345
AC_Response,19.952623149688822,41.64371883461047,301.63426669668445,-5.694065514163111,7077229970648675251
AC_Response,0.6309573444801944,39.66536493364173,302.3426017448898,-0.1713198547151826,11523722328579267051
AC_Response,40.0,39.85430360518959,306.74502895459364,-6.412072511868983,16546631726138751512
AC_Response,25.11886431509582,42.74916053103488,290.5746947786968,-6.387616764141777,14264826949359886561
AC_Response,15.848931924611108,41.97319841319997,303.92619603855775,-4.934410698497663,959363961973256592
AC_Response,40.0,38.45876893881996,290.3471581734896,-7.303680250885374,7554141485682215590
AC_Response,3.981071705534969,39.56928699408093,298.75903253628616,-2.373587493175185,17177253068705741675
AC_Response,15.848931924611108,42.04226242943757,288.6545802497056,-5.214039051381022,14598686425886924939
AC_Response,1.2589254117941662,39.325337668236735,299.6111127589073,-0.581313075088809,15493075907902210391
AC_Response,1.584893192461111,38.57283152042447,302.4090006102026,-0.8714690717432337,1015852638890412653
AC_Response,5.011872336272715,38.23677890677304,298.10055132439214,-2.780173508771267,16541905887176100137
AC_Response,2.511886431509582,35.52248114367448,306.4489109295662,-1.5594522073410355,6964906420694514637
AC_Response,7.943282347242822,39.0211226249472,305.0510216058231,-3.531248800255128,14932880946049592786
AC_Response,3.981071705534969,40.78433779833217,301.9145433801493,-2.2818414335078723,894797089121886199
AC_Response,0.1258925411794166,38.31893407640898,299.3638589999156,-0.0024644900951976,8619026027835737365
AC_Response,6.309573444801943,39.43236728729266,296.39638250989714,-3.0757471650558204,4381028864758797162
AC_Response,1.584893192461111,37.69553984942066,294.1521471075916,-0.8852381837629506,8666257842429149026
AC_Response,0.1258925411794166,42.87746783295031,307.55593866537106,-0.0026832729903534,8801835938313083490
AC_Response,0.7943282347242822,40.648465379108416,299.4728047413536,-0.2634596979168938,5403082750804857040
AC_Response,0.3981071705534968,40.78433779833217,301.9145433801493,-0.0635233980268295,894797089121886199
AC_Response,0.7943282347242822,38.25394170360681,296.3367780179062,-0.2514765650846483,1787945062278856569
AC_Response,1.584893192461111,37.79561575023349,300.3431374384869,-0.8636344204329744,8406104627261355859
AC_Response,12.589254117941662,41.79339850063371,299.641349014439,-4.403814762201649,9066091246669766023
AC_Response,5.011872336272715,38.42173874228168,293.06092698472065,-2.730037804999448,9170926497845462766
AC_Response,0.5011872336272715,39.36697999872778,300.425811364213,-0.1001751965979592,14780227274271489565
AC_Response,40.0,42.74916053103488,290.5746947786968,-6.886849893069103,14264826949359886561
AC_Response,5.011872336272715,39.325337668236735,299.6111127589073,-2.7141936331126533,15493075907902210391
AC_Response,5.011872336272715,36.43861892729903,303.676124223718,-2.80526719623254,17268235322529381975
AC_Response,15.848931924611108,40.51326020590248,298.8914974420704,-5.068585257985,13540594563185179811
AC_Response,0.5011872336272715,37.10727035463277,300.4554170460457,-0.1095701566294128,16422739178917769296
AC_Response,3.981071705534969,43.167246359099664,298.50956140834,-2.273128035075372,3765347373034185731
AC_Response,31.6227766016838,38.88005077046229,301.691940704981,-6.556912223832612,5417274375214438322
AC_Response,0.2511886431509582,38.45876893881996,290.3471581734896,-0.0226156059286571,7554141485682215590
AC_Response,0.1,38.96317500489286,311.33012415162744,0.0,17007921468252437021
AC_Response,3.1622776601683795,37.79561575023349,300.3431374384869,-1.9589543160554184,8406104627261355859
AC_Response,0.5011872336272715,40.32854625878799,294.3650499716886,-0.1053343178461435,17204210023338359435
AC_Response,1.0,40.648465379108416,299.4728047413536,-0.4003136239247093,5403082750804857040
AC_Response,0.7943282347242822,40.96326376678826,298.8654192354596,-0.2576588065193048,11939704803637804291
AC_Response,19.952623149688822,39.325337668236735,299.6111127589073,-5.700649447644064,15493075907902210391
AC_Response,12.589254117941662,42.74916053103488,290.5746947786968,-4.574667187445844,14264826949359886561
AC_Response,19.952623149688822,40.07870713980076,299.5411124372077,-5.6694663537968,3083009041752371786
AC_Response,12.589254117941662,35.793021097389925,308.86985058095934,-4.446053029275105,15076552308508060508
AC_Response,1.0,39.61181207182135,297.3307652107198,-0.3623105052402314,17136393541049134550
AC_Response,1.0,38.37558042728467,295.9516778251947,-0.4036945076108269,12182933489101405014
AC_Response,39.81071705534969,39.58517778577758,297.0863250737395,-7.017480805305624,13884065282437346191
AC_Response,39.81071705534969,41.64371883461047,301.63426669668445,-6.741009367279547,7077229970648675251
AC_Response,1.584893192461111,38.858183000543626,295.7855807653235,-0.8419653308810372,9262064648931476805
AC_Response,3.1622776601683795,35.793021097389925,308.86985058095934,-1.9347303554946065,15076552308508060508
AC_Response,0.1,42.04226242943757,288.6545802497056,0.0,14598686425886924939
AC_Response,6.309573444801943,42.54178389838287,305.55199671356803,-3.066399347193623,3537787434630592613
AC_Response,39.81071705534969,41.43318212059344,299.0815860986159,-6.817282196842519,6042616877882084778
AC_Response,10.0,43.13862383173334,296.64614602139693,-4.009810567672145,17985928204657212826
AC_Response,1.0,41.484417545989686,302.7283665488111,-0.3751275829989811,4427417937030231446
AC_Response,0.7943282347242822,40.75166342427999,301.0515477079729,-0.253548063850509,5730813955982425338
AC_Response,0.5011872336272715,38.96317500489286,311.33012415162744,-0.1057776624580088,17007921468252437021
AC_Response,1.0,40.91913452211564,297.20307373531364,-0.3693905207079698,12404554437750077034
AC_Response,2.511886431509582,39.62193192256099,289.3285700165644,-1.545451634694084,14612151002491318071
AC_Response,5.011872336272715,39.73131063338137,294.42197627514213,-2.6984793470785067,10333268118757093503
AC_Response,1.9952623149688828,40.94136333558407,299.94201571725745,-1.153898004184177,14684909485850387430
AC_Response,2.511886431509582,38.96317500489286,311.33012415162744,-1.5186659203137862,17007921468252437021
AC_Response,0.2511886431509582,41.95641496228942,305.9180523366615,-0.0223511695885092,4365964196300360401
AC_Response,0.2511886431509582,40.58953669016749,293.2225739384997,-0.0232969407885265,7807375178238359560
AC_Response,3.1622776601683795,38.92442853409919,306.1252360546967,-1.87945520163458,17394947245709734813
AC_Response,0.2511886431509582,36.73791801396338,295.61725668807514,-0.0237756930505204,17008765120125666942
AC_Response,12.589254117941662,40.78433779833217,301.9145433801493,-4.430156537737858,894797089121886199
AC_Response,0.3162277660168379,38.33334239027114,293.10089722857373,-0.0414023768221885,7035166681821702163
AC_Response,39.81071705534969,39.33731057072893,297.69705044733973,-6.967345243542235,3402320749389468369
AC_Response,0.3162277660168379,39.339075937042885,294.39428351617613,-0.039330538703787,8365660235088368164
AC_Response,0.5011872336272715,41.26661222078493,300.2753689300697,-0.1013292688216718,5907817959460322520
AC_Response,31.6227766016838,40.75166342427999,301.0515477079729,-6.554264820333464,5730813955982425338
AC_Response,0.3162277660168379,40.648465379108416,299.4728047413536,-0.0411268278899709,5403082750804857040
AC_Response,25.11886431509582,39.58517778577758,297.0863250737395,-6.430485378088527,13884065282437346191
AC_Response,1.2589254117941662,40.79653471954481,301.4383600393062,-0.5834915726747558,4950770812450199952
AC_Response,1.2589254117941662,37.39117268896573,297.8667082132286,-0.5896313340906141,12671372268648671805
AC_Response,19.952623149688822,37.50931802222772,308.1655826328421,-5.596416160925796,11519709022772450725
AC_Response,19.952623149688822,40.31257836583995,298.21936914217434,-5.692328906123043,12408152172928847518
AC_Response,1.0,40.75046782180591,305.2870639056014,-0.3888626256064401,1102911703873588363
AC_Response,7.943282347242822,37.60227540602951,298.4772867617408,-3.540705518613063,13857080191999532053
AC_Response,1.2589254117941662,39.0211226249472,305.0510216058231,-0.5808387533618663,14932880946049592786
AC_Response,1.584893192461111,42.219532217947325,302.0841812978663,-0.7953401573002766,6431290111938284445
AC_Response,0.1995262314968882,40.78433779833217,301.9145433801493,-0.0129662121432092,894797089121886199
AC_Response,39.81071705534969,41.95641496228942,305.9180523366615,-6.519757661340616,4365964196300360401
AC_Response,0.3162277660168379,42.13424050837239,300.34884642744885,-0.0377556210627426,7248124264218123782
AC_Response,0.6309573444801944,41.97319841319997,303.92619603855775,-0.157446798899974,959363961973256592
AC_Response,2.511886431509582,43.06550150160359,292.35304316269765,-1.5380220160181082,2038187770712329087
AC_Response,0.1,34.826156523967086,290.8089263982084,0.0,15165174592579684514
AC_Response,1.0,43.08491203323523,298.5763734449834,-0.3832219166085532,440727550293168112
AC_Response,0.2511886431509582,41.48473029075561,294.1535226587993,-0.0214428851856896,4007664404162655079
AC_Response,6.309573444801943,38.25394170360681,296.3367780179062,-3.0986321043407266,1787945062278856569
AC_Response,3.1622776601683795,38.37558042728467,295.9516778251947,-1.968116528252168,12182933489101405014
AC_Response,12.589254117941662,39.66536493364173,302.3426017448898,-4.480007424222744,11523722328579267051
AC_Response,0.1,39.51420947268076,305.7035776891924,0.0,4365530570025844449
AC_Response,31.6227766016838,41.484417545989686,302.7283665488111,-6.580381272848265,4427417937030231446
AC_Response,31.6227766016838,43.06550150160359,292.35304316269765,-6.954227023793055,2038187770712329087
AC_Response,0.1995262314968882,41.95641496228942,305.9180523366615,-0.0125894417860021,4365964196300360401
AC_Response,0.1584893192461111,38.978559546027874,295.06946514256083,-0.0065230112025131,5230745145462099467
AC_Response,1.2589254117941662,40.51326020590248,298.8914974420704,-0.5617465548268998,13540594563185179811
AC_Response,25.11886431509582,38.795972505421744,297.7961123434831,-6.483872757039415,15363827923754144579
AC_Response,1.9952623149688828,39.90607827400121,296.137708789732,-1.1943670099328785,10133735033454427345
AC_Response,19.952623149688822,36.10636397779454,299.96382807834965,-5.840684375010714,6951561072364878352
AC_Response,0.3981071705534968,41.11142736058992,291.8506686301862,-0.0620544557606335,12552086576878223737
AC_Response,39.81071705534969,44.50977871149023,303.263152322465,-6.434926962799318,15483355832083528190
AC_Response,10.0,36.322106531247385,300.55707391972635,-4.113758044293926,13894251431710084294
AC_Response,1.9952623149688828,39.62193192256099,289.3285700165644,-1.1681410868248527,14612151002491318071
AC_Response,1.9952623149688828,40.06029068650691,301.1540677406581,-1.123610459500345,7954056211698152112
AC_Response,0.2511886431509582,40.65637295368661,296.23853018587084,-0.0243409721228358,16406327631433526260
AC_Response,1.0,40.714467773434976,300.93677074401546,-0.3816731706934979,9058477443376137994
AC_Response,0.5011872336272715,40.79653471954481,301.4383600393062,-0.1059503037520413,4950770812450199952
AC_Response,3.1622776601683795,41.27682283342508,300.8565986758517,-1.8840972898898625,3063462922452919031
AC_Response,5.011872336272715,38.33334239027114,293.10089722857373,-2.7879272212458845,7035166681821702163
AC_Response,19.952623149688822,39.9154735600532,295.8292447353602,-5.68880214585116,5412796333827448456
AC_Response,10.0,40.66002705988115,288.1838349540611,-4.102899436548509,6643428527261381718
AC_Response,1.0,38.25394170360681,296.3367780179062,-0.3827224005269333,1787945062278856569
AC_Response,1.9952623149688828,39.90795077029272,306.8673078749587,-1.152018537648767,15468058970195626653
AC_Response,0.3981071705534968,41.83782044136868,301.83723728961854,-0.0658227475158522,9082082196135538154
AC_Response,25.11886431509582,39.56928699408093,298.75903253628616,-6.397379264951894,17177253068705741675
AC_Response,0.7943282347242822,39.21856251436128,307.7679942040925,-0.2580050324341976,2454564730666304252
AC_Response,5.011872336272715,41.48473029075561,294.1535226587993,-2.652735872060691,4007664404162655079
AC_Response,12.589254117941662,37.334947088248434,294.43440760000914,-4.543729382243152,15599116176485750453
AC_Response,0.1995262314968882,43.06550150160359,292.35304316269765,-0.0134240256184675,2038187770712329087
AC_Response,25.11886431509582,39.21209704786501,303.00410991721293,-6.116459320329809,4763887798637117351
AC_Response,40.0,40.35879763032958,294.16913853899604,-6.982174913445186,6227566288360181889
AC_Response,0.7943282347242822,40.65637295368661,296.23853018587084,-0.2630323395010386,16406327631433526260
AC_Response,2.511886431509582,36.43861892729903,303.676124223718,-1.5910680394169028,17268235322529381975
AC_Response,15.848931924611108,38.37558042728467,295.9516778251947,-5.199128347595802,12182933489101405014
AC_Response,0.1584893192461111,39.56928699408093,298.75903253628616,-0.0070361364141789,17177253068705741675
AC_Response,25.11886431509582,40.31160828282909,292.8565689112594,-6.492929525600424,13220990961221007809
AC_Response,1.0,39.33731057072893,297.69705044733973,-0.3789556454304405,3402320749389468369
AC_Response,31.6227766016838,39.339075937042885,294.39428351617613,-6.933450613210992,8365660235088368164
AC_Response,0.3162277660168379,41.62971960161597,300.52976098251094,-0.0404694664030878,869685322261252957
AC_Response,19.952623149688822,40.01001805266426,305.28831051478386,-5.5447042317854125,1115091621525583977
AC_Response,31.6227766016838,39.90795077029272,306.8673078749587,-6.317664342243608,15468058970195626653
AC_Response,40.0,37.207464786418186,297.95471711920453,-6.880920522190582,10318556855553405500
AC_Response,10.0,37.50931802222772,308.1655826328421,-4.054786779094873,11519709022772450725
AC_Response,39.81071705534969,40.648465379108416,299.4728047413536,-6.759068105520299,5403082750804857040
AC_Response,3.1622776601683795,37.50931802222772,308.1655826328421,-2.030177375798344,11519709022772450725
AC_Response,2.511886431509582,40.51326020590248,298.8914974420704,-1.4853155531103384,13540594563185179811
AC_Response,0.1,41.48473029075561,294.1535226587993,0.0,4007664404162655079
AC_Response,0.1584893192461111,41.83782044136868,301.83723728961854,-0.0068325122765736,9082082196135538154
AC_Response,39.81071705534969,39.51420947268076,305.7035776891924,-6.713424109739754,4365530570025844449
AC_Response,5.011872336272715,39.90607827400121,296.137708789732,-2.7916566385419497,10133735033454427345
AC_Response,1.584893192461111,40.248277237816566,302.09732544564235,-0.840221373945079,3482370874704362668
AC_Response,25.11886431509582,41.08562699346509,303.58650370690776,-6.109967534188163,631923151567513377
AC_Response,7.943282347242822,38.23677890677304,298.10055132439214,-3.5983569329076404,16541905887176100137
AC_Response,1.2589254117941662,42.87746783295031,307.55593866537106,-0.587990732857664,8801835938313083490
AC_Response,1.584893192461111,39.51420947268076,305.7035776891924,-0.8838340879311046,4365530570025844449
AC_Response,3.1622776601683795,38.53132745549709,285.1813868750008,-1.96611830594225,17395302027409890490
AC_Response,3.981071705534969,37.69553984942066,294.1521471075916,-2.4201598242293745,8666257842429149026
AC_Response,0.6309573444801944,38.45876893881996,290.3471581734896,-0.1581686803432801,7554141485682215590
AC_Response,25.11886431509582,37.83724802001972,293.41915116225954,-6.412834359692648,7174223208182595177
AC_Response,0.3162277660168379,41.27682283342508,300.8565986758517,-0.0385972667941221,3063462922452919031
AC_Response,39.81071705534969,40.94136333558407,299.94201571725745,-6.647002172475686,14684909485850387430
AC_Response,5.011872336272715,42.87746783295031,307.55593866537106,-2.724650687648888,8801835938313083490
AC_Response,7.943282347242822,40.75046782180591,305.2870639056014,-3.503826975835568,1102911703873588363
AC_Response,2.511886431509582,39.73131063338137,294.42197627514213,-1.4805531424318774,10333268118757093503
AC_Response,0.1584893192461111,38.81204244575611,302.5323056028984,-0.007242978972643,4131187287421323234
AC_Response,1.0,43.167246359099664,298.50956140834,-0.3747153506080211,3765347373034185731
AC_Response,0.6309573444801944,34.84085283436253,301.39850617403,-0.1773539757304591,16751146966542148650
AC_Response,1.9952623149688828,37.99663516660689,298.18972265332246,-1.108655064267474,8038139640542861367
AC_Response,2.511886431509582,43.101977222602514,303.9832024614659,-1.51745295260215,14223461640953255652
AC_Response,19.952623149688822,42.219532217947325,302.0841812978663,-5.518449353607709,6431290111938284445
AC_Response,19.952623149688822,37.99663516660689,298.18972265332246,-5.630707551908002,8038139640542861367
AC_Response,0.3162277660168379,38.28868089781682,299.0569098093356,-0.0393935987169053,3766308496770492318
AC_Response,0.1,38.21649432972869,303.56534322943094,0.0,10796982964429426044
AC_Response,0.7943282347242822,38.55163090195673,309.2198732722366,-0.2731931858916335,4787501490018871704
AC_Response,3.1622776601683795,39.34847113068841,298.5552181462747,-1.938849069004869,9131232228778995290
AC_Response,0.1995262314968882,37.10727035463277,300.4554170460457,-0.0139734042828322,16422739178917769296
AC_Response,40.0,40.06029068650691,301.1540677406581,-6.661483334691934,7954056211698152112
AC_Response,25.11886431509582,39.64774721352306,306.8220229508652,-6.096490276902243,13277443787381278961
AC_Response,10.0,40.35879763032958,294.16913853899604,-3.991868412163289,6227566288360181889
AC_Response,0.3162277660168379,43.101977222602514,303.9832024614659,-0.0400502672563809,14223461640953255652
AC_Response,6.309573444801943,40.78433779833217,301.9145433801493,-3.0720391235139703,894797089121886199
AC_Response,1.2589254117941662,40.30940301281442,306.6726054586492,-0.5840456875637735,5439972880139275643
AC_Response,10.0,37.79561575023349,300.3431374384869,-4.022866574199846,8406104627261355859
AC_Response,1.0,38.96317500489286,311.33012415162744,-0.392803412169699,17007921468252437021
AC_Response,0.6309573444801944,37.79561575023349,300.3431374384869,-0.1736341638552752,8406104627261355859
AC_Response,0.1,38.25394170360681,296.3367780179062,0.0,1787945062278856569
AC_Response,39.81071705534969,39.18777263938059,307.5354074756815,-6.609945264006951,14030010393685506498
AC_Response,0.3162277660168379,42.09307571557734,293.4443281911712,-0.0384295108578577,14925940557847983943
AC_Response,15.848931924611108,41.9345213676303,296.5403011366731,-5.10394386093735,2996005905799625730
AC_Response,39.81071705534969,35.793021097389925,308.86985058095934,-6.6047248957387215,15076552308508060508
AC_Response,6.309573444801943,40.32854625878799,294.3650499716886,-3.149495536692811,17204210023338359435
AC_Response,40.0,40.58953669016749,293.2225739384997,-6.893436808036034,7807375178238359560
AC_Response,1.2589254117941662,41.129719458135625,288.0815978442095,-0.5688070911441869,14542734286284699756
AC_Response,19.952623149688822,40.78433779833217,301.9145433801493,-5.540605014697145,894797089121886199
AC_Response,19.952623149688822,41.83782044136868,301.83723728961854,-5.580241015496078,9082082196135538154
AC_Response,0.1,39.9154735600532,295.8292447353602,0.0,5412796333827448456
AC_Response,3.981071705534969,38.37558042728467,295.9516778251947,-2.379573198031757,12182933489101405014
AC_Response,12.589254117941662,37.79561575023349,300.3431374384869,-4.534348674614227,8406104627261355859
AC_Response,12.589254117941662,41.93453001893169,295.92616711681853,-4.563806522164734,8171303673975013206
AC_Response,0.1,40.80112322251315,299.2329513672896,0.0,1295526639106515549
AC_Response,1.584893192461111,42.54178389838287,305.55199671356803,-0.8040722068916966,3537787434630592613
AC_Response,19.952623149688822,39.43236728729266,296.39638250989714,-5.714252884632519,4381028864758797162
AC_Response,1.0,41.29986197643443,296.3385514465405,-0.3865324118894641,4988707599086321867
AC_Response,0.5011872336272715,41.79339850063371,299.641349014439,-0.098315595445499,9066091246669766023
AC_Response,10.0,39.047727684139495,305.18782525816323,-4.0074568305201,9536545485233975021
AC_Response,1.2589254117941662,39.339075937042885,294.39428351617613,-0.5711886977664479,8365660235088368164
AC_Response,5.011872336272715,34.826156523967086,290.8089263982084,-2.7868851672834927,15165174592579684514
AC_Response,0.6309573444801944,40.43386356777175,305.1954997344612,-0.165071134101432,15766262156413488926
AC_Response,0.1584893192461111,40.248277237816566,302.09732544564235,-0.0068867582331811,3482370874704362668
AC_Response,0.3162277660168379,40.51326020590248,298.8914974420704,-0.0386154645908701,13540594563185179811
AC_Response,1.0,36.589080383233394,294.68809277779184,-0.387112960849947,15915415103177725736
AC_Response,1.584893192461111,40.75166342427999,301.0515477079729,-0.8237012259994309,5730813955982425338
AC_Response,40.0,41.97319841319997,303.92619603855775,-6.554030382832182,959363961973256592
AC_Response,12.589254117941662,38.45876893881996,290.3471581734896,-4.657317749287441,7554141485682215590
AC_Response,0.2511886431509582,40.51326020590248,298.8914974420704,-0.0228984672809124,13540594563185179811
AC_Response,40.0,40.52844947169319,303.263443359763,-6.612814894074601,560255154383361061
AC_Response,19.952623149688822,39.33731057072893,297.69705044733973,-5.732505043982487,3402320749389468369
AC_Response,0.2511886431509582,39.94029005251662,299.6218359156308,-0.0222406952986511,1062234375139852529
AC_Response,7.943282347242822,39.66536493364173,302.3426017448898,-3.535377890918359,11523722328579267051
AC_Response,3.1622776601683795,39.24041391228537,297.93305834844136,-1.8872677271811933,3712240751709899868
AC_Response,0.6309573444801944,40.58953669016749,293.2225739384997,-0.1625939500373368,7807375178238359560
AC_Response,1.9952623149688828,37.39117268896573,297.8667082132286,-1.1690095686380635,12671372268648671805
AC_Response,15.848931924611108,41.62971960161597,300.52976098251094,-5.10017219474512,869685322261252957
AC_Response,1.2589254117941662,36.73791801396338,295.61725668807514,-0.5799821256867198,17008765120125666942
AC_Response,1.0,41.93453001893169,295.92616711681853,-0.3876445433099996,8171303673975013206
AC_Response,7.943282347242822,37.334947088248434,294.43440760000914,-3.5475566557428784,15599116176485750453
AC_Response,25.11886431509582,37.334947088248434,294.43440760000914,-6.288530409943606,15599116176485750453
AC_Response,0.5011872336272715,39.21209704786501,303.00410991721293,-0.0995711838801657,4763887798637117351
AC_Response,0.1584893192461111,41.28793476116813,303.0641722996054,-0.0066635624270037,16945873912842908627
AC_Response,0.3981071705534968,40.77134716523017,305.22981462209646,-0.0692959437240195,9738090587319443504
AC_Response,0.3981071705534968,38.69622270488729,301.9657628923453,-0.0640842958655499,8115719833540228731
AC_Response,0.3162277660168379,39.21209704786501,303.00410991721293,-0.037924949796514,4763887798637117351
AC_Response,2.511886431509582,40.75046782180591,305.2870639056014,-1.5123385726707843,1102911703873588363
AC_Response,25.11886431509582,36.36815079533651,301.4558439858307,-6.228643557165308,6183833702133835153
AC_Response,1.0,40.65637295368661,296.23853018587084,-0.399791093635943,16406327631433526260
AC_Response,15.848931924611108,37.79561575023349,300.3431374384869,-5.099271188395695,8406104627261355859
AC_Response,19.952623149688822,42.25069338145754,304.38892783295006,-5.535633475190292,12866849828103811731
AC_Response,5.011872336272715,39.62193192256099,289.3285700165644,-2.782957432360791,14612151002491318071
AC_Response,1.9952623149688828,40.47383155665718,295.6008889602198,-1.131541525150518,6410035451867130339
AC_Response,0.6309573444801944,41.61731424149927,306.85396396460635,-0.1648362846084766,260657965530268515
AC_Response,2.511886431509582,40.52844947169319,303.263443359763,-1.5078591139841182,560255154383361061
AC_Response,0.5011872336272715,40.80112322251315,299.2329513672896,-0.1043948617390493,1295526639106515549
AC_Response,0.7943282347242822,38.21649432972869,303.56534322943094,-0.2637188021613684,10796982964429426044
AC_Response,0.3981071705534968,42.74916053103488,290.5746947786968,-0.0625073757935467,14264826949359886561
AC_Response,3.1622776601683795,35.52248114367448,306.4489109295662,-1.9532510970413064,6964906420694514637
AC_Response,0.1258925411794166,38.50508417894045,294.1262317171733,-0.0026631547685262,7408968043820680965
AC_Response,10.0,39.64774721352306,306.8220229508652,-3.99381998733658,13277443787381278961
AC_Response,1.0,42.87746783295031,307.55593866537106,-0.3969127692353658,8801835938313083490
AC_Response,1.2589254117941662,38.89567254871546,292.9930878390376,-0.5774849537176063,13058981581108217973
AC_Response,0.3981071705534968,43.13862383173334,296.64614602139693,-0.0643204388524045,17985928204657212826
AC_Response,3.1622776601683795,42.346830624956574,300.5747457097431,-1.9395772852388136,2337157221459530110
AC_Response,1.584893192461111,42.17824256593523,298.72995545788456,-0.7970105164499787,8469384274296772994
AC_Response,0.5011872336272715,41.129719458135625,288.0815978442095,-0.1023375642531196,14542734286284699756
AC_Response,3.981071705534969,41.95641496228942,305.9180523366615,-2.2467155570975885,4365964196300360401
AC_Response,1.584893192461111,41.29986197643443,296.3385514465405,-0.8260378386574059,4988707599086321867
AC_Response,40.0,36.43861892729903,303.676124223718,-6.821989328401377,17268235322529381975
AC_Response,19.952623149688822,42.17824256593523,298.72995545788456,-5.6508762047406105,8469384274296772994
AC_Response,39.81071705534969,40.55316862193092,296.6314874710408,-6.757781701157263,12484285608964576027
AC_Response,12.589254117941662,40.35879763032958,294.16913853899604,-4.531040245530566,6227566288360181889
AC_Response,0.2511886431509582,36.322106531247385,300.55707391972635,-0.0258506524513912,13894251431710084294
AC_Response,10.0,39.62193192256099,289.3285700165644,-4.135277058926972,14612151002491318071
AC_Response,0.3162277660168379,39.325337668236735,299.6111127589073,-0.0402398554932792,15493075907902210391
AC_Response,40.0,39.90381821426863,300.9815905741297,-6.514392128397351,15256650157893810940
AC_Response,7.943282347242822,40.68035124967265,296.73843693227377,-3.5476966318870145,385409706114037048
AC_Response,0.5011872336272715,42.17824256593523,298.72995545788456,-0.0994260601417212,8469384274296772994
AC_Response,0.1,39.05845567786759,297.2376267822416,0.0,6308849522308401573
AC_Response,0.3981071705534968,39.36697999872778,300.425811364213,-0.062452753296208,14780227274271489565
AC_Response,1.0,42.54178389838287,305.55199671356803,-0.375400564826624,3537787434630592613
AC_Response,0.1995262314968882,38.422268984819695,304.0303353891022,-0.0137959792368558,10399213306103495125
AC_Response,0.1,40.32755095458103,299.70047987606006,0.0,9319956976912993182
AC_Response,1.0,42.219532217947325,302.0841812978663,-0.3711096123787304,6431290111938284445
AC_Response,1.584893192461111,41.43318212059344,299.0815860986159,-0.8510591619878025,6042616877882084778
AC_Response,5.011872336272715,41.27631172344517,301.59948365785385,-2.713739571451625,14080291052260215929
AC_Response,1.0,41.11142736058992,291.8506686301862,-0.3724725667173256,12552086576878223737
AC_Response,1.2589254117941662,39.56928699408093,298.75903253628616,-0.5975962914308421,17177253068705741675
AC_Response,39.81071705534969,34.826156523967086,290.8089263982084,-7.042166012012517,15165174592579684514
AC_Response,19.952623149688822,40.79653471954481,301.4383600393062,-5.600354441739261,4950770812450199952
AC_Response,0.7943282347242822,41.193035529790656,301.7038514591378,-0.2619016134360847,2554276162761610342
AC_Response,25.11886431509582,39.339075937042885,294.39428351617613,-6.453698485443201,8365660235088368164
AC_Response,12.589254117941662,42.543125490608695,301.3994726877767,-4.472068704734256,8259856114936990545
AC_Response,3.981071705534969,37.99663516660689,298.18972265332246,-2.2601676310267944,8038139640542861367
AC_Response,0.1995262314968882,39.34847113068841,298.5552181462747,-0.0136661027936379,9131232228778995290
AC_Response,0.7943282347242822,38.57283152042447,302.4090006102026,-0.2710187644564637,1015852638890412653
AC_Response,3.1622776601683795,38.08606385532588,297.3563844788412,-1.9669679702221328,7393066098584539282
AC_Response,3.981071705534969,42.543125490608695,301.3994726877767,-2.2937033396767315,8259856114936990545
AC_Response,31.6227766016838,40.94136333558407,299.94201571725745,-6.559176276426227,14684909485850387430
AC_Response,25.11886431509582,41.29986197643443,296.3385514465405,-6.427495409800934,4988707599086321867
AC_Response,0.3981071705534968,36.73791801396338,295.61725668807514,-0.0655915239276308,17008765120125666942
AC_Response,1.9952623149688828,40.52844947169319,303.263443359763,-1.1422111907452752,560255154383361061
AC_Response,40.0,38.37558042728467,295.9516778251947,-6.953600641331109,12182933489101405014
AC_Response,1.9952623149688828,43.101977222602514,303.9832024614659,-1.149060176937215,14223461640953255652
AC_Response,0.2511886431509582,40.55316862193092,296.6314874710408,-0.0225397745424616,12484285608964576027
AC_Response,0.1,41.64371883461047,301.63426669668445,0.0,7077229970648675251
AC_Response,0.3981071705534968,40.66002705988115,288.1838349540611,-0.0635047857200831,6643428527261381718
AC_Response,25.11886431509582,41.95641496228942,305.9180523366615,-6.025245056797658,4365964196300360401
AC_Response,0.1584893192461111,41.08562699346509,303.58650370690776,-0.0069056672303866,631923151567513377
AC_Response,0.3981071705534968,38.53132745549709,285.1813868750008,-0.0662006847001095,17395302027409890490
AC_Response,0.6309573444801944,44.50977871149023,303.263152322465,-0.1590154472441552,15483355832083528190
AC_Response,0.6309573444801944,37.10727035463277,300.4554170460457,-0.1726306795260083,16422739178917769296
AC_Response,39.81071705534969,40.65637295368661,296.23853018587084,-6.906411266232668,16406327631433526260
AC_Response,1.2589254117941662,40.91913452211564,297.20307373531364,-0.5499397128759521,12404554437750077034
AC_Response,0.2511886431509582,38.31893407640898,299.3638589999156,-0.0222285480650791,8619026027835737365
AC_Response,0.1995262314968882,37.207464786418186,297.95471711920453,-0.013216539672332,10318556855553405500
AC_Response,10.0,41.129719458135625,288.0815978442095,-4.103963624834418,14542734286284699756
AC_Response,5.011872336272715,35.793021097389925,308.86985058095934,-2.720248210432941,15076552308508060508
AC_Response,0.6309573444801944,37.39117268896573,297.8667082132286,-0.1686486880202156,12671372268648671805
AC_Response,25.11886431509582,43.40306406282464,301.888862689621,-6.047120007018626,9481571324980869556
AC_Response,25.11886431509582,40.75046782180591,305.2870639056014,-6.0515491671729125,1102911703873588363
AC_Response,0.3162277660168379,43.08491203323523,298.5763734449834,-0.0391772024888345,440727550293168112
AC_Response,0.3981071705534968,39.66536493364173,302.3426017448898,-0.0678508427423558,11523722328579267051
AC_Response,40.0,41.64371883461047,301.63426669668445,-6.739057423158519,7077229970648675251
AC_Response,40.0,39.9154735600532,295.8292447353602,-6.749189869218131,5412796333827448456
AC_Response,25.11886431509582,43.101977222602514,303.9832024614659,-6.1111074713938365,14223461640953255652
AC_Response,1.2589254117941662,43.167246359099664,298.50956140834,-0.5570737280068963,3765347373034185731
AC_Response,0.1584893192461111,38.858183000543626,295.7855807653235,-0.0068611936569083,9262064648931476805
AC_Response,5.011872336272715,38.88005077046229,301.691940704981,-2.6673050886095777,5417274375214438322
AC_Response,31.6227766016838,38.31893407640898,299.3638589999156,-6.677335195977063,8619026027835737365
AC_Response,0.1584893192461111,37.69553984942066,294.1521471075916,-0.0073282547011089,8666257842429149026
AC_Response,19.952623149688822,34.84085283436253,301.39850617403,-5.651455031457715,16751146966542148650
AC_Response,0.3981071705534968,40.714467773434976,300.93677074401546,-0.0638333226088227,9058477443376137994
AC_Response,5.011872336272715,37.69553984942066,294.1521471075916,-2.825990079339933,8666257842429149026
AC_Response,25.11886431509582,39.33447860201831,299.4635962010897,-6.287140062561116,15208010537286723207
AC_Response,1.0,41.97319841319997,303.92619603855775,-0.3722777226337384,959363961973256592
AC_Response,1.584893192461111,40.65637295368661,296.23853018587084,-0.8504017729835206,16406327631433526260
AC_Response,40.0,40.78433779833217,301.9145433801493,-6.532167653658875,894797089121886199
AC_Response,15.848931924611108,40.96326376678826,298.8654192354596,-5.106377931290057,11939704803637804291
AC_Response,0.1584893192461111,38.45876893881996,290.3471581734896,-0.0064729957815717,7554141485682215590
AC_Response,1.2589254117941662,39.58517778577758,297.0863250737395,-0.5831898608110322,13884065282437346191
AC_Response,40.0,40.248277237816566,302.09732544564235,-6.755405512852754,3482370874704362668
AC_Response,10.0,40.06029068650691,301.1540677406581,-3.974402662726118,7954056211698152112
AC_Response,0.6309573444801944,41.11142736058992,291.8506686301862,-0.1572052420438212,12552086576878223737
AC_Response,1.2589254117941662,39.66536493364173,302.3426017448898,-0.5962730155666863,11523722328579267051
AC_Response,1.0,40.78433779833217,301.9145433801493,-0.3796645960380135,894797089121886199
AC_Response,0.6309573444801944,38.23677890677304,298.10055132439214,-0.1763086650563834,16541905887176100137
AC_Response,0.5011872336272715,39.85430360518959,306.74502895459364,-0.1060316782396261,16546631726138751512
AC_Response,0.6309573444801944,40.94136333558407,299.94201571725745,-0.165954669475129,14684909485850387430
AC_Response,39.81071705534969,41.26661222078493,300.2753689300697,-6.853292081119577,5907817959460322520
AC_Response,1.0,36.322106531247385,300.55707391972635,-0.4222498564188129,13894251431710084294
AC_Response,25.11886431509582,40.714467773434976,300.93677074401546,-6.228956015744141,9058477443376137994
AC_Response,31.6227766016838,41.48473029075561,294.1535226587993,-6.839644742293981,4007664404162655079
AC_Response,39.81071705534969,43.11434944357355,296.9231984392292,-6.77176475775386,3658234560045323703
AC_Response,0.3162277660168379,39.51420947268076,305.7035776891924,-0.0433225099899683,4365530570025844449
AC_Response,31.6227766016838,41.79339850063371,299.641349014439,-6.506689683014909,9066091246669766023
AC_Response,6.309573444801943,40.47383155665718,295.6008889602198,-3.125742430929724,6410035451867130339
AC_Response,19.952623149688822,39.51420947268076,305.7035776891924,-5.613588085377351,4365530570025844449
AC_Response,0.1,40.51326020590248,298.8914974420704,0.0,13540594563185179811
AC_Response,0.1995262314968882,41.27631172344517,301.59948365785385,-0.0131838327294593,14080291052260215929
AC_Response,0.1258925411794166,38.96317500489286,311.33012415162744,-0.0026538963671961,17007921468252437021
AC_Response,40.0,36.589080383233394,294.68809277779184,-7.088085018702062,15915415103177725736
AC_Response,0.3162277660168379,38.795972505421744,297.7961123434831,-0.0405507434444021,15363827923754144579
AC_Response,19.952623149688822,40.31160828282909,292.8565689112594,-5.881959861385251,13220990961221007809
AC_Response,3.981071705534969,41.27631172344517,301.59948365785385,-2.3126214331741863,14080291052260215929
AC_Response,0.6309573444801944,39.047727684139495,305.18782525816323,-0.1729755178630243,9536545485233975021
AC_Response,0.3981071705534968,40.248277237816566,302.09732544564235,-0.0663421065211091,3482370874704362668
AC_Response,0.3981071705534968,39.21209704786501,303.00410991721293,-0.0620736708864214,4763887798637117351
AC_Response,10.0,40.96326376678826,298.8654192354596,-4.022021461077994,11939704803637804291
AC_Response,0.1258925411794166,37.60227540602951,298.4772867617408,-0.0026182187355252,13857080191999532053
AC_Response,0.3162277660168379,41.79339850063371,299.641349014439,-0.0374382095112559,9066091246669766023
AC_Response,3.981071705534969,40.79653471954481,301.4383600393062,-2.322884968099649,4950770812450199952
AC_Response,0.7943282347242822,40.80112322251315,299.2329513672896,-0.2553605659695552,1295526639106515549
AC_Response,0.6309573444801944,41.193035529790656,301.7038514591378,-0.1689074856698937,2554276162761610342
AC_Response,6.309573444801943,40.01001805266426,305.28831051478386,-3.0947801896464924,1115091621525583977
AC_Response,7.943282347242822,41.08562699346509,303.58650370690776,-3.537059455206818,631923151567513377
AC_Response,40.0,42.346830624956574,300.5747457097431,-6.753438813211239,2337157221459530110
AC_Response,0.3162277660168379,38.858183000543626,295.7855807653235,-0.0404096833368317,9262064648931476805
AC_Response,3.1622776601683795,38.422268984819695,304.0303353891022,-1.949734245845557,10399213306103495125
AC_Response,6.309573444801943,42.13424050837239,300.34884642744885,-3.0753423548860863,7248124264218123782
AC_Response,31.6227766016838,43.167246359099664,298.50956140834,-6.625361088661553,3765347373034185731
AC_Response,0.1,42.13424050837239,300.34884642744885,0.0,7248124264218123782
AC_Response,10.0,40.55455133934368,303.4784744400111,-3.97713188307114,6782381353331258888
AC_Response,15.848931924611108,44.50977871149023,303.263152322465,-4.948004314129885,15483355832083528190
AC_Response,3.981071705534969,42.74916053103488,290.5746947786968,-2.2991738849094663,14264826949359886561
AC_Response,12.589254117941662,40.51326020590248,298.8914974420704,-4.493731717369848,13540594563185179811
AC_Response,7.943282347242822,43.40306406282464,301.888862689621,-3.4526962896852225,9481571324980869556
AC_Response,0.6309573444801944,37.207464786418186,297.95471711920453,-0.1637974317695952,10318556855553405500
AC_Response,0.1584893192461111,39.90795077029272,306.8673078749587,-0.0068326043462941,15468058970195626653
AC_Response,5.011872336272715,38.69622270488729,301.9657628923453,-2.7077236081032154,8115719833540228731
AC_Response,3.1622776601683795,40.80112322251315,299.2329513672896,-1.9097359878754616,1295526639106515549
AC_Response,1.2589254117941662,37.99663516660689,298.18972265332246,-0.5556993219647279,8038139640542861367
AC_Response,0.1,40.75166342427999,301.0515477079729,0.0,5730813955982425338
AC_Response,7.943282347242822,38.25394170360681,296.3367780179062,-3.5221752435201155,1787945062278856569
AC_Response,3.1622776601683795,39.64774721352306,306.8220229508652,-1.972209220055029,13277443787381278961
AC_Response,0.1258925411794166,42.33569419095241,299.8381908200232,-0.0026744602670131,8123982087682502409
AC_Response,15.848931924611108,38.31893407640898,299.3638589999156,-5.044292871448718,8619026027835737365
AC_Response,10.0,40.75046782180591,305.2870639056014,-3.947009718457657,1102911703873588363
AC_Response,7.943282347242822,42.33569419095241,299.8381908200232,-3.5995167627718843,8123982087682502409
AC_Response,1.2589254117941662,38.8972081784186,297.8606493603604,-0.6003839939652077,11533468067055250155
AC_Response,0.3162277660168379,38.08606385532588,297.3563844788412,-0.0420722628658156,7393066098584539282
AC_Response,1.584893192461111,40.79653471954481,301.4383600393062,-0.8375008508142158,4950770812450199952
AC_Response,19.952623149688822,41.61971486534147,298.1037724082114,-5.794984288637862,1131457513323140606
AC_Response,1.584893192461111,40.31257836583995,298.21936914217434,-0.8007974174913969,12408152172928847518
AC_Response,2.511886431509582,37.79561575023349,300.3431374384869,-1.560446603002578,8406104627261355859
AC_Response,39.81071705534969,38.28868089781682,299.0569098093356,-6.797319426639454,3766308496770492318
AC_Response,0.1258925411794166,39.9154735600532,295.8292447353602,-0.0025576660047703,5412796333827448456
AC_Response,31.6227766016838,36.16652897024234,304.10393187120707,-6.760238905000038,1769769716334894948
AC_Response,19.952623149688822,39.56928699408093,298.75903253628616,-5.808105221131253,17177253068705741675
AC_Response,10.0,40.79653471954481,301.4383600393062,-3.977819847592312,4950770812450199952
AC_Response,1.584893192461111,39.339075937042885,294.39428351617613,-0.8219181318234923,8365660235088368164
AC_Response,3.981071705534969,39.21209704786501,303.00410991721293,-2.256237744363067,4763887798637117351
AC_Response,40.0,42.04226242943757,288.6545802497056,-7.022926686969649,14598686425886924939
AC_Response,0.1584893192461111,42.17824256593523,298.72995545788456,-0.0064257030297292,8469384274296772994
AC_Response,15.848931924611108,38.92442853409919,306.1252360546967,-4.983686245421815,17394947245709734813
AC_Response,6.309573444801943,42.04226242943757,288.6545802497056,-3.117040407683151,14598686425886924939
AC_Response,0.3981071705534968,41.9345213676303,296.5403011366731,-0.0639817454123946,2996005905799625730
AC_Response,6.309573444801943,41.28793476116813,303.0641722996054,-3.0984624455741345,16945873912842908627
AC_Response,15.848931924611108,41.43318212059344,299.0815860986159,-5.154937231537372,6042616877882084778
AC_Response,3.1622776601683795,43.06550150160359,292.35304316269765,-1.9454258435109384,2038187770712329087
AC_Response,1.2589254117941662,36.322106531247385,300.55707391972635,-0.6241246869425067,13894251431710084294
AC_Response,0.1995262314968882,42.17824256593523,298.72995545788456,-0.0126443920578554,8469384274296772994
AC_Response,25.11886431509582,40.80112322251315,299.2329513672896,-6.181815880656316,1295526639106515549
AC_Response,10.0,35.793021097389925,308.86985058095934,-3.958763193843943,15076552308508060508
AC_Response,0.1,41.484417545989686,302.7283665488111,0.0,4427417937030231446
AC_Response,1.2589254117941662,40.94136333558407,299.94201571725745,-0.5809717753564183,14684909485850387430
AC_Response,0.3162277660168379,38.42173874228168,293.06092698472065,-0.0389147504260632,9170926497845462766
AC_Response,1.9952623149688828,37.50931802222772,308.1655826328421,-1.244621266546075,11519709022772450725
AC_Response,0.5011872336272715,41.28793476116813,303.0641722996054,-0.1029972126715037,16945873912842908627
AC_Response,7.943282347242822,41.83782044136868,301.83723728961854,-3.507774691502953,9082082196135538154
AC_Response,3.981071705534969,39.66536493364173,302.3426017448898,-2.3420763465467016,11523722328579267051
AC_Response,5.011872336272715,36.10636397779454,299.96382807834965,-2.8267968543515742,6951561072364878352
AC_Response,12.589254117941662,41.484417545989686,302.7283665488111,-4.460747117686272,4427417937030231446
AC_Response,12.589254117941662,42.09307571557734,293.4443281911712,-4.578794252109208,14925940557847983943
AC_Response,0.5011872336272715,36.589080383233394,294.68809277779184,-0.1039592081479279,15915415103177725736
AC_Response,0.6309573444801944,39.33731057072893,297.69705044733973,-0.1603586158733821,3402320749389468369
AC_Response,0.1258925411794166,40.32755095458103,299.70047987606006,-0.0024511054505027,9319956976912993182
AC_Response,2.511886431509582,39.0211226249472,305.0510216058231,-1.5204240737977204,14932880946049592786
AC_Response,5.011872336272715,38.45876893881996,290.3471581734896,-2.7223395213660884,7554141485682215590
AC_Response,39.81071705534969,39.325337668236735,299.6111127589073,-6.913543445896421,15493075907902210391
AC_Response,1.9952623149688828,40.55455133934368,303.4784744400111,-1.1894260130815602,6782381353331258888
AC_Response,3.1622776601683795,37.60227540602951,298.4772867617408,-1.9144600946708656,13857080191999532053
AC_Response,25.11886431509582,40.79653471954481,301.4383600393062,-6.135242799810583,4950770812450199952
AC_Response,39.81071705534969,37.334947088248434,294.43440760000914,-6.80387669777506,15599116176485750453
AC_Response,31.6227766016838,38.978559546027874,295.06946514256083,-6.903443632004088,5230745145462099467
AC_Response,0.3981071705534968,38.96317500489286,311.33012415162744,-0.065990526014177,17007921468252437021
AC_Response,0.1,39.85430360518959,306.74502895459364,0.0,16546631726138751512
AC_Response,10.0,43.11434944357355,296.9231984392292,-3.993109720835849,3658234560045323703
AC_Response,31.6227766016838,40.32854625878799,294.3650499716886,-6.886819196152275,17204210023338359435
AC_Response,39.81071705534969,37.39117268896573,297.8667082132286,-6.67230251779224,12671372268648671805
AC_Response,0.1258925411794166,41.97319841319997,303.92619603855775,-0.002499088831997,959363961973256592
AC_Response,39.81071705534969,36.43861892729903,303.676124223718,-6.822826982524593,17268235322529381975
AC_Response,1.584893192461111,35.793021097389925,308.86985058095934,-0.8533568310396769,15076552308508060508
AC_Response,0.1258925411794166,43.40306406282464,301.888862689621,-0.0024256599582594,9481571324980869556
AC_Response,5.011872336272715,40.06029068650691,301.1540677406581,-2.6969427980554213,7954056211698152112
AC_Response,31.6227766016838,40.55455133934368,303.4784744400111,-6.504553266609415,6782381353331258888
AC_Response,1.9952623149688828,38.25394170360681,296.3367780179062,-1.131152832157196,1787945062278856569
AC_Response,0.1,38.92442853409919,306.1252360546967,0.0,17394947245709734813
AC_Response,5.011872336272715,37.39117268896573,297.8667082132286,-2.753999908301139,12671372268648671805
AC_Response,1.0,39.05845567786759,297.2376267822416,-0.3922515652850349,6308849522308401573
AC_Response,19.952623149688822,36.43861892729903,303.676124223718,-5.717203349411063,17268235322529381975
AC_Response,0.1258925411794166,39.73131063338137,294.42197627514213,-0.0024996062724627,10333268118757093503
AC_Response,0.1995262314968882,36.36815079533651,301.4558439858307,-0.0136406210176556,6183833702133835153
AC_Response,0.3981071705534968,39.43236728729266,296.39638250989714,-0.0628609791918405,4381028864758797162
AC_Response,0.1995262314968882,39.24041391228537,297.93305834844136,-0.0129925872719676,3712240751709899868
AC_Response,7.943282347242822,40.66002705988115,288.1838349540611,-3.6082493499540425,6643428527261381718
AC_Response,1.0,42.543125490608695,301.3994726877767,-0.3781933382894915,8259856114936990545
AC_Response,0.1258925411794166,41.79339850063371,299.641349014439,-0.0024611707994532,9066091246669766023
AC_Response,15.848931924611108,40.77134716523017,305.22981462209646,-5.018059742877402,9738090587319443504
AC_Response,39.81071705534969,39.94029005251662,299.6218359156308,-6.599465661889412,1062234375139852529
AC_Response,0.6309573444801944,39.9154735600532,295.8292447353602,-0.1611726644872332,5412796333827448456
AC_Response,5.011872336272715,38.08606385532588,297.3563844788412,-2.770860853495558,7393066098584539282
AC_Response,2.511886431509582,39.56928699408093,298.75903253628616,-1.5588701181872788,17177253068705741675
AC_Response,12.589254117941662,37.69553984942066,294.1521471075916,-4.672998032675314,8666257842429149026
AC_Response,31.6227766016838,43.13862383173334,296.64614602139693,-6.716637873162128,17985928204657212826
AC_Response,0.5011872336272715,40.94136333558407,299.94201571725745,-0.1052317274610221,14684909485850387430
AC_Response,0.1584893192461111,42.04226242943757,288.6545802497056,-0.006419801256498,14598686425886924939
AC_Response,15.848931924611108,37.39117268896573,297.8667082132286,-5.064695749641857,12671372268648671805
AC_Response,0.5011872336272715,39.18777263938059,307.5354074756815,-0.1083364862240712,14030010393685506498
AC_Response,12.589254117941662,40.714467773434976,300.93677074401546,-4.497083959208508,9058477443376137994
AC_Response,12.589254117941662,40.994373738605006,302.9961192294562,-4.463945023306674,9731388305634911064
AC_Response,40.0,40.19858533526689,297.9110382121584,-6.848436350051084,17871160977092490614
AC_Response,1.0,39.339075937042885,294.39428351617613,-0.3846075272698789,8365660235088368164
AC_Response,0.1258925411794166,38.55163090195673,309.2198732722366,-0.0028153901822761,4787501490018871704
AC_Response,12.589254117941662,39.21856251436128,307.7679942040925,-4.425891523576372,2454564730666304252
AC_Response,0.1258925411794166,42.346830624956574,300.5747457097431,-0.0026374979952481,2337157221459530110
AC_Response,1.2589254117941662,41.11142736058992,291.8506686301862,-0.5545861172772083,12552086576878223737
AC_Response,7.943282347242822,38.89567254871546,292.9930878390376,-3.610591896251583,13058981581108217973
AC_Response,0.1,40.30940301281442,306.6726054586492,0.0,5439972880139275643
AC_Response,6.309573444801943,36.36815079533651,301.4558439858307,-3.147068124587717,6183833702133835153
AC_Response,0.1,40.19858533526689,297.9110382121584,0.0,17871160977092490614
AC_Response,0.3981071705534968,40.31257836583995,298.21936914217434,-0.0624032559346151,12408152172928847518
AC_Response,1.9952623149688828,39.11984591644459,301.1260229250646,-1.1933845182497729,9610535940819629000
AC_Response,6.309573444801943,41.93453001893169,295.92616711681853,-3.1373792422328868,8171303673975013206
AC_Response,3.1622776601683795,39.7132385315927,304.62183232922587,-1.9079766712242536,10528525010244697505
AC_Response,0.7943282347242822,39.90795077029272,306.8673078749587,-0.2579714527901146,15468058970195626653
AC_Response,7.943282347242822,38.422268984819695,304.0303353891022,-3.5642141020528872,10399213306103495125
AC_Response,10.0,42.09307571557734,293.4443281911712,-4.039245263657188,14925940557847983943
AC_Response,0.3162277660168379,37.10727035463277,300.4554170460457,-0.0418072230404341,16422739178917769296
AC_Response,0.3162277660168379,40.55316862193092,296.6314874710408,-0.0380121529116251,12484285608964576027
AC_Response,1.0,43.278933930679706,307.8168200832177,-0.3986683505680435,4776793572509321654
AC_Response,0.1995262314968882,37.83724802001972,293.41915116225954,-0.0130959901046937,7174223208182595177
AC_Response,3.1622776601683795,40.52844947169319,303.263443359763,-1.9014245322065555,560255154383361061
AC_Response,1.584893192461111,37.334947088248434,294.43440760000914,-0.8063810094013496,15599116176485750453
AC_Response,0.3981071705534968,41.193035529790656,301.7038514591378,-0.0668252328589277,2554276162761610342
AC_Response,0.6309573444801944,41.04225055349912,296.5414644902,-0.1686293287115944,6763556109530919502
AC_Response,0.3162277660168379,42.219532217947325,302.0841812978663,-0.0378593870800325,6431290111938284445
AC_Response,7.943282347242822,43.06550150160359,292.35304316269765,-3.625423330620898,2038187770712329087
AC_Response,1.584893192461111,40.87821813200619,300.974125232131,-0.8280469146809605,3939891858067812807
AC_Response,1.9952623149688828,42.346830624956574,300.5747457097431,-1.159017855468213,2337157221459530110
AC_Response,39.81071705534969,38.08606385532588,297.3563844788412,-6.934384112632004,7393066098584539282
AC_Response,3.981071705534969,39.33731057072893,297.69705044733973,-2.287062749741856,3402320749389468369
AC_Response,25.11886431509582,39.85430360518959,306.74502895459364,-5.994437177162691,16546631726138751512
AC_Response,5.011872336272715,38.57283152042447,302.4090006102026,-2.7880078091529303,1015852638890412653
AC_Response,5.011872336272715,39.339075937042885,294.39428351617613,-2.718529617853876,8365660235088368164
AC_Response,6.309573444801943,38.57048554783602,303.1708876105774,-3.155941187227029,9443669834932015687
AC_Response,10.0,39.7132385315927,304.62183232922587,-3.94405519581548,10528525010244697505
AC_Response,5.011872336272715,42.74916053103488,290.5746947786968,-2.7083866065583058,14264826949359886561
AC_Response,1.0,38.8972081784186,297.8606493603604,-0.4052733379611903,11533468067055250155
AC_Response,15.848931924611108,43.278933930679706,307.8168200832177,-4.977544795041387,4776793572509321654
AC_Response,25.11886431509582,43.08491203323523,298.5763734449834,-6.300895017723259,440727550293168112
AC_Response,0.1258925411794166,37.99663516660689,298.18972265332246,-0.0025117306823063,8038139640542861367
AC_Response,15.848931924611108,43.06550150160359,292.35304316269765,-5.271161418493065,2038187770712329087
AC_Response,39.81071705534969,38.899871401178025,300.40158819211445,-6.693822779173991,6672923565090819279
AC_Response,1.2589254117941662,39.51420947268076,305.7035776891924,-0.6188390926305681,4365530570025844449
AC_Response,0.7943282347242822,38.81204244575611,302.5323056028984,-0.2726808505929651,4131187287421323234
AC_Response,31.6227766016838,37.99663516660689,298.18972265332246,-6.663789263798852,8038139640542861367
AC_Response,0.1,37.60227540602951,298.4772867617408,0.0,13857080191999532053
AC_Response,12.589254117941662,38.55163090195673,309.2198732722366,-4.516228506984558,4787501490018871704
AC_Response,25.11886431509582,38.96317500489286,311.33012415162744,-6.038226847965341,17007921468252437021
AC_Response,1.9952623149688828,40.91913452211564,297.20307373531364,-1.1031820725792505,12404554437750077034
AC_Response,3.981071705534969,42.33569419095241,299.8381908200232,-2.364246436880828,8123982087682502409
AC_Response,1.0,39.56928699408093,298.75903253628616,-0.4033263593836083,17177253068705741675
AC_Response,7.943282347242822,39.36697999872778,300.425811364213,-3.4925958960484182,14780227274271489565
AC_Response,15.848931924611108,40.31160828282909,292.8565689112594,-5.241923194598309,13220990961221007809
AC_Response,0.7943282347242822,35.793021097389925,308.86985058095934,-0.2657899870685483,15076552308508060508
AC_Response,40.0,39.56928699408093,298.75903253628616,-6.956469535193741,17177253068705741675
AC_Response,0.1258925411794166,41.62971960161597,300.52976098251094,-0.0026623016002005,869685322261252957
AC_Response,10.0,42.219532217947325,302.0841812978663,-3.90515034125982,6431290111938284445
AC_Response,0.1995262314968882,38.88005077046229,301.691940704981,-0.0125651783942162,5417274375214438322
AC_Response,3.981071705534969,41.43318212059344,299.0815860986159,-2.370030039737912,6042616877882084778
AC_Response,0.1258925411794166,43.06550150160359,292.35304316269765,-0.0026427985324079,2038187770712329087
AC_Response,0.1258925411794166,41.11142736058992,291.8506686301862,-0.0024915328876367,12552086576878223737
AC_Response,39.81071705534969,37.207464786418186,297.95471711920453,-6.882071387353155,10318556855553405500
AC_Response,0.1258925411794166,40.994373738605006,302.9961192294562,-0.0025770940159157,9731388305634911064
AC_Response,6.309573444801943,40.87821813200619,300.974125232131,-3.110636043839008,3939891858067812807
AC_Response,19.952623149688822,42.74916053103488,290.5746947786968,-5.798432826396502,14264826949359886561
AC_Response,0.3981071705534968,40.30940301281442,306.6726054586492,-0.066253726397381,5439972880139275643
AC_Response,0.5011872336272715,39.90795077029272,306.8673078749587,-0.1055277611564697,15468058970195626653
AC_Response,0.2511886431509582,37.50931802222772,308.1655826328421,-0.0266567266393942,11519709022772450725
AC_Response,0.1584893192461111,39.85430360518959,306.74502895459364,-0.0068651591442156,16546631726138751512
AC_Response,19.952623149688822,41.62971960161597,300.52976098251094,-5.696413237778295,869685322261252957
AC_Response,0.1995262314968882,40.43386356777175,305.1954997344612,-0.0133382250077688,15766262156413488926
AC_Response,0.3162277660168379,37.12870103512795,297.3410066095633,-0.0428134319878294,5086348268569391686
AC_Response,2.511886431509582,38.23677890677304,298.10055132439214,-1.578337821637493,16541905887176100137
AC_Response,40.0,39.24041391228537,297.93305834844136,-6.858835585645158,3712240751709899868
AC_Response,39.81071705534969,39.73131063338137,294.42197627514213,-6.908951170857248,10333268118757093503
AC_Response,1.0,41.61731424149927,306.85396396460635,-0.3886997988602508,260657965530268515
AC_Response,25.11886431509582,38.25394170360681,296.3367780179062,-6.3120241061742846,1787945062278856569
AC_Response,0.1584893192461111,40.87821813200619,300.974125232131,-0.0067438008286404,3939891858067812807
AC_Response,25.11886431509582,39.7132385315927,304.62183232922587,-6.066419483078321,10528525010244697505
AC_Response,2.511886431509582,39.33447860201831,299.4635962010897,-1.5051582020590626,15208010537286723207
AC_Response,0.1584893192461111,43.13862383173334,296.64614602139693,-0.0066724722161373,17985928204657212826
AC_Response,0.6309573444801944,42.33569419095241,299.8381908200232,-0.1682272944787959,8123982087682502409
AC_Response,0.5011872336272715,40.248277237816566,302.09732544564235,-0.1063455963732604,3482370874704362668
AC_Response,1.2589254117941662,39.34847113068841,298.5552181462747,-0.5899800782040479,9131232228778995290
AC_Response,5.011872336272715,41.62971960161597,300.52976098251094,-2.7350706953464528,869685322261252957
AC_Response,10.0,41.29986197643443,296.3385514465405,-4.044562322533338,4988707599086321867
AC_Response,0.6309573444801944,42.56757336192149,293.18283111534566,-0.1573269600095408,1435201764501745638
AC_Response,0.3981071705534968,36.43861892729903,303.676124223718,-0.0702506496770852,17268235322529381975
AC_Response,2.511886431509582,42.219532217947325,302.0841812978663,-1.4634850065501426,6431290111938284445
AC_Response,1.584893192461111,39.21209704786501,303.00410991721293,-0.7963473000912711,4763887798637117351
AC_Response,2.511886431509582,39.21209704786501,303.00410991721293,-1.464920634781946,4763887798637117351
AC_Response,0.6309573444801944,42.13424050837239,300.34884642744885,-0.1565310032853514,7248124264218123782
AC_Response,1.2589254117941662,41.61971486534147,298.1037724082114,-0.6080293178965431,1131457513323140606
AC_Response,2.511886431509582,41.93453001893169,295.92616711681853,-1.5171899096935972,8171303673975013206
AC_Response,10.0,39.51420947268076,305.7035776891924,-4.020661610849415,4365530570025844449
AC_Response,10.0,43.278933930679706,307.8168200832177,-3.9718895506707175,4776793572509321654
AC_Response,0.1995262314968882,42.74916053103488,290.5746947786968,-0.0127516862630224,14264826949359886561
AC_Response,12.589254117941662,38.57048554783602,303.1708876105774,-4.546026788876472,9443669834932015687
AC_Response,2.511886431509582,40.19858533526689,297.9110382121584,-1.508005628133807,17871160977092490614
AC_Response,10.0,39.61181207182135,297.3307652107198,-3.952968310266552,17136393541049134550
AC_Response,12.589254117941662,39.56928699408093,298.75903253628616,-4.6088787268336056,17177253068705741675
AC_Response,7.943282347242822,39.21209704786501,303.00410991721293,-3.4623553235256765,4763887798637117351
AC_Response,0.6309573444801944,38.88005077046229,301.691940704981,-0.1560112250150069,5417274375214438322
AC_Response,0.1584893192461111,39.18777263938059,307.5354074756815,-0.0070210058496515,14030010393685506498
AC_Response,0.1258925411794166,40.01001805266426,305.28831051478386,-0.0025890772858209,1115091621525583977
AC_Response,3.1622776601683795,39.66536493364173,302.3426017448898,-1.9425997965610944,11523722328579267051
AC_Response,15.848931924611108,41.95641496228942,305.9180523366615,-4.924672141997812,4365964196300360401
AC_Response,0.1995262314968882,40.68035124967265,296.73843693227377,-0.0129424377096349,385409706114037048
AC_Response,0.7943282347242822,36.16652897024234,304.10393187120707,-0.2625491705954774,1769769716334894948
AC_Response,1.2589254117941662,39.24041391228537,297.93305834844136,-0.5651786466339025,3712240751709899868
AC_Response,0.3981071705534968,42.87746783295031,307.55593866537106,-0.0667143290330184,8801835938313083490
AC_Response,0.1258925411794166,40.51326020590248,298.8914974420704,-0.0025391898005624,13540594563185179811
AC_Response,3.981071705534969,38.795972505421744,297.7961123434831,-2.364330074848478,15363827923754144579
AC_Response,0.3162277660168379,40.68035124967265,296.73843693227377,-0.0387505164754015,385409706114037048
AC_Response,19.952623149688822,36.73791801396338,295.61725668807514,-5.764342640553628,17008765120125666942
AC_Response,1.9952623149688828,40.96326376678826,298.8654192354596,-1.1551738045961772,11939704803637804291
AC_Response,0.1584893192461111,41.27631172344517,301.59948365785385,-0.0067003189207615,14080291052260215929
AC_Response,3.1622776601683795,38.57048554783602,303.1708876105774,-1.9444369175848983,9443669834932015687
AC_Response,40.0,38.858183000543626,295.7855807653235,-6.918377939832143,9262064648931476805
AC_Response,1.9952623149688828,40.31257836583995,298.21936914217434,-1.110531014797105,12408152172928847518
AC_Response,40.0,39.90795077029272,306.8673078749587,-6.391580473593147,15468058970195626653
AC_Response,0.1995262314968882,43.278933930679706,307.8168200832177,-0.0136867932921947,4776793572509321654
AC_Response,6.309573444801943,38.422268984819695,304.0303353891022,-3.1491353625558496,10399213306103495125
AC_Response,0.2511886431509582,39.62193192256099,289.3285700165644,-0.0240292429890424,14612151002491318071
AC_Response,10.0,39.66536493364173,302.3426017448898,-3.982915548978452,11523722328579267051
AC_Response,1.584893192461111,41.61731424149927,306.85396396460635,-0.8279562092111803,260657965530268515
AC_Response,1.2589254117941662,39.85430360518959,306.74502895459364,-0.5842625909671191,16546631726138751512
AC_Response,31.6227766016838,40.66002705988115,288.1838349540611,-7.013663415995378,6643428527261381718
AC_Response,39.81071705534969,36.36815079533651,301.4558439858307,-6.773776220846271,6183833702133835153
AC_Response,19.952623149688822,38.8972081784186,297.8606493603604,-5.785442068737613,11533468067055250155
AC_Response,5.011872336272715,43.06550150160359,292.35304316269765,-2.772123931059889,2038187770712329087
AC_Response,0.7943282347242822,40.51326020590248,298.8914974420704,-0.248257114661097,13540594563185179811
AC_Response,0.1995262314968882,39.62193192256099,289.3285700165644,-0.013536147379884,14612151002491318071
AC_Response,31.6227766016838,37.83724802001972,293.41915116225954,-6.883735852561964,7174223208182595177
AC_Response,7.943282347242822,34.84085283436253,301.39850617403,-3.612868072530115,16751146966542148650
AC_Response,25.11886431509582,37.69553984942066,294.1521471075916,-6.482999484111318,8666257842429149026
AC_Response,25.11886431509582,36.589080383233394,294.68809277779184,-6.439979774004627,15915415103177725736
AC_Response,31.6227766016838,42.33569419095241,299.8381908200232,-6.687102029402081,8123982087682502409
AC_Response,0.6309573444801944,40.994373738605006,302.9961192294562,-0.1622169715030022,9731388305634911064
AC_Response,40.0,40.648465379108416,299.4728047413536,-6.75745339336026,5403082750804857040
AC_Response,0.1995262314968882,38.25394170360681,296.3367780179062,-0.0130790779540126,1787945062278856569
AC_Response,0.3981071705534968,37.12870103512795,297.3410066095633,-0.0700190141660497,5086348268569391686
AC_Response,0.3981071705534968,43.06550150160359,292.35304316269765,-0.0657618399625293,2038187770712329087
AC_Response,3.1622776601683795,39.36697999872778,300.425811364213,-1.865554680402346,14780227274271489565
AC_Response,0.7943282347242822,40.47383155665718,295.6008889602198,-0.2503469544165327,6410035451867130339
AC_Response,40.0,38.88005077046229,301.691940704981,-6.646504267436267,5417274375214438322
AC_Response,0.1,38.28868089781682,299.0569098093356,0.0,3766308496770492318
AC_Response,15.848931924611108,38.96317500489286,311.33012415162744,-4.961619010958112,17007921468252437021
AC_Response,15.848931924611108,40.714467773434976,300.93677074401546,-5.063651830352037,9058477443376137994
AC_Response,1.9952623149688828,41.26661222078493,300.2753689300697,-1.1234312430940876,5907817959460322520
AC_Response,0.1,37.39117268896573,297.8667082132286,0.0,12671372268648671805
AC_Response,5.011872336272715,39.33447860201831,299.4635962010897,-2.702153754148176,15208010537286723207
AC_Response,0.1995262314968882,35.52248114367448,306.4489109295662,-0.0141939258100752,6964906420694514637
AC_Response,1.584893192461111,42.74916053103488,290.5746947786968,-0.805095512633627,14264826949359886561
AC_Response,0.1258925411794166,41.61731424149927,306.85396396460635,-0.0026215643523093,260657965530268515
AC_Response,10.0,41.27682283342508,300.8565986758517,-3.985669507911216,3063462922452919031
AC_Response,2.511886431509582,41.79339850063371,299.641349014439,-1.4530848730714483,9066091246669766023
AC_Response,0.7943282347242822,38.53132745549709,285.1813868750008,-0.2599187021150052,17395302027409890490
AC_Response,7.943282347242822,40.77134716523017,305.22981462209646,-3.553295209134017,9738090587319443504
AC_Response,0.6309573444801944,38.08606385532588,297.3563844788412,-0.173724200996025,7393066098584539282
AC_Response,12.589254117941662,39.11984591644459,301.1260229250646,-4.567508968350303,9610535940819629000
AC_Response,40.0,39.43236728729266,296.39638250989714,-6.920580074912931,4381028864758797162
AC_Response,2.511886431509582,39.18777263938059,307.5354074756815,-1.5419427383026272,14030010393685506498
AC_Response,1.0,38.899871401178025,300.40158819211445,-0.3744940008591179,6672923565090819279
AC_Response,0.2511886431509582,38.33334239027114,293.10089722857373,-0.0245568981149586,7035166681821702163
AC_Response,10.0,38.858183000543626,295.7855807653235,-4.08014947684015,9262064648931476805
AC_Response,2.511886431509582,38.899871401178025,300.40158819211445,-1.4788388512444597,6672923565090819279
AC_Response,0.2511886431509582,36.589080383233394,294.68809277779184,-0.0234953421203897,15915415103177725736
AC_Response,15.848931924611108,40.75046782180591,305.2870639056014,-4.969130027371765,1102911703873588363
AC_Response,40.0,37.334947088248434,294.43440760000914,-6.802286626225094,15599116176485750453
AC_Response,0.7943282347242822,41.129719458135625,288.0815978442095,-0.2508765983544191,14542734286284699756
AC_Response,1.584893192461111,41.04225055349912,296.5414644902,-0.8479320985232688,6763556109530919502
AC_Response,3.981071705534969,39.43236728729266,296.39638250989714,-2.2741770845895544,4381028864758797162
AC_Response,0.3162277660168379,39.43236728729266,296.39638250989714,-0.0384086993965248,4381028864758797162
AC_Response,0.1258925411794166,38.57048554783602,303.1708876105774,-0.0026837405294594,9443669834932015687
AC_Response,1.2589254117941662,44.50977871149023,303.263152322465,-0.5584947005133747,15483355832083528190
AC_Response,0.1,37.83724802001972,293.41915116225954,0.0,7174223208182595177
AC_Response,19.952623149688822,39.94029005251662,299.6218359156308,-5.573116839401257,1062234375139852529
AC_Response,0.1,40.77134716523017,305.22981462209646,0.0,9738090587319443504
AC_Response,25.11886431509582,41.129719458135625,288.0815978442095,-6.4889575871775405,14542734286284699756
AC_Response,6.309573444801943,40.06029068650691,301.1540677406581,-3.098741020994376,7954056211698152112
AC_Response,39.81071705534969,39.11984591644459,301.1260229250646,-6.880780642370585,9610535940819629000
AC_Response,12.589254117941662,40.66002705988115,288.1838349540611,-4.661217565794827,6643428527261381718
AC_Response,40.0,38.55163090195673,309.2198732722366,-6.712995609566919,4787501490018871704
AC_Response,40.0,39.047727684139495,305.18782525816323,-6.773898960036338,9536545485233975021
AC_Response,31.6227766016838,39.9154735600532,295.8292447353602,-6.652751960616622,5412796333827448456
AC_Response,7.943282347242822,42.54178389838287,305.55199671356803,-3.4771786126218163,3537787434630592613
AC_Response,0.3162277660168379,35.52248114367448,306.4489109295662,-0.0424562666888693,6964906420694514637
AC_Response,1.2589254117941662,36.16652897024234,304.10393187120707,-0.590839564240465,1769769716334894948
AC_Response,1.0,38.69622270488729,301.9657628923453,-0.3830440882812181,8115719833540228731
AC_Response,0.1584893192461111,38.28868089781682,299.0569098093356,-0.0066885808740806,3766308496770492318
AC_Response,3.981071705534969,40.01001805266426,305.28831051478386,-2.301901083386716,1115091621525583977
AC_Response,0.1584893192461111,40.79653471954481,301.4383600393062,-0.0068606791027488,4950770812450199952
AC_Response,31.6227766016838,40.96326376678826,298.8654192354596,-6.684744649439308,11939704803637804291
AC_Response,0.7943282347242822,38.45876893881996,290.3471581734896,-0.2457282975303524,7554141485682215590
AC_Response,2.511886431509582,41.484417545989686,302.7283665488111,-1.4781266353181286,4427417937030231446
AC_Response,3.1622776601683795,39.33447860201831,299.4635962010897,-1.901323254552557,15208010537286723207
AC_Response,2.511886431509582,42.33569419095241,299.8381908200232,-1.546244007196302,8123982087682502409
AC_Response,12.589254117941662,38.21649432972869,303.56534322943094,-4.493777144011008,10796982964429426044
AC_Response,39.81071705534969,38.858183000543626,295.7855807653235,-6.920040293181989,9262064648931476805
AC_Response,0.1995262314968882,40.55316862193092,296.6314874710408,-0.0126958990463035,12484285608964576027
AC_Response,5.011872336272715,40.47383155665718,295.6008889602198,-2.716869378027506,6410035451867130339
AC_Response,0.7943282347242822,40.68035124967265,296.73843693227377,-0.249274105819814,385409706114037048
AC_Response,31.6227766016838,38.858183000543626,295.7855807653235,-6.812001702763205,9262064648931476805
AC_Response,1.0,40.06029068650691,301.1540677406581,-0.3782750850865535,7954056211698152112
AC_Response,1.2589254117941662,40.32755095458103,299.70047987606006,-0.5446933540547455,9319956976912993182
AC_Response,6.309573444801943,39.73131063338137,294.42197627514213,-3.1091276815345195,10333268118757093503
AC_Response,0.2511886431509582,38.89567254871546,292.9930878390376,-0.0235559946716041,13058981581108217973
AC_Response,19.952623149688822,39.90607827400121,296.137708789732,-5.716150327044916,10133735033454427345
AC_Response,5.011872336272715,36.73791801396338,295.61725668807514,-2.723757737350548,17008765120125666942
AC_Response,0.1,43.11434944357355,296.9231984392292,0.0,3658234560045323703
AC_Response,39.81071705534969,41.04225055349912,296.5414644902,-6.912737441624064,6763556109530919502
AC_Response,10.0,40.248277237816566,302.09732544564235,-3.987760699320248,3482370874704362668
AC_Response,3.1622776601683795,38.33334239027114,293.10089722857373,-1.9683246855066685,7035166681821702163
AC_Response,5.011872336272715,41.43318212059344,299.0815860986159,-2.7755348601092744,6042616877882084778
AC_Response,0.1995262314968882,36.16652897024234,304.10393187120707,-0.0136988369226391,1769769716334894948
AC_Response,0.1584893192461111,38.25394170360681,296.3367780179062,-0.0066470693496265,1787945062278856569
AC_Response,19.952623149688822,38.28868089781682,299.0569098093356,-5.657502530748657,3766308496770492318
AC_Response,1.2589254117941662,41.28793476116813,303.0641722996054,-0.5696066543144384,16945873912842908627
AC_Response,1.2589254117941662,40.06029068650691,301.1540677406581,-0.5623941291029103,7954056211698152112
AC_Response,39.81071705534969,43.13862383173334,296.64614602139693,-6.800996195780897,17985928204657212826
AC_Response,1.2589254117941662,37.10727035463277,300.4554170460457,-0.6004769709095114,16422739178917769296
AC_Response,1.584893192461111,38.69622270488729,301.9657628923453,-0.8188517066632527,8115719833540228731
AC_Response,40.0,35.52248114367448,306.4489109295662,-6.708215234720515,6964906420694514637
AC_Response,12.589254117941662,38.50508417894045,294.1262317171733,-4.658283852360137,7408968043820680965
AC_Response,3.981071705534969,41.129719458135625,288.0815978442095,-2.33773487978108,14542734286284699756
AC_Response,0.6309573444801944,40.248277237816566,302.09732544564235,-0.1676505487897663,3482370874704362668
AC_Response,0.1,36.73791801396338,295.61725668807514,0.0,17008765120125666942
AC_Response,40.0,38.8972081784186,297.8606493603604,-6.865779967245711,11533468067055250155
AC_Response,10.0,38.88005077046229,301.691940704981,-3.9516141545029897,5417274375214438322
AC_Response,1.2589254117941662,38.50508417894045,294.1262317171733,-0.586287544772892,7408968043820680965
AC_Response,10.0,37.10727035463277,300.4554170460457,-4.015838104093024,16422739178917769296
AC_Response,5.011872336272715,38.96317500489286,311.33012415162744,-2.7032497107230338,17007921468252437021
AC_Response,10.0,40.94136333558407,299.94201571725745,-3.997398204861739,14684909485850387430
AC_Response,0.3162277660168379,44.50977871149023,303.263152322465,-0.0383939182422132,15483355832083528190
AC_Response,0.1584893192461111,39.94029005251662,299.6218359156308,-0.0063656710355672,1062234375139852529
AC_Response,7.943282347242822,40.78433779833217,301.9145433801493,-3.484069921422929,894797089121886199
AC_Response,1.9952623149688828,40.77134716523017,305.22981462209646,-1.193495696970453,9738090587319443504
AC_Response,0.1584893192461111,40.66002705988115,288.1838349540611,-0.0065845320071497,6643428527261381718
AC_Response,1.2589254117941662,39.90381821426863,300.9815905741297,-0.5478958647156128,15256650157893810940
AC_Response,10.0,41.48473029075561,294.1535226587993,-3.983742469663256,4007664404162655079
AC_Response,0.6309573444801944,39.21856251436128,307.7679942040925,-0.1664481095740257,2454564730666304252
AC_Response,40.0,36.16652897024234,304.10393187120707,-6.945237975394725,1769769716334894948
AC_Response,40.0,39.33731057072893,297.69705044733973,-6.966723258300911,3402320749389468369
AC_Response,0.2511886431509582,40.648465379108416,299.4728047413536,-0.0243942901769105,5403082750804857040
AC_Response,1.584893192461111,41.64371883461047,301.63426669668445,-0.855863567226462,7077229970648675251
AC_Response,1.584893192461111,39.11984591644459,301.1260229250646,-0.8674218345079066,9610535940819629000
AC_Response,2.511886431509582,40.07870713980076,299.5411124372077,-1.5077206449092564,3083009041752371786
AC_Response,25.11886431509582,39.73131063338137,294.42197627514213,-6.352734775335006,10333268118757093503
AC_Response,10.0,38.96317500489286,311.33012415162744,-3.944290637089587,17007921468252437021
AC_Response,2.511886431509582,40.58953669016749,293.2225739384997,-1.5001536019935904,7807375178238359560
AC_Response,19.952623149688822,39.18777263938059,307.5354074756815,-5.571654860786275,14030010393685506498
AC_Response,10.0,38.53132745549709,285.1813868750008,-4.226115908805658,17395302027409890490
AC_Response,3.1622776601683795,40.75166342427999,301.0515477079729,-1.9046407200618527,5730813955982425338
AC_Response,0.5011872336272715,37.12870103512795,297.3410066095633,-0.1121776543910441,5086348268569391686
AC_Response,7.943282347242822,39.325337668236735,299.6111127589073,-3.532243400937149,15493075907902210391
AC_Response,31.6227766016838,37.10727035463277,300.4554170460457,-6.676322281622156,16422739178917769296
AC_Response,1.584893192461111,39.24041391228537,297.93305834844136,-0.8134517726331993,3712240751709899868
AC_Response,1.584893192461111,36.589080383233394,294.68809277779184,-0.8264698350319282,15915415103177725736
AC_Response,1.2589254117941662,40.87821813200619,300.974125232131,-0.5759054769327561,3939891858067812807
AC_Response,6.309573444801943,39.94029005251662,299.6218359156308,-3.062651413210718,1062234375139852529
AC_Response,25.11886431509582,39.24041391228537,297.93305834844136,-6.263897177648059,3712240751709899868
AC_Response,1.9952623149688828,39.58517778577758,297.0863250737395,-1.1593420933820613,13884065282437346191
AC_Response,7.943282347242822,41.93453001893169,295.92616711681853,-3.5644268678328666,8171303673975013206
AC_Response,3.1622776601683795,39.21856251436128,307.7679942040925,-1.9081869201560304,2454564730666304252
AC_Response,6.309573444801943,39.7132385315927,304.62183232922587,-3.0919110975448088,10528525010244697505
AC_Response,0.5011872336272715,41.48473029075561,294.1535226587993,-0.0950918158555052,4007664404162655079
AC_Response,0.6309573444801944,39.73131063338137,294.42197627514213,-0.157655331404605,10333268118757093503
AC_Response,1.2589254117941662,39.11984591644459,301.1260229250646,-0.6057984490227425,9610535940819629000
AC_Response,5.011872336272715,38.858183000543626,295.7855807653235,-2.7654991707856587,9262064648931476805
AC_Response,31.6227766016838,41.93453001893169,295.92616711681853,-6.7897877691343,8171303673975013206
AC_Response,2.511886431509582,38.45876893881996,290.3471581734896,-1.4880893308714904,7554141485682215590
AC_Response,31.6227766016838,40.78433779833217,301.9145433801493,-6.457868506460926,894797089121886199
AC_Response,6.309573444801943,44.50977871149023,303.263152322465,-3.0534800225090097,15483355832083528190
AC_Response,3.1622776601683795,41.26661222078493,300.2753689300697,-1.889011630265634,5907817959460322520
AC_Response,5.011872336272715,39.36697999872778,300.425811364213,-2.6668532792236825,14780227274271489565
AC_Response,1.584893192461111,38.795972505421744,297.7961123434831,-0.8446047927022272,15363827923754144579
AC_Response,2.511886431509582,40.91913452211564,297.20307373531364,-1.4671358104914014,12404554437750077034
AC_Response,0.3981071705534968,39.62193192256099,289.3285700165644,-0.066301678555975,14612151002491318071
AC_Response,5.011872336272715,41.11142736058992,291.8506686301862,-2.703442036574955,12552086576878223737
AC_Response,31.6227766016838,37.79561575023349,300.3431374384869,-6.721919976262814,8406104627261355859
AC_Response,6.309573444801943,38.858183000543626,295.7855807653235,-3.1754191658204967,9262064648931476805
AC_Response,0.7943282347242822,39.61181207182135,297.3307652107198,-0.2374657426536288,17136393541049134550
AC_Response,0.2511886431509582,39.9154735600532,295.8292447353602,-0.0230664900709733,5412796333827448456
AC_Response,0.2511886431509582,39.34847113068841,298.5552181462747,-0.0242575916534762,9131232228778995290
AC_Response,39.81071705534969,39.85430360518959,306.74502895459364,-6.4142734120023,16546631726138751512
AC_Response,0.3981071705534968,37.39117268896573,297.8667082132286,-0.0667182645395005,12671372268648671805
AC_Response,3.981071705534969,40.75166342427999,301.0515477079729,-2.30827636325629,5730813955982425338
AC_Response,1.584893192461111,38.23677890677304,298.10055132439214,-0.8751393427076251,16541905887176100137
AC_Response,15.848931924611108,36.73791801396338,295.61725668807514,-5.137719911351444,17008765120125666942
AC_Response,0.1,43.278933930679706,307.8168200832177,0.0,4776793572509321654
AC_Response,2.511886431509582,42.543125490608695,301.3994726877767,-1.4899923969802606,8259856114936990545
AC_Response,0.3981071705534968,40.79653471954481,301.4383600393062,-0.0660936557852804,4950770812450199952
AC_Response,6.309573444801943,39.90607827400121,296.137708789732,-3.192721897800917,10133735033454427345
AC_Response,10.0,39.73131063338137,294.42197627514213,-4.016016458715356,10333268118757093503
AC_Response,19.952623149688822,39.339075937042885,294.39428351617613,-5.827387418951403,8365660235088368164
AC_Response,12.589254117941662,40.80112322251315,299.2329513672896,-4.492142031172576,1295526639106515549
AC_Response,5.011872336272715,41.04225055349912,296.5414644902,-2.7723405068743063,6763556109530919502
AC_Response,7.943282347242822,39.64774721352306,306.8220229508652,-3.552496426154291,13277443787381278961
AC_Response,25.11886431509582,39.36697999872778,300.425811364213,-6.277145382149807,14780227274271489565
AC_Response,1.0,39.33447860201831,299.4635962010897,-0.3859650229863041,15208010537286723207
AC_Response,6.309573444801943,38.89567254871546,292.9930878390376,-3.172730729672517,13058981581108217973
AC_Response,0.5011872336272715,42.56757336192149,293.18283111534566,-0.0996460688803945,1435201764501745638
AC_Response,0.1584893192461111,36.36815079533651,301.4558439858307,-0.006932902943816,6183833702133835153
AC_Response,10.0,34.84085283436253,301.39850617403,-4.061982225947016,16751146966542148650
AC_Response,3.1622776601683795,40.43386356777175,305.1954997344612,-1.9020630441462685,15766262156413488926
AC_Response,39.81071705534969,37.69553984942066,294.1521471075916,-7.077754974984817,8666257842429149026
AC_Response,3.981071705534969,37.79561575023349,300.3431374384869,-2.360262163182745,8406104627261355859
AC_Response,0.1,41.79339850063371,299.641349014439,0.0,9066091246669766023
AC_Response,0.1995262314968882,39.85562670167986,300.93280864091923,-0.013926281157856,3323206834988836325
AC_Response,19.952623149688822,38.69622270488729,301.9657628923453,-5.707129433737942,8115719833540228731
AC_Response,39.81071705534969,44.82712146868644,302.5978918999191,-6.5171640329259,15638800026818411768
AC_Response,5.011872336272715,41.484417545989686,302.7283665488111,-2.6750469627313374,4427417937030231446
AC_Response,3.1622776601683795,37.99663516660689,298.18972265332246,-1.8608807961904408,8038139640542861367
AC_Response,0.1258925411794166,38.37558042728467,295.9516778251947,-0.0027272035325044,12182933489101405014
AC_Response,39.81071705534969,38.21649432972869,303.56534322943094,-6.804210476562887,10796982964429426044
AC_Response,3.981071705534969,40.68035124967265,296.73843693227377,-2.305697655101352,385409706114037048
AC_Response,0.1,41.43318212059344,299.0815860986159,0.0,6042616877882084778
AC_Response,0.1584893192461111,40.648465379108416,299.4728047413536,-0.0069851718891548,5403082750804857040
AC_Response,3.981071705534969,42.56757336192149,293.18283111534566,-2.297300029830545,1435201764501745638
AC_Response,0.1584893192461111,44.82712146868644,302.5978918999191,-0.0064486934194158,15638800026818411768
AC_Response,0.3981071705534968,39.58517778577758,297.0863250737395,-0.0658327026746407,13884065282437346191
AC_Response,0.7943282347242822,40.30940301281442,306.6726054586492,-0.259448146431568,5439972880139275643
AC_Response,3.981071705534969,40.65637295368661,296.23853018587084,-2.3590732032155914,16406327631433526260
AC_Response,7.943282347242822,34.826156523967086,290.8089263982084,-3.640815538106,15165174592579684514
AC_Response,10.0,38.50508417894045,294.1262317171733,-4.105809409505613,7408968043820680965
AC_Response,1.2589254117941662,41.29986197643443,296.3385514465405,-0.5740506053712853,4988707599086321867
AC_Response,15.848931924611108,40.47383155665718,295.6008889602198,-5.157806457764388,6410035451867130339
AC_Response,1.0,38.422268984819695,304.0303353891022,-0.4016789544645652,10399213306103495125
AC_Response,10.0,40.77134716523017,305.22981462209646,-3.995874247296845,9738090587319443504
AC_Response,0.3162277660168379,34.826156523967086,290.8089263982084,-0.0402101560984096,15165174592579684514
AC_Response,1.584893192461111,38.92442853409919,306.1252360546967,-0.8101379165059219,17394947245709734813
AC_Response,39.81071705534969,41.193035529790656,301.7038514591378,-6.720977686284318,2554276162761610342
AC_Response,7.943282347242822,37.10727035463277,300.4554170460457,-3.560971154293437,16422739178917769296
AC_Response,1.9952623149688828,43.167246359099664,298.50956140834,-1.112801940601041,3765347373034185731
AC_Response,31.6227766016838,38.57048554783602,303.1708876105774,-6.691547239749706,9443669834932015687
AC_Response,1.2589254117941662,40.75166342427999,301.0515477079729,-0.5727510591622044,5730813955982425338
AC_Response,2.511886431509582,38.37558042728467,295.9516778251947,-1.561866963918208,12182933489101405014
AC_Response,5.011872336272715,44.82712146868644,302.5978918999191,-2.6605326936210534,15638800026818411768
AC_Response,40.0,38.795972505421744,297.7961123434831,-7.111372526432636,15363827923754144579
AC_Response,3.981071705534969,35.52248114367448,306.4489109295662,-2.3484988323463725,6964906420694514637
AC_Response,40.0,41.79339850063371,299.641349014439,-6.599227084675085,9066091246669766023
AC_Response,19.952623149688822,38.45876893881996,290.3471581734896,-5.9694696436011485,7554141485682215590
AC_Response,39.81071705534969,34.84085283436253,301.39850617403,-6.699569204488575,16751146966542148650
AC_Response,0.1995262314968882,37.99663516660689,298.18972265332246,-0.0127588059235319,8038139640542861367
AC_Response,15.848931924611108,37.83724802001972,293.41915116225954,-5.158689926993291,7174223208182595177
AC_Response,0.2511886431509582,41.29986197643443,296.3385514465405,-0.0234400902595262,4988707599086321867
AC_Response,0.1,41.61731424149927,306.85396396460635,0.0,260657965530268515
AC_Response,5.011872336272715,39.7132385315927,304.62183232922587,-2.700105416846907,10528525010244697505
AC_Response,0.1995262314968882,39.047727684139495,305.18782525816323,-0.0140019766078534,9536545485233975021
AC_Response,31.6227766016838,38.57283152042447,302.4090006102026,-6.701656414491259,1015852638890412653
AC_Response,0.7943282347242822,43.167246359099664,298.50956140834,-0.2459962892307715,3765347373034185731
AC_Response,5.011872336272715,39.9154735600532,295.8292447353602,-2.717632647476384,5412796333827448456
AC_Response,31.6227766016838,40.77134716523017,305.22981462209646,-6.4644483040722935,9738090587319443504
AC_Response,1.9952623149688828,36.16652897024234,304.10393187120707,-1.1678314865628976,1769769716334894948
AC_Response,5.011872336272715,37.50931802222772,308.1655826328421,-2.8244952642467567,11519709022772450725
AC_Response,1.9952623149688828,41.62971960161597,300.52976098251094,-1.159545943165337,869685322261252957
AC_Response,3.1622776601683795,36.43861892729903,303.676124223718,-1.9967211886713168,17268235322529381975
AC_Response,0.7943282347242822,38.37558042728467,295.9516778251947,-0.2656290478987713,12182933489101405014
AC_Response,0.7943282347242822,42.13424050837239,300.34884642744885,-0.2431532315245107,7248124264218123782
AC_Response,0.1584893192461111,43.08491203323523,298.5763734449834,-0.006650873948045,440727550293168112
AC_Response,0.3162277660168379,39.66536493364173,302.3426017448898,-0.0414817400912902,11523722328579267051
AC_Response,0.1258925411794166,38.33334239027114,293.10089722857373,-0.0027239312005493,7035166681821702163
AC_Response,10.0,39.34847113068841,298.5552181462747,-4.037017312856917,9131232228778995290
AC_Response,5.011872336272715,41.08562699346509,303.58650370690776,-2.730933041321493,631923151567513377
AC_Response,31.6227766016838,42.25069338145754,304.38892783295006,-6.435857401319503,12866849828103811731
AC_Response,2.511886431509582,38.08606385532588,297.3563844788412,-1.565506369065043,7393066098584539282
AC_Response,0.7943282347242822,38.50508417894045,294.1262317171733,-0.2598011086682618,7408968043820680965
AC_Response,39.81071705534969,37.79561575023349,300.3431374384869,-6.871328873246734,8406104627261355859
AC_Response,0.7943282347242822,40.79653471954481,301.4383600393062,-0.258963956166743,4950770812450199952
AC_Response,19.952623149688822,38.88005077046229,301.691940704981,-5.605814541034655,5417274375214438322
AC_Response,1.9952623149688828,38.50508417894045,294.1262317171733,-1.1644590072095078,7408968043820680965
AC_Response,0.6309573444801944,41.26661222078493,300.2753689300697,-0.1599054315380472,5907817959460322520
AC_Response,31.6227766016838,40.68035124967265,296.73843693227377,-6.75323600483879,385409706114037048
AC_Response,1.0,40.51326020590248,298.8914974420704,-0.3780332334397566,13540594563185179811
AC_Response,6.309573444801943,42.346830624956574,300.5747457097431,-3.163294095110488,2337157221459530110
AC_Response,40.0,38.57048554783602,303.1708876105774,-6.823092818429353,9443669834932015687
AC_Response,3.1622776601683795,40.91913452211564,297.20307373531364,-1.8639799576081464,12404554437750077034
AC_Response,5.011872336272715,36.16652897024234,304.10393187120707,-2.740621274949908,1769769716334894948
AC_Response,5.011872336272715,43.101977222602514,303.9832024614659,-2.711305878657424,14223461640953255652
AC_Response,31.6227766016838,40.31257836583995,298.21936914217434,-6.707210744943771,12408152172928847518
AC_Response,25.11886431509582,43.278933930679706,307.8168200832177,-6.011712404494791,4776793572509321654
AC_Response,1.584893192461111,40.994373738605006,302.9961192294562,-0.81839837331913,9731388305634911064
AC_Response,0.1584893192461111,37.99663516660689,298.18972265332246,-0.0064841135202386,8038139640542861367
AC_Response,0.6309573444801944,41.28793476116813,303.0641722996054,-0.162466903804053,16945873912842908627
AC_Response,0.1584893192461111,38.33334239027114,293.10089722857373,-0.0070314859310089,7035166681821702163
AC_Response,3.981071705534969,38.42173874228168,293.06092698472065,-2.3197274885311323,9170926497845462766
AC_Response,12.589254117941662,44.82712146868644,302.5978918999191,-4.435523051076292,15638800026818411768
AC_Response,0.7943282347242822,41.28793476116813,303.0641722996054,-0.2520871451447778,16945873912842908627
AC_Response,0.7943282347242822,38.28868089781682,299.0569098093356,-0.2528949354441684,3766308496770492318
AC_Response,25.11886431509582,38.33334239027114,293.10089722857373,-6.453334385060301,7035166681821702163
AC_Response,1.0,40.01001805266426,305.28831051478386,-0.3846872655558869,1115091621525583977
AC_Response,15.848931924611108,37.12870103512795,297.3410066095633,-5.165967402824495,5086348268569391686
AC_Response,39.81071705534969,38.92442853409919,306.1252360546967,-6.560931314132943,17394947245709734813
AC_Response,3.981071705534969,40.31257836583995,298.21936914217434,-2.271874436238958,12408152172928847518
AC_Response,25.11886431509582,41.48473029075561,294.1535226587993,-6.390943369757735,4007664404162655079
AC_Response,0.2511886431509582,41.79339850063371,299.641349014439,-0.0221979849779142,9066091246669766023
AC_Response,3.981071705534969,37.60227540602951,298.4772867617408,-2.319499426799276,13857080191999532053
AC_Response,2.511886431509582,40.43386356777175,305.1954997344612,-1.5085508488320234,15766262156413488926
AC_Response,31.6227766016838,38.25394170360681,296.3367780179062,-6.769603901944126,1787945062278856569
AC_Response,0.2511886431509582,42.56757336192149,293.18283111534566,-0.022490501903295,1435201764501745638
AC_Response,0.1,43.06550150160359,292.35304316269765,0.0,2038187770712329087
AC_Response,15.848931924611108,41.64371883461047,301.63426669668445,-5.1052182516937865,7077229970648675251
AC_Response,12.589254117941662,42.87746783295031,307.55593866537106,-4.486406402060299,8801835938313083490
AC_Response,39.81071705534969,38.23677890677304,298.10055132439214,-6.989121514402106,16541905887176100137
AC_Response,0.6309573444801944,42.54178389838287,305.55199671356803,-0.1587371077979118,3537787434630592613
AC_Response,31.6227766016838,38.50508417894045,294.1262317171733,-7.118116912807714,7408968043820680965
AC_Response,0.7943282347242822,41.26661222078493,300.2753689300697,-0.2482748457597212,5907817959460322520
AC_Response,39.81071705534969,36.322106531247385,300.55707391972635,-6.907414785603224,13894251431710084294
AC_Response,6.309573444801943,40.80112322251315,299.2329513672896,-3.1082847538137086,1295526639106515549
AC_Response,0.5011872336272715,37.60227540602951,298.4772867617408,-0.1044413519194542,13857080191999532053
AC_Response,0.1584893192461111,37.50931802222772,308.1655826328421,-0.0076366053830982,11519709022772450725
AC_Response,10.0,39.90795077029272,306.8673078749587,-3.937493083459804,15468058970195626653
AC_Response,12.589254117941662,36.36815079533651,301.4558439858307,-4.531912508975115,6183833702133835153
AC_Response,1.9952623149688828,37.334947088248434,294.43440760000914,-1.1196213686394867,15599116176485750453
AC_Response,3.1622776601683795,40.79653471954481,301.4383600393062,-1.9214519677666728,4950770812450199952
AC_Response,0.7943282347242822,38.08606385532588,297.3563844788412,-0.2690775979446087,7393066098584539282
AC_Response,1.9952623149688828,38.96317500489286,311.33012415162744,-1.1516792443281243,17007921468252437021
AC_Response,1.9952623149688828,39.64774721352306,306.8220229508652,-1.2015380789733,13277443787381278961
AC_Response,0.1584893192461111,41.48473029075561,294.1535226587993,-0.006136006534448,4007664404162655079
AC_Response,19.952623149688822,40.55316862193092,296.6314874710408,-5.665069283311923,12484285608964576027
AC_Response,1.584893192461111,40.30940301281442,306.6726054586492,-0.8377004054240212,5439972880139275643
AC_Response,3.1622776601683795,42.25069338145754,304.38892783295006,-1.917772185862228,12866849828103811731
AC_Response,3.981071705534969,38.33334239027114,293.10089722857373,-2.380668007101568,7035166681821702163
AC_Response,0.2511886431509582,38.53132745549709,285.1813868750008,-0.023988845677204,17395302027409890490
AC_Response,15.848931924611108,38.08606385532588,297.3563844788412,-5.149239421250967,7393066098584539282
AC_Response,3.1622776601683795,40.714467773434976,300.93677074401546,-1.8951436827577104,9058477443376137994
AC_Response,0.1258925411794166,39.21209704786501,303.00410991721293,-0.0024934962461809,4763887798637117351
AC_Response,5.011872336272715,40.78433779833217,301.9145433801493,-2.677104842543913,894797089121886199
AC_Response,0.3981071705534968,40.96326376678826,298.8654192354596,-0.0656920385761527,11939704803637804291
AC_Response,31.6227766016838,39.66536493364173,302.3426017448898,-6.548825864057244,11523722328579267051
AC_Response,0.1258925411794166,38.899871401178025,300.40158819211445,-0.002510859697319,6672923565090819279
AC_Response,0.2511886431509582,42.04226242943757,288.6545802497056,-0.0224301608402906,14598686425886924939
AC_Response,1.9952623149688828,38.37558042728467,295.9516778251947,-1.1840814830437512,12182933489101405014
AC_Response,6.309573444801943,38.81204244575611,302.5323056028984,-3.210333763592244,4131187287421323234
AC_Response,0.1995262314968882,39.58517778577758,297.0863250737395,-0.0134405414769801,13884065282437346191
AC_Response,40.0,41.27682283342508,300.8565986758517,-6.856356275683105,3063462922452919031
AC_Response,31.6227766016838,38.37558042728467,295.9516778251947,-6.827292992435479,12182933489101405014
AC_Response,12.589254117941662,41.61731424149927,306.85396396460635,-4.429836147319614,260657965530268515
AC_Response,1.2589254117941662,38.92442853409919,306.1252360546967,-0.5628711948680736,17394947245709734813
AC_Response,2.511886431509582,37.12870103512795,297.3410066095633,-1.5842959553950673,5086348268569391686
AC_Response,1.9952623149688828,40.87821813200619,300.974125232131,-1.1449308420833146,3939891858067812807
AC_Response,0.6309573444801944,42.74916053103488,290.5746947786968,-0.158313594971979,14264826949359886561
AC_Response,3.1622776601683795,41.61971486534147,298.1037724082114,-1.9833876115284128,1131457513323140606
AC_Response,1.2589254117941662,39.90795077029272,306.8673078749587,-0.5814346758253731,15468058970195626653
AC_Response,1.2589254117941662,42.04226242943757,288.6545802497056,-0.553446161399864,14598686425886924939
AC_Response,15.848931924611108,39.0211226249472,305.0510216058231,-5.049134845438402,14932880946049592786
AC_Response,0.1,43.101977222602514,303.9832024614659,0.0,14223461640953255652
AC_Response,5.011872336272715,39.21856251436128,307.7679942040925,-2.696109538881084,2454564730666304252
AC_Response,31.6227766016838,39.34847113068841,298.5552181462747,-6.831282871806429,9131232228778995290
AC_Response,6.309573444801943,42.74916053103488,290.5746947786968,-3.120742341196604,14264826949359886561
AC_Response,3.981071705534969,41.29986197643443,296.3385514465405,-2.324227210094896,4988707599086321867
AC_Response,0.5011872336272715,40.47383155665718,295.6008889602198,-0.1021963772193652,6410035451867130339
AC_Response,12.589254117941662,38.42173874228168,293.06092698472065,-4.608002797907794,9170926497845462766
AC_Response,1.0,38.89567254871546,292.9930878390376,-0.3887073673067578,13058981581108217973
AC_Response,3.1622776601683795,38.55163090195673,309.2198732722366,-1.9793846537149933,4787501490018871704
AC_Response,0.3981071705534968,40.06029068650691,301.1540677406581,-0.0631828969749297,7954056211698152112
AC_Response,1.584893192461111,36.43861892729903,303.676124223718,-0.8811376700080659,17268235322529381975
AC_Response,0.3981071705534968,43.167246359099664,298.50956140834,-0.0625930686749971,3765347373034185731
AC_Response,12.589254117941662,39.62193192256099,289.3285700165644,-4.6906680688921645,14612151002491318071
AC_Response,15.848931924611108,38.21649432972869,303.56534322943094,-5.052446053834158,10796982964429426044
AC_Response,0.5011872336272715,41.29986197643443,296.3385514465405,-0.1037346081816237,4988707599086321867
AC_Response,0.3162277660168379,41.29986197643443,296.3385514465405,-0.0395267907376931,4988707599086321867
AC_Response,1.2589254117941662,38.81204244575611,302.5323056028984,-0.6124142743624134,4131187287421323234
AC_Response,0.5011872336272715,41.27682283342508,300.8565986758517,-0.1013242072661593,3063462922452919031
AC_Response,0.6309573444801944,39.43236728729266,296.39638250989714,-0.1590831780897408,4381028864758797162
AC_Response,1.9952623149688828,41.29986197643443,296.3385514465405,-1.1433421591178226,4988707599086321867
AC_Response,0.1258925411794166,38.45876893881996,290.3471581734896,-0.002507326757266,7554141485682215590
AC_Response,0.3162277660168379,41.64371883461047,301.63426669668445,-0.0414506568955699,7077229970648675251
AC_Response,25.11886431509582,38.92442853409919,306.1252360546967,-6.085413378992857,17394947245709734813
AC_Response,25.11886431509582,42.219532217947325,302.0841812978663,-6.055766687580919,6431290111938284445
AC_Response,0.5011872336272715,36.322106531247385,300.55707391972635,-0.114158185259404,13894251431710084294
AC_Response,3.981071705534969,37.83724802001972,293.41915116225954,-2.30426322044822,7174223208182595177
AC_Response,0.7943282347242822,43.13862383173334,296.64614602139693,-0.2525230512697358,17985928204657212826
AC_Response,1.584893192461111,40.714467773434976,300.93677074401546,-0.8162720987303438,9058477443376137994
AC_Response,7.943282347242822,41.9345213676303,296.5403011366731,-3.542360336636039,2996005905799625730
AC_Response,15.848931924611108,39.64774721352306,306.8220229508652,-5.012995013337851,13277443787381278961
AC_Response,31.6227766016838,36.43861892729903,303.676124223718,-6.689626376279031,17268235322529381975
AC_Response,40.0,41.08562699346509,303.58650370690776,-6.544899289912603,631923151567513377
AC_Response,15.848931924611108,41.93453001893169,295.92616711681853,-5.149850637668891,8171303673975013206
AC_Response,40.0,37.83724802001972,293.41915116225954,-7.043924606001313,7174223208182595177
AC_Response,1.0,35.793021097389925,308.86985058095934,-0.4033154443613037,15076552308508060508
AC_Response,0.3981071705534968,42.33569419095241,299.8381908200232,-0.0665309604713245,8123982087682502409
AC_Response,15.848931924611108,40.68035124967265,296.73843693227377,-5.128271752972181,385409706114037048
AC_Response,0.2511886431509582,39.33731057072893,297.69705044733973,-0.0229625169102667,3402320749389468369
AC_Response,0.1995262314968882,40.66002705988115,288.1838349540611,-0.0129568766851121,6643428527261381718
AC_Response,2.511886431509582,37.69553984942066,294.1521471075916,-1.5993958816544955,8666257842429149026
AC_Response,0.2511886431509582,38.978559546027874,295.06946514256083,-0.022788928022675,5230745145462099467
AC_Response,1.584893192461111,40.51326020590248,298.8914974420704,-0.8089270505709535,13540594563185179811
AC_Response,1.0,39.85430360518959,306.74502895459364,-0.3940731657760257,16546631726138751512
AC_Response,7.943282347242822,39.62193192256099,289.3285700165644,-3.643528784243821,14612151002491318071
AC_Response,12.589254117941662,39.58517778577758,297.0863250737395,-4.604560225681322,13884065282437346191
AC_Response,0.1584893192461111,41.484417545989686,302.7283665488111,-0.00649766355865,4427417937030231446
AC_Response,0.3981071705534968,39.73131063338137,294.42197627514213,-0.0622464600458056,10333268118757093503
AC_Response,0.7943282347242822,37.69553984942066,294.1521471075916,-0.2756952747821232,8666257842429149026
AC_Response,0.1258925411794166,39.33731057072893,297.69705044733973,-0.0025463455629894,3402320749389468369
AC_Response,0.3981071705534968,41.28793476116813,303.0641722996054,-0.0642286680752561,16945873912842908627
AC_Response,19.952623149688822,41.27682283342508,300.8565986758517,-5.703572615505913,3063462922452919031
AC_Response,1.0,38.81204244575611,302.5323056028984,-0.4139262601897323,4131187287421323234
AC_Response,0.3162277660168379,43.40306406282464,301.888862689621,-0.0369069341855837,9481571324980869556
AC_Response,12.589254117941662,35.52248114367448,306.4489109295662,-4.460540267879021,6964906420694514637
AC_Response,2.511886431509582,42.04226242943757,288.6545802497056,-1.477503270029055,14598686425886924939
AC_Response,0.5011872336272715,43.101977222602514,303.9832024614659,-0.1050572141506169,14223461640953255652
AC_Response,0.7943282347242822,42.25069338145754,304.38892783295006,-0.2581112367536193,12866849828103811731
AC_Response,1.2589254117941662,39.33447860201831,299.4635962010897,-0.5727835814329284,15208010537286723207
AC_Response,0.1584893192461111,40.51326020590248,298.8914974420704,-0.0065549982549577,13540594563185179811
AC_Response,1.0,38.978559546027874,295.06946514256083,-0.3770138186673363,5230745145462099467
AC_Response,3.981071705534969,39.90795077029272,306.8673078749587,-2.315926615295224,15468058970195626653
AC_Response,1.2589254117941662,40.77134716523017,305.22981462209646,-0.6072933960148806,9738090587319443504
AC_Response,0.1,40.994373738605006,302.9961192294562,0.0,9731388305634911064
AC_Response,19.952623149688822,39.85562670167986,300.93280864091923,-5.6654665529509565,3323206834988836325
AC_Response,0.1,43.08491203323523,298.5763734449834,0.0,440727550293168112
AC_Response,7.943282347242822,40.75166342427999,301.0515477079729,-3.5199494114264733,5730813955982425338
AC_Response,3.981071705534969,40.32854625878799,294.3650499716886,-2.3366167883592475,17204210023338359435
AC_Response,25.11886431509582,44.50977871149023,303.263152322465,-6.035153962838297,15483355832083528190
AC_Response,0.2511886431509582,39.18777263938059,307.5354074756815,-0.0245172261199709,14030010393685506498
AC_Response,1.2589254117941662,39.73131063338137,294.42197627514213,-0.5556573002905608,10333268118757093503
AC_Response,12.589254117941662,40.248277237816566,302.09732544564235,-4.4925664335263455,3482370874704362668
AC_Response,12.589254117941662,40.55316862193092,296.6314874710408,-4.473154109713577,12484285608964576027
AC_Response,31.6227766016838,41.27631172344517,301.59948365785385,-6.72942297644847,14080291052260215929
AC_Response,1.584893192461111,37.60227540602951,298.4772867617408,-0.8292449259934985,13857080191999532053
AC_Response,0.1,37.207464786418186,297.95471711920453,0.0,10318556855553405500
AC_Response,0.1,39.0211226249472,305.0510216058231,0.0,14932880946049592786
AC_Response,15.848931924611108,39.7132385315927,304.62183232922587,-4.970299096501086,10528525010244697505
AC_Response,3.981071705534969,38.69622270488729,301.9657628923453,-2.305676840601312,8115719833540228731
AC_Response,7.943282347242822,43.167246359099664,298.50956140834,-3.4945571577640155,3765347373034185731
AC_Response,19.952623149688822,42.543125490608695,301.3994726877767,-5.59574531341018,8259856114936990545
AC_Response,6.309573444801943,40.75046782180591,305.2870639056014,-3.0955591856952926,1102911703873588363
AC_Response,0.6309573444801944,43.06550150160359,292.35304316269765,-0.1663565791583675,2038187770712329087
AC_Response,1.2589254117941662,40.31160828282909,292.8565689112594,-0.5896745936905032,13220990961221007809
AC_Response,0.3162277660168379,39.047727684139495,305.18782525816323,-0.0418923626942523,9536545485233975021
AC_Response,6.309573444801943,40.248277237816566,302.09732544564235,-3.1204105989193405,3482370874704362668
AC_Response,1.584893192461111,44.82712146868644,302.5978918999191,-0.7983044069473328,15638800026818411768
AC_Response,1.9952623149688828,44.82712146868644,302.5978918999191,-1.10714494770587,15638800026818411768
AC_Response,0.5011872336272715,44.82712146868644,302.5978918999191,-0.0997587579776353,15638800026818411768
AC_Response,19.952623149688822,36.16652897024234,304.10393187120707,-5.707203942325805,1769769716334894948
AC_Response,25.11886431509582,38.31893407640898,299.3638589999156,-6.237551911134752,8619026027835737365
AC_Response,0.2511886431509582,42.346830624956574,300.5747457097431,-0.0237830207571655,2337157221459530110
AC_Response,7.943282347242822,42.25069338145754,304.38892783295006,-3.5116741439639747,12866849828103811731
AC_Response,0.3981071705534968,43.11434944357355,296.9231984392292,-0.0630895566742361,3658234560045323703
AC_Response,0.3162277660168379,38.57283152042447,302.4090006102026,-0.0423752625106251,1015852638890412653
AC_Response,0.2511886431509582,43.11434944357355,296.9231984392292,-0.0228563236197047,3658234560045323703
AC_Response,25.11886431509582,40.75166342427999,301.0515477079729,-6.15691401055569,5730813955982425338
AC_Response,1.2589254117941662,38.978559546027874,295.06946514256083,-0.5608374519179927,5230745145462099467
AC_Response,0.2511886431509582,41.61731424149927,306.85396396460635,-0.0236359986530409,260657965530268515
AC_Response,0.1584893192461111,43.101977222602514,303.9832024614659,-0.0068009777320596,14223461640953255652
AC_Response,10.0,43.101977222602514,303.9832024614659,-3.968231919767848,14223461640953255652
AC_Response,6.309573444801943,40.43386356777175,305.1954997344612,-3.0891138312949145,15766262156413488926
AC_Response,0.2511886431509582,42.17824256593523,298.72995545788456,-0.0224492088102876,8469384274296772994
AC_Response,19.952623149688822,42.33569419095241,299.8381908200232,-5.731144291941495,8123982087682502409
AC_Response,0.1258925411794166,40.78433779833217,301.9145433801493,-0.0025526323945751,894797089121886199
AC_Response,12.589254117941662,40.94136333558407,299.94201571725745,-4.49922018032504,14684909485850387430
AC_Response,0.5011872336272715,41.43318212059344,299.0815860986159,-0.1074497593137831,6042616877882084778
AC_Response,39.81071705534969,40.43386356777175,305.1954997344612,-6.692422644136425,15766262156413488926
AC_Response,19.952623149688822,37.334947088248434,294.43440760000914,-5.721329095212539,15599116176485750453
AC_Response,0.1258925411794166,39.85562670167986,300.93280864091923,-0.0027420871988295,3323206834988836325
AC_Response,39.81071705534969,38.37558042728467,295.9516778251947,-6.9547612144952655,12182933489101405014
AC_Response,0.1584893192461111,43.40306406282464,301.888862689621,-0.0062622580459351,9481571324980869556
AC_Response,31.6227766016838,40.55316862193092,296.6314874710408,-6.661106053926291,12484285608964576027
AC_Response,0.1258925411794166,40.87821813200619,300.974125232131,-0.0026123929569565,3939891858067812807
AC_Response,0.1584893192461111,40.31160828282909,292.8565689112594,-0.0069248371246564,13220990961221007809
AC_Response,2.511886431509582,37.60227540602951,298.4772867617408,-1.5157040027063275,13857080191999532053
AC_Response,1.584893192461111,41.97319841319997,303.92619603855775,-0.79708415833824,959363961973256592
AC_Response,40.0,41.9345213676303,296.5403011366731,-6.8348721527675576,2996005905799625730
AC_Response,12.589254117941662,43.13862383173334,296.64614602139693,-4.53487082638302,17985928204657212826
AC_Response,1.584893192461111,38.55163090195673,309.2198732722366,-0.8756937280600591,4787501490018871704
AC_Response,0.1584893192461111,41.29986197643443,296.3385514465405,-0.0067104088038451,4988707599086321867
AC_Response,40.0,39.325337668236735,299.6111127589073,-6.912998462666539,15493075907902210391
AC_Response,3.1622776601683795,40.94136333558407,299.94201571725745,-1.92539310906774,14684909485850387430
AC_Response,15.848931924611108,40.31257836583995,298.21936914217434,-5.077578158923616,12408152172928847518
AC_Response,15.848931924611108,41.61971486534147,298.1037724082114,-5.186284388616285,1131457513323140606
AC_Response,6.309573444801943,39.51420947268076,305.7035776891924,-3.17075299236841,4365530570025844449
AC_Response,0.1,36.36815079533651,301.4558439858307,0.0,6183833702133835153
AC_Response,0.6309573444801944,41.64371883461047,301.63426669668445,-0.171272169457587,7077229970648675251
AC_Response,6.309573444801943,40.94136333558407,299.94201571725745,-3.1291679562388937,14684909485850387430
AC_Response,3.981071705534969,38.96317500489286,311.33012415162744,-2.3113300847436564,17007921468252437021
AC_Response,19.952623149688822,40.32755095458103,299.70047987606006,-5.639618374483892,9319956976912993182
AC_Response,0.7943282347242822,39.33447860201831,299.4635962010897,-0.2537037158731208,15208010537286723207
AC_Response,40.0,37.79561575023349,300.3431374384869,-6.870676761498666,8406104627261355859
AC_Response,0.3162277660168379,39.94029005251662,299.6218359156308,-0.0375120458158098,1062234375139852529
AC_Response,3.1622776601683795,36.73791801396338,295.61725668807514,-1.9185201671314,17008765120125666942
AC_Response,39.81071705534969,42.543125490608695,301.3994726877767,-6.593764629274348,8259856114936990545
AC_Response,1.584893192461111,42.13424050837239,300.34884642744885,-0.7958844037765506,7248124264218123782
AC_Response,7.943282347242822,38.92442853409919,306.1252360546967,-3.4885444087955326,17394947245709734813
AC_Response,12.589254117941662,37.39117268896573,297.8667082132286,-4.520073745542341,12671372268648671805
AC_Response,31.6227766016838,38.8972081784186,297.8606493603604,-6.766797243366952,11533468067055250155
AC_Response,10.0,42.54178389838287,305.55199671356803,-3.921960836307637,3537787434630592613
AC_Response,0.3981071705534968,38.23677890677304,298.10055132439214,-0.0698742112788492,16541905887176100137
AC_Response,0.6309573444801944,40.55455133934368,303.4784744400111,-0.1746368810562157,6782381353331258888
AC_Response,7.943282347242822,40.31257836583995,298.21936914217434,-3.501717250657933,12408152172928847518
AC_Response,10.0,38.57048554783602,303.1708876105774,-4.035754412682166,9443669834932015687
AC_Response,1.0,40.55316862193092,296.6314874710408,-0.3724552980069242,12484285608964576027
AC_Response,2.511886431509582,36.10636397779454,299.96382807834965,-1.591896934950587,6951561072364878352
AC_Response,0.7943282347242822,39.325337668236735,299.6111127589073,-0.2579680797050302,15493075907902210391
AC_Response,25.11886431509582,39.51420947268076,305.7035776891924,-6.160158762183237,4365530570025844449
AC_Response,19.952623149688822,35.793021097389925,308.86985058095934,-5.527702756457523,15076552308508060508
AC_Response,0.3981071705534968,41.26661222078493,300.2753689300697,-0.0631705949797386,5907817959460322520
AC_Response,0.3981071705534968,44.82712146868644,302.5978918999191,-0.0621884694566519,15638800026818411768
AC_Response,0.7943282347242822,41.27682283342508,300.8565986758517,-0.2482066586264082,3063462922452919031
AC_Response,0.3981071705534968,39.33447860201831,299.4635962010897,-0.0646731286777634,15208010537286723207
AC_Response,0.5011872336272715,39.21856251436128,307.7679942040925,-0.1055919451953934,2454564730666304252
AC_Response,15.848931924611108,40.35879763032958,294.16913853899604,-5.132230868900992,6227566288360181889
AC_Response,39.81071705534969,40.79653471954481,301.4383600393062,-6.574417719728948,4950770812450199952
AC_Response,0.7943282347242822,39.64774721352306,306.8220229508652,-0.27385053477071,13277443787381278961
AC_Response,0.7943282347242822,41.48473029075561,294.1535226587993,-0.2336789698355795,4007664404162655079
AC_Response,6.309573444801943,36.43861892729903,303.676124223718,-3.20516052449994,17268235322529381975
AC_Response,3.1622776601683795,37.334947088248434,294.43440760000914,-1.8887869155814905,15599116176485750453
AC_Response,40.0,40.75046782180591,305.2870639056014,-6.521272286468668,1102911703873588363
AC_Response,5.011872336272715,39.94029005251662,299.6218359156308,-2.661532488079583,1062234375139852529
AC_Response,1.0,41.193035529790656,301.7038514591378,-0.3981793818613799,2554276162761610342
AC_Response,0.1995262314968882,39.61181207182135,297.3307652107198,-0.0122933424838911,17136393541049134550
AC_Response,0.3162277660168379,38.422268984819695,304.0303353891022,-0.0412834770165177,10399213306103495125
AC_Response,39.81071705534969,40.80112322251315,299.2329513672896,-6.633522349601425,1295526639106515549
AC_Response,6.309573444801943,40.714467773434976,300.93677074401546,-3.1018074253809265,9058477443376137994
AC_Response,3.981071705534969,39.90607827400121,296.137708789732,-2.389419378790663,10133735033454427345
AC_Response,1.9952623149688828,42.56757336192149,293.18283111534566,-1.11405859550452,1435201764501745638
AC_Response,7.943282347242822,39.33447860201831,299.4635962010897,-3.522418258022117,15208010537286723207
AC_Response,0.3162277660168379,40.87821813200619,300.974125232131,-0.0397195420987256,3939891858067812807
AC_Response,39.81071705534969,40.01001805266426,305.28831051478386,-6.561263684518237,1115091621525583977
AC_Response,10.0,39.325337668236735,299.6111127589073,-3.994429679041616,15493075907902210391
AC_Response,1.584893192461111,39.56928699408093,298.75903253628616,-0.8572911312520136,17177253068705741675
AC_Response,0.3162277660168379,42.04226242943757,288.6545802497056,-0.0378321661168781,14598686425886924939
AC_Response,3.1622776601683795,43.167246359099664,298.50956140834,-1.8705187946512367,3765347373034185731
AC_Response,1.9952623149688828,39.94029005251662,299.6218359156308,-1.09968790909911,1062234375139852529
AC_Response,2.511886431509582,39.05845567786759,297.2376267822416,-1.5267324271513782,6308849522308401573
AC_Response,1.2589254117941662,37.83724802001972,293.41915116225954,-0.5691849309158339,7174223208182595177
AC_Response,0.1995262314968882,37.79561575023349,300.3431374384869,-0.0140588183046518,8406104627261355859
AC_Response,0.1584893192461111,37.10727035463277,300.4554170460457,-0.0071025168595623,16422739178917769296
AC_Response,0.7943282347242822,43.08491203323523,298.5763734449834,-0.2517415434032887,440727550293168112
AC_Response,1.584893192461111,42.09307571557734,293.4443281911712,-0.809089610880297,14925940557847983943
AC_Response,40.0,38.422268984819695,304.0303353891022,-6.780365825907094,10399213306103495125
AC_Response,2.511886431509582,39.11984591644459,301.1260229250646,-1.569535150542174,9610535940819629000
AC_Response,0.7943282347242822,39.33731057072893,297.69705044733973,-0.2488947059566834,3402320749389468369
AC_Response,1.584893192461111,41.484417545989686,302.7283665488111,-0.8036627873266665,4427417937030231446
AC_Response,0.1258925411794166,37.50931802222772,308.1655826328421,-0.0029587173861906,11519709022772450725
AC_Response,10.0,36.36815079533651,301.4558439858307,-4.023775772015102,6183833702133835153
AC_Response,19.952623149688822,38.55163090195673,309.2198732722366,-5.619729079133554,4787501490018871704
AC_Response,0.3981071705534968,41.04225055349912,296.5414644902,-0.06669590482017,6763556109530919502
AC_Response,25.11886431509582,39.21856251436128,307.7679942040925,-6.056650210856232,2454564730666304252
AC_Response,1.0,39.58517778577758,297.0863250737395,-0.3929411227892929,13884065282437346191
AC_Response,0.1,39.90795077029272,306.8673078749587,0.0,15468058970195626653
AC_Response,6.309573444801943,41.26661222078493,300.2753689300697,-3.1035683323456182,5907817959460322520
AC_Response,2.511886431509582,42.87746783295031,307.55593866537106,-1.5321855249975025,8801835938313083490
AC_Response,6.309573444801943,41.484417545989686,302.7283665488111,-3.074704067779676,4427417937030231446
AC_Response,7.943282347242822,40.01001805266426,305.28831051478386,-3.507050723635813,1115091621525583977
AC_Response,0.2511886431509582,38.57048554783602,303.1708876105774,-0.0241955512810476,9443669834932015687
AC_Response,1.2589254117941662,39.64774721352306,306.8220229508652,-0.6131610604018682,13277443787381278961
AC_Response,15.848931924611108,43.11434944357355,296.9231984392292,-5.0946360946339695,3658234560045323703
AC_Response,19.952623149688822,39.0211226249472,305.0510216058231,-5.638336750383686,14932880946049592786
AC_Response,40.0,43.278933930679706,307.8168200832177,-6.392340181547148,4776793572509321654
AC_Response,7.943282347242822,41.48473029075561,294.1535226587993,-3.5022922785174107,4007664404162655079
AC_Response,0.3162277660168379,40.94136333558407,299.94201571725745,-0.0401102996462187,14684909485850387430
AC_Response,1.0,40.31257836583995,298.21936914217434,-0.3736852590395026,12408152172928847518
AC_Response,6.309573444801943,38.8972081784186,297.8606493603604,-3.1914615654331646,11533468067055250155
AC_Response,0.3162277660168379,36.73791801396338,295.61725668807514,-0.0400879990689082,17008765120125666942
AC_Response,0.3162277660168379,38.25394170360681,296.3367780179062,-0.0391522559448033,1787945062278856569
AC_Response,0.1,41.29986197643443,296.3385514465405,0.0,4988707599086321867
AC_Response,31.6227766016838,39.90607827400121,296.137708789732,-6.672730606668615,10133735033454427345
AC_Response,10.0,37.334947088248434,294.43440760000914,-4.0187733070004565,15599116176485750453
AC_Response,6.309573444801943,40.75166342427999,301.0515477079729,-3.104323660715858,5730813955982425338
AC_Response,1.2589254117941662,44.82712146868644,302.5978918999191,-0.553858079036103,15638800026818411768
AC_Response,0.1995262314968882,41.61731424149927,306.85396396460635,-0.0133151902304267,260657965530268515
AC_Response,6.309573444801943,39.05845567786759,297.2376267822416,-3.1430674959911986,6308849522308401573
AC_Response,39.81071705534969,37.10727035463277,300.4554170460457,-6.82698500559984,16422739178917769296
AC_Response,0.5011872336272715,40.32755095458103,299.70047987606006,-0.0979264494450787,9319956976912993182
AC_Response,1.9952623149688828,42.87746783295031,307.55593866537106,-1.162477561096626,8801835938313083490
AC_Response,0.3981071705534968,39.94029005251662,299.6218359156308,-0.061407934507935,1062234375139852529
AC_Response,12.589254117941662,41.61971486534147,298.1037724082114,-4.609607500719703,1131457513323140606
AC_Response,0.6309573444801944,39.325337668236735,299.6111127589073,-0.1663871256510526,15493075907902210391
AC_Response,0.1584893192461111,38.795972505421744,297.7961123434831,-0.006885261457896,15363827923754144579
AC_Response,5.011872336272715,38.31893407640898,299.3638589999156,-2.656939100519142,8619026027835737365
AC_Response,15.848931924611108,35.793021097389925,308.86985058095934,-4.975057244588794,15076552308508060508
AC_Response,0.2511886431509582,41.9345213676303,296.5403011366731,-0.0231823818616229,2996005905799625730
AC_Response,1.584893192461111,44.50977871149023,303.263152322465,-0.8041928618085052,15483355832083528190
AC_Response,0.1,36.322106531247385,300.55707391972635,0.0,13894251431710084294
AC_Response,3.981071705534969,41.61971486534147,298.1037724082114,-2.3924540571114647,1131457513323140606
AC_Response,0.3981071705534968,34.826156523967086,290.8089263982084,-0.0658057024351101,15165174592579684514
AC_Response,7.943282347242822,44.82712146868644,302.5978918999191,-3.474417774534256,15638800026818411768
AC_Response,0.1258925411794166,39.90795077029272,306.8673078749587,-0.0026468625434697,15468058970195626653
AC_Response,0.2511886431509582,34.826156523967086,290.8089263982084,-0.0238448245003248,15165174592579684514
AC_Response,0.1258925411794166,39.90607827400121,296.137708789732,-0.0027619383074286,10133735033454427345
AC_Response,5.011872336272715,42.17824256593523,298.72995545788456,-2.668743552810903,8469384274296772994
AC_Response,1.0,40.30940301281442,306.6726054586492,-0.3942242872962228,5439972880139275643
AC_Response,0.1584893192461111,42.13424050837239,300.34884642744885,-0.0064073129866952,7248124264218123782
AC_Response,3.1622776601683795,44.50977871149023,303.263152322465,-1.8681459501142992,15483355832083528190
AC_Response,0.1995262314968882,42.87746783295031,307.55593866537106,-0.013627705067966,8801835938313083490
AC_Response,3.1622776601683795,40.68035124967265,296.73843693227377,-1.896785185299208,385409706114037048
AC_Response,25.11886431509582,41.27631172344517,301.59948365785385,-6.294328613064069,14080291052260215929
AC_Response,0.1995262314968882,41.26661222078493,300.2753689300697,-0.0128906822154321,5907817959460322520
AC_Response,0.1584893192461111,40.35879763032958,294.16913853899604,-0.0064560008956865,6227566288360181889
AC_Response,15.848931924611108,41.83782044136868,301.83723728961854,-5.005007847287351,9082082196135538154
AC_Response,1.2589254117941662,38.37558042728467,295.9516778251947,-0.5982484455038634,12182933489101405014
AC_Response,0.7943282347242822,42.74916053103488,290.5746947786968,-0.2459261170882902,14264826949359886561
AC_Response,0.3162277660168379,40.30940301281442,306.6726054586492,-0.0404988992385142,5439972880139275643
AC_Response,1.9952623149688828,38.45876893881996,290.3471581734896,-1.118700923167654,7554141485682215590
AC_Response,39.81071705534969,41.61971486534147,298.1037724082114,-6.909912658018472,1131457513323140606
AC_Response,0.1258925411794166,43.278933930679706,307.8168200832177,-0.0026949009011129,4776793572509321654
AC_Response,12.589254117941662,40.06029068650691,301.1540677406581,-4.480475637469828,7954056211698152112
AC_Response,10.0,39.43236728729266,296.39638250989714,-3.969791796121915,4381028864758797162
AC_Response,40.0,44.82712146868644,302.5978918999191,-6.51442858281431,15638800026818411768
AC_Response,39.81071705534969,41.27631172344517,301.59948365785385,-6.852624644861816,14080291052260215929
AC_Response,25.11886431509582,39.43236728729266,296.39638250989714,-6.320249665867528,4381028864758797162
AC_Response,1.0,37.83724802001972,293.41915116225954,-0.3832952561961838,7174223208182595177
AC_Response,0.5011872336272715,38.45876893881996,290.3471581734896,-0.1001881300233425,7554141485682215590
AC_Response,10.0,43.06550150160359,292.35304316269765,-4.11149235149164,2038187770712329087
AC_Response,19.952623149688822,40.87821813200619,300.974125232131,-5.559664933395551,3939891858067812807
AC_Response,0.1258925411794166,39.43236728729266,296.39638250989714,-0.0025255661283032,4381028864758797162
AC_Response,19.952623149688822,39.85430360518959,306.74502895459364,-5.495544026820335,16546631726138751512
AC_Response,1.0,37.99663516660689,298.18972265332246,-0.3739567932779387,8038139640542861367
AC_Response,1.0,38.21649432972869,303.56534322943094,-0.4004672217632274,10796982964429426044
AC_Response,3.1622776601683795,40.75046782180591,305.2870639056014,-1.9081752805102408,1102911703873588363
AC_Response,7.943282347242822,38.55163090195673,309.2198732722366,-3.577829624045651,4787501490018871704
AC_Response,6.309573444801943,39.56928699408093,298.75903253628616,-3.183843505062227,17177253068705741675
AC_Response,1.9952623149688828,38.795972505421744,297.7961123434831,-1.1675936313365238,15363827923754144579
AC_Response,1.0,39.7132385315927,304.62183232922587,-0.3902094762808478,10528525010244697505
AC_Response,15.848931924611108,37.10727035463277,300.4554170460457,-5.079555878037327,16422739178917769296
AC_Response,0.1995262314968882,39.36697999872778,300.425811364213,-0.0127446320994376,14780227274271489565
AC_Response,3.1622776601683795,43.13862383173334,296.64614602139693,-1.9047388393524824,17985928204657212826
AC_Response,6.309573444801943,42.56757336192149,293.18283111534566,-3.1236318383231514,1435201764501745638
AC_Response,0.1995262314968882,44.50977871149023,303.263152322465,-0.0128242837764933,15483355832083528190
AC_Response,0.1584893192461111,36.43861892729903,303.676124223718,-0.0072982188754711,17268235322529381975
AC_Response,39.81071705534969,39.61181207182135,297.3307652107198,-6.824459177807496,17136393541049134550
AC_Response,0.1995262314968882,38.57283152042447,302.4090006102026,-0.0141632629970895,1015852638890412653
AC_Response,25.11886431509582,39.11984591644459,301.1260229250646,-6.308571684253003,9610535940819629000
AC_Response,1.0,40.79653471954481,301.4383600393062,-0.3936391490717937,4950770812450199952
AC_Response,0.2511886431509582,40.06029068650691,301.1540677406581,-0.0228900280311333,7954056211698152112
AC_Response,10.0,39.33731057072893,297.69705044733973,-3.9877641957136287,3402320749389468369
AC_Response,15.848931924611108,42.25069338145754,304.38892783295006,-4.978786536460711,12866849828103811731
AC_Response,3.1622776601683795,37.39117268896573,297.8667082132286,-1.946098942940233,12671372268648671805
AC_Response,3.981071705534969,41.11142736058992,291.8506686301862,-2.2936847467159374,12552086576878223737
AC_Response,0.1258925411794166,42.13424050837239,300.34884642744885,-0.0024818975445429,7248124264218123782
AC_Response,31.6227766016838,38.23677890677304,298.10055132439214,-6.835955946970604,16541905887176100137
AC_Response,2.511886431509582,39.58517778577758,297.0863250737395,-1.5333428829015143,13884065282437346191
AC_Response,10.0,39.94029005251662,299.6218359156308,-3.937545337854437,1062234375139852529
AC_Response,25.11886431509582,41.62971960161597,300.52976098251094,-6.2608119542102445,869685322261252957
AC_Response,0.3162277660168379,40.79653471954481,301.4383600393062,-0.0403980767547605,4950770812450199952
AC_Response,0.2511886431509582,39.90607827400121,296.137708789732,-0.0248973892093472,10133735033454427345
AC_Response,19.952623149688822,38.96317500489286,311.33012415162744,-5.513868049350135,17007921468252437021
AC_Response,0.3981071705534968,39.7132385315927,304.62183232922587,-0.0654914970866224,10528525010244697505
AC_Response,0.5011872336272715,41.95641496228942,305.9180523366615,-0.0989752019438634,4365964196300360401
AC_Response,0.1258925411794166,41.08562699346509,303.58650370690776,-0.0026751832774483,631923151567513377
AC_Response,25.11886431509582,36.322106531247385,300.55707391972635,-6.3248384300751646,13894251431710084294
AC_Response,0.1995262314968882,41.93453001893169,295.92616711681853,-0.0132446938537391,8171303673975013206
AC_Response,40.0,42.09307571557734,293.4443281911712,-6.8915047019218925,14925940557847983943
AC_Response,31.6227766016838,38.92442853409919,306.1252360546967,-6.471049326712109,17394947245709734813
AC_Response,25.11886431509582,41.04225055349912,296.5414644902,-6.37045485793915,6763556109530919502
AC_Response,0.2511886431509582,40.87821813200619,300.974125232131,-0.0235555408854434,3939891858067812807
AC_Response,12.589254117941662,43.11434944357355,296.9231984392292,-4.5167613040947465,3658234560045323703
AC_Response,3.981071705534969,39.61181207182135,297.3307652107198,-2.246930055722522,17136393541049134550
AC_Response,10.0,39.90607827400121,296.137708789732,-4.068850389435698,10133735033454427345
AC_Response,1.2589254117941662,41.79339850063371,299.641349014439,-0.5465202631627348,9066091246669766023
AC_Response,0.3162277660168379,39.21856251436128,307.7679942040925,-0.0402670142754918,2454564730666304252
AC_Response,0.5011872336272715,40.35879763032958,294.16913853899604,-0.0998770450658505,6227566288360181889
AC_Response,1.2589254117941662,37.79561575023349,300.3431374384869,-0.6034893094543906,8406104627261355859
AC_Response,15.848931924611108,36.589080383233394,294.68809277779184,-5.180345672609107,15915415103177725736
AC_Response,1.584893192461111,38.57048554783602,303.1708876105774,-0.8463629661820614,9443669834932015687
AC_Response,40.0,36.73791801396338,295.61725668807514,-7.039657633518287,17008765120125666942
AC_Response,1.0,38.57048554783602,303.1708876105774,-0.3976266407448716,9443669834932015687
AC_Response,10.0,41.61971486534147,298.1037724082114,-4.087438344320654,1131457513323140606
AC_Response,0.1584893192461111,40.75046782180591,305.2870639056014,-0.0067669871556875,1102911703873588363
AC_Response,12.589254117941662,38.25394170360681,296.3367780179062,-4.512997920641866,1787945062278856569
AC_Response,0.2511886431509582,40.31160828282909,292.8565689112594,-0.0241857259770476,13220990961221007809
AC_Response,12.589254117941662,43.278933930679706,307.8168200832177,-4.455406002016053,4776793572509321654
AC_Response,0.1,41.95641496228942,305.9180523366615,0.0,4365964196300360401
AC_Response,6.309573444801943,41.61731424149927,306.85396396460635,-3.089733416489844,260657965530268515
AC_Response,3.981071705534969,39.325337668236735,299.6111127589073,-2.317537487258808,15493075907902210391
AC_Response,25.11886431509582,36.43861892729903,303.676124223718,-6.271424684392648,17268235322529381975
AC_Response,1.584893192461111,41.9345213676303,296.5403011366731,-0.8188303418249456,2996005905799625730
AC_Response,1.2589254117941662,43.101977222602514,303.9832024614659,-0.579328957989224,14223461640953255652
AC_Response,0.1258925411794166,39.62193192256099,289.3285700165644,-0.0026649504801685,14612151002491318071
AC_Response,31.6227766016838,40.80112322251315,299.2329513672896,-6.56571953095145,1295526639106515549
AC_Response,1.0,38.42173874228168,293.06092698472065,-0.3813809166033582,9170926497845462766
AC_Response,0.3981071705534968,40.75046782180591,305.2870639056014,-0.0652066771051431,1102911703873588363
AC_Response,15.848931924611108,37.334947088248434,294.43440760000914,-5.119449105666575,15599116176485750453
AC_Response,1.584893192461111,39.64774721352306,306.8220229508652,-0.8758839656292545,13277443787381278961
AC_Response,0.2511886431509582,40.75166342427999,301.0515477079729,-0.0234156080677222,5730813955982425338
AC_Response,1.0,39.34847113068841,298.5552181462747,-0.3981789543773235,9131232228778995290
AC_Response,0.1995262314968882,39.325337668236735,299.6111127589073,-0.013445583199411,15493075907902210391
AC_Response,10.0,38.69622270488729,301.9657628923453,-4.001691870883401,8115719833540228731
AC_Response,39.81071705534969,39.62193192256099,289.3285700165644,-7.169859764137875,14612151002491318071
AC_Response,3.981071705534969,42.87746783295031,307.55593866537106,-2.3300187312579927,8801835938313083490
AC_Response,10.0,41.64371883461047,301.63426669668445,-4.0328304540109725,7077229970648675251
AC_Response,15.848931924611108,36.10636397779454,299.96382807834965,-5.229351912520597,6951561072364878352
AC_Response,6.309573444801943,40.58953669016749,293.2225739384997,-3.105922338369031,7807375178238359560
AC_Response,7.943282347242822,37.207464786418186,297.95471711920453,-3.560883982700876,10318556855553405500
AC_Response,19.952623149688822,41.193035529790656,301.7038514591378,-5.682295063626572,2554276162761610342
AC_Response,0.3162277660168379,40.01001805266426,305.28831051478386,-0.0393664289180995,1115091621525583977
AC_Response,31.6227766016838,38.55163090195673,309.2198732722366,-6.579962437997611,4787501490018871704
AC_Response,40.0,39.51420947268076,305.7035776891924,-6.712583718902793,4365530570025844449
AC_Response,0.6309573444801944,40.07870713980076,299.5411124372077,-0.1624841691466991,3083009041752371786
AC_Response,25.11886431509582,39.0211226249472,305.0510216058231,-6.209170021288957,14932880946049592786
AC_Response,39.81071705534969,40.66002705988115,288.1838349540611,-7.133303279763897,6643428527261381718
AC_Response,0.1258925411794166,41.27682283342508,300.8565986758517,-0.0025378755140907,3063462922452919031
AC_Response,0.2511886431509582,39.56928699408093,298.75903253628616,-0.0245725148823968,17177253068705741675
AC_Response,1.9952623149688828,39.9154735600532,295.8292447353602,-1.1323046327965878,5412796333827448456
AC_Response,0.3981071705534968,41.43318212059344,299.0815860986159,-0.0670219467902265,6042616877882084778
AC_Response,0.1,40.52844947169319,303.263443359763,0.0,560255154383361061
AC_Response,40.0,41.04225055349912,296.5414644902,-6.911238708213361,6763556109530919502
AC_Response,0.1995262314968882,43.167246359099664,298.50956140834,-0.0127729317113922,3765347373034185731
AC_Response,1.0,41.79339850063371,299.641349014439,-0.3673452445179229,9066091246669766023
AC_Response,0.1584893192461111,37.60227540602951,298.4772867617408,-0.0067588098794946,13857080191999532053
AC_Response,31.6227766016838,41.28793476116813,303.0641722996054,-6.668180661994532,16945873912842908627
AC_Response,0.3981071705534968,42.219532217947325,302.0841812978663,-0.0619673935115386,6431290111938284445
AC_Response,0.3981071705534968,40.87821813200619,300.974125232131,-0.0649956464855078,3939891858067812807
AC_Response,31.6227766016838,41.11142736058992,291.8506686301862,-6.781446098485231,12552086576878223737
AC_Response,19.952623149688822,38.92442853409919,306.1252360546967,-5.550948063481091,17394947245709734813
AC_Response,0.7943282347242822,40.714467773434976,300.93677074401546,-0.2506891011984111,9058477443376137994
AC_Response,0.1,40.248277237816566,302.09732544564235,0.0,3482370874704362668
AC_Response,0.1995262314968882,40.31257836583995,298.21936914217434,-0.0127336231351034,12408152172928847518
AC_Response,3.1622776601683795,37.83724802001972,293.41915116225954,-1.8983874993782703,7174223208182595177
AC_Response,31.6227766016838,36.10636397779454,299.96382807834965,-6.913044481912831,6951561072364878352
AC_Response,0.3162277660168379,39.85562670167986,300.93280864091923,-0.0416734656692519,3323206834988836325
AC_Response,40.0,34.826156523967086,290.8089263982084,-7.041421773735364,15165174592579684514
AC_Response,25.11886431509582,41.93453001893169,295.92616711681853,-6.3600880706495655,8171303673975013206
AC_Response,0.2511886431509582,41.129719458135625,288.0815978442095,-0.0231068799028828,14542734286284699756
AC_Response,0.2511886431509582,36.10636397779454,299.96382807834965,-0.0252275395101043,6951561072364878352
AC_Response,5.011872336272715,41.83782044136868,301.83723728961854,-2.7051529917402624,9082082196135538154
AC_Response,31.6227766016838,41.83782044136868,301.83723728961854,-6.515984332835135,9082082196135538154
AC_Response,0.5011872336272715,42.346830624956574,300.5747457097431,-0.1052457118020991,2337157221459530110
AC_Response,3.981071705534969,40.32755095458103,299.70047987606006,-2.242447921467678,9319956976912993182
AC_Response,0.7943282347242822,38.858183000543626,295.7855807653235,-0.2593963742001062,9262064648931476805
AC_Response,15.848931924611108,40.80112322251315,299.2329513672896,-5.0510360601596735,1295526639106515549
AC_Response,3.981071705534969,36.73791801396338,295.61725668807514,-2.323225704817173,17008765120125666942
AC_Response,19.952623149688822,39.62193192256099,289.3285700165644,-5.959259433897699,14612151002491318071
AC_Response,6.309573444801943,41.193035529790656,301.7038514591378,-3.156284199854817,2554276162761610342
AC_Response,1.9952623149688828,40.80112322251315,299.2329513672896,-1.1445158455027378,1295526639106515549
AC_Response,2.511886431509582,39.90381821426863,300.9815905741297,-1.4593680375981088,15256650157893810940
AC_Response,0.3981071705534968,39.90381821426863,300.9815905741297,-0.0613720552447116,15256650157893810940
AC_Response,1.9952623149688828,42.33569419095241,299.8381908200232,-1.1697713605766564,8123982087682502409
AC_Response,6.309573444801943,41.83782044136868,301.83723728961854,-3.0974414611058787,9082082196135538154
AC_Response,25.11886431509582,44.82712146868644,302.5978918999191,-6.102358562851241,15638800026818411768
AC_Response,0.7943282347242822,38.88005077046229,301.691940704981,-0.2423606054051658,5417274375214438322
AC_Response,0.5011872336272715,39.33447860201831,299.4635962010897,-0.1036990906041358,15208010537286723207
AC_Response,25.11886431509582,40.55455133934368,303.4784744400111,-6.112022841853172,6782381353331258888
AC_Response,7.943282347242822,40.07870713980076,299.5411124372077,-3.5447101336664777,3083009041752371786
AC_Response,0.3162277660168379,43.06550150160359,292.35304316269765,-0.0401853607719956,2038187770712329087
AC_Response,0.1,41.83782044136868,301.83723728961854,0.0,9082082196135538154
AC_Response,6.309573444801943,39.0211226249472,305.0510216058231,-3.114963111700562,14932880946049592786
AC_Response,6.309573444801943,37.99663516660689,298.18972265332246,-3.0541112652776503,8038139640542861367
AC_Response,19.952623149688822,40.35879763032958,294.16913853899604,-5.772830508289104,6227566288360181889
AC_Response,39.81071705534969,39.64774721352306,306.8220229508652,-6.602899449512728,13277443787381278961
AC_Response,0.5011872336272715,38.55163090195673,309.2198732722366,-0.1120463025744591,4787501490018871704
AC_Response,19.952623149688822,40.648465379108416,299.4728047413536,-5.677517413980112,5403082750804857040
AC_Response,10.0,40.47383155665718,295.6008889602198,-4.031434215834463,6410035451867130339
AC_Response,1.9952623149688828,40.30940301281442,306.6726054586492,-1.1548364383999643,5439972880139275643
AC_Response,0.1,38.23677890677304,298.10055132439214,0.0,16541905887176100137
AC_Response,6.309573444801943,40.68035124967265,296.73843693227377,-3.119113343274889,385409706114037048
AC_Response,40.0,40.51326020590248,298.8914974420704,-6.764652982096439,13540594563185179811
AC_Response,0.3162277660168379,40.35879763032958,294.16913853899604,-0.0380379541632511,6227566288360181889
AC_Response,19.952623149688822,40.68035124967265,296.73843693227377,-5.742535644499727,385409706114037048
AC_Response,0.5011872336272715,39.62193192256099,289.3285700165644,-0.1063129877767476,14612151002491318071
AC_Response,19.952623149688822,35.52248114367448,306.4489109295662,-5.563495784367515,6964906420694514637
AC_Response,0.1258925411794166,39.94029005251662,299.6218359156308,-0.0024657524712795,1062234375139852529
AC_Response,1.2589254117941662,38.45876893881996,290.3471581734896,-0.5577213696572421,7554141485682215590
AC_Response,1.0,34.84085283436253,301.39850617403,-0.4166627270677384,16751146966542148650
AC_Response,40.0,38.57283152042447,302.4090006102026,-6.816591986326542,1015852638890412653
AC_Response,1.0,39.0211226249472,305.0510216058231,-0.391709609038804,14932880946049592786
AC_Response,0.1258925411794166,38.28868089781682,299.0569098093356,-0.002591007931473,3766308496770492318
AC_Response,0.5011872336272715,39.05845567786759,297.2376267822416,-0.1054472038822864,6308849522308401573
AC_Response,0.6309573444801944,41.129719458135625,288.0815978442095,-0.1615303130293869,14542734286284699756
AC_Response,0.1258925411794166,38.88005077046229,301.691940704981,-0.0024733805454263,5417274375214438322
AC_Response,0.7943282347242822,40.32755095458103,299.70047987606006,-0.2401231527509161,9319956976912993182
AC_Response,1.9952623149688828,40.68035124967265,296.73843693227377,-1.1279643503128258,385409706114037048
AC_Response,0.1258925411794166,39.11984591644459,301.1260229250646,-0.0027753883048334,9610535940819629000
AC_Response,6.309573444801943,38.795972505421744,297.7961123434831,-3.186048715382375,15363827923754144579
AC_Response,0.1584893192461111,37.39117268896573,297.8667082132286,-0.0069246496033944,12671372268648671805
AC_Response,39.81071705534969,42.04226242943757,288.6545802497056,-7.024782869098316,14598686425886924939
AC_Response,0.1,41.04225055349912,296.5414644902,0.0,6763556109530919502
AC_Response,0.3981071705534968,38.978559546027874,295.06946514256083,-0.0629115567999715,5230745145462099467
AC_Response,0.1,44.50977871149023,303.263152322465,0.0,15483355832083528190
AC_Response,40.0,39.73131063338137,294.42197627514213,-6.9074024118455615,10333268118757093503
AC_Response,6.309573444801943,39.62193192256099,289.3285700165644,-3.200614798567795,14612151002491318071
AC_Response,39.81071705534969,40.248277237816566,302.09732544564235,-6.75647453540601,3482370874704362668
AC_Response,0.1258925411794166,40.94136333558407,299.94201571725745,-0.0026382946525445,14684909485850387430
AC_Response,25.11886431509582,42.33569419095241,299.8381908200232,-6.287653196789387,8123982087682502409
AC_Response,25.11886431509582,39.9154735600532,295.8292447353602,-6.24860030909457,5412796333827448456
AC_Response,19.952623149688822,43.40306406282464,301.888862689621,-5.522092279254476,9481571324980869556
AC_Response,15.848931924611108,40.30940301281442,306.6726054586492,-4.971273907543613,5439972880139275643
AC_Response,0.6309573444801944,40.77134716523017,305.22981462209646,-0.1748722061699303,9738090587319443504
AC_Response,3.1622776601683795,40.65637295368661,296.23853018587084,-1.950872914380213,16406327631433526260
AC_Response,40.0,40.994373738605006,302.9961192294562,-6.656448219234909,9731388305634911064
AC_Response,0.3162277660168379,42.543125490608695,301.3994726877767,-0.0385956016470372,8259856114936990545
AC_Response,0.7943282347242822,41.95641496228942,305.9180523366615,-0.242561033295252,4365964196300360401
AC_Response,0.1995262314968882,34.84085283436253,301.39850617403,-0.0143633665338393,16751146966542148650
AC_Response,0.3981071705534968,39.21856251436128,307.7679942040925,-0.0658756499604617,2454564730666304252
AC_Response,0.1258925411794166,42.543125490608695,301.3994726877767,-0.0025376271535231,8259856114936990545
AC_Response,0.1584893192461111,41.26661222078493,300.2753689300697,-0.0065510203014338,5907817959460322520
AC_Response,10.0,40.714467773434976,300.93677074401546,-3.98290954328982,9058477443376137994
AC_Response,1.0,39.90795077029272,306.8673078749587,-0.3921822462887684,15468058970195626653
AC_Response,0.1,41.129719458135625,288.0815978442095,0.0,14542734286284699756
AC_Response,0.3981071705534968,43.08491203323523,298.5763734449834,-0.0641144249557767,440727550293168112
AC_Response,1.2589254117941662,41.48473029075561,294.1535226587993,-0.5325128485747458,4007664404162655079
AC_Response,2.511886431509582,40.35879763032958,294.16913853899604,-1.472879362050048,6227566288360181889
AC_Response,1.0,40.52844947169319,303.263443359763,-0.3886314194250368,560255154383361061
AC_Response,25.11886431509582,41.27682283342508,300.8565986758517,-6.29419706455026,3063462922452919031
AC_Response,6.309573444801943,39.85562670167986,300.93280864091923,-3.177775721311761,3323206834988836325
AC_Response,0.1258925411794166,39.51420947268076,305.7035776891924,-0.0028524061003973,4365530570025844449
AC_Response,19.952623149688822,40.66002705988115,288.1838349540611,-5.935891935077203,6643428527261381718
AC_Response,0.1584893192461111,44.50977871149023,303.263152322465,-0.0065173931042269,15483355832083528190
AC_Response,6.309573444801943,35.793021097389925,308.86985058095934,-3.1095357316028283,15076552308508060508
AC_Response,3.1622776601683795,39.62193192256099,289.3285700165644,-1.9536583799552656,14612151002491318071
AC_Response,0.1,42.09307571557734,293.4443281911712,0.0,14925940557847983943
AC_Response,15.848931924611108,38.57048554783602,303.1708876105774,-5.1059580204305135,9443669834932015687
AC_Response,0.1,39.58517778577758,297.0863250737395,0.0,13884065282437346191
AC_Response,6.309573444801943,37.207464786418186,297.95471711920453,-3.135244146936848,10318556855553405500
AC_Response,0.1258925411794166,42.25069338145754,304.38892783295006,-0.0026482052773737,12866849828103811731
AC_Response,0.3162277660168379,40.55455133934368,303.4784744400111,-0.0423263081883904,6782381353331258888
AC_Response,31.6227766016838,39.85562670167986,300.93280864091923,-6.594963339666801,3323206834988836325
AC_Response,0.1258925411794166,40.77134716523017,305.22981462209646,-0.0027890956671991,9738090587319443504
AC_Response,0.3162277660168379,35.793021097389925,308.86985058095934,-0.0415818560080225,15076552308508060508
AC_Response,15.848931924611108,35.52248114367448,306.4489109295662,-4.9968319901651,6964906420694514637
AC_Response,1.0,36.36815079533651,301.4558439858307,-0.3977070916712836,6183833702133835153
AC_Response,40.0,37.60227540602951,298.4772867617408,-6.702635901968995,13857080191999532053
AC_Response,1.9952623149688828,41.129719458135625,288.0815978442095,-1.1387582180470852,14542734286284699756
AC_Response,0.7943282347242822,41.29986197643443,296.3385514465405,-0.2539428746930173,4988707599086321867
AC_Response,3.981071705534969,42.04226242943757,288.6545802497056,-2.290153499266264,14598686425886924939
AC_Response,31.6227766016838,39.58517778577758,297.0863250737395,-6.880934228816664,13884065282437346191
AC_Response,0.7943282347242822,42.87746783295031,307.55593866537106,-0.2612308321692711,8801835938313083490
AC_Response,0.1584893192461111,39.64774721352306,306.8220229508652,-0.0072916449624971,13277443787381278961
AC_Response,0.1995262314968882,39.21856251436128,307.7679942040925,-0.0134555407883441,2454564730666304252
AC_Response,10.0,41.08562699346509,303.58650370690776,-3.985090565836116,631923151567513377
AC_Response,0.2511886431509582,39.21209704786501,303.00410991721293,-0.022487869585765,4763887798637117351
AC_Response,25.11886431509582,41.9345213676303,296.5403011366731,-6.292772638457724,2996005905799625730
AC_Response,0.2511886431509582,39.58517778577758,297.0863250737395,-0.0238594765009798,13884065282437346191
AC_Response,1.2589254117941662,41.83782044136868,301.83723728961854,-0.5811148462779057,9082082196135538154
AC_Response,0.1995262314968882,39.9154735600532,295.8292447353602,-0.0129925360456991,5412796333827448456
AC_Response,19.952623149688822,39.11984591644459,301.1260229250646,-5.732027341389476,9610535940819629000
AC_Response,3.981071705534969,35.793021097389925,308.86985058095934,-2.3309108858591547,15076552308508060508
AC_Response,0.5011872336272715,42.04226242943757,288.6545802497056,-0.0993751373168291,14598686425886924939
AC_Response,0.1995262314968882,38.28868089781682,299.0569098093356,-0.0131605484393052,3766308496770492318
AC_Response,31.6227766016838,36.589080383233394,294.68809277779184,-6.918157485203391,15915415103177725736
AC_Response,0.1995262314968882,40.55455133934368,303.4784744400111,-0.014149278545838,6782381353331258888
AC_Response,25.11886431509582,41.11142736058992,291.8506686301862,-6.369661957680756,12552086576878223737
AC_Response,0.1995262314968882,39.339075937042885,294.39428351617613,-0.0131382624819659,8365660235088368164
AC_Response,3.1622776601683795,37.69553984942066,294.1521471075916,-2.008106766810947,8666257842429149026
AC_Response,2.511886431509582,36.16652897024234,304.10393187120707,-1.539195683246534,1769769716334894948
AC_Response,0.2511886431509582,38.37558042728467,295.9516778251947,-0.0245861392068059,12182933489101405014
AC_Response,19.952623149688822,40.80112322251315,299.2329513672896,-5.634996697718187,1295526639106515549
AC_Response,0.1,40.58953669016749,293.2225739384997,0.0,7807375178238359560
AC_Response,0.7943282347242822,41.93453001893169,295.92616711681853,-0.2546933409717937,8171303673975013206
AC_Response,40.0,38.42173874228168,293.06092698472065,-7.090026916987249,9170926497845462766
AC_Response,39.81071705534969,40.32854625878799,294.3650499716886,-7.01515175328746,17204210023338359435
AC_Response,0.3981071705534968,42.04226242943757,288.6545802497056,-0.0619334256985391,14598686425886924939
AC_Response,0.1995262314968882,39.33447860201831,299.4635962010897,-0.0132040759598758,15208010537286723207
AC_Response,15.848931924611108,42.17824256593523,298.72995545788456,-5.049967789547978,8469384274296772994
AC_Response,0.5011872336272715,41.27631172344517,301.59948365785385,-0.1035648093179539,14080291052260215929
AC_Response,0.3162277660168379,41.484417545989686,302.7283665488111,-0.0382812911274213,4427417937030231446
AC_Response,5.011872336272715,39.24041391228537,297.93305834844136,-2.688895722741655,3712240751709899868
AC_Response,2.511886431509582,39.90795077029272,306.8673078749587,-1.5202592995556747,15468058970195626653
AC_Response,12.589254117941662,39.51420947268076,305.7035776891924,-4.511259893886236,4365530570025844449
AC_Response,0.5011872336272715,42.219532217947325,302.0841812978663,-0.0994032552305523,6431290111938284445
AC_Response,12.589254117941662,40.30940301281442,306.6726054586492,-4.4358408613982,5439972880139275643
AC_Response,12.589254117941662,41.83782044136868,301.83723728961854,-4.456428778595595,9082082196135538154
AC_Response,0.1258925411794166,40.55316862193092,296.6314874710408,-0.0024992798938658,12484285608964576027
AC_Response,1.2589254117941662,43.06550150160359,292.35304316269765,-0.5834301654281236,2038187770712329087
AC_Response,2.511886431509582,40.87821813200619,300.974125232131,-1.5140988059004856,3939891858067812807
AC_Response,25.11886431509582,38.69622270488729,301.9657628923453,-6.294452192795395,8115719833540228731
AC_Response,3.981071705534969,43.08491203323523,298.5763734449834,-2.306296074851616,440727550293168112
AC_Response,0.2511886431509582,44.50977871149023,303.263152322465,-0.0227670982027742,15483355832083528190
AC_Response,0.1995262314968882,39.56928699408093,298.75903253628616,-0.0138435497150463,17177253068705741675
AC_Response,3.1622776601683795,41.08562699346509,303.58650370690776,-1.932202665883589,631923151567513377
AC_Response,25.11886431509582,40.94136333558407,299.94201571725745,-6.165187458705214,14684909485850387430
AC_Response,0.2511886431509582,37.12870103512795,297.3410066095633,-0.0253995123736457,5086348268569391686
AC_Response,0.6309573444801944,39.94029005251662,299.6218359156308,-0.1555490566834917,1062234375139852529
AC_Response,0.1995262314968882,39.18777263938059,307.5354074756815,-0.01381324503657,14030010393685506498
AC_Response,0.5011872336272715,38.23677890677304,298.10055132439214,-0.111940200056001,16541905887176100137
AC_Response,0.5011872336272715,43.08491203323523,298.5763734449834,-0.1028227009495947,440727550293168112
AC_Response,1.584893192461111,41.62971960161597,300.52976098251094,-0.8399682548650196,869685322261252957
AC_Response,3.981071705534969,39.73131063338137,294.42197627514213,-2.290615384184325,10333268118757093503
AC_Response,39.81071705534969,39.90381821426863,300.9815905741297,-6.516648113639844,15256650157893810940
AC_Response,0.1,39.61181207182135,297.3307652107198,0.0,17136393541049134550
AC_Response,15.848931924611108,39.33731057072893,297.69705044733973,-5.104908310555276,3402320749389468369
AC_Response,12.589254117941662,36.589080383233394,294.68809277779184,-4.581547515526666,15915415103177725736
AC_Response,2.511886431509582,42.17824256593523,298.72995545788456,-1.46918761795267,8469384274296772994
AC_Response,3.981071705534969,40.994373738605006,302.9961192294562,-2.2978548491964874,9731388305634911064
AC_Response,6.309573444801943,42.33569419095241,299.8381908200232,-3.1757534714707365,8123982087682502409
AC_Response,0.3981071705534968,38.89567254871546,292.9930878390376,-0.0650099961738572,13058981581108217973
AC_Response,5.011872336272715,39.047727684139495,305.18782525816323,-2.751693145855742,9536545485233975021
AC_Response,12.589254117941662,40.58953669016749,293.2225739384997,-4.543749074626605,7807375178238359560
AC_Response,0.1995262314968882,37.69553984942066,294.1521471075916,-0.0144172514245357,8666257842429149026
AC_Response,15.848931924611108,38.45876893881996,290.3471581734896,-5.291099237608843,7554141485682215590
AC_Response,40.0,39.85562670167986,300.93280864091923,-6.691169383132145,3323206834988836325
AC_Response,15.848931924611108,38.858183000543626,295.7855807653235,-5.192556997916747,9262064648931476805
AC_Response,19.952623149688822,36.36815079533651,301.4558439858307,-5.671654581487811,6183833702133835153
AC_Response,0.7943282347242822,43.101977222602514,303.9832024614659,-0.2568894659039435,14223461640953255652
AC_Response,0.3162277660168379,39.34847113068841,298.5552181462747,-0.0408968766832994,9131232228778995290
AC_Response,15.848931924611108,43.08491203323523,298.5763734449834,-5.113137764214812,440727550293168112
AC_Response,0.1,38.45876893881996,290.3471581734896,0.0,7554141485682215590
AC_Response,1.2589254117941662,37.207464786418186,297.95471711920453,-0.5745571142414532,10318556855553405500
AC_Response,0.5011872336272715,38.89567254871546,292.9930878390376,-0.1042631270722913,13058981581108217973
AC_Response,6.309573444801943,36.589080383233394,294.68809277779184,-3.1333545651187573,15915415103177725736
AC_Response,31.6227766016838,38.28868089781682,299.0569098093356,-6.667322756512642,3766308496770492318
AC_Response,31.6227766016838,39.047727684139495,305.18782525816323,-6.635784870051179,9536545485233975021
AC_Response,2.511886431509582,38.31893407640898,299.3638589999156,-1.4585870962737548,8619026027835737365
AC_Response,1.2589254117941662,40.648465379108416,299.4728047413536,-0.5930624676296269,5403082750804857040
AC_Response,2.511886431509582,41.08562699346509,303.58650370690776,-1.5335743316098545,631923151567513377
AC_Response,10.0,40.32755095458103,299.70047987606006,-3.932097228659316,9319956976912993182
AC_Response,10.0,42.33569419095241,299.8381908200232,-4.062371137363197,8123982087682502409
AC_Response,0.1995262314968882,38.8972081784186,297.8606493603604,-0.0139148865097986,11533468067055250155
AC_Response,3.1622776601683795,39.73131063338137,294.42197627514213,-1.8805685311383844,10333268118757093503
AC_Response,3.1622776601683795,38.50508417894045,294.1262317171733,-1.9445965498323607,7408968043820680965
AC_Response,40.0,36.322106531247385,300.55707391972635,-6.90685185569084,13894251431710084294
AC_Response,6.309573444801943,42.17824256593523,298.72995545788456,-3.071223073817408,8469384274296772994
AC_Response,3.981071705534969,39.11984591644459,301.1260229250646,-2.3772995372575694,9610535940819629000
AC_Response,40.0,38.69622270488729,301.9657628923453,-6.881972752613067,8115719833540228731
AC_Response,25.11886431509582,42.04226242943757,288.6545802497056,-6.47909762125717,14598686425886924939
AC_Response,0.5011872336272715,36.36815079533651,301.4558439858307,-0.1070600506403941,6183833702133835153
AC_Response,0.1995262314968882,38.33334239027114,293.10089722857373,-0.0138345363871393,7035166681821702163
AC_Response,31.6227766016838,39.94029005251662,299.6218359156308,-6.509249907118939,1062234375139852529
AC_Response,0.1,42.346830624956574,300.5747457097431,0.0,2337157221459530110
AC_Response,1.0,37.10727035463277,300.4554170460457,-0.4058756975429712,16422739178917769296
AC_Response,15.848931924611108,41.11142736058992,291.8506686301862,-5.1612164938176655,12552086576878223737
AC_Response,1.0,42.56757336192149,293.18283111534566,-0.3727793448822287,1435201764501745638
AC_Response,1.0,36.73791801396338,295.61725668807514,-0.3910419877028411,17008765120125666942
AC_Response,0.5011872336272715,39.7132385315927,304.62183232922587,-0.1049901701854649,10528525010244697505
AC_Response,2.511886431509582,39.21856251436128,307.7679942040925,-1.515185121297726,2454564730666304252
AC_Response,0.5011872336272715,39.73131063338137,294.42197627514213,-0.0998692295557796,10333268118757093503
AC_Response,3.1622776601683795,39.90795077029272,306.8673078749587,-1.91604097643862,15468058970195626653
AC_Response,5.011872336272715,39.34847113068841,298.5552181462747,-2.743615885164499,9131232228778995290
AC_Response,0.6309573444801944,42.346830624956574,300.5747457097431,-0.1660192505500716,2337157221459530110
AC_Response,1.2589254117941662,38.899871401178025,300.40158819211445,-0.556971405780191,6672923565090819279
AC_Response,0.7943282347242822,38.899871401178025,300.40158819211445,-0.2457801346720026,6672923565090819279
AC_Response,5.011872336272715,41.28793476116813,303.0641722996054,-2.698500375712684,16945873912842908627
AC_Response,5.011872336272715,40.52844947169319,303.263443359763,-2.693185599215288,560255154383361061
AC_Response,3.1622776601683795,41.193035529790656,301.7038514591378,-1.9472947345806,2554276162761610342
AC_Response,6.309573444801943,38.45876893881996,290.3471581734896,-3.143974475265728,7554141485682215590
AC_Response,31.6227766016838,43.278933930679706,307.8168200832177,-6.353379573771805,4776793572509321654
AC_Response,40.0,40.32854625878799,294.3650499716886,-7.0139512861385525,17204210023338359435
AC_Response,10.0,39.05845567786759,297.2376267822416,-4.041134936453489,6308849522308401573
AC_Response,0.1258925411794166,41.27631172344517,301.59948365785385,-0.0025955315001803,14080291052260215929
AC_Response,0.2511886431509582,40.75046782180591,305.2870639056014,-0.0236352254299096,1102911703873588363
AC_Response,3.1622776601683795,39.85562670167986,300.93280864091923,-1.9686138318461104,3323206834988836325
AC_Response,0.3981071705534968,40.43386356777175,305.1954997344612,-0.0653113819485335,15766262156413488926
AC_Response,0.3162277660168379,43.278933930679706,307.8168200832177,-0.0409579821481348,4776793572509321654
AC_Response,1.9952623149688828,41.04225055349912,296.5414644902,-1.1715596648142708,6763556109530919502
AC_Response,0.1584893192461111,40.58953669016749,293.2225739384997,-0.0066696727417884,7807375178238359560
AC_Response,25.11886431509582,39.18777263938059,307.5354074756815,-6.10934053323084,14030010393685506498
AC_Response,0.6309573444801944,40.79653471954481,301.4383600393062,-0.1670345001664814,4950770812450199952
AC_Response,31.6227766016838,40.75046782180591,305.2870639056014,-6.434621303846013,1102911703873588363
AC_Response,0.1584893192461111,40.31257836583995,298.21936914217434,-0.0064711723965259,12408152172928847518
AC_Response,15.848931924611108,39.33447860201831,299.4635962010897,-5.078153566695246,15208010537286723207
AC_Response,2.511886431509582,41.64371883461047,301.63426669668445,-1.553239207083934,7077229970648675251
AC_Response,1.584893192461111,39.61181207182135,297.3307652107198,-0.7802585055327331,17136393541049134550
AC_Response,0.3162277660168379,40.66002705988115,288.1838349540611,-0.0387967558988131,6643428527261381718
AC_Response,1.584893192461111,42.56757336192149,293.18283111534566,-0.8014757779297844,1435201764501745638
AC_Response,31.6227766016838,41.08562699346509,303.58650370690776,-6.48089958296419,631923151567513377
AC_Response,0.3981071705534968,42.13424050837239,300.34884642744885,-0.061804405408785,7248124264218123782
AC_Response,0.6309573444801944,43.167246359099664,298.50956140834,-0.1584407820052362,3765347373034185731
AC_Response,0.1584893192461111,38.21649432972869,303.56534322943094,-0.0069999668918738,10796982964429426044
AC_Response,6.309573444801943,38.21649432972869,303.56534322943094,-3.1215893614916905,10796982964429426044
AC_Response,31.6227766016838,39.36697999872778,300.425811364213,-6.727093498075256,14780227274271489565
AC_Response,0.2511886431509582,38.81204244575611,302.5323056028984,-0.0252914281660502,4131187287421323234
AC_Response,1.9952623149688828,39.0211226249472,305.0510216058231,-1.151554600189291,14932880946049592786
AC_Response,3.1622776601683795,41.95641496228942,305.9180523366615,-1.848452384777013,4365964196300360401
AC_Response,39.81071705534969,42.33569419095241,299.8381908200232,-6.775295174979268,8123982087682502409
AC_Response,0.3162277660168379,39.61181207182135,297.3307652107198,-0.036818919130154,17136393541049134550
AC_Response,0.1258925411794166,41.61971486534147,298.1037724082114,-0.002782684391541,1131457513323140606
AC_Response,10.0,40.91913452211564,297.20307373531364,-3.956714221783417,12404554437750077034
AC_Response,0.3981071705534968,41.27682283342508,300.8565986758517,-0.0631711163987345,3063462922452919031
AC_Response,7.943282347242822,42.17824256593523,298.72995545788456,-3.4938064360065098,8469384274296772994
AC_Response,0.5011872336272715,37.39117268896573,297.8667082132286,-0.1069605256949139,12671372268648671805
AC_Response,0.3981071705534968,42.17824256593523,298.72995545788456,-0.0619753108643951,8469384274296772994
AC_Response,2.511886431509582,38.422268984819695,304.0303353891022,-1.5491417994284415,10399213306103495125
AC_Response,3.981071705534969,36.16652897024234,304.10393187120707,-2.3419553712456214,1769769716334894948
AC_Response,0.6309573444801944,39.90795077029272,306.8673078749587,-0.1663788434522168,15468058970195626653
AC_Response,31.6227766016838,39.0211226249472,305.0510216058231,-6.647039026411873,14932880946049592786
AC_Response,0.1,38.8972081784186,297.8606493603604,0.0,11533468067055250155
AC_Response,1.9952623149688828,39.56928699408093,298.75903253628616,-1.1821807987639863,17177253068705741675
AC_Response,0.2511886431509582,39.33447860201831,299.4635962010897,-0.0234396096822702,15208010537286723207
AC_Response,3.1622776601683795,38.21649432972869,303.56534322943094,-1.935235748501336,10796982964429426044
AC_Response,3.1622776601683795,41.484417545989686,302.7283665488111,-1.873148389652617,4427417937030231446
AC_Response,0.3162277660168379,41.129719458135625,288.0815978442095,-0.0389708317684686,14542734286284699756
AC_Response,0.1258925411794166,40.65637295368661,296.23853018587084,-0.0026999582464471,16406327631433526260
AC_Response,0.1995262314968882,40.35879763032958,294.16913853899604,-0.0127038585835852,6227566288360181889
AC_Response,3.1622776601683795,41.93453001893169,295.92616711681853,-1.9186713788607648,8171303673975013206
AC_Response,15.848931924611108,43.13862383173334,296.64614602139693,-5.115522136871301,17985928204657212826
AC_Response,0.1584893192461111,40.80112322251315,299.2329513672896,-0.0067565274538929,1295526639106515549
AC_Response,2.511886431509582,38.858183000543626,295.7855807653235,-1.539466724952797,9262064648931476805
AC_Response,0.5011872336272715,40.51326020590248,298.8914974420704,-0.1013638208392781,13540594563185179811
AC_Response,0.3981071705534968,39.90607827400121,296.137708789732,-0.0686623842760672,10133735033454427345
AC_Response,19.952623149688822,38.37558042728467,295.9516778251947,-5.810217674970509,12182933489101405014
AC_Response,15.848931924611108,42.74916053103488,290.5746947786968,-5.171369447509516,14264826949359886561
AC_Response,0.5011872336272715,39.24041391228537,297.93305834844136,-0.1020847107974996,3712240751709899868
AC_Response,15.848931924611108,44.82712146868644,302.5978918999191,-4.989744333081937,15638800026818411768
AC_Response,6.309573444801943,38.42173874228168,293.06092698472065,-3.1440538037544097,9170926497845462766
AC_Response,0.1258925411794166,38.21649432972869,303.56534322943094,-0.0027117960093606,10796982964429426044
AC_Response,0.7943282347242822,41.64371883461047,301.63426669668445,-0.2654068436505045,7077229970648675251
AC_Response,39.81071705534969,42.219532217947325,302.0841812978663,-6.516016637610726,6431290111938284445
AC_Response,40.0,40.79653471954481,301.4383600393062,-6.571993158043366,4950770812450199952
AC_Response,3.981071705534969,39.339075937042885,294.39428351617613,-2.313715558901841,8365660235088368164
AC_Response,3.981071705534969,38.28868089781682,299.0569098093356,-2.2989185981194185,3766308496770492318
AC_Response,0.3981071705534968,38.50508417894045,294.1262317171733,-0.066247518579865,7408968043820680965
AC_Response,0.1,39.21209704786501,303.00410991721293,0.0,4763887798637117351
AC_Response,3.981071705534969,44.50977871149023,303.263152322465,-2.2669985222760896,15483355832083528190
AC_Response,0.3981071705534968,40.68035124967265,296.73843693227377,-0.0634243907597681,385409706114037048
AC_Response,7.943282347242822,40.55316862193092,296.6314874710408,-3.482643376261048,12484285608964576027
AC_Response,0.1,41.27631172344517,301.59948365785385,0.0,14080291052260215929
AC_Response,6.309573444801943,40.35879763032958,294.16913853899604,-3.083774744655452,6227566288360181889
AC_Response,12.589254117941662,42.56757336192149,293.18283111534566,-4.590311917785206,1435201764501745638
AC_Response,0.2511886431509582,40.43386356777175,305.1954997344612,-0.0236763907358748,15766262156413488926
AC_Response,5.011872336272715,34.84085283436253,301.39850617403,-2.8021185295236166,16751146966542148650
AC_Response,0.1584893192461111,41.129719458135625,288.0815978442095,-0.0066139699299902,14542734286284699756
AC_Response,0.2511886431509582,38.21649432972869,303.56534322943094,-0.0244440700016945,10796982964429426044
AC_Response,0.7943282347242822,37.60227540602951,298.4772867617408,-0.2555165883363067,13857080191999532053
AC_Response,3.1622776601683795,40.648465379108416,299.4728047413536,-1.946692137990183,5403082750804857040
AC_Response,31.6227766016838,37.39117268896573,297.8667082132286,-6.566026556318574,12671372268648671805
AC_Response,1.9952623149688828,40.714467773434976,300.93677074401546,-1.130374182149453,9058477443376137994
AC_Response,15.848931924611108,40.65637295368661,296.23853018587084,-5.165871685231231,16406327631433526260
AC_Response,0.5011872336272715,42.54178389838287,305.55199671356803,-0.1005911038084877,3537787434630592613
AC_Response,10.0,36.16652897024234,304.10393187120707,-4.023070903157272,1769769716334894948
AC_Response,6.309573444801943,43.40306406282464,301.888862689621,-3.037133619441021,9481571324980869556
AC_Response,0.1258925411794166,39.85430360518959,306.74502895459364,-0.0026594728345134,16546631726138751512
AC_Response,0.1258925411794166,40.648465379108416,299.4728047413536,-0.0027060129915303,5403082750804857040
AC_Response,0.1,41.9345213676303,296.5403011366731,0.0,2996005905799625730
AC_Response,0.1995262314968882,39.33731057072893,297.69705044733973,-0.0129344911949829,3402320749389468369
AC_Response,0.1258925411794166,40.55455133934368,303.4784744400111,-0.0027863796407493,6782381353331258888
AC_Response,19.952623149688822,40.994373738605006,302.9961192294562,-5.597166653614744,9731388305634911064
AC_Response,3.1622776601683795,41.83782044136868,301.83723728961854,-1.913158487964916,9082082196135538154
AC_Response,3.981071705534969,40.19858533526689,297.9110382121584,-2.309887507861338,17871160977092490614
AC_Response,0.3162277660168379,40.58953669016749,293.2225739384997,-0.0392840147797709,7807375178238359560
AC_Response,0.1995262314968882,40.52844947169319,303.263443359763,-0.0133186673681819,560255154383361061
AC_Response,39.81071705534969,39.339075937042885,294.39428351617613,-7.09794337353789,8365660235088368164
AC_Response,25.11886431509582,38.57048554783602,303.1708876105774,-6.263439328777417,9443669834932015687
AC_Response,0.1995262314968882,39.90607827400121,296.137708789732,-0.0140269531035128,10133735033454427345
AC_Response,10.0,38.28868089781682,299.0569098093356,-3.9754813952349606,3766308496770492318
AC_Response,15.848931924611108,38.55163090195673,309.2198732722366,-5.054212588423567,4787501490018871704
AC_Response,31.6227766016838,38.08606385532588,297.3563844788412,-6.790257556184961,7393066098584539282
AC_Response,1.9952623149688828,41.95641496228942,305.9180523366615,-1.098745886670545,4365964196300360401
AC_Response,19.952623149688822,41.11142736058992,291.8506686301862,-5.784766658664493,12552086576878223737
AC_Response,10.0,37.12870103512795,297.3410066095633,-4.077840652896756,5086348268569391686
AC_Response,0.7943282347242822,40.248277237816566,302.09732544564235,-0.2599026002118794,3482370874704362668
AC_Response,25.11886431509582,40.648465379108416,299.4728047413536,-6.2384129933469445,5403082750804857040
AC_Response,0.3981071705534968,40.55455133934368,303.4784744400111,-0.0692184504143081,6782381353331258888
AC_Response,25.11886431509582,43.11434944357355,296.9231984392292,-6.275838932499083,3658234560045323703
AC_Response,0.7943282347242822,40.994373738605006,302.9961192294562,-0.2517120601990126,9731388305634911064
AC_Response,2.511886431509582,39.43236728729266,296.39638250989714,-1.4781111915839378,4381028864758797162
AC_Response,12.589254117941662,40.648465379108416,299.4728047413536,-4.531722559593837,5403082750804857040
AC_Response,0.1995262314968882,41.28793476116813,303.0641722996054,-0.0131115139923873,16945873912842908627
AC_Response,1.584893192461111,38.45876893881996,290.3471581734896,-0.8050663487734809,7554141485682215590
AC_Response,19.952623149688822,37.10727035463277,300.4554170460457,-5.6680960342763616,16422739178917769296
AC_Response,0.1,41.28793476116813,303.0641722996054,0.0,16945873912842908627
AC_Response,1.9952623149688828,38.88005077046229,301.691940704981,-1.1022408689602987,5417274375214438322
AC_Response,0.1258925411794166,39.21856251436128,307.7679942040925,-0.0026493395108367,2454564730666304252
AC_Response,0.3162277660168379,39.56928699408093,298.75903253628616,-0.0414276926214574,17177253068705741675
AC_Response,0.6309573444801944,36.589080383233394,294.68809277779184,-0.1639741377923605,15915415103177725736
AC_Response,10.0,38.33334239027114,293.10089722857373,-4.1035193662165,7035166681821702163
AC_Response,19.952623149688822,39.34847113068841,298.5552181462747,-5.7667277323651,9131232228778995290
AC_Response,0.1584893192461111,36.16652897024234,304.10393187120707,-0.0069626538153312,1769769716334894948
AC_Response,31.6227766016838,37.60227540602951,298.4772867617408,-6.607161692519242,13857080191999532053
AC_Response,19.952623149688822,38.25394170360681,296.3367780179062,-5.712791322462339,1787945062278856569
AC_Response,2.511886431509582,41.83782044136868,301.83723728961854,-1.5182684398759227,9082082196135538154
AC_Response,1.584893192461111,39.0211226249472,305.0510216058231,-0.8340892963257389,14932880946049592786
AC_Response,0.1,39.047727684139495,305.18782525816323,0.0,9536545485233975021
AC_Response,15.848931924611108,39.73131063338137,294.42197627514213,-5.136398305658236,10333268118757093503
AC_Response,39.81071705534969,38.25394170360681,296.3367780179062,-6.92094475287271,1787945062278856569
AC_Response,0.3162277660168379,40.96326376678826,298.8654192354596,-0.0401469913474094,11939704803637804291
AC_Response,0.1258925411794166,37.79561575023349,300.3431374384869,-0.0027684362135501,8406104627261355859
AC_Response,12.589254117941662,39.0211226249472,305.0510216058231,-4.492476849317165,14932880946049592786
AC_Response,6.309573444801943,34.84085283436253,301.39850617403,-3.199234037857197,16751146966542148650
AC_Response,0.5011872336272715,42.13424050837239,300.34884642744885,-0.0991588519361547,7248124264218123782
AC_Response,0.5011872336272715,36.16652897024234,304.10393187120707,-0.1074821953145257,1769769716334894948
AC_Response,3.981071705534969,40.43386356777175,305.1954997344612,-2.3008858782118744,15766262156413488926
AC_Response,19.952623149688822,41.48473029075561,294.1535226587993,-5.77576886343468,4007664404162655079
AC_Response,5.011872336272715,39.64774721352306,306.8220229508652,-2.7594078312134624,13277443787381278961
AC_Response,39.81071705534969,38.8972081784186,297.8606493603604,-6.867470235376098,11533468067055250155
AC_Response,25.11886431509582,34.826156523967086,290.8089263982084,-6.446943431665968,15165174592579684514
AC_Response,39.81071705534969,42.87746783295031,307.55593866537106,-6.602262363224921,8801835938313083490
AC_Response,3.981071705534969,40.58953669016749,293.2225739384997,-2.3005138557651823,7807375178238359560
AC_Response,25.11886431509582,35.793021097389925,308.86985058095934,-6.0583575172022925,15076552308508060508
AC_Response,0.3981071705534968,40.94136333558407,299.94201571725745,-0.065631683469098,14684909485850387430
AC_Response,5.011872336272715,40.19858533526689,297.9110382121584,-2.709559739008905,17871160977092490614
AC_Response,7.943282347242822,40.994373738605006,302.9961192294562,-3.507679903958785,9731388305634911064
AC_Response,2.511886431509582,38.57048554783602,303.1708876105774,-1.5420500387802023,9443669834932015687
AC_Response,0.1,39.34847113068841,298.5552181462747,0.0,9131232228778995290
AC_Response,5.011872336272715,38.8972081784186,297.8606493603604,-2.7857523073483046,11533468067055250155
AC_Response,0.3981071705534968,36.322106531247385,300.55707391972635,-0.071258816378168,13894251431710084294
AC_Response,1.2589254117941662,40.68035124967265,296.73843693227377,-0.564546009532562,385409706114037048
AC_Response,39.81071705534969,38.422268984819695,304.0303353891022,-6.7813112117117305,10399213306103495125
AC_Response,19.952623149688822,41.61731424149927,306.85396396460635,-5.511645522100891,260657965530268515
AC_Response,39.81071705534969,36.73791801396338,295.61725668807514,-7.039620312510414,17008765120125666942
AC_Response,0.1584893192461111,39.21209704786501,303.00410991721293,-0.006437121836744,4763887798637117351
AC_Response,0.3162277660168379,39.0211226249472,305.0510216058231,-0.0401729528012245,14932880946049592786
AC_Response,3.1622776601683795,36.36815079533651,301.4558439858307,-1.9408651612831536,6183833702133835153
AC_Response,31.6227766016838,40.43386356777175,305.1954997344612,-6.576397642620221,15766262156413488926
AC_Response,1.0,41.95641496228942,305.9180523366615,-0.3695629632610581,4365964196300360401
AC_Response,1.0,37.12870103512795,297.3410066095633,-0.4150668847858322,5086348268569391686
AC_Response,0.6309573444801944,41.61971486534147,298.1037724082114,-0.1746459778870347,1131457513323140606
AC_Response,7.943282347242822,42.219532217947325,302.0841812978663,-3.456078420894632,6431290111938284445
AC_Response,39.81071705534969,38.978559546027874,295.06946514256083,-7.070899821392223,5230745145462099467
AC_Response,1.584893192461111,43.11434944357355,296.9231984392292,-0.8091583597888168,3658234560045323703
AC_Response,40.0,34.84085283436253,301.39850617403,-6.698533927551801,16751146966542148650
AC_Response,5.011872336272715,39.61181207182135,297.3307652107198,-2.6510107070159306,17136393541049134550
AC_Response,1.2589254117941662,40.43386356777175,305.1954997344612,-0.5768295842404288,15766262156413488926
AC_Response,0.3162277660168379,38.69622270488729,301.9657628923453,-0.0391587700282097,8115719833540228731
AC_Response,6.309573444801943,39.24041391228537,297.93305834844136,-3.089010040644198,3712240751709899868
AC_Response,0.5011872336272715,40.19858533526689,297.9110382121584,-0.1037228744350687,17871160977092490614
AC_Response,19.952623149688822,40.19858533526689,297.9110382121584,-5.702334847194859,17871160977092490614
AC_Response,0.1258925411794166,40.66002705988115,288.1838349540611,-0.0025505700206854,6643428527261381718
AC_Response,15.848931924611108,39.61181207182135,297.3307652107198,-5.056068531238429,17136393541049134550
AC_Response,25.11886431509582,36.16652897024234,304.10393187120707,-6.296055627714782,1769769716334894948
AC_Response,1.0,38.57283152042447,302.4090006102026,-0.4113966460857104,1015852638890412653
AC_Response,0.2511886431509582,40.96326376678826,298.8654192354596,-0.0238097528030939,11939704803637804291
AC_Response,7.943282347242822,40.714467773434976,300.93677074401546,-3.522263305338705,9058477443376137994
AC_Response,40.0,41.27631172344517,301.59948365785385,-6.851343763800283,14080291052260215929
AC_Response,0.1584893192461111,40.55455133934368,303.4784744400111,-0.0071922105035606,6782381353331258888
AC_Response,25.11886431509582,40.52844947169319,303.263443359763,-6.128932739283285,560255154383361061
AC_Response,5.011872336272715,42.543125490608695,301.3994726877767,-2.694717560935196,8259856114936990545
AC_Response,12.589254117941662,37.12870103512795,297.3410066095633,-4.595310511485441,5086348268569391686
AC_Response,25.11886431509582,40.43386356777175,305.1954997344612,-6.161893979984424,15766262156413488926
AC_Response,0.5011872336272715,39.56928699408093,298.75903253628616,-0.1086327202463969,17177253068705741675
AC_Response,1.584893192461111,41.193035529790656,301.7038514591378,-0.8476735567151896,2554276162761610342
AC_Response,0.2511886431509582,40.47383155665718,295.6008889602198,-0.0230840896105205,6410035451867130339
AC_Response,1.2589254117941662,38.53132745549709,285.1813868750008,-0.5877041067686652,17395302027409890490
AC_Response,2.511886431509582,40.80112322251315,299.2329513672896,-1.512669219351486,1295526639106515549
AC_Response,40.0,42.54178389838287,305.55199671356803,-6.422497732750645,3537787434630592613
AC_Response,0.3162277660168379,36.16652897024234,304.10393187120707,-0.0409929759795259,1769769716334894948
AC_Response,0.1995262314968882,43.101977222602514,303.9832024614659,-0.0133813505893244,14223461640953255652
AC_Response,0.5011872336272715,42.74916053103488,290.5746947786968,-0.100287203311504,14264826949359886561
AC_Response,3.1622776601683795,39.0211226249472,305.0510216058231,-1.917634664841977,14932880946049592786
AC_Response,12.589254117941662,42.33569419095241,299.8381908200232,-4.57697248302752,8123982087682502409
AC_Response,1.584893192461111,37.39117268896573,297.8667082132286,-0.8467347311217693,12671372268648671805
AC_Response,25.11886431509582,40.248277237816566,302.09732544564235,-6.20157454467479,3482370874704362668
AC_Response,7.943282347242822,39.11984591644459,301.1260229250646,-3.59399864967312,9610535940819629000
AC_Response,0.7943282347242822,39.047727684139495,305.18782525816323,-0.2679106611952472,9536545485233975021
AC_Response,6.309573444801943,41.95641496228942,305.9180523366615,-3.0345735369426947,4365964196300360401
AC_Response,10.0,38.21649432972869,303.56534322943094,-3.9877113991499376,10796982964429426044
AC_Response,2.511886431509582,36.322106531247385,300.55707391972635,-1.609851154842738,13894251431710084294
AC_Response,31.6227766016838,39.11984591644459,301.1260229250646,-6.744434957487745,9610535940819629000
AC_Response,0.5011872336272715,38.858183000543626,295.7855807653235,-0.106024693201824,9262064648931476805
AC_Response,12.589254117941662,39.24041391228537,297.93305834844136,-4.48874901431726,3712240751709899868
AC_Response,3.1622776601683795,41.129719458135625,288.0815978442095,-1.920258578493328,14542734286284699756
AC_Response,39.81071705534969,43.278933930679706,307.8168200832177,-6.395123497488592,4776793572509321654
AC_Response,0.3981071705534968,39.90795077029272,306.8673078749587,-0.065827321378558,15468058970195626653
AC_Response,1.584893192461111,40.55316862193092,296.6314874710408,-0.797852007668781,12484285608964576027
AC_Response,0.2511886431509582,39.90381821426863,300.9815905741297,-0.0222284887175825,15256650157893810940
AC_Response,15.848931924611108,42.56757336192149,293.18283111534566,-5.195511158540707,1435201764501745638
AC_Response,6.309573444801943,39.21856251436128,307.7679942040925,-3.0861870859442813,2454564730666304252
AC_Response,39.81071705534969,40.19858533526689,297.9110382121584,-6.849648911613773,17871160977092490614
AC_Response,0.3162277660168379,38.81204244575611,302.5323056028984,-0.0426341542403663,4131187287421323234
AC_Response,3.981071705534969,40.55455133934368,303.4784744400111,-2.353186731160929,6782381353331258888
AC_Response,3.981071705534969,36.322106531247385,300.55707391972635,-2.430329069733413,13894251431710084294
AC_Response,7.943282347242822,40.79653471954481,301.4383600393062,-3.526193697648516,4950770812450199952
AC_Response,1.9952623149688828,40.994373738605006,302.9961192294562,-1.13243368975569,9731388305634911064
AC_Response,5.011872336272715,40.55455133934368,303.4784744400111,-2.741657400288599,6782381353331258888
AC_Response,31.6227766016838,40.994373738605006,302.9961192294562,-6.557673713701631,9731388305634911064
AC_Response,5.011872336272715,41.9345213676303,296.5403011366731,-2.714181956190393,2996005905799625730
AC_Response,15.848931924611108,42.219532217947325,302.0841812978663,-4.948367613949031,6431290111938284445
AC_Response,3.1622776601683795,40.51326020590248,298.8914974420704,-1.8807576380676976,13540594563185179811
AC_Response,0.2511886431509582,40.94136333558407,299.94201571725745,-0.0237880666326722,14684909485850387430
AC_Response,1.0,38.08606385532588,297.3563844788412,-0.4084474700513812,7393066098584539282
AC_Response,0.1258925411794166,40.68035124967265,296.73843693227377,-0.0025478072037412,385409706114037048
AC_Response,0.1995262314968882,38.92442853409919,306.1252360546967,-0.0129386950759015,17394947245709734813
AC_Response,0.1,39.325337668236735,299.6111127589073,0.0,15493075907902210391
AC_Response,0.1584893192461111,35.52248114367448,306.4489109295662,-0.0072150564633529,6964906420694514637
AC_Response,12.589254117941662,37.10727035463277,300.4554170460457,-4.52252768430371,16422739178917769296
AC_Response,0.1995262314968882,41.83782044136868,301.83723728961854,-0.0134431592500929,9082082196135538154
AC_Response,1.2589254117941662,39.85562670167986,300.93280864091923,-0.6006104461061733,3323206834988836325
AC_Response,1.2589254117941662,43.40306406282464,301.888862689621,-0.54061248098959,9481571324980869556
AC_Response,0.2511886431509582,44.82712146868644,302.5978918999191,-0.0225286321942394,15638800026818411768
AC_Response,3.981071705534969,38.31893407640898,299.3638589999156,-2.2557109615001014,8619026027835737365
AC_Response,5.011872336272715,40.994373738605006,302.9961192294562,-2.695317005750724,9731388305634911064
AC_Response,31.6227766016838,38.89567254871546,292.9930878390376,-6.887304006511536,13058981581108217973
AC_Response,0.2511886431509582,41.193035529790656,301.7038514591378,-0.024224572660428,2554276162761610342
AC_Response,0.1995262314968882,38.69622270488729,301.9657628923453,-0.0130805668305729,8115719833540228731
AC_Response,2.511886431509582,40.32755095458103,299.70047987606006,-1.4502779328264386,9319956976912993182
AC_Response,19.952623149688822,44.50977871149023,303.263152322465,-5.51180003646298,15483355832083528190
AC_Response,25.11886431509582,40.32755095458103,299.70047987606006,-6.219945439148046,9319956976912993182
AC_Response,15.848931924611108,41.129719458135625,288.0815978442095,-5.259666637329307,14542734286284699756
AC_Response,2.511886431509582,40.68035124967265,296.73843693227377,-1.4964726610446464,385409706114037048
AC_Response,39.81071705534969,42.56757336192149,293.18283111534566,-6.979581357748337,1435201764501745638
AC_Response,12.589254117941662,41.48473029075561,294.1535226587993,-4.526819121148642,4007664404162655079
AC_Response,0.1,44.82712146868644,302.5978918999191,0.0,15638800026818411768
AC_Response,1.2589254117941662,42.346830624956574,300.5747457097431,-0.5822025373630518,2337157221459530110
AC_Response,15.848931924611108,39.90795077029272,306.8673078749587,-4.9295775905833255,15468058970195626653
AC_Response,3.1622776601683795,36.16652897024234,304.10393187120707,-1.9381011508604544,1769769716334894948
AC_Response,0.1258925411794166,39.66536493364173,302.3426017448898,-0.0027299763171642,11523722328579267051
AC_Response,1.584893192461111,40.80112322251315,299.2329513672896,-0.8282192560952951,1295526639106515549
AC_Response,12.589254117941662,36.73791801396338,295.61725668807514,-4.550598133586649,17008765120125666942
AC_Response,0.3162277660168379,42.56757336192149,293.18283111534566,-0.0379342164611989,1435201764501745638
AC_Response,0.3162277660168379,38.96317500489286,311.33012415162744,-0.0403368442992969,17007921468252437021
AC_Response,1.9952623149688828,41.11142736058992,291.8506686301862,-1.1129212359293632,12552086576878223737
AC_Response,0.7943282347242822,35.52248114367448,306.4489109295662,-0.2709857697493509,6964906420694514637
AC_Response,0.5011872336272715,40.87821813200619,300.974125232131,-0.1042202043250863,3939891858067812807
AC_Response,0.5011872336272715,40.55455133934368,303.4784744400111,-0.1108853744381661,6782381353331258888
AC_Response,5.011872336272715,43.40306406282464,301.888862689621,-2.638488487102145,9481571324980869556
AC_Response,0.2511886431509582,41.64371883461047,301.63426669668445,-0.024587259295131,7077229970648675251
AC_Response,0.1,39.66536493364173,302.3426017448898,0.0,11523722328579267051
AC_Response,40.0,40.75166342427999,301.0515477079729,-6.639985298047524,5730813955982425338
AC_Response,3.1622776601683795,38.69622270488729,301.9657628923453,-1.8997752744447427,8115719833540228731
AC_Response,31.6227766016838,36.322106531247385,300.55707391972635,-6.757926783153382,13894251431710084294
AC_Response,0.2511886431509582,37.334947088248434,294.43440760000914,-0.0226937712891735,15599116176485750453
AC_Response,6.309573444801943,41.129719458135625,288.0815978442095,-3.1724306696606286,14542734286284699756
AC_Response,0.3981071705534968,35.52248114367448,306.4489109295662,-0.0694253779074491,6964906420694514637
AC_Response,39.81071705534969,39.90607827400121,296.137708789732,-6.773882963204255,10133735033454427345
AC_Response,15.848931924611108,36.16652897024234,304.10393187120707,-5.104674645704774,1769769716334894948
AC_Response,31.6227766016838,37.69553984942066,294.1521471075916,-6.933297098099707,8666257842429149026
AC_Response,25.11886431509582,37.50931802222772,308.1655826328421,-6.11578455394171,11519709022772450725
AC_Response,0.1584893192461111,43.278933930679706,307.8168200832177,-0.0069564884927436,4776793572509321654
AC_Response,19.952623149688822,42.54178389838287,305.55199671356803,-5.490606195578152,3537787434630592613
AC_Response,1.584893192461111,41.95641496228942,305.9180523366615,-0.7921870071552711,4365964196300360401
AC_Response,7.943282347242822,41.64371883461047,301.63426669668445,-3.574513866985673,7077229970648675251
AC_Response,39.81071705534969,40.91913452211564,297.20307373531364,-6.635247327303722,12404554437750077034
AC_Response,15.848931924611108,39.62193192256099,289.3285700165644,-5.307448034128811,14612151002491318071
AC_Response,0.5011872336272715,41.193035529790656,301.7038514591378,-0.1071290964776185,2554276162761610342
AC_Response,12.589254117941662,39.61181207182135,297.3307652107198,-4.476984633537523,17136393541049134550
AC_Response,0.3981071705534968,40.32755095458103,299.70047987606006,-0.0610367907259376,9319956976912993182
AC_Response,1.9952623149688828,42.25069338145754,304.38892783295006,-1.152826586988513,12866849828103811731
AC_Response,0.1,38.795972505421744,297.7961123434831,0.0,15363827923754144579
AC_Response,10.0,38.8972081784186,297.8606493603604,-4.085915738697498,11533468067055250155
AC_Response,1.0,37.207464786418186,297.95471711920453,-0.3868843886918005,10318556855553405500
AC_Response,25.11886431509582,42.87746783295031,307.55593866537106,-6.145309477830745,8801835938313083490
AC_Response,0.1584893192461111,42.346830624956574,300.5747457097431,-0.0068086713378161,2337157221459530110
AC_Response,31.6227766016838,39.7132385315927,304.62183232922587,-6.461918254353792,10528525010244697505
AC_Response,19.952623149688822,41.97319841319997,303.92619603855775,-5.50715908756414,959363961973256592
AC_Response,2.511886431509582,41.193035529790656,301.7038514591378,-1.544512643578206,2554276162761610342
AC_Response,2.511886431509582,39.9154735600532,295.8292447353602,-1.5020501312316628,5412796333827448456
AC_Response,0.1995262314968882,38.37558042728467,295.9516778251947,-0.013851081914416,12182933489101405014
AC_Response,0.2511886431509582,43.13862383173334,296.64614602139693,-0.0233076762286799,17985928204657212826
AC_Response,1.584893192461111,40.32755095458103,299.70047987606006,-0.7858740459037085,9319956976912993182
AC_Response,0.7943282347242822,40.43386356777175,305.1954997344612,-0.2559392223057566,15766262156413488926
AC_Response,1.0,39.64774721352306,306.8220229508652,-0.4151712804177524,13277443787381278961
AC_Response,5.011872336272715,39.66536493364173,302.3426017448898,-2.734220011167566,11523722328579267051
AC_Response,31.6227766016838,40.58953669016749,293.2225739384997,-6.788937801149367,7807375178238359560
AC_Response,15.848931924611108,38.23677890677304,298.10055132439214,-5.162545412791838,16541905887176100137
AC_Response,7.943282347242822,36.589080383233394,294.68809277779184,-3.5653466899150423,15915415103177725736
AC_Response,0.1258925411794166,39.05845567786759,297.2376267822416,-0.0026439599963707,6308849522308401573
AC_Response,0.1,38.81204244575611,302.5323056028984,0.0,4131187287421323234
AC_Response,0.7943282347242822,37.10727035463277,300.4554170460457,-0.2673841140497034,16422739178917769296
AC_Response,19.952623149688822,38.89567254871546,292.9930878390376,-5.864903872738548,13058981581108217973
AC_Response,39.81071705534969,38.81204244575611,302.5323056028984,-6.912323155241412,4131187287421323234
AC_Response,0.1,38.08606385532588,297.3563844788412,0.0,7393066098584539282
AC_Response,0.1,40.31257836583995,298.21936914217434,0.0,12408152172928847518
AC_Response,1.2589254117941662,40.35879763032958,294.16913853899604,-0.554686909558842,6227566288360181889
AC_Response,1.9952623149688828,38.28868089781682,299.0569098093356,-1.135156993570494,3766308496770492318
AC_Response,1.584893192461111,37.50931802222772,308.1655826328421,-0.9098718306801404,11519709022772450725
AC_Response,0.1995262314968882,36.322106531247385,300.55707391972635,-0.0145656668146154,13894251431710084294
AC_Response,0.1995262314968882,40.75166342427999,301.0515477079729,-0.0131903130246695,5730813955982425338
AC_Response,0.6309573444801944,38.31893407640898,299.3638589999156,-0.155429071818843,8619026027835737365
AC_Response,10.0,40.32854625878799,294.3650499716886,-4.0592744234168885,17204210023338359435
AC_Response,3.1622776601683795,37.10727035463277,300.4554170460457,-1.953775858919756,16422739178917769296
AC_Response,0.2511886431509582,40.91913452211564,297.20307373531364,-0.0222919515035441,12404554437750077034
AC_Response,0.1584893192461111,43.167246359099664,298.50956140834,-0.0064911857838099,3765347373034185731
AC_Response,0.3981071705534968,36.36815079533651,301.4558439858307,-0.0667873257324181,6183833702133835153
AC_Response,2.511886431509582,37.50931802222772,308.1655826328421,-1.626515854968996,11519709022772450725
AC_Response,3.981071705534969,40.80112322251315,299.2329513672896,-2.312632121303364,1295526639106515549
AC_Response,0.6309573444801944,41.83782044136868,301.83723728961854,-0.1663514588760621,9082082196135538154
AC_Response,1.584893192461111,41.26661222078493,300.2753689300697,-0.8102509903157848,5907817959460322520
AC_Response,0.1584893192461111,37.83724802001972,293.41915116225954,-0.0066556405923474,7174223208182595177
AC_Response,10.0,39.36697999872778,300.425811364213,-3.959250614780541,14780227274271489565
AC_Response,0.1,39.64774721352306,306.8220229508652,0.0,13277443787381278961
AC_Response,7.943282347242822,41.27631172344517,301.59948365785385,-3.5391241195178025,14080291052260215929
AC_Response,0.1258925411794166,41.83782044136868,301.83723728961854,-0.0026468374059489,9082082196135538154
AC_Response,25.11886431509582,41.43318212059344,299.0815860986159,-6.3143297579308975,6042616877882084778
AC_Response,12.589254117941662,41.64371883461047,301.63426669668445,-4.543863936699147,7077229970648675251
AC_Response,0.5011872336272715,38.81204244575611,302.5323056028984,-0.1117382215510277,4131187287421323234
AC_Response,0.7943282347242822,41.11142736058992,291.8506686301862,-0.2442588400051235,12552086576878223737
AC_Response,0.1258925411794166,39.61181207182135,297.3307652107198,-0.0024197146189586,17136393541049134550
AC_Response,1.2589254117941662,40.52844947169319,303.263443359763,-0.5762402619742308,560255154383361061
AC_Response,19.952623149688822,39.36697999872778,300.425811364213,-5.681127972013572,14780227274271489565
AC_Response,3.1622776601683795,42.54178389838287,305.55199671356803,-1.872655466839763,3537787434630592613
AC_Response,6.309573444801943,39.58517778577758,297.0863250737395,-3.16410271487198,13884065282437346191
AC_Response,15.848931924611108,38.8972081784186,297.8606493603604,-5.18308828274794,11533468067055250155
AC_Response,6.309573444801943,37.79561575023349,300.3431374384869,-3.1500500671167053,8406104627261355859
AC_Response,40.0,39.36697999872778,300.425811364213,-6.868046872884993,14780227274271489565
AC_Response,0.1995262314968882,38.53132745549709,285.1813868750008,-0.0135128607654123,17395302027409890490
AC_Response,0.1584893192461111,41.95641496228942,305.9180523366615,-0.0063978650270928,4365964196300360401
AC_Response,0.3981071705534968,40.07870713980076,299.5411124372077,-0.064211038687441,3083009041752371786
AC_Response,3.981071705534969,39.58517778577758,297.0863250737395,-2.34842565161264,13884065282437346191
AC_Response,0.1258925411794166,38.8972081784186,297.8606493603604,-0.0027398210860522,11533468067055250155
AC_Response,10.0,44.82712146868644,302.5978918999191,-3.9293774063458953,15638800026818411768
AC_Response,0.1258925411794166,36.73791801396338,295.61725668807514,-0.00263704497247,17008765120125666942
AC_Response,1.9952623149688828,39.339075937042885,294.39428351617613,-1.137654981071474,8365660235088368164
AC_Response,6.309573444801943,40.55455133934368,303.4784744400111,-3.129056665121814,6782381353331258888
AC_Response,40.0,40.91913452211564,297.20307373531364,-6.633071126803822,12404554437750077034
AC_Response,19.952623149688822,39.047727684139495,305.18782525816323,-5.640536284029729,9536545485233975021
AC_Response,0.2511886431509582,39.24041391228537,297.93305834844136,-0.0230653719702894,3712240751709899868
AC_Response,0.7943282347242822,38.978559546027874,295.06946514256083,-0.2473983943931906,5230745145462099467
AC_Response,3.981071705534969,41.08562699346509,303.58650370690776,-2.335068688460516,631923151567513377
AC_Response,12.589254117941662,40.91913452211564,297.20307373531364,-4.466737677801395,12404554437750077034
AC_Response,19.952623149688822,39.73131063338137,294.42197627514213,-5.758245076410274,10333268118757093503
AC_Response,0.7943282347242822,41.97319841319997,303.92619603855775,-0.2444299873131858,959363961973256592
AC_Response,0.1258925411794166,39.24041391228537,297.93305834844136,-0.0025578151320809,3712240751709899868
AC_Response,7.943282347242822,38.50508417894045,294.1262317171733,-3.618462465796468,7408968043820680965
AC_Response,12.589254117941662,41.62971960161597,300.52976098251094,-4.532814155031469,869685322261252957
AC_Response,1.9952623149688828,38.89567254871546,292.9930878390376,-1.15144114306401,13058981581108217973
AC_Response,0.3162277660168379,38.92442853409919,306.1252360546967,-0.0387344002837777,17394947245709734813
AC_Response,0.1995262314968882,37.39117268896573,297.8667082132286,-0.0136246224880974,12671372268648671805
AC_Response,1.584893192461111,38.81204244575611,302.5323056028984,-0.8768835210287197,4131187287421323234
AC_Response,0.6309573444801944,38.795972505421744,297.7961123434831,-0.1677894847819319,15363827923754144579
AC_Response,12.589254117941662,40.01001805266426,305.28831051478386,-4.447974149122213,1115091621525583977
AC_Response,0.3162277660168379,40.78433779833217,301.9145433801493,-0.0388162284341842,894797089121886199
AC_Response,0.1,41.62971960161597,300.52976098251094,0.0,869685322261252957
AC_Response,0.3162277660168379,40.248277237816566,302.09732544564235,-0.0405506730518226,3482370874704362668
AC_Response,10.0,40.43386356777175,305.1954997344612,-3.956964326233576,15766262156413488926
AC_Response,25.11886431509582,37.99663516660689,298.18972265332246,-6.218969155337354,8038139640542861367
AC_Response,0.1584893192461111,39.11984591644459,301.1260229250646,-0.0071640385972289,9610535940819629000
AC_Response,12.589254117941662,43.08491203323523,298.5763734449834,-4.531788340241178,440727550293168112
AC_Response,0.6309573444801944,36.10636397779454,299.96382807834965,-0.1757011836443637,6951561072364878352
AC_Response,0.2511886431509582,40.19858533526689,297.9110382121584,-0.023442619909882,17871160977092490614
AC_Response,40.0,42.33569419095241,299.8381908200232,-6.773340984901122,8123982087682502409
AC_Response,31.6227766016838,44.82712146868644,302.5978918999191,-6.468974151625643,15638800026818411768
AC_Response,0.2511886431509582,39.73131063338137,294.42197627514213,-0.0225454885538019,10333268118757093503
AC_Response,10.0,42.04226242943757,288.6545802497056,-4.046614614158458,14598686425886924939
AC_Response,39.81071705534969,39.047727684139495,305.18782525816323,-6.774776305752161,9536545485233975021
AC_Response,5.011872336272715,39.18777263938059,307.5354074756815,-2.7287435857049696,14030010393685506498
AC_Response,6.309573444801943,39.18777263938059,307.5354074756815,-3.119686544608191,14030010393685506498
AC_Response,40.0,40.77134716523017,305.22981462209646,-6.532307634007459,9738090587319443504
AC_Response,0.1995262314968882,36.73791801396338,295.61725668807514,-0.0133938523969481,17008765120125666942
AC_Response,7.943282347242822,38.28868089781682,299.0569098093356,-3.515154016514064,3766308496770492318
AC_Response,10.0,41.484417545989686,302.7283665488111,-3.9506050851846815,4427417937030231446
AC_Response,12.589254117941662,37.83724802001972,293.41915116225954,-4.560734010088787,7174223208182595177
AC_Response,2.511886431509582,39.7132385315927,304.62183232922587,-1.513367746906318,10528525010244697505
AC_Response,10.0,38.81204244575611,302.5323056028984,-4.096618430287496,4131187287421323234
AC_Response,1.0,38.55163090195673,309.2198732722366,-0.4143874170448646,4787501490018871704
AC_Response,2.511886431509582,37.10727035463277,300.4554170460457,-1.5552948922099927,16422739178917769296
AC_Response,2.511886431509582,37.39117268896573,297.8667082132286,-1.5433511722844764,12671372268648671805
AC_Response,3.981071705534969,40.77134716523017,305.22981462209646,-2.3656682070363675,9738090587319443504
AC_Response,40.0,39.62193192256099,289.3285700165644,-7.168723801122455,14612151002491318071
AC_Response,0.3981071705534968,38.21649432972869,303.56534322943094,-0.0674050468453831,10796982964429426044
AC_Response,0.5011872336272715,39.58517778577758,297.0863250737395,-0.1055600983471731,13884065282437346191
AC_Response,0.6309573444801944,40.52844947169319,303.263443359763,-0.1648497244323428,560255154383361061
AC_Response,19.952623149688822,41.484417545989686,302.7283665488111,-5.613193479686015,4427417937030231446
AC_Response,0.1584893192461111,38.88005077046229,301.691940704981,-0.0063853437678508,5417274375214438322
AC_Response,0.3162277660168379,42.17824256593523,298.72995545788456,-0.0378617428431177,8469384274296772994
AC_Response,1.2589254117941662,40.47383155665718,295.6008889602198,-0.5667294067602322,6410035451867130339
AC_Response,3.981071705534969,39.90381821426863,300.9815905741297,-2.2551982034529576,15256650157893810940
AC_Response,0.3981071705534968,41.97319841319997,303.92619603855775,-0.0622068017069948,959363961973256592
AC_Response,0.2511886431509582,39.85562670167986,300.93280864091923,-0.0247189478775083,3323206834988836325
AC_Response,2.511886431509582,36.73791801396338,295.61725668807514,-1.520123267930095,17008765120125666942
AC_Response,0.1,40.79653471954481,301.4383600393062,0.0,4950770812450199952
AC_Response,15.848931924611108,36.43861892729903,303.676124223718,-5.137950559803361,17268235322529381975
AC_Response,5.011872336272715,40.75046782180591,305.2870639056014,-2.703039085690497,1102911703873588363
AC_Response,19.952623149688822,34.826156523967086,290.8089263982084,-5.857244654810731,15165174592579684514
AC_Response,0.3162277660168379,44.82712146868644,302.5978918999191,-0.0379942396798963,15638800026818411768
AC_Response,0.1258925411794166,41.95641496228942,305.9180523366615,-0.0024782775680262,4365964196300360401
AC_Response,0.1258925411794166,36.16652897024234,304.10393187120707,-0.0026973001084769,1769769716334894948
AC_Response,1.0,41.04225055349912,296.5414644902,-0.3977836725118717,6763556109530919502
AC_Response,5.011872336272715,40.77134716523017,305.22981462209646,-2.75709751013138,9738090587319443504
AC_Response,0.7943282347242822,43.11434944357355,296.9231984392292,-0.2479529551622737,3658234560045323703
AC_Response,1.584893192461111,39.73131063338137,294.42197627514213,-0.8018369241341485,10333268118757093503
AC_Response,0.1,43.13862383173334,296.64614602139693,0.0,17985928204657212826
AC_Response,19.952623149688822,40.58953669016749,293.2225739384997,-5.764270285827689,7807375178238359560
AC_Response,3.1622776601683795,40.77134716523017,305.22981462209646,-1.9656848246066123,9738090587319443504
AC_Response,12.589254117941662,41.26661222078493,300.2753689300697,-4.511961930278207,5907817959460322520
AC_Response,3.981071705534969,39.047727684139495,305.18782525816323,-2.357650940762425,9536545485233975021
AC_Response,25.11886431509582,41.61731424149927,306.85396396460635,-6.03336258781026,260657965530268515
AC_Response,12.589254117941662,38.53132745549709,285.1813868750008,-4.814392137565196,17395302027409890490
AC_Response,2.511886431509582,44.82712146868644,302.5978918999191,-1.4691468926411315,15638800026818411768
AC_Response,0.1584893192461111,40.55316862193092,296.6314874710408,-0.0064520382667897,12484285608964576027
AC_Response,0.3162277660168379,39.85430360518959,306.74502895459364,-0.0404260280557007,16546631726138751512
AC_Response,3.1622776601683795,40.31257836583995,298.21936914217434,-1.86835567886647,12408152172928847518
AC_Response,15.848931924611108,39.05845567786759,297.2376267822416,-5.156497386674985,6308849522308401573
AC_Response,0.1258925411794166,42.17824256593523,298.72995545788456,-0.0024890394836669,8469384274296772994
AC_Response,3.981071705534969,39.34847113068841,298.5552181462747,-2.343764539551892,9131232228778995290
AC_Response,0.5011872336272715,35.52248114367448,306.4489109295662,-0.1112030202025383,6964906420694514637
AC_Response,0.2511886431509582,38.08606385532588,297.3563844788412,-0.0249581675751395,7393066098584539282
AC_Response,0.5011872336272715,38.28868089781682,299.0569098093356,-0.103361424914723,3766308496770492318
AC_Response,3.1622776601683795,40.01001805266426,305.28831051478386,-1.8993643219813765,1115091621525583977
AC_Response,0.1584893192461111,40.75166342427999,301.0515477079729,-0.0067036492484281,5730813955982425338
AC_Response,0.2511886431509582,41.27631172344517,301.59948365785385,-0.0234043071925251,14080291052260215929
AC_Response,0.5011872336272715,40.30940301281442,306.6726054586492,-0.1061947798293812,5439972880139275643
AC_Response,0.3162277660168379,37.99663516660689,298.18972265332246,-0.038197970981458,8038139640542861367
AC_Response,3.1622776601683795,41.27631172344517,301.59948365785385,-1.9070720122118925,14080291052260215929
AC_Response,15.848931924611108,43.101977222602514,303.9832024614659,-5.011112893956362,14223461640953255652
AC_Response,1.0,41.62971960161597,300.52976098251094,-0.3945378678283063,869685322261252957
AC_Response,0.7943282347242822,39.85562670167986,300.93280864091923,-0.2669013565633739,3323206834988836325
AC_Response,0.1995262314968882,38.858183000543626,295.7855807653235,-0.0135001472697913,9262064648931476805
AC_Response,5.011872336272715,40.32755095458103,299.70047987606006,-2.6413281647081166,9319956976912993182
AC_Response,1.0,39.24041391228537,297.93305834844136,-0.3804914566925043,3712240751709899868
AC_Response,0.1,37.334947088248434,294.43440760000914,0.0,15599116176485750453
AC_Response,7.943282347242822,38.45876893881996,290.3471581734896,-3.592229745819341,7554141485682215590
AC_Response,19.952623149688822,40.91913452211564,297.20307373531364,-5.609408577603178,12404554437750077034
AC_Response,0.2511886431509582,40.31257836583995,298.21936914217434,-0.0226069530907525,12408152172928847518
AC_Response,0.1,40.01001805266426,305.28831051478386,0.0,1115091621525583977
AC_Response,1.9952623149688828,38.53132745549709,285.1813868750008,-1.1713994676651251,17395302027409890490
AC_Response,10.0,40.75166342427999,301.0515477079729,-3.973515749503744,5730813955982425338
AC_Response,1.584893192461111,39.90795077029272,306.8673078749587,-0.8347293050764018,15468058970195626653
AC_Response,3.981071705534969,40.96326376678826,298.8654192354596,-2.335016989106096,11939704803637804291
AC_Response,0.1995262314968882,39.51420947268076,305.7035776891924,-0.014483911001409,4365530570025844449
AC_Response,39.81071705534969,37.99663516660689,298.18972265332246,-6.802520619571032,8038139640542861367
AC_Response,2.511886431509582,40.30940301281442,306.6726054586492,-1.5221646929110253,5439972880139275643
AC_Response,7.943282347242822,38.81204244575611,302.5323056028984,-3.6333376103619086,4131187287421323234
AC_Response,39.81071705534969,39.34847113068841,298.5552181462747,-6.986320301575213,9131232228778995290
AC_Response,7.943282347242822,38.57048554783602,303.1708876105774,-3.576470281178583,9443669834932015687
AC_Response,0.6309573444801944,39.61181207182135,297.3307652107198,-0.1527762218955388,17136393541049134550
AC_Response,19.952623149688822,40.714467773434976,300.93677074401546,-5.660836796673698,9058477443376137994
AC_Response,0.1995262314968882,41.64371883461047,301.63426669668445,-0.0138522592053315,7077229970648675251
AC_Response,0.1584893192461111,35.793021097389925,308.86985058095934,-0.007064859722483,15076552308508060508
AC_Response,40.0,40.68035124967265,296.73843693227377,-6.855129009496265,385409706114037048
AC_Response,0.6309573444801944,40.96326376678826,298.8654192354596,-0.1661103262727976,11939704803637804291
AC_Response,0.1584893192461111,42.09307571557734,293.4443281911712,-0.0065220435122559,14925940557847983943
AC_Response,1.2589254117941662,39.21209704786501,303.00410991721293,-0.5526030660774777,4763887798637117351
AC_Response,10.0,41.93453001893169,295.92616711681853,-4.035041263047558,8171303673975013206
AC_Response,3.981071705534969,37.50931802222772,308.1655826328421,-2.4326026331806294,11519709022772450725
AC_Response,19.952623149688822,37.79561575023349,300.3431374384869,-5.698291195181863,8406104627261355859
AC_Response,0.7943282347242822,37.83724802001972,293.41915116225954,-0.2518348459094452,7174223208182595177
AC_Response,15.848931924611108,40.06029068650691,301.1540677406581,-5.034283009644904,7954056211698152112
AC_Response,7.943282347242822,40.32755095458103,299.70047987606006,-3.4664464262429644,9319956976912993182
AC_Response,0.1584893192461111,39.73131063338137,294.42197627514213,-0.0064530372731375,10333268118757093503
AC_Response,0.1,36.589080383233394,294.68809277779184,0.0,15915415103177725736
AC_Response,0.2511886431509582,37.60227540602951,298.4772867617408,-0.0236075410054832,13857080191999532053
AC_Response,6.309573444801943,39.33731057072893,297.69705044733973,-3.091626084196536,3402320749389468369
AC_Response,12.589254117941662,38.8972081784186,297.8606493603604,-4.608614511534849,11533468067055250155
AC_Response,1.9952623149688828,39.43236728729266,296.39638250989714,-1.11503857379025,4381028864758797162
AC_Response,1.584893192461111,38.42173874228168,293.06092698472065,-0.817249417758872,9170926497845462766
AC_Response,1.584893192461111,40.52844947169319,303.263443359763,-0.8274166172429109,560255154383361061
AC_Response,0.1584893192461111,42.74916053103488,290.5746947786968,-0.006480148049082,14264826949359886561
AC_Response,0.3162277660168379,39.18777263938059,307.5354074756815,-0.0413305144464174,14030010393685506498
AC_Response,19.952623149688822,39.24041391228537,297.93305834844136,-5.672941334881245,3712240751709899868
AC_Response,0.3981071705534968,37.99663516660689,298.18972265332246,-0.0625157403279999,8038139640542861367
AC_Response,40.0,40.30940301281442,306.6726054586492,-6.561710340307697,5439972880139275643
AC_Response,0.1,42.25069338145754,304.38892783295006,0.0,12866849828103811731
AC_Response,1.2589254117941662,39.047727684139495,305.18782525816323,-0.6015983604815531,9536545485233975021
AC_Response,40.0,39.90607827400121,296.137708789732,-6.772187555215775,10133735033454427345
AC_Response,3.1622776601683795,39.21209704786501,303.00410991721293,-1.856591599496333,4763887798637117351
AC_Response,0.1258925411794166,40.31257836583995,298.21936914217434,-0.0025066826236935,12408152172928847518
AC_Response,1.2589254117941662,41.97319841319997,303.92619603855775,-0.5533398232657128,959363961973256592
AC_Response,0.3162277660168379,42.54178389838287,305.55199671356803,-0.0383151860417304,3537787434630592613
AC_Response,0.1995262314968882,40.32854625878799,294.3650499716886,-0.0134139109667663,17204210023338359435
AC_Response,0.5011872336272715,34.826156523967086,290.8089263982084,-0.1055371720857245,15165174592579684514
AC_Response,0.1995262314968882,44.82712146868644,302.5978918999191,-0.0126894360205623,15638800026818411768
AC_Response,1.0,40.66002705988115,288.1838349540611,-0.3805679094802419,6643428527261381718
AC_Response,0.5011872336272715,38.57048554783602,303.1708876105774,-0.1069957814148209,9443669834932015687
AC_Response,2.511886431509582,34.84085283436253,301.39850617403,-1.590984174955685,16751146966542148650
AC_Response,0.1995262314968882,41.61971486534147,298.1037724082114,-0.0141318077832227,1131457513323140606
AC_Response,0.3162277660168379,40.47383155665718,295.6008889602198,-0.0389293188972692,6410035451867130339
AC_Response,0.5011872336272715,40.01001805266426,305.28831051478386,-0.1033000230398275,1115091621525583977
AC_Response,0.2511886431509582,38.42173874228168,293.06092698472065,-0.0230747774443272,9170926497845462766
AC_Response,0.3162277660168379,40.06029068650691,301.1540677406581,-0.0386029691018255,7954056211698152112
AC_Response,6.309573444801943,41.27682283342508,300.8565986758517,-3.094390183730502,3063462922452919031
AC_Response,0.6309573444801944,41.43318212059344,299.0815860986159,-0.169426067061669,6042616877882084778
AC_Response,3.1622776601683795,42.87746783295031,307.55593866537106,-1.9290046101895788,8801835938313083490
AC_Response,0.3981071705534968,39.325337668236735,299.6111127589073,-0.0658353420962944,15493075907902210391
AC_Response,0.1584893192461111,40.32854625878799,294.3650499716886,-0.0068174266490862,17204210023338359435
AC_Response,0.1584893192461111,42.543125490608695,301.3994726877767,-0.0065510380255799,8259856114936990545
AC_Response,0.6309573444801944,37.50931802222772,308.1655826328421,-0.1850222138998222,11519709022772450725
AC_Response,15.848931924611108,41.28793476116813,303.0641722996054,-5.061656064183147,16945873912842908627
AC_Response,0.3981071705534968,38.45876893881996,290.3471581734896,-0.0624426966913029,7554141485682215590
AC_Response,6.309573444801943,40.96326376678826,298.8654192354596,-3.138611325625751,11939704803637804291
AC_Response,12.589254117941662,40.43386356777175,305.1954997344612,-4.4624484162426805,15766262156413488926
AC_Response,1.2589254117941662,38.69622270488729,301.9657628923453,-0.5689525002115632,8115719833540228731
AC_Response,31.6227766016838,40.648465379108416,299.4728047413536,-6.652186054379092,5403082750804857040
AC_Response,12.589254117941662,40.96326376678826,298.8654192354596,-4.537983984029395,11939704803637804291
AC_Response,10.0,42.87746783295031,307.55593866537106,-3.9844240689980968,8801835938313083490
AC_Response,0.7943282347242822,37.207464786418186,297.95471711920453,-0.2541790456674589,10318556855553405500
AC_Response,5.011872336272715,39.0211226249472,305.0510216058231,-2.717358575864973,14932880946049592786
AC_Response,3.1622776601683795,38.858183000543626,295.7855807653235,-1.9450326120092984,9262064648931476805
AC_Response,0.6309573444801944,38.21649432972869,303.56534322943094,-0.1702186331257857,10796982964429426044
AC_Response,6.309573444801943,40.51326020590248,298.8914974420704,-3.0857154416209127,13540594563185179811
AC_Response,39.81071705534969,38.88005077046229,301.691940704981,-6.64836332120098,5417274375214438322
AC_Response,1.9952623149688828,41.27682283342508,300.8565986758517,-1.1216359101399351,3063462922452919031
AC_Response,0.3162277660168379,41.27631172344517,301.59948365785385,-0.0394655773293004,14080291052260215929
AC_Response,1.0,41.83782044136868,301.83723728961854,-0.3920347700780423,9082082196135538154
AC_Response,0.5011872336272715,40.75166342427999,301.0515477079729,-0.1036077980809427,5730813955982425338
AC_Response,19.952623149688822,40.94136333558407,299.94201571725745,-5.621898844523918,14684909485850387430
AC_Response,7.943282347242822,40.87821813200619,300.974125232131,-3.523273647601658,3939891858067812807
AC_Response,0.7943282347242822,40.77134716523017,305.22981462209646,-0.2707586127648586,9738090587319443504
AC_Response,1.2589254117941662,38.42173874228168,293.06092698472065,-0.5670616668439035,9170926497845462766
AC_Response,12.589254117941662,41.27682283342508,300.8565986758517,-4.509029643954509,3063462922452919031
AC_Response,0.5011872336272715,41.64371883461047,301.63426669668445,-0.1086731375671005,7077229970648675251
AC_Response,1.584893192461111,39.66536493364173,302.3426017448898,-0.8539913589105614,11523722328579267051
AC_Response,0.1,40.87821813200619,300.974125232131,0.0,3939891858067812807
AC_Response,1.9952623149688828,35.52248114367448,306.4489109295662,-1.18932725731128,6964906420694514637
AC_Response,10.0,38.45876893881996,290.3471581734896,-4.091189660587345,7554141485682215590
AC_Response,1.9952623149688828,41.193035529790656,301.7038514591378,-1.1700973950503957,2554276162761610342
AC_Response,1.9952623149688828,41.61971486534147,298.1037724082114,-1.1989614943845326,1131457513323140606
AC_Response,39.81071705534969,40.07870713980076,299.5411124372077,-6.732563526691669,3083009041752371786
AC_Response,19.952623149688822,40.65637295368661,296.23853018587084,-5.778791476444955,16406327631433526260
AC_Response,10.0,38.55163090195673,309.2198732722366,-4.023504751569311,4787501490018871704
AC_Response,3.981071705534969,37.207464786418186,297.95471711920453,-2.325029827798872,10318556855553405500
AC_Response,3.981071705534969,43.11434944357355,296.9231984392292,-2.2926217429326687,3658234560045323703
AC_Response,0.6309573444801944,41.95641496228942,305.9180523366615,-0.1562046492692952,4365964196300360401
AC_Response,0.6309573444801944,43.40306406282464,301.888862689621,-0.15310686350997,9481571324980869556
AC_Response,0.6309573444801944,41.484417545989686,302.7283665488111,-0.1586054564944122,4427417937030231446
AC_Response,7.943282347242822,41.61971486534147,298.1037724082114,-3.621305121752583,1131457513323140606
AC_Response,0.1,40.47383155665718,295.6008889602198,0.0,6410035451867130339
AC_Response,39.81071705534969,38.45876893881996,290.3471581734896,-7.304127574668525,7554141485682215590
AC_Response,0.3981071705534968,38.57283152042447,302.4090006102026,-0.0693096163024394,1015852638890412653
AC_Response,40.0,38.81204244575611,302.5323056028984,-6.911163795023088,4131187287421323234
AC_Response,25.11886431509582,38.978559546027874,295.06946514256083,-6.426765801968779,5230745145462099467
AC_Response,19.952623149688822,40.52844947169319,303.263443359763,-5.582377199846608,560255154383361061
AC_Response,31.6227766016838,39.325337668236735,299.6111127589073,-6.7553289860125645,15493075907902210391
AC_Response,2.511886431509582,40.77134716523017,305.22981462209646,-1.5672776210269674,9738090587319443504
AC_Response,25.11886431509582,39.33731057072893,297.69705044733973,-6.3423936048056735,3402320749389468369
AC_Response,0.3162277660168379,41.11142736058992,291.8506686301862,-0.0379058695385311,12552086576878223737
AC_Response,1.9952623149688828,38.33334239027114,293.10089722857373,-1.183498345996439,7035166681821702163
AC_Response,0.1,42.56757336192149,293.18283111534566,0.0,1435201764501745638
AC_Response,2.511886431509582,38.57283152042447,302.4090006102026,-1.576707780455299,1015852638890412653
AC_Response,10.0,36.73791801396338,295.61725668807514,-4.022217444229375,17008765120125666942
AC_Response,7.943282347242822,35.52248114367448,306.4489109295662,-3.5284875851121185,6964906420694514637
AC_Response,19.952623149688822,37.12870103512795,297.3410066095633,-5.770255066772146,5086348268569391686
AC_Response,2.511886431509582,38.81204244575611,302.5323056028984,-1.5867257472806915,4131187287421323234
AC_Response,0.7943282347242822,36.589080383233394,294.68809277779184,-0.2544025563432625,15915415103177725736
AC_Response,0.3981071705534968,38.899871401178025,300.40158819211445,-0.062512305304621,6672923565090819279
AC_Response,2.511886431509582,39.33731057072893,297.69705044733973,-1.487580376934846,3402320749389468369
AC_Response,0.7943282347242822,42.04226242943757,288.6545802497056,-0.2437719047527769,14598686425886924939
AC_Response,15.848931924611108,36.36815079533651,301.4558439858307,-5.088144618438617,6183833702133835153
AC_Response,0.7943282347242822,36.10636397779454,299.96382807834965,-0.2722413683911411,6951561072364878352
AC_Response,5.011872336272715,40.714467773434976,300.93677074401546,-2.700513060166915,9058477443376137994
AC_Response,12.589254117941662,38.08606385532588,297.3563844788412,-4.575756754827067,7393066098584539282
AC_Response,15.848931924611108,34.826156523967086,290.8089263982084,-5.241115678075,15165174592579684514
AC_Response,6.309573444801943,39.11984591644459,301.1260229250646,-3.175002932191908,9610535940819629000
AC_Response,15.848931924611108,40.19858533526689,297.9110382121584,-5.09210346682771,17871160977092490614
AC_Response,0.2511886431509582,39.7132385315927,304.62183232922587,-0.0237412748510697,10528525010244697505
AC_Response,0.3162277660168379,40.75046782180591,305.2870639056014,-0.0398517971892556,1102911703873588363
AC_Response,25.11886431509582,38.57283152042447,302.4090006102026,-6.286220056633969,1015852638890412653
AC_Response,1.0,39.9154735600532,295.8292447353602,-0.3812032219308684,5412796333827448456
AC_Response,0.2511886431509582,41.93453001893169,295.92616711681853,-0.0235125387903603,8171303673975013206
AC_Response,0.1995262314968882,36.43861892729903,303.676124223718,-0.014358103275998,17268235322529381975
AC_Response,2.511886431509582,39.325337668236735,299.6111127589073,-1.5196981277633177,15493075907902210391
AC_Response,25.11886431509582,36.73791801396338,295.61725668807514,-6.376322916963582,17008765120125666942
AC_Response,0.3981071705534968,40.51326020590248,298.8914974420704,-0.0631989058701316,13540594563185179811
AC_Response,0.1584893192461111,40.68035124967265,296.73843693227377,-0.0065773199894094,385409706114037048
AC_Response,2.511886431509582,40.06029068650691,301.1540677406581,-1.4905576392708328,7954056211698152112
AC_Response,0.3162277660168379,38.53132745549709,285.1813868750008,-0.0404524268538199,17395302027409890490
AC_Response,19.952623149688822,38.795972505421744,297.7961123434831,-5.866995740978568,15363827923754144579
AC_Response,1.2589254117941662,39.36697999872778,300.425811364213,-0.5556944821274666,14780227274271489565
AC_Response,0.3981071705534968,40.35879763032958,294.16913853899604,-0.0622608663373485,6227566288360181889
AC_Response,1.2589254117941662,41.61731424149927,306.85396396460635,-0.5764618022608213,260657965530268515
AC_Response,15.848931924611108,40.32755095458103,299.70047987606006,-5.030546062525515,9319956976912993182
AC_Response,40.0,43.40306406282464,301.888862689621,-6.429467772098074,9481571324980869556
AC_Response,0.3981071705534968,38.88005077046229,301.691940704981,-0.0615949851493462,5417274375214438322
AC_Response,1.2589254117941662,39.7132385315927,304.62183232922587,-0.5785412248023007,10528525010244697505
AC_Response,0.1258925411794166,41.28793476116813,303.0641722996054,-0.002581292357682,16945873912842908627
AC_Response,0.1258925411794166,39.325337668236735,299.6111127589073,-0.002647308853778,15493075907902210391
AC_Response,19.952623149688822,43.13862383173334,296.64614602139693,-5.727361630439036,17985928204657212826
AC_Response,19.952623149688822,44.82712146868644,302.5978918999191,-5.566735239068889,15638800026818411768
AC_Response,1.584893192461111,39.58517778577758,297.0863250737395,-0.8384728562895536,13884065282437346191
AC_Response,0.1584893192461111,39.24041391228537,297.93305834844136,-0.0066030202791903,3712240751709899868
AC_Response,3.981071705534969,40.648465379108416,299.4728047413536,-2.35176827779446,5403082750804857040
AC_Response,0.3981071705534968,37.10727035463277,300.4554170460457,-0.0683805131743556,16422739178917769296
AC_Response,40.0,39.33447860201831,299.4635962010897,-6.897605270198075,15208010537286723207
AC_Response,1.584893192461111,39.94029005251662,299.6218359156308,-0.791595095408688,1062234375139852529
AC_Response,1.2589254117941662,38.795972505421744,297.7961123434831,-0.5875590637768353,15363827923754144579
AC_Response,0.7943282347242822,39.51420947268076,305.7035776891924,-0.276454936322534,4365530570025844449
AC_Response,25.11886431509582,40.77134716523017,305.22981462209646,-6.093310547480107,9738090587319443504
AC_Response,0.1995262314968882,41.97319841319997,303.92619603855775,-0.012694789485018,959363961973256592
AC_Response,10.0,44.50977871149023,303.263152322465,-3.910161246517727,15483355832083528190
AC_Response,1.0,39.62193192256099,289.3285700165644,-0.3957745558299577,14612151002491318071
AC_Response,0.1,40.55316862193092,296.6314874710408,0.0,12484285608964576027
AC_Response,0.1258925411794166,38.92442853409919,306.1252360546967,-0.0025472005814112,17394947245709734813
AC_Response,0.3162277660168379,38.37558042728467,295.9516778251947,-0.0414513355936337,12182933489101405014
AC_Response,0.1995262314968882,40.51326020590248,298.8914974420704,-0.0128982801863056,13540594563185179811
AC_Response,0.1258925411794166,43.101977222602514,303.9832024614659,-0.0026345918142347,14223461640953255652
AC_Response,0.3981071705534968,40.47383155665718,295.6008889602198,-0.0637146857269307,6410035451867130339
AC_Response,0.2511886431509582,38.8972081784186,297.8606493603604,-0.0246989183395804,11533468067055250155
AC_Response,40.0,40.714467773434976,300.93677074401546,-6.730949954029645,9058477443376137994
AC_Response,1.584893192461111,39.85430360518959,306.74502895459364,-0.8388467152067198,16546631726138751512
AC_Response,19.952623149688822,37.39117268896573,297.8667082132286,-5.632625303759459,12671372268648671805
AC_Response,0.1584893192461111,39.90381821426863,300.9815905741297,-0.0063622689002565,15256650157893810940
AC_Response,1.584893192461111,40.31160828282909,292.8565689112594,-0.8468701170411254,13220990961221007809
AC_Response,0.5011872336272715,42.09307571557734,293.4443281911712,-0.1009176695046528,14925940557847983943
AC_Response,0.1258925411794166,39.56928699408093,298.75903253628616,-0.0027257497634523,17177253068705741675
AC_Response,0.3981071705534968,38.422268984819695,304.0303353891022,-0.0675349232038469,10399213306103495125
AC_Response,0.2511886431509582,40.66002705988115,288.1838349540611,-0.0230038459950931,6643428527261381718
AC_Response,3.981071705534969,43.101977222602514,303.9832024614659,-2.31582549166948,14223461640953255652
AC_Response,6.309573444801943,43.06550150160359,292.35304316269765,-3.1868944886925537,2038187770712329087
AC_Response,1.9952623149688828,39.90381821426863,300.9815905741297,-1.0980362885498134,15256650157893810940
AC_Response,0.1,40.68035124967265,296.73843693227377,0.0,385409706114037048
AC_Response,3.1622776601683795,39.43236728729266,296.39638250989714,-1.8720285033008204,4381028864758797162
AC_Response,0.2511886431509582,41.27682283342508,300.8565986758517,-0.0228872141075736,3063462922452919031
AC_Response,31.6227766016838,42.543125490608695,301.3994726877767,-6.51826149227201,8259856114936990545
AC_Response,2.511886431509582,41.29986197643443,296.3385514465405,-1.5139593362377943,4988707599086321867
AC_Response,0.3162277660168379,41.193035529790656,301.7038514591378,-0.0408437445508646,2554276162761610342
AC_Response,0.7943282347242822,40.55316862193092,296.6314874710408,-0.2445124387299581,12484285608964576027
AC_Response,0.6309573444801944,36.16652897024234,304.10393187120707,-0.1694083472398716,1769769716334894948
AC_Response,0.6309573444801944,43.11434944357355,296.9231984392292,-0.1596991966201697,3658234560045323703
AC_Response,6.309573444801943,42.543125490608695,301.3994726877767,-3.09547867005299,8259856114936990545
AC_Response,0.7943282347242822,38.57048554783602,303.1708876105774,-0.2615546817125291,9443669834932015687
AC_Response,0.7943282347242822,38.422268984819695,304.0303353891022,-0.2643987720414205,10399213306103495125
AC_Response,0.3981071705534968,39.64774721352306,306.8220229508652,-0.0701617247357988,13277443787381278961
AC_Response,1.584893192461111,39.33447860201831,299.4635962010897,-0.823401637051441,15208010537286723207
AC_Response,5.011872336272715,38.795972505421744,297.7961123434831,-2.773967058240008,15363827923754144579
AC_Response,0.1258925411794166,41.48473029075561,294.1535226587993,-0.0023766661691578,4007664404162655079
AC_Response,10.0,40.31257836583995,298.21936914217434,-3.9702398804234127,12408152172928847518
AC_Response,0.6309573444801944,39.56928699408093,298.75903253628616,-0.1712375352507669,17177253068705741675
AC_Response,0.2511886431509582,40.32755095458103,299.70047987606006,-0.0221078051072016,9319956976912993182
AC_Response,0.3162277660168379,39.58517778577758,297.0863250737395,-0.0402316609134464,13884065282437346191
AC_Response,0.3981071705534968,39.339075937042885,294.39428351617613,-0.064363919443695,8365660235088368164
AC_Response,0.3162277660168379,41.08562699346509,303.58650370690776,-0.0406623626629529,631923151567513377
AC_Response,25.11886431509582,39.90381821426863,300.9815905741297,-6.070895779092479,15256650157893810940
AC_Response,2.511886431509582,40.648465379108416,299.4728047413536,-1.5459660345247042,5403082750804857040
AC_Response,0.1,38.89567254871546,292.9930878390376,0.0,13058981581108217973
AC_Response,5.011872336272715,40.55316862193092,296.6314874710408,-2.6587354814072413,12484285608964576027
AC_Response,0.3981071705534968,41.93453001893169,295.92616711681853,-0.0648835150696335,8171303673975013206
AC_Response,3.981071705534969,38.57048554783602,303.1708876105774,-2.3521036047371133,9443669834932015687
AC_Response,0.2511886431509582,39.325337668236735,299.6111127589073,-0.0238668351771252,15493075907902210391
AC_Response,31.6227766016838,40.51326020590248,298.8914974420704,-6.665697051182216,13540594563185179811
AC_Response,0.3981071705534968,39.51420947268076,305.7035776891924,-0.0708400825114841,4365530570025844449
AC_Response,0.1258925411794166,41.484417545989686,302.7283665488111,-0.0025169506636123,4427417937030231446
AC_Response,1.9952623149688828,38.57283152042447,302.4090006102026,-1.1988920384954207,1015852638890412653
AC_Response,12.589254117941662,38.33334239027114,293.10089722857373,-4.636717520593324,7035166681821702163
AC_Response,25.11886431509582,38.45876893881996,290.3471581734896,-6.627885702016628,7554141485682215590
AC_Response,3.1622776601683795,41.62971960161597,300.52976098251094,-1.9304821050310947,869685322261252957
AC_Response,6.309573444801943,41.27631172344517,301.59948365785385,-3.1163000280206035,14080291052260215929
AC_Response,0.6309573444801944,36.322106531247385,300.55707391972635,-0.1798018010260127,13894251431710084294
AC_Response,7.943282347242822,42.09307571557734,293.4443281911712,-3.559706483842823,14925940557847983943
AC_Response,0.7943282347242822,42.346830624956574,300.5747457097431,-0.2576123893589871,2337157221459530110
AC_Response,0.6309573444801944,39.05845567786759,297.2376267822416,-0.1662847767403417,6308849522308401573
AC_Response,0.2511886431509582,39.05845567786759,297.2376267822416,-0.0238386571720288,6308849522308401573
AC_Response,0.5011872336272715,40.994373738605006,302.9961192294562,-0.1028353583559791,9731388305634911064
AC_Response,0.7943282347242822,38.69622270488729,301.9657628923453,-0.2516241652408953,8115719833540228731
AC_Response,0.2511886431509582,38.795972505421744,297.7961123434831,-0.0240490529121183,15363827923754144579
AC_Response,31.6227766016838,40.07870713980076,299.5411124372077,-6.638979175508429,3083009041752371786
AC_Response,7.943282347242822,40.06029068650691,301.1540677406581,-3.517906243308275,7954056211698152112
AC_Response,0.2511886431509582,39.0211226249472,305.0510216058231,-0.0238265224190702,14932880946049592786
AC_Response,0.2511886431509582,40.07870713980076,299.5411124372077,-0.0232658477286264,3083009041752371786
AC_Response,1.9952623149688828,40.66002705988115,288.1838349540611,-1.1331777210619332,6643428527261381718
AC_Response,39.81071705534969,39.85562670167986,300.93280864091923,-6.692783904510653,3323206834988836325
AC_Response,40.0,40.66002705988115,288.1838349540611,-7.131725595709913,6643428527261381718
AC_Response,7.943282347242822,41.29986197643443,296.3385514465405,-3.568522347573583,4988707599086321867
AC_Response,0.6309573444801944,44.82712146868644,302.5978918999191,-0.1574386155002647,15638800026818411768
AC_Response,3.981071705534969,41.64371883461047,301.63426669668445,-2.3593787752176896,7077229970648675251
AC_Response,0.3981071705534968,41.61971486534147,298.1037724082114,-0.0691636136189856,1131457513323140606
AC_Response,7.943282347242822,39.51420947268076,305.7035776891924,-3.577550219930072,4365530570025844449
AC_Response,10.0,41.95641496228942,305.9180523366615,-3.891566622787321,4365964196300360401
AC_Response,0.5011872336272715,38.33334239027114,293.10089722857373,-0.1085769663965318,7035166681821702163
AC_Response,3.981071705534969,39.0211226249472,305.0510216058231,-2.320251147785873,14932880946049592786
AC_Response,0.5011872336272715,38.53132745549709,285.1813868750008,-0.1061669689962251,17395302027409890490
AC_Response,15.848931924611108,39.85430360518959,306.74502895459364,-4.960525163123389,16546631726138751512
AC_Response,1.0,38.92442853409919,306.1252360546967,-0.3789326131884485,17394947245709734813
AC_Response,39.81071705534969,41.61731424149927,306.85396396460635,-6.5097272769577135,260657965530268515
AC_Response,1.9952623149688828,39.7132385315927,304.62183232922587,-1.1465478891718346,10528525010244697505
AC_Response,15.848931924611108,38.69622270488729,301.9657628923453,-5.097711501167327,8115719833540228731
AC_Response,1.0,38.53132745549709,285.1813868750008,-0.3956638595286219,17395302027409890490
AC_Response,0.1258925411794166,36.10636397779454,299.96382807834965,-0.0027986527433797,6951561072364878352
AC_Response,3.1622776601683795,39.33731057072893,297.69705044733973,-1.8832777957507327,3402320749389468369
AC_Response,6.309573444801943,40.994373738605006,302.9961192294562,-3.092657862498535,9731388305634911064
AC_Response,7.943282347242822,39.05845567786759,297.2376267822416,-3.5701833268181336,6308849522308401573
AC_Response,5.011872336272715,38.55163090195673,309.2198732722366,-2.775690599440695,4787501490018871704
AC_Response,0.1995262314968882,41.29986197643443,296.3385514465405,-0.0132038038639549,4988707599086321867
AC_Response,0.1258925411794166,40.47383155665718,295.6008889602198,-0.0025597032316949,6410035451867130339
AC_Response,0.6309573444801944,40.30940301281442,306.6726054586492,-0.1673906880577884,5439972880139275643
AC_Response,0.2511886431509582,38.57283152042447,302.4090006102026,-0.0251378886844515,1015852638890412653
AC_Response,1.584893192461111,43.06550150160359,292.35304316269765,-0.8394243676196562,2038187770712329087
AC_Response,1.9952623149688828,41.43318212059344,299.0815860986159,-1.1753370951473654,6042616877882084778
AC_Response,0.3162277660168379,39.64774721352306,306.8220229508652,-0.0429067371893507,13277443787381278961
AC_Response,0.1584893192461111,40.78433779833217,301.9145433801493,-0.0065896313365498,894797089121886199
AC_Response,12.589254117941662,37.50931802222772,308.1655826328421,-4.5347902423503,11519709022772450725
AC_Response,0.1,40.65637295368661,296.23853018587084,0.0,16406327631433526260
AC_Response,0.2511886431509582,40.78433779833217,301.9145433801493,-0.023018464620682,894797089121886199
AC_Response,3.1622776601683795,38.96317500489286,311.33012415162744,-1.912846023990503,17007921468252437021
AC_Response,1.2589254117941662,38.31893407640898,299.3638589999156,-0.5476990989933075,8619026027835737365
AC_Response,2.511886431509582,42.09307571557734,293.4443281911712,-1.4919184165199242,14925940557847983943
AC_Response,1.0,43.40306406282464,301.888862689621,-0.3629434781773426,9481571324980869556
AC_Response,0.1995262314968882,40.47383155665718,295.6008889602198,-0.0130026628238058,6410035451867130339
AC_Response,40.0,37.39117268896573,297.8667082132286,-6.670848434024604,12671372268648671805
AC_Response,0.2511886431509582,40.35879763032958,294.16913853899604,-0.0225543595339575,6227566288360181889
AC_Response,0.1995262314968882,41.9345213676303,296.5403011366731,-0.0130582432590447,2996005905799625730
AC_Response,2.511886431509582,40.01001805266426,305.28831051478386,-1.5029777362750096,1115091621525583977
AC_Response,0.1,38.978559546027874,295.06946514256083,0.0,5230745145462099467
AC_Response,25.11886431509582,42.543125490608695,301.3994726877767,-6.134531441672467,8259856114936990545
AC_Response,15.848931924611108,38.50508417894045,294.1262317171733,-5.277577568100062,7408968043820680965
AC_Response,0.1995262314968882,43.11434944357355,296.9231984392292,-0.0128741885255316,3658234560045323703
AC_Response,0.7943282347242822,41.484417545989686,302.7283665488111,-0.2462579673981324,4427417937030231446
AC_Response,0.1584893192461111,40.43386356777175,305.1954997344612,-0.0067791476123452,15766262156413488926
AC_Response,2.511886431509582,39.90607827400121,296.137708789732,-1.5733657357253734,10133735033454427345
AC_Response,19.952623149688822,43.167246359099664,298.50956140834,-5.653018084172357,3765347373034185731
AC_Response,31.6227766016838,41.64371883461047,301.63426669668445,-6.651826366963264,7077229970648675251
AC_Response,6.309573444801943,40.30940301281442,306.6726054586492,-3.09568877586214,5439972880139275643
AC_Response,10.0,39.58517778577758,297.0863250737395,-4.070257828739848,13884065282437346191
AC_Response,0.1258925411794166,41.29986197643443,296.3385514465405,-0.002599425375993,4988707599086321867
AC_Response,3.1622776601683795,40.96326376678826,298.8654192354596,-1.9280207202831248,11939704803637804291
AC_Response,0.3162277660168379,40.43386356777175,305.1954997344612,-0.039919090450719,15766262156413488926
AC_Response,3.981071705534969,42.13424050837239,300.34884642744885,-2.270006241192492,7248124264218123782
AC_Response,0.2511886431509582,40.32854625878799,294.3650499716886,-0.0238117758473816,17204210023338359435
AC_Response,0.1584893192461111,38.42173874228168,293.06092698472065,-0.0066051236248193,9170926497845462766
AC_Response,0.7943282347242822,41.04225055349912,296.5414644902,-0.2615394665296088,6763556109530919502
AC_Response,12.589254117941662,40.19858533526689,297.9110382121584,-4.516372348165765,17871160977092490614
AC_Response,12.589254117941662,40.32854625878799,294.3650499716886,-4.598361887073677,17204210023338359435
AC_Response,25.11886431509582,39.94029005251662,299.6218359156308,-6.116889306032039,1062234375139852529
AC_Response,2.511886431509582,41.27682283342508,300.8565986758517,-1.4872811554691714,3063462922452919031
AC_Response,15.848931924611108,40.94136333558407,299.94201571725745,-5.04790997989385,14684909485850387430
AC_Response,25.11886431509582,43.167246359099664,298.50956140834,-6.221695499149508,3765347373034185731
AC_Response,1.584893192461111,39.33731057072893,297.69705044733973,-0.8105758649492384,3402320749389468369
AC_Response,1.584893192461111,39.62193192256099,289.3285700165644,-0.8446748110984779,14612151002491318071
AC_Response,10.0,37.60227540602951,298.4772867617408,-4.000609657961517,13857080191999532053
AC_Response,0.1584893192461111,40.994373738605006,302.9961192294562,-0.0066527392170136,9731388305634911064
AC_Response,31.6227766016838,40.47383155665718,295.6008889602198,-6.839709177723593,6410035451867130339
AC_Response,0.1,34.84085283436253,301.39850617403,0.0,16751146966542148650
AC_Response,0.7943282347242822,39.36697999872778,300.425811364213,-0.2454220714134411,14780227274271489565
AC_Response,0.7943282347242822,34.826156523967086,290.8089263982084,-0.258408753925765,15165174592579684514
AC_Response,3.981071705534969,38.422268984819695,304.0303353891022,-2.3542629945917355,10399213306103495125
AC_Response,1.0,41.43318212059344,299.0815860986159,-0.3995199183237797,6042616877882084778
AC_Response,10.0,43.40306406282464,301.888862689621,-3.905104516399142,9481571324980869556
AC_Response,19.952623149688822,42.346830624956574,300.5747457097431,-5.710018482669171,2337157221459530110
AC_Response,10.0,42.543125490608695,301.3994726877767,-3.968217417014817,8259856114936990545
AC_Response,6.309573444801943,38.23677890677304,298.10055132439214,-3.1783936224579006,16541905887176100137
AC_Response,1.9952623149688828,34.84085283436253,301.39850617403,-1.2111832398242637,16751146966542148650
AC_Response,3.1622776601683795,39.05845567786759,297.2376267822416,-1.9275606089450887,6308849522308401573
AC_Response,5.011872336272715,41.93453001893169,295.92616711681853,-2.731466866710832,8171303673975013206
AC_Response,5.011872336272715,40.07870713980076,299.5411124372077,-2.719799132446949,3083009041752371786
AC_Response,39.81071705534969,39.21209704786501,303.00410991721293,-6.65690263359283,4763887798637117351
AC_Response,3.1622776601683795,38.89567254871546,292.9930878390376,-1.9318207588554712,13058981581108217973
AC_Response,0.5011872336272715,43.13862383173334,296.64614602139693,-0.1031507483508002,17985928204657212826
AC_Response,1.584893192461111,40.75046782180591,305.2870639056014,-0.8287425214652033,1102911703873588363
AC_Response,1.9952623149688828,41.9345213676303,296.5403011366731,-1.1343178629311232,2996005905799625730
AC_Response,0.3981071705534968,39.61181207182135,297.3307652107198,-0.0602813721612426,17136393541049134550
AC_Response,0.1258925411794166,37.69553984942066,294.1521471075916,-0.0028390439532579,8666257842429149026
AC_Response,0.1,39.21856251436128,307.7679942040925,0.0,2454564730666304252
AC_Response,0.1,39.56928699408093,298.75903253628616,0.0,17177253068705741675
AC_Response,1.2589254117941662,37.12870103512795,297.3410066095633,-0.6136362914745642,5086348268569391686
AC_Response,31.6227766016838,39.05845567786759,297.2376267822416,-6.840945643134631,6308849522308401573
AC_Response,1.2589254117941662,40.19858533526689,297.9110382121584,-0.5732496220002052,17871160977092490614
AC_Response,15.848931924611108,41.79339850063371,299.641349014439,-4.959194313006924,9066091246669766023
AC_Response,40.0,40.87821813200619,300.974125232131,-6.489739490517115,3939891858067812807
AC_Response,0.6309573444801944,40.31160828282909,292.8565689112594,-0.1686525247283771,13220990961221007809
AC_Response,0.6309573444801944,39.7132385315927,304.62183232922587,-0.1655332392978795,10528525010244697505
AC_Response,10.0,37.39117268896573,297.8667082132286,-4.020386116142012,12671372268648671805
AC_Response,0.3981071705534968,42.543125490608695,301.3994726877767,-0.0631707407119539,8259856114936990545
AC_Response,15.848931924611108,39.85562670167986,300.93280864091923,-5.096015153951212,3323206834988836325
AC_Response,7.943282347242822,38.42173874228168,293.06092698472065,-3.5812530855262485,9170926497845462766
AC_Response,12.589254117941662,38.422268984819695,304.0303353891022,-4.520546269968429,10399213306103495125
AC_Response,0.2511886431509582,38.88005077046229,301.691940704981,-0.0223091429278907,5417274375214438322
AC_Response,15.848931924611108,41.193035529790656,301.7038514591378,-5.097955031487756,2554276162761610342
AC_Response,0.3981071705534968,38.858183000543626,295.7855807653235,-0.0661233932494778,9262064648931476805
AC_Response,15.848931924611108,41.29986197643443,296.3385514465405,-5.178443180365743,4988707599086321867
AC_Response,0.1258925411794166,40.75166342427999,301.0515477079729,-0.0025968306465005,5730813955982425338
AC_Response,0.3981071705534968,43.278933930679706,307.8168200832177,-0.0670043823205192,4776793572509321654
AC_Response,7.943282347242822,36.36815079533651,301.4558439858307,-3.566063403119635,6183833702133835153
AC_Response,0.7943282347242822,40.66002705988115,288.1838349540611,-0.2497304336255784,6643428527261381718
AC_Response,0.2511886431509582,41.28793476116813,303.0641722996054,-0.0232759384764691,16945873912842908627
AC_Response,0.3981071705534968,37.69553984942066,294.1521471075916,-0.0705422775819363,8666257842429149026
AC_Response,3.981071705534969,41.97319841319997,303.92619603855775,-2.252348447887898,959363961973256592
AC_Response,10.0,41.43318212059344,299.0815860986159,-4.069600831621092,6042616877882084778
AC_Response,3.1622776601683795,38.57283152042447,302.4090006102026,-1.980756015721136,1015852638890412653
AC_Response,0.1584893192461111,38.08606385532588,297.3563844788412,-0.0071475586902388,7393066098584539282
AC_Response,19.952623149688822,38.50508417894045,294.1262317171733,-5.944382161753362,7408968043820680965
AC_Response,2.511886431509582,42.54178389838287,305.55199671356803,-1.4782493455382846,3537787434630592613
AC_Response,3.1622776601683795,41.43318212059344,299.0815860986159,-1.958470108957728,6042616877882084778
AC_Response,40.0,43.167246359099664,298.50956140834,-6.703798194356922,3765347373034185731
AC_Response,0.7943282347242822,39.05845567786759,297.2376267822416,-0.2579028653391869,6308849522308401573
AC_Response,19.952623149688822,39.21856251436128,307.7679942040925,-5.52055281214421,2454564730666304252
AC_Response,0.2511886431509582,41.484417545989686,302.7283665488111,-0.0226992652912964,4427417937030231446
AC_Response,0.1258925411794166,37.12870103512795,297.3410066095633,-0.0028182143270858,5086348268569391686
AC_Response,0.1,38.42173874228168,293.06092698472065,0.0,9170926497845462766
AC_Response,0.2511886431509582,37.10727035463277,300.4554170460457,-0.024800915841706,16422739178917769296
AC_Response,0.2511886431509582,42.74916053103488,290.5746947786968,-0.0226401452028542,14264826949359886561
AC_Response,1.9952623149688828,43.40306406282464,301.888862689621,-1.086012056761557,9481571324980869556
AC_Response,0.3981071705534968,41.08562699346509,303.58650370690776,-0.0665252692466854,631923151567513377
AC_Response,1.9952623149688828,39.33447860201831,299.4635962010897,-1.1382954093198006,15208010537286723207
AC_Response,0.5011872336272715,40.55316862193092,296.6314874710408,-0.0997966474239753,12484285608964576027
AC_Response,12.589254117941662,40.77134716523017,305.22981462209646,-4.485260176529288,9738090587319443504
AC_Response,19.952623149688822,42.04226242943757,288.6545802497056,-5.863907551565207,14598686425886924939
AC_Response,1.9952623149688828,41.93453001893169,295.92616711681853,-1.1460925774367745,8171303673975013206
AC_Response,5.011872336272715,40.30940301281442,306.6726054586492,-2.705512095265475,5439972880139275643
AC_Response,31.6227766016838,42.74916053103488,290.5746947786968,-6.804400530721057,14264826949359886561
AC_Response,0.3981071705534968,39.0211226249472,305.0510216058231,-0.0657286025624111,14932880946049592786
AC_Response,1.584893192461111,37.83724802001972,293.41915116225954,-0.8189316944242657,7174223208182595177
AC_Response,12.589254117941662,39.90381821426863,300.9815905741297,-4.421475141609279,15256650157893810940
AC_Response,6.309573444801943,37.334947088248434,294.43440760000914,-3.1173912197552016,15599116176485750453
AC_Response,15.848931924611108,39.66536493364173,302.3426017448898,-5.02449527752879,11523722328579267051
AC_Response,1.0,37.79561575023349,300.3431374384869,-0.4080579338253149,8406104627261355859
AC_Response,0.1258925411794166,43.167246359099664,298.50956140834,-0.0025144440913086,3765347373034185731
AC_Response,39.81071705534969,41.48473029075561,294.1535226587993,-6.956817944105391,4007664404162655079
AC_Response,0.1,37.12870103512795,297.3410066095633,0.0,5086348268569391686
AC_Response,3.981071705534969,41.04225055349912,296.5414644902,-2.3661041421191293,6763556109530919502
AC_Response,0.3162277660168379,39.90795077029272,306.8673078749587,-0.0402341961625799,15468058970195626653
AC_Response,0.1995262314968882,41.484417545989686,302.7283665488111,-0.0127856997591588,4427417937030231446
AC_Response,0.5011872336272715,39.90381821426863,300.9815905741297,-0.0984674621845329,15256650157893810940
AC_Response,3.1622776601683795,42.13424050837239,300.34884642744885,-1.864799943470955,7248124264218123782
AC_Response,0.1995262314968882,40.648465379108416,299.4728047413536,-0.0137432249733152,5403082750804857040
AC_Response,1.9952623149688828,38.8972081784186,297.8606493603604,-1.1871185111616165,11533468067055250155
AC_Response,0.3981071705534968,41.129719458135625,288.0815978442095,-0.0637905032417535,14542734286284699756
AC_Response,12.589254117941662,42.346830624956574,300.5747457097431,-4.560501330166594,2337157221459530110
AC_Response,1.2589254117941662,38.08606385532588,297.3563844788412,-0.6042892777098192,7393066098584539282
AC_Response,40.0,39.64774721352306,306.8220229508652,-6.601671869615608,13277443787381278961
AC_Response,1.2589254117941662,38.57048554783602,303.1708876105774,-0.5895107543203824,9443669834932015687
AC_Response,0.1995262314968882,39.05845567786759,297.2376267822416,-0.013429151833638,6308849522308401573
AC_Response,0.1,38.858183000543626,295.7855807653235,0.0,9262064648931476805
AC_Response,0.1,42.87746783295031,307.55593866537106,0.0,8801835938313083490
AC_Response,0.2511886431509582,41.26661222078493,300.2753689300697,-0.0228856207931982,5907817959460322520
AC_Response,25.11886431509582,40.96326376678826,298.8654192354596,-6.273115648873753,11939704803637804291
AC_Response,7.943282347242822,41.79339850063371,299.641349014439,-3.4470728811837352,9066091246669766023
AC_Response,3.1622776601683795,40.19858533526689,297.9110382121584,-1.9056413527359133,17871160977092490614
AC_Response,3.1622776601683795,42.56757336192149,293.18283111534566,-1.884419377293608,1435201764501745638
AC_Response,3.981071705534969,41.9345213676303,296.5403011366731,-2.310946712410999,2996005905799625730
AC_Response,39.81071705534969,36.10636397779454,299.96382807834965,-7.097737253187412,6951561072364878352
AC_Response,6.309573444801943,39.21209704786501,303.00410991721293,-3.048072226687117,4763887798637117351
AC_Response,0.1995262314968882,38.55163090195673,309.2198732722366,-0.0142966798711512,4787501490018871704
AC_Response,39.81071705534969,38.42173874228168,293.06092698472065,-7.090921290099025,9170926497845462766
AC_Response,12.589254117941662,41.27631172344517,301.59948365785385,-4.523881059805418,14080291052260215929
AC_Response,0.7943282347242822,41.61971486534147,298.1037724082114,-0.2705593717602974,1131457513323140606
AC_Response,0.2511886431509582,34.84085283436253,301.39850617403,-0.0254921116683855,16751146966542148650
AC_Response,0.3162277660168379,40.19858533526689,297.9110382121584,-0.0395293037043236,17871160977092490614
AC_Response,5.011872336272715,42.04226242943757,288.6545802497056,-2.7011450416368814,14598686425886924939
AC_Response,1.9952623149688828,40.648465379108416,299.4728047413536,-1.1727496395384014,5403082750804857040
AC_Response,1.0,41.27682283342508,300.8565986758517,-0.3780187029171771,3063462922452919031
AC_Response,10.0,43.167246359099664,298.50956140834,-3.9579247121768297,3765347373034185731
AC_Response,1.2589254117941662,37.50931802222772,308.1655826328421,-0.6384693303677912,11519709022772450725
AC_Response,7.943282347242822,39.33731057072893,297.69705044733973,-3.5175953021724653,3402320749389468369
AC_Response,3.981071705534969,39.51420947268076,305.7035776891924,-2.389290602140713,4365530570025844449
AC_Response,0.1584893192461111,42.25069338145754,304.38892783295006,-0.0068360740740716,12866849828103811731
AC_Response,0.1,40.06029068650691,301.1540677406581,0.0,7954056211698152112
AC_Response,0.6309573444801944,38.92442853409919,306.1252360546967,-0.1603860776272287,17394947245709734813
AC_Response,1.9952623149688828,39.24041391228537,297.93305834844136,-1.1262009942228108,3712240751709899868
AC_Response,1.9952623149688828,38.42173874228168,293.06092698472065,-1.133363361423777,9170926497845462766
AC_Response,31.6227766016838,38.795972505421744,297.7961123434831,-6.95567020090728,15363827923754144579
AC_Response,31.6227766016838,34.826156523967086,290.8089263982084,-6.894188312429853,15165174592579684514
AC_Response,0.1584893192461111,39.85562670167986,300.93280864091923,-0.0070782612632257,3323206834988836325
AC_Response,10.0,40.19858533526689,297.9110382121584,-3.996298255281603,17871160977092490614
AC_Response,0.1258925411794166,40.248277237816566,302.09732544564235,-0.0026678610148702,3482370874704362668
AC_Response,40.0,41.93453001893169,295.92616711681853,-6.8951679764280165,8171303673975013206
AC_Response,1.2589254117941662,41.95641496228942,305.9180523366615,-0.5495782889520047,4365964196300360401
AC_Response,2.511886431509582,43.40306406282464,301.888862689621,-1.4454964669204382,9481571324980869556
AC_Response,3.981071705534969,42.17824256593523,298.72995545788456,-2.268046867005828,8469384274296772994
AC_Response,39.81071705534969,40.994373738605006,302.9961192294562,-6.658196318944253,9731388305634911064
AC_Response,1.9952623149688828,43.278933930679706,307.8168200832177,-1.1677700434811007,4776793572509321654
AC_Response,3.981071705534969,42.54178389838287,305.55199671356803,-2.2744053725711684,3537787434630592613
AC_Response,39.81071705534969,39.36697999872778,300.425811364213,-6.868938890238318,14780227274271489565
AC_Response,3.981071705534969,41.27682283342508,300.8565986758517,-2.289109427333804,3063462922452919031
AC_Response,1.0,42.17824256593523,298.72995545788456,-0.3714670851110492,8469384274296772994
AC_Response,3.1622776601683795,40.07870713980076,299.5411124372077,-1.908467904729896,3083009041752371786
AC_Response,0.1258925411794166,36.589080383233394,294.68809277779184,-0.0026056827915251,15915415103177725736
AC_Response,0.5011872336272715,38.42173874228168,293.06092698472065,-0.1021700101253855,9170926497845462766
AC_Response,3.1622776601683795,40.55455133934368,303.4784744400111,-1.956356693425556,6782381353331258888
AC_Response,12.589254117941662,39.85562670167986,300.93280864091923,-4.549660086572339,3323206834988836325
AC_Response,10.0,39.9154735600532,295.8292447353602,-4.011147548089756,5412796333827448456
AC_Response,7.943282347242822,40.32854625878799,294.3650499716886,-3.581190052155802,17204210023338359435
AC_Response,19.952623149688822,38.899871401178025,300.40158819211445,-5.648074020164065,6672923565090819279
AC_Response,25.11886431509582,42.25069338145754,304.38892783295006,-6.060147963141226,12866849828103811731
AC_Response,31.6227766016838,39.18777263938059,307.5354074756815,-6.505494937535074,14030010393685506498
AC_Response,0.1,38.899871401178025,300.40158819211445,0.0,6672923565090819279
AC_Response,10.0,40.648465379108416,299.4728047413536,-4.023332271527983,5403082750804857040
AC_Response,0.7943282347242822,41.61731424149927,306.85396396460635,-0.2556207868859343,260657965530268515
AC_Response,5.011872336272715,40.79653471954481,301.4383600393062,-2.718027083837726,4950770812450199952
AC_Response,25.11886431509582,38.899871401178025,300.40158819211445,-6.205052637245063,6672923565090819279
AC_Response,7.943282347242822,39.90381821426863,300.9815905741297,-3.46809440373288,15256650157893810940
AC_Response,5.011872336272715,43.11434944357355,296.9231984392292,-2.695476354322704,3658234560045323703
AC_Response,0.3162277660168379,41.61971486534147,298.1037724082114,-0.0422836349551242,1131457513323140606
AC_Response,1.9952623149688828,39.33731057072893,297.69705044733973,-1.1226365515055756,3402320749389468369
AC_Response,10.0,38.42173874228168,293.06092698472065,-4.064278070887609,9170926497845462766
AC_Response,19.952623149688822,43.278933930679706,307.8168200832177,-5.514991240185174,4776793572509321654
AC_Response,1.9952623149688828,41.61731424149927,306.85396396460635,-1.1433142516283017,260657965530268515
AC_Response,0.1995262314968882,38.31893407640898,299.3638589999156,-0.0125198969826539,8619026027835737365
AC_Response,7.943282347242822,41.11142736058992,291.8506686301862,-3.550772956673542,12552086576878223737
AC_Response,0.2511886431509582,40.714467773434976,300.93677074401546,-0.0231295522365475,9058477443376137994
AC_Response,3.1622776601683795,39.85430360518959,306.74502895459364,-1.9262458922119228,16546631726138751512
AC_Response,0.1995262314968882,41.04225055349912,296.5414644902,-0.0136185058248785,6763556109530919502
AC_Response,0.1258925411794166,36.43861892729903,303.676124223718,-0.002827414874123,17268235322529381975
AC_Response,1.584893192461111,38.978559546027874,295.06946514256083,-0.8087891874898034,5230745145462099467
AC_Response,1.2589254117941662,40.01001805266426,305.28831051478386,-0.5710861305094872,1115091621525583977
AC_Response,40.0,42.25069338145754,304.38892783295006,-6.510863740838674,12866849828103811731
AC_Response,0.5011872336272715,39.0211226249472,305.0510216058231,-0.1053732033819894,14932880946049592786
AC_Response,5.011872336272715,40.87821813200619,300.974125232131,-2.7141765982004813,3939891858067812807
AC_Response,6.309573444801943,40.65637295368661,296.23853018587084,-3.166224394331425,16406327631433526260
AC_Response,1.584893192461111,41.129719458135625,288.0815978442095,-0.8203814214791592,14542734286284699756
AC_Response,40.0,42.13424050837239,300.34884642744885,-6.6403883984563485,7248124264218123782
AC_Response,0.3981071705534968,37.60227540602951,298.4772867617408,-0.0651362551206888,13857080191999532053
AC_Response,3.981071705534969,39.7132385315927,304.62183232922587,-2.307294409196958,10528525010244697505
AC_Response,39.81071705534969,42.74916053103488,290.5746947786968,-6.88904402332863,14264826949359886561
AC_Response,3.981071705534969,43.13862383173334,296.64614602139693,-2.311003318512185,17985928204657212826
AC_Response,1.584893192461111,40.32854625878799,294.3650499716886,-0.8356733301154713,17204210023338359435
AC_Response,25.11886431509582,40.31257836583995,298.21936914217434,-6.27822892807516,12408152172928847518
AC_Response,0.5011872336272715,38.8972081784186,297.8606493603604,-0.1091839009396871,11533468067055250155
AC_Response,39.81071705534969,39.43236728729266,296.39638250989714,-6.921495344578944,4381028864758797162
AC_Response,0.1258925411794166,41.129719458135625,288.0815978442095,-0.0025619678696611,14542734286284699756
AC_Response,0.7943282347242822,38.795972505421744,297.7961123434831,-0.2602740026863051,15363827923754144579
AC_Response,0.1995262314968882,38.96317500489286,311.33012415162744,-0.013478739070717,17007921468252437021
AC_Response,3.981071705534969,41.83782044136868,301.83723728961854,-2.3124308508066145,9082082196135538154
AC_Response,0.1995262314968882,40.58953669016749,293.2225739384997,-0.0131234622454616,7807375178238359560
AC_Response,0.1584893192461111,39.33447860201831,299.4635962010897,-0.0067107221484061,15208010537286723207
AC_Response,39.81071705534969,43.167246359099664,298.50956140834,-6.705990177098149,3765347373034185731
AC_Response,1.2589254117941662,41.27682283342508,300.8565986758517,-0.5618551764407421,3063462922452919031
AC_Response,15.848931924611108,38.89567254871546,292.9930878390376,-5.235321154141527,13058981581108217973
AC_Response,0.2511886431509582,38.858183000543626,295.7855807653235,-0.0239651964027032,9262064648931476805
AC_Response,19.952623149688822,43.06550150160359,292.35304316269765,-5.91604909282954,2038187770712329087
AC_Response,39.81071705534969,43.08491203323523,298.5763734449834,-6.779567956747563,440727550293168112
AC_Response,12.589254117941662,39.43236728729266,296.39638250989714,-4.498642731594995,4381028864758797162
AC_Response,7.943282347242822,37.99663516660689,298.18972265332246,-3.4727877764539565,8038139640542861367
AC_Response,0.3981071705534968,41.61731424149927,306.85396396460635,-0.0652054527328564,260657965530268515
AC_Response,12.589254117941662,39.73131063338137,294.42197627514213,-4.548125255855636,10333268118757093503
AC_Response,15.848931924611108,42.13424050837239,300.34884642744885,-5.042437808903856,7248124264218123782
AC_Response,3.1622776601683795,41.28793476116813,303.0641722996054,-1.8965605986825904,16945873912842908627
AC_Response,6.309573444801943,41.04225055349912,296.5414644902,-3.1790728399176977,6763556109530919502
AC_Response,1.9952623149688828,38.23677890677304,298.10055132439214,-1.2021216171109703,16541905887176100137
AC_Response,0.3162277660168379,38.50508417894045,294.1262317171733,-0.0404872958612184,7408968043820680965
AC_Response,25.11886431509582,40.78433779833217,301.9145433801493,-6.075102087058913,894797089121886199
AC_Response,1.0,39.18777263938059,307.5354074756815,-0.4015549901727103,14030010393685506498
AC_Response,1.584893192461111,40.06029068650691,301.1540677406581,-0.8104065760955005,7954056211698152112
AC_Response,5.011872336272715,40.01001805266426,305.28831051478386,-2.6987516990799025,1115091621525583977
AC_Response,0.3981071705534968,40.91913452211564,297.20307373531364,-0.0615511688547696,12404554437750077034
AC_Response,7.943282347242822,37.83724802001972,293.41915116225954,-3.546003123993545,7174223208182595177
AC_Response,1.2589254117941662,40.80112322251315,299.2329513672896,-0.5763068672809718,1295526639106515549
AC_Response,40.0,41.95641496228942,305.9180523366615,-6.518197889651662,4365964196300360401
AC_Response,1.0,37.50931802222772,308.1655826328421,-0.4331041639294036,11519709022772450725
AC_Response,0.2511886431509582,38.55163090195673,309.2198732722366,-0.0253731728239978,4787501490018871704
AC_Response,15.848931924611108,39.21856251436128,307.7679942040925,-4.9603180445101165,2454564730666304252
AC_Response,2.511886431509582,40.31160828282909,292.8565689112594,-1.5444794031990008,13220990961221007809
AC_Response,10.0,39.33447860201831,299.4635962010897,-3.98481194967855,15208010537286723207
AC_Response,12.589254117941662,39.21209704786501,303.00410991721293,-4.418265602022237,4763887798637117351
AC_Response,39.81071705534969,37.83724802001972,293.41915116225954,-7.044466731935053,7174223208182595177
AC_Response,0.5011872336272715,38.21649432972869,303.56534322943094,-0.1080198224459877,10796982964429426044
AC_Response,0.3162277660168379,40.714467773434976,300.93677074401546,-0.039004357264749,9058477443376137994
AC_Response,25.11886431509582,41.484417545989686,302.7283665488111,-6.174289598979186,4427417937030231446
AC_Response,40.0,38.978559546027874,295.06946514256083,-7.070484245105478,5230745145462099467
AC_Response,10.0,41.83782044136868,301.83723728961854,-3.956647004290952,9082082196135538154
AC_Response,1.2589254117941662,39.33731057072893,297.69705044733973,-0.5630182032737829,3402320749389468369
AC_Response,0.1584893192461111,40.77134716523017,305.22981462209646,-0.0071992903838279,9738090587319443504
AC_Response,0.1258925411794166,38.422268984819695,304.0303353891022,-0.0027164324389829,10399213306103495125
AC_Response,12.589254117941662,43.06550150160359,292.35304316269765,-4.6605926011730725,2038187770712329087
AC_Response,6.309573444801943,40.648465379108416,299.4728047413536,-3.1491351544140995,5403082750804857040
AC_Response,19.952623149688822,38.422268984819695,304.0303353891022,-5.655967178293774,10399213306103495125
AC_Response,0.6309573444801944,38.96317500489286,311.33012415162744,-0.1667446890563209,17007921468252437021
AC_Response,15.848931924611108,42.54178389838287,305.55199671356803,-4.941642493789432,3537787434630592613
AC_Response,3.1622776601683795,39.9154735600532,295.8292447353602,-1.903383521156903,5412796333827448456
AC_Response,1.584893192461111,37.12870103512795,297.3410066095633,-0.8777607874693537,5086348268569391686
AC_Response,0.5011872336272715,40.31257836583995,298.21936914217434,-0.1001011949242752,12408152172928847518
AC_Response,0.7943282347242822,42.219532217947325,302.0841812978663,-0.2435918466009056,6431290111938284445
AC_Response,12.589254117941662,40.75166342427999,301.0515477079729,-4.477326181021993,5730813955982425338
AC_Response,0.1584893192461111,40.65637295368661,296.23853018587084,-0.0069696140014917,16406327631433526260
AC_Response,1.9952623149688828,37.79561575023349,300.3431374384869,-1.1873674212202592,8406104627261355859
AC_Response,7.943282347242822,40.51326020590248,298.8914974420704,-3.508329541012737,13540594563185179811
AC_Response,0.1995262314968882,40.30940301281442,306.6726054586492,-0.0135333008348212,5439972880139275643
AC_Response,0.1258925411794166,38.81204244575611,302.5323056028984,-0.002805973265692,4131187287421323234
AC_Response,0.7943282347242822,40.91913452211564,297.20307373531364,-0.2422546590747669,12404554437750077034
AC_Response,0.5011872336272715,37.79561575023349,300.3431374384869,-0.110220097904054,8406104627261355859
AC_Response,5.011872336272715,40.96326376678826,298.8654192354596,-2.736563921830313,11939704803637804291
AC_Response,0.2511886431509582,40.68035124967265,296.73843693227377,-0.0229775182846084,385409706114037048
AC_Response,0.2511886431509582,40.77134716523017,305.22981462209646,-0.0251371276327397,9738090587319443504
AC_Response,0.1258925411794166,38.23677890677304,298.10055132439214,-0.0028126055475711,16541905887176100137
AC_Response,7.943282347242822,39.73131063338137,294.42197627514213,-3.5410560351084523,10333268118757093503
AC_Response,3.981071705534969,38.8972081784186,297.8606493603604,-2.3811229754795966,11533468067055250155
AC_Response,7.943282347242822,40.96326376678826,298.8654192354596,-3.559996939069115,11939704803637804291
AC_Response,19.952623149688822,41.9345213676303,296.5403011366731,-5.711924357450596,2996005905799625730
AC_Response,1.9952623149688828,41.08562699346509,303.58650370690776,-1.1625545645206214,631923151567513377
AC_Response,0.7943282347242822,40.35879763032958,294.16913853899604,-0.2447825799489291,6227566288360181889
AC_Response,5.011872336272715,39.56928699408093,298.75903253628616,-2.7779472512269763,17177253068705741675
AC_Response,15.848931924611108,38.53132745549709,285.1813868750008,-5.472175348490066,17395302027409890490
AC_Response,0.1995262314968882,41.11142736058992,291.8506686301862,-0.0126576530183263,12552086576878223737
AC_Response,3.1622776601683795,36.10636397779454,299.96382807834965,-2.002916207488912,6951561072364878352
AC_Response,0.7943282347242822,42.54178389838287,305.55199671356803,-0.246452288073092,3537787434630592613
AC_Response,0.6309573444801944,40.91913452211564,297.20307373531364,-0.1559225444940912,12404554437750077034
AC_Response,0.6309573444801944,38.57048554783602,303.1708876105774,-0.1686917110396694,9443669834932015687
AC_Response,15.848931924611108,41.484417545989686,302.7283665488111,-5.022207475941036,4427417937030231446
AC_Response,5.011872336272715,40.80112322251315,299.2329513672896,-2.710169272514522,1295526639106515549
AC_Response,15.848931924611108,39.047727684139495,305.18782525816323,-5.058415169079806,9536545485233975021
AC_Response,0.2511886431509582,40.52844947169319,303.263443359763,-0.0236418786099415,560255154383361061
AC_Response,1.2589254117941662,37.334947088248434,294.43440760000914,-0.5589671682825588,15599116176485750453
AC_Response,40.0,41.26661222078493,300.2753689300697,-6.852211409885741,5907817959460322520
AC_Response,2.511886431509582,44.50977871149023,303.263152322465,-1.4760453206020074,15483355832083528190
AC_Response,25.11886431509582,42.54178389838287,305.55199671356803,-6.002854781266334,3537787434630592613
AC_Response,7.943282347242822,38.899871401178025,300.40158819211445,-3.511655122484998,6672923565090819279
AC_Response,40.0,39.339075937042885,294.39428351617613,-7.097401157257152,8365660235088368164
AC_Response,0.1258925411794166,39.34847113068841,298.5552181462747,-0.0026908054818302,9131232228778995290
AC_Response,0.1584893192461111,38.53132745549709,285.1813868750008,-0.0068674589517621,17395302027409890490
AC_Response,1.2589254117941662,41.62971960161597,300.52976098251094,-0.5849878241590737,869685322261252957
AC_Response,3.981071705534969,40.248277237816566,302.09732544564235,-2.328759411021637,3482370874704362668
AC_Response,40.0,37.12870103512795,297.3410066095633,-6.969221115625723,5086348268569391686
AC_Response,31.6227766016838,40.19858533526689,297.9110382121584,-6.724168914706966,17871160977092490614
AC_Response,12.589254117941662,42.04226242943757,288.6545802497056,-4.599284112344765,14598686425886924939
AC_Response,3.1622776601683795,43.101977222602514,303.9832024614659,-1.9141098169385944,14223461640953255652
AC_Response,19.952623149688822,36.322106531247385,300.55707391972635,-5.761414948506063,13894251431710084294
AC_Response,0.1584893192461111,40.01001805266426,305.28831051478386,-0.0066836383717557,1115091621525583977
AC_Response,19.952623149688822,42.56757336192149,293.18283111534566,-5.835662923802712,1435201764501745638
AC_Response,19.952623149688822,41.43318212059344,299.0815860986159,-5.750735006757256,6042616877882084778
AC_Response,3.1622776601683795,38.795972505421744,297.7961123434831,-1.9506398162634628,15363827923754144579
AC_Response,3.1622776601683795,41.9345213676303,296.5403011366731,-1.9033562410174976,2996005905799625730
AC_Response,0.1,39.90381821426863,300.9815905741297,0.0,15256650157893810940
AC_Response,1.584893192461111,38.31893407640898,299.3638589999156,-0.7902460724120015,8619026027835737365
AC_Response,0.5011872336272715,38.422268984819695,304.0303353891022,-0.1082426126524367,10399213306103495125
AC_Response,39.81071705534969,41.28793476116813,303.0641722996054,-6.787708630607029,16945873912842908627
AC_Response,1.2589254117941662,39.90607827400121,296.137708789732,-0.6046390827327183,10133735033454427345
AC_Response,40.0,41.129719458135625,288.0815978442095,-6.989807354155875,14542734286284699756
AC_Response,1.0,40.43386356777175,305.1954997344612,-0.3890841405137288,15766262156413488926
AC_Response,40.0,40.55316862193092,296.6314874710408,-6.755946075556533,12484285608964576027
AC_Response,0.1258925411794166,44.50977871149023,303.263152322465,-0.0025246228777361,15483355832083528190
AC_Response,1.9952623149688828,38.81204244575611,302.5323056028984,-1.206410406101548,4131187287421323234
AC_Response,15.848931924611108,39.18777263938059,307.5354074756815,-5.006546673751318,14030010393685506498
AC_Response,1.9952623149688828,42.17824256593523,298.72995545788456,-1.1061887727289574,8469384274296772994
AC_Response,7.943282347242822,39.339075937042885,294.39428351617613,-3.559586596006445,8365660235088368164
AC_Response,31.6227766016838,38.899871401178025,300.40158819211445,-6.604240571128681,6672923565090819279
AC_Response,0.1995262314968882,40.87821813200619,300.974125232131,-0.0132692476854667,3939891858067812807
AC_Response,5.011872336272715,38.53132745549709,285.1813868750008,-2.8143359208427103,17395302027409890490
AC_Response,1.584893192461111,39.7132385315927,304.62183232922587,-0.8306487062907003,10528525010244697505
AC_Response,0.6309573444801944,40.06029068650691,301.1540677406581,-0.159937266640469,7954056211698152112
AC_Response,0.3981071705534968,38.81204244575611,302.5323056028984,-0.0697332405896186,4131187287421323234
AC_Response,0.5011872336272715,37.334947088248434,294.43440760000914,-0.1005171490602203,15599116176485750453
AC_Response,0.1258925411794166,40.714467773434976,300.93677074401546,-0.0025648831910198,9058477443376137994
AC_Response,2.511886431509582,39.66536493364173,302.3426017448898,-1.5460222427469918,11523722328579267051
AC_Response,0.1584893192461111,41.11142736058992,291.8506686301862,-0.0064322570976419,12552086576878223737
AC_Response,3.1622776601683795,39.18777263938059,307.5354074756815,-1.937965578635808,14030010393685506498
AC_Response,3.981071705534969,43.40306406282464,301.888862689621,-2.239948062511369,9481571324980869556
AC_Response,0.1258925411794166,40.07870713980076,299.5411124372077,-0.0025799656619541,3083009041752371786
AC_Response,1.9952623149688828,40.32755095458103,299.70047987606006,-1.091279782186832,9319956976912993182
AC_Response,7.943282347242822,36.322106531247385,300.55707391972635,-3.6555557753812633,13894251431710084294
AC_Response,3.1622776601683795,38.25394170360681,296.3367780179062,-1.89339318920241,1787945062278856569
AC_Response,0.1584893192461111,40.47383155665718,295.6008889602198,-0.0066079899394094,6410035451867130339
AC_Response,1.9952623149688828,41.64371883461047,301.63426669668445,-1.1791547380224252,7077229970648675251
AC_Response,0.3981071705534968,41.79339850063371,299.641349014439,-0.0612824646094425,9066091246669766023
AC_Response,5.011872336272715,41.61971486534147,298.1037724082114,-2.7947629330174606,1131457513323140606
AC_Response,0.5011872336272715,40.78433779833217,301.9145433801493,-0.1018741258870702,894797089121886199
AC_Response,0.6309573444801944,40.78433779833217,301.9145433801493,-0.1607143406358961,894797089121886199
AC_Response,25.11886431509582,40.58953669016749,293.2225739384997,-6.358746025986575,7807375178238359560
AC_Response,10.0,40.87821813200619,300.974125232131,-3.9714698340460255,3939891858067812807
AC_Response,39.81071705534969,40.58953669016749,293.2225739384997,-6.895135061495933,7807375178238359560
AC_Response,3.981071705534969,38.978559546027874,295.06946514256083,-2.302649688092051,5230745145462099467
AC_Response,6.309573444801943,43.278933930679706,307.8168200832177,-3.1249707782332736,4776793572509321654
AC_Response,1.0,44.82712146868644,302.5978918999191,-0.3724595167284565,15638800026818411768
AC_Response,1.2589254117941662,41.08562699346509,303.58650370690776,-0.5871675423042988,631923151567513377
AC_Response,0.3981071705534968,40.52844947169319,303.263443359763,-0.0652184384604493,560255154383361061
AC_Response,40.0,43.101977222602514,303.9832024614659,-6.5584215569486055,14223461640953255652
AC_Response,25.11886431509582,39.61181207182135,297.3307652107198,-6.256697365950937,17136393541049134550
AC_Response,39.81071705534969,41.27682283342508,300.8565986758517,-6.85762385068716,3063462922452919031
AC_Response,10.0,38.23677890677304,298.10055132439214,-4.062128538048887,16541905887176100137
AC_Response,7.943282347242822,40.91913452211564,297.20307373531364,-3.4974819320369788,12404554437750077034
AC_Response,15.848931924611108,39.339075937042885,294.39428351617613,-5.182862779785169,8365660235088368164
AC_Response,12.589254117941662,41.04225055349912,296.5414644902,-4.598127366700999,6763556109530919502
AC_Response,0.1584893192461111,40.714467773434976,300.93677074401546,-0.0066212915870374,9058477443376137994
AC_Response,19.952623149688822,41.08562699346509,303.58650370690776,-5.58382608344197,631923151567513377
AC_Response,0.3981071705534968,39.56928699408093,298.75903253628616,-0.0677737662567608,17177253068705741675
AC_Response,0.1584893192461111,37.334947088248434,294.43440760000914,-0.0064955990392708,15599116176485750453
AC_Response,6.309573444801943,38.50508417894045,294.1262317171733,-3.1799442906075743,7408968043820680965
AC_Response,0.1,35.793021097389925,308.86985058095934,0.0,15076552308508060508
AC_Response,6.309573444801943,41.62971960161597,300.52976098251094,-3.135519465515223,869685322261252957
AC_Response,7.943282347242822,40.248277237816566,302.09732544564235,-3.534611380839949,3482370874704362668
AC_Response,1.2589254117941662,39.18777263938059,307.5354074756815,-0.5943186936569554,14030010393685506498
AC_Response,0.7943282347242822,39.43236728729266,296.39638250989714,-0.2469436457666911,4381028864758797162
AC_Response,31.6227766016838,39.33731057072893,297.69705044733973,-6.809472958877531,3402320749389468369
AC_Response,25.11886431509582,40.06029068650691,301.1540677406581,-6.165402815487095,7954056211698152112
AC_Response,3.981071705534969,39.9154735600532,295.8292447353602,-2.312692659805688,5412796333827448456
AC_Response,2.511886431509582,38.88005077046229,301.691940704981,-1.465162482641698,5417274375214438322
AC_Response,39.81071705534969,39.24041391228537,297.93305834844136,-6.859618057867433,3712240751709899868
AC_Response,1.0,37.60227540602951,298.4772867617408,-0.3887188201649089,13857080191999532053
AC_Response,5.011872336272715,37.83724802001972,293.41915116225954,-2.707564103542545,7174223208182595177
AC_Response,0.1995262314968882,38.42173874228168,293.06092698472065,-0.0129971759982518,9170926497845462766
AC_Response,3.1622776601683795,38.88005077046229,301.691940704981,-1.8606415991082856,5417274375214438322
AC_Response,10.0,39.21856251436128,307.7679942040925,-3.9361477684113,2454564730666304252
AC_Response,19.952623149688822,40.55455133934368,303.4784744400111,-5.574357570657545,6782381353331258888
AC_Response,1.9952623149688828,38.899871401178025,300.40158819211445,-1.1139737970302774,6672923565090819279
AC_Response,40.0,38.08606385532588,297.3563844788412,-6.933528867947588,7393066098584539282
AC_Response,3.1622776601683795,42.09307571557734,293.4443281911712,-1.8935512860071184,14925940557847983943
AC_Response,3.981071705534969,38.08606385532588,297.3563844788412,-2.3719941842952306,7393066098584539282
AC_Response,2.511886431509582,38.89567254871546,292.9930878390376,-1.525800545933191,13058981581108217973
AC_Response,0.1995262314968882,42.09307571557734,293.4443281911712,-0.0128339760821689,14925940557847983943
AC_Response,0.1258925411794166,38.858183000543626,295.7855807653235,-0.002657878866886,9262064648931476805
AC_Response,5.011872336272715,38.81204244575611,302.5323056028984,-2.806881126369193,4131187287421323234
AC_Response,2.511886431509582,38.42173874228168,293.06092698472065,-1.50407349298703,9170926497845462766
AC_Response,12.589254117941662,38.23677890677304,298.10055132439214,-4.583598942470576,16541905887176100137
AC_Response,5.011872336272715,38.50508417894045,294.1262317171733,-2.7664146284271904,7408968043820680965
AC_Response,40.0,39.34847113068841,298.5552181462747,-6.98566810420251,9131232228778995290
AC_Response,12.589254117941662,37.60227540602951,298.4772867617408,-4.512234005951684,13857080191999532053
AC_Response,0.1584893192461111,38.92442853409919,306.1252360546967,-0.0065756236962942,17394947245709734813
AC_Response,31.6227766016838,39.21209704786501,303.00410991721293,-6.535269263018874,4763887798637117351
AC_Response,1.9952623149688828,40.58953669016749,293.2225739384997,-1.133695722811639,7807375178238359560
AC_Response,1.2589254117941662,38.28868089781682,299.0569098093356,-0.5710439347946787,3766308496770492318
AC_Response,0.3162277660168379,41.61731424149927,306.85396396460635,-0.0398523005143633,260657965530268515
AC_Response,0.5011872336272715,41.93453001893169,295.92616711681853,-0.1040503258928742,8171303673975013206
AC_Response,1.9952623149688828,37.83724802001972,293.41915116225954,-1.1333531058149109,7174223208182595177
AC_Response,3.1622776601683795,42.74916053103488,290.5746947786968,-1.887783346136328,14264826949359886561
AC_Response,31.6227766016838,42.04226242943757,288.6545802497056,-6.920872705307658,14598686425886924939
AC_Response,0.6309573444801944,42.543125490608695,301.3994726877767,-0.1599054560665338,8259856114936990545
AC_Response,1.584893192461111,42.33569419095241,299.8381908200232,-0.8464090380270743,8123982087682502409
AC_Response,1.9952623149688828,40.55316862193092,296.6314874710408,-1.106136577520172,12484285608964576027
AC_Response,0.1584893192461111,36.589080383233394,294.68809277779184,-0.0067264959641437,15915415103177725736
AC_Response,1.2589254117941662,42.56757336192149,293.18283111534566,-0.5550672642676793,1435201764501745638
AC_Response,0.5011872336272715,39.33731057072893,297.69705044733973,-0.1016391881298789,3402320749389468369
AC_Response,1.9952623149688828,42.543125490608695,301.3994726877767,-1.123264338191736,8259856114936990545
AC_Response,3.1622776601683795,43.11434944357355,296.9231984392292,-1.88628069152848,3658234560045323703
AC_Response,3.1622776601683795,40.30940301281442,306.6726054586492,-1.9163257424322115,5439972880139275643
AC_Response,31.6227766016838,42.56757336192149,293.18283111534566,-6.8794501176313725,1435201764501745638
AC_Response,3.1622776601683795,40.31160828282909,292.8565689112594,-1.948897093778573,13220990961221007809
AC_Response,15.848931924611108,38.88005077046229,301.691940704981,-5.021035725809294,5417274375214438322
AC_Response,0.3162277660168379,41.43318212059344,299.0815860986159,-0.040962684331507,6042616877882084778
AC_Response,40.0,42.543125490608695,301.3994726877767,-6.591551934272929,8259856114936990545
AC_Response,0.1584893192461111,38.89567254871546,292.9930878390376,-0.0067433800617624,13058981581108217973
AC_Response,0.2511886431509582,39.21856251436128,307.7679942040925,-0.0238839008939466,2454564730666304252
AC_Response,40.0,40.31257836583995,298.21936914217434,-6.820260432918715,12408152172928847518
AC_Response,0.3162277660168379,38.55163090195673,309.2198732722366,-0.0427678823466909,4787501490018871704
AC_Response,6.309573444801943,37.83724802001972,293.41915116225954,-3.1149298176839944,7174223208182595177
AC_Response,10.0,42.25069338145754,304.38892783295006,-3.9548876320417,12866849828103811731
AC_Response,0.1258925411794166,40.52844947169319,303.263443359763,-0.0026222825912068,560255154383361061
AC_Response,0.6309573444801944,41.62971960161597,300.52976098251094,-0.1673604170556025,869685322261252957
AC_Response,1.0,36.10636397779454,299.96382807834965,-0.413476200755588,6951561072364878352
AC_Response,0.3162277660168379,39.9154735600532,295.8292447353602,-0.0389006387789625,5412796333827448456
AC_Response,3.1622776601683795,40.55316862193092,296.6314874710408,-1.8597135570979333,12484285608964576027
AC_Response,31.6227766016838,40.87821813200619,300.974125232131,-6.4372296312932695,3939891858067812807
AC_Response,2.511886431509582,43.167246359099664,298.50956140834,-1.4760943448447428,3765347373034185731
AC_Response,0.5011872336272715,39.339075937042885,294.39428351617613,-0.1032192562720793,8365660235088368164
AC_Response,25.11886431509582,40.19858533526689,297.9110382121584,-6.288234575818851,17871160977092490614
AC_Response,0.1,41.11142736058992,291.8506686301862,0.0,12552086576878223737
AC_Response,19.952623149688822,36.589080383233394,294.68809277779184,-5.81908789835447,15915415103177725736
AC_Response,0.1258925411794166,40.32854625878799,294.3650499716886,-0.0026409394227288,17204210023338359435
AC_Response,3.1622776601683795,43.08491203323523,298.5763734449834,-1.9004507594303268,440727550293168112
AC_Response,39.81071705534969,41.08562699346509,303.58650370690776,-6.547223300362569,631923151567513377
AC_Response,7.943282347242822,40.52844947169319,303.263443359763,-3.4991081735637493,560255154383361061
AC_Response,0.3162277660168379,40.31257836583995,298.21936914217434,-0.0381259886950748,12408152172928847518
AC_Response,0.3981071705534968,41.95641496228942,305.9180523366615,-0.0616993254192879,4365964196300360401
AC_Response,6.309573444801943,39.66536493364173,302.3426017448898,-3.1257949531033087,11523722328579267051
AC_Response,0.1584893192461111,38.422268984819695,304.0303353891022,-0.0070120358999615,10399213306103495125
AC_Response,25.11886431509582,41.83782044136868,301.83723728961854,-6.124116191092158,9082082196135538154
AC_Response,7.943282347242822,40.43386356777175,305.1954997344612,-3.5032206628013407,15766262156413488926
AC_Response,12.589254117941662,38.795972505421744,297.7961123434831,-4.635769003282641,15363827923754144579
AC_Response,0.1,38.53132745549709,285.1813868750008,0.0,17395302027409890490
AC_Response,0.3981071705534968,40.994373738605006,302.9961192294562,-0.0641263635195839,9731388305634911064
AC_Response,39.81071705534969,39.9154735600532,295.8292447353602,-6.750882645415417,5412796333827448456
AC_Response,12.589254117941662,39.9154735600532,295.8292447353602,-4.527843923092465,5412796333827448456
AC_Response,5.011872336272715,41.29986197643443,296.3385514465405,-2.729631884156533,4988707599086321867
AC_Response,0.6309573444801944,40.714467773434976,300.93677074401546,-0.1615188105527585,9058477443376137994
AC_Response,0.1,37.99663516660689,298.18972265332246,0.0,8038139640542861367
AC_Response,0.5011872336272715,40.07870713980076,299.5411124372077,-0.1029844323711391,3083009041752371786
AC_Response,25.11886431509582,36.10636397779454,299.96382807834965,-6.439455204977725,6951561072364878352
AC_Response,2.511886431509582,37.99663516660689,298.18972265332246,-1.4695085866391504,8038139640542861367
AC_Response,10.0,36.589080383233394,294.68809277779184,-4.043221706891647,15915415103177725736
AC_Response,1.2589254117941662,40.32854625878799,294.3650499716886,-0.5814790579582841,17204210023338359435
AC_Response,0.1995262314968882,36.589080383233394,294.68809277779184,-0.0132352518503093,15915415103177725736
AC_Response,10.0,41.9345213676303,296.5403011366731,-4.007705174710464,2996005905799625730
AC_Response,31.6227766016838,41.61731424149927,306.85396396460635,-6.415194853566972,260657965530268515
AC_Response,3.1622776601683795,38.31893407640898,299.3638589999156,-1.8522673406563723,8619026027835737365
AC_Response,1.9952623149688828,39.85562670167986,300.93280864091923,-1.1869767631802526,3323206834988836325
AC_Response,0.5011872336272715,40.06029068650691,301.1540677406581,-0.1013491903788356,7954056211698152112
AC_Response,3.1622776601683795,42.33569419095241,299.8381908200232,-1.9523340242713163,8123982087682502409
AC_Response,1.9952623149688828,38.21649432972869,303.56534322943094,-1.1693448985789865,10796982964429426044
AC_Response,19.952623149688822,38.57048554783602,303.1708876105774,-5.69612819478393,9443669834932015687
AC_Response,0.1584893192461111,41.43318212059344,299.0815860986159,-0.0069559488065332,6042616877882084778
AC_Response,0.1258925411794166,40.30940301281442,306.6726054586492,-0.002664671870941,5439972880139275643
AC_Response,0.3981071705534968,37.79561575023349,300.3431374384869,-0.0687914502148559,8406104627261355859
AC_Response,3.981071705534969,36.589080383233394,294.68809277779184,-2.3202211899922647,15915415103177725736
AC_Response,0.1995262314968882,40.31160828282909,292.8565689112594,-0.0136249859166932,13220990961221007809
AC_Response,0.1995262314968882,40.77134716523017,305.22981462209646,-0.0141634218871273,9738090587319443504
AC_Response,1.584893192461111,43.40306406282464,301.888862689621,-0.7809407868676187,9481571324980869556
AC_Response,5.011872336272715,41.193035529790656,301.7038514591378,-2.755882045248907,2554276162761610342
AC_Response,40.0,40.94136333558407,299.94201571725745,-6.64499831687002,14684909485850387430
AC_Response,10.0,41.04225055349912,296.5414644902,-4.073988689067062,6763556109530919502
AC_Response,1.2589254117941662,40.78433779833217,301.9145433801493,-0.5639049288032689,894797089121886199
AC_Response,0.1995262314968882,40.714467773434976,300.93677074401546,-0.0130286170815776,9058477443376137994
AC_Response,1.2589254117941662,38.422268984819695,304.0303353891022,-0.5949545647826135,10399213306103495125
AC_Response,0.3162277660168379,37.50931802222772,308.1655826328421,-0.0449208062070723,11519709022772450725
AC_Response,5.011872336272715,37.60227540602951,298.4772867617408,-2.719567907214351,13857080191999532053
AC_Response,1.0,41.9345213676303,296.5403011366731,-0.3826871548600227,2996005905799625730
AC_Response,19.952623149688822,41.29986197643443,296.3385514465405,-5.814612047346416,4988707599086321867
AC_Response,2.511886431509582,41.61731424149927,306.85396396460635,-1.5098023604681188,260657965530268515
AC_Response,19.952623149688822,38.858183000543626,295.7855807653235,-5.805269164387403,9262064648931476805
AC_Response,0.7943282347242822,38.33334239027114,293.10089722857373,-0.265345903019809,7035166681821702163
AC_Response,15.848931924611108,41.04225055349912,296.5414644902,-5.176909446727275,6763556109530919502
AC_Response,0.1995262314968882,42.543125490608695,301.3994726877767,-0.012890716917621,8259856114936990545
AC_Response,0.1258925411794166,41.9345213676303,296.5403011366731,-0.0025706886641543,2996005905799625730
AC_Response,6.309573444801943,44.82712146868644,302.5978918999191,-3.058278208565389,15638800026818411768
AC_Response,10.0,39.339075937042885,294.39428351617613,-4.038661343276924,8365660235088368164
AC_Response,1.2589254117941662,38.33334239027114,293.10089722857373,-0.5977243830096274,7035166681821702163
AC_Response,0.1584893192461111,39.62193192256099,289.3285700165644,-0.0068794647061018,14612151002491318071
AC_Response,7.943282347242822,40.94136333558407,299.94201571725745,-3.5447235447924115,14684909485850387430
AC_Response,0.1258925411794166,40.79653471954481,301.4383600393062,-0.0026577502604884,4950770812450199952
AC_Response,1.2589254117941662,41.43318212059344,299.0815860986159,-0.5925178531849294,6042616877882084778
AC_Response,1.9952623149688828,39.34847113068841,298.5552181462747,-1.1671463398898243,9131232228778995290
AC_Response,15.848931924611108,38.57283152042447,302.4090006102026,-5.137354326589695,1015852638890412653
AC_Response,0.1258925411794166,39.0211226249472,305.0510216058231,-0.0026427463500433,14932880946049592786
AC_Response,0.1258925411794166,39.36697999872778,300.425811364213,-0.0025088867497188,14780227274271489565
AC_Response,15.848931924611108,39.94029005251662,299.6218359156308,-4.996047378498864,1062234375139852529
AC_Response,6.309573444801943,39.36697999872778,300.425811364213,-3.068973816142122,14780227274271489565
AC_Response,3.981071705534969,34.84085283436253,301.39850617403,-2.403325562748057,16751146966542148650
AC_Response,0.1584893192461111,41.79339850063371,299.641349014439,-0.0063537646093396,9066091246669766023
AC_Response,0.6309573444801944,40.66002705988115,288.1838349540611,-0.1607991739369894,6643428527261381718
AC_Response,0.1258925411794166,40.96326376678826,298.8654192354596,-0.0026406890129354,11939704803637804291
AC_Response,7.943282347242822,42.56757336192149,293.18283111534566,-3.5615389752062425,1435201764501745638
AC_Response,31.6227766016838,42.54178389838287,305.55199671356803,-6.363680700821272,3537787434630592613
AC_Response,2.511886431509582,41.26661222078493,300.2753689300697,-1.49043040494749,5907817959460322520
AC_Response,25.11886431509582,38.50508417894045,294.1262317171733,-6.600794669235257,7408968043820680965
AC_Response,25.11886431509582,39.047727684139495,305.18782525816323,-6.20436013269858,9536545485233975021
AC_Response,7.943282347242822,40.65637295368661,296.23853018587084,-3.5917436511881995,16406327631433526260
AC_Response,0.1584893192461111,38.23677890677304,298.10055132439214,-0.0072599341386046,16541905887176100137
AC_Response,0.6309573444801944,36.36815079533651,301.4558439858307,-0.1687787955886881,6183833702133835153
AC_Response,5.011872336272715,44.50977871149023,303.263152322465,-2.6605303950120893,15483355832083528190
AC_Response,0.7943282347242822,41.27631172344517,301.59948365785385,-0.2534746763268258,14080291052260215929
AC_Response,12.589254117941662,38.978559546027874,295.06946514256083,-4.570663611121875,5230745145462099467
AC_Response,0.1584893192461111,40.32755095458103,299.70047987606006,-0.0063278139025105,9319956976912993182
AC_Response,0.7943282347242822,40.31160828282909,292.8565689112594,-0.2615231564418018,13220990961221007809
AC_Response,0.1,40.75046782180591,305.2870639056014,0.0,1102911703873588363
AC_Response,1.584893192461111,40.68035124967265,296.73843693227377,-0.8135173288420534,385409706114037048
AC_Response,0.7943282347242822,43.06550150160359,292.35304316269765,-0.2581394219539291,2038187770712329087
AC_Response,0.5011872336272715,39.66536493364173,302.3426017448898,-0.1087280843041908,11523722328579267051
AC_Response,0.2511886431509582,39.339075937042885,294.39428351617613,-0.0233237266724241,8365660235088368164
AC_Response,10.0,38.978559546027874,295.06946514256083,-4.033157178463778,5230745145462099467
AC_Response,0.7943282347242822,43.40306406282464,301.888862689621,-0.2379399563448702,9481571324980869556
AC_Response,31.6227766016838,38.33334239027114,293.10089722857373,-6.909969778156468,7035166681821702163
AC_Response,0.2511886431509582,41.61971486534147,298.1037724082114,-0.0250826336991169,1131457513323140606
AC_Response,0.5011872336272715,43.06550150160359,292.35304316269765,-0.1054586502283784,2038187770712329087
AC_Response,1.9952623149688828,38.69622270488729,301.9657628923453,-1.1336346779383102,8115719833540228731
AC_Response,0.3162277660168379,39.90381821426863,300.9815905741297,-0.0374909389867995,15256650157893810940
AC_Response,0.1,38.55163090195673,309.2198732722366,0.0,4787501490018871704
AC_Response,2.511886431509582,41.9345213676303,296.5403011366731,-1.5033493883901237,2996005905799625730
AC_Response,0.3162277660168379,40.07870713980076,299.5411124372077,-0.0392345704843248,3083009041752371786
AC_Response,1.584893192461111,34.826156523967086,290.8089263982084,-0.8412585166255849,15165174592579684514
AC_Response,6.309573444801943,38.53132745549709,285.1813868750008,-3.2465348162576504,17395302027409890490
AC_Response,5.011872336272715,40.66002705988115,288.1838349540611,-2.7420168606669955,6643428527261381718
AC_Response,7.943282347242822,42.346830624956574,300.5747457097431,-3.586425757903122,2337157221459530110
AC_Response,1.584893192461111,38.899871401178025,300.40158819211445,-0.8029741998373409,6672923565090819279
AC_Response,1.2589254117941662,40.75046782180591,305.2870639056014,-0.5768357290844077,1102911703873588363
AC_Response,39.81071705534969,38.57048554783602,303.1708876105774,-6.824074832221667,9443669834932015687
AC_Response,3.1622776601683795,39.047727684139495,305.18782525816323,-1.9562617398256057,9536545485233975021
AC_Response,0.5011872336272715,37.99663516660689,298.18972265332246,-0.1002683923915876,8038139640542861367
AC_Response,0.3162277660168379,40.77134716523017,305.22981462209646,-0.0423712180576265,9738090587319443504
AC_Response,10.0,39.11984591644459,301.1260229250646,-4.053924546494371,9610535940819629000
AC_Response,12.589254117941662,36.322106531247385,300.55707391972635,-4.621597185212023,13894251431710084294
AC_Response,6.309573444801943,40.07870713980076,299.5411124372077,-3.123209508208601,3083009041752371786
AC_Response,0.7943282347242822,37.12870103512795,297.3410066095633,-0.2735815029477401,5086348268569391686
AC_Response,0.5011872336272715,39.51420947268076,305.7035776891924,-0.1134645787089845,4365530570025844449
AC_Response,15.848931924611108,40.78433779833217,301.9145433801493,-4.973385787773191,894797089121886199
AC_Response,0.7943282347242822,39.9154735600532,295.8292447353602,-0.2502450450829557,5412796333827448456
AC_Response,2.511886431509582,38.92442853409919,306.1252360546967,-1.485495123345848,17394947245709734813
AC_Response,0.6309573444801944,39.24041391228537,297.93305834844136,-0.1610501621749753,3712240751709899868
AC_Response,6.309573444801943,38.69622270488729,301.9657628923453,-3.1116097767307065,8115719833540228731
AC_Response,3.1622776601683795,38.8972081784186,297.8606493603604,-1.97064061638914,11533468067055250155
AC_Response,15.848931924611108,42.87746783295031,307.55593866537106,-5.035372598395468,8801835938313083490
AC_Response,1.2589254117941662,41.04225055349912,296.5414644902,-0.5901155935295909,6763556109530919502
AC_Response,40.0,39.21209704786501,303.00410991721293,-6.655710342468787,4763887798637117351
AC_Response,0.3981071705534968,40.01001805266426,305.28831051478386,-0.0644193736735757,1115091621525583977
AC_Response,0.1,39.73131063338137,294.42197627514213,0.0,10333268118757093503
AC_Response,0.7943282347242822,39.90607827400121,296.137708789732,-0.2687689954596691,10133735033454427345
AC_Response,0.2511886431509582,42.09307571557734,293.4443281911712,-0.0227858211852029,14925940557847983943
AC_Response,1.2589254117941662,40.31257836583995,298.21936914217434,-0.5556360617698685,12408152172928847518
AC_Response,1.584893192461111,43.167246359099664,298.50956140834,-0.8026825248023317,3765347373034185731
AC_Response,15.848931924611108,39.90607827400121,296.137708789732,-5.133497265960802,10133735033454427345
AC_Response,0.3162277660168379,40.65637295368661,296.23853018587084,-0.0410385790075385,16406327631433526260
AC_Response,0.1258925411794166,36.36815079533651,301.4558439858307,-0.0026857350748058,6183833702133835153
AC_Response,5.011872336272715,41.26661222078493,300.2753689300697,-2.699086812698119,5907817959460322520
AC_Response,3.1622776601683795,39.90607827400121,296.137708789732,-1.9796238677070783,10133735033454427345
AC_Response,5.011872336272715,38.37558042728467,295.9516778251947,-2.7855559542670747,12182933489101405014
AC_Response,0.3981071705534968,42.25069338145754,304.38892783295006,-0.065861247069059,12866849828103811731
AC_Response,10.0,37.99663516660689,298.18972265332246,-3.933361834832216,8038139640542861367
AC_Response,0.1995262314968882,43.08491203323523,298.5763734449834,-0.0130867320289524,440727550293168112
AC_Response,0.1995262314968882,39.7132385315927,304.62183232922587,-0.013374720516678,10528525010244697505
AC_Response,0.1258925411794166,39.33447860201831,299.4635962010897,-0.0025995896959073,15208010537286723207
AC_Response,1.9952623149688828,42.04226242943757,288.6545802497056,-1.110576609830338,14598686425886924939
AC_Response,3.981071705534969,39.21856251436128,307.7679942040925,-2.3054078831199947,2454564730666304252
AC_Response,1.0,37.39117268896573,297.8667082132286,-0.3976289423560635,12671372268648671805
AC_Response,0.5011872336272715,40.68035124967265,296.73843693227377,-0.1017365550848503,385409706114037048
AC_Response,7.943282347242822,42.04226242943757,288.6545802497056,-3.5576873204243897,14598686425886924939
AC_Response,25.11886431509582,38.89567254871546,292.9930878390376,-6.45920502549433,13058981581108217973
AC_Response,7.943282347242822,39.43236728729266,296.39638250989714,-3.5004396982469848,4381028864758797162
AC_Response,10.0,35.52248114367448,306.4489109295662,-3.970668447419941,6964906420694514637
AC_Response,0.7943282347242822,38.96317500489286,311.33012415162744,-0.2584736906512482,17007921468252437021
AC_Response,0.1,41.93453001893169,295.92616711681853,0.0,8171303673975013206
AC_Response,3.981071705534969,41.26661222078493,300.2753689300697,-2.295916377943296,5907817959460322520
AC_Response,0.3162277660168379,41.04225055349912,296.5414644902,-0.0407617089405775,6763556109530919502
AC_Response,15.848931924611108,38.899871401178025,300.40158819211445,-5.056620762119928,6672923565090819279
AC_Response,0.1258925411794166,34.826156523967086,290.8089263982084,-0.0026442354447888,15165174592579684514
AC_Response,1.0,43.06550150160359,292.35304316269765,-0.3928893449155418,2038187770712329087
AC_Response,1.0,40.35879763032958,294.16913853899604,-0.3729662428786677,6227566288360181889
AC_Response,0.7943282347242822,41.79339850063371,299.641349014439,-0.2410301460703849,9066091246669766023
AC_Response,1.584893192461111,41.61971486534147,298.1037724082114,-0.8710040045033923,1131457513323140606
AC_Response,1.584893192461111,37.10727035463277,300.4554170460457,-0.8597288759180298,16422739178917769296
AC_Response,39.81071705534969,35.52248114367448,306.4489109295662,-6.7084952977955865,6964906420694514637
AC_Response,31.6227766016838,36.73791801396338,295.61725668807514,-6.855272182904254,17008765120125666942
AC_Response,1.9952623149688828,41.83782044136868,301.83723728961854,-1.1508179682788164,9082082196135538154
AC_Response,1.0,39.43236728729266,296.39638250989714,-0.3760482632167923,4381028864758797162
AC_Response,0.1584893192461111,38.96317500489286,311.33012415162744,-0.006850680500875,17007921468252437021
AC_Response,0.1258925411794166,40.31160828282909,292.8565689112594,-0.0026825812211839,13220990961221007809
AC_Response,1.2589254117941662,41.193035529790656,301.7038514591378,-0.5903761320564419,2554276162761610342
AC_Response,12.589254117941662,39.33731057072893,297.69705044733973,-4.516726940084309,3402320749389468369
AC_Response,1.2589254117941662,40.248277237816566,302.09732544564235,-0.5854803611845221,3482370874704362668
AC_Response,3.1622776601683795,38.23677890677304,298.10055132439214,-1.9796087541617349,16541905887176100137
AC_Response,31.6227766016838,40.91913452211564,297.20307373531364,-6.554020402077089,12404554437750077034
AC_Response,25.11886431509582,37.60227540602951,298.4772867617408,-6.209206243051111,13857080191999532053
AC_Response,31.6227766016838,38.53132745549709,285.1813868750008,-7.369265636459836,17395302027409890490
AC_Response,25.11886431509582,39.90795077029272,306.8673078749587,-5.959645088949105,15468058970195626653
AC_Response,31.6227766016838,40.06029068650691,301.1540677406581,-6.566914789495809,7954056211698152112
AC_Response,40.0,39.7132385315927,304.62183232922587,-6.5607099566100056,10528525010244697505
AC_Response,2.511886431509582,40.79653471954481,301.4383600393062,-1.5246574046983614,4950770812450199952
AC_Response,6.309573444801943,41.29986197643443,296.3385514465405,-3.1378173827998657,4988707599086321867
AC_Response,25.11886431509582,42.13424050837239,300.34884642744885,-6.187531912742833,7248124264218123782
AC_Response,0.7943282347242822,38.92442853409919,306.1252360546967,-0.2489141024782798,17394947245709734813
AC_Response,0.1258925411794166,41.193035529790656,301.7038514591378,-0.0026869260542457,2554276162761610342
AC_Response,19.952623149688822,42.87746783295031,307.55593866537106,-5.608094719812287,8801835938313083490
AC_Response,0.5011872336272715,39.94029005251662,299.6218359156308,-0.098528330900734,1062234375139852529
AC_Response,0.3981071705534968,41.29986197643443,296.3385514465405,-0.0646851585704732,4988707599086321867
AC_Response,1.0,41.08562699346509,303.58650370690776,-0.3961520395185897,631923151567513377
AC_Response,39.81071705534969,41.11142736058992,291.8506686301862,-6.8615624361646335,12552086576878223737
AC_Response,1.0,39.51420947268076,305.7035776891924,-0.4190756444832832,4365530570025844449
AC_Response,0.7943282347242822,40.01001805266426,305.28831051478386,-0.2528003200686016,1115091621525583977
AC_Response,1.0,40.55455133934368,303.4784744400111,-0.4100252322611076,6782381353331258888
AC_Response,1.2589254117941662,39.21856251436128,307.7679942040925,-0.5809392999256737,2454564730666304252
AC_Response,12.589254117941662,39.36697999872778,300.425811364213,-4.483023297773349,14780227274271489565
AC_Response,0.7943282347242822,39.73131063338137,294.42197627514213,-0.244907192423204,10333268118757093503
AC_Response,1.584893192461111,39.36697999872778,300.425811364213,-0.8006193788763385,14780227274271489565
AC_Response,39.81071705534969,42.09307571557734,293.4443281911712,-6.893720186471052,14925940557847983943
AC_Response,2.511886431509582,34.826156523967086,290.8089263982084,-1.5434739492537215,15165174592579684514
AC_Response,0.7943282347242822,43.278933930679706,307.8168200832177,-0.26237815924093,4776793572509321654
AC_Response,40.0,38.53132745549709,285.1813868750008,-7.552960173301711,17395302027409890490
AC_Response,0.1584893192461111,39.61181207182135,297.3307652107198,-0.0062469551976452,17136393541049134550
AC_Response,25.11886431509582,41.97319841319997,303.92619603855775,-6.053466754354958,959363961973256592
AC_Response,1.584893192461111,40.648465379108416,299.4728047413536,-0.8506454163461158,5403082750804857040
AC_Response,39.81071705534969,38.96317500489286,311.33012415162744,-6.528926001378652,17007921468252437021
AC_Response,39.81071705534969,42.17824256593523,298.72995545788456,-6.687280324629094,8469384274296772994
AC_Response,1.9952623149688828,43.08491203323523,298.5763734449834,-1.1341357960766885,440727550293168112
AC_Response,31.6227766016838,41.61971486534147,298.1037724082114,-6.800864021016434,1131457513323140606
AC_Response,0.6309573444801944,40.01001805266426,305.28831051478386,-0.1629373289839039,1115091621525583977
AC_Response,1.0,42.09307571557734,293.4443281911712,-0.3770553291436401,14925940557847983943
AC_Response,0.1995262314968882,39.66536493364173,302.3426017448898,-0.0138640372113735,11523722328579267051
AC_Response,7.943282347242822,41.28793476116813,303.0641722996054,-3.518178252150674,16945873912842908627
AC_Response,6.309573444801943,38.33334239027114,293.10089722857373,-3.197143834388365,7035166681821702163
AC_Response,12.589254117941662,39.339075937042885,294.39428351617613,-4.5796305110012,8365660235088368164
AC_Response,5.011872336272715,38.422268984819695,304.0303353891022,-2.7519565930052514,10399213306103495125
AC_Response,0.1584893192461111,39.90607827400121,296.137708789732,-0.0071294749111159,10133735033454427345
AC_Response,10.0,39.56928699408093,298.75903253628616,-4.081513401731119,17177253068705741675
AC_Response,12.589254117941662,38.88005077046229,301.691940704981,-4.462152886115226,5417274375214438322
AC_Response,7.943282347242822,42.74916053103488,290.5746947786968,-3.5554702421725097,14264826949359886561
AC_Response,10.0,38.08606385532588,297.3563844788412,-4.056514672391085,7393066098584539282
AC_Response,1.9952623149688828,39.21856251436128,307.7679942040925,-1.149199915921581,2454564730666304252
AC_Response,25.11886431509582,39.62193192256099,289.3285700165644,-6.579627195729142,14612151002491318071
AC_Response,2.511886431509582,41.129719458135625,288.0815978442095,-1.5127952385201902,14542734286284699756
AC_Response,12.589254117941662,41.9345213676303,296.5403011366731,-4.528513721475865,2996005905799625730
AC_Response,0.5011872336272715,41.61971486534147,298.1037724082114,-0.1108345802588187,1131457513323140606
AC_Response,0.1584893192461111,39.7132385315927,304.62183232922587,-0.0067976779722584,10528525010244697505
AC_Response,7.943282347242822,40.80112322251315,299.2329513672896,-3.525542540035751,1295526639106515549
AC_Response,31.6227766016838,37.12870103512795,297.3410066095633,-6.808909456911344,5086348268569391686
AC_Response,1.2589254117941662,38.23677890677304,298.10055132439214,-0.6119859208708736,16541905887176100137
AC_Response,0.6309573444801944,43.278933930679706,307.8168200832177,-0.1692838016466754,4776793572509321654
AC_Response,31.6227766016838,42.219532217947325,302.0841812978663,-6.439352763931239,6431290111938284445
AC_Response,6.309573444801943,38.92442853409919,306.1252360546967,-3.073949811991397,17394947245709734813
AC_Response,0.6309573444801944,39.21209704786501,303.00410991721293,-0.1571344102669782,4763887798637117351
AC_Response,0.6309573444801944,41.48473029075561,294.1535226587993,-0.1502389897463878,4007664404162655079
AC_Response,0.3162277660168379,38.31893407640898,299.3638589999156,-0.0374905721175644,8619026027835737365
AC_Response,39.81071705534969,36.16652897024234,304.10393187120707,-6.94502098285607,1769769716334894948
AC_Response,19.952623149688822,39.90381821426863,300.9815905741297,-5.537808206610423,15256650157893810940
AC_Response,0.1258925411794166,38.57283152042447,302.4090006102026,-0.0027889444409631,1015852638890412653
AC_Response,5.011872336272715,40.75166342427999,301.0515477079729,-2.706407014052057,5730813955982425338
AC_Response,3.1622776601683795,40.47383155665718,295.6008889602198,-1.9013753194790288,6410035451867130339
AC_Response,0.1995262314968882,40.79653471954481,301.4383600393062,-0.0134985675952578,4950770812450199952
AC_Response,19.952623149688822,40.75166342427999,301.0515477079729,-5.6082869137263645,5730813955982425338
AC_Response,0.6309573444801944,38.53132745549709,285.1813868750008,-0.1674853004450884,17395302027409890490
AC_Response,7.943282347242822,38.795972505421744,297.7961123434831,-3.620181930525295,15363827923754144579
AC_Response,1.584893192461111,41.08562699346509,303.58650370690776,-0.8426824765094311,631923151567513377
AC_Response,19.952623149688822,38.08606385532588,297.3563844788412,-5.756876413970868,7393066098584539282
AC_Response,0.1995262314968882,40.94136333558407,299.94201571725745,-0.013400516963771,14684909485850387430
AC_Response,40.0,38.31893407640898,299.3638589999156,-6.80774778887741,8619026027835737365
AC_Response,39.81071705534969,41.62971960161597,300.52976098251094,-6.756766712238409,869685322261252957
AC_Response,12.589254117941662,39.325337668236735,299.6111127589073,-4.513013003513642,15493075907902210391
AC_Response,0.2511886431509582,37.39117268896573,297.8667082132286,-0.0241850953911375,12671372268648671805
AC_Response,1.9952623149688828,39.325337668236735,299.6111127589073,-1.1515484708851529,15493075907902210391
AC_Response,0.2511886431509582,39.66536493364173,302.3426017448898,-0.0246072047013333,11523722328579267051
AC_Response,1.2589254117941662,40.994373738605006,302.9961192294562,-0.5688626105028606,9731388305634911064
AC_Response,3.981071705534969,40.91913452211564,297.20307373531364,-2.270250658876485,12404554437750077034
AC_Response,10.0,39.24041391228537,297.93305834844136,-3.971043739299214,3712240751709899868
AC_Response,1.584893192461111,43.278933930679706,307.8168200832177,-0.8471051513680184,4776793572509321654
AC_Response,1.9952623149688828,40.65637295368661,296.23853018587084,-1.1732507796770355,16406327631433526260
AC_Response,0.6309573444801944,38.81204244575611,302.5323056028984,-0.1760479215716017,4131187287421323234
AC_Response,0.3162277660168379,41.93453001893169,295.92616711681853,-0.0396485851002717,8171303673975013206
AC_Response,31.6227766016838,40.30940301281442,306.6726054586492,-6.462098967565987,5439972880139275643
AC_Response,0.7943282347242822,38.42173874228168,293.06092698472065,-0.2503501399399394,9170926497845462766
AC_Response,0.1995262314968882,40.07870713980076,299.5411124372077,-0.013105311852836,3083009041752371786
AC_Response,39.81071705534969,41.129719458135625,288.0815978442095,-6.992028512877047,14542734286284699756
AC_Response,6.309573444801943,41.64371883461047,301.63426669668445,-3.156479175431448,7077229970648675251
AC_Response,12.589254117941662,40.68035124967265,296.73843693227377,-4.546024803837407,385409706114037048
AC_Response,0.6309573444801944,37.334947088248434,294.43440760000914,-0.1586675966015549,15599116176485750453
AC_Response,10.0,40.07870713980076,299.5411124372077,-4.004897758155539,3083009041752371786
AC_Response,1.9952623149688828,40.01001805266426,305.28831051478386,-1.13603596259925,1115091621525583977
AC_Response,0.1258925411794166,39.047727684139495,305.18782525816323,-0.0027571939048474,9536545485233975021
AC_Response,19.952623149688822,37.207464786418186,297.95471711920453,-5.727172522745565,10318556855553405500
AC_Response,1.0,39.94029005251662,299.6218359156308,-0.368445964608651,1062234375139852529
AC_Response,2.511886431509582,41.28793476116813,303.0641722996054,-1.5001625642685097,16945873912842908627
AC_Response,1.9952623149688828,40.75166342427999,301.0515477079729,-1.1392725639975976,5730813955982425338
AC_Response,5.011872336272715,37.12870103512795,297.3410066095633,-2.7935696781099835,5086348268569391686
AC_Response,0.5011872336272715,40.52844947169319,303.263443359763,-0.1045541135425028,560255154383361061
AC_Response,7.943282347242822,43.11434944357355,296.9231984392292,-3.5255179146732734,3658234560045323703
AC_Response,39.81071705534969,42.13424050837239,300.34884642744885,-6.642702281342915,7248124264218123782
AC_Response,6.309573444801943,40.79653471954481,301.4383600393062,-3.112997214420714,4950770812450199952
AC_Response,0.1,39.36697999872778,300.425811364213,0.0,14780227274271489565
AC_Response,0.2511886431509582,40.30940301281442,306.6726054586492,-0.0240217377323515,5439972880139275643
AC_Response,2.511886431509582,42.25069338145754,304.38892783295006,-1.521456317686264,12866849828103811731
AC_Response,0.3981071705534968,42.54178389838287,305.55199671356803,-0.0627112583996269,3537787434630592613
AC_Response,0.6309573444801944,40.65637295368661,296.23853018587084,-0.1696685218626814,16406327631433526260
AC_Response,0.1,38.33334239027114,293.10089722857373,0.0,7035166681821702163
AC_Response,7.943282347242822,38.53132745549709,285.1813868750008,-3.708817132248111,17395302027409890490
AC_Response,0.3162277660168379,39.36697999872778,300.425811364213,-0.0381575579104237,14780227274271489565
AC_Response,10.0,38.89567254871546,292.9930878390376,-4.093824219111661,13058981581108217973
AC_Response,1.0,41.48473029075561,294.1535226587993,-0.3568832358065209,4007664404162655079
AC_Response,2.511886431509582,40.66002705988115,288.1838349540611,-1.5053056313911233,6643428527261381718
AC_Response,31.6227766016838,39.64774721352306,306.8220229508652,-6.49027375943689,13277443787381278961
AC_Response,3.981071705534969,38.53132745549709,285.1813868750008,-2.390211067483966,17395302027409890490
AC_Response,40.0,40.07870713980076,299.5411124372077,-6.730646579435796,3083009041752371786
AC_Response,0.1995262314968882,40.75046782180591,305.2870639056014,-0.0133145844670757,1102911703873588363
AC_Response,0.3981071705534968,37.83724802001972,293.41915116225954,-0.0641550963362404,7174223208182595177
AC_Response,0.1258925411794166,42.09307571557734,293.4443281911712,-0.0025263567864596,14925940557847983943
AC_Response,0.2511886431509582,38.92442853409919,306.1252360546967,-0.0229697411624844,17394947245709734813
AC_Response,0.1258925411794166,35.793021097389925,308.86985058095934,-0.0027370004533895,15076552308508060508
AC_Response,0.1,40.714467773434976,300.93677074401546,0.0,9058477443376137994
AC_Response,1.9952623149688828,40.31160828282909,292.8565689112594,-1.16941855196917,13220990961221007809
AC_Response,0.3981071705534968,37.50931802222772,308.1655826328421,-0.0734354653229668,11519709022772450725
AC_Response,1.584893192461111,41.48473029075561,294.1535226587993,-0.7710465823828306,4007664404162655079
AC_Response,25.11886431509582,41.26661222078493,300.2753689300697,-6.279779074584396,5907817959460322520
AC_Response,3.1622776601683795,40.994373738605006,302.9961192294562,-1.895123964818024,9731388305634911064
AC_Response,7.943282347242822,36.16652897024234,304.10393187120707,-3.561659623591197,1769769716334894948
AC_Response,12.589254117941662,41.11142736058992,291.8506686301862,-4.567246752690839,12552086576878223737
AC_Response,40.0,40.65637295368661,296.23853018587084,-6.904804545632048,16406327631433526260
AC_Response,0.1584893192461111,39.43236728729266,296.39638250989714,-0.0065198362671815,4381028864758797162
AC_Response,25.11886431509582,38.28868089781682,299.0569098093356,-6.234311895925135,3766308496770492318
AC_Response,0.1584893192461111,42.33569419095241,299.8381908200232,-0.0069039636162308,8123982087682502409
AC_Response,1.9952623149688828,40.35879763032958,294.16913853899604,-1.1094022778799997,6227566288360181889
AC_Response,39.81071705534969,40.75046782180591,305.2870639056014,-6.523126767433606,1102911703873588363
AC_Response,40.0,42.56757336192149,293.18283111534566,-6.9776480708030695,1435201764501745638
AC_Response,0.1258925411794166,44.82712146868644,302.5978918999191,-0.002497969412015,15638800026818411768
AC_Response,12.589254117941662,38.92442853409919,306.1252360546967,-4.4394021958841945,17394947245709734813
AC_Response,10.0,36.10636397779454,299.96382807834965,-4.132379167966517,6951561072364878352
AC_Response,0.6309573444801944,39.85562670167986,300.93280864091923,-0.1722182273054135,3323206834988836325
AC_Response,6.309573444801943,39.33447860201831,299.4635962010897,-3.102009441263612,15208010537286723207
AC_Response,1.9952623149688828,35.793021097389925,308.86985058095934,-1.1730292472633876,15076552308508060508
AC_Response,19.952623149688822,39.61181207182135,297.3307652107198,-5.668837018582443,17136393541049134550
AC_Response,0.5011872336272715,40.66002705988115,288.1838349540611,-0.1018772720497362,6643428527261381718
AC_Response,5.011872336272715,42.33569419095241,299.8381908200232,-2.7701796480630323,8123982087682502409
AC_Response,7.943282347242822,37.79561575023349,300.3431374384869,-3.565725134619726,8406104627261355859
AC_Response,31.6227766016838,38.45876893881996,290.3471581734896,-7.13036204818046,7554141485682215590
AC_Response,40.0,38.28868089781682,299.0569098093356,-6.796211687226803,3766308496770492318
AC_Response,2.511886431509582,43.13862383173334,296.64614602139693,-1.505738033633455,17985928204657212826
AC_Response,31.6227766016838,39.73131063338137,294.42197627514213,-6.791572233126474,10333268118757093503
AC_Response,0.2511886431509582,41.62971960161597,300.52976098251094,-0.0240025770160425,869685322261252957
AC_Response,12.589254117941662,40.31257836583995,298.21936914217434,-4.495903593714205,12408152172928847518
AC_Response,1.584893192461111,38.08606385532588,297.3563844788412,-0.865214864610226,7393066098584539282
AC_Response,0.5011872336272715,42.25069338145754,304.38892783295006,-0.1055827002499111,12866849828103811731
AC_Response,12.589254117941662,39.90795077029272,306.8673078749587,-4.414708903646394,15468058970195626653
AC_Response,1.9952623149688828,41.79339850063371,299.641349014439,-1.0940590913062225,9066091246669766023
AC_Response,5.011872336272715,40.68035124967265,296.73843693227377,-2.711343683705985,385409706114037048
AC_Response,3.981071705534969,41.79339850063371,299.641349014439,-2.242554538448729,9066091246669766023
AC_Response,1.584893192461111,35.52248114367448,306.4489109295662,-0.8668630998088983,6964906420694514637
AC_Response,19.952623149688822,41.95641496228942,305.9180523366615,-5.489113169127252,4365964196300360401
AC_Response,3.981071705534969,39.18777263938059,307.5354074756815,-2.337015306875494,14030010393685506498
AC_Response,31.6227766016838,39.90381821426863,300.9815905741297,-6.446944726178131,15256650157893810940
AC_Response,25.11886431509582,40.91913452211564,297.20307373531364,-6.159749928033042,12404554437750077034
AC_Response,0.5011872336272715,39.43236728729266,296.39638250989714,-0.1008229963068439,4381028864758797162
AC_Response,7.943282347242822,39.9154735600532,295.8292447353602,-3.547248642202077,5412796333827448456
AC_Response,0.3981071705534968,39.24041391228537,297.93305834844136,-0.0636537957615129,3712240751709899868
AC_Response,7.943282347242822,39.94029005251662,299.6218359156308,-3.4813635443786213,1062234375139852529
AC_Response,5.011872336272715,40.91913452211564,297.20307373531364,-2.6730590296347767,12404554437750077034
AC_Response,0.2511886431509582,41.11142736058992,291.8506686301862,-0.0224737714572249,12552086576878223737
AC_Response,3.1622776601683795,41.79339850063371,299.641349014439,-1.8435971466668524,9066091246669766023
AC_Response,3.1622776601683795,40.66002705988115,288.1838349540611,-1.9108720240938195,6643428527261381718
AC_Response,1.2589254117941662,39.9154735600532,295.8292447353602,-0.5667515470042342,5412796333827448456
AC_Response,3.981071705534969,41.484417545989686,302.7283665488111,-2.2761463427436848,4427417937030231446
AC_Response,25.11886431509582,42.346830624956574,300.5747457097431,-6.2649562511158186,2337157221459530110
AC_Response,7.943282347242822,35.793021097389925,308.86985058095934,-3.516379290801624,15076552308508060508
AC_Response,2.511886431509582,40.248277237816566,302.09732544564235,-1.5290204513415344,3482370874704362668
AC_Response,0.6309573444801944,37.60227540602951,298.4772867617408,-0.1647177381394228,13857080191999532053
AC_Response,3.981071705534969,40.35879763032958,294.16913853899604,-2.2734235522134774,6227566288360181889
AC_Response,7.943282347242822,41.61731424149927,306.85396396460635,-3.49828208825764,260657965530268515
AC_Response,31.6227766016838,40.52844947169319,303.263443359763,-6.523615295301791,560255154383361061
AC_Response,19.952623149688822,40.51326020590248,298.8914974420704,-5.674461860986168,13540594563185179811
AC_Response,1.584893192461111,36.16652897024234,304.10393187120707,-0.8472753694290929,1769769716334894948
AC_Response,0.3162277660168379,40.52844947169319,303.263443359763,-0.039861441695653,560255154383361061
AC_Response,3.981071705534969,42.346830624956574,300.5747457097431,-2.351532023617207,2337157221459530110
AC_Response,7.943282347242822,40.30940301281442,306.6726054586492,-3.5026483337515724,5439972880139275643
AC_Response,0.3981071705534968,42.09307571557734,293.4443281911712,-0.062904828377875,14925940557847983943
AC_Response,0.3981071705534968,39.9154735600532,295.8292447353602,-0.063670288406712,5412796333827448456
AC_Response,6.309573444801943,38.899871401178025,300.40158819211445,-3.087929419407364,6672923565090819279
AC_Response,5.011872336272715,39.43236728729266,296.39638250989714,-2.6734071241103696,4381028864758797162
AC_Response,0.5011872336272715,40.96326376678826,298.8654192354596,-0.1053292735051418,11939704803637804291
AC_Response,5.011872336272715,42.219532217947325,302.0841812978663,-2.649064542884977,6431290111938284445
AC_Response,0.3981071705534968,41.48473029075561,294.1535226587993,-0.059236461972741,4007664404162655079
AC_Response,1.584893192461111,36.36815079533651,301.4558439858307,-0.8460138393089046,6183833702133835153
AC_Response,0.7943282347242822,39.18777263938059,307.5354074756815,-0.2644617449750102,14030010393685506498
AC_Response,31.6227766016838,43.101977222602514,303.9832024614659,-6.489000333358118,14223461640953255652
AC_Response,0.3981071705534968,38.795972505421744,297.7961123434831,-0.0663533557489711,15363827923754144579
AC_Response,10.0,41.79339850063371,299.641349014439,-3.8994732042236273,9066091246669766023
AC_Response,0.7943282347242822,40.58953669016749,293.2225739384997,-0.2522653636782678,7807375178238359560
AC_Response,6.309573444801943,37.60227540602951,298.4772867617408,-3.120505392401451,13857080191999532053
AC_Response,15.848931924611108,38.422268984819695,304.0303353891022,-5.072903777321981,10399213306103495125
AC_Response,0.2511886431509582,42.219532217947325,302.0841812978663,-0.0224487532471955,6431290111938284445
AC_Response,2.511886431509582,39.85430360518959,306.74502895459364,-1.5281219398732089,16546631726138751512
AC_Response,6.309573444801943,39.047727684139495,305.18782525816323,-3.145313184738177,9536545485233975021
AC_Response,12.589254117941662,38.96317500489286,311.33012415162744,-4.431874774882457,17007921468252437021
AC_Response,1.0,42.25069338145754,304.38892783295006,-0.392402657520432,12866849828103811731
AC_Response,1.9952623149688828,40.19858533526689,297.9110382121584,-1.139990292053453,17871160977092490614
AC_Response,7.943282347242822,40.55455133934368,303.4784744400111,-3.534224004891252,6782381353331258888
AC_Response,1.0,34.826156523967086,290.8089263982084,-0.3934030580901286,15165174592579684514
AC_Response,39.81071705534969,42.346830624956574,300.5747457097431,-6.755302724590533,2337157221459530110
AC_Response,1.9952623149688828,37.60227540602951,298.4772867617408,-1.1463343486637323,13857080191999532053
AC_Response,25.11886431509582,38.88005077046229,301.691940704981,-6.158190841351695,5417274375214438322
AC_Response,1.9952623149688828,40.79653471954481,301.4383600393062,-1.1555754496738615,4950770812450199952
AC_Response,25.11886431509582,40.65637295368661,296.23853018587084,-6.36395546889978,16406327631433526260
AC_Response,1.2589254117941662,43.278933930679706,307.8168200832177,-0.5906163130652766,4776793572509321654
AC_Response,0.1995262314968882,37.50931802222772,308.1655826328421,-0.0150221616350727,11519709022772450725
AC_Response,6.309573444801943,39.90795077029272,306.8673078749587,-3.0980139731611023,15468058970195626653
AC_Response,0.3981071705534968,38.31893407640898,299.3638589999156,-0.061370271986886,8619026027835737365
AC_Response,19.952623149688822,41.79339850063371,299.641349014439,-5.544392065471366,9066091246669766023
AC_Response,0.1995262314968882,42.219532217947325,302.0841812978663,-0.0126444729548284,6431290111938284445
AC_Response,7.943282347242822,39.56928699408093,298.75903253628616,-3.6110555272574456,17177253068705741675
AC_Response,0.3981071705534968,40.58953669016749,293.2225739384997,-0.0642843190638475,7807375178238359560
AC_Response,40.0,41.61731424149927,306.85396396460635,-6.508079104181839,260657965530268515
AC_Response,31.6227766016838,37.334947088248434,294.43440760000914,-6.699710790774462,15599116176485750453
AC_Response,0.3162277660168379,37.83724802001972,293.41915116225954,-0.0392034514833081,7174223208182595177
AC_Response,3.981071705534969,37.334947088248434,294.43440760000914,-2.299438728562274,15599116176485750453
AC_Response,7.943282347242822,40.58953669016749,293.2225739384997,-3.5341821267086475,7807375178238359560
AC_Response,5.011872336272715,40.94136333558407,299.94201571725745,-2.7306201610938934,14684909485850387430
AC_Response,7.943282347242822,38.96317500489286,311.33012415162744,-3.501839219066041,17007921468252437021
AC_Response,39.81071705534969,40.68035124967265,296.73843693227377,-6.856924623040718,385409706114037048
AC_Response,39.81071705534969,40.32755095458103,299.70047987606006,-6.757332566628316,9319956976912993182
AC_Response,6.309573444801943,40.19858533526689,297.9110382121584,-3.1107249828087573,17871160977092490614
AC_Response,7.943282347242822,40.19858533526689,297.9110382121584,-3.532407196859621,17871160977092490614
AC_Response,1.0,39.11984591644459,301.1260229250646,-0.4094459978216409,9610535940819629000
AC_Response,0.1584893192461111,39.9154735600532,295.8292447353602,-0.0066027745033997,5412796333827448456
AC_Response,0.2511886431509582,38.96317500489286,311.33012415162744,-0.0239251722469111,17007921468252437021
AC_Response,10.0,34.826156523967086,290.8089263982084,-4.120248786248299,15165174592579684514
AC_Response,40.0,38.899871401178025,300.40158819211445,-6.691944491230543,6672923565090819279
AC_Response,31.6227766016838,41.29986197643443,296.3385514465405,-6.884705882022368,4988707599086321867
AC_Response,39.81071705534969,38.795972505421744,297.7961123434831,-7.112103672850133,15363827923754144579
AC_Response,12.589254117941662,41.28793476116813,303.0641722996054,-4.493401086911176,16945873912842908627
AC_Response,0.3981071705534968,40.32854625878799,294.3650499716886,-0.0656963568986211,17204210023338359435
AC_Response,31.6227766016838,39.85430360518959,306.74502895459364,-6.3482905075944505,16546631726138751512
AC_Response,0.1258925411794166,42.219532217947325,302.0841812978663,-0.0024891242522266,6431290111938284445
AC_Response,31.6227766016838,39.51420947268076,305.7035776891924,-6.57822402568983,4365530570025844449
AC_Response,12.589254117941662,39.047727684139495,305.18782525816323,-4.508143685235593,9536545485233975021
AC_Response,3.1622776601683795,40.78433779833217,301.9145433801493,-1.8813344713797653,894797089121886199
AC_Response,39.81071705534969,38.33334239027114,293.10089722857373,-7.055026298895499,7035166681821702163
AC_Response,0.2511886431509582,35.793021097389925,308.86985058095934,-0.0246683005782566,15076552308508060508
AC_Response,3.981071705534969,43.06550150160359,292.35304316269765,-2.3605421732393737,2038187770712329087
AC_Response,15.848931924611108,39.325337668236735,299.6111127589073,-5.08805349067837,15493075907902210391
AC_Response,6.309573444801943,38.28868089781682,299.0569098093356,-3.095820211370139,3766308496770492318
AC_Response,12.589254117941662,36.10636397779454,299.96382807834965,-4.654252420876836,6951561072364878352
AC_Response,0.3162277660168379,37.79561575023349,300.3431374384869,-0.0420605689433865,8406104627261355859
AC_Response,3.981071705534969,41.193035529790656,301.7038514591378,-2.354873434533593,2554276162761610342
AC_Response,0.5011872336272715,42.543125490608695,301.3994726877767,-0.1013294393039265,8259856114936990545
AC_Response,7.943282347242822,39.61181207182135,297.3307652107198,-3.4845310760124955,17136393541049134550
AC_Response,3.1622776601683795,38.28868089781682,299.0569098093356,-1.8968054759451607,3766308496770492318
AC_Response,0.3162277660168379,38.899871401178025,300.40158819211445,-0.0381913613723899,6672923565090819279
AC_Response,15.848931924611108,40.66002705988115,288.1838349540611,-5.281019887271532,6643428527261381718
AC_Response,0.3162277660168379,39.73131063338137,294.42197627514213,-0.0380253964373466,10333268118757093503
AC_Response,1.584893192461111,39.047727684139495,305.18782525816323,-0.8612619496532443,9536545485233975021
AC_Response,1.584893192461111,40.47383155665718,295.6008889602198,-0.8164024799175089,6410035451867130339
AC_Response,1.0,44.50977871149023,303.263152322465,-0.3758558791336623,15483355832083528190
AC_Response,19.952623149688822,41.28793476116813,303.0641722996054,-5.662951271056297,16945873912842908627
AC_Response,0.3162277660168379,43.167246359099664,298.50956140834,-0.0382428008288798,3765347373034185731
AC_Response,31.6227766016838,40.248277237816566,302.09732544564235,-6.627831948761206,3482370874704362668
AC_Response,0.6309573444801944,40.31257836583995,298.21936914217434,-0.157974047757474,12408152172928847518
AC_Response,0.6309573444801944,41.27682283342508,300.8565986758517,-0.1598831360930818,3063462922452919031
AC_Response,0.1258925411794166,38.978559546027874,295.06946514256083,-0.0025267391126846,5230745145462099467
AC_Response,0.5011872336272715,42.33569419095241,299.8381908200232,-0.1066732508663109,8123982087682502409
AC_Response,15.848931924611108,42.09307571557734,293.4443281911712,-5.176461857310986,14925940557847983943
AC_Response,40.0,40.55455133934368,303.4784744400111,-6.596368284709309,6782381353331258888
AC_Response,1.584893192461111,40.35879763032958,294.16913853899604,-0.7996690592173563,6227566288360181889
AC_Response,15.848931924611108,38.81204244575611,302.5323056028984,-5.179175799478787,4131187287421323234
AC_Response,0.7943282347242822,42.543125490608695,301.3994726877767,-0.2482739770041646,8259856114936990545
AC_Response,10.0,41.28793476116813,303.0641722996054,-3.978691478613388,16945873912842908627
AC_Response,19.952623149688822,41.129719458135625,288.0815978442095,-5.894639989117559,14542734286284699756
AC_Response,0.5011872336272715,38.31893407640898,299.3638589999156,-0.0984617058005747,8619026027835737365
AC_Response,6.309573444801943,38.96317500489286,311.33012415162744,-3.094323049671158,17007921468252437021
AC_Response,0.2511886431509582,37.99663516660689,298.18972265332246,-0.0226508732299626,8038139640542861367
AC_Response,1.2589254117941662,40.66002705988115,288.1838349540611,-0.5661282780681529,6643428527261381718
AC_Response,3.981071705534969,40.714467773434976,300.93677074401546,-2.3000694052334127,9058477443376137994
AC_Response,15.848931924611108,36.322106531247385,300.55707391972635,-5.177109012218891,13894251431710084294
AC_Response,3.1622776601683795,40.06029068650691,301.1540677406581,-1.8888942699003384,7954056211698152112
AC_Response,0.3162277660168379,39.7132385315927,304.62183232922587,-0.0400287567228129,10528525010244697505
AC_Response,0.5011872336272715,40.65637295368661,296.23853018587084,-0.1076253752024004,16406327631433526260
AC_Response,0.1258925411794166,37.39117268896573,297.8667082132286,-0.0026825078620176,12671372268648671805
AC_Response,3.1622776601683795,39.56928699408093,298.75903253628616,-1.963720412716716,17177253068705741675
AC_Response,0.6309573444801944,41.27631172344517,301.59948365785385,-0.163361761386331,14080291052260215929
AC_Response,2.511886431509582,41.04225055349912,296.5414644902,-1.5481529530861602,6763556109530919502
AC_Response,2.511886431509582,38.53132745549709,285.1813868750008,-1.5522949996073945,17395302027409890490
AC_Response,1.584893192461111,42.346830624956574,300.5747457097431,-0.8375989224474455,2337157221459530110
AC_Response,7.943282347242822,39.85430360518959,306.74502895459364,-3.522098314660296,16546631726138751512
AC_Response,0.6309573444801944,38.42173874228168,293.06092698472065,-0.161236062920556,9170926497845462766
AC_Response,5.011872336272715,39.58517778577758,297.0863250737395,-2.755156165062691,13884065282437346191
AC_Response,15.848931924611108,42.543125490608695,301.3994726877767,-5.022184954091161,8259856114936990545
AC_Response,0.3162277660168379,37.39117268896573,297.8667082132286,-0.0407776457672969,12671372268648671805
AC_Response,0.2511886431509582,43.167246359099664,298.50956140834,-0.022676537100463,3765347373034185731
AC_Response,0.7943282347242822,37.39117268896573,297.8667082132286,-0.2615164286924383,12671372268648671805
AC_Response,15.848931924611108,39.9154735600532,295.8292447353602,-5.095019922635293,5412796333827448456
AC_Response,0.1995262314968882,38.21649432972869,303.56534322943094,-0.013771920777518,10796982964429426044
AC_Response,1.584893192461111,39.90607827400121,296.137708789732,-0.8668379185156384,10133735033454427345
AC_Response,40.0,41.29986197643443,296.3385514465405,-7.017396670886692,4988707599086321867
AC_Response,0.1584893192461111,40.19858533526689,297.9110382121584,-0.0067114426690848,17871160977092490614
AC_Response,25.11886431509582,38.23677890677304,298.10055132439214,-6.377862665058908,16541905887176100137
AC_Response,1.0,39.90607827400121,296.137708789732,-0.4082748963859386,10133735033454427345
AC_Response,0.1584893192461111,38.31893407640898,299.3638589999156,-0.0063623689873866,8619026027835737365
AC_Response,2.511886431509582,37.334947088248434,294.43440760000914,-1.487745699363757,15599116176485750453
AC_Response,0.1258925411794166,43.08491203323523,298.5763734449834,-0.0025763541803191,440727550293168112
AC_Response,0.5011872336272715,38.50508417894045,294.1262317171733,-0.1062166333474227,7408968043820680965
AC_Response,39.81071705534969,38.53132745549709,285.1813868750008,-7.553204412446099,17395302027409890490
AC_Response,2.511886431509582,40.55455133934368,303.4784744400111,-1.5608635981560464,6782381353331258888
AC_Response,40.0,39.94029005251662,299.6218359156308,-6.597610205222186,1062234375139852529
AC_Response,2.511886431509582,36.589080383233394,294.68809277779184,-1.512741725378539,15915415103177725736
AC_Response,0.5011872336272715,41.62971960161597,300.52976098251094,-0.1061476157055853,869685322261252957
AC_Response,1.0,38.795972505421744,297.7961123434831,-0.3959420272945679,15363827923754144579
AC_Response,0.1584893192461111,40.07870713980076,299.5411124372077,-0.0066602433319667,3083009041752371786
AC_Response,12.589254117941662,42.17824256593523,298.72995545788456,-4.477324763019767,8469384274296772994
AC_Response,6.309573444801943,39.34847113068841,298.5552181462747,-3.1455802735521003,9131232228778995290
AC_Response,12.589254117941662,40.47383155665718,295.6008889602198,-4.565306294506634,6410035451867130339
AC_Response,0.2511886431509582,41.08562699346509,303.58650370690776,-0.024117737974204,631923151567513377
AC_Response,19.952623149688822,40.77134716523017,305.22981462209646,-5.572465401273488,9738090587319443504
AC_Response,6.309573444801943,43.08491203323523,298.5763734449834,-3.112198799570092,440727550293168112
AC_Response,1.584893192461111,40.55455133934368,303.4784744400111,-0.8662305545590404,6782381353331258888
AC_Response,6.309573444801943,39.325337668236735,299.6111127589073,-3.112666977621408,15493075907902210391
AC_Response,0.6309573444801944,38.858183000543626,295.7855807653235,-0.167216317112217,9262064648931476805
AC_Response,0.3162277660168379,40.80112322251315,299.2329513672896,-0.0397916470963913,1295526639106515549
AC_Response,3.981071705534969,41.28793476116813,303.0641722996054,-2.299780652055344,16945873912842908627
AC_Response,3.981071705534969,37.12870103512795,297.3410066095633,-2.394192579592594,5086348268569391686
AC_Response,10.0,39.21209704786501,303.00410991721293,-3.91482868448555,4763887798637117351
AC_Response,10.0,37.207464786418186,297.95471711920453,-4.027340940872314,10318556855553405500
AC_Response,0.1584893192461111,40.96326376678826,298.8654192354596,-0.006816793535829,11939704803637804291
AC_Response,1.2589254117941662,40.55455133934368,303.4784744400111,-0.6059258231040404,6782381353331258888
AC_Response,1.0,39.21856251436128,307.7679942040925,-0.3920712747799793,2454564730666304252
AC_Response,0.3981071705534968,42.56757336192149,293.18283111534566,-0.0621011909278658,1435201764501745638
AC_Response,0.3981071705534968,39.11984591644459,301.1260229250646,-0.06897423207938,9610535940819629000
AC_Response,0.7943282347242822,40.06029068650691,301.1540677406581,-0.2483249882671459,7954056211698152112
AC_Response,3.981071705534969,41.48473029075561,294.1535226587993,-2.2431080264532297,4007664404162655079
AC_Response,0.3981071705534968,38.92442853409919,306.1252360546967,-0.0633903375393695,17394947245709734813
AC_Response,0.1995262314968882,43.40306406282464,301.888862689621,-0.0123233131961674,9481571324980869556
AC_Response,0.1995262314968882,40.32755095458103,299.70047987606006,-0.0124518959243877,9319956976912993182
AC_Response,12.589254117941662,34.84085283436253,301.39850617403,-4.556661099059815,16751146966542148650
AC_Response,39.81071705534969,42.54178389838287,305.55199671356803,-6.42491388777187,3537787434630592613
AC_Response,0.3162277660168379,41.48473029075561,294.1535226587993,-0.0361738922865296,4007664404162655079
AC_Response,0.1,41.61971486534147,298.1037724082114,0.0,1131457513323140606
AC_Response,0.1584893192461111,39.33731057072893,297.69705044733973,-0.0065734438859405,3402320749389468369
AC_Response,39.81071705534969,38.55163090195673,309.2198732722366,-6.71382979101288,4787501490018871704
AC_Response,10.0,39.85562670167986,300.93280864091923,-4.048159631395753,3323206834988836325
AC_Response,40.0,43.08491203323523,298.5763734449834,-6.777169329443527,440727550293168112
AC_Response,0.3162277660168379,37.69553984942066,294.1521471075916,-0.0431319571206908,8666257842429149026
AC_Response,25.11886431509582,43.06550150160359,292.35304316269765,-6.523977444096278,2038187770712329087
AC_Response,0.1258925411794166,37.83724802001972,293.41915116225954,-0.0025782157404146,7174223208182595177
AC_Response,0.2511886431509582,38.899871401178025,300.40158819211445,-0.0226452408771226,6672923565090819279
AC_Response,15.848931924611108,40.43386356777175,305.1954997344612,-5.017931947414875,15766262156413488926
AC_Response,2.511886431509582,41.97319841319997,303.92619603855775,-1.4645856244151454,959363961973256592
AC_Response,1.0,40.994373738605006,302.9961192294562,-0.3830968760745162,9731388305634911064
AC_Response,19.952623149688822,38.57283152042447,302.4090006102026,-5.72551955679663,1015852638890412653
AC_Response,1.584893192461111,41.28793476116813,303.0641722996054,-0.8193527496550697,16945873912842908627
AC_Response,0.1995262314968882,41.43318212059344,299.0815860986159,-0.0136862527355533,6042616877882084778
AC_Response,0.1995262314968882,38.899871401178025,300.40158819211445,-0.0127550187577439,6672923565090819279
AC_Response,7.943282347242822,39.7132385315927,304.62183232922587,-3.500175954917289,10528525010244697505
AC_Response,0.1995262314968882,43.13862383173334,296.64614602139693,-0.0131291798877537,17985928204657212826
AC_Response,2.511886431509582,38.978559546027874,295.06946514256083,-1.4908844111988928,5230745145462099467
AC_Response,3.1622776601683795,34.826156523967086,290.8089263982084,-1.953776891531364,15165174592579684514
AC_Response,3.1622776601683795,34.84085283436253,301.39850617403,-1.9961540868973324,16751146966542148650
AC_Response,3.981071705534969,38.92442853409919,306.1252360546967,-2.280520975520941,17394947245709734813
AC_Response,0.2511886431509582,42.543125490608695,301.3994726877767,-0.022885681548516,8259856114936990545
AC_Response,0.3162277660168379,41.9345213676303,296.5403011366731,-0.0390940695878372,2996005905799625730
AC_Response,0.1258925411794166,38.795972505421744,297.7961123434831,-0.0026672079283194,15363827923754144579
AC_Response,0.2511886431509582,39.85430360518959,306.74502895459364,-0.0239769268708078,16546631726138751512
AC_Response,7.943282347242822,40.35879763032958,294.16913853899604,-3.514584102851309,6227566288360181889
AC_Response,0.5011872336272715,36.73791801396338,295.61725668807514,-0.1051582345254019,17008765120125666942
AC_Response,39.81071705534969,39.7132385315927,304.62183232922587,-6.562371148632923,10528525010244697505
AC_Response,31.6227766016838,41.27682283342508,300.8565986758517,-6.73299318231746,3063462922452919031
AC_Response,0.7943282347242822,39.7132385315927,304.62183232922587,-0.256665401299327,10528525010244697505
AC_Response,0.6309573444801944,38.28868089781682,299.0569098093356,-0.163019763665362,3766308496770492318
AC_Response,25.11886431509582,43.13862383173334,296.64614602139693,-6.30534777518747,17985928204657212826
AC_Response,1.2589254117941662,42.09307571557734,293.4443281911712,-0.5609645409412585,14925940557847983943
AC_Response,1.9952623149688828,41.28793476116813,303.0641722996054,-1.1335655463409855,16945873912842908627
AC_Response,0.1258925411794166,37.334947088248434,294.43440760000914,-0.0025161041229581,15599116176485750453
AC_Response,19.952623149688822,40.248277237816566,302.09732544564235,-5.6357090771692855,3482370874704362668
AC_Response,1.2589254117941662,40.58953669016749,293.2225739384997,-0.5698682707300837,7807375178238359560
AC_Response,12.589254117941662,38.31893407640898,299.3638589999156,-4.470248079636575,8619026027835737365
AC_Response,1.0,38.23677890677304,298.10055132439214,-0.4140441094446943,16541905887176100137
AC_Response,3.981071705534969,40.06029068650691,301.1540677406581,-2.2951558690471248,7954056211698152112
AC_Response,3.981071705534969,39.24041391228537,297.93305834844136,-2.290192326618304,3712240751709899868
AC_Response,2.511886431509582,39.64774721352306,306.8220229508652,-1.5751172142095216,13277443787381278961
AC_Response,0.7943282347242822,40.78433779833217,301.9145433801493,-0.2494118580323073,894797089121886199
AC_Response,0.3162277660168379,38.8972081784186,297.8606493603604,-0.0416402168766801,11533468067055250155
AC_Response,0.1584893192461111,38.55163090195673,309.2198732722366,-0.0072671093970857,4787501490018871704
AC_Response,2.511886431509582,39.94029005251662,299.6218359156308,-1.4620290522506207,1062234375139852529
AC_Response,1.0,40.75166342427999,301.0515477079729,-0.3858181339611211,5730813955982425338
AC_Response,5.011872336272715,41.97319841319997,303.92619603855775,-2.6450707148973245,959363961973256592
AC_Response,0.5011872336272715,38.25394170360681,296.3367780179062,-0.102744291971899,1787945062278856569
AC_Response,7.943282347242822,38.858183000543626,295.7855807653235,-3.606449452262229,9262064648931476805
AC_Response,1.0,38.45876893881996,290.3471581734896,-0.3746546988602902,7554141485682215590
AC_Response,0.3162277660168379,36.36815079533651,301.4558439858307,-0.0408226209435969,6183833702133835153
AC_Response,0.1,40.07870713980076,299.5411124372077,0.0,3083009041752371786
AC_Response,0.6309573444801944,39.36697999872778,300.425811364213,-0.1580778243951701,14780227274271489565
AC_Response,1.0,40.248277237816566,302.09732544564235,-0.3950300131591344,3482370874704362668
AC_Response,2.511886431509582,42.346830624956574,300.5747457097431,-1.5340981983854916,2337157221459530110
AC_Response,19.952623149688822,38.81204244575611,302.5323056028984,-5.776796993210086,4131187287421323234
AC_Response,25.11886431509582,38.21649432972869,303.56534322943094,-6.220875688748929,10796982964429426044
AC_Response,15.848931924611108,41.08562699346509,303.58650370690776,-5.021550889616954,631923151567513377
AC_Response,3.981071705534969,40.52844947169319,303.263443359763,-2.30012752430897,560255154383361061
AC_Response,1.0,39.36697999872778,300.425811364213,-0.3738177447944445,14780227274271489565
AC_Response,0.1,40.96326376678826,298.8654192354596,0.0,11939704803637804291
AC_Response,12.589254117941662,41.08562699346509,303.58650370690776,-4.48100279104856,631923151567513377
AC_Response,0.2511886431509582,38.28868089781682,299.0569098093356,-0.0233624465451232,3766308496770492318
AC_Response,0.1,38.57283152042447,302.4090006102026,0.0,1015852638890412653
AC_Response,5.011872336272715,39.11984591644459,301.1260229250646,-2.77591691357356,9610535940819629000
AC_Response,0.3981071705534968,39.05845567786759,297.2376267822416,-0.0657685918216621,6308849522308401573
AC_Response,1.584893192461111,39.18777263938059,307.5354074756815,-0.8513408111602893,14030010393685506498
AC_Response,0.7943282347242822,39.11984591644459,301.1260229250646,-0.2697236529528625,9610535940819629000
AC_Response,1.9952623149688828,39.73131063338137,294.42197627514213,-1.1137214801581778,10333268118757093503
AC_Response,0.1995262314968882,38.81204244575611,302.5323056028984,-0.0142497562891509,4131187287421323234
AC_Response,5.011872336272715,41.61731424149927,306.85396396460635,-2.6973464789046337,260657965530268515
AC_Response,1.584893192461111,41.27682283342508,300.8565986758517,-0.8093333291331635,3063462922452919031
AC_Response,39.81071705534969,40.55455133934368,303.4784744400111,-6.598147805544229,6782381353331258888
AC_Response,0.6309573444801944,39.0211226249472,305.0510216058231,-0.1661441571228913,14932880946049592786
AC_Response,10.0,40.58953669016749,293.2225739384997,-4.0087059592134855,7807375178238359560
AC_Response,0.1,41.193035529790656,301.7038514591378,0.0,2554276162761610342
AC_Response,12.589254117941662,41.95641496228942,305.9180523366615,-4.385400468130163,4365964196300360401
AC_Response,10.0,39.85430360518959,306.74502895459364,-3.9609118770028,16546631726138751512
AC_Response,40.0,40.01001805266426,305.28831051478386,-6.559588709213865,1115091621525583977
AC_Response,39.81071705534969,37.60227540602951,298.4772867617408,-6.704272964196151,13857080191999532053
AC_Response,0.7943282347242822,41.08562699346509,303.58650370690776,-0.2606325953331139,631923151567513377
AC_Response,0.1258925411794166,41.93453001893169,295.92616711681853,-0.0026074916351801,8171303673975013206
AC_Response,7.943282347242822,41.26661222078493,300.2753689300697,-3.5276045411940835,5907817959460322520
AC_Response,25.11886431509582,38.8972081784186,297.8606493603604,-6.35475411755301,11533468067055250155
AC_Response,1.584893192461111,36.10636397779454,299.96382807834965,-0.8774430823301281,6951561072364878352
AC_Response,0.1258925411794166,38.42173874228168,293.06092698472065,-0.0025585738087001,9170926497845462766
AC_Response,39.81071705534969,40.06029068650691,301.1540677406581,-6.663265913157476,7954056211698152112
AC_Response,3.1622776601683795,39.51420947268076,305.7035776891924,-1.9886920942256203,4365530570025844449
AC_Response,31.6227766016838,41.95641496228942,305.9180523366615,-6.418886219714155,4365964196300360401
AC_Response,39.81071705534969,41.29986197643443,296.3385514465405,-7.018582787054585,4988707599086321867
AC_Response,0.1584893192461111,36.73791801396338,295.61725668807514,-0.0068073186114499,17008765120125666942
AC_Response,15.848931924611108,37.99663516660689,298.18972265332246,-5.022151640020741,8038139640542861367
AC_Response,5.011872336272715,39.05845567786759,297.2376267822416,-2.737792020580858,6308849522308401573
AC_Response,0.6309573444801944,40.47383155665718,295.6008889602198,-0.1612602275029772,6410035451867130339
AC_Response,1.0,40.87821813200619,300.974125232131,-0.3880067593064129,3939891858067812807
AC_Response,0.1584893192461111,40.94136333558407,299.94201571725745,-0.0068106070978387,14684909485850387430
AC_Response,19.952623149688822,40.32854625878799,294.3650499716886,-5.832152243070975,17204210023338359435
AC_Response,0.6309573444801944,34.826156523967086,290.8089263982084,-0.1665002573018105,15165174592579684514
AC_Response,0.7943282347242822,40.19858533526689,297.9110382121584,-0.2538096252337014,17871160977092490614
AC_Response,3.981071705534969,40.51326020590248,298.8914974420704,-2.2840918673283155,13540594563185179811
AC_Response,0.1584893192461111,38.899871401178025,300.40158819211445,-0.0064819906076645,6672923565090819279
AC_Response,3.981071705534969,40.55316862193092,296.6314874710408,-2.260618500341073,12484285608964576027
AC_Response,0.1995262314968882,41.08562699346509,303.58650370690776,-0.0135870418503344,631923151567513377
AC_Response,25.11886431509582,37.207464786418186,297.95471711920453,-6.310273459888634,10318556855553405500
AC_Response,1.584893192461111,42.543125490608695,301.3994726877767,-0.810194071347766,8259856114936990545
AC_Response,0.3981071705534968,39.85430360518959,306.74502895459364,-0.0661413574581395,16546631726138751512
AC_Response,1.2589254117941662,43.13862383173334,296.64614602139693,-0.5708821337739642,17985928204657212826
AC_Response,1.0,39.66536493364173,302.3426017448898,-0.4029277812254342,11523722328579267051
AC_Response,1.584893192461111,38.21649432972869,303.56534322943094,-0.8493213351924923,10796982964429426044
AC_Response,0.3162277660168379,40.32755095458103,299.70047987606006,-0.0372868994794971,9319956976912993182
AC_Response,7.943282347242822,42.13424050837239,300.34884642744885,-3.497866639746261,7248124264218123782
AC_Response,40.0,41.11142736058992,291.8506686301862,-6.859295433359126,12552086576878223737
AC_Response,0.1584893192461111,37.12870103512795,297.3410066095633,-0.0072744492837193,5086348268569391686
AC_Response,3.1622776601683795,39.11984591644459,301.1260229250646,-1.971830522047332,9610535940819629000
AC_Response,7.943282347242822,41.27682283342508,300.8565986758517,-3.518838650123684,3063462922452919031
AC_Response,1.9952623149688828,36.73791801396338,295.61725668807514,-1.150710223705209,17008765120125666942
AC_Response,0.6309573444801944,40.32854625878799,294.3650499716886,-0.1661138535838351,17204210023338359435
AC_Response,0.1995262314968882,42.346830624956574,300.5747457097431,-0.0133970833528467,2337157221459530110
AC_Response,0.6309573444801944,40.68035124967265,296.73843693227377,-0.1605485496374392,385409706114037048
AC_Response,7.943282347242822,38.8972081784186,297.8606493603604,-3.6177412612735775,11533468067055250155
AC_Response,7.943282347242822,41.97319841319997,303.92619603855775,-3.4472261794114467,959363961973256592
AC_Response,10.0,37.83724802001972,293.41915116225954,-4.023099974596397,7174223208182595177
AC_Response,12.589254117941662,43.101977222602514,303.9832024614659,-4.466752998173813,14223461640953255652
AC_Response,2.511886431509582,38.25394170360681,296.3367780179062,-1.4972501110779757,1787945062278856569
AC_Response,0.6309573444801944,42.25069338145754,304.38892783295006,-0.1664668378979113,12866849828103811731
AC_Response,31.6227766016838,43.40306406282464,301.888862689621,-6.4012411968689005,9481571324980869556
AC_Response,25.11886431509582,42.09307571557734,293.4443281911712,-6.396293857162099,14925940557847983943
AC_Response,39.81071705534969,41.79339850063371,299.641349014439,-6.60111644403051,9066091246669766023
AC_Response,0.7943282347242822,39.34847113068841,298.5552181462747,-0.2620292337115953,9131232228778995290
AC_Response,0.1995262314968882,39.11984591644459,301.1260229250646,-0.014094473675582,9610535940819629000
AC_Response,12.589254117941662,36.16652897024234,304.10393187120707,-4.537559328693682,1769769716334894948
AC_Response,12.589254117941662,39.34847113068841,298.5552181462747,-4.562433998155862,9131232228778995290
AC_Response,12.589254117941662,44.50977871149023,303.263152322465,-4.406019296573104,15483355832083528190
AC_Response,0.1,40.66002705988115,288.1838349540611,0.0,6643428527261381718
AC_Response,0.5011872336272715,39.11984591644459,301.1260229250646,-0.1105230280883709,9610535940819629000
AC_Response,31.6227766016838,40.31160828282909,292.8565689112594,-6.942875222566304,13220990961221007809
AC_Response,0.6309573444801944,39.33447860201831,299.4635962010897,-0.1635478869819709,15208010537286723207
AC_Response,0.1995262314968882,37.12870103512795,297.3410066095633,-0.0143112755583601,5086348268569391686
AC_Response,1.584893192461111,39.90381821426863,300.9815905741297,-0.7906196862927816,15256650157893810940
AC_Response,10.0,40.51326020590248,298.8914974420704,-3.973142838926072,13540594563185179811
AC_Response,1.9952623149688828,40.248277237816566,302.09732544564235,-1.1591118487660397,3482370874704362668
AC_Response,1.9952623149688828,37.10727035463277,300.4554170460457,-1.1826805251866668,16422739178917769296
AC_Response,1.2589254117941662,42.17824256593523,298.72995545788456,-0.5526286965356243,8469384274296772994
AC_Response,0.2511886431509582,43.06550150160359,292.35304316269765,-0.0238308814645731,2038187770712329087
AC_Response,31.6227766016838,38.96317500489286,311.33012415162744,-6.425552335270072,17007921468252437021
AC_Response,0.6309573444801944,37.83724802001972,293.41915116225954,-0.1622929825590582,7174223208182595177
AC_Response,0.2511886431509582,43.08491203323523,298.5763734449834,-0.0232324607521041,440727550293168112
AC_Response,1.9952623149688828,38.858183000543626,295.7855807653235,-1.1640718529686804,9262064648931476805
AC_Response,0.6309573444801944,40.75046782180591,305.2870639056014,-0.1648597288279698,1102911703873588363
AC_Response,39.81071705534969,39.56928699408093,298.75903253628616,-6.957708993579361,17177253068705741675
AC_Response,7.943282347242822,39.90607827400121,296.137708789732,-3.611526008829897,10133735033454427345
AC_Response,1.2589254117941662,40.96326376678826,298.8654192354596,-0.5815564926880825,11939704803637804291
AC_Response,6.309573444801943,40.31160828282909,292.8565689112594,-3.1773485252403706,13220990961221007809
AC_Response,19.952623149688822,37.83724802001972,293.41915116225954,-5.795759458150137,7174223208182595177
AC_Response,2.511886431509582,38.8972081784186,297.8606493603604,-1.5648915958731378,11533468067055250155
AC_Response,1.584893192461111,40.43386356777175,305.1954997344612,-0.8281152765158277,15766262156413488926
AC_Response,25.11886431509582,38.858183000543626,295.7855807653235,-6.386949271615085,9262064648931476805
AC_Response,40.0,40.47383155665718,295.6008889602198,-6.965439281446883,6410035451867130339
AC_Response,39.81071705534969,37.12870103512795,297.3410066095633,-6.969677215963452,5086348268569391686
AC_Response,1.584893192461111,38.96317500489286,311.33012415162744,-0.8351029576547739,17007921468252437021
AC_Response,19.952623149688822,40.75046782180591,305.2870639056014,-5.5252168491754,1102911703873588363
AC_Response,0.3981071705534968,41.64371883461047,301.63426669668445,-0.0678064920191037,7077229970648675251
AC_Response,3.981071705534969,42.25069338145754,304.38892783295006,-2.318412889544969,12866849828103811731
AC_Response,0.3162277660168379,40.31160828282909,292.8565689112594,-0.0407786743787606,13220990961221007809
AC_Response,0.5011872336272715,42.87746783295031,307.55593866537106,-0.1069312030025411,8801835938313083490
AC_Response,12.589254117941662,39.05845567786759,297.2376267822416,-4.570029967850619,6308849522308401573
AC_Response,1.0,40.96326376678826,298.8654192354596,-0.3919380464311336,11939704803637804291
AC_Response,0.6309573444801944,42.04226242943757,288.6545802497056,-0.1568950102246318,14598686425886924939
AC_Response,25.11886431509582,37.39117268896573,297.8667082132286,-6.170144781326805,12671372268648671805
AC_Response,19.952623149688822,41.26661222078493,300.2753689300697,-5.694068209071991,5907817959460322520
AC_Response,5.011872336272715,38.89567254871546,292.9930878390376,-2.7578519695858046,13058981581108217973
AC_Response,0.3162277660168379,37.60227540602951,298.4772867617408,-0.0398065382917735,13857080191999532053
AC_Response,1.0,36.16652897024234,304.10393187120707,-0.3988809300501805,1769769716334894948
AC_Response,1.0,41.26661222078493,300.2753689300697,-0.3781978583872525,5907817959460322520
AC_Response,0.6309573444801944,38.25394170360681,296.3367780179062,-0.1620700409541017,1787945062278856569
AC_Response,39.81071705534969,41.97319841319997,303.92619603855775,-6.555707347582541,959363961973256592
AC_Response,1.9952623149688828,43.06550150160359,292.35304316269765,-1.1616959699353726,2038187770712329087
AC_Response,0.6309573444801944,39.64774721352306,306.8220229508652,-0.1769582404093362,13277443787381278961
AC_Response,0.3162277660168379,38.57048554783602,303.1708876105774,-0.0407944253617891,9443669834932015687
AC_Response,1.2589254117941662,38.96317500489286,311.33012415162744,-0.582065938047363,17007921468252437021
AC_Response,0.7943282347242822,39.58517778577758,297.0863250737395,-0.2582735238828524,13884065282437346191
AC_Response,0.7943282347242822,40.32854625878799,294.3650499716886,-0.2576543791907451,17204210023338359435
AC_Response,0.1,42.219532217947325,302.0841812978663,0.0,6431290111938284445
AC_Response,39.81071705534969,41.83782044136868,301.83723728961854,-6.603473607041449,9082082196135538154
AC_Response,0.1995262314968882,39.85430360518959,306.74502895459364,-0.0135074860478669,16546631726138751512
AC_Response,0.1,41.97319841319997,303.92619603855775,0.0,959363961973256592
AC_Response,40.0,39.18777263938059,307.5354074756815,-6.608483772933923,14030010393685506498
AC_Response,0.1,35.52248114367448,306.4489109295662,0.0,6964906420694514637
AC_Response,19.952623149688822,42.09307571557734,293.4443281911712,-5.805469905001841,14925940557847983943
AC_Response,0.3981071705534968,43.40306406282464,301.888862689621,-0.060422728622401,9481571324980869556
AC_Response,40.0,41.48473029075561,294.1535226587993,-6.955295689346583,4007664404162655079
AC_Response,12.589254117941662,41.193035529790656,301.7038514591378,-4.540338165537533,2554276162761610342
AC_Response,0.3162277660168379,39.33731057072893,297.69705044733973,-0.0387228513235589,3402320749389468369
AC_Response,12.589254117941662,38.858183000543626,295.7855807653235,-4.609631814890219,9262064648931476805
AC_Response,3.981071705534969,42.219532217947325,302.0841812978663,-2.2541947558675743,6431290111938284445
AC_Response,1.2589254117941662,36.36815079533651,301.4558439858307,-0.5894748026647665,6183833702133835153
AC_Response,6.309573444801943,40.52844947169319,303.263443359763,-3.0867277403337745,560255154383361061
AC_Response,0.1584893192461111,39.51420947268076,305.7035776891924,-0.0073625098650657,4365530570025844449
AC_Response,5.011872336272715,39.85562670167986,300.93280864091923,-2.777966746819292,3323206834988836325
AC_Response,3.1622776601683795,44.82712146868644,302.5978918999191,-1.8622899036187648,15638800026818411768
AC_Response,6.309573444801943,40.91913452211564,297.20307373531364,-3.076380954579163,12404554437750077034
AC_Response,0.3981071705534968,41.27631172344517,301.59948365785385,-0.0645827488485172,14080291052260215929
AC_Response,31.6227766016838,40.79653471954481,301.4383600393062,-6.510358733680817,4950770812450199952
AC_Response,0.6309573444801944,39.51420947268076,305.7035776891924,-0.1786543399162407,4365530570025844449
AC_Response,5.011872336272715,37.99663516660689,298.18972265332246,-2.65605359081413,8038139640542861367
AC_Response,15.848931924611108,40.55455133934368,303.4784744400111,-5.008608725270365,6782381353331258888
AC_Response,0.3162277660168379,41.26661222078493,300.2753689300697,-0.0385955029613893,5907817959460322520
AC_Response,0.1995262314968882,39.90381821426863,300.9815905741297,-0.0125197636612973,15256650157893810940
AC_Response,0.3162277660168379,34.84085283436253,301.39850617403,-0.0429699104784854,16751146966542148650
AC_Response,3.981071705534969,38.57283152042447,302.4090006102026,-2.387918076754274,1015852638890412653
AC_Response,0.3162277660168379,41.97319841319997,303.92619603855775,-0.0380077971161712,959363961973256592
AC_Response,0.1258925411794166,39.58517778577758,297.0863250737395,-0.0026461333121482,13884065282437346191
AC_Response,15.848931924611108,39.11984591644459,301.1260229250646,-5.133522100196859,9610535940819629000
AC_Response,0.1995262314968882,38.23677890677304,298.10055132439214,-0.014282602589182,16541905887176100137
AC_Response,6.309573444801943,43.101977222602514,303.9832024614659,-3.1062237109708537,14223461640953255652
AC_Response,7.943282347242822,41.129719458135625,288.0815978442095,-3.615055931330352,14542734286284699756
AC_Response,7.943282347242822,37.50931802222772,308.1655826328421,-3.617442641774793,11519709022772450725
AC_Response,0.3162277660168379,37.334947088248434,294.43440760000914,-0.0382748116194097,15599116176485750453
AC_Response,0.3162277660168379,38.23677890677304,298.10055132439214,-0.0427262398738692,16541905887176100137
AC_Response,2.511886431509582,40.55316862193092,296.6314874710408,-1.4673534817865468,12484285608964576027
AC_Response,19.952623149688822,37.60227540602951,298.4772867617408,-5.657895501311884,13857080191999532053
AC_Response,7.943282347242822,41.95641496228942,305.9180523366615,-3.445149068442415,4365964196300360401
AC_Response,0.2511886431509582,35.52248114367448,306.4489109295662,-0.0251898318471097,6964906420694514637
AC_Response,40.0,39.66536493364173,302.3426017448898,-6.660224114966256,11523722328579267051
AC_Response,2.511886431509582,41.95641496228942,305.9180523366615,-1.4581225857714497,4365964196300360401
AC_Response,6.309573444801943,35.52248114367448,306.4489109295662,-3.123243562307621,6964906420694514637
AC_Response,0.3981071705534968,40.31160828282909,292.8565689112594,-0.0667198748016214,13220990961221007809
AC_Response,0.1584893192461111,40.30940301281442,306.6726054586492,-0.0068784634377777,5439972880139275643
AC_Response,1.584893192461111,38.37558042728467,295.9516778251947,-0.8584267015785381,12182933489101405014
AC_Response,12.589254117941662,42.219532217947325,302.0841812978663,-4.403285161569542,6431290111938284445
AC_Response,0.3981071705534968,34.84085283436253,301.39850617403,-0.0702759275524766,16751146966542148650
AC_Response,25.11886431509582,40.51326020590248,298.8914974420704,-6.249374806840575,13540594563185179811
AC_Response,5.011872336272715,38.28868089781682,299.0569098093356,-2.696597022425673,3766308496770492318
AC_Response,0.3981071705534968,38.25394170360681,296.3367780179062,-0.0640704306420929,1787945062278856569
AC_Response,0.3162277660168379,40.994373738605006,302.9961192294562,-0.0391860966075619,9731388305634911064
AC_Response,3.1622776601683795,39.90381821426863,300.9815905741297,-1.85285082426094,15256650157893810940
AC_Response,1.2589254117941662,39.94029005251662,299.6218359156308,-0.5484544701662728,1062234375139852529
AC_Response,2.511886431509582,43.278933930679706,307.8168200832177,-1.539134435665902,4776793572509321654
AC_Response,0.7943282347242822,40.75046782180591,305.2870639056014,-0.2556858756206771,1102911703873588363
AC_Response,3.981071705534969,40.47383155665718,295.6008889602198,-2.310665351803814,6410035451867130339
AC_Response,0.1,41.27682283342508,300.8565986758517,0.0,3063462922452919031
AC_Response,12.589254117941662,37.207464786418186,297.95471711920453,-4.547764583313498,10318556855553405500
AC_Response,1.9952623149688828,42.219532217947325,302.0841812978663,-1.1029640467709976,6431290111938284445
AC_Response,25.11886431509582,41.79339850063371,299.641349014439,-6.101333913113882,9066091246669766023
AC_Response,0.2511886431509582,42.54178389838287,305.55199671356803,-0.0227195248946374,3537787434630592613
AC_Response,0.1258925411794166,40.19858533526689,297.9110382121584,-0.0025998553560319,17871160977092490614
AC_Response,7.943282347242822,37.39117268896573,297.8667082132286,-3.5685282698327727,12671372268648671805
AC_Response,1.0,38.858183000543626,295.7855807653235,-0.3946316054924045,9262064648931476805
AC_Response,3.1622776601683795,40.87821813200619,300.974125232131,-1.9124545702564155,3939891858067812807
AC_Response,2.511886431509582,38.28868089781682,299.0569098093356,-1.501287195951806,3766308496770492318
AC_Response,31.6227766016838,41.129719458135625,288.0815978442095,-6.907884430020603,14542734286284699756
AC_Response,0.1995262314968882,37.334947088248434,294.43440760000914,-0.012782013012667,15599116176485750453
AC_Response,5.011872336272715,41.79339850063371,299.641349014439,-2.6376535184361,9066091246669766023
AC_Response,19.952623149688822,38.978559546027874,295.06946514256083,-5.806608468512259,5230745145462099467
AC_Response,0.1258925411794166,39.339075937042885,294.39428351617613,-0.0025865235548592,8365660235088368164
AC_Response,0.3162277660168379,43.13862383173334,296.64614602139693,-0.0393036670999827,17985928204657212826
AC_Response,0.6309573444801944,40.32755095458103,299.70047987606006,-0.1545834912968247,9319956976912993182
AC_Response,1.0,39.73131063338137,294.42197627514213,-0.3733485054743752,10333268118757093503
AC_Response,19.952623149688822,43.11434944357355,296.9231984392292,-5.702313746815192,3658234560045323703
AC_Response,0.1258925411794166,40.06029068650691,301.1540677406581,-0.0025381059885557,7954056211698152112
AC_Response,0.3981071705534968,40.648465379108416,299.4728047413536,-0.0672805676504638,5403082750804857040
AC_Response,7.943282347242822,43.08491203323523,298.5763734449834,-3.537435133623719,440727550293168112
AC_Response,0.7943282347242822,39.62193192256099,289.3285700165644,-0.2601254374926475,14612151002491318071
AC_Response,39.81071705534969,40.75166342427999,301.0515477079729,-6.642011840270078,5730813955982425338
AC_Response,0.5011872336272715,40.77134716523017,305.22981462209646,-0.1110195362774595,9738090587319443504
AC_Response,39.81071705534969,40.47383155665718,295.6008889602198,-6.966758573535468,6410035451867130339
AC_Response,12.589254117941662,38.37558042728467,295.9516778251947,-4.618913638257131,12182933489101405014
AC_Response,0.3162277660168379,42.346830624956574,300.5747457097431,-0.0401045697440994,2337157221459530110
AC_Response,0.6309573444801944,35.52248114367448,306.4489109295662,-0.1751040057612951,6964906420694514637
AC_Response,1.0,43.101977222602514,303.9832024614659,-0.3906298038152717,14223461640953255652
AC_Response,5.011872336272715,40.58953669016749,293.2225739384997,-2.7013449583127347,7807375178238359560
AC_Response,0.5011872336272715,40.75046782180591,305.2870639056014,-0.1045452295013711,1102911703873588363
AC_Response,0.1,42.33569419095241,299.8381908200232,0.0,8123982087682502409
AC_Response,0.5011872336272715,41.9345213676303,296.5403011366731,-0.1026183115003089,2996005905799625730
AC_Response,0.6309573444801944,39.85430360518959,306.74502895459364,-0.1671746587092562,16546631726138751512
AC_Response,0.2511886431509582,41.83782044136868,301.83723728961854,-0.0238624813901422,9082082196135538154
AC_Response,0.1995262314968882,41.48473029075561,294.1535226587993,-0.0120755951133154,4007664404162655079
AC_Response,1.9952623149688828,41.97319841319997,303.92619603855775,-1.1046400058627472,959363961973256592
AC_Response,5.011872336272715,37.10727035463277,300.4554170460457,-2.7504209960284465,16422739178917769296
AC_Response,0.3162277660168379,40.32854625878799,294.3650499716886,-0.0401500995511903,17204210023338359435
AC_Response,15.848931924611108,40.55316862193092,296.6314874710408,-5.0532261662510045,12484285608964576027
AC_Response,7.943282347242822,44.50977871149023,303.263152322465,-3.4633436120579884,15483355832083528190
AC_Response,3.981071705534969,40.87821813200619,300.974125232131,-2.316453616542688,3939891858067812807
AC_Response,0.3981071705534968,42.346830624956574,300.5747457097431,-0.0656294077871448,2337157221459530110
AC_Response,0.6309573444801944,42.219532217947325,302.0841812978663,-0.1568754896203662,6431290111938284445
AC_Response,0.1995262314968882,42.33569419095241,299.8381908200232,-0.013584195734045,8123982087682502409
AC_Response,0.6309573444801944,41.93453001893169,295.92616711681853,-0.1641353953960347,8171303673975013206
AC_Response,0.1584893192461111,39.05845567786759,297.2376267822416,-0.0068252041232594,6308849522308401573
AC_Response,1.2589254117941662,42.74916053103488,290.5746947786968,-0.5579395144161464,14264826949359886561
AC_Response,0.3981071705534968,39.85562670167986,300.93280864091923,-0.0681730162386239,3323206834988836325
AC_Response,0.1258925411794166,40.43386356777175,305.1954997344612,-0.0026261567998616,15766262156413488926
AC_Response,1.584893192461111,40.58953669016749,293.2225739384997,-0.8195892897326967,7807375178238359560
AC_Response,1.9952623149688828,43.13862383173334,296.64614602139693,-1.1371276801890624,17985928204657212826
AC_Response,15.848931924611108,42.346830624956574,300.5747457097431,-5.122110907432608,2337157221459530110
AC_Response,1.9952623149688828,40.07870713980076,299.5411124372077,-1.1378300544219535,3083009041752371786
AC_Response,0.1584893192461111,40.06029068650691,301.1540677406581,-0.0065522757398125,7954056211698152112
AC_Response,1.0,40.68035124967265,296.73843693227377,-0.3797211661422709,385409706114037048
AC_Response,0.1584893192461111,39.21856251436128,307.7679942040925,-0.0068389068024148,2454564730666304252
AC_Response,31.6227766016838,43.11434944357355,296.9231984392292,-6.685232919153367,3658234560045323703
AC_Response,15.848931924611108,37.60227540602951,298.4772867617408,-5.07253157414003,13857080191999532053
AC_Response,15.848931924611108,34.84085283436253,301.39850617403,-5.093280345157908,16751146966542148650
AC_Response,6.309573444801943,37.69553984942066,294.1521471075916,-3.233815311646509,8666257842429149026
AC_Response,15.848931924611108,37.69553984942066,294.1521471075916,-5.262522113613586,8666257842429149026
AC_Response,2.511886431509582,38.50508417894045,294.1262317171733,-1.5394422474036933,7408968043820680965
AC_Response,7.943282347242822,37.12870103512795,297.3410066095633,-3.614912748323063,5086348268569391686
AC_Response,0.1584893192461111,40.91913452211564,297.20307373531364,-0.0063802701846379,12404554437750077034
AC_Response,10.0,41.62971960161597,300.52976098251094,-4.017369156245793,869685322261252957
AC_Response,31.6227766016838,37.207464786418186,297.95471711920453,-6.749738887174917,10318556855553405500
AC_Response,0.1,42.17824256593523,298.72995545788456,0.0,8469384274296772994
AC_Response,0.1,39.90607827400121,296.137708789732,0.0,10133735033454427345
AC_Response,1.2589254117941662,41.9345213676303,296.5403011366731,-0.5686436871421517,2996005905799625730
AC_Response,31.6227766016838,39.24041391228537,297.93305834844136,-6.713392256703794,3712240751709899868
AC_Response,40.0,38.23677890677304,298.10055132439214,-6.988432883647299,16541905887176100137
AC_Response,31.6227766016838,37.50931802222772,308.1655826328421,-6.5111398358263095,11519709022772450725
AC_Response,12.589254117941662,39.18777263938059,307.5354074756815,-4.467091670421844,14030010393685506498
AC_Response,31.6227766016838,42.09307571557734,293.4443281911712,-6.811853472860463,14925940557847983943
AC_Response,40.0,38.33334239027114,293.10089722857373,-7.054063328710935,7035166681821702163
AC_Response,15.848931924611108,40.648465379108416,299.4728047413536,-5.090034114656427,5403082750804857040
AC_Response,15.848931924611108,43.167246359099664,298.50956140834,-5.050075397711119,3765347373034185731
AC_Response,15.848931924611108,40.91913452211564,297.20307373531364,-5.025317512694424,12404554437750077034
AC_Response,0.6309573444801944,43.13862383173334,296.64614602139693,-0.1627245289779054,17985928204657212826
AC_Response,3.981071705534969,41.61731424149927,306.85396396460635,-2.304002260353106,260657965530268515
AC_Response,2.511886431509582,38.21649432972869,303.56534322943094,-1.539165186529432,10796982964429426044
AC_Response,0.6309573444801944,40.648465379108416,299.4728047413536,-0.1699814304392018,5403082750804857040
AC_Response,1.2589254117941662,42.25069338145754,304.38892783295006,-0.581779282354018,12866849828103811731
AC_Response,10.0,41.61731424149927,306.85396396460635,-3.941550760841885,260657965530268515
AC_Response,19.952623149688822,42.13424050837239,300.34884642744885,-5.634344217381679,7248124264218123782
AC_Response,1.9952623149688828,39.66536493364173,302.3426017448898,-1.1752203429109105,11523722328579267051
AC_Response,0.1,39.7132385315927,304.62183232922587,0.0,10528525010244697505
AC_Response,7.943282347242822,38.33334239027114,293.10089722857373,-3.628273024849445,7035166681821702163
AC_Response,15.848931924611108,41.48473029075561,294.1535226587993,-5.132063041554124,4007664404162655079
AC_Response,15.848931924611108,40.75166342427999,301.0515477079729,-5.029428884944228,5730813955982425338
AC_Response,5.011872336272715,36.589080383233394,294.68809277779184,-2.724888182772617,15915415103177725736
AC_Response,3.1622776601683795,36.322106531247385,300.55707391972635,-2.0190847324512524,13894251431710084294
AC_Response,6.309573444801943,40.77134716523017,305.22981462209646,-3.14683617754719,9738090587319443504
AC_Response,12.589254117941662,38.81204244575611,302.5323056028984,-4.612448120072189,4131187287421323234
AC_Response,25.11886431509582,41.193035529790656,301.7038514591378,-6.234587738531456,2554276162761610342
AC_Response,0.1584893192461111,40.52844947169319,303.263443359763,-0.0067691702980842,560255154383361061
AC_Response,0.1,36.16652897024234,304.10393187120707,0.0,1769769716334894948
AC_Response,1.9952623149688828,42.13424050837239,300.34884642744885,-1.1052241729257006,7248124264218123782
AC_Response,0.6309573444801944,36.43861892729903,303.676124223718,-0.1772927105993899,17268235322529381975
AC_Response,3.981071705534969,39.64774721352306,306.8220229508652,-2.3701369203270395,13277443787381278961
AC_Response,5.011872336272715,41.129719458135625,288.0815978442095,-2.7532160234383625,14542734286284699756
AC_Response,0.7943282347242822,39.56928699408093,298.75903253628616,-0.2654209759637599,17177253068705741675
AC_Response,0.6309573444801944,40.87821813200619,300.974125232131,-0.1643792508638478,3939891858067812807
AC_Response,0.5011872336272715,40.43386356777175,305.1954997344612,-0.1046997099236438,15766262156413488926
AC_Response,0.7943282347242822,40.94136333558407,299.94201571725745,-0.2574132655786025,14684909485850387430
AC_Response,1.9952623149688828,36.589080383233394,294.68809277779184,-1.1431947740022816,15915415103177725736
AC_Response,7.943282347242822,39.18777263938059,307.5354074756815,-3.528087450078317,14030010393685506498
AC_Response,1.584893192461111,40.77134716523017,305.22981462209646,-0.8686446773399935,9738090587319443504
AC_Response,0.2511886431509582,37.207464786418186,297.95471711920453,-0.0234626653967512,10318556855553405500
AC_Response,25.11886431509582,40.30940301281442,306.6726054586492,-6.067602937988395,5439972880139275643
AC_Response,0.1258925411794166,38.25394170360681,296.3367780179062,-0.0025749013373478,1787945062278856569
AC_Response,0.1,39.33731057072893,297.69705044733973,0.0,3402320749389468369
AC_Response,0.3162277660168379,41.95641496228942,305.9180523366615,-0.0376951249594552,4365964196300360401
AC_Response,0.7943282347242822,38.89567254871546,292.9930878390376,-0.2553082809973722,13058981581108217973
AC_Response,3.1622776601683795,41.11142736058992,291.8506686301862,-1.881921079801404,12552086576878223737
AC_Response,0.3162277660168379,39.62193192256099,289.3285700165644,-0.0405180502273616,14612151002491318071
AC_Response,6.309573444801943,37.39117268896573,297.8667082132286,-3.1530136230379298,12671372268648671805
AC_Response,7.943282347242822,40.47383155665718,295.6008889602198,-3.556484651929925,6410035451867130339
AC_Response,2.511886431509582,40.94136333558407,299.94201571725745,-1.525125350579779,14684909485850387430
AC_Response,0.1258925411794166,41.64371883461047,301.63426669668445,-0.0027275468292295,7077229970648675251
AC_Response,0.2511886431509582,43.101977222602514,303.9832024614659,-0.0237534287014167,14223461640953255652
AC_Response,0.7943282347242822,40.87821813200619,300.974125232131,-0.2550150825354706,3939891858067812807
AC_Response,40.0,39.58517778577758,297.0863250737395,-7.016481676007893,13884065282437346191
AC_Response,0.6309573444801944,40.75166342427999,301.0515477079729,-0.1634213636995437,5730813955982425338
AC_Response,15.848931924611108,39.58517778577758,297.0863250737395,-5.1973890963135885,13884065282437346191
AC_Response,2.511886431509582,37.83724802001972,293.41915116225954,-1.5005867293573891,7174223208182595177
AC_Response,1.2589254117941662,38.21649432972869,303.56534322943094,-0.5927934738388659,10796982964429426044
AC_Response,6.309573444801943,38.08606385532588,297.3563844788412,-3.171174110112463,7393066098584539282
AC_Response,0.1,43.167246359099664,298.50956140834,0.0,3765347373034185731
AC_Response,1.2589254117941662,40.714467773434976,300.93677074401546,-0.5670234118640722,9058477443376137994
AC_Response,5.011872336272715,40.43386356777175,305.1954997344612,-2.6944678019735524,15766262156413488926
AC_Response,19.952623149688822,39.7132385315927,304.62183232922587,-5.531378850484801,10528525010244697505
AC_Response,0.1995262314968882,37.60227540602951,298.4772867617408,-0.0132986867291734,13857080191999532053
AC_Response,0.5011872336272715,41.08562699346509,303.58650370690776,-0.1066402776836138,631923151567513377
AC_Response,0.1995262314968882,40.96326376678826,298.8654192354596,-0.0134127065197946,11939704803637804291
AC_Response,0.6309573444801944,39.90607827400121,296.137708789732,-0.1734380136625346,10133735033454427345
AC_Response,0.3981071705534968,40.19858533526689,297.9110382121584,-0.0646847890784465,17871160977092490614
AC_Response,1.584893192461111,43.13862383173334,296.64614602139693,-0.8215163475917013,17985928204657212826
AC_Response,1.2589254117941662,38.25394170360681,296.3367780179062,-0.5682757406986392,1787945062278856569
AC_Response,0.3981071705534968,38.08606385532588,297.3563844788412,-0.0688139205955506,7393066098584539282
AC_Response,0.2511886431509582,39.047727684139495,305.18782525816323,-0.0248515479609321,9536545485233975021
AC_Response,0.1584893192461111,37.79561575023349,300.3431374384869,-0.0071460243634214,8406104627261355859
AC_Response,0.1584893192461111,43.06550150160359,292.35304316269765,-0.0068223582201188,2038187770712329087
AC_Response,2.511886431509582,38.33334239027114,293.10089722857373,-1.5615298637301187,7035166681821702163
AC_Response,5.011872336272715,37.79561575023349,300.3431374384869,-2.7547544801407446,8406104627261355859
AC_Response,0.6309573444801944,40.80112322251315,299.2329513672896,-0.1646335274582275,1295526639106515549
AC_Response,5.011872336272715,39.51420947268076,305.7035776891924,-2.780863076912498,4365530570025844449
AC_Response,0.1,39.24041391228537,297.93305834844136,0.0,3712240751709899868
AC_Response,5.011872336272715,41.95641496228942,305.9180523366615,-2.6406756089278787,4365964196300360401
AC_Response,1.584893192461111,43.101977222602514,303.9832024614659,-0.8320901821732982,14223461640953255652
AC_Response,0.2511886431509582,38.422268984819695,304.0303353891022,-0.024487648360206,10399213306103495125
AC_Response,40.0,39.11984591644459,301.1260229250646,-6.879837321229766,9610535940819629000
AC_Response,19.952623149688822,39.33447860201831,299.4635962010897,-5.691050954647742,15208010537286723207
AC_Response,0.2511886431509582,42.13424050837239,300.34884642744885,-0.0223856365739643,7248124264218123782
AC_Response,3.981071705534969,40.30940301281442,306.6726054586492,-2.3143740033207614,5439972880139275643
AC_Response,0.1,38.69622270488729,301.9657628923453,0.0,8115719833540228731
AC_Response,7.943282347242822,42.87746783295031,307.55593866537106,-3.53257594762616,8801835938313083490
AC_Response,31.6227766016838,41.97319841319997,303.92619603855775,-6.4551062054411,959363961973256592
AC_Response,0.5011872336272715,40.31160828282909,292.8565689112594,-0.1069629887840624,13220990961221007809
AC_Response,1.584893192461111,40.78433779833217,301.9145433801493,-0.8115214030017903,894797089121886199
AC_Response,25.11886431509582,37.79561575023349,300.3431374384869,-6.27809571058696,8406104627261355859
AC_Response,0.1,40.32854625878799,294.3650499716886,0.0,17204210023338359435
AC_Response,15.848931924611108,38.42173874228168,293.06092698472065,-5.212042546111107,9170926497845462766
AC_Response,1.9952623149688828,41.484417545989686,302.7283665488111,-1.1142512181643125,4427417937030231446
AC_Response,0.1584893192461111,39.047727684139495,305.18782525816323,-0.0071170543490649,9536545485233975021
AC_Response,0.7943282347242822,41.83782044136868,301.83723728961854,-0.2579067626990141,9082082196135538154
AC_Response,1.2589254117941662,37.69553984942066,294.1521471075916,-0.6186463501768249,8666257842429149026
AC_Response,0.6309573444801944,39.34847113068841,298.5552181462747,-0.1690470762180862,9131232228778995290
AC_Response,0.5011872336272715,38.92442853409919,306.1252360546967,-0.1016628416253716,17394947245709734813
AC_Response,25.11886431509582,37.10727035463277,300.4554170460457,-6.237607273773216,16422739178917769296
AC_Response,31.6227766016838,40.65637295368661,296.23853018587084,-6.7943395742125245,16406327631433526260
AC_Response,25.11886431509582,35.52248114367448,306.4489109295662,-6.115580530752145,6964906420694514637
AC_Response,3.1622776601683795,37.12870103512795,297.3410066095633,-1.987910255910762,5086348268569391686
AC_Response,0.1258925411794166,41.26661222078493,300.2753689300697,-0.0025376202773563,5907817959460322520
AC_Response,39.81071705534969,40.31257836583995,298.21936914217434,-6.821689214762182,12408152172928847518
AC_Response,6.309573444801943,40.32755095458103,299.70047987606006,-3.0432597456695616,9319956976912993182
AC_Response,15.848931924611108,38.25394170360681,296.3367780179062,-5.094322624844889,1787945062278856569
AC_Response,2.511886431509582,41.43318212059344,299.0815860986159,-1.5523447722270265,6042616877882084778
AC_Response,5.011872336272715,42.13424050837239,300.34884642744885,-2.6720026629480227,7248124264218123782
AC_Response,5.011872336272715,40.32854625878799,294.3650499716886,-2.741367336290605,17204210023338359435
AC_Response,1.9952623149688828,37.12870103512795,297.3410066095633,-1.2061633802115177,5086348268569391686
AC_Response,31.6227766016838,42.13424050837239,300.34884642744885,-6.57379968520173,7248124264218123782
AC_Response,1.9952623149688828,43.11434944357355,296.9231984392292,-1.1218793154351316,3658234560045323703
AC_Response,0.5011872336272715,39.047727684139495,305.18782525816323,-0.1097910854788532,9536545485233975021
AC_Response,12.589254117941662,38.69622270488729,301.9657628923453,-4.522492636032074,8115719833540228731
AC_Response,15.848931924611108,40.32854625878799,294.3650499716886,-5.197296364419381,17204210023338359435
AC_Response,2.511886431509582,40.31257836583995,298.21936914217434,-1.473662775446788,12408152172928847518
AC_Response,15.848931924611108,39.24041391228537,297.93305834844136,-5.062569311111213,3712240751709899868
AC_Response,5.011872336272715,42.56757336192149,293.18283111534566,-2.7086359836660727,1435201764501745638
AC_Response,3.981071705534969,38.25394170360681,296.3367780179062,-2.2968336056568046,1787945062278856569
AC_Response,0.7943282347242822,40.52844947169319,303.263443359763,-0.2556146468329604,560255154383361061
AC_Response,0.1584893192461111,41.9345213676303,296.5403011366731,-0.006636305418259,2996005905799625730
AC_Response,39.81071705534969,40.31160828282909,292.8565689112594,-7.070523009199434,13220990961221007809
AC_Response,2.511886431509582,36.36815079533651,301.4558439858307,-1.5399828937968774,6183833702133835153
AC_Response,2.511886431509582,38.55163090195673,309.2198732722366,-1.5787145774687894,4787501490018871704
AC_Response,0.6309573444801944,38.422268984819695,304.0303353891022,-0.1706049275011966,10399213306103495125
AC_Response,1.584893192461111,36.73791801396338,295.61725668807514,-0.8331251400408377,17008765120125666942
AC_Response,0.1,39.11984591644459,301.1260229250646,0.0,9610535940819629000
AC_Response,0.3981071705534968,39.047727684139495,305.18782525816323,-0.0685192282733803,9536545485233975021
AC_Response,1.9952623149688828,38.92442853409919,306.1252360546967,-1.121609604692647,17394947245709734813
AC_Response,25.11886431509582,42.17824256593523,298.72995545788456,-6.214674306040999,8469384274296772994
AC_Response,1.2589254117941662,35.52248114367448,306.4489109295662,-0.6067950625767997,6964906420694514637
AC_Response,1.9952623149688828,36.322106531247385,300.55707391972635,-1.2260684004575315,13894251431710084294
AC_Response,25.11886431509582,40.87821813200619,300.974125232131,-6.076839507321368,3939891858067812807
AC_Response,3.1622776601683795,42.04226242943757,288.6545802497056,-1.8783292432804863,14598686425886924939
AC_Response,5.011872336272715,36.36815079533651,301.4558439858307,-2.746754579983197,6183833702133835153
AC_Response,2.511886431509582,39.047727684139495,305.18782525816323,-1.557633337988474,9536545485233975021
AC_Response,0.7943282347242822,37.79561575023349,300.3431374384869,-0.2688908341745551,8406104627261355859
AC_Response,5.011872336272715,40.31257836583995,298.21936914217434,-2.672710886633772,12408152172928847518
AC_Response,0.1258925411794166,38.89567254871546,292.9930878390376,-0.002612177578379,13058981581108217973
AC_Response,31.6227766016838,35.52248114367448,306.4489109295662,-6.548362662745328,6964906420694514637
AC_Response,5.011872336272715,39.85430360518959,306.74502895459364,-2.723427288379753,16546631726138751512
AC_Response,0.3981071705534968,38.57048554783602,303.1708876105774,-0.066743561521025,9443669834932015687
AC_Response,0.5011872336272715,36.43861892729903,303.676124223718,-0.1125518420156745,17268235322529381975
AC_Response,2.511886431509582,40.32854625878799,294.3650499716886,-1.5267085023540603,17204210023338359435
AC_Response,0.1995262314968882,40.994373738605006,302.9961192294562,-0.0130902636696064,9731388305634911064
AC_Response,0.7943282347242822,42.33569419095241,299.8381908200232,-0.2609371268889793,8123982087682502409
AC_Response,0.1995262314968882,39.64774721352306,306.8220229508652,-0.014344582287649,13277443787381278961
AC_Response,1.2589254117941662,41.93453001893169,295.92616711681853,-0.5756382812164408,8171303673975013206
AC_Response,1.584893192461111,38.50508417894045,294.1262317171733,-0.8425683692945518,7408968043820680965
AC_Response,0.1,37.50931802222772,308.1655826328421,0.0,11519709022772450725
AC_Response,1.9952623149688828,39.51420947268076,305.7035776891924,-1.2121820306250666,4365530570025844449
AC_Response,3.981071705534969,42.09307571557734,293.4443281911712,-2.304755629251845,14925940557847983943
AC_Response,10.0,40.52844947169319,303.263443359763,-3.9505636977008303,560255154383361061
AC_Response,15.848931924611108,38.33334239027114,293.10089722857373,-5.226581150380878,7035166681821702163
AC_Response,0.2511886431509582,42.25069338145754,304.38892783295006,-0.0238753586580365,12866849828103811731
AC_Response,31.6227766016838,38.21649432972869,303.56534322943094,-6.66105071344144,10796982964429426044
AC_Response,3.1622776601683795,40.58953669016749,293.2225739384997,-1.8965967026874484,7807375178238359560
AC_Response,1.9952623149688828,36.43861892729903,303.676124223718,-1.2110592446463588,17268235322529381975
AC_Response,10.0,36.43861892729903,303.676124223718,-4.079700361730144,17268235322529381975
AC_Response,10.0,38.37558042728467,295.9516778251947,-4.092287327943074,12182933489101405014
AC_Response,39.81071705534969,43.101977222602514,303.9832024614659,-6.560672735070668,14223461640953255652
AC_Response,0.1258925411794166,37.10727035463277,300.4554170460457,-0.002751558439285,16422739178917769296
AC_Response,0.1,43.40306406282464,301.888862689621,0.0,9481571324980869556
AC_Response,0.6309573444801944,38.978559546027874,295.06946514256083,-0.1592974299009418,5230745145462099467
AC_Response,1.584893192461111,39.9154735600532,295.8292447353602,-0.816686405075862,5412796333827448456
AC_Response,10.0,38.92442853409919,306.1252360546967,-3.9400092710393024,17394947245709734813
AC_Response,2.511886431509582,39.85562670167986,300.93280864091923,-1.5641012686011928,3323206834988836325
AC_Response,0.2511886431509582,39.51420947268076,305.7035776891924,-0.0257042010906928,4365530570025844449
AC_Response,6.309573444801943,38.55163090195673,309.2198732722366,-3.1682939339041005,4787501490018871704
AC_Response,5.011872336272715,38.21649432972869,303.56534322943094,-2.728004647166708,10796982964429426044
AC_Response,3.981071705534969,39.05845567786759,297.2376267822416,-2.334835000919092,6308849522308401573
AC_Response,1.584893192461111,40.91913452211564,297.20307373531364,-0.7938996045217588,12404554437750077034
AC_Response,1.584893192461111,40.19858533526689,297.9110382121584,-0.8243227007901331,17871160977092490614
AC_Response,40.0,37.50931802222772,308.1655826328421,-6.635218994165911,11519709022772450725
AC_Response,1.9952623149688828,39.18777263938059,307.5354074756815,-1.171828057075782,14030010393685506498
AC_Response,2.511886431509582,41.48473029075561,294.1535226587993,-1.436403212353584,4007664404162655079
AC_Response,1.584893192461111,40.01001805266426,305.28831051478386,-0.8213318837502721,1115091621525583977
AC_Response,10.0,42.17824256593523,298.72995545788456,-3.957949992395676,8469384274296772994
AC_Response,3.1622776601683795,43.40306406282464,301.888862689621,-1.83792720652159,9481571324980869556
AC_Response,5.011872336272715,42.346830624956574,300.5747457097431,-2.757729798664304,2337157221459530110
AC_Response,25.11886431509582,40.32854625878799,294.3650499716886,-6.438992445366356,17204210023338359435
AC_Response,0.7943282347242822,34.84085283436253,301.39850617403,-0.2746140788174727,16751146966542148650
AC_Response,1.9952623149688828,40.51326020590248,298.8914974420704,-1.1206431207079497,13540594563185179811
AC_Response,3.981071705534969,38.89567254871546,292.9930878390376,-2.3462967611623773,13058981581108217973
AC_Response,0.1584893192461111,41.64371883461047,301.63426669668445,-0.0070406930230304,7077229970648675251
AC_Response,6.309573444801943,41.48473029075561,294.1535226587993,-3.066294478825009,4007664404162655079
AC_Response,0.6309573444801944,40.55316862193092,296.6314874710408,-0.1574850878241491,12484285608964576027
AC_Response,0.3981071705534968,43.101977222602514,303.9832024614659,-0.0655292922291096,14223461640953255652
AC_Response,12.589254117941662,40.07870713980076,299.5411124372077,-4.516655899287961,3083009041752371786
AC_Response,1.584893192461111,41.27631172344517,301.59948365785385,-0.8238551028950969,14080291052260215929
AC_Response,1.584893192461111,38.422268984819695,304.0303353891022,-0.8531038092999944,10399213306103495125
AC_Response,0.7943282347242822,44.50977871149023,303.263152322465,-0.2468304319523495,15483355832083528190
AC_Response,0.1584893192461111,41.61731424149927,306.85396396460635,-0.0067673498895544,260657965530268515
AC_Response,40.0,40.80112322251315,299.2329513672896,-6.631132229793111,1295526639106515549
AC_Response,0.7943282347242822,39.85430360518959,306.74502895459364,-0.2592089598007239,16546631726138751512
AC_Response,0.1,36.43861892729903,303.676124223718,0.0,17268235322529381975
AC_Response,0.7943282347242822,42.17824256593523,298.72995545788456,-0.2437427851989554,8469384274296772994
AC_Response,0.2511886431509582,39.64774721352306,306.8220229508652,-0.0254571625827247,13277443787381278961
AC_Response,0.6309573444801944,40.35879763032958,294.16913853899604,-0.157630688037957,6227566288360181889
AC_Response,39.81071705534969,41.484417545989686,302.7283665488111,-6.674882516432264,4427417937030231446
AC_Response,5.011872336272715,40.51326020590248,298.8914974420704,-2.683862793963685,13540594563185179811
AC_Response,0.1258925411794166,43.13862383173334,296.64614602139693,-0.0025847270091984,17985928204657212826
AC_Response,6.309573444801943,38.31893407640898,299.3638589999156,-3.0607434675435203,8619026027835737365
AC_Response,0.7943282347242822,38.31893407640898,299.3638589999156,-0.2414384890097932,8619026027835737365
AC_Response,1.9952623149688828,40.78433779833217,301.9145433801493,-1.1233332645707734,894797089121886199
AC_Response,3.1622776601683795,41.48473029075561,294.1535226587993,-1.8333157723964184,4007664404162655079
AC_Response,0.7943282347242822,38.23677890677304,298.10055132439214,-0.2729516005792938,16541905887176100137
AC_Response,0.3162277660168379,38.88005077046229,301.691940704981,-0.03762702977886,5417274375214438322
AC_Response,1.584893192461111,40.96326376678826,298.8654192354596,-0.8358373047157406,11939704803637804291
AC_Response,6.309573444801943,39.64774721352306,306.8220229508652,-3.1473737863642945,13277443787381278961
AC_Response,0.6309573444801944,42.09307571557734,293.4443281911712,-0.1592913904407732,14925940557847983943
AC_Response,0.1995262314968882,42.04226242943757,288.6545802497056,-0.0126331219986159,14598686425886924939
AC_Response,6.309573444801943,38.57283152042447,302.4090006102026,-3.188152724930226,1015852638890412653
AC_Response,12.589254117941662,40.75046782180591,305.2870639056014,-4.436263150865873,1102911703873588363
AC_Response,31.6227766016838,42.17824256593523,298.72995545788456,-6.610915123367336,8469384274296772994
AC_Response,0.1995262314968882,39.0211226249472,305.0510216058231,-0.0134226457805132,14932880946049592786
AC_Response,0.3981071705534968,38.42173874228168,293.06092698472065,-0.0636937459832082,9170926497845462766
AC_Response,1.9952623149688828,38.57048554783602,303.1708876105774,-1.168221644534364,9443669834932015687
AC_Response,3.981071705534969,40.31160828282909,292.8565689112594,-2.359795185358798,13220990961221007809
AC_Response,0.1,40.55455133934368,303.4784744400111,0.0,6782381353331258888
AC_Response,40.0,43.11434944357355,296.9231984392292,-6.769669828340811,3658234560045323703
AC_Response,31.6227766016838,39.61181207182135,297.3307652107198,-6.695578994639851,17136393541049134550
AC_Response,3.981071705534969,38.88005077046229,301.691940704981,-2.265513055561948,5417274375214438322
AC_Response,3.1622776601683795,42.219532217947325,302.0841812978663,-1.854928914241529,6431290111938284445
AC_Response,10.0,41.26661222078493,300.2753689300697,-3.992450408365685,5907817959460322520
AC_Response,39.81071705534969,40.52844947169319,303.263443359763,-6.614634573529274,560255154383361061
AC_Response,10.0,42.74916053103488,290.5746947786968,-4.03526085388172,14264826949359886561
AC_Response,25.11886431509582,41.28793476116813,303.0641722996054,-6.239835624378452,16945873912842908627
AC_Response,1.0,39.21209704786501,303.00410991721293,-0.3716705583234911,4763887798637117351
AC_Response,0.1258925411794166,39.90381821426863,300.9815905741297,-0.0024644433708745,15256650157893810940
AC_Response,2.511886431509582,40.96326376678826,298.8654192354596,-1.526954497112194,11939704803637804291
AC_Response,19.952623149688822,43.08491203323523,298.5763734449834,-5.7249947917671,440727550293168112
AC_Response,1.2589254117941662,39.43236728729266,296.39638250989714,-0.5588293867669647,4381028864758797162
AC_Response,1.584893192461111,38.33334239027114,293.10089722857373,-0.8578147167965688,7035166681821702163
AC_Response,0.1,38.50508417894045,294.1262317171733,0.0,7408968043820680965
AC_Response,0.5011872336272715,43.11434944357355,296.9231984392292,-0.1011990106676355,3658234560045323703
AC_Response,0.5011872336272715,41.83782044136868,301.83723728961854,-0.1055164600780024,9082082196135538154
AC_Response,0.1258925411794166,38.08606385532588,297.3563844788412,-0.0027690086941995,7393066098584539282
AC_Response,40.0,36.36815079533651,301.4558439858307,-6.772822539080336,6183833702133835153
AC_Response,0.1258925411794166,40.91913452211564,297.20307373531364,-0.0024714007153825,12404554437750077034
AC_Response,15.848931924611108,43.40306406282464,301.888862689621,-4.953941330917192,9481571324980869556
AC_Response,0.3162277660168379,40.75166342427999,301.0515477079729,-0.0394840959462193,5730813955982425338
AC_Response,0.5011872336272715,38.978559546027874,295.06946514256083,-0.1009256893673762,5230745145462099467
AC_Response,40.0,41.43318212059344,299.0815860986159,-6.815444201889548,6042616877882084778
AC_Response,31.6227766016838,41.193035529790656,301.7038514591378,-6.632290133614216,2554276162761610342
AC_Response,19.952623149688822,37.69553984942066,294.1521471075916,-5.885399481511518,8666257842429149026
AC_Response,0.6309573444801944,42.17824256593523,298.72995545788456,-0.1569359170572572,8469384274296772994
AC_Response,19.952623149688822,39.58517778577758,297.0863250737395,-5.826486057211636,13884065282437346191
AC_Response,0.5011872336272715,38.69622270488729,301.9657628923453,-0.1027744673022263,8115719833540228731
AC_Response,19.952623149688822,39.21209704786501,303.00410991721293,-5.556037328168681,4763887798637117351
AC_Response,12.589254117941662,39.7132385315927,304.62183232922587,-4.43475957910764,10528525010244697505
AC_Response,3.1622776601683795,41.04225055349912,296.5414644902,-1.9542171558379595,6763556109530919502
AC_Response,0.1995262314968882,42.13424050837239,300.34884642744885,-0.0126083523246588,7248124264218123782
AC_Response,1.2589254117941662,43.11434944357355,296.9231984392292,-0.5615355834061263,3658234560045323703
AC_Response,0.7943282347242822,41.43318212059344,299.0815860986159,-0.2627366688503854,6042616877882084778
AC_Response,40.0,37.69553984942066,294.1521471075916,-7.076935225339367,8666257842429149026
AC_Response,15.848931924611108,39.21209704786501,303.00410991721293,-4.971869992524526,4763887798637117351
AC_Response,15.848931924611108,37.50931802222772,308.1655826328421,-5.054473316869672,11519709022772450725
AC_Response,3.1622776601683795,37.207464786418186,297.95471711920453,-1.9163626460492085,10318556855553405500
AC_Response,39.81071705534969,38.31893407640898,299.3638589999156,-6.808888310321933,8619026027835737365
AC_Response,31.6227766016838,38.42173874228168,293.06092698472065,-6.942086206455956,9170926497845462766
AC_Response,25.11886431509582,40.66002705988115,288.1838349540611,-6.558648265822804,6643428527261381718
AC_Response,0.1,41.08562699346509,303.58650370690776,0.0,631923151567513377
AC_Response,0.5011872336272715,43.40306406282464,301.888862689621,-0.0969609408945356,9481571324980869556
AC_Response,6.309573444801943,43.13862383173334,296.64614602139693,-3.117002897238496,17985928204657212826
AC_Response,0.7943282347242822,39.339075937042885,294.39428351617613,-0.2526796020878971,8365660235088368164
AC_Response,3.981071705534969,36.36815079533651,301.4558439858307,-2.3467510224925348,6183833702133835153
AC_Response,25.11886431509582,40.55316862193092,296.6314874710408,-6.244443395153841,12484285608964576027
AC_Response,15.848931924611108,42.33569419095241,299.8381908200232,-5.140951852664127,8123982087682502409
AC_Response,0.1258925411794166,38.69622270488729,301.9657628923453,-0.0025751397989242,8115719833540228731
AC_Response,1.584893192461111,38.28868089781682,299.0569098093356,-0.821001727042338,3766308496770492318
AC_Response,3.1622776601683795,39.339075937042885,294.39428351617613,-1.9060968812007868,8365660235088368164
AC_Response,25.11886431509582,39.325337668236735,299.6111127589073,-6.29653975388699,15493075907902210391
AC_Response,6.309573444801943,40.55316862193092,296.6314874710408,-3.059786793139723,12484285608964576027
AC_Response,7.943282347242822,36.10636397779454,299.96382807834965,-3.663843491405242,6951561072364878352
AC_Response,10.0,40.55316862193092,296.6314874710408,-3.949111693442683,12484285608964576027
AC_Response,31.6227766016838,38.422268984819695,304.0303353891022,-6.646446050690134,10399213306103495125
AC_Response,2.511886431509582,40.47383155665718,295.6008889602198,-1.5006303045897296,6410035451867130339
AC_Response,0.6309573444801944,41.9345213676303,296.5403011366731,-0.1619105105706886,2996005905799625730
AC_Response,12.589254117941662,38.57283152042447,302.4090006102026,-4.577280832798031,1015852638890412653
AC_Response,19.952623149688822,43.101977222602514,303.9832024614659,-5.57853831060218,14223461640953255652
AC_Response,25.11886431509582,38.37558042728467,295.9516778251947,-6.393496358050682,12182933489101405014
AC_Response,0.1584893192461111,34.826156523967086,290.8089263982084,-0.006826123286281,15165174592579684514
AC_Response,0.2511886431509582,39.11984591644459,301.1260229250646,-0.025015888009786,9610535940819629000
AC_Response,0.6309573444801944,42.87746783295031,307.55593866537106,-0.1685471248688457,8801835938313083490
AC_Response,0.1995262314968882,38.978559546027874,295.06946514256083,-0.0128358203088884,5230745145462099467
AC_Response,1.584893192461111,38.89567254871546,292.9930878390376,-0.8313787624094173,13058981581108217973
AC_Response,25.11886431509582,39.90607827400121,296.137708789732,-6.268480024924842,10133735033454427345
AC_Response,0.3162277660168379,39.24041391228537,297.93305834844136,-0.0388955537676516,3712240751709899868
AC_Response,12.589254117941662,41.97319841319997,303.92619603855775,-4.38995837629659,959363961973256592
AC_Response,10.0,41.193035529790656,301.7038514591378,-4.031867852826289,2554276162761610342
AC_Response,0.7943282347242822,40.55455133934368,303.4784744400111,-0.270338897655414,6782381353331258888
AC_Response,0.2511886431509582,40.55455133934368,303.4784744400111,-0.0251114258488143,6782381353331258888
AC_Response,1.2589254117941662,34.826156523967086,290.8089263982084,-0.5844113202079236,15165174592579684514
AC_Response,0.6309573444801944,38.69622270488729,301.9657628923453,-0.1621367190479058,8115719833540228731
AC_Response,40.0,44.50977871149023,303.263152322465,-6.432078397336549,15483355832083528190
AC_Response,7.943282347242822,43.278933930679706,307.8168200832177,-3.5316627271572747,4776793572509321654
AC_Response,1.0,42.74916053103488,290.5746947786968,-0.3748936257356933,14264826949359886561
AC_Response,0.1,39.18777263938059,307.5354074756815,0.0,14030010393685506498
AC_Response,0.1995262314968882,38.795972505421744,297.7961123434831,-0.0135474575388297,15363827923754144579
AC_Response,3.1622776601683795,36.589080383233394,294.68809277779184,-1.9126252758447824,15915415103177725736
AC_Response,0.6309573444801944,40.19858533526689,297.9110382121584,-0.1635976871372999,17871160977092490614
AC_Response,39.81071705534969,39.21856251436128,307.7679942040925,-6.5816853022435975,2454564730666304252
AC_Response,10.0,38.899871401178025,300.40158819211445,-3.975287723712312,6672923565090819279
AC_Response,39.81071705534969,40.96326376678826,298.8654192354596,-6.778058393836215,11939704803637804291
AC_Response,1.584893192461111,40.66002705988115,288.1838349540611,-0.8164384975425829,6643428527261381718
AC_Response,39.81071705534969,38.50508417894045,294.1262317171733,-7.322149668027941,7408968043820680965
AC_Response,3.981071705534969,34.826156523967086,290.8089263982084,-2.372208869417787,15165174592579684514
AC_Response,0.5011872336272715,37.50931802222772,308.1655826328421,-0.117576848668014,11519709022772450725
AC_Response,0.1995262314968882,39.90795077029272,306.8673078749587,-0.0134434248708355,15468058970195626653
AC_Response,0.1995262314968882,36.10636397779454,299.96382807834965,-0.0142131804439213,6951561072364878352
AC_Response,1.584893192461111,39.325337668236735,299.6111127589073,-0.8344570861514754,15493075907902210391
AC_Response,1.9952623149688828,40.43386356777175,305.1954997344612,-1.142947997273582,15766262156413488926
AC_Response,25.11886431509582,40.35879763032958,294.16913853899604,-6.389293069736719,6227566288360181889
AC_Response,2.511886431509582,41.62971960161597,300.52976098251094,-1.5307962693177477,869685322261252957
AC_Response,0.6309573444801944,39.58517778577758,297.0863250737395,-0.1664871826195097,13884065282437346191
AC_Response,0.2511886431509582,40.79653471954481,301.4383600393062,-0.0239608053868746,4950770812450199952
AC_Response,15.848931924611108,38.28868089781682,299.0569098093356,-5.0573675850411695,3766308496770492318
AC_Response,0.3162277660168379,41.28793476116813,303.0641722996054,-0.0392491503846592,16945873912842908627
AC_Response,1.0,38.33334239027114,293.10089722857373,-0.4032949511002218,7035166681821702163
AC_Response,6.309573444801943,41.08562699346509,303.58650370690776,-3.125590271430545,631923151567513377
AC_Response,0.3162277660168379,38.21649432972869,303.56534322943094,-0.0412076944517554,10796982964429426044
AC_Response,1.9952623149688828,42.09307571557734,293.4443281911712,-1.1230881340023564,14925940557847983943
AC_Response,0.3981071705534968,40.75166342427999,301.0515477079729,-0.0646116806197679,5730813955982425338
AC_Response,0.1584893192461111,42.87746783295031,307.55593866537106,-0.0069264663256849,8801835938313083490
AC_Response,0.1258925411794166,42.74916053103488,290.5746947786968,-0.0025101094358359,14264826949359886561
AC_Response,1.2589254117941662,38.57283152042447,302.4090006102026,-0.6086563683831978,1015852638890412653
AC_Response,0.3981071705534968,44.50977871149023,303.263152322465,-0.062836288478696,15483355832083528190
AC_Response,6.309573444801943,41.61971486534147,298.1037724082114,-3.1977189454471304,1131457513323140606
AC_Response,2.511886431509582,38.69622270488729,301.9657628923453,-1.5014298100328447,8115719833540228731
AC_Response,7.943282347242822,38.31893407640898,299.3638589999156,-3.4849403509985004,8619026027835737365
AC_Response,0.3162277660168379,36.43861892729903,303.676124223718,-0.0429543103925226,17268235322529381975
AC_Response,0.5011872336272715,39.64774721352306,306.8220229508652,-0.112381761909431,13277443787381278961
AC_Response,0.5011872336272715,38.37558042728467,295.9516778251947,-0.108701724607298,12182933489101405014
AC_Response,0.6309573444801944,37.12870103512795,297.3410066095633,-0.1766958312543284,5086348268569391686
AC_Response,10.0,40.80112322251315,299.2329513672896,-3.9826900877375966,1295526639106515549
AC_Response,1.0,37.334947088248434,294.43440760000914,-0.3756520260808533,15599116176485750453
AC_Response,0.3981071705534968,39.18777263938059,307.5354074756815,-0.0676046541217023,14030010393685506498
AC_Response,0.1,36.10636397779454,299.96382807834965,0.0,6951561072364878352
AC_Response,19.952623149688822,41.93453001893169,295.92616711681853,-5.7697563406801935,8171303673975013206
AC_Response,31.6227766016838,40.35879763032958,294.16913853899604,-6.848199588681894,6227566288360181889
AC_Response,0.6309573444801944,39.11984591644459,301.1260229250646,-0.1741356259046785,9610535940819629000
AC_Response,3.981071705534969,40.66002705988115,288.1838349540611,-2.326926702525266,6643428527261381718
AC_Response,0.5011872336272715,43.278933930679706,307.8168200832177,-0.1073970745578281,4776793572509321654
AC_Response,19.952623149688822,40.43386356777175,305.1954997344612,-5.60285861745002,15766262156413488926
AC_Response,0.3981071705534968,36.589080383233394,294.68809277779184,-0.0648312392689627,15915415103177725736
AC_Response,10.0,39.0211226249472,305.0510216058231,-3.986301125120408,14932880946049592786
AC_Response,3.981071705534969,39.36697999872778,300.425811364213,-2.267590541631044,14780227274271489565
AC_Response,0.2511886431509582,42.33569419095241,299.8381908200232,-0.0241141010998669,8123982087682502409
AC_Response,0.1,39.339075937042885,294.39428351617613,0.0,8365660235088368164
AC_Response,1.9952623149688828,42.74916053103488,290.5746947786968,-1.118182795790423,14264826949359886561
AC_Response,12.589254117941662,39.94029005251662,299.6218359156308,-4.443291211753941,1062234375139852529
AC_Response,2.511886431509582,42.13424050837239,300.34884642744885,-1.4687978022198471,7248124264218123782
AC_Response,31.6227766016838,35.793021097389925,308.86985058095934,-6.465718755056637,15076552308508060508
AC_Response,3.981071705534969,44.82712146868644,302.5978918999191,-2.2634556328013367,15638800026818411768
AC_Response,0.3162277660168379,42.87746783295031,307.55593866537106,-0.0407809153596233,8801835938313083490
AC_Response,3.1622776601683795,41.29986197643443,296.3385514465405,-1.9152701448770229,4988707599086321867
AC_Response,25.11886431509582,39.05845567786759,297.2376267822416,-6.382895770494975,6308849522308401573
AC_Response,12.589254117941662,41.29986197643443,296.3385514465405,-4.581138436957124,4988707599086321867
AC_Response,0.1584893192461111,39.339075937042885,294.39428351617613,-0.0066771015060948,8365660235088368164
AC_Response,31.6227766016838,41.9345213676303,296.5403011366731,-6.721270649080661,2996005905799625730
AC_Response,10.0,38.31893407640898,299.3638589999156,-3.950300199544916,8619026027835737365
AC_Response,10.0,40.31160828282909,292.8565689112594,-4.093885626848884,13220990961221007809
AC_Response,7.943282347242822,39.90795077029272,306.8673078749587,-3.5017805360619696,15468058970195626653
AC_Response,0.1258925411794166,41.04225055349912,296.5414644902,-0.0026812408857866,6763556109530919502
AC_Response,0.7943282347242822,36.43861892729903,303.676124223718,-0.2745232001294007,17268235322529381975
AC_Response,0.1,39.85562670167986,300.93280864091923,0.0,3323206834988836325
AC_Response,0.1995262314968882,39.73131063338137,294.42197627514213,-0.0126983510441335,10333268118757093503
AC_Response,15.848931924611108,39.43236728729266,296.39638250989714,-5.087165517507636,4381028864758797162
AC_Response,5.011872336272715,37.207464786418186,297.95471711920453,-2.729452684119387,10318556855553405500
AC_Response,15.848931924611108,40.52844947169319,303.263443359763,-5.0044718227183225,560255154383361061
AC_Response,1.0,35.52248114367448,306.4489109295662,-0.4108402986035613,6964906420694514637
AC_Response,0.2511886431509582,39.43236728729266,296.39638250989714,-0.0227757495116937,4381028864758797162
AC_Response,0.3981071705534968,40.55316862193092,296.6314874710408,-0.0622155489422171,12484285608964576027
AC_Response,0.7943282347242822,39.0211226249472,305.0510216058231,-0.257628802420777,14932880946049592786
AC_Response,0.6309573444801944,38.37558042728467,295.9516778251947,-0.1713565255016377,12182933489101405014
AC_Response,5.011872336272715,40.648465379108416,299.4728047413536,-2.750437534575555,5403082750804857040
AC_Response,6.309573444801943,41.9345213676303,296.5403011366731,-3.1184246802834448,2996005905799625730
AC_Response,0.7943282347242822,36.73791801396338,295.61725668807514,-0.2571487776864133,17008765120125666942
AC_Response,2.511886431509582,35.793021097389925,308.86985058095934,-1.5413428970975036,15076552308508060508
AC_Response,0.3162277660168379,42.74916053103488,290.5746947786968,-0.0381849439134196,14264826949359886561
AC_Response,0.1258925411794166,36.322106531247385,300.55707391972635,-0.0028683502479088,13894251431710084294
AC_Response,1.584893192461111,43.08491203323523,298.5763734449834,-0.8192243605203277,440727550293168112
AC_Response,0.1,37.79561575023349,300.3431374384869,0.0,8406104627261355859
AC_Response,39.81071705534969,39.66536493364173,302.3426017448898,-6.661600564943591,11523722328579267051
AC_Response,1.584893192461111,37.99663516660689,298.18972265332246,-0.8002412273939192,8038139640542861367
AC_Response,7.943282347242822,38.37558042728467,295.9516778251947,-3.621324165469919,12182933489101405014
AC_Response,0.1584893192461111,39.36697999872778,300.425811364213,-0.0064768255122181,14780227274271489565
AC_Response,25.11886431509582,38.42173874228168,293.06092698472065,-6.473875842724981,9170926497845462766
AC_Response,40.0,37.10727035463277,300.4554170460457,-6.826369285597668,16422739178917769296
AC_Response,0.6309573444801944,39.62193192256099,289.3285700165644,-0.1676769879255299,14612151002491318071
AC_Response,39.81071705534969,38.57283152042447,302.4090006102026,-6.817907312271574,1015852638890412653
AC_Response,40.0,35.793021097389925,308.86985058095934,-6.604108204111627,15076552308508060508
AC_Response,3.981071705534969,39.85562670167986,300.93280864091923,-2.376940478726689,3323206834988836325
AC_Response,0.5011872336272715,44.50977871149023,303.263152322465,-0.100782116856376,15483355832083528190
AC_Response,0.1258925411794166,38.53132745549709,285.1813868750008,-0.00266025783055,17395302027409890490
AC_Response,0.2511886431509582,36.43861892729903,303.676124223718,-0.0254828036690839,17268235322529381975
AC_Response,3.981071705534969,38.50508417894045,294.1262317171733,-2.3570790398467216,7408968043820680965
AC_Response,0.1995262314968882,40.65637295368661,296.23853018587084,-0.0137128370845318,16406327631433526260
AC_Response,6.309573444801943,40.66002705988115,288.1838349540611,-3.162407469423961,6643428527261381718
AC_Response,12.589254117941662,39.33447860201831,299.4635962010897,-4.503219689695866,15208010537286723207
AC_Response,1.0,41.27631172344517,301.59948365785385,-0.385748885023568,14080291052260215929
AC_Response,19.952623149688822,38.42173874228168,293.06092698472065,-5.85423963912827,9170926497845462766
AC_Response,1.2589254117941662,42.54178389838287,305.55199671356803,-0.5580712344954916,3537787434630592613
AC_Response,1.0,43.11434944357355,296.9231984392292,-0.3777034532107793,3658234560045323703
AC_Response,5.011872336272715,42.09307571557734,293.4443281911712,-2.7135344174602483,14925940557847983943
AC_Response,40.0,41.61971486534147,298.1037724082114,-6.908293731725061,1131457513323140606
AC_Response,1.0,38.88005077046229,301.691940704981,-0.3694804125012033,5417274375214438322
AC_Response,1.584893192461111,42.04226242943757,288.6545802497056,-0.7990564411521968,14598686425886924939
AC_Response,7.943282347242822,43.101977222602514,303.9832024614659,-3.518572284436283,14223461640953255652
AC_Response,1.0,41.64371883461047,301.63426669668445,-0.4031538858208267,7077229970648675251
AC_Response,0.3162277660168379,39.90607827400121,296.137708789732,-0.0419736384076455,10133735033454427345
AC_Response,0.1,38.88005077046229,301.691940704981,0.0,5417274375214438322
AC_Response,0.1995262314968882,40.01001805266426,305.28831051478386,-0.0131509519812326,1115091621525583977
AC_Response,5.011872336272715,40.35879763032958,294.16913853899604,-2.676555985460534,6227566288360181889
AC_Response,1.584893192461111,42.87746783295031,307.55593866537106,-0.8432979747353143,8801835938313083490
AC_Response,1.0,39.85562670167986,300.93280864091923,-0.4054870949822301,3323206834988836325
AC_Response,19.952623149688822,40.47383155665718,295.6008889602198,-5.786857166650926,6410035451867130339
AC_Response,0.2511886431509582,40.01001805266426,305.28831051478386,-0.0233457701542616,1115091621525583977
AC_Response,12.589254117941662,41.43318212059344,299.0815860986159,-4.586875143056856,6042616877882084778
AC_Response,15.848931924611108,40.58953669016749,293.2225739384997,-5.1373827304098105,7807375178238359560
AC_Response,40.0,38.21649432972869,303.56534322943094,-6.803379911986264,10796982964429426044
AC_Response,0.5011872336272715,41.11142736058992,291.8506686301862,-0.0995702541373487,12552086576878223737
AC_Response,0.7943282347242822,39.24041391228537,297.93305834844136,-0.2499417063663167,3712240751709899868
AC_Response,0.2511886431509582,43.40306406282464,301.888862689621,-0.02188068221416,9481571324980869556
AC_Response,0.6309573444801944,41.79339850063371,299.641349014439,-0.1551856611849213,9066091246669766023
AC_Response,0.1258925411794166,39.64774721352306,306.8220229508652,-0.0028249413568105,13277443787381278961
AC_Response,0.2511886431509582,38.50508417894045,294.1262317171733,-0.024011894945754,7408968043820680965
AC_Response,0.1584893192461111,38.57283152042447,302.4090006102026,-0.007199020066628,1015852638890412653
AC_Response,25.11886431509582,38.81204244575611,302.5323056028984,-6.3511922611551705,4131187287421323234
AC_Response,0.1584893192461111,41.27682283342508,300.8565986758517,-0.0065516392245549,3063462922452919031
AC_Response,0.6309573444801944,39.339075937042885,294.39428351617613,-0.1628296876739258,8365660235088368164
AC_Response,2.511886431509582,43.08491203323523,298.5763734449834,-1.5020494674364255,440727550293168112
AC_Response,25.11886431509582,40.994373738605006,302.9961192294562,-6.150944179422943,9731388305634911064
AC_Response,3.1622776601683795,39.61181207182135,297.3307652107198,-1.8412032918406984,17136393541049134550
AC_Response,0.6309573444801944,38.33334239027114,293.10089722857373,-0.1711653436346623,7035166681821702163
AC_Response,40.0,42.219532217947325,302.0841812978663,-6.513864106146686,6431290111938284445
AC_Response,1.0,43.13862383173334,296.64614602139693,-0.3843833046061733,17985928204657212826
AC_Response,15.848931924611108,37.207464786418186,297.95471711920453,-5.121159415649641,10318556855553405500
AC_Response,0.1,40.35879763032958,294.16913853899604,0.0,6227566288360181889
AC_Response,3.1622776601683795,40.32854625878799,294.3650499716886,-1.9282102844358449,17204210023338359435
AC_Response,0.1,37.69553984942066,294.1521471075916,0.0,8666257842429149026
AC_Response,31.6227766016838,41.04225055349912,296.5414644902,-6.798725557357658,6763556109530919502
AC_Response,0.1995262314968882,38.57048554783602,303.1708876105774,-0.0136306943705371,9443669834932015687
AC_Response,0.1584893192461111,41.193035529790656,301.7038514591378,-0.0069360345995501,2554276162761610342
AC_Response,0.6309573444801944,43.08491203323523,298.5763734449834,-0.162212619248757,440727550293168112
AC_Response,2.511886431509582,43.11434944357355,296.9231984392292,-1.488316420564027,3658234560045323703
AC_Response,40.0,42.87746783295031,307.55593866537106,-6.600213450698801,8801835938313083490
AC_Response,40.0,40.31160828282909,292.8565689112594,-7.069279133520803,13220990961221007809
AC_Response,1.584893192461111,38.88005077046229,301.691940704981,-0.7935816703344882,5417274375214438322
AC_Response,3.981071705534969,38.21649432972869,303.56534322943094,-2.334875723589225,10796982964429426044
AC_Response,12.589254117941662,42.54178389838287,305.55199671356803,-4.411315153417325,3537787434630592613
AC_Response,0.1995262314968882,38.89567254871546,292.9930878390376,-0.0132688402754869,13058981581108217973
AC_Response,0.6309573444801944,38.55163090195673,309.2198732722366,-0.1764713722867316,4787501490018871704
AC_Response,3.981071705534969,38.899871401178025,300.40158819211445,-2.281253044286553,6672923565090819279
AC_Response,3.981071705534969,40.07870713980076,299.5411124372077,-2.316540743827492,3083009041752371786
AC_Response,0.1,39.43236728729266,296.39638250989714,0.0,4381028864758797162
AC_Response,7.943282347242822,38.69622270488729,301.9657628923453,-3.535888277587653,8115719833540228731
AC_Response,0.1995262314968882,42.54178389838287,305.55199671356803,-0.0127971689976834,3537787434630592613
AC_Response,10.0,40.01001805266426,305.28831051478386,-3.954490730374496,1115091621525583977
AC_Response,1.0,36.43861892729903,303.676124223718,-0.4165348157206072,17268235322529381975
AC_Response,0.2511886431509582,43.278933930679706,307.8168200832177,-0.024294130260942,4776793572509321654
AC_Response,31.6227766016838,34.84085283436253,301.39850617403,-6.578807638835299,16751146966542148650
AC_Response,3.981071705534969,39.33447860201831,299.4635962010897,-2.303975377286943,15208010537286723207
AC_Response,1.9952623149688828,34.826156523967086,290.8089263982084,-1.1649687081686608,15165174592579684514
AC_Response,7.943282347242822,38.08606385532588,297.3563844788412,-3.592636391978308,7393066098584539282
AC_Response,39.81071705534969,43.40306406282464,301.888862689621,-6.43262770283512,9481571324980869556
AC_Response,0.1,40.648465379108416,299.4728047413536,0.0,5403082750804857040
AC_Response,0.1584893192461111,41.97319841319997,303.92619603855775,-0.0064515176455316,959363961973256592
AC_Response,31.6227766016838,40.01001805266426,305.28831051478386,-6.464647120668473,1115091621525583977
AC_Response,5.011872336272715,38.899871401178025,300.40158819211445,-2.683729266000858,6672923565090819279
AC_Response,0.1258925411794166,34.84085283436253,301.39850617403,-0.0028284550859249,16751146966542148650
AC_Response,0.7943282347242822,38.8972081784186,297.8606493603604,-0.2667328598173186,11533468067055250155
AC_Response,1.584893192461111,38.25394170360681,296.3367780179062,-0.8175057147102258,1787945062278856569
AC_Response,5.011872336272715,43.13862383173334,296.64614602139693,-2.7131081158111776,17985928204657212826
AC_Response,1.0,42.33569419095241,299.8381908200232,-0.3969147904829113,8123982087682502409
AC_Response,31.6227766016838,39.43236728729266,296.39638250989714,-6.7776324731028055,4381028864758797162
AC_Response,39.81071705534969,39.90795077029272,306.8673078749587,-6.393534019211822,15468058970195626653
AC_Response,12.589254117941662,43.40306406282464,301.888862689621,-4.406553109399263,9481571324980869556
AC_Response,1.9952623149688828,36.36815079533651,301.4558439858307,-1.1672305594905306,6183833702133835153
AC_Response,0.6309573444801944,36.73791801396338,295.61725668807514,-0.1658168648062035,17008765120125666942
AC_Response,0.1584893192461111,36.322106531247385,300.55707391972635,-0.0074038208445761,13894251431710084294
AC_Response,12.589254117941662,40.52844947169319,303.263443359763,-4.453137728280238,560255154383361061
AC_Response,39.81071705534969,38.69622270488729,301.9657628923453,-6.882705872081606,8115719833540228731
AC_Response,15.848931924611108,38.978559546027874,295.06946514256083,-5.168568124152396,5230745145462099467
AC_Response,25.11886431509582,41.64371883461047,301.63426669668445,-6.250871703128507,7077229970648675251
AC_Response,0.1,38.57048554783602,303.1708876105774,0.0,9443669834932015687
AC_Response,7.943282347242822,39.21856251436128,307.7679942040925,-3.4932118562083985,2454564730666304252
AC_Response,15.848931924611108,39.34847113068841,298.5552181462747,-5.145574620983593,9131232228778995290
AC_Response,3.1622776601683795,39.325337668236735,299.6111127589073,-1.915909902710483,15493075907902210391
AC_Response,0.5011872336272715,36.10636397779454,299.96382807834965,-0.1114915875610413,6951561072364878352
AC_Response,1.2589254117941662,41.27631172344517,301.59948365785385,-0.5727372017845899,14080291052260215929
AC_Response,6.309573444801943,37.10727035463277,300.4554170460457,-3.1459336221797884,16422739178917769296
AC_Response,40.0,38.50508417894045,294.1262317171733,-7.322378551649549,7408968043820680965
AC_Response,40.0,38.96317500489286,311.33012415162744,-6.5275070162362745,17007921468252437021
AC_Response,1.2589254117941662,42.13424050837239,300.34884642744885,-0.5516052168368496,7248124264218123782
AC_Response,0.5011872336272715,39.85562670167986,300.93280864091923,-0.1092656441423608,3323206834988836325
AC_Response,0.2511886431509582,41.43318212059344,299.0815860986159,-0.02429462893197,6042616877882084778
AC_Response,0.5011872336272715,37.69553984942066,294.1521471075916,-0.11302179489346,8666257842429149026
AC_Response,3.981071705534969,38.55163090195673,309.2198732722366,-2.3817047767764974,4787501490018871704
AC_Response,0.5011872336272715,34.84085283436253,301.39850617403,-0.112591730306109,16751146966542148650
AC_Response,31.6227766016838,40.32755095458103,299.70047987606006,-6.64466007136242,9319956976912993182
AC_Response,0.3981071705534968,39.34847113068841,298.5552181462747,-0.0669056863638027,9131232228778995290
AC_Response,0.1995262314968882,38.08606385532588,297.3563844788412,-0.014062012883805,7393066098584539282
AC_Response,1.0,39.325337668236735,299.6111127589073,-0.3921431258008535,15493075907902210391
AC_Response,39.81071705534969,42.25069338145754,304.38892783295006,-6.512932474873544,12866849828103811731
AC_Response,0.6309573444801944,40.51326020590248,298.8914974420704,-0.1599336575223554,13540594563185179811
AC_Response,1.2589254117941662,34.84085283436253,301.39850617403,-0.6160533047037386,16751146966542148650
AC_Response,3.1622776601683795,40.32755095458103,299.70047987606006,-1.8415221380114088,9319956976912993182
AC_Response,31.6227766016838,38.81204244575611,302.5323056028984,-6.783435524670999,4131187287421323234
AC_Response,7.943282347242822,40.31160828282909,292.8565689112594,-3.611998505979091,13220990961221007809
AC_Response,0.5011872336272715,38.899871401178025,300.40158819211445,-0.1002812177485291,6672923565090819279
AC_Response,1.9952623149688828,40.32854625878799,294.3650499716886,-1.1549124033146263,17204210023338359435
AC_Response,1.0,40.94136333558407,299.94201571725745,-0.391555813117233,14684909485850387430
AC_Response,1.584893192461111,38.53132745549709,285.1813868750008,-0.8459154466381297,17395302027409890490
AC_Response,1.9952623149688828,44.50977871149023,303.263152322465,-1.1139367214436773,15483355832083528190
AC_Response,25.11886431509582,40.07870713980076,299.5411124372077,-6.231099912622312,3083009041752371786
AC_Response,0.1,40.91913452211564,297.20307373531364,0.0,12404554437750077034
AC_Response,0.3981071705534968,38.28868089781682,299.0569098093356,-0.064461409616536,3766308496770492318
AC_Response,40.0,39.05845567786759,297.2376267822416,-6.988112548783004,6308849522308401573
AC_Response,1.2589254117941662,36.43861892729903,303.676124223718,-0.6158884649827544,17268235322529381975
AC_Response,39.81071705534969,40.77134716523017,305.22981462209646,-6.534573895317739,9738090587319443504
AC_Response,10.0,42.56757336192149,293.18283111534566,-4.045335244548299,1435201764501745638
AC_Response,2.511886431509582,39.51420947268076,305.7035776891924,-1.588688710448864,4365530570025844449
AC_Response,1.0,40.58953669016749,293.2225739384997,-0.3838694007961711,7807375178238359560
AC_Response,1.2589254117941662,40.07870713980076,299.5411124372077,-0.5705572163409467,3083009041752371786
AC_Response,0.2511886431509582,37.83724802001972,293.41915116225954,-0.0232485577683085,7174223208182595177
AC_Response,40.0,41.83782044136868,301.83723728961854,-6.601564250315445,9082082196135538154
AC_Response,12.589254117941662,42.13424050837239,300.34884642744885,-4.476143781442061,7248124264218123782
AC_Response,0.6309573444801944,39.18777263938059,307.5354074756815,-0.1707098670065904,14030010393685506498
AC_Response,5.011872336272715,36.322106531247385,300.55707391972635,-2.833391611018652,13894251431710084294
AC_Response,1.584893192461111,39.05845567786759,297.2376267822416,-0.8361324196021014,6308849522308401573
AC_Response,0.2511886431509582,37.69553984942066,294.1521471075916,-0.0255879405829879,8666257842429149026
AC_Response,40.0,43.06550150160359,292.35304316269765,-7.043429710238573,2038187770712329087
AC_Response,0.1584893192461111,38.37558042728467,295.9516778251947,-0.0070399184436405,12182933489101405014
AC_Response,1.0,42.13424050837239,300.34884642744885,-0.3706561908683543,7248124264218123782
AC_Response,0.2511886431509582,41.97319841319997,303.92619603855775,-0.0225375663370139,959363961973256592
AC_Response,1.584893192461111,39.43236728729266,296.39638250989714,-0.804791777746189,4381028864758797162
AC_Response,25.11886431509582,38.422268984819695,304.0303353891022,-6.218616728174848,10399213306103495125
AC_Response,0.5011872336272715,37.83724802001972,293.41915116225954,-0.1028822638033497,7174223208182595177
AC_Response,6.309573444801943,34.826156523967086,290.8089263982084,-3.203465290254136,15165174592579684514
AC_Response,0.5011872336272715,41.97319841319997,303.92619603855775,-0.099778583971525,959363961973256592
AC_Response,40.0,39.0211226249472,305.0510216058231,-6.793900505765038,14932880946049592786
AC_Response,19.952623149688822,38.53132745549709,285.1813868750008,-6.173702898829713,17395302027409890490
AC_Response,7.943282347242822,40.648465379108416,299.4728047413536,-3.5665864594320444,5403082750804857040
AC_Response,39.81071705534969,40.35879763032958,294.16913853899604,-6.983315700370051,6227566288360181889
AC_Response,1.2589254117941662,42.543125490608695,301.3994726877767,-0.5622627371031317,8259856114936990545
AC_Response,0.6309573444801944,38.50508417894045,294.1262317171733,-0.1675021329171499,7408968043820680965
AC_Response,0.2511886431509582,38.23677890677304,298.10055132439214,-0.0253482972787482,16541905887176100137
AC_Response,40.0,38.92442853409919,306.1252360546967,-6.559187425092217,17394947245709734813
AC_Response,3.981071705534969,40.94136333558407,299.94201571725745,-2.331142643586686,14684909485850387430
AC_Response,0.1,39.94029005251662,299.6218359156308,0.0,1062234375139852529
AC_Response,40.0,40.32755095458103,299.70047987606006,-6.755895189964184,9319956976912993182
AC_Response,6.309573444801943,39.61181207182135,297.3307652107198,-3.0576321825205115,17136393541049134550
AC_Response,0.5011872336272715,40.714467773434976,300.93677074401546,-0.1023762557505038,9058477443376137994
AC_Response,0.1,38.37558042728467,295.9516778251947,0.0,12182933489101405014
AC_Response,1.9952623149688828,38.08606385532588,297.3563844788412,-1.1903061274986784,7393066098584539282
AC_Response,2.511886431509582,42.56757336192149,293.18283111534566,-1.4822660374255243,1435201764501745638
AC_Response,5.011872336272715,43.08491203323523,298.5763734449834,-2.7082190184771884,440727550293168112
AC_Response,1.584893192461111,39.34847113068841,298.5552181462747,-0.8463785439978516,9131232228778995290
AC_Response,0.1584893192461111,39.325337668236735,299.6111127589073,-0.0068337350551523,15493075907902210391
AC_Response,1.9952623149688828,41.27631172344517,301.59948365785385,-1.1398005514004517,14080291052260215929
AC_Response,15.848931924611108,40.87821813200619,300.974125232131,-5.003445555588541,3939891858067812807
AC_Response,0.1584893192461111,43.11434944357355,296.9231984392292,-0.0065426409278892,3658234560045323703
AC_Response,6.309573444801943,38.37558042728467,295.9516778251947,-3.192945600591872,12182933489101405014
AC_Response,7.943282347242822,41.04225055349912,296.5414644902,-3.605627373232032,6763556109530919502
AC_Response,1.9952623149688828,37.207464786418186,297.95471711920453,-1.1442395744216811,10318556855553405500
AC_Response,1.2589254117941662,39.61181207182135,297.3307652107198,-0.5398654446987499,17136393541049134550
AC_Response,3.981071705534969,38.858183000543626,295.7855807653235,-2.3574555335713905,9262064648931476805
AC_Response,40.0,41.62971960161597,300.52976098251094,-6.75477417571694,869685322261252957
AC_Response,3.1622776601683795,40.35879763032958,294.16913853899604,-1.8684216363760195,6227566288360181889
AC_Response,1.0,40.31160828282909,292.8565689112594,-0.3976440626210606,13220990961221007809
AC_Response,10.0,39.18777263938059,307.5354074756815,-3.973483502256152,14030010393685506498
AC_Response,7.943282347242822,36.73791801396338,295.61725668807514,-3.552427115869494,17008765120125666942
AC_Response,12.589254117941662,39.64774721352306,306.8220229508652,-4.481667262263303,13277443787381278961
AC_Response,0.3162277660168379,41.83782044136868,301.83723728961854,-0.0402323774738884,9082082196135538154
AC_Response,0.3981071705534968,38.55163090195673,309.2198732722366,-0.0699415796217947,4787501490018871704
AC_Response,1.2589254117941662,41.484417545989686,302.7283665488111,-0.5577155323884337,4427417937030231446
AC_Response,0.1,40.78433779833217,301.9145433801493,0.0,894797089121886199
AC_Response,31.6227766016838,44.50977871149023,303.263152322465,-6.392640166985078,15483355832083528190
AC_Response,0.7943282347242822,44.82712146868644,302.5978918999191,-0.2444710401033732,15638800026818411768
AC_Response,5.011872336272715,39.90795077029272,306.8673078749587,-2.708272404976324,15468058970195626653
AC_Response,2.511886431509582,40.65637295368661,296.23853018587084,-1.547898633393384,16406327631433526260
AC_Response,1.9952623149688828,39.21209704786501,303.00410991721293,-1.104196202453257,4763887798637117351
AC_Response,0.3981071705534968,36.10636397779454,299.96382807834965,-0.0695685114556174,6951561072364878352
AC_Response,5.011872336272715,38.25394170360681,296.3367780179062,-2.696536672202488,1787945062278856569
AC_Response,0.6309573444801944,38.8972081784186,297.8606493603604,-0.1720973935592877,11533468067055250155
AC_Response,40.0,39.61181207182135,297.3307652107198,-6.8232707617252855,17136393541049134550
AC_Response,5.011872336272715,38.978559546027874,295.06946514256083,-2.7108998597093423,5230745145462099467
AC_Response,7.943282347242822,38.21649432972869,303.56534322943094,-3.534597363814908,10796982964429426044
AC_Response,0.7943282347242822,42.56757336192149,293.18283111534566,-0.2444527661610185,1435201764501745638
AC_Response,25.11886431509582,41.61971486534147,298.1037724082114,-6.375439858072905,1131457513323140606
AC_Response,12.589254117941662,42.25069338145754,304.38892783295006,-4.444787115415422,12866849828103811731
AC_Response,3.1622776601683795,41.97319841319997,303.92619603855775,-1.854837200623198,959363961973256592
AC_Response,0.3981071705534968,37.334947088248434,294.43440760000914,-0.0626530034975823,15599116176485750453
AC_Response,19.952623149688822,38.31893407640898,299.3638589999156,-5.652251708733564,8619026027835737365
AC_Response,2.511886431509582,38.795972505421744,297.7961123434831,-1.543978678662725,15363827923754144579
AC_Response,0.5011872336272715,35.793021097389925,308.86985058095934,-0.1089605966598923,15076552308508060508
AC_Response,0.1,42.543125490608695,301.3994726877767,0.0,8259856114936990545
AC_Response,0.2511886431509582,36.16652897024234,304.10393187120707,-0.024315265935385,1769769716334894948
AC_Response,15.848931924611108,40.79653471954481,301.4383600393062,-5.028389316574511,4950770812450199952
AC_Response,7.943282347242822,41.193035529790656,301.7038514591378,-3.574695664568371,2554276162761610342
AC_Response,40.0,38.89567254871546,292.9930878390376,-6.990094437995285,13058981581108217973
AC_Response,0.1,38.422268984819695,304.0303353891022,0.0,10399213306103495125
AC_Response,6.309573444801943,41.11142736058992,291.8506686301862,-3.1161719365744345,12552086576878223737
AC_Response,12.589254117941662,43.167246359099664,298.50956140834,-4.476988311790706,3765347373034185731
AC_Response,0.2511886431509582,40.994373738605006,302.9961192294562,-0.0232383429259921,9731388305634911064
AC_Response,1.0,40.47383155665718,295.6008889602198,-0.3812853411349529,6410035451867130339
AC_Response,25.11886431509582,39.66536493364173,302.3426017448898,-6.142359373951565,11523722328579267051
AC_Response,5.011872336272715,39.90381821426863,300.9815905741297,-2.653721243603835,15256650157893810940
AC_Response,15.848931924611108,38.795972505421744,297.7961123434831,-5.2318626517612286,15363827923754144579
AC_Response,0.3162277660168379,36.322106531247385,300.55707391972635,-0.0435729490134713,13894251431710084294
AC_Response,0.2511886431509582,39.90795077029272,306.8673078749587,-0.023863189114053,15468058970195626653
AC_Response,12.589254117941662,39.85430360518959,306.74502895459364,-4.441771434960335,16546631726138751512
AC_Response,1.2589254117941662,40.55316862193092,296.6314874710408,-0.5537155479474368,12484285608964576027
AC_Response,3.981071705534969,38.23677890677304,298.10055132439214,-2.383315981539236,16541905887176100137
AC_Response,1.584893192461111,40.94136333558407,299.94201571725745,-0.8349628711335326,14684909485850387430
AC_Response,0.1995262314968882,34.826156523967086,290.8089263982084,-0.0134316069893931,15165174592579684514
AC_Response,3.1622776601683795,38.899871401178025,300.40158819211445,-1.8756176196281915,6672923565090819279
AC_Response,0.5011872336272715,41.04225055349912,296.5414644902,-0.1069339528652642,6763556109530919502
AC_Response,0.1258925411794166,35.52248114367448,306.4489109295662,-0.0027952676904938,6964906420694514637
AC_Response,15.848931924611108,40.07870713980076,299.5411124372077,-5.0786206752447205,3083009041752371786
AC_Response,12.589254117941662,40.32755095458103,299.70047987606006,-4.453847382725143,9319956976912993182
AC_Response,0.1584893192461111,42.56757336192149,293.18283111534566,-0.0064370229940017,1435201764501745638
AC_Response,10.0,40.994373738605006,302.9961192294562,-3.9606055575754464,9731388305634911064
AC_Response,1.9952623149688828,36.10636397779454,299.96382807834965,-1.2086591776190163,6951561072364878352
AC_Response,0.7943282347242822,39.66536493364173,302.3426017448898,-0.2653901932815067,11523722328579267051
AC_Response,0.1584893192461111,42.54178389838287,305.55199671356803,-0.0065035107838537,3537787434630592613
AC_Response,0.1584893192461111,41.04225055349912,296.5414644902,-0.0069214417246977,6763556109530919502
AC_Response,7.943282347242822,38.978559546027874,295.06946514256083,-3.5553845165671167,5230745145462099467
AC_Response,39.81071705534969,40.51326020590248,298.8914974420704,-6.766382256333728,13540594563185179811
AC_Response,2.511886431509582,42.74916053103488,290.5746947786968,-1.4863718321628014,14264826949359886561
AC_Response,3.1622776601683795,43.278933930679706,307.8168200832177,-1.9374563071722573,4776793572509321654
AC_Response,1.2589254117941662,41.64371883461047,301.63426669668445,-0.5970249915597271,7077229970648675251
AC_Response,1.584893192461111,41.79339850063371,299.641349014439,-0.7882391523452563,9066091246669766023
AC_Response,10.0,40.65637295368661,296.23853018587084,-4.060314997832049,16406327631433526260
AC_Response,0.5011872336272715,40.58953669016749,293.2225739384997,-0.1030829935191042,7807375178238359560
AC_Response,0.2511886431509582,41.04225055349912,296.5414644902,-0.0241747838708829,6763556109530919502
AC_Response,1.2589254117941662,42.219532217947325,302.0841812978663,-0.55182941578484,6431290111938284445
AC_Response,2.511886431509582,39.36697999872778,300.425811364213,-1.472098469066203,14780227274271489565
AC_Response,1.9952623149688828,41.48473029075561,294.1535226587993,-1.0754332538750782,4007664404162655079
AC_Response,31.6227766016838,43.08491203323523,298.5763734449834,-6.7059251699909606,440727550293168112
AC_Response,12.589254117941662,40.31160828282909,292.8565689112594,-4.637684764791564,13220990961221007809
AC_Response,3.981071705534969,39.85430360518959,306.74502895459364,-2.328603090903989,16546631726138751512
AC_Response,2.511886431509582,40.75166342427999,301.0515477079729,-1.5072027373945245,5730813955982425338
AC_Response,0.7943282347242822,39.90381821426863,300.9815905741297,-0.2414784760301816,15256650157893810940
AC_Response,7.943282347242822,41.484417545989686,302.7283665488111,-3.4929827393832324,4427417937030231446
AC_Response,0.1258925411794166,42.04226242943757,288.6545802497056,-0.0024867106128393,14598686425886924939
AC_Response,0.1995262314968882,40.06029068650691,301.1540677406581,-0.0128931573230449,7954056211698152112
AC_Response,40.0,43.13862383173334,296.64614602139693,-6.798841955506127,17985928204657212826
AC_Response,5.011872336272715,39.33731057072893,297.69705044733973,-2.6878261707931954,3402320749389468369
AC_Response,25.11886431509582,34.84085283436253,301.39850617403,-6.181548564875484,16751146966542148650
AC_Response,3.1622776601683795,41.64371883461047,301.63426669668445,-1.9543522619940183,7077229970648675251
AC_Response,3.981071705534969,36.10636397779454,299.96382807834965,-2.4181402931099,6951561072364878352
AC_Response,40.0,41.484417545989686,302.7283665488111,-6.673060413724782,4427417937030231446
AC_Response,0.3981071705534968,38.37558042728467,295.9516778251947,-0.0678141625884036,12182933489101405014
AC_Response,3.1622776601683795,38.81204244575611,302.5323056028984,-1.9935604386871035,4131187287421323234
AC_Response,0.1584893192461111,36.10636397779454,299.96382807834965,-0.0072242010321505,6951561072364878352
AC_Response,0.3981071705534968,41.484417545989686,302.7283665488111,-0.0626564794177121,4427417937030231446
AC_Response,1.584893192461111,42.25069338145754,304.38892783295006,-0.8352617267753598,12866849828103811731
AC_Response,0.1584893192461111,41.62971960161597,300.52976098251094,-0.0068724696130233,869685322261252957
AC_Response,0.1,40.94136333558407,299.94201571725745,0.0,14684909485850387430
AC_Response,40.0,40.43386356777175,305.1954997344612,-6.691133625714256,15766262156413488926
AC_Response,0.3162277660168379,42.25069338145754,304.38892783295006,-0.0402547985885126,12866849828103811731
AC_Response,0.1995262314968882,38.45876893881996,290.3471581734896,-0.0127377100659775,7554141485682215590
AC_Response,5.011872336272715,40.248277237816566,302.09732544564235,-2.724632374600317,3482370874704362668
AC_Response,0.5011872336272715,40.648465379108416,299.4728047413536,-0.1078396942490036,5403082750804857040
AC_Response,1.0,42.04226242943757,288.6545802497056,-0.3717197421873922,14598686425886924939
AC_Response,0.7943282347242822,36.36815079533651,301.4558439858307,-0.2616564248069656,6183833702133835153
AC_Response,0.1258925411794166,40.58953669016749,293.2225739384997,-0.0025836686573199,7807375178238359560
AC_Response,1.0,41.61971486534147,298.1037724082114,-0.4108145151999012,1131457513323140606
AC_Response,10.0,38.795972505421744,297.7961123434831,-4.098600874802266,15363827923754144579
AC_Response,0.3162277660168379,36.589080383233394,294.68809277779184,-0.039618436147633,15915415103177725736
AC_Response,40.0,40.96326376678826,298.8654192354596,-6.776087132086709,11939704803637804291
AC_Response,0.6309573444801944,35.793021097389925,308.86985058095934,-0.1716427025657962,15076552308508060508
AC_Response,1.584893192461111,41.93453001893169,295.92616711681853,-0.8281953151604081,8171303673975013206
AC_Response,19.952623149688822,39.64774721352306,306.8220229508652,-5.568025269775172,13277443787381278961
AC_Response,39.81071705534969,40.714467773434976,300.93677074401546,-6.73296861789178,9058477443376137994
AC_Response,40.0,38.25394170360681,296.3367780179062,-6.920192570261538,1787945062278856569
AC_Response,40.0,41.28793476116813,303.0641722996054,-6.786378295711959,16945873912842908627
AC_Response,0.3981071705534968,40.65637295368661,296.23853018587084,-0.0671403855022128,16406327631433526260
AC_Response,39.81071705534969,40.87821813200619,300.974125232131,-6.492316110663975,3939891858067812807
AC_Response,31.6227766016838,41.43318212059344,299.0815860986159,-6.721874918054774,6042616877882084778
AC_Response,1.2589254117941662,38.55163090195673,309.2198732722366,-0.6124438318781895,4787501490018871704
AC_Response,3.1622776601683795,39.58517778577758,297.0863250737395,-1.9374451419531848,13884065282437346191
AC_Response,0.1584893192461111,41.61971486534147,298.1037724082114,-0.0071829273537689,1131457513323140606
AC_Response,7.943282347242822,38.88005077046229,301.691940704981,-3.4917326003805766,5417274375214438322
AC_Response,0.7943282347242822,37.334947088248434,294.43440760000914,-0.2464548746751838,15599116176485750453
AC_Response,39.81071705534969,39.0211226249472,305.0510216058231,-6.79454090052484,14932880946049592786
AC_Response,40.0,41.193035529790656,301.7038514591378,-6.719053521755764,2554276162761610342
AC_Response,25.11886431509582,38.08606385532588,297.3563844788412,-6.343769793324556,7393066098584539282
AC_Response,10.0,41.11142736058992,291.8506686301862,-4.029665462787729,12552086576878223737
AC_Response,39.81071705534969,39.33447860201831,299.4635962010897,-6.898233671672851,15208010537286723207
AC_Response,39.81071705534969,43.06550150160359,292.35304316269765,-7.045495711108929,2038187770712329087
AC_Response,0.1258925411794166,40.80112322251315,299.2329513672896,-0.0026173465204281,1295526639106515549
AC_Response,7.943282347242822,38.57283152042447,302.4090006102026,-3.607496754865088,1015852638890412653
AC_Response,0.1995262314968882,41.27682283342508,300.8565986758517,-0.0128917757587852,3063462922452919031
AC_Response,1.0,39.047727684139495,305.18782525816323,-0.406658030324696,9536545485233975021
AC_Response,6.309573444801943,39.9154735600532,295.8292447353602,-3.1230938001453863,5412796333827448456
AC_Response,0.5011872336272715,38.08606385532588,297.3563844788412,-0.1102644332921618,7393066098584539282
AC_Response,0.3981071705534968,40.80112322251315,299.2329513672896,-0.0651100735864969,1295526639106515549
AC_Response,1.0,38.28868089781682,299.0569098093356,-0.3847584003772962,3766308496770492318
AC_Response,31.6227766016838,40.714467773434976,300.93677074401546,-6.640799622751505,9058477443376137994
AC_Response,0.3162277660168379,43.11434944357355,296.9231984392292,-0.0385460546427923,3658234560045323703
AC_Response,40.0,36.10636397779454,299.96382807834965,-7.097756679867117,6951561072364878352
AC_Response,0.1584893192461111,38.69622270488729,301.9657628923453,-0.0066477396708276,8115719833540228731
AC_Response,2.511886431509582,41.27631172344517,301.59948365785385,-1.5084365710859728,14080291052260215929
AC_Response,0.7943282347242822,41.62971960161597,300.52976098251094,-0.2595040022035557,869685322261252957
AC_Response,0.2511886431509582,37.79561575023349,300.3431374384869,-0.0249520050839443,8406104627261355859
AC_Response,39.81071705534969,38.89567254871546,292.9930878390376,-6.991799250203902,13058981581108217973
AC_Response,0.3981071705534968,38.8972081784186,297.8606493603604,-0.0681199527712322,11533468067055250155
AC_Response,0.1995262314968882,39.21209704786501,303.00410991721293,-0.0126665922175812,4763887798637117351
AC_Response,0.1,40.43386356777175,305.1954997344612,0.0,15766262156413488926
AC_Response,1.584893192461111,34.84085283436253,301.39850617403,-0.8813170940404043,16751146966542148650
AC_Response,1.9952623149688828,42.54178389838287,305.55199671356803,-1.1146193565634044,3537787434630592613
AC_Response,31.6227766016838,39.33447860201831,299.4635962010897,-6.744171348169137,15208010537286723207
AC_Response,0.1995262314968882,41.79339850063371,299.641349014439,-0.0125028556865441,9066091246669766023
AC_Response,0.3162277660168379,39.11984591644459,301.1260229250646,-0.0421698435017588,9610535940819629000
AC_Response,1.2589254117941662,43.08491203323523,298.5763734449834,-0.5692147804411253,440727550293168112
AC_Response,0.1,38.31893407640898,299.3638589999156,0.0,8619026027835737365
AC_Response,0.2511886431509582,40.248277237816566,302.09732544564235,-0.0240515935435972,3482370874704362668
AC_Response,7.943282347242822,39.34847113068841,298.5552181462747,-3.569406390899308,9131232228778995290
AC_Response,0.1258925411794166,42.54178389838287,305.55199671356803,-0.00251922020915,3537787434630592613
AC_Response,1.0,40.19858533526689,297.9110382121584,-0.3861898369003433,17871160977092490614
AC_Response,7.943282347242822,39.58517778577758,297.0863250737395,-3.594973197300986,13884065282437346191
AC_Response,25.11886431509582,39.34847113068841,298.5552181462747,-6.369751496279791,9131232228778995290
AC_Response,0.7943282347242822,42.09307571557734,293.4443281911712,-0.2474041586996947,14925940557847983943
AC_Response,15.848931924611108,41.61731424149927,306.85396396460635,-4.959983798766237,260657965530268515
AC_Response,3.1622776601683795,39.94029005251662,299.6218359156308,-1.8568846791570948,1062234375139852529
AC_Response,31.6227766016838,42.346830624956574,300.5747457097431,-6.664409726709275,2337157221459530110
AC_Response,6.309573444801943,41.79339850063371,299.641349014439,-3.0333265903129414,9066091246669766023
AC_Response,31.6227766016838,42.87746783295031,307.55593866537106,-6.525821729328699,8801835938313083490
AC_Response,39.81071705534969,41.9345213676303,296.5403011366731,-6.8363685189216845,2996005905799625730
AC_Response,15.848931924611108,41.26661222078493,300.2753689300697,-5.085893235887633,5907817959460322520
AC_Response,5.011872336272715,43.278933930679706,307.8168200832177,-2.733278747948105,4776793572509321654
AC_Response,1.2589254117941662,39.05845567786759,297.2376267822416,-0.5819058142094867,6308849522308401573
AC_Response,15.848931924611108,40.248277237816566,302.09732544564235,-5.048239320406072,3482370874704362668
AC_Response,1.584893192461111,38.8972081784186,297.8606493603604,-0.8611042613523718,11533468067055250155
AC_Response,3.1622776601683795,38.42173874228168,293.06092698472065,-1.907213792869872,9170926497845462766
AC_Response,0.3162277660168379,37.207464786418186,297.95471711920453,-0.0395647684202933,10318556855553405500
AC_Response,0.6309573444801944,38.899871401178025,300.40158819211445,-0.1582704620161488,6672923565090819279
AC_Response,0.1258925411794166,40.75046782180591,305.2870639056014,-0.0026214103664441,1102911703873588363
AC_Response,1.9952623149688828,38.978559546027874,295.06946514256083,-1.1224887506495558,5230745145462099467
AC_Response,12.589254117941662,37.99663516660689,298.18972265332246,-4.449789365432128,8038139640542861367
AC_Response,12.589254117941662,36.43861892729903,303.676124223718,-4.585421839762517,17268235322529381975
AC_Response,1.0,38.31893407640898,299.3638589999156,-0.3680366870612936,8619026027835737365
AC_Response,2.511886431509582,40.714467773434976,300.93677074401546,-1.4975047630346747,9058477443376137994
AC_Response,19.952623149688822,39.66536493364173,302.3426017448898,-5.596229977422487,11523722328579267051
AC_Response,15.848931924611108,39.36697999872778,300.425811364213,-5.063798596559945,14780227274271489565
AC_Response,39.81071705534969,39.05845567786759,297.2376267822416,-6.988940395102103,6308849522308401573
AC_Response,12.589254117941662,41.129719458135625,288.0815978442095,-4.6533086560825705,14542734286284699756
AC_Response,7.943282347242822,43.13862383173334,296.64614602139693,-3.5418827802361057,17985928204657212826
AC_Response,0.1995262314968882,42.56757336192149,293.18283111534566,-0.0126670487522789,1435201764501745638
AC_Response,6.309573444801943,43.11434944357355,296.9231984392292,-3.10020832710285,3658234560045323703
AC_Response,19.952623149688822,41.27631172344517,301.59948365785385,-5.708908307708577,14080291052260215929
AC_Response,0.1,39.62193192256099,289.3285700165644,0.0,14612151002491318071
AC_Response,1.0,40.80112322251315,299.2329513672896,-0.3884249256370625,1295526639106515549
AC_Response,0.1584893192461111,38.50508417894045,294.1262317171733,-0.0068747637673095,7408968043820680965
AC_Response,39.81071705534969,41.93453001893169,295.92616711681853,-6.896858371445936,8171303673975013206
AC_Response,10.0,37.69553984942066,294.1521471075916,-4.139560541466578,8666257842429149026
AC_Response,0.2511886431509582,39.61181207182135,297.3307652107198,-0.0218278692416298,17136393541049134550
AC_Response,0.1584893192461111,37.207464786418186,297.95471711920453,-0.0067168875696608,10318556855553405500
AC_Response,0.1584893192461111,38.57048554783602,303.1708876105774,-0.0069277943589532,9443669834932015687
AC_Response,0.1258925411794166,43.11434944357355,296.9231984392292,-0.0025343750750765,3658234560045323703
AC_Response,3.1622776601683795,38.978559546027874,295.06946514256083,-1.8919893966260428,5230745145462099467
AC_Response,10.0,40.78433779833217,301.9145433801493,-3.932871867923855,894797089121886199
AC_Response,0.3162277660168379,38.45876893881996,290.3471581734896,-0.0381442861893802,7554141485682215590
AC_Response,6.309573444801943,36.73791801396338,295.61725668807514,-3.1269548405494145,17008765120125666942
AC_Response,25.11886431509582,39.85562670167986,300.93280864091923,-6.203188727864573,3323206834988836325
AC_Response,0.2511886431509582,40.80112322251315,299.2329513672896,-0.0235991306584118,1295526639106515549
AC_Response,7.943282347242822,39.85562670167986,300.93280864091923,-3.594594506093491,3323206834988836325
AC_Response,1.0,40.77134716523017,305.22981462209646,-0.4107831855911845,9738090587319443504
AC_Response,0.3162277660168379,39.33447860201831,299.4635962010897,-0.0395234280284765,15208010537286723207
AC_Response,40.0,42.17824256593523,298.72995545788456,-6.685096828080898,8469384274296772994
AC_Response,1.2589254117941662,39.62193192256099,289.3285700165644,-0.5874354219856877,14612151002491318071
AC_Response,0.5011872336272715,37.207464786418186,297.95471711920453,-0.1038333265731661,10318556855553405500
AC_Response,1.2589254117941662,41.26661222078493,300.2753689300697,-0.5622800083482566,5907817959460322520
AC_Response,10.0,39.90381821426863,300.9815905741297,-3.920493808389157,15256650157893810940
AC_Response,0.6309573444801944,43.101977222602514,303.9832024614659,-0.1656544850706131,14223461640953255652
AC_Response,10.0,40.30940301281442,306.6726054586492,-3.9456325170012767,5439972880139275643
AC_Response,6.309573444801943,42.25069338145754,304.38892783295006,-3.103834884857552,12866849828103811731
AC_Response,3.981071705534969,41.93453001893169,295.92616711681853,-2.3272504675364045,8171303673975013206
AC_Response,3.1622776601683795,42.17824256593523,298.72995545788456,-1.864164259032652,8469384274296772994
AC_Response,5.011872336272715,41.64371883461047,301.63426669668445,-2.757816248091556,7077229970648675251
AC_Response,1.584893192461111,36.322106531247385,300.55707391972635,-0.8925275702795687,13894251431710084294
AC_Response,1.0,38.50508417894045,294.1262317171733,-0.3951639818180065,7408968043820680965
AC_Response,0.1258925411794166,39.7132385315927,304.62183232922587,-0.0026333306991948,10528525010244697505
AC_Response,0.6309573444801944,37.69553984942066,294.1521471075916,-0.1780395982191158,8666257842429149026
AC_Response,3.1622776601683795,41.61731424149927,306.85396396460635,-1.9043876424995825,260657965530268515
AC_Response,6.309573444801943,42.219532217947325,302.0841812978663,-3.043972490799212,6431290111938284445
AC_Response,1.0,40.07870713980076,299.5411124372077,-0.3840067262860102,3083009041752371786
AC_Response,3.1622776601683795,42.543125490608695,301.3994726877767,-1.8879783553288472,8259856114936990545
AC_Response,12.589254117941662,40.87821813200619,300.974125232131,-4.466154898457044,3939891858067812807
AC_Response,1.9952623149688828,38.422268984819695,304.0303353891022,-1.1756891915218146,10399213306103495125
AC_Response,12.589254117941662,40.65637295368661,296.23853018587084,-4.58552079910761,16406327631433526260
AC_Response,3.981071705534969,39.62193192256099,289.3285700165644,-2.369725441909267,14612151002491318071
AC_Response,0.5011872336272715,39.61181207182135,297.3307652107198,-0.0967409579236709,17136393541049134550
AC_Response,0.7943282347242822,37.99663516660689,298.18972265332246,-0.2455771897717549,8038139640542861367
AC_Response,5.011872336272715,42.54178389838287,305.55199671356803,-2.6709721129778243,3537787434630592613
AC_Response,1.9952623149688828,37.69553984942066,294.1521471075916,-1.2169909454963188,8666257842429149026
AC_Response,12.589254117941662,38.899871401178025,300.40158819211445,-4.491160667653781,6672923565090819279
AC_Response,19.952623149688822,40.06029068650691,301.1540677406581,-5.614656812616959,7954056211698152112
AC_Response,5.011872336272715,38.57048554783602,303.1708876105774,-2.753934103826432,9443669834932015687
AC_Response,19.952623149688822,40.96326376678826,298.8654192354596,-5.704798066043585,11939704803637804291
AC_Response,3.981071705534969,36.43861892729903,303.676124223718,-2.404826541767253,17268235322529381975
AC_Response,0.3981071705534968,38.33334239027114,293.10089722857373,-0.0677349461535962,7035166681821702163
AC_Response,1.0,42.346830624956574,300.5747457097431,-0.3920781456320634,2337157221459530110
AC_Response,7.943282347242822,39.047727684139495,305.18782525816323,-3.557205212069908,9536545485233975021
AC_Response,0.6309573444801944,39.90381821426863,300.9815905741297,-0.1554449805501103,15256650157893810940
AC_Response,15.848931924611108,39.51420947268076,305.7035776891924,-5.047976760776457,4365530570025844449
AC_Response,7.943282347242822,41.43318212059344,299.0815860986159,-3.605274856442984,6042616877882084778
AC_Response,0.6309573444801944,37.99663516660689,298.18972265332246,-0.1582060055814138,8038139640542861367
AC_Response,25.11886431509582,38.55163090195673,309.2198732722366,-6.164576040725093,4787501490018871704
AC_Response,31.6227766016838,41.26661222078493,300.2753689300697,-6.720135929424275,5907817959460322520
AC_Response,5.011872336272715,35.52248114367448,306.4489109295662,-2.736020191161149,6964906420694514637
AC_Response,5.011872336272715,42.25069338145754,304.38892783295006,-2.7119507109204983,12866849828103811731
AC_Response,1.2589254117941662,38.858183000543626,295.7855807653235,-0.5856632655868982,9262064648931476805
AC_Response,1.584893192461111,41.11142736058992,291.8506686301862,-0.8007300587495216,12552086576878223737
AC_Response,40.0,39.21856251436128,307.7679942040925,-6.58067250765284,2454564730666304252
AC_Response,0.2511886431509582,38.25394170360681,296.3367780179062,-0.023218403428222,1787945062278856569
AC_Response,0.1584893192461111,39.58517778577758,297.0863250737395,-0.0068308835471067,13884065282437346191
AC_Response,39.81071705534969,40.30940301281442,306.6726054586492,-6.563276092852045,5439972880139275643
AC_Response,0.1,39.33447860201831,299.4635962010897,0.0,15208010537286723207
AC_Response,1.0,41.28793476116813,303.0641722996054,-0.3836389422289173,16945873912842908627
AC_Response,3.981071705534969,43.278933930679706,307.8168200832177,-2.339276540350613,4776793572509321654
AC_Response,0.5011872336272715,41.61731424149927,306.85396396460635,-0.1045381718148381,260657965530268515
AC_Response,19.952623149688822,38.21649432972869,303.56534322943094,-5.6455386311947375,10796982964429426044
AC_Response,0.7943282347242822,39.21209704786501,303.00410991721293,-0.2439799108498402,4763887798637117351
AC_Response,6.309573444801943,38.978559546027874,295.06946514256083,-3.1221300479666314,5230745145462099467
AC_Response,12.589254117941662,40.79653471954481,301.4383600393062,-4.479614980410438,4950770812450199952
AC_Response,2.511886431509582,41.61971486534147,298.1037724082114,-1.5778102956584994,1131457513323140606
AC_Response,19.952623149688822,41.04225055349912,296.5414644902,-5.787826506973717,6763556109530919502
AC_Response,0.1995262314968882,40.91913452211564,297.20307373531364,-0.0125553113450967,12404554437750077034
AC_Response,0.1995262314968882,42.25069338145754,304.38892783295006,-0.0134502628893152,12866849828103811731
AC_Response,1.0,39.90381821426863,300.9815905741297,-0.3681293901917495,15256650157893810940
AC_Response,6.309573444801943,36.322106531247385,300.55707391972635,-3.2354652699250703,13894251431710084294
AC_Response,39.81071705534969,37.50931802222772,308.1655826328421,-6.636144106724738,11519709022772450725
AC_Response,10.0,38.25394170360681,296.3367780179062,-3.988916441103743,1787945062278856569
AC_Response,0.1258925411794166,40.35879763032958,294.16913853899604,-0.0025007946697023,6227566288360181889
AC_Response,31.6227766016838,36.36815079533651,301.4558439858307,-6.645624462278699,6183833702133835153
AC_Response,0.6309573444801944,41.29986197643443,296.3385514465405,-0.1636431074184298,4988707599086321867
AC_Response,31.6227766016838,39.21856251436128,307.7679942040925,-6.459515975460631,2454564730666304252
AC_Response,1.2589254117941662,36.589080383233394,294.68809277779184,-0.57466793599603,15915415103177725736
AC_Response,1.9952623149688828,39.047727684139495,305.18782525816323,-1.184651293561317,9536545485233975021
AC_Response,0.3162277660168379,36.10636397779454,299.96382807834965,-0.0425291806749381,6951561072364878352
AC_Response,6.309573444801943,41.97319841319997,303.92619603855775,-3.037605608639791,959363961973256592
AC_Response,0.5011872336272715,38.57283152042447,302.4090006102026,-0.1110589727005304,1015852638890412653
AC_Response,0.5011872336272715,41.484417545989686,302.7283665488111,-0.1005049808241464,4427417937030231446
AC_Response,0.1,42.54178389838287,305.55199671356803,0.0,3537787434630592613
AC_Response,0.1584893192461111,38.8972081784186,297.8606493603604,-0.0070724341759858,11533468067055250155
AC_Response,6.309573444801943,37.50931802222772,308.1655826328421,-3.2133935782232563,11519709022772450725
AC_Response,1.584893192461111,39.85562670167986,300.93280864091923,-0.8612480819100428,3323206834988836325
AC_Response,10.0,43.08491203323523,298.5763734449834,-4.0059646262136415,440727550293168112
AC_Response,10.0,41.27631172344517,301.59948365785385,-4.003701984310921,14080291052260215929
