task,dark_voltage,trap_assisted_recomb_A,ge_sio2_recomb_velocity,ge_si_recomb_velocity,active_layer_length,simulation_temperature,dark_current,_curve_id
I_dark,-2.0,1.066709170571727e-09,2302.646144768272,474.8978179470865,37.69553984942066,294.1521471075916,2.1159604468459877e-07,3765765162242439701
I_dark,-0.6000000000000001,1.0272364839515192e-09,2572.148319494551,521.8227614311556,39.43236728729266,296.39638250989714,1.785543157283014e-07,12816177013697617925
I_dark,-0.4,1.0728366895058958e-09,2396.471193900285,522.5703607996403,39.66536493364173,302.3426017448898,2.116011778836613e-07,10539271283961051071
I_dark,-1.2000000000000002,1.0806933086411387e-09,2604.781653428076,466.5836923998952,39.33731057072893,297.69705044733973,2.514300616044278e-07,3371631208540637995
I_dark,-2.8000000000000003,1.0368980362030106e-09,2588.682974046272,505.298163800807,40.78433779833217,301.9145433801493,4.474739519663116e-07,3703347433873037581
I_dark,-0.6000000000000001,8.979123523428992e-10,2531.360993910196,491.918494232159,35.793021097389925,308.86985058095934,3.599510747774835e-07,579736006479800074
I_dark,-1.8,1.0160850161999514e-09,2298.443581617521,494.46825331908406,37.50931802222772,308.1655826328421,4.796161616667416e-07,4552925917595615164
I_dark,-2.4000000000000004,8.241763212999094e-10,2472.357675267654,473.84577322091,39.21856251436128,307.7679942040925,5.903332698349177e-07,14456930291123660273
I_dark,-2.8000000000000003,1.0191682032973931e-09,2560.240612715575,475.6482256289376,41.11142736058992,291.8506686301862,2.424219685689844e-07,14547390297170085011
I_dark,-1.6,8.939439783837784e-10,2330.6189292196764,529.359956175692,38.57283152042447,302.4090006102026,3.511229020409603e-07,13197426831660621428
I_dark,-1.4,1.0060692139373963e-09,2527.3807724384133,522.7157534573084,43.167246359099664,298.50956140834,3.033414648949618e-07,1367897570274288222
I_dark,-2.0,1.1064539714677527e-09,2488.434465234489,500.4335716276796,41.129719458135625,288.0815978442095,1.6477595669923517e-07,4253972365711734043
I_dark,-1.8,9.32148229008894e-10,2545.124905053194,512.7371789301767,40.07870713980076,299.5411124372077,3.355531979042497e-07,7464429288297915064
I_dark,-2.6,1.08604047901988e-09,2575.5622449220923,476.6697423761544,40.75046782180591,305.2870639056014,5.295061717381085e-07,17451691503515762550
I_dark,-0.4,9.595802013951228e-10,2610.2949574222403,489.9218602044182,42.219532217947325,302.0841812978663,2.412278125986495e-07,11643629726484600332
I_dark,-0.4,9.89963136259949e-10,2542.7024133885266,503.0087467521194,39.0211226249472,305.0510216058231,2.625563575969008e-07,380264510751012186
I_dark,-1.8,1.0147448677929011e-09,2607.8117384734032,505.1107398178068,40.31257836583995,298.21936914217434,3.115189702130752e-07,833253205382390921
I_dark,-1.2000000000000002,8.979123523428992e-10,2531.360993910196,491.918494232159,35.793021097389925,308.86985058095934,4.593667489953984e-07,579736006479800074
I_dark,-0.4,1.0991618704794608e-09,2475.161456337068,505.0064403774024,34.84085283436253,301.39850617403,1.7863354158516944e-07,4837710515318421738
I_dark,-1.4,8.584521018906483e-10,2718.2749419682723,482.1832227724541,38.88005077046229,301.691940704981,3.629731348687504e-07,3494250555080783753
I_dark,-0.2,8.758150413106088e-10,2554.792538970499,492.8309420700668,37.207464786418186,297.95471711920453,1.1970111105590473e-07,14100953261967155807
I_dark,-2.2,1.0455070732925304e-09,2552.705145034877,518.1497095238773,37.60227540602951,298.4772867617408,3.0907625040471e-07,13753303497944442308
I_dark,-0.6000000000000001,8.688108546297864e-10,2646.5653288453154,498.36187777461095,39.94029005251662,299.6218359156308,2.342329213450809e-07,6517130074721695667
I_dark,-0.2,1.018423641836786e-09,2420.2103352289205,495.3862399264609,39.18777263938059,307.5354074756815,2.232059240191632e-07,9985116505034206452
I_dark,-0.8,9.431291378149591e-10,2617.847164727645,540.4486468445567,38.69622270488729,301.9657628923453,2.840595256074463e-07,11854955608364436255
I_dark,-2.2,1.1037395013588123e-09,2531.0169366346463,492.6438219382251,36.10636397779454,299.96382807834965,3.1854971186217945e-07,5857788625354206728
I_dark,-1.8,9.304065850268983e-10,2472.4930947482308,495.539662311,41.9345213676303,296.5403011366731,2.8564025407651305e-07,1906069974405082520
I_dark,-2.2,1.0071535471770136e-09,2369.635821802133,538.5091665951578,40.65637295368661,296.23853018587084,2.770718755784506e-07,6305389621858259219
I_dark,-2.2,1.1774606839117e-09,2487.5677489208106,509.6158544320055,42.33569419095241,299.8381908200232,3.6135574549200933e-07,14988660033747214345
I_dark,-0.6000000000000001,1.0050101529814667e-09,2449.206992526188,478.70441149946606,40.80112322251315,299.2329513672896,2.1446444021776589e-07,15255519671477510073
I_dark,-1.6,1.0285344586119835e-09,2525.852161033123,522.4809638175516,38.89567254871546,292.9930878390376,2.0235769546615105e-07,3933886296999063760
I_dark,-1.2000000000000002,7.516487326049726e-10,2475.0294016619155,481.8667099014746,36.16652897024234,304.10393187120707,3.54397617224399e-07,4556256472297801959
I_dark,-1.4,9.596807973870107e-10,2396.380469719385,547.2442070596833,39.34847113068841,298.5552181462747,2.705876355893791e-07,16164245777420927440
I_dark,-0.8,9.344027379399094e-10,2510.734791451186,511.4018674256231,36.36815079533651,301.4558439858307,2.50698764175626e-07,13370015301709921327
I_dark,-1.8,1.0727510291740675e-09,2408.6350240081065,515.7307920217833,36.322106531247385,300.55707391972635,3.0142292642648626e-07,16501516911797089168
I_dark,-1.0,8.75983736068783e-10,2627.978517028968,489.37942559949954,40.91913452211564,297.20307373531364,2.469439905379054e-07,5144607327742428380
I_dark,-2.8000000000000003,1.1762312017058683e-09,2610.23254556298,515.3751788116352,39.24041391228537,297.93305834844136,3.334642900027772e-07,7155552337602576564
I_dark,-0.2,1.075576112436465e-09,2439.1914792405805,507.5653121861305,41.43318212059344,299.0815860986159,1.3426757104169133e-07,8793357247245534573
I_dark,-0.4,1.020786601528739e-09,2414.9946347184086,525.5036010755978,41.93453001893169,295.92616711681853,1.4982193935419264e-07,12935788499417564366
I_dark,-2.6,1.0976147775803618e-09,2495.918019735696,486.14991613464105,39.05845567786759,297.2376267822416,3.044046451933125e-07,3779633422659776445
I_dark,-1.0,1.0976147775803618e-09,2495.918019735696,486.14991613464105,39.05845567786759,297.2376267822416,2.1742749212321814e-07,3779633422659776445
I_dark,-0.6000000000000001,1.1425395479879979e-09,2554.3812528255967,503.27354733950745,40.19858533526689,297.9110382121584,1.963354058592961e-07,13161242281976296834
I_dark,-2.4000000000000004,8.758150413106088e-10,2554.792538970499,492.8309420700668,37.207464786418186,297.95471711920453,3.154232474329693e-07,14100953261967155807
I_dark,-0.8,1.2307353848142815e-09,2445.249484887284,482.48119148575233,42.87746783295031,307.55593866537106,4.027176725253962e-07,15038946426069692038
I_dark,-1.0,1.0285344586119835e-09,2525.852161033123,522.4809638175516,38.89567254871546,292.9930878390376,1.675924214743383e-07,3933886296999063760
I_dark,-2.8000000000000003,1.0941860864671191e-09,2539.112215454232,503.69324532533454,39.339075937042885,294.39428351617613,2.669746837345512e-07,12823118457006761398
I_dark,-2.2,8.584521018906483e-10,2718.2749419682723,482.1832227724541,38.88005077046229,301.691940704981,4.230090060602635e-07,3494250555080783753
I_dark,-0.8,9.244750759855351e-10,2606.766252024905,514.7015322051607,39.36697999872778,300.425811364213,2.634568037357784e-07,13867644369009061341
I_dark,-2.2,8.979123523428992e-10,2531.360993910196,491.918494232159,35.793021097389925,308.86985058095934,5.60838418761207e-07,579736006479800074
I_dark,-2.8000000000000003,9.596807973870107e-10,2396.380469719385,547.2442070596833,39.34847113068841,298.5552181462747,3.378600229661902e-07,16164245777420927440
I_dark,-1.4,8.75983736068783e-10,2627.978517028968,489.37942559949954,40.91913452211564,297.20307373531364,2.8277450345023254e-07,5144607327742428380
I_dark,-1.4,9.979877857013674e-10,2496.537246315292,510.00187244466247,38.795972505421744,297.7961123434831,2.587774879676816e-07,1378160361063041439
I_dark,-1.4,9.798133860644783e-10,2446.0111249981446,493.4775434169566,39.325337668236735,299.6111127589073,2.9190265341034765e-07,7157631882990673600
I_dark,-2.6,1.2225799825820127e-09,2598.953191343567,516.8045118894966,39.85430360518959,306.74502895459364,5.557189503922694e-07,17234994038809733169
I_dark,-1.8,8.688108546297864e-10,2646.5653288453154,498.36187777461095,39.94029005251662,299.6218359156308,3.513662706442019e-07,6517130074721695667
I_dark,-1.0,8.762920771795992e-10,2597.67569731618,502.646286170094,38.978559546027874,295.06946514256083,2.0376849338824093e-07,2033506848451370756
I_dark,-1.2000000000000002,9.756514716409811e-10,2404.497548871577,500.9208966540563,41.62971960161597,300.52976098251094,3.041595388005868e-07,7311808897764695838
I_dark,-2.0,8.4981307882089e-10,2622.111610500832,493.1418777793542,40.32755095458103,299.70047987606006,3.682692894265599e-07,5127878088967066821
I_dark,-0.2,1.016175641189933e-09,2547.6570837434488,498.1799092392847,42.56757336192149,293.18283111534566,9.620982372288889e-08,9151669764478585745
I_dark,-2.8000000000000003,8.758150413106088e-10,2554.792538970499,492.8309420700668,37.207464786418186,297.95471711920453,3.295940841976035e-07,14100953261967155807
I_dark,-1.4,9.85546704036472e-10,2573.0239327697072,479.3922741661716,39.9154735600532,295.8292447353602,2.429542568701025e-07,12112510911978131146
I_dark,-1.0,1.1774606839117e-09,2487.5677489208106,509.6158544320055,42.33569419095241,299.8381908200232,2.7196818698310445e-07,14988660033747214345
I_dark,-2.4000000000000004,1.0203477325736783e-09,2420.870896846657,485.827773341465,41.83782044136868,301.83723728961854,4.1637075386652825e-07,4106527973129540887
I_dark,-2.6,9.60969170700449e-10,2766.6918918406623,529.8468751484584,39.61181207182135,297.3307652107198,3.451511020102876e-07,6563696386679920944
I_dark,-2.8000000000000003,9.60969170700449e-10,2766.6918918406623,529.8468751484584,39.61181207182135,297.3307652107198,3.525482764997838e-07,6563696386679920944
I_dark,-3.0,9.570305915597544e-10,2609.011101819734,467.3507151496423,38.45876893881996,290.3471581734896,2.1621110226082561e-07,14219469232104377133
I_dark,-1.6,9.54751015148706e-10,2385.841355900724,509.52056648049273,41.08562699346509,303.58650370690776,4.006464661081399e-07,7884238669149658161
I_dark,-2.8000000000000003,9.371440517713595e-10,2524.6000862506294,475.6202290123848,40.994373738605006,302.9961192294562,4.810580187488415e-07,10395993465976512970
I_dark,-2.6,9.308015570351787e-10,2751.659002613549,471.438867720947,38.31893407640898,299.3638589999156,3.792985946182842e-07,13806398585976261423
I_dark,-2.6,8.89459518994858e-10,2383.601346469497,502.4892009812192,38.55163090195673,309.2198732722366,6.177386557260028e-07,3483175946691254694
I_dark,-0.6000000000000001,9.756514716409811e-10,2404.497548871577,500.9208966540563,41.62971960161597,300.52976098251094,2.3559291686164402e-07,7311808897764695838
I_dark,-0.4,9.596807973870107e-10,2396.380469719385,547.2442070596833,39.34847113068841,298.5552181462747,1.6763221886124854e-07,16164245777420927440
I_dark,-0.6000000000000001,1.1064539714677527e-09,2488.434465234489,500.4335716276796,41.129719458135625,288.0815978442095,1.03904484535416e-07,4253972365711734043
I_dark,-2.0,1.1942019403763875e-09,2464.50260258804,490.2741317287723,40.32854625878799,294.3650499716886,2.3572179101462162e-07,11892504857466714026
I_dark,-3.0,9.973807555784963e-10,2483.6702561944007,499.2076886794748,40.248277237816566,302.09732544564235,4.441532292579469e-07,7286060296444835846
I_dark,-0.6000000000000001,1.0671658198705112e-09,2444.626831258547,492.08006432381046,41.193035529790656,301.7038514591378,2.502969317482549e-07,10743645008157788724
I_dark,-1.2000000000000002,8.758150413106088e-10,2554.792538970499,492.8309420700668,37.207464786418186,297.95471711920453,2.478315078542226e-07,14100953261967155807
I_dark,-2.4000000000000004,9.32148229008894e-10,2545.124905053194,512.7371789301767,40.07870713980076,299.5411124372077,3.6753986730693225e-07,7464429288297915064
I_dark,-0.6000000000000001,9.973807555784963e-10,2483.6702561944007,499.2076886794748,40.248277237816566,302.09732544564235,2.5630591754832615e-07,7286060296444835846
I_dark,-0.6000000000000001,1.050818199825069e-09,2510.995503216453,520.189852554912,38.50508417894045,294.1262317171733,1.473249669002267e-07,17608710593314742079
I_dark,-2.6,9.244750759855351e-10,2606.766252024905,514.7015322051607,39.36697999872778,300.425811364213,3.9857193540921753e-07,13867644369009061341
I_dark,-1.4,9.926993823896762e-10,2332.1716999604114,489.929360905385,39.90607827400121,296.137708789732,2.2953944429700178e-07,8562678507013604755
I_dark,-1.6,1.0728366895058958e-09,2396.471193900285,522.5703607996403,39.66536493364173,302.3426017448898,3.530195717127861e-07,10539271283961051071
I_dark,-2.2,9.798133860644783e-10,2446.0111249981446,493.4775434169566,39.325337668236735,299.6111127589073,3.396140664921061e-07,7157631882990673600
I_dark,-2.4000000000000004,8.939439783837784e-10,2330.6189292196764,529.359956175692,38.57283152042447,302.4090006102026,3.98166929847947e-07,13197426831660621428
I_dark,-2.8000000000000003,1.006938037138553e-09,2476.033687734913,499.8883185243343,35.52248114367448,306.4489109295662,4.962758174673093e-07,11533471517763731933
I_dark,-0.2,9.308015570351787e-10,2751.659002613549,471.438867720947,38.31893407640898,299.3638589999156,1.4189151715778334e-07,13806398585976261423
I_dark,-2.4000000000000004,1.066709170571727e-09,2302.646144768272,474.8978179470865,37.69553984942066,294.1521471075916,2.2396496704923937e-07,3765765162242439701
I_dark,-0.2,1.2307353848142815e-09,2445.249484887284,482.48119148575233,42.87746783295031,307.55593866537106,2.393992376043441e-07,15038946426069692038
I_dark,-1.8,1.0308127820747194e-09,2437.7200106987866,482.5972990901911,40.648465379108416,299.4728047413536,3.2253326198609e-07,18026431441542812131
I_dark,-1.2000000000000002,1.0368980362030106e-09,2588.682974046272,505.298163800807,40.78433779833217,301.9145433801493,3.372619522265889e-07,3703347433873037581
I_dark,-1.8,8.931040101417876e-10,2540.0923303514373,529.7791096206541,38.25394170360681,296.3367780179062,2.660717577637005e-07,7126979072579706712
I_dark,-2.4000000000000004,1.2225745089622023e-09,2432.279761567632,478.07469592026655,37.79561575023349,300.3431374384869,3.3417418661328724e-07,2216844718377656366
I_dark,-1.4,9.244750759855351e-10,2606.766252024905,514.7015322051607,39.36697999872778,300.425811364213,3.2638219501969215e-07,13867644369009061341
I_dark,-1.4,9.50582857470194e-10,2403.738957653681,492.6388454667692,37.10727035463277,300.4554170460457,2.88244442983484e-07,9184494546452176042
I_dark,-0.8,9.570305915597544e-10,2609.011101819734,467.3507151496423,38.45876893881996,290.3471581734896,1.3398715396040994e-07,14219469232104377133
I_dark,-3.0,1.2225745089622023e-09,2432.279761567632,478.07469592026655,37.79561575023349,300.3431374384869,3.560856836646407e-07,2216844718377656366
I_dark,-1.4,1.1942019403763875e-09,2464.50260258804,490.2741317287723,40.32854625878799,294.3650499716886,2.0732250057264546e-07,11892504857466714026
I_dark,-2.0,1.0308127820747194e-09,2437.7200106987866,482.5972990901911,40.648465379108416,299.4728047413536,3.336156883912036e-07,18026431441542812131
I_dark,-1.8,1.1421949243104863e-09,2464.085688286918,515.1290966367517,40.96326376678826,298.8654192354596,3.081404400278936e-07,12882774050561771087
I_dark,-2.0,9.60969170700449e-10,2766.6918918406623,529.8468751484584,39.61181207182135,297.3307652107198,3.186826061924839e-07,6563696386679920944
I_dark,-2.0,1.0692616090001279e-09,2445.881237248077,515.6238842072526,38.37558042728467,295.9516778251947,2.5143859619243495e-07,2860266914913243763
I_dark,-2.4000000000000004,8.058950792540601e-10,2412.212725535436,472.1154567367515,38.858183000543626,295.7855807653235,2.819137272529684e-07,7296031158140813817
I_dark,-3.0,8.979123523428992e-10,2531.360993910196,491.918494232159,35.793021097389925,308.86985058095934,6.107557509013208e-07,579736006479800074
I_dark,-2.0,9.16382362452114e-10,2549.3338723326283,483.7915671011157,41.484417545989686,302.7283665488111,4.397959494290816e-07,779010489516208886
I_dark,-1.8,1.0025105539620802e-09,2526.9743060678943,509.1946075584183,40.75166342427999,301.0515477079729,3.665029423175872e-07,15180030701036252205
I_dark,-1.4,1.0109417900146311e-09,2546.474062846718,483.0790058826933,38.96317500489286,311.33012415162744,6.003558240973907e-07,11587428247216890986
I_dark,-2.0,8.75983736068783e-10,2627.978517028968,489.37942559949954,40.91913452211564,297.20307373531364,3.202068545573487e-07,5144607327742428380
I_dark,-2.8000000000000003,1.0933784852654091e-09,2410.884334287086,539.0569290920441,39.62193192256099,289.3285700165644,1.871836651221425e-07,16519722322841066187
I_dark,-2.6,9.143704143090119e-10,2444.5179463100326,473.4138143725302,40.94136333558407,299.94201571725745,3.83549897728707e-07,11714911050137312102
I_dark,-2.8000000000000003,1.0109417900146311e-09,2546.474062846718,483.0790058826933,38.96317500489286,311.33012415162744,7.379168391798e-07,11587428247216890986
I_dark,-0.8,8.595939611542648e-10,2643.7199291480506,484.396762738386,41.95641496228942,305.9180523366615,4.029125371671552e-07,15230833052760599040
I_dark,-0.8,9.74908016407874e-10,2433.9347159425315,536.1873069142775,40.58953669016749,293.2225739384997,1.610903771488368e-07,18393380424088899902
I_dark,-3.0,9.123213222215395e-10,2625.69228411366,506.617977618184,38.92442853409919,306.1252360546967,5.792478695503729e-07,2928394120619732261
I_dark,-0.8,8.354324428057497e-10,2430.182491588309,507.603602235917,36.73791801396338,295.61725668807514,1.7479028034662568e-07,10829525609740651031
I_dark,-1.0,1.0040157435828723e-09,2421.1156291426087,502.3421578152334,38.33334239027114,293.10089722857373,1.626564569932206e-07,12886194249589357920
I_dark,-1.0,1.0941860864671191e-09,2539.112215454232,503.69324532533454,39.339075937042885,294.39428351617613,1.8543726149067328e-07,12823118457006761398
I_dark,-1.4,1.1459805246638944e-09,2630.825732937456,497.4739907663986,41.26661222078493,300.2753689300697,3.276328384151511e-07,12849312948239067464
I_dark,-1.0,1.0308127820747194e-09,2437.7200106987866,482.5972990901911,40.648465379108416,299.4728047413536,2.587728562831842e-07,18026431441542812131
I_dark,-2.2,1.0050965165320695e-09,2414.3235243349927,515.5034020410067,40.79653471954481,301.4383600393062,3.882922680648196e-07,18237334030368139870
I_dark,-2.2,9.612679185080118e-10,2493.7557151613,504.62150372842615,37.39117268896573,297.8667082132286,2.949374404316791e-07,433422742429117681
I_dark,-2.0,1.08604047901988e-09,2575.5622449220923,476.6697423761544,40.75046782180591,305.2870639056014,4.905078413671561e-07,17451691503515762550
I_dark,-2.2,9.89963136259949e-10,2542.7024133885266,503.0087467521194,39.0211226249472,305.0510216058231,4.789518259250689e-07,380264510751012186
I_dark,-2.4000000000000004,9.595802013951228e-10,2610.2949574222403,489.9218602044182,42.219532217947325,302.0841812978663,4.574086313404687e-07,11643629726484600332
I_dark,-0.6000000000000001,1.0368980362030106e-09,2588.682974046272,505.298163800807,40.78433779833217,301.9145433801493,2.633507010413711e-07,3703347433873037581
I_dark,-1.0,8.8914003988915e-10,2578.309809077789,484.4641187531683,42.13424050837239,300.34884642744885,3.044394865257906e-07,59563343903943478
I_dark,-1.6,1.000072357945733e-09,2615.067429542859,502.8265147659643,41.97319841319997,303.92619603855775,4.457333481297181e-07,2056914843148536795
I_dark,-2.8000000000000003,1.1396379394271226e-09,2408.4924726992253,490.0725825278824,43.06550150160359,292.35304316269765,2.441059222057255e-07,10954724855113224492
I_dark,-2.0,9.603042271636284e-10,2438.0715583385486,503.6957420101608,43.08491203323523,298.5763734449834,3.402942435470009e-07,2124884718484563516
I_dark,-0.8,8.920412889937107e-10,2700.220283946353,481.8164609958477,41.48473029075561,294.1535226587993,1.91904241117843e-07,2447368541047246097
I_dark,-3.0,1.0692616090001279e-09,2445.881237248077,515.6238842072526,38.37558042728467,295.9516778251947,2.843369164336902e-07,2860266914913243763
I_dark,-0.6000000000000001,8.595939611542648e-10,2643.7199291480506,484.396762738386,41.95641496228942,305.9180523366615,3.655195531779782e-07,15230833052760599040
I_dark,-0.4,8.762920771795992e-10,2597.67569731618,502.646286170094,38.978559546027874,295.06946514256083,1.4313640687524537e-07,2033506848451370756
I_dark,-2.2,9.928313705154955e-10,2556.196978076177,523.0189213691006,40.51326020590248,298.8914974420704,3.444159718621253e-07,903425415547655004
I_dark,-2.6,9.926993823896762e-10,2332.1716999604114,489.929360905385,39.90607827400121,296.137708789732,2.8149327902045817e-07,8562678507013604755
I_dark,-1.2000000000000002,1.0191682032973931e-09,2560.240612715575,475.6482256289376,41.11142736058992,291.8506686301862,1.804700270545622e-07,14547390297170085011
I_dark,-2.6,1.0933784852654091e-09,2410.884334287086,539.0569290920441,39.62193192256099,289.3285700165644,1.830884121331408e-07,16519722322841066187
I_dark,-2.6,9.664729913030388e-10,2627.7330466636663,506.9906344590098,40.06029068650691,301.1540677406581,4.21652737458614e-07,8813459275462154891
I_dark,-0.8,1.0071535471770136e-09,2369.635821802133,538.5091665951578,40.65637295368661,296.23853018587084,1.9073871279365265e-07,6305389621858259219
I_dark,-2.0,1.104689398918354e-09,2572.8324404304963,485.2307246352714,40.714467773434976,300.93677074401546,3.758466571683521e-07,9216328605101287225
I_dark,-1.4,1.0050965165320695e-09,2414.3235243349927,515.5034020410067,40.79653471954481,301.4383600393062,3.342512025733236e-07,18237334030368139870
I_dark,-3.0,7.777840542828623e-10,2445.911024694583,482.1130919467457,41.27682283342508,300.8565986758517,4.4226438729731526e-07,13149960228396626776
I_dark,-2.0,8.931040101417876e-10,2540.0923303514373,529.7791096206541,38.25394170360681,296.3367780179062,2.753728154613044e-07,7126979072579706712
I_dark,-2.6,8.589969950121182e-10,2505.474763633521,514.8627810246533,39.90795077029272,306.8673078749587,5.830187311376956e-07,8372103036707258832
I_dark,-1.2000000000000002,1.0203477325736783e-09,2420.870896846657,485.827773341465,41.83782044136868,301.83723728961854,3.280792107832235e-07,4106527973129540887
I_dark,-1.8,8.241763212999094e-10,2472.357675267654,473.84577322091,39.21856251436128,307.7679942040925,5.415379391182206e-07,14456930291123660273
I_dark,-0.6000000000000001,1.1396379394271226e-09,2408.4924726992253,490.0725825278824,43.06550150160359,292.35304316269765,1.398887876679399e-07,10954724855113224492
I_dark,-1.8,1.0071535471770136e-09,2369.635821802133,538.5091665951578,40.65637295368661,296.23853018587084,2.598256728386621e-07,6305389621858259219
I_dark,-2.8000000000000003,9.162514515645111e-10,2366.748252214537,515.4599435910573,36.43861892729903,303.676124223718,4.253476511728298e-07,17492872546512810480
I_dark,-0.4,1.0676002138658572e-09,2409.8209682971515,478.7831941058398,39.56928699408093,298.75903253628616,1.684890816510949e-07,3193110456536102066
I_dark,-2.0,1.0806933086411387e-09,2604.781653428076,466.5836923998952,39.33731057072893,297.69705044733973,3.024617349942285e-07,3371631208540637995
I_dark,-1.0,9.756514716409811e-10,2404.497548871577,500.9208966540563,41.62971960161597,300.52976098251094,2.832119059745775e-07,7311808897764695838
I_dark,-3.0,1.0160850161999514e-09,2298.443581617521,494.46825331908406,37.50931802222772,308.1655826328421,5.558596954508266e-07,4552925917595615164
I_dark,-2.8000000000000003,9.928313705154955e-10,2556.196978076177,523.0189213691006,40.51326020590248,298.8914974420704,3.699181646099134e-07,903425415547655004
I_dark,-0.4,1.0203477325736783e-09,2420.870896846657,485.827773341465,41.83782044136868,301.83723728961854,2.1974712860922882e-07,4106527973129540887
I_dark,-2.4000000000000004,9.973807555784963e-10,2483.6702561944007,499.2076886794748,40.248277237816566,302.09732544564235,4.168322691941423e-07,7286060296444835846
I_dark,-2.2,1.2307353848142815e-09,2445.249484887284,482.48119148575233,42.87746783295031,307.55593866537106,5.686001596629932e-07,15038946426069692038
I_dark,-2.4000000000000004,1.0942344693420075e-09,2360.838758300681,491.3731844386217,39.51420947268076,305.7035776891924,4.801502291171074e-07,3134241803077969267
I_dark,-3.0,9.89297888860932e-10,2413.8801533334354,510.75595836241,38.53132745549709,285.1813868750008,1.4546556656835278e-07,6508029577517650568
I_dark,-1.6,9.570305915597544e-10,2609.011101819734,467.3507151496423,38.45876893881996,290.3471581734896,1.767986770943018e-07,14219469232104377133
I_dark,-1.0,7.777840542828623e-10,2445.911024694583,482.1130919467457,41.27682283342508,300.8565986758517,3.049108974558083e-07,13149960228396626776
I_dark,-2.8000000000000003,8.64757430416121e-10,2613.398572092139,483.2695161383806,39.73131063338137,294.42197627514213,2.8912020675101455e-07,1633077101789385956
I_dark,-0.4,1.243555870393131e-09,2440.816535503744,483.6779599156501,38.81204244575611,302.5323056028984,2.0788356070527802e-07,4261926717090881150
I_dark,-2.0,1.0060692139373963e-09,2527.3807724384133,522.7157534573084,43.167246359099664,298.50956140834,3.4386540856820414e-07,1367897570274288222
I_dark,-1.6,1.0991618704794608e-09,2475.161456337068,505.0064403774024,34.84085283436253,301.39850617403,2.987060869923898e-07,4837710515318421738
I_dark,-2.6,8.622252758820395e-10,2596.9228583838576,499.2028055441836,37.99663516660689,298.18972265332246,3.393787456132726e-07,7681735671422946543
I_dark,-2.8000000000000003,1.000096056099185e-09,2446.239819629679,503.61049666576776,43.101977222602514,303.9832024614659,5.164941262207514e-07,13944279034983237670
I_dark,-1.0,9.454134520298419e-10,2570.8338282332857,490.849029568548,38.28868089781682,299.0569098093356,2.515271952074086e-07,8778145279652222064
I_dark,-1.8,8.89459518994858e-10,2383.601346469497,502.4892009812192,38.55163090195673,309.2198732722366,5.547058429467201e-07,3483175946691254694
I_dark,-3.0,9.596807973870107e-10,2396.380469719385,547.2442070596833,39.34847113068841,298.5552181462747,3.444279173679179e-07,16164245777420927440
I_dark,-0.6000000000000001,9.50582857470194e-10,2403.738957653681,492.6388454667692,37.10727035463277,300.4554170460457,2.0999705141823265e-07,9184494546452176042
I_dark,-1.0,1.000096056099185e-09,2446.239819629679,503.61049666576776,43.101977222602514,303.9832024614659,3.66273762210341e-07,13944279034983237670
I_dark,-2.2,9.634928280602635e-10,2455.009212271192,512.2369330710814,40.30940301281442,306.6726054586492,5.332127191394247e-07,9415233787243991652
I_dark,-2.0,1.0109417900146311e-09,2546.474062846718,483.0790058826933,38.96317500489286,311.33012415162744,6.719099960587825e-07,11587428247216890986
I_dark,-1.6,1.2225745089622023e-09,2432.279761567632,478.07469592026655,37.79561575023349,300.3431374384869,2.938430573256311e-07,2216844718377656366
I_dark,-1.0,1.032683367538443e-09,2526.170348943833,478.8149532207128,42.09307571557734,293.4443281911712,1.866011307975288e-07,12981595077382156139
I_dark,-2.2,1.1064539714677527e-09,2488.434465234489,500.4335716276796,41.129719458135625,288.0815978442095,1.7017009747391777e-07,4253972365711734043
I_dark,-2.4000000000000004,9.42387899986183e-10,2596.3418775504824,506.9916211367261,42.54178389838287,305.55199671356803,5.677742906127235e-07,3392607520233113049
I_dark,-2.0,1.0732744646319759e-09,2458.1779927472685,500.451348042105,41.29986197643443,296.3385514465405,2.7904308266650217e-07,15854623793106210877
I_dark,-1.4,1.0663734802785015e-09,2646.766281337793,486.2018595083384,41.79339850063371,299.641349014439,3.247431657823778e-07,5637171177688138856
I_dark,-2.2,1.0941860864671191e-09,2539.112215454232,503.69324532533454,39.339075937042885,294.39428351617613,2.484097254130329e-07,12823118457006761398
I_dark,-1.6,9.58904338765352e-10,2486.667922677388,495.3304947031063,40.43386356777175,305.1954997344612,4.476033604018638e-07,13052852389533457310
I_dark,-0.4,9.973807555784963e-10,2483.6702561944007,499.2076886794748,40.248277237816566,302.09732544564235,2.2007998815569845e-07,7286060296444835846
I_dark,-1.0,9.928313705154955e-10,2556.196978076177,523.0189213691006,40.51326020590248,298.8914974420704,2.5824190347250974e-07,903425415547655004
I_dark,-2.0,8.220747042076196e-10,2489.354974528123,536.8974000619587,36.589080383233394,294.68809277779184,2.388051459448992e-07,13344013943894260190
I_dark,-2.4000000000000004,1.0025105539620802e-09,2526.9743060678943,509.1946075584183,40.75166342427999,301.0515477079729,4.01179865694121e-07,15180030701036252205
I_dark,-0.8,9.928313705154955e-10,2556.196978076177,523.0189213691006,40.51326020590248,298.8914974420704,2.382197057352127e-07,903425415547655004
I_dark,-0.8,8.688108546297864e-10,2646.5653288453154,498.36187777461095,39.94029005251662,299.6218359156308,2.590190905537369e-07,6517130074721695667
I_dark,-3.0,1.1762312017058683e-09,2610.23254556298,515.3751788116352,39.24041391228537,297.93305834844136,3.400646285573772e-07,7155552337602576564
I_dark,-1.6,9.74908016407874e-10,2433.9347159425315,536.1873069142775,40.58953669016749,293.2225739384997,2.1177779705908098e-07,18393380424088899902
I_dark,-2.6,9.612679185080118e-10,2493.7557151613,504.62150372842615,37.39117268896573,297.8667082132286,3.101268884438604e-07,433422742429117681
I_dark,-2.2,8.354324428057497e-10,2430.182491588309,507.603602235917,36.73791801396338,295.61725668807514,2.554692378016106e-07,10829525609740651031
I_dark,-2.0,1.020786601528739e-09,2414.9946347184086,525.5036010755978,41.93453001893169,295.92616711681853,2.74249522832519e-07,12935788499417564366
I_dark,-1.4,8.981476672986597e-10,2648.7144938153992,484.4392889131667,39.21209704786501,303.00410991721293,3.85246722792164e-07,10990274489596691850
I_dark,-0.4,9.220148370062531e-10,2472.3739758500788,504.5088858703008,41.28793476116813,303.0641722996054,2.427334673312647e-07,7538273554073210114
I_dark,-1.2000000000000002,1.25959298622376e-09,2354.3009197629594,499.1918367180637,40.77134716523017,305.22981462209646,3.7283073832878337e-07,128968913270984251
I_dark,-1.2000000000000002,9.431291378149591e-10,2617.847164727645,540.4486468445567,38.69622270488729,301.9657628923453,3.301166631642421e-07,11854955608364436255
I_dark,-1.0,8.981476672986597e-10,2648.7144938153992,484.4392889131667,39.21209704786501,303.00410991721293,3.382420598184268e-07,10990274489596691850
I_dark,-2.8000000000000003,1.08604047901988e-09,2575.5622449220923,476.6697423761544,40.75046782180591,305.2870639056014,5.405131133343684e-07,17451691503515762550
I_dark,-2.0,1.0071535471770136e-09,2369.635821802133,538.5091665951578,40.65637295368661,296.23853018587084,2.68907170693327e-07,6305389621858259219
I_dark,-2.6,9.91880560193061e-10,2562.543459042286,488.1664551370801,40.47383155665718,295.6008889602198,2.963371044663143e-07,16069905982438259650
I_dark,-1.6,1.0705485436227222e-09,2590.7468930890127,531.0534862964538,41.61731424149927,306.85396396460635,5.135540867778664e-07,4155552024635161694
I_dark,-2.8000000000000003,9.63679966987411e-10,2457.046368424285,519.0454313677445,40.52844947169319,303.263443359763,4.704263883502473e-07,17951410366048416543
I_dark,-1.4,1.0050101529814667e-09,2449.206992526188,478.70441149946606,40.80112322251315,299.2329513672896,2.945906487233177e-07,15255519671477510073
I_dark,-1.8,1.120623623770265e-09,2459.871490367434,512.0011452017391,38.21649432972869,303.56534322943094,3.852027244422052e-07,2671493380122846465
I_dark,-1.2000000000000002,1.0727653122619132e-09,2512.3283017034155,474.34077412964,42.74916053103488,290.5746947786968,1.685982197743863e-07,4757004652079025251
I_dark,-3.0,1.006938037138553e-09,2476.033687734913,499.8883185243343,35.52248114367448,306.4489109295662,5.057166716020397e-07,11533471517763731933
I_dark,-0.2,1.050818199825069e-09,2510.995503216453,520.189852554912,38.50508417894045,294.1262317171733,9.128007500140508e-08,17608710593314742079
I_dark,-2.0,1.2307353848142815e-09,2445.249484887284,482.48119148575233,42.87746783295031,307.55593866537106,5.52462762029591e-07,15038946426069692038
I_dark,-2.2,1.0285344586119835e-09,2525.852161033123,522.4809638175516,38.89567254871546,292.9930878390376,2.257708827080883e-07,3933886296999063760
I_dark,-1.2000000000000002,9.808684991835892e-10,2440.440905080504,475.02919518003887,43.13862383173334,296.64614602139693,2.4974829962260976e-07,10893922623691634355
I_dark,-3.0,9.67689959245767e-10,2498.119875502734,535.4265253830317,42.346830624956574,300.5747457097431,4.316290515279802e-07,7167329586276071870
I_dark,-2.4000000000000004,1.0073410050818803e-09,2574.374612551252,485.6872921198837,42.17824256593523,298.72995545788456,3.655581285381557e-07,9029148243980292461
I_dark,-1.4,1.1064539714677527e-09,2488.434465234489,500.4335716276796,41.129719458135625,288.0815978442095,1.441958181984563e-07,4253972365711734043
I_dark,-2.4000000000000004,1.0732744646319759e-09,2458.1779927472685,500.451348042105,41.29986197643443,296.3385514465405,2.952437605157257e-07,15854623793106210877
I_dark,-0.8,1.0727510291740675e-09,2408.6350240081065,515.7307920217833,36.322106531247385,300.55707391972635,2.233778514788379e-07,16501516911797089168
I_dark,-1.0,9.798133860644783e-10,2446.0111249981446,493.4775434169566,39.325337668236735,299.6111127589073,2.556824140498623e-07,7157631882990673600
I_dark,-1.4,1.0073410050818803e-09,2574.374612551252,485.6872921198837,42.17824256593523,298.72995545788456,3.046638729302216e-07,9029148243980292461
I_dark,-1.2000000000000002,9.244750759855351e-10,2606.766252024905,514.7015322051607,39.36697999872778,300.425811364213,3.071964285575978e-07,13867644369009061341
I_dark,-2.0,9.42387899986183e-10,2596.3418775504824,506.9916211367261,42.54178389838287,305.55199671356803,5.381156228434721e-07,3392607520233113049
I_dark,-0.6000000000000001,9.920951194363948e-10,2484.0228854962547,482.5603784265586,38.422268984819695,304.0303353891022,2.771200091395611e-07,2314355766595058403
I_dark,-2.0,9.595802013951228e-10,2610.2949574222403,489.9218602044182,42.219532217947325,302.0841812978663,4.3255963190001913e-07,11643629726484600332
I_dark,-2.4000000000000004,1.075576112436465e-09,2439.1914792405805,507.5653121861305,41.43318212059344,299.0815860986159,3.473697831418252e-07,8793357247245534573
I_dark,-2.0,1.0191682032973931e-09,2560.240612715575,475.6482256289376,41.11142736058992,291.8506686301862,2.186347634435398e-07,14547390297170085011
I_dark,-2.2,1.0676002138658572e-09,2409.8209682971515,478.7831941058398,39.56928699408093,298.75903253628616,3.1434418489578364e-07,3193110456536102066
I_dark,-1.8,1.0671658198705112e-09,2444.626831258547,492.08006432381046,41.193035529790656,301.7038514591378,3.727130726163761e-07,10743645008157788724
I_dark,-0.6000000000000001,9.596807973870107e-10,2396.380469719385,547.2442070596833,39.34847113068841,298.5552181462747,1.964757800740837e-07,16164245777420927440
I_dark,-1.8,8.939439783837784e-10,2330.6189292196764,529.359956175692,38.57283152042447,302.4090006102026,3.650210980165899e-07,13197426831660621428
I_dark,-3.0,9.297325788733188e-10,2376.6983706631413,516.0358029995954,38.08606385532588,297.3563844788412,3.0974246200290024e-07,3212080770719938515
I_dark,-1.2000000000000002,8.354324428057497e-10,2430.182491588309,507.603602235917,36.73791801396338,295.61725668807514,2.044891222462827e-07,10829525609740651031
I_dark,-2.6,9.63679966987411e-10,2457.046368424285,519.0454313677445,40.52844947169319,303.263443359763,4.6086429822710164e-07,17951410366048416543
I_dark,-2.6,1.000096056099185e-09,2446.239819629679,503.61049666576776,43.101977222602514,303.9832024614659,5.060094400545701e-07,13944279034983237670
I_dark,-0.8,1.0686494239643995e-09,2589.61306441484,507.5353543611665,40.55316862193092,296.6314874710408,2.059207400543183e-07,9728360064296503812
I_dark,-1.2000000000000002,1.0803651442869379e-09,2531.060987167743,511.9316238370674,40.66002705988115,288.1838349540611,1.3686846834544352e-07,17485459239320075305
I_dark,-0.4,9.54751015148706e-10,2385.841355900724,509.52056648049273,41.08562699346509,303.58650370690776,2.415353045226078e-07,7884238669149658161
I_dark,-1.2000000000000002,9.89297888860932e-10,2413.8801533334354,510.75595836241,38.53132745549709,285.1813868750008,1.050307126238041e-07,6508029577517650568
I_dark,-1.6,9.725086180844783e-10,2468.017331565751,490.28733545372194,44.50977871149023,303.263152322465,4.376472580393069e-07,3744802582600429992
I_dark,-1.6,9.50582857470194e-10,2403.738957653681,492.6388454667692,37.10727035463277,300.4554170460457,3.025556433845178e-07,9184494546452176042
I_dark,-2.2,8.75983736068783e-10,2627.978517028968,489.37942559949954,40.91913452211564,297.20307373531364,3.299020013980573e-07,5144607327742428380
I_dark,-0.8,9.308015570351787e-10,2751.659002613549,471.438867720947,38.31893407640898,299.3638589999156,2.499702389071637e-07,13806398585976261423
I_dark,-0.6000000000000001,8.758150413106088e-10,2554.792538970499,492.8309420700668,37.207464786418186,297.95471711920453,1.9099724039252626e-07,14100953261967155807
I_dark,-1.6,9.612679185080118e-10,2493.7557151613,504.62150372842615,37.39117268896573,297.8667082132286,2.652171828789856e-07,433422742429117681
I_dark,-1.0,9.603042271636284e-10,2438.0715583385486,503.6957420101608,43.08491203323523,298.5763734449834,2.631846107769696e-07,2124884718484563516
I_dark,-1.2000000000000002,1.0728366895058958e-09,2396.471193900285,522.5703607996403,39.66536493364173,302.3426017448898,3.1731259674772645e-07,10539271283961051071
I_dark,-2.2,1.0060692139373963e-09,2527.3807724384133,522.7157534573084,43.167246359099664,298.50956140834,3.544556992641827e-07,1367897570274288222
I_dark,-0.4,8.058950792540601e-10,2412.212725535436,472.1154567367515,38.858183000543626,295.7855807653235,1.4382366248552222e-07,7296031158140813817
I_dark,-0.4,1.066709170571727e-09,2302.646144768272,474.8978179470865,37.69553984942066,294.1521471075916,1.1444505692254573e-07,3765765162242439701
I_dark,-1.2000000000000002,1.104689398918354e-09,2572.8324404304963,485.2307246352714,40.714467773434976,300.93677074401546,3.138118168475276e-07,9216328605101287225
I_dark,-2.0,1.000072357945733e-09,2615.067429542859,502.8265147659643,41.97319841319997,303.92619603855775,4.788548989076216e-07,2056914843148536795
I_dark,-2.4000000000000004,1.0071535471770136e-09,2369.635821802133,538.5091665951578,40.65637295368661,296.23853018587084,2.844390448189232e-07,6305389621858259219
I_dark,-0.4,9.570305915597544e-10,2609.011101819734,467.3507151496423,38.45876893881996,290.3471581734896,1.0181963097320904e-07,14219469232104377133
I_dark,-2.2,1.0284216851224184e-09,2501.257472196243,454.39559500401634,39.58517778577758,297.0863250737395,2.950231103018945e-07,5302328922938549098
I_dark,-1.6,1.0191682032973931e-09,2560.240612715575,475.6482256289376,41.11142736058992,291.8506686301862,2.024339226537828e-07,14547390297170085011
I_dark,-2.2,1.0728366895058958e-09,2396.471193900285,522.5703607996403,39.66536493364173,302.3426017448898,3.9055804280121213e-07,10539271283961051071
I_dark,-2.0,1.0368980362030106e-09,2588.682974046272,505.298163800807,40.78433779833217,301.9145433801493,4.047151660758553e-07,3703347433873037581
I_dark,-1.6,1.0044736023004086e-09,2276.4853940628345,486.8441992232576,38.23677890677304,298.10055132439214,2.545302562122688e-07,15363031408316951214
I_dark,-1.4,1.2225799825820127e-09,2598.953191343567,516.8045118894966,39.85430360518959,306.74502895459364,4.568275958486912e-07,17234994038809733169
I_dark,-1.6,9.143704143090119e-10,2444.5179463100326,473.4138143725302,40.94136333558407,299.94201571725745,3.287415784811792e-07,11714911050137312102
I_dark,-2.0,1.0727510291740675e-09,2408.6350240081065,515.7307920217833,36.322106531247385,300.55707391972635,3.119480241281379e-07,16501516911797089168
I_dark,-1.0,1.0942344693420075e-09,2360.838758300681,491.3731844386217,39.51420947268076,305.7035776891924,3.571371531611973e-07,3134241803077969267
I_dark,-0.6000000000000001,1.0511173572717443e-09,2495.130349883853,523.8477826070769,41.27631172344517,301.59948365785385,2.533006677092315e-07,7136007211031035799
I_dark,-0.2,1.0109417900146311e-09,2546.474062846718,483.0790058826933,38.96317500489286,311.33012415162744,2.946627604516414e-07,11587428247216890986
I_dark,-1.0,9.979877857013674e-10,2496.537246315292,510.00187244466247,38.795972505421744,297.7961123434831,2.2641880367787963e-07,1378160361063041439
I_dark,-1.6,1.0375673846448864e-09,2379.4103992541063,496.85223216497695,39.047727684139495,305.18782525816323,4.129970890179966e-07,3141391476646313355
I_dark,-1.2000000000000002,9.973807555784963e-10,2483.6702561944007,499.2076886794748,40.248277237816566,302.09732544564235,3.285025372467917e-07,7286060296444835846
I_dark,-1.2000000000000002,8.981476672986597e-10,2648.7144938153992,484.4392889131667,39.21209704786501,303.00410991721293,3.628061997828437e-07,10990274489596691850
I_dark,-0.2,1.0455070732925304e-09,2552.705145034877,518.1497095238773,37.60227540602951,298.4772867617408,1.2140847761315048e-07,13753303497944442308
I_dark,-1.0,1.0663734802785015e-09,2646.766281337793,486.2018595083384,41.79339850063371,299.641349014439,2.8490091463680297e-07,5637171177688138856
I_dark,-1.8,1.0050101529814667e-09,2449.206992526188,478.70441149946606,40.80112322251315,299.2329513672896,3.218375531523217e-07,15255519671477510073
I_dark,-1.6,1.0671658198705112e-09,2444.626831258547,492.08006432381046,41.193035529790656,301.7038514591378,3.5842555242830816e-07,10743645008157788724
I_dark,-1.0,8.058950792540601e-10,2412.212725535436,472.1154567367515,38.858183000543626,295.7855807653235,2.048066242249104e-07,7296031158140813817
I_dark,-3.0,9.920951194363948e-10,2484.0228854962547,482.5603784265586,38.422268984819695,304.0303353891022,4.769032020484353e-07,2314355766595058403
I_dark,-1.6,8.758150413106088e-10,2554.792538970499,492.8309420700668,37.207464786418186,297.95471711920453,2.770613602354624e-07,14100953261967155807
I_dark,-0.4,8.589969950121182e-10,2505.474763633521,514.8627810246533,39.90795077029272,306.8673078749587,3.054889064304132e-07,8372103036707258832
I_dark,-3.0,1.0050101529814667e-09,2449.206992526188,478.70441149946606,40.80112322251315,299.2329513672896,3.748269212326026e-07,15255519671477510073
I_dark,-2.2,8.622252758820395e-10,2596.9228583838576,499.2028055441836,37.99663516660689,298.18972265332246,3.227977130324992e-07,7681735671422946543
I_dark,-3.0,1.1154637147520875e-09,2350.383805501934,499.6014506673355,39.64774721352306,306.8220229508652,5.444893986921165e-07,15425818973916266975
I_dark,-0.2,1.1774606839117e-09,2487.5677489208106,509.6158544320055,42.33569419095241,299.8381908200232,1.4447319734599769e-07,14988660033747214345
I_dark,-2.2,9.980121445569454e-10,2387.75545073954,508.7275610680178,38.8972081784186,297.8606493603604,2.944019660251754e-07,11032972375804727196
I_dark,-1.0,9.297325788733188e-10,2376.6983706631413,516.0358029995954,38.08606385532588,297.3563844788412,2.1121896001929061e-07,3212080770719938515
I_dark,-2.4000000000000004,1.0050965165320695e-09,2414.3235243349927,515.5034020410067,40.79653471954481,301.4383600393062,3.9837882344473313e-07,18237334030368139870
I_dark,-2.4000000000000004,1.0147448677929011e-09,2607.8117384734032,505.1107398178068,40.31257836583995,298.21936914217434,3.415789707516013e-07,833253205382390921
I_dark,-2.8000000000000003,1.2225745089622023e-09,2432.279761567632,478.07469592026655,37.79561575023349,300.3431374384869,3.492516951043459e-07,2216844718377656366
I_dark,-0.2,9.85546704036472e-10,2573.0239327697072,479.3922741661716,39.9154735600532,295.8292447353602,1.0948400804203129e-07,12112510911978131146
I_dark,-2.4000000000000004,1.0941860864671191e-09,2539.112215454232,503.69324532533454,39.339075937042885,294.39428351617613,2.551623609021844e-07,12823118457006761398
I_dark,-0.4,1.0073410050818803e-09,2574.374612551252,485.6872921198837,42.17824256593523,298.72995545788456,1.9052898275303893e-07,9029148243980292461
I_dark,-1.2000000000000002,9.304065850268983e-10,2472.4930947482308,495.539662311,41.9345213676303,296.5403011366731,2.446633784709428e-07,1906069974405082520
I_dark,-3.0,1.1396379394271226e-09,2408.4924726992253,490.0725825278824,43.06550150160359,292.35304316269765,2.490449056068181e-07,10954724855113224492
I_dark,-2.2,1.0727510291740675e-09,2408.6350240081065,515.7307920217833,36.322106531247385,300.55707391972635,3.214263209520244e-07,16501516911797089168
I_dark,-0.6000000000000001,1.0073410050818803e-09,2574.374612551252,485.6872921198837,42.17824256593523,298.72995545788456,2.2269107624193805e-07,9029148243980292461
I_dark,-2.2,9.143704143090119e-10,2444.5179463100326,473.4138143725302,40.94136333558407,299.94201571725745,3.650243608058747e-07,11714911050137312102
I_dark,-1.0,9.55415883814233e-10,2578.1734587821948,522.0121395253278,38.42173874228168,293.06092698472065,1.7134693893341005e-07,7069279127234648490
I_dark,-2.6,1.0160850161999514e-09,2298.443581617521,494.46825331908406,37.50931802222772,308.1655826328421,5.345229218198705e-07,4552925917595615164
I_dark,-1.4,9.220148370062531e-10,2472.3739758500788,504.5088858703008,41.28793476116813,303.0641722996054,3.845722935043077e-07,7538273554073210114
I_dark,-1.4,8.220747042076196e-10,2489.354974528123,536.8974000619587,36.589080383233394,294.68809277779184,2.104910702017593e-07,13344013943894260190
I_dark,-1.6,1.0806933086411387e-09,2604.781653428076,466.5836923998952,39.33731057072893,297.69705044733973,2.8069179467466085e-07,3371631208540637995
I_dark,-0.2,8.4981307882089e-10,2622.111610500832,493.1418777793542,40.32755095458103,299.70047987606006,1.4995772700721088e-07,5127878088967066821
I_dark,-2.8000000000000003,9.89963136259949e-10,2542.7024133885266,503.0087467521194,39.0211226249472,305.0510216058231,5.133393479786892e-07,380264510751012186
I_dark,-2.6,1.058962492367367e-09,2306.068264987093,513.3151002778768,40.55455133934368,303.4784744400111,4.357161781305202e-07,11723817789070393620
I_dark,-3.0,1.0455070732925304e-09,2552.705145034877,518.1497095238773,37.60227540602951,298.4772867617408,3.381476156702579e-07,13753303497944442308
I_dark,-1.2000000000000002,1.0109417900146311e-09,2546.474062846718,483.0790058826933,38.96317500489286,311.33012415162744,5.681032001811463e-07,11587428247216890986
I_dark,-0.2,1.000072357945733e-09,2615.067429542859,502.8265147659643,41.97319841319997,303.92619603855775,2.000259339822251e-07,2056914843148536795
I_dark,-2.4000000000000004,8.979123523428992e-10,2531.360993910196,491.918494232159,35.793021097389925,308.86985058095934,5.747897726359802e-07,579736006479800074
I_dark,-0.2,9.663377701466595e-10,2642.527368087266,478.3559331791431,43.40306406282464,301.888862689621,1.835573807170003e-07,13304175874445473708
I_dark,-2.6,8.931040101417876e-10,2540.0923303514373,529.7791096206541,38.25394170360681,296.3367780179062,2.981141167483292e-07,7126979072579706712
I_dark,-2.0,1.0976147775803618e-09,2495.918019735696,486.14991613464105,39.05845567786759,297.2376267822416,2.810947898435512e-07,3779633422659776445
I_dark,-0.2,8.64757430416121e-10,2613.398572092139,483.2695161383806,39.73131063338137,294.42197627514213,1.0260972942511725e-07,1633077101789385956
I_dark,-0.6000000000000001,9.344027379399094e-10,2510.734791451186,511.4018674256231,36.36815079533651,301.4558439858307,2.2699508706522561e-07,13370015301709921327
I_dark,-1.2000000000000002,1.0272364839515192e-09,2572.148319494551,521.8227614311556,39.43236728729266,296.39638250989714,2.3032937863677578e-07,12816177013697617925
I_dark,-0.6000000000000001,1.1762312017058683e-09,2610.23254556298,515.3751788116352,39.24041391228537,297.93305834844136,1.9431944205203866e-07,7155552337602576564
I_dark,-2.0,1.0574423663675307e-09,2585.038533860248,471.3266920396063,42.543125490608695,301.3994726877767,4.077991204462232e-07,2832837163574657009
I_dark,-0.2,1.0663734802785015e-09,2646.766281337793,486.2018595083384,41.79339850063371,299.641349014439,1.4956167262581428e-07,5637171177688138856
I_dark,-1.6,9.85546704036472e-10,2573.0239327697072,479.3922741661716,39.9154735600532,295.8292447353602,2.553836121306469e-07,12112510911978131146
I_dark,-2.8000000000000003,1.0676002138658572e-09,2409.8209682971515,478.7831941058398,39.56928699408093,298.75903253628616,3.376288028522303e-07,3193110456536102066
I_dark,-1.4,9.143704143090119e-10,2444.5179463100326,473.4138143725302,40.94136333558407,299.94201571725745,3.128566385699976e-07,11714911050137312102
I_dark,-0.4,1.011801650795657e-09,2503.197375042157,521.464297637573,42.04226242943757,288.6545802497056,9.539640894045553e-08,14082706842164037214
I_dark,-1.4,1.018423641836786e-09,2420.2103352289205,495.3862399264609,39.18777263938059,307.5354074756815,4.608043824204921e-07,9985116505034206452
I_dark,-2.0,1.0941860864671191e-09,2539.112215454232,503.69324532533454,39.339075937042885,294.39428351617613,2.409370188381555e-07,12823118457006761398
I_dark,-0.2,8.89459518994858e-10,2383.601346469497,502.4892009812192,38.55163090195673,309.2198732722366,2.482060044235288e-07,3483175946691254694
I_dark,-0.2,9.67689959245767e-10,2498.119875502734,535.4265253830317,42.346830624956574,300.5747457097431,1.5690402792438572e-07,7167329586276071870
I_dark,-2.2,1.0191682032973931e-09,2560.240612715575,475.6482256289376,41.11142736058992,291.8506686301862,2.2547736841804738e-07,14547390297170085011
I_dark,-1.2000000000000002,1.0147448677929011e-09,2607.8117384734032,505.1107398178068,40.31257836583995,298.21936914217434,2.675360551776292e-07,833253205382390921
I_dark,-2.6,1.117839944989197e-09,2400.8118901118505,474.17775422532,39.11984591644459,301.1260229250646,3.725854998891486e-07,5355939635520617484
I_dark,-3.0,1.013177684158949e-09,2549.0982526102403,506.5025106580401,39.7132385315927,304.62183232922587,5.179042575470004e-07,14934561482547682078
I_dark,-1.8,8.589969950121182e-10,2505.474763633521,514.8627810246533,39.90795077029272,306.8673078749587,5.225835472306759e-07,8372103036707258832
I_dark,-1.0,9.50582857470194e-10,2403.738957653681,492.6388454667692,37.10727035463277,300.4554170460457,2.525379914034788e-07,9184494546452176042
I_dark,-1.0,1.0686494239643995e-09,2589.61306441484,507.5353543611665,40.55316862193092,296.6314874710408,2.2332120973409882e-07,9728360064296503812
I_dark,-2.0,1.0882818479532783e-09,2447.508764517909,466.8571183944717,43.278933930679706,307.8168200832177,5.794433528282339e-07,3262830124868165494
I_dark,-0.6000000000000001,9.581806245172891e-10,2592.420375814081,497.997415088655,37.83724802001972,293.41915116225954,1.4395682417263002e-07,17533524623644286140
I_dark,-3.0,9.63679966987411e-10,2457.046368424285,519.0454313677445,40.52844947169319,303.263443359763,4.794546760830433e-07,17951410366048416543
I_dark,-2.4000000000000004,9.34880998874723e-10,2658.424632928369,469.5577205631138,37.334947088248434,294.43440760000914,2.589779678622169e-07,2804036452383970560
I_dark,-1.2000000000000002,1.0671658198705112e-09,2444.626831258547,492.08006432381046,41.193035529790656,301.7038514591378,3.220153340932535e-07,10743645008157788724
I_dark,-1.6,1.0572981218607252e-09,2430.584690541649,514.3340907827966,41.04225055349912,296.5414644902,2.5943132514675346e-07,16130397955524846863
I_dark,-1.0,9.595802013951228e-10,2610.2949574222403,489.9218602044182,42.219532217947325,302.0841812978663,3.359232809271481e-07,11643629726484600332
I_dark,-2.4000000000000004,1.1395831540373824e-09,2538.761869465952,510.72502895181066,40.87821813200619,300.974125232131,3.9233929357526185e-07,3684234868495982631
I_dark,-2.6,9.67689959245767e-10,2498.119875502734,535.4265253830317,42.346830624956574,300.5747457097431,4.147103153833094e-07,7167329586276071870
I_dark,-2.0,9.980121445569454e-10,2387.75545073954,508.7275610680178,38.8972081784186,297.8606493603604,2.856077605533361e-07,11032972375804727196
I_dark,-0.2,8.622252758820395e-10,2596.9228583838576,499.2028055441836,37.99663516660689,298.18972265332246,1.264429014541813e-07,7681735671422946543
I_dark,-2.2,1.0942344693420075e-09,2360.838758300681,491.3731844386217,39.51420947268076,305.7035776891924,4.682753939045905e-07,3134241803077969267
I_dark,-1.8,1.243555870393131e-09,2440.816535503744,483.6779599156501,38.81204244575611,302.5323056028984,3.5706415644590386e-07,4261926717090881150
I_dark,-2.6,8.75983736068783e-10,2627.978517028968,489.37942559949954,40.91913452211564,297.20307373531364,3.466086291498859e-07,5144607327742428380
I_dark,-2.0,1.0676002138658572e-09,2409.8209682971515,478.7831941058398,39.56928699408093,298.75903253628616,3.049708363849619e-07,3193110456536102066
I_dark,-1.8,8.979123523428992e-10,2531.360993910196,491.918494232159,35.793021097389925,308.86985058095934,5.28350844927403e-07,579736006479800074
I_dark,-0.2,9.756514716409811e-10,2404.497548871577,500.9208966540563,41.62971960161597,300.52976098251094,1.492254083120969e-07,7311808897764695838
I_dark,-0.6000000000000001,8.584521018906483e-10,2718.2749419682723,482.1832227724541,38.88005077046229,301.691940704981,2.658236094359282e-07,3494250555080783753
I_dark,-0.2,1.1396379394271226e-09,2408.4924726992253,490.0725825278824,43.06550150160359,292.35304316269765,8.656923924913136e-08,10954724855113224492
I_dark,-0.2,1.0191682032973931e-09,2560.240612715575,475.6482256289376,41.11142736058992,291.8506686301862,8.505546986463766e-08,14547390297170085011
I_dark,-0.2,9.371440517713595e-10,2524.6000862506294,475.6202290123848,40.994373738605006,302.9961192294562,1.8146063168856465e-07,10395993465976512970
I_dark,-1.2000000000000002,9.634928280602635e-10,2455.009212271192,512.2369330710814,40.30940301281442,306.6726054586492,4.341394268332196e-07,9415233787243991652
I_dark,-1.4,8.589969950121182e-10,2505.474763633521,514.8627810246533,39.90795077029272,306.8673078749587,4.796139355300567e-07,8372103036707258832
I_dark,-0.8,1.0160850161999514e-09,2298.443581617521,494.46825331908406,37.50931802222772,308.1655826328421,3.6029152722424105e-07,4552925917595615164
I_dark,-0.4,1.2225799825820127e-09,2598.953191343567,516.8045118894966,39.85430360518959,306.74502895459364,2.938985687350103e-07,17234994038809733169
I_dark,-0.6000000000000001,9.58904338765352e-10,2486.667922677388,495.3304947031063,40.43386356777175,305.1954997344612,3.151169737353448e-07,13052852389533457310
I_dark,-1.0,1.0789603531824067e-09,2367.1936347140645,478.9001778930339,37.12870103512795,297.3410066095633,1.990975251558472e-07,4747465828158748725
I_dark,-2.8000000000000003,1.0044736023004086e-09,2276.4853940628345,486.8441992232576,38.23677890677304,298.10055132439214,3.037293001055828e-07,15363031408316951214
I_dark,-2.0,1.0705485436227222e-09,2590.7468930890127,531.0534862964538,41.61731424149927,306.85396396460635,5.517414508161433e-07,4155552024635161694
I_dark,-0.4,1.1395831540373824e-09,2538.761869465952,510.72502895181066,40.87821813200619,300.974125232131,2.070088738717786e-07,3684234868495982631
I_dark,-2.8000000000000003,9.525981103063824e-10,2521.0178569100235,513.1122387074643,39.33447860201831,299.4635962010897,3.716618464601399e-07,2217437892012799629
I_dark,-0.4,9.808684991835892e-10,2440.440905080504,475.02919518003887,43.13862383173334,296.64614602139693,1.638844348715881e-07,10893922623691634355
I_dark,-1.6,1.1774606839117e-09,2487.5677489208106,509.6158544320055,42.33569419095241,299.8381908200232,3.252704754415056e-07,14988660033747214345
I_dark,-1.4,9.973807555784963e-10,2483.6702561944007,499.2076886794748,40.248277237816566,302.09732544564235,3.488228866034492e-07,7286060296444835846
I_dark,-2.2,9.596807973870107e-10,2396.380469719385,547.2442070596833,39.34847113068841,298.5552181462747,3.151027728992696e-07,16164245777420927440
I_dark,-1.6,1.016175641189933e-09,2547.6570837434488,498.1799092392847,42.56757336192149,293.18283111534566,2.273955645025572e-07,9151669764478585745
I_dark,-1.2000000000000002,9.162514515645111e-10,2366.748252214537,515.4599435910573,36.43861892729903,303.676124223718,3.216611829121111e-07,17492872546512810480
I_dark,-2.8000000000000003,9.595802013951228e-10,2610.2949574222403,489.9218602044182,42.219532217947325,302.0841812978663,4.781079634959403e-07,11643629726484600332
I_dark,-2.4000000000000004,8.981476672986597e-10,2648.7144938153992,484.4392889131667,39.21209704786501,303.00410991721293,4.6009971509887e-07,10990274489596691850
I_dark,-2.8000000000000003,8.981476672986597e-10,2648.7144938153992,484.4392889131667,39.21209704786501,303.00410991721293,4.807987801123888e-07,10990274489596691850
I_dark,-1.6,8.8914003988915e-10,2578.309809077789,484.4641187531683,42.13424050837239,300.34884642744885,3.6494918860694163e-07,59563343903943478
I_dark,-2.2,1.1201765668553064e-09,2329.913862262383,487.444276821995,41.61971486534147,298.1037724082114,3.073168246955612e-07,10813817281839957845
I_dark,-2.8000000000000003,1.020786601528739e-09,2414.9946347184086,525.5036010755978,41.93453001893169,295.92616711681853,3.0397215567794804e-07,12935788499417564366
I_dark,-0.6000000000000001,1.0727653122619132e-09,2512.3283017034155,474.34077412964,42.74916053103488,290.5746947786968,1.291650084719661e-07,4757004652079025251
I_dark,-2.8000000000000003,1.1425395479879979e-09,2554.3812528255967,503.27354733950745,40.19858533526689,297.9110382121584,3.371635245810928e-07,13161242281976296834
I_dark,-1.6,8.584521018906483e-10,2718.2749419682723,482.1832227724541,38.88005077046229,301.691940704981,3.812055875982846e-07,3494250555080783753
I_dark,-0.4,1.018423641836786e-09,2420.2103352289205,495.3862399264609,39.18777263938059,307.5354074756815,2.956317756338194e-07,9985116505034206452
I_dark,-0.2,1.006299553709699e-09,2596.53014928976,491.578961058072,40.01001805266426,305.28831051478386,2.076768371342554e-07,6325844468188908084
I_dark,-3.0,1.0728366895058958e-09,2396.471193900285,522.5703607996403,39.66536493364173,302.3426017448898,4.265082149531654e-07,10539271283961051071
I_dark,-0.6000000000000001,1.1065063764088472e-09,2603.202340784687,488.6799605874269,40.68035124967265,296.73843693227377,1.877488899510572e-07,2359625090975412513
I_dark,-1.8,7.516487326049726e-10,2475.0294016619155,481.8667099014746,36.16652897024234,304.10393187120707,4.112363342366526e-07,4556256472297801959
I_dark,-2.2,1.1762312017058683e-09,2610.23254556298,515.3751788116352,39.24041391228537,297.93305834844136,3.105661238680492e-07,7155552337602576564
I_dark,-1.2000000000000002,1.2307353848142815e-09,2445.249484887284,482.48119148575233,42.87746783295031,307.55593866537106,4.643176990042596e-07,15038946426069692038
I_dark,-0.2,9.928313705154955e-10,2556.196978076177,523.0189213691006,40.51326020590248,298.8914974420704,1.3614928040103e-07,903425415547655004
I_dark,-1.0,1.1065063764088472e-09,2603.202340784687,488.6799605874269,40.68035124967265,296.73843693227377,2.251110447603418e-07,2359625090975412513
I_dark,-2.6,1.1421949243104863e-09,2464.085688286918,515.1290966367517,40.96326376678826,298.8654192354596,3.4583368793438333e-07,12882774050561771087
I_dark,-0.4,1.0511173572717443e-09,2495.130349883853,523.8477826070769,41.27631172344517,301.59948365785385,2.174433710430256e-07,7136007211031035799
I_dark,-3.0,1.089765313742217e-09,2571.102793798516,524.9230612365601,38.57048554783602,303.1708876105774,4.591007335559161e-07,4835108955857078241
I_dark,-2.6,1.0147448677929011e-09,2607.8117384734032,505.1107398178068,40.31257836583995,298.21936914217434,3.4977208811795854e-07,833253205382390921
I_dark,-0.6000000000000001,1.0882818479532783e-09,2447.508764517909,466.8571183944717,43.278933930679706,307.8168200832177,3.834627076876115e-07,3262830124868165494
I_dark,-0.8,1.0933784852654091e-09,2410.884334287086,539.0569290920441,39.62193192256099,289.3285700165644,1.179435413582286e-07,16519722322841066187
I_dark,-2.4000000000000004,1.0705485436227222e-09,2590.7468930890127,531.0534862964538,41.61731424149927,306.85396396460635,5.826367071436643e-07,4155552024635161694
I_dark,-2.2,1.2225799825820127e-09,2598.953191343567,516.8045118894966,39.85430360518959,306.74502895459364,5.29366000902552e-07,17234994038809733169
I_dark,-1.8,9.928313705154955e-10,2556.196978076177,523.0189213691006,40.51326020590248,298.8914974420704,3.227358871568727e-07,903425415547655004
I_dark,-0.6000000000000001,1.0933784852654091e-09,2410.884334287086,539.0569290920441,39.62193192256099,289.3285700165644,1.06277098125828e-07,16519722322841066187
I_dark,-1.6,9.371440517713595e-10,2524.6000862506294,475.6202290123848,40.994373738605006,302.9961192294562,4.045828396732914e-07,10395993465976512970
I_dark,-0.6000000000000001,8.931040101417876e-10,2540.0923303514373,529.7791096206541,38.25394170360681,296.3367780179062,1.7562992335404876e-07,7126979072579706712
I_dark,-1.2000000000000002,1.0789603531824067e-09,2367.1936347140645,478.9001778930339,37.12870103512795,297.3410066095633,2.138790715574684e-07,4747465828158748725
I_dark,-1.2000000000000002,1.1396379394271226e-09,2408.4924726992253,490.0725825278824,43.06550150160359,292.35304316269765,1.810672962151307e-07,10954724855113224492
I_dark,-3.0,9.244750759855351e-10,2606.766252024905,514.7015322051607,39.36697999872778,300.425811364213,4.1488947170238737e-07,13867644369009061341
I_dark,-1.8,9.91880560193061e-10,2562.543459042286,488.1664551370801,40.47383155665718,295.6008889602198,2.635504658262083e-07,16069905982438259650
I_dark,-2.6,1.1459805246638944e-09,2630.825732937456,497.4739907663986,41.26661222078493,300.2753689300697,4.003345819844281e-07,12849312948239067464
I_dark,-0.6000000000000001,1.006938037138553e-09,2476.033687734913,499.8883185243343,35.52248114367448,306.4489109295662,2.963310677466705e-07,11533471517763731933
I_dark,-2.4000000000000004,1.0727653122619132e-09,2512.3283017034155,474.34077412964,42.74916053103488,290.5746947786968,2.167583678068489e-07,4757004652079025251
I_dark,-0.2,1.0705485436227222e-09,2590.7468930890127,531.0534862964538,41.61731424149927,306.85396396460635,2.3666599865368778e-07,4155552024635161694
I_dark,-2.8000000000000003,1.0663734802785015e-09,2646.766281337793,486.2018595083384,41.79339850063371,299.641349014439,4.055262150499941e-07,5637171177688138856
I_dark,-1.8,9.89297888860932e-10,2413.8801533334354,510.75595836241,38.53132745549709,285.1813868750008,1.236716063039189e-07,6508029577517650568
I_dark,-1.6,9.297325788733188e-10,2376.6983706631413,516.0358029995954,38.08606385532588,297.3563844788412,2.543506334158131e-07,3212080770719938515
I_dark,-2.8000000000000003,1.018423641836786e-09,2420.2103352289205,495.3862399264609,39.18777263938059,307.5354074756815,5.711035052805575e-07,9985116505034206452
I_dark,-2.0,9.118663996020179e-10,2651.95019435956,481.7408591707263,38.899871401178025,300.40158819211445,3.681804479601664e-07,17319768135093042826
I_dark,-0.8,1.0040157435828723e-09,2421.1156291426087,502.3421578152334,38.33334239027114,293.10089722857373,1.4944699956749317e-07,12886194249589357920
I_dark,-2.8000000000000003,9.118663996020179e-10,2651.95019435956,481.7408591707263,38.899871401178025,300.40158819211445,4.072600675832126e-07,17319768135093042826
I_dark,-0.8,8.220747042076196e-10,2489.354974528123,536.8974000619587,36.589080383233394,294.68809277779184,1.6822307242217433e-07,13344013943894260190
I_dark,-1.8,1.1064539714677527e-09,2488.434465234489,500.4335716276796,41.129719458135625,288.0815978442095,1.5879390335223484e-07,4253972365711734043
I_dark,-2.4000000000000004,1.0572981218607252e-09,2430.584690541649,514.3340907827966,41.04225055349912,296.5414644902,2.9585850686819134e-07,16130397955524846863
I_dark,-1.0,1.0272364839515192e-09,2572.148319494551,521.8227614311556,39.43236728729266,296.39638250989714,2.14324248771663e-07,12816177013697617925
I_dark,-0.2,1.089765313742217e-09,2571.102793798516,524.9230612365601,38.57048554783602,303.1708876105774,1.702569395674391e-07,4835108955857078241
I_dark,-2.2,9.725086180844783e-10,2468.017331565751,490.28733545372194,44.50977871149023,303.263152322465,4.840184694151862e-07,3744802582600429992
I_dark,-1.0,1.006938037138553e-09,2476.033687734913,499.8883185243343,35.52248114367448,306.4489109295662,3.538813904693677e-07,11533471517763731933
I_dark,-2.2,7.516487326049726e-10,2475.0294016619155,481.8667099014746,36.16652897024234,304.10393187120707,4.377437108353056e-07,4556256472297801959
I_dark,-2.0,9.431291378149591e-10,2617.847164727645,540.4486468445567,38.69622270488729,301.9657628923453,3.965485666004108e-07,11854955608364436255
I_dark,-0.4,9.454134520298419e-10,2570.8338282332857,490.849029568548,38.28868089781682,299.0569098093356,1.782961290279505e-07,8778145279652222064
I_dark,-0.4,1.0050965165320695e-09,2414.3235243349927,515.5034020410067,40.79653471954481,301.4383600393062,2.090560095262484e-07,18237334030368139870
I_dark,-1.8,9.570305915597544e-10,2609.011101819734,467.3507151496423,38.45876893881996,290.3471581734896,1.8437607820493578e-07,14219469232104377133
I_dark,-2.8000000000000003,9.16382362452114e-10,2549.3338723326283,483.7915671011157,41.484417545989686,302.7283665488111,4.849128099841344e-07,779010489516208886
I_dark,-3.0,9.525981103063824e-10,2521.0178569100235,513.1122387074643,39.33447860201831,299.4635962010897,3.789064260585652e-07,2217437892012799629
I_dark,-2.8000000000000003,1.1774606839117e-09,2487.5677489208106,509.6158544320055,42.33569419095241,299.8381908200232,3.881343285637585e-07,14988660033747214345
I_dark,-0.6000000000000001,1.0686494239643995e-09,2589.61306441484,507.5353543611665,40.55316862193092,296.6314874710408,1.8616886024710386e-07,9728360064296503812
I_dark,-1.8,1.1065063764088472e-09,2603.202340784687,488.6799605874269,40.68035124967265,296.73843693227377,2.817402136791697e-07,2359625090975412513
I_dark,-2.0,9.664729913030388e-10,2627.7330466636663,506.9906344590098,40.06029068650691,301.1540677406581,3.894153735876656e-07,8813459275462154891
I_dark,-2.2,8.4981307882089e-10,2622.111610500832,493.1418777793542,40.32755095458103,299.70047987606006,3.7950050249455146e-07,5127878088967066821
I_dark,-0.8,1.0285344586119835e-09,2525.852161033123,522.4809638175516,38.89567254871546,292.9930878390376,1.5432321679779097e-07,3933886296999063760
I_dark,-3.0,1.0040157435828723e-09,2421.1156291426087,502.3421578152334,38.33334239027114,293.10089722857373,2.394392693969815e-07,12886194249589357920
I_dark,-0.6000000000000001,7.516487326049726e-10,2475.0294016619155,481.8667099014746,36.16652897024234,304.10393187120707,2.756912743104139e-07,4556256472297801959
I_dark,-0.4,8.931040101417876e-10,2540.0923303514373,529.7791096206541,38.25394170360681,296.3367780179062,1.494227645291852e-07,7126979072579706712
I_dark,-2.2,9.220148370062531e-10,2472.3739758500788,504.5088858703008,41.28793476116813,303.0641722996054,4.47313241956658e-07,7538273554073210114
I_dark,-2.2,9.664729913030388e-10,2627.7330466636663,506.9906344590098,40.06029068650691,301.1540677406581,4.012393741951332e-07,8813459275462154891
I_dark,-2.2,9.50582857470194e-10,2403.738957653681,492.6388454667692,37.10727035463277,300.4554170460457,3.350544744754398e-07,9184494546452176042
I_dark,-2.4000000000000004,9.431291378149591e-10,2617.847164727645,540.4486468445567,38.69622270488729,301.9657628923453,4.193937191952088e-07,11854955608364436255
I_dark,-1.6,9.973807555784963e-10,2483.6702561944007,499.2076886794748,40.248277237816566,302.09732544564235,3.661786457806366e-07,7286060296444835846
I_dark,-2.2,1.050818199825069e-09,2510.995503216453,520.189852554912,38.50508417894045,294.1262317171733,2.385338111968991e-07,17608710593314742079
I_dark,-1.0,9.725086180844783e-10,2468.017331565751,490.28733545372194,44.50977871149023,303.263152322465,3.666932262160686e-07,3744802582600429992
I_dark,-0.4,8.688108546297864e-10,2646.5653288453154,498.36187777461095,39.94029005251662,299.6218359156308,2.004236342677505e-07,6517130074721695667
I_dark,-2.6,1.25959298622376e-09,2354.3009197629594,499.1918367180637,40.77134716523017,305.22981462209646,4.788804031378335e-07,128968913270984251
I_dark,-0.4,1.0803651442869379e-09,2531.060987167743,511.9316238370674,40.66002705988115,288.1838349540611,8.90974848735426e-08,17485459239320075305
I_dark,-2.2,8.599648780937921e-10,2637.8899539670565,501.9551856304757,39.90381821426863,300.9815905741297,4.06641856888255e-07,14435728251762431223
I_dark,-1.6,8.241763212999094e-10,2472.357675267654,473.84577322091,39.21856251436128,307.7679942040925,5.211644680587578e-07,14456930291123660273
I_dark,-0.8,1.0308127820747194e-09,2437.7200106987866,482.5972990901911,40.648465379108416,299.4728047413536,2.3838335084261326e-07,18026431441542812131
I_dark,-2.4000000000000004,9.682475573035431e-10,2330.6047518253104,479.0686974559265,41.64371883461047,301.63426669668445,4.022137410219875e-07,13640118791446356878
I_dark,-2.4000000000000004,1.117839944989197e-09,2400.8118901118505,474.17775422532,39.11984591644459,301.1260229250646,3.639949000778097e-07,5355939635520617484
I_dark,-2.8000000000000003,9.32148229008894e-10,2545.124905053194,512.7371789301767,40.07870713980076,299.5411124372077,3.842952192488834e-07,7464429288297915064
I_dark,-2.8000000000000003,9.74908016407874e-10,2433.9347159425315,536.1873069142775,40.58953669016749,293.2225739384997,2.5306903085632977e-07,18393380424088899902
I_dark,-3.0,1.0025105539620802e-09,2526.9743060678943,509.1946075584183,40.75166342427999,301.0515477079729,4.276355658411426e-07,15180030701036252205
I_dark,-1.4,1.0789603531824067e-09,2367.1936347140645,478.9001778930339,37.12870103512795,297.3410066095633,2.2750783862471806e-07,4747465828158748725
I_dark,-2.4000000000000004,1.1762312017058683e-09,2610.23254556298,515.3751788116352,39.24041391228537,297.93305834844136,3.188712807509584e-07,7155552337602576564
I_dark,-2.4000000000000004,8.220747042076196e-10,2489.354974528123,536.8974000619587,36.589080383233394,294.68809277779184,2.526394331679621e-07,13344013943894260190
I_dark,-2.2,1.1395831540373824e-09,2538.761869465952,510.72502895181066,40.87821813200619,300.974125232131,3.821172701852196e-07,3684234868495982631
I_dark,-2.6,1.0284216851224184e-09,2501.257472196243,454.39559500401634,39.58517778577758,297.0863250737395,3.100239589644567e-07,5302328922938549098
I_dark,-3.0,8.241763212999094e-10,2472.357675267654,473.84577322091,39.21856251436128,307.7679942040925,6.277626681936149e-07,14456930291123660273
I_dark,-1.4,8.920412889937107e-10,2700.220283946353,481.8164609958477,41.48473029075561,294.1535226587993,2.391229831998987e-07,2447368541047246097
I_dark,-1.6,8.64757430416121e-10,2613.398572092139,483.2695161383806,39.73131063338137,294.42197627514213,2.4220351607099225e-07,1633077101789385956
I_dark,-2.2,1.117839944989197e-09,2400.8118901118505,474.17775422532,39.11984591644459,301.1260229250646,3.545651108556963e-07,5355939635520617484
I_dark,-2.8000000000000003,9.570305915597544e-10,2609.011101819734,467.3507151496423,38.45876893881996,290.3471581734896,2.119636635358175e-07,14219469232104377133
I_dark,-3.0,1.1459805246638944e-09,2630.825732937456,497.4739907663986,41.26661222078493,300.2753689300697,4.168905417559444e-07,12849312948239067464
I_dark,-2.4000000000000004,9.979877857013674e-10,2496.537246315292,510.00187244466247,38.795972505421744,297.7961123434831,3.1075986623000576e-07,1378160361063041439
I_dark,-2.8000000000000003,8.75983736068783e-10,2627.978517028968,489.37942559949954,40.91913452211564,297.20307373531364,3.5397681953069854e-07,5144607327742428380
I_dark,-1.2000000000000002,1.0933784852654091e-09,2410.884334287086,539.0569290920441,39.62193192256099,289.3285700165644,1.3809790004029818e-07,16519722322841066187
I_dark,-1.8,9.60969170700449e-10,2766.6918918406623,529.8468751484584,39.61181207182135,297.3307652107198,3.079020992185048e-07,6563696386679920944
I_dark,-0.8,9.85546704036472e-10,2573.0239327697072,479.3922741661716,39.9154735600532,295.8292447353602,1.95205276746046e-07,12112510911978131146
I_dark,-0.8,9.596807973870107e-10,2396.380469719385,547.2442070596833,39.34847113068841,298.5552181462747,2.1786398156969785e-07,16164245777420927440
I_dark,-1.2000000000000002,9.612679185080118e-10,2493.7557151613,504.62150372842615,37.39117268896573,297.8667082132286,2.370675432634153e-07,433422742429117681
I_dark,-2.4000000000000004,1.0044736023004086e-09,2276.4853940628345,486.8441992232576,38.23677890677304,298.10055132439214,2.904815995429165e-07,15363031408316951214
I_dark,-2.8000000000000003,1.0574423663675307e-09,2585.038533860248,471.3266920396063,42.543125490608695,301.3994726877767,4.511243594597514e-07,2832837163574657009
I_dark,-1.2000000000000002,1.0050965165320695e-09,2414.3235243349927,515.5034020410067,40.79653471954481,301.4383600393062,3.147925477062994e-07,18237334030368139870
I_dark,-2.0,9.525981103063824e-10,2521.0178569100235,513.1122387074643,39.33447860201831,299.4635962010897,3.365349720267263e-07,2217437892012799629
I_dark,-1.4,1.016175641189933e-09,2547.6570837434488,498.1799092392847,42.56757336192149,293.18283111534566,2.161536508183756e-07,9151669764478585745
I_dark,-0.4,9.344027379399094e-10,2510.734791451186,511.4018674256231,36.36815079533651,301.4558439858307,1.946897643841726e-07,13370015301709921327
I_dark,-3.0,9.58904338765352e-10,2486.667922677388,495.3304947031063,40.43386356777175,305.1954997344612,5.41042574151438e-07,13052852389533457310
I_dark,-0.6000000000000001,9.136850961862703e-10,2400.1705034771794,499.3175315176618,39.85562670167986,300.93280864091923,2.336593256236595e-07,689847661215077168
I_dark,-3.0,8.622252758820395e-10,2596.9228583838576,499.2028055441836,37.99663516660689,298.18972265332246,3.5351459252315177e-07,7681735671422946543
I_dark,-0.2,1.0692616090001279e-09,2445.881237248077,515.6238842072526,38.37558042728467,295.9516778251947,1.0094174136199077e-07,2860266914913243763
I_dark,-0.4,1.0308127820747194e-09,2437.7200106987866,482.5972990901911,40.648465379108416,299.4728047413536,1.83837239235095e-07,18026431441542812131
I_dark,-0.4,1.0849323731926979e-09,2551.147301026894,487.27717818808753,44.82712146868644,302.5978918999191,2.5483590946472204e-07,17938021924088880075
I_dark,-1.2000000000000002,1.0284216851224184e-09,2501.257472196243,454.39559500401634,39.58517778577758,297.0863250737395,2.3783511329948525e-07,5302328922938549098
I_dark,-1.8,9.634928280602635e-10,2455.009212271192,512.2369330710814,40.30940301281442,306.6726054586492,5.012656762107423e-07,9415233787243991652
I_dark,-2.2,1.0732744646319759e-09,2458.1779927472685,500.451348042105,41.29986197643443,296.3385514465405,2.875543289471497e-07,15854623793106210877
I_dark,-2.0,9.920951194363948e-10,2484.0228854962547,482.5603784265586,38.422268984819695,304.0303353891022,4.246499708053273e-07,2314355766595058403
I_dark,-1.0,1.0352580576007263e-09,2678.9547588546675,473.131828680381,34.826156523967086,290.8089263982084,1.3702423521416564e-07,603198139025932464
I_dark,-2.4000000000000004,9.123213222215395e-10,2625.69228411366,506.617977618184,38.92442853409919,306.1252360546967,5.441527825549315e-07,2928394120619732261
I_dark,-2.6,1.0060692139373963e-09,2527.3807724384133,522.7157534573084,43.167246359099664,298.50956140834,3.727100903583489e-07,1367897570274288222
I_dark,-2.2,1.0025105539620802e-09,2526.9743060678943,509.1946075584183,40.75166342427999,301.0515477079729,3.90785046077775e-07,15180030701036252205
I_dark,-2.8000000000000003,1.0692616090001279e-09,2445.881237248077,515.6238842072526,38.37558042728467,295.9516778251947,2.7877124977243325e-07,2860266914913243763
I_dark,-0.6000000000000001,8.622252758820395e-10,2596.9228583838576,499.2028055441836,37.99663516660689,298.18972265332246,2.0087861948770905e-07,7681735671422946543
I_dark,-0.8,1.0732744646319759e-09,2458.1779927472685,500.451348042105,41.29986197643443,296.3385514465405,1.9828717130930442e-07,15854623793106210877
I_dark,-0.6000000000000001,1.0375673846448864e-09,2379.4103992541063,496.85223216497695,39.047727684139495,305.18782525816323,2.9050585255509776e-07,3141391476646313355
I_dark,-1.8,1.0060692139373963e-09,2527.3807724384133,522.7157534573084,43.167246359099664,298.50956140834,3.3210223852749377e-07,1367897570274288222
I_dark,-2.6,7.516487326049726e-10,2475.0294016619155,481.8667099014746,36.16652897024234,304.10393187120707,4.593168009918953e-07,4556256472297801959
I_dark,-2.6,9.756514716409811e-10,2404.497548871577,500.9208966540563,41.62971960161597,300.52976098251094,3.942279591889085e-07,7311808897764695838
I_dark,-3.0,9.162514515645111e-10,2366.748252214537,515.4599435910573,36.43861892729903,303.676124223718,4.3354504478404274e-07,17492872546512810480
I_dark,-1.8,1.0692616090001279e-09,2445.881237248077,515.6238842072526,38.37558042728467,295.9516778251947,2.427119821587152e-07,2860266914913243763
I_dark,-1.8,8.8914003988915e-10,2578.309809077789,484.4641187531683,42.13424050837239,300.34884642744885,3.796548213842011e-07,59563343903943478
I_dark,-0.4,9.603042271636284e-10,2438.0715583385486,503.6957420101608,43.08491203323523,298.5763734449834,1.863759333129471e-07,2124884718484563516
I_dark,-1.0,1.0728366895058958e-09,2396.471193900285,522.5703607996403,39.66536493364173,302.3426017448898,2.959039028646012e-07,10539271283961051071
I_dark,-0.2,1.0040157435828723e-09,2421.1156291426087,502.3421578152334,38.33334239027114,293.10089722857373,8.30334792891976e-08,12886194249589357920
I_dark,-2.8000000000000003,9.297325788733188e-10,2376.6983706631413,516.0358029995954,38.08606385532588,297.3563844788412,3.0375859561783245e-07,3212080770719938515
I_dark,-1.8,1.050818199825069e-09,2510.995503216453,520.189852554912,38.50508417894045,294.1262317171733,2.2343916575866738e-07,17608710593314742079
I_dark,-1.8,1.0050965165320695e-09,2414.3235243349927,515.5034020410067,40.79653471954481,301.4383600393062,3.6474053496285284e-07,18237334030368139870
I_dark,-2.6,1.050818199825069e-09,2510.995503216453,520.189852554912,38.50508417894045,294.1262317171733,2.5085774492058255e-07,17608710593314742079
I_dark,-1.6,1.1459805246638944e-09,2630.825732937456,497.4739907663986,41.26661222078493,300.2753689300697,3.437730715702421e-07,12849312948239067464
I_dark,-2.0,9.928313705154955e-10,2556.196978076177,523.0189213691006,40.51326020590248,298.8914974420704,3.341446103100677e-07,903425415547655004
I_dark,-3.0,8.75983736068783e-10,2627.978517028968,489.37942559949954,40.91913452211564,297.20307373531364,3.609175137914117e-07,5144607327742428380
I_dark,-2.4000000000000004,9.371440517713595e-10,2524.6000862506294,475.6202290123848,40.994373738605006,302.9961192294562,4.603488931940588e-07,10395993465976512970
I_dark,-0.4,8.622252758820395e-10,2596.9228583838576,499.2028055441836,37.99663516660689,298.18972265332246,1.7161141104823304e-07,7681735671422946543
I_dark,-1.6,9.220148370062531e-10,2472.3739758500788,504.5088858703008,41.28793476116813,303.0641722996054,4.036391795092286e-07,7538273554073210114
I_dark,-0.4,1.0040157435828723e-09,2421.1156291426087,502.3421578152334,38.33334239027114,293.10089722857373,1.1408132340083625e-07,12886194249589357920
I_dark,-1.8,9.220148370062531e-10,2472.3739758500788,504.5088858703008,41.28793476116813,303.0641722996054,4.199343845326682e-07,7538273554073210114
I_dark,-1.8,9.454134520298419e-10,2570.8338282332857,490.849029568548,38.28868089781682,299.0569098093356,3.1395457278060454e-07,8778145279652222064
I_dark,-2.0,1.006299553709699e-09,2596.53014928976,491.578961058072,40.01001805266426,305.28831051478386,4.899644434135679e-07,6325844468188908084
I_dark,-0.8,1.0663734802785015e-09,2646.766281337793,486.2018595083384,41.79339850063371,299.641349014439,2.625521149661778e-07,5637171177688138856
I_dark,-2.8000000000000003,9.58904338765352e-10,2486.667922677388,495.3304947031063,40.43386356777175,305.1954997344612,5.308068060398121e-07,13052852389533457310
I_dark,-0.8,1.016175641189933e-09,2547.6570837434488,498.1799092392847,42.56757336192149,293.18283111534566,1.732008427395597e-07,9151669764478585745
I_dark,-1.6,9.42387899986183e-10,2596.3418775504824,506.9916211367261,42.54178389838287,305.55199671356803,5.013069184845097e-07,3392607520233113049
I_dark,-1.8,1.1459805246638944e-09,2630.825732937456,497.4739907663986,41.26661222078493,300.2753689300697,3.576524847560791e-07,12849312948239067464
I_dark,-1.4,1.0455070732925304e-09,2552.705145034877,518.1497095238773,37.60227540602951,298.4772867617408,2.653070627241909e-07,13753303497944442308
I_dark,-0.4,1.0160850161999514e-09,2298.443581617521,494.46825331908406,37.50931802222772,308.1655826328421,2.832458242783504e-07,4552925917595615164
I_dark,-2.6,9.34880998874723e-10,2658.424632928369,469.5577205631138,37.334947088248434,294.43440760000914,2.651541163849996e-07,2804036452383970560
I_dark,-3.0,1.0050965165320695e-09,2414.3235243349927,515.5034020410067,40.79653471954481,301.4383600393062,4.241712106983813e-07,18237334030368139870
I_dark,-1.8,9.297325788733188e-10,2376.6983706631413,516.0358029995954,38.08606385532588,297.3563844788412,2.650031908658965e-07,3212080770719938515
I_dark,-2.6,1.0109417900146311e-09,2546.474062846718,483.0790058826933,38.96317500489286,311.33012415162744,7.233239414186692e-07,11587428247216890986
I_dark,-2.6,1.1154637147520875e-09,2350.383805501934,499.6014506673355,39.64774721352306,306.8220229508652,5.235717040978973e-07,15425818973916266975
I_dark,-0.4,8.920412889937107e-10,2700.220283946353,481.8164609958477,41.48473029075561,294.1535226587993,1.4731722327177469e-07,2447368541047246097
I_dark,-2.4000000000000004,9.634928280602635e-10,2455.009212271192,512.2369330710814,40.30940301281442,306.6726054586492,5.469066142970618e-07,9415233787243991652
I_dark,-3.0,1.1621717411232646e-09,2521.3696634346124,503.94444076752967,42.25069338145754,304.38892783295006,5.25446226668269e-07,4374302465450070181
I_dark,-0.8,9.89297888860932e-10,2413.8801533334354,510.75595836241,38.53132745549709,285.1813868750008,8.909420456464958e-08,6508029577517650568
I_dark,-3.0,1.104689398918354e-09,2572.8324404304963,485.2307246352714,40.714467773434976,300.93677074401546,4.231888466273919e-07,9216328605101287225
I_dark,-0.2,8.981476672986597e-10,2648.7144938153992,484.4392889131667,39.21209704786501,303.00410991721293,1.811294150436477e-07,10990274489596691850
I_dark,-1.2000000000000002,1.1421949243104863e-09,2464.085688286918,515.1290966367517,40.96326376678826,298.8654192354596,2.650364605124605e-07,12882774050561771087
I_dark,-0.2,9.118663996020179e-10,2651.95019435956,481.7408591707263,38.899871401178025,300.40158819211445,1.509090142515859e-07,17319768135093042826
I_dark,-0.8,1.011801650795657e-09,2503.197375042157,521.464297637573,42.04226242943757,288.6545802497056,1.251193563219954e-07,14082706842164037214
I_dark,-2.6,1.0692616090001279e-09,2445.881237248077,515.6238842072526,38.37558042728467,295.9516778251947,2.728309517994254e-07,2860266914913243763
I_dark,-0.6000000000000001,1.0284216851224184e-09,2501.257472196243,454.39559500401634,39.58517778577758,297.0863250737395,1.8356594124457625e-07,5302328922938549098
I_dark,-2.2,9.123213222215395e-10,2625.69228411366,506.617977618184,38.92442853409919,306.1252360546967,5.304386544924627e-07,2928394120619732261
I_dark,-2.8000000000000003,1.0789603531824067e-09,2367.1936347140645,478.9001778930339,37.12870103512795,297.3410066095633,2.8585486562838733e-07,4747465828158748725
I_dark,-2.6,1.1395831540373824e-09,2538.761869465952,510.72502895181066,40.87821813200619,300.974125232131,4.016569283580888e-07,3684234868495982631
I_dark,-1.6,1.0727653122619132e-09,2512.3283017034155,474.34077412964,42.74916053103488,290.5746947786968,1.892303993507885e-07,4757004652079025251
I_dark,-3.0,1.1201765668553064e-09,2329.913862262383,487.444276821995,41.61971486534147,298.1037724082114,3.3614513051129097e-07,10813817281839957845
I_dark,-2.2,8.589969950121182e-10,2505.474763633521,514.8627810246533,39.90795077029272,306.8673078749587,5.558156445948749e-07,8372103036707258832
I_dark,-2.2,1.011801650795657e-09,2503.197375042157,521.464297637573,42.04226242943757,288.6545802497056,1.848025312544594e-07,14082706842164037214
I_dark,-1.4,9.91880560193061e-10,2562.543459042286,488.1664551370801,40.47383155665718,295.6008889602198,2.4029560552299853e-07,16069905982438259650
I_dark,-2.0,1.0285344586119835e-09,2525.852161033123,522.4809638175516,38.89567254871546,292.9930878390376,2.188101724376036e-07,3933886296999063760
I_dark,-3.0,8.89459518994858e-10,2383.601346469497,502.4892009812192,38.55163090195673,309.2198732722366,6.422376856985327e-07,3483175946691254694
I_dark,-1.2000000000000002,9.664729913030388e-10,2627.7330466636663,506.9906344590098,40.06029068650691,301.1540677406581,3.2401808045539825e-07,8813459275462154891
I_dark,-2.4000000000000004,9.162514515645111e-10,2366.748252214537,515.4599435910573,36.43861892729903,303.676124223718,4.0724717337413706e-07,17492872546512810480
I_dark,-1.2000000000000002,1.0060692139373963e-09,2527.3807724384133,522.7157534573084,43.167246359099664,298.50956140834,2.8525408381307564e-07,1367897570274288222
I_dark,-1.4,1.0732744646319759e-09,2458.1779927472685,500.451348042105,41.29986197643443,296.3385514465405,2.4638139699149145e-07,15854623793106210877
I_dark,-1.0,1.0732744646319759e-09,2458.1779927472685,500.451348042105,41.29986197643443,296.3385514465405,2.154660926835529e-07,15854623793106210877
I_dark,-2.2,1.243555870393131e-09,2440.816535503744,483.6779599156501,38.81204244575611,302.5323056028984,3.805753715282922e-07,4261926717090881150
I_dark,-1.4,7.777840542828623e-10,2445.911024694583,482.1130919467457,41.27682283342508,300.8565986758517,3.487624227984832e-07,13149960228396626776
I_dark,-1.6,1.0272364839515192e-09,2572.148319494551,521.8227614311556,39.43236728729266,296.39638250989714,2.5779048118071017e-07,12816177013697617925
I_dark,-2.6,1.0732744646319759e-09,2458.1779927472685,500.451348042105,41.29986197643443,296.3385514465405,3.0224100203586e-07,15854623793106210877
I_dark,-0.2,9.570305915597544e-10,2609.011101819734,467.3507151496423,38.45876893881996,290.3471581734896,7.358035582162392e-08,14219469232104377133
I_dark,-1.0,9.682475573035431e-10,2330.6047518253104,479.0686974559265,41.64371883461047,301.63426669668445,2.951796418502985e-07,13640118791446356878
I_dark,-1.4,1.0727510291740675e-09,2408.6350240081065,515.7307920217833,36.322106531247385,300.55707391972635,2.757203250147055e-07,16501516911797089168
I_dark,-1.8,9.808684991835892e-10,2440.440905080504,475.02919518003887,43.13862383173334,296.64614602139693,2.9077677066103626e-07,10893922623691634355
I_dark,-2.4000000000000004,1.104689398918354e-09,2572.8324404304963,485.2307246352714,40.714467773434976,300.93677074401546,3.972082224792436e-07,9216328605101287225
I_dark,-2.0,8.979123523428992e-10,2531.360993910196,491.918494232159,35.793021097389925,308.86985058095934,5.454456712741304e-07,579736006479800074
I_dark,-1.2000000000000002,1.1774606839117e-09,2487.5677489208106,509.6158544320055,42.33569419095241,299.8381908200232,2.9166145685673464e-07,14988660033747214345
I_dark,-0.8,1.0806933086411387e-09,2604.781653428076,466.5836923998952,39.33731057072893,297.69705044733973,2.155055979725371e-07,3371631208540637995
I_dark,-0.6000000000000001,1.0803651442869379e-09,2531.060987167743,511.9316238370674,40.66002705988115,288.1838349540611,1.0524382672253077e-07,17485459239320075305
I_dark,-2.8000000000000003,1.066709170571727e-09,2302.646144768272,474.8978179470865,37.69553984942066,294.1521471075916,2.342126434609111e-07,3765765162242439701
I_dark,-0.8,8.762920771795992e-10,2597.67569731618,502.646286170094,38.978559546027874,295.06946514256083,1.872364385615775e-07,2033506848451370756
I_dark,-2.4000000000000004,9.928313705154955e-10,2556.196978076177,523.0189213691006,40.51326020590248,298.8914974420704,3.536904876730357e-07,903425415547655004
I_dark,-2.0,1.2225799825820127e-09,2598.953191343567,516.8045118894966,39.85430360518959,306.74502895459364,5.142031187902057e-07,17234994038809733169
I_dark,-0.4,9.16382362452114e-10,2549.3338723326283,483.7915671011157,41.484417545989686,302.7283665488111,2.444922972581247e-07,779010489516208886
I_dark,-1.2000000000000002,8.64757430416121e-10,2613.398572092139,483.2695161383806,39.73131063338137,294.42197627514213,2.1605497788113334e-07,1633077101789385956
I_dark,-1.8,1.066709170571727e-09,2302.646144768272,474.8978179470865,37.69553984942066,294.1521471075916,2.0436528928280845e-07,3765765162242439701
I_dark,-0.2,1.0806933086411387e-09,2604.781653428076,466.5836923998952,39.33731057072893,297.69705044733973,1.218512932353458e-07,3371631208540637995
I_dark,-1.2000000000000002,9.220148370062531e-10,2472.3739758500788,504.5088858703008,41.28793476116813,303.0641722996054,3.621683607442564e-07,7538273554073210114
I_dark,-2.0,1.243555870393131e-09,2440.816535503744,483.6779599156501,38.81204244575611,302.5323056028984,3.694227501869749e-07,4261926717090881150
I_dark,-1.0,9.663377701466595e-10,2642.527368087266,478.3559331791431,43.40306406282464,301.888862689621,3.439532692228405e-07,13304175874445473708
I_dark,-2.8000000000000003,1.011801650795657e-09,2503.197375042157,521.464297637573,42.04226242943757,288.6545802497056,1.9919970710236944e-07,14082706842164037214
I_dark,-1.4,1.000096056099185e-09,2446.239819629679,503.61049666576776,43.101977222602514,303.9832024614659,4.163937773460253e-07,13944279034983237670
I_dark,-1.8,1.1621717411232646e-09,2521.3696634346124,503.94444076752967,42.25069338145754,304.38892783295006,4.512237318864881e-07,4374302465450070181
I_dark,-2.2,9.525981103063824e-10,2521.0178569100235,513.1122387074643,39.33447860201831,299.4635962010897,3.465984690412997e-07,2217437892012799629
I_dark,-0.4,9.928313705154955e-10,2556.196978076177,523.0189213691006,40.51326020590248,298.8914974420704,1.843891273960669e-07,903425415547655004
I_dark,-2.0,8.762920771795992e-10,2597.67569731618,502.646286170094,38.978559546027874,295.06946514256083,2.652479198792934e-07,2033506848451370756
I_dark,-2.2,1.25959298622376e-09,2354.3009197629594,499.1918367180637,40.77134716523017,305.22981462209646,4.565355336087219e-07,128968913270984251
I_dark,-0.8,1.018423641836786e-09,2420.2103352289205,495.3862399264609,39.18777263938059,307.5354074756815,3.7650140795170683e-07,9985116505034206452
I_dark,-2.2,8.64757430416121e-10,2613.398572092139,483.2695161383806,39.73131063338137,294.42197627514213,2.69278475300648e-07,1633077101789385956
I_dark,-2.4000000000000004,1.0455070732925304e-09,2552.705145034877,518.1497095238773,37.60227540602951,298.4772867617408,3.1726365336072337e-07,13753303497944442308
I_dark,-1.6,1.1396379394271226e-09,2408.4924726992253,490.0725825278824,43.06550150160359,292.35304316269765,2.0315611276232762e-07,10954724855113224492
I_dark,-2.2,8.97240116378001e-10,2315.448379676966,519.850638103925,40.31160828282909,292.8565689112594,2.244508814452428e-07,222992878073105781
I_dark,-1.0,1.0375673846448864e-09,2379.4103992541063,496.85223216497695,39.047727684139495,305.18782525816323,3.4728101314154174e-07,3141391476646313355
I_dark,-2.4000000000000004,1.0849323731926979e-09,2551.147301026894,487.27717818808753,44.82712146868644,302.5978918999191,4.804961854404684e-07,17938021924088880075
I_dark,-2.6,1.0849323731926979e-09,2551.147301026894,487.27717818808753,44.82712146868644,302.5978918999191,4.917983162254204e-07,17938021924088880075
I_dark,-1.4,1.0849323731926979e-09,2551.147301026894,487.27717818808753,44.82712146868644,302.5978918999191,4.022603064939569e-07,17938021924088880075
I_dark,-0.8,9.67689959245767e-10,2498.119875502734,535.4265253830317,42.346830624956574,300.5747457097431,2.745160334139825e-07,7167329586276071870
I_dark,-1.2000000000000002,8.836751126639038e-10,2477.068135205752,531.0701614185327,43.11434944357355,296.9231984392292,2.626372101306602e-07,18058330792975761325
I_dark,-1.0,8.939439783837784e-10,2330.6189292196764,529.359956175692,38.57283152042447,302.4090006102026,2.934497370696664e-07,13197426831660621428
I_dark,-0.8,8.836751126639038e-10,2477.068135205752,531.0701614185327,43.11434944357355,296.9231984392292,2.244025547591121e-07,18058330792975761325
I_dark,-2.2,8.762920771795992e-10,2597.67569731618,502.646286170094,38.978559546027874,295.06946514256083,2.7338229110616333e-07,2033506848451370756
I_dark,-0.8,1.0705485436227222e-09,2590.7468930890127,531.0534862964538,41.61731424149927,306.85396396460635,4.005464408879709e-07,4155552024635161694
I_dark,-0.4,1.000096056099185e-09,2446.239819629679,503.61049666576776,43.101977222602514,303.9832024614659,2.625408720225279e-07,13944279034983237670
I_dark,-0.8,1.0073410050818803e-09,2574.374612551252,485.6872921198837,42.17824256593523,298.72995545788456,2.4615484249910925e-07,9029148243980292461
I_dark,-0.2,1.0368980362030106e-09,2588.682974046272,505.298163800807,40.78433779833217,301.9145433801493,1.681641655869833e-07,3703347433873037581
I_dark,-1.4,1.075576112436465e-09,2439.1914792405805,507.5653121861305,41.43318212059344,299.0815860986159,2.897237694544817e-07,8793357247245534573
I_dark,-0.2,9.136850961862703e-10,2400.1705034771794,499.3175315176618,39.85562670167986,300.93280864091923,1.4872437539822678e-07,689847661215077168
I_dark,-0.4,9.663377701466595e-10,2642.527368087266,478.3559331791431,43.40306406282464,301.888862689621,2.469329422720782e-07,13304175874445473708
I_dark,-0.2,1.1395831540373824e-09,2538.761869465952,510.72502895181066,40.87821813200619,300.974125232131,1.536864729550457e-07,3684234868495982631
I_dark,-0.4,8.97240116378001e-10,2315.448379676966,519.850638103925,40.31160828282909,292.8565689112594,1.1661985666681492e-07,222992878073105781
I_dark,-2.8000000000000003,1.0455070732925304e-09,2552.705145034877,518.1497095238773,37.60227540602951,298.4772867617408,3.316384292436445e-07,13753303497944442308
I_dark,-2.4000000000000004,1.000072357945733e-09,2615.067429542859,502.8265147659643,41.97319841319997,303.92619603855775,5.055691562086642e-07,2056914843148536795
I_dark,-2.4000000000000004,8.89459518994858e-10,2383.601346469497,502.4892009812192,38.55163090195673,309.2198732722366,6.041796804407581e-07,3483175946691254694
I_dark,-0.4,1.0732744646319759e-09,2458.1779927472685,500.451348042105,41.29986197643443,296.3385514465405,1.52211210578524e-07,15854623793106210877
I_dark,-3.0,9.143704143090119e-10,2444.5179463100326,473.4138143725302,40.94136333558407,299.94201571725745,3.993699628232765e-07,11714911050137312102
I_dark,-1.6,9.682475573035431e-10,2330.6047518253104,479.0686974559265,41.64371883461047,301.63426669668445,3.534010051608803e-07,13640118791446356878
I_dark,-1.8,9.525981103063824e-10,2521.0178569100235,513.1122387074643,39.33447860201831,299.4635962010897,3.253478486602416e-07,2217437892012799629
I_dark,-1.0,8.688108546297864e-10,2646.5653288453154,498.36187777461095,39.94029005251662,299.6218359156308,2.809103602362617e-07,6517130074721695667
I_dark,-3.0,8.354324428057497e-10,2430.182491588309,507.603602235917,36.73791801396338,295.61725668807514,2.7983468480839457e-07,10829525609740651031
I_dark,-2.4000000000000004,8.8914003988915e-10,2578.309809077789,484.4641187531683,42.13424050837239,300.34884642744885,4.148198659003951e-07,59563343903943478
I_dark,-1.2000000000000002,1.0044736023004086e-09,2276.4853940628345,486.8441992232576,38.23677890677304,298.10055132439214,2.275458382991186e-07,15363031408316951214
I_dark,-1.6,1.058962492367367e-09,2306.068264987093,513.3151002778768,40.55455133934368,303.4784744400111,3.7466876624596093e-07,11723817789070393620
I_dark,-2.0,1.0686494239643995e-09,2589.61306441484,507.5353543611665,40.55316862193092,296.6314874710408,2.897350656100773e-07,9728360064296503812
I_dark,-2.8000000000000003,1.1037395013588123e-09,2531.0169366346463,492.6438219382251,36.10636397779454,299.96382807834965,3.421084518697467e-07,5857788625354206728
I_dark,-1.8,9.798133860644783e-10,2446.0111249981446,493.4775434169566,39.325337668236735,299.6111127589073,3.188460434963106e-07,7157631882990673600
I_dark,-1.2000000000000002,1.1459805246638944e-09,2630.825732937456,497.4739907663986,41.26661222078493,300.2753689300697,3.087329559311547e-07,12849312948239067464
I_dark,-1.2000000000000002,1.0849323731926979e-09,2551.147301026894,487.27717818808753,44.82712146868644,302.5978918999191,3.791275430676052e-07,17938021924088880075
I_dark,-1.8,7.777840542828623e-10,2445.911024694583,482.1130919467457,41.27682283342508,300.8565986758517,3.808645837193974e-07,13149960228396626776
I_dark,-1.2000000000000002,9.525981103063824e-10,2521.0178569100235,513.1122387074643,39.33447860201831,299.4635962010897,2.8018335272017e-07,2217437892012799629
I_dark,-1.4,8.241763212999094e-10,2472.357675267654,473.84577322091,39.21856251436128,307.7679942040925,4.972468671280362e-07,14456930291123660273
I_dark,-1.8,1.1154637147520875e-09,2350.383805501934,499.6014506673355,39.64774721352306,306.8220229508652,4.70041370458657e-07,15425818973916266975
I_dark,-1.8,8.920412889937107e-10,2700.220283946353,481.8164609958477,41.48473029075561,294.1535226587993,2.625605076635647e-07,2447368541047246097
I_dark,-3.0,9.34880998874723e-10,2658.424632928369,469.5577205631138,37.334947088248434,294.43440760000914,2.762221742677248e-07,2804036452383970560
I_dark,-2.0,1.0671658198705112e-09,2444.626831258547,492.08006432381046,41.193035529790656,301.7038514591378,3.853568528788542e-07,10743645008157788724
I_dark,-0.6000000000000001,9.60969170700449e-10,2766.6918918406623,529.8468751484584,39.61181207182135,297.3307652107198,2.0426226766092763e-07,6563696386679920944
I_dark,-1.0,9.920951194363948e-10,2484.0228854962547,482.5603784265586,38.422268984819695,304.0303353891022,3.318436396105028e-07,2314355766595058403
I_dark,-2.6,1.016175641189933e-09,2547.6570837434488,498.1799092392847,42.56757336192149,293.18283111534566,2.661944209054768e-07,9151669764478585745
I_dark,-1.0,1.1395831540373824e-09,2538.761869465952,510.72502895181066,40.87821813200619,300.974125232131,2.881140661610853e-07,3684234868495982631
I_dark,-2.4000000000000004,1.0676002138658572e-09,2409.8209682971515,478.7831941058398,39.56928699408093,298.75903253628616,3.2281039568688164e-07,3193110456536102066
I_dark,-1.0,1.011801650795657e-09,2503.197375042157,521.464297637573,42.04226242943757,288.6545802497056,1.3606687649771224e-07,14082706842164037214
I_dark,-3.0,1.0060692139373963e-09,2527.3807724384133,522.7157534573084,43.167246359099664,298.50956140834,3.882787591823576e-07,1367897570274288222
I_dark,-2.6,8.688108546297864e-10,2646.5653288453154,498.36187777461095,39.94029005251662,299.6218359156308,3.9397202163539044e-07,6517130074721695667
I_dark,-2.8000000000000003,1.0976147775803618e-09,2495.918019735696,486.14991613464105,39.05845567786759,297.2376267822416,3.109199865791336e-07,3779633422659776445
I_dark,-2.2,9.581806245172891e-10,2592.420375814081,497.997415088655,37.83724802001972,293.41915116225954,2.3350616323627426e-07,17533524623644286140
I_dark,-0.6000000000000001,1.2225745089622023e-09,2432.279761567632,478.07469592026655,37.79561575023349,300.3431374384869,2.0522782705176737e-07,2216844718377656366
I_dark,-0.4,9.50582857470194e-10,2403.738957653681,492.6388454667692,37.10727035463277,300.4554170460457,1.795200203810888e-07,9184494546452176042
I_dark,-1.8,9.603042271636284e-10,2438.0715583385486,503.6957420101608,43.08491203323523,298.5763734449834,3.289244488844108e-07,2124884718484563516
I_dark,-2.4000000000000004,1.032683367538443e-09,2526.170348943833,478.8149532207128,42.09307571557734,293.4443281911712,2.58139001163443e-07,12981595077382156139
I_dark,-2.8000000000000003,1.117839944989197e-09,2400.8118901118505,474.17775422532,39.11984591644459,301.1260229250646,3.805365163731361e-07,5355939635520617484
I_dark,-1.8,1.0806933086411387e-09,2604.781653428076,466.5836923998952,39.33731057072893,297.69705044733973,2.922323764913552e-07,3371631208540637995
I_dark,-2.4000000000000004,9.16382362452114e-10,2549.3338723326283,483.7915671011157,41.484417545989686,302.7283665488111,4.643625189609193e-07,779010489516208886
I_dark,-0.2,1.0160850161999514e-09,2298.443581617521,494.46825331908406,37.50931802222772,308.1655826328421,2.1437806835465259e-07,4552925917595615164
I_dark,-1.2000000000000002,1.0572981218607252e-09,2430.584690541649,514.3340907827966,41.04225055349912,296.5414644902,2.320699411497193e-07,16130397955524846863
I_dark,-2.0,1.0284216851224184e-09,2501.257472196243,454.39559500401634,39.58517778577758,297.0863250737395,2.8633023207535564e-07,5302328922938549098
I_dark,-2.8000000000000003,1.2307353848142815e-09,2445.249484887284,482.48119148575233,42.87746783295031,307.55593866537106,6.090929657437677e-07,15038946426069692038
I_dark,-0.8,1.089765313742217e-09,2571.102793798516,524.9230612365601,38.57048554783602,303.1708876105774,2.944099219728858e-07,4835108955857078241
I_dark,-2.2,1.1154637147520875e-09,2350.383805501934,499.6014506673355,39.64774721352306,306.8220229508652,4.993966186910582e-07,15425818973916266975
I_dark,-1.0,9.143704143090119e-10,2444.5179463100326,473.4138143725302,40.94136333558407,299.94201571725745,2.738738953740066e-07,11714911050137312102
I_dark,-2.0,1.0147448677929011e-09,2607.8117384734032,505.1107398178068,40.31257836583995,298.21936914217434,3.225936810034449e-07,833253205382390921
I_dark,-1.0,8.354324428057497e-10,2430.182491588309,507.603602235917,36.73791801396338,295.61725668807514,1.8990350847735322e-07,10829525609740651031
I_dark,-1.0,8.931040101417876e-10,2540.0923303514373,529.7791096206541,38.25394170360681,296.3367780179062,2.1212457723598801e-07,7126979072579706712
I_dark,-2.2,1.0849323731926979e-09,2551.147301026894,487.27717818808753,44.82712146868644,302.5978918999191,4.68104689293054e-07,17938021924088880075
I_dark,-0.6000000000000001,1.0705485436227222e-09,2590.7468930890127,531.0534862964538,41.61731424149927,306.85396396460635,3.640474610458166e-07,4155552024635161694
I_dark,-1.4,8.4981307882089e-10,2622.111610500832,493.1418777793542,40.32755095458103,299.70047987606006,3.250547553179392e-07,5127878088967066821
I_dark,-2.6,1.2307353848142815e-09,2445.249484887284,482.48119148575233,42.87746783295031,307.55593866537106,5.966410685127877e-07,15038946426069692038
I_dark,-1.2000000000000002,8.688108546297864e-10,2646.5653288453154,498.36187777461095,39.94029005251662,299.6218359156308,3.018125336594749e-07,6517130074721695667
I_dark,-1.6,9.798133860644783e-10,2446.0111249981446,493.4775434169566,39.325337668236735,299.6111127589073,3.0646114640326337e-07,7157631882990673600
I_dark,-0.4,9.979877857013674e-10,2496.537246315292,510.00187244466247,38.795972505421744,297.7961123434831,1.613335956162552e-07,1378160361063041439
I_dark,-0.8,9.304065850268983e-10,2472.4930947482308,495.539662311,41.9345213676303,296.5403011366731,2.095727985239495e-07,1906069974405082520
I_dark,-2.4000000000000004,9.725086180844783e-10,2468.017331565751,490.28733545372194,44.50977871149023,303.263152322465,4.964739657018035e-07,3744802582600429992
I_dark,-1.2000000000000002,1.0352580576007263e-09,2678.9547588546675,473.131828680381,34.826156523967086,290.8089263982084,1.476286057912322e-07,603198139025932464
I_dark,-0.2,8.589969950121182e-10,2505.474763633521,514.8627810246533,39.90795077029272,306.8673078749587,2.2998469937676825e-07,8372103036707258832
I_dark,-0.8,1.0352580576007263e-09,2678.9547588546675,473.131828680381,34.826156523967086,290.8089263982084,1.2584644365175246e-07,603198139025932464
I_dark,-0.2,9.926993823896762e-10,2332.1716999604114,489.929360905385,39.90607827400121,296.137708789732,1.0364049820402669e-07,8562678507013604755
I_dark,-2.0,9.634928280602635e-10,2455.009212271192,512.2369330710814,40.30940301281442,306.6726054586492,5.180763768832686e-07,9415233787243991652
I_dark,-0.4,8.8914003988915e-10,2578.309809077789,484.4641187531683,42.13424050837239,300.34884642744885,2.1614849307957565e-07,59563343903943478
I_dark,-3.0,9.725086180844783e-10,2468.017331565751,490.28733545372194,44.50977871149023,303.263152322465,5.283890225544136e-07,3744802582600429992
I_dark,-0.6000000000000001,1.2307353848142815e-09,2445.249484887284,482.48119148575233,42.87746783295031,307.55593866537106,3.6644897253015017e-07,15038946426069692038
I_dark,-3.0,1.1065063764088472e-09,2603.202340784687,488.6799605874269,40.68035124967265,296.73843693227377,3.301436124651293e-07,2359625090975412513
I_dark,-0.6000000000000001,1.1459805246638944e-09,2630.825732937456,497.4739907663986,41.26661222078493,300.2753689300697,2.39851439154746e-07,12849312948239067464
I_dark,-0.4,9.775160845782078e-10,2577.8004715918664,488.1533623282412,40.35879763032958,294.16913853899604,1.35981856778259e-07,6898913632721408619
I_dark,-2.2,1.0692616090001279e-09,2445.881237248077,515.6238842072526,38.37558042728467,295.9516778251947,2.59297252545616e-07,2860266914913243763
I_dark,-1.8,1.0727653122619132e-09,2512.3283017034155,474.34077412964,42.74916053103488,290.5746947786968,1.9732531894250922e-07,4757004652079025251
I_dark,-1.0,9.634928280602635e-10,2455.009212271192,512.2369330710814,40.30940301281442,306.6726054586492,4.055036741009486e-07,9415233787243991652
I_dark,-2.6,9.570305915597544e-10,2609.011101819734,467.3507151496423,38.45876893881996,290.3471581734896,2.074325371996725e-07,14219469232104377133
I_dark,-0.2,1.0882818479532783e-09,2447.508764517909,466.8571183944717,43.278933930679706,307.8168200832177,2.504867380768234e-07,3262830124868165494
I_dark,-2.0,9.581806245172891e-10,2592.420375814081,497.997415088655,37.83724802001972,293.41915116225954,2.2632910749807878e-07,17533524623644286140
I_dark,-1.4,9.570305915597544e-10,2609.011101819734,467.3507151496423,38.45876893881996,290.3471581734896,1.678837872789749e-07,14219469232104377133
I_dark,-0.2,1.0272364839515192e-09,2572.148319494551,521.8227614311556,39.43236728729266,296.39638250989714,1.118594442041358e-07,12816177013697617925
I_dark,-2.0,8.622252758820395e-10,2596.9228583838576,499.2028055441836,37.99663516660689,298.18972265332246,3.131584449744176e-07,7681735671422946543
I_dark,-2.0,1.120623623770265e-09,2459.871490367434,512.0011452017391,38.21649432972869,303.56534322943094,3.9813667457503097e-07,2671493380122846465
I_dark,-3.0,1.08604047901988e-09,2575.5622449220923,476.6697423761544,40.75046782180591,305.2870639056014,5.509044267359452e-07,17451691503515762550
I_dark,-2.6,9.979877857013674e-10,2496.537246315292,510.00187244466247,38.795972505421744,297.7961123434831,3.181947972324029e-07,1378160361063041439
I_dark,-2.0,1.013177684158949e-09,2549.0982526102403,506.5025106580401,39.7132385315927,304.62183232922587,4.602335895948377e-07,14934561482547682078
I_dark,-0.6000000000000001,9.244750759855351e-10,2606.766252024905,514.7015322051607,39.36697999872778,300.425811364213,2.378097935242891e-07,13867644369009061341
I_dark,-3.0,9.808684991835892e-10,2440.440905080504,475.02919518003887,43.13862383173334,296.64614602139693,3.3922745335213613e-07,10893922623691634355
I_dark,-0.6000000000000001,9.725086180844783e-10,2468.017331565751,490.28733545372194,44.50977871149023,303.263152322465,3.058416488905518e-07,3744802582600429992
I_dark,-0.4,9.162514515645111e-10,2366.748252214537,515.4599435910573,36.43861892729903,303.676124223718,2.1581321170856418e-07,17492872546512810480
I_dark,-0.6000000000000001,8.939439783837784e-10,2330.6189292196764,529.359956175692,38.57283152042447,302.4090006102026,2.442844096367746e-07,13197426831660621428
I_dark,-2.0,1.0050965165320695e-09,2414.3235243349927,515.5034020410067,40.79653471954481,301.4383600393062,3.771368201198184e-07,18237334030368139870
I_dark,-0.8,9.664729913030388e-10,2627.7330466636663,506.9906344590098,40.06029068650691,301.1540677406581,2.7876864103171735e-07,8813459275462154891
I_dark,-3.0,9.612679185080118e-10,2493.7557151613,504.62150372842615,37.39117268896573,297.8667082132286,3.2306783845870173e-07,433422742429117681
I_dark,-0.2,8.8914003988915e-10,2578.309809077789,484.4641187531683,42.13424050837239,300.34884642744885,1.5984932080774434e-07,59563343903943478
I_dark,-2.8000000000000003,1.0284216851224184e-09,2501.257472196243,454.39559500401634,39.58517778577758,297.0863250737395,3.166406884968778e-07,5302328922938549098
I_dark,-1.0,1.0050965165320695e-09,2414.3235243349927,515.5034020410067,40.79653471954481,301.4383600393062,2.932731451704842e-07,18237334030368139870
I_dark,-0.8,9.926993823896762e-10,2332.1716999604114,489.929360905385,39.90607827400121,296.137708789732,1.8430128969600329e-07,8562678507013604755
I_dark,-1.2000000000000002,1.013177684158949e-09,2549.0982526102403,506.5025106580401,39.7132385315927,304.62183232922587,3.847914188551716e-07,14934561482547682078
I_dark,-1.4,8.595939611542648e-10,2643.7199291480506,484.396762738386,41.95641496228942,305.9180523366615,4.954738984115404e-07,15230833052760599040
I_dark,-0.2,9.54751015148706e-10,2385.841355900724,509.52056648049273,41.08562699346509,303.58650370690776,1.805704079524385e-07,7884238669149658161
I_dark,-0.6000000000000001,1.020786601528739e-09,2414.9946347184086,525.5036010755978,41.93453001893169,295.92616711681853,1.7561629139309176e-07,12935788499417564366
I_dark,-0.8,1.1395831540373824e-09,2538.761869465952,510.72502895181066,40.87821813200619,300.974125232131,2.661684899910007e-07,3684234868495982631
I_dark,-2.2,1.0663734802785015e-09,2646.766281337793,486.2018595083384,41.79339850063371,299.641349014439,3.779706783646745e-07,5637171177688138856
I_dark,-1.0,8.241763212999094e-10,2472.357675267654,473.84577322091,39.21856251436128,307.7679942040925,4.377845350538744e-07,14456930291123660273
I_dark,-1.4,9.775160845782078e-10,2577.8004715918664,488.1533623282412,40.35879763032958,294.16913853899604,2.2189895461806698e-07,6898913632721408619
I_dark,-2.2,1.2225745089622023e-09,2432.279761567632,478.07469592026655,37.79561575023349,300.3431374384869,3.256089940799128e-07,2216844718377656366
I_dark,-2.4000000000000004,1.089765313742217e-09,2571.102793798516,524.9230612365601,38.57048554783602,303.1708876105774,4.311761984322575e-07,4835108955857078241
I_dark,-2.0,1.089765313742217e-09,2571.102793798516,524.9230612365601,38.57048554783602,303.1708876105774,4.08280885240115e-07,4835108955857078241
I_dark,-0.4,1.08604047901988e-09,2575.5622449220923,476.6697423761544,40.75046782180591,305.2870639056014,2.768060443962299e-07,17451691503515762550
I_dark,-0.8,8.97240116378001e-10,2315.448379676966,519.850638103925,40.31160828282909,292.8565689112594,1.5304526305192008e-07,222992878073105781
I_dark,-2.4000000000000004,9.304065850268983e-10,2472.4930947482308,495.539662311,41.9345213676303,296.5403011366731,3.133031128857889e-07,1906069974405082520
I_dark,-2.2,1.000096056099185e-09,2446.239819629679,503.61049666576776,43.101977222602514,303.9832024614659,4.823918942847173e-07,13944279034983237670
I_dark,-0.2,1.0933784852654091e-09,2410.884334287086,539.0569290920441,39.62193192256099,289.3285700165644,6.509422051179474e-08,16519722322841066187
I_dark,-2.0,9.55415883814233e-10,2578.1734587821948,522.0121395253278,38.42173874228168,293.06092698472065,2.2389995568995215e-07,7069279127234648490
I_dark,-1.2000000000000002,1.08604047901988e-09,2575.5622449220923,476.6697423761544,40.75046782180591,305.2870639056014,4.11743648640272e-07,17451691503515762550
I_dark,-2.4000000000000004,1.1154637147520875e-09,2350.383805501934,499.6014506673355,39.64774721352306,306.8220229508652,5.12015984936489e-07,15425818973916266975
I_dark,-0.8,1.0025105539620802e-09,2526.9743060678943,509.1946075584183,40.75166342427999,301.0515477079729,2.715887762888901e-07,15180030701036252205
I_dark,-2.0,9.596807973870107e-10,2396.380469719385,547.2442070596833,39.34847113068841,298.5552181462747,3.05945485265407e-07,16164245777420927440
I_dark,-0.6000000000000001,9.798133860644783e-10,2446.0111249981446,493.4775434169566,39.325337668236735,299.6111127589073,2.125246120215337e-07,7157631882990673600
I_dark,-1.0,1.006299553709699e-09,2596.53014928976,491.578961058072,40.01001805266426,305.28831051478386,3.828814529430299e-07,6325844468188908084
I_dark,-1.6,9.32148229008894e-10,2545.124905053194,512.7371789301767,40.07870713980076,299.5411124372077,3.222202192056312e-07,7464429288297915064
I_dark,-0.2,7.777840542828623e-10,2445.911024694583,482.1130919467457,41.27682283342508,300.8565986758517,1.6009873019672206e-07,13149960228396626776
I_dark,-0.8,1.0676002138658572e-09,2409.8209682971515,478.7831941058398,39.56928699408093,298.75903253628616,2.1753566446662682e-07,3193110456536102066
I_dark,-2.6,9.85546704036472e-10,2573.0239327697072,479.3922741661716,39.9154735600532,295.8292447353602,2.982738575172945e-07,12112510911978131146
I_dark,-1.2000000000000002,1.075576112436465e-09,2439.1914792405805,507.5653121861305,41.43318212059344,299.0815860986159,2.72586714381826e-07,8793357247245534573
I_dark,-0.6000000000000001,1.0060692139373963e-09,2527.3807724384133,522.7157534573084,43.167246359099664,298.50956140834,2.215890962452296e-07,1367897570274288222
I_dark,-2.0,1.0663734802785015e-09,2646.766281337793,486.2018595083384,41.79339850063371,299.641349014439,3.669338442634504e-07,5637171177688138856
I_dark,-0.4,1.0455070732925304e-09,2552.705145034877,518.1497095238773,37.60227540602951,298.4772867617408,1.648260427657597e-07,13753303497944442308
I_dark,-1.2000000000000002,9.595802013951228e-10,2610.2949574222403,489.9218602044182,42.219532217947325,302.0841812978663,3.6031950931278963e-07,11643629726484600332
I_dark,-1.2000000000000002,1.1395831540373824e-09,2538.761869465952,510.72502895181066,40.87821813200619,300.974125232131,3.088587114786655e-07,3684234868495982631
I_dark,-1.8,1.104689398918354e-09,2572.8324404304963,485.2307246352714,40.714467773434976,300.93677074401546,3.634083153541434e-07,9216328605101287225
I_dark,-0.6000000000000001,1.0147448677929011e-09,2607.8117384734032,505.1107398178068,40.31257836583995,298.21936914217434,2.07833772335827e-07,833253205382390921
I_dark,-3.0,9.581806245172891e-10,2592.420375814081,497.997415088655,37.83724802001972,293.41915116225954,2.562913465353685e-07,17533524623644286140
I_dark,-1.0,9.136850961862703e-10,2400.1705034771794,499.3175315176618,39.85562670167986,300.93280864091923,2.7985324027475664e-07,689847661215077168
I_dark,-0.8,1.1064539714677527e-09,2488.434465234489,500.4335716276796,41.129719458135625,288.0815978442095,1.153558829733838e-07,4253972365711734043
I_dark,-0.8,1.1037395013588123e-09,2531.0169366346463,492.6438219382251,36.10636397779454,299.96382807834965,2.2123817539540722e-07,5857788625354206728
I_dark,-1.4,9.67689959245767e-10,2498.119875502734,535.4265253830317,42.346830624956574,300.5747457097431,3.398163343336408e-07,7167329586276071870
I_dark,-1.8,8.058950792540601e-10,2412.212725535436,472.1154567367515,38.858183000543626,295.7855807653235,2.5764789291827775e-07,7296031158140813817
I_dark,-2.6,1.0050101529814667e-09,2449.206992526188,478.70441149946606,40.80112322251315,299.2329513672896,3.6006514938041266e-07,15255519671477510073
I_dark,-2.8000000000000003,8.599648780937921e-10,2637.8899539670565,501.9551856304757,39.90381821426863,300.9815905741297,4.363616715202302e-07,14435728251762431223
I_dark,-1.2000000000000002,8.599648780937921e-10,2637.8899539670565,501.9551856304757,39.90381821426863,300.9815905741297,3.2800396200496054e-07,14435728251762431223
I_dark,-2.6,1.1774606839117e-09,2487.5677489208106,509.6158544320055,42.33569419095241,299.8381908200232,3.799404287489244e-07,14988660033747214345
I_dark,-1.8,8.584521018906483e-10,2718.2749419682723,482.1832227724541,38.88005077046229,301.691940704981,3.967985771253394e-07,3494250555080783753
I_dark,-1.4,9.525981103063824e-10,2521.0178569100235,513.1122387074643,39.33447860201831,299.4635962010897,2.9779066499025986e-07,2217437892012799629
I_dark,-1.0,1.1396379394271226e-09,2408.4924726992253,490.0725825278824,43.06550150160359,292.35304316269765,1.683032622503951e-07,10954724855113224492
I_dark,-1.4,8.89459518994858e-10,2383.601346469497,502.4892009812192,38.55163090195673,309.2198732722366,5.09953714161297e-07,3483175946691254694
I_dark,-2.6,9.634928280602635e-10,2455.009212271192,512.2369330710814,40.30940301281442,306.6726054586492,5.594116430118998e-07,9415233787243991652
I_dark,-1.0,9.775160845782078e-10,2577.8004715918664,488.1533623282412,40.35879763032958,294.16913853899604,1.9353634753940906e-07,6898913632721408619
I_dark,-1.4,1.0933784852654091e-09,2410.884334287086,539.0569290920441,39.62193192256099,289.3285700165644,1.4736382792024233e-07,16519722322841066187
I_dark,-0.2,8.688108546297864e-10,2646.5653288453154,498.36187777461095,39.94029005251662,299.6218359156308,1.4813471077070517e-07,6517130074721695667
I_dark,-2.2,9.570305915597544e-10,2609.011101819734,467.3507151496423,38.45876893881996,290.3471581734896,1.970869825863193e-07,14219469232104377133
I_dark,-2.0,1.0991618704794608e-09,2475.161456337068,505.0064403774024,34.84085283436253,301.39850617403,3.212199631645672e-07,4837710515318421738
I_dark,-2.0,9.89963136259949e-10,2542.7024133885266,503.0087467521194,39.0211226249472,305.0510216058231,4.651789466783286e-07,380264510751012186
I_dark,-0.2,9.454134520298419e-10,2570.8338282332857,490.849029568548,38.28868089781682,299.0569098093356,1.3147578902106442e-07,8778145279652222064
I_dark,-1.4,1.0976147775803618e-09,2495.918019735696,486.14991613464105,39.05845567786759,297.2376267822416,2.483595796174564e-07,3779633422659776445
I_dark,-1.6,1.1064539714677527e-09,2488.434465234489,500.4335716276796,41.129719458135625,288.0815978442095,1.5204997014048074e-07,4253972365711734043
I_dark,-0.2,8.584521018906483e-10,2718.2749419682723,482.1832227724541,38.88005077046229,301.691940704981,1.6921710848725845e-07,3494250555080783753
I_dark,-1.8,8.4981307882089e-10,2622.111610500832,493.1418777793542,40.32755095458103,299.70047987606006,3.557754172130236e-07,5127878088967066821
I_dark,-2.6,1.1065063764088472e-09,2603.202340784687,488.6799605874269,40.68035124967265,296.73843693227377,3.167361726757777e-07,2359625090975412513
I_dark,-0.2,1.117839944989197e-09,2400.8118901118505,474.17775422532,39.11984591644459,301.1260229250646,1.427662438697141e-07,5355939635520617484
I_dark,-0.4,9.612679185080118e-10,2493.7557151613,504.62150372842615,37.39117268896573,297.8667082132286,1.5711003743593396e-07,433422742429117681
I_dark,-1.2000000000000002,8.762920771795992e-10,2597.67569731618,502.646286170094,38.978559546027874,295.06946514256083,2.1946755440839946e-07,2033506848451370756
I_dark,-0.2,9.143704143090119e-10,2444.5179463100326,473.4138143725302,40.94136333558407,299.94201571725745,1.4489041731176633e-07,11714911050137312102
I_dark,-1.6,1.25959298622376e-09,2354.3009197629594,499.1918367180637,40.77134716523017,305.22981462209646,4.133787918766402e-07,128968913270984251
I_dark,-3.0,1.0071535471770136e-09,2369.635821802133,538.5091665951578,40.65637295368661,296.23853018587084,3.03160968127614e-07,6305389621858259219
I_dark,-1.0,1.0574423663675307e-09,2585.038533860248,471.3266920396063,42.543125490608695,301.3994726877767,3.1664674176152535e-07,2832837163574657009
I_dark,-1.8,8.595939611542648e-10,2643.7199291480506,484.396762738386,41.95641496228942,305.9180523366615,5.402285915957241e-07,15230833052760599040
I_dark,-0.6000000000000001,1.0991618704794608e-09,2475.161456337068,505.0064403774024,34.84085283436253,301.39850617403,2.086002115855585e-07,4837710515318421738
I_dark,-1.2000000000000002,8.241763212999094e-10,2472.357675267654,473.84577322091,39.21856251436128,307.7679942040925,4.68967378214795e-07,14456930291123660273
I_dark,-0.2,1.0574423663675307e-09,2585.038533860248,471.3266920396063,42.543125490608695,301.3994726877767,1.689202037614364e-07,2832837163574657009
I_dark,-0.4,1.1459805246638944e-09,2630.825732937456,497.4739907663986,41.26661222078493,300.2753689300697,2.0514486076074369e-07,12849312948239067464
I_dark,-2.0,8.589969950121182e-10,2505.474763633521,514.8627810246533,39.90795077029272,306.8673078749587,5.400788252681216e-07,8372103036707258832
I_dark,-1.2000000000000002,9.603042271636284e-10,2438.0715583385486,503.6957420101608,43.08491203323523,298.5763734449834,2.8293732352963297e-07,2124884718484563516
I_dark,-2.2,8.920412889937107e-10,2700.220283946353,481.8164609958477,41.48473029075561,294.1535226587993,2.80708159074442e-07,2447368541047246097
I_dark,-2.8000000000000003,9.775160845782078e-10,2577.8004715918664,488.1533623282412,40.35879763032958,294.16913853899604,2.788427065845636e-07,6898913632721408619
I_dark,-2.0,9.63679966987411e-10,2457.046368424285,519.0454313677445,40.52844947169319,303.263443359763,4.268509654402218e-07,17951410366048416543
I_dark,-0.2,1.0942344693420075e-09,2360.838758300681,491.3731844386217,39.51420947268076,305.7035776891924,1.9320449935103057e-07,3134241803077969267
I_dark,-0.4,9.725086180844783e-10,2468.017331565751,490.28733545372194,44.50977871149023,303.263152322465,2.622522914678816e-07,3744802582600429992
I_dark,-3.0,1.0933784852654091e-09,2410.884334287086,539.0569290920441,39.62193192256099,289.3285700165644,1.9100465693718778e-07,16519722322841066187
I_dark,-0.2,1.1621717411232646e-09,2521.3696634346124,503.94444076752967,42.25069338145754,304.38892783295006,1.9768072012847872e-07,4374302465450070181
I_dark,-1.0,1.058962492367367e-09,2306.068264987093,513.3151002778768,40.55455133934368,303.4784744400111,3.140443738409472e-07,11723817789070393620
I_dark,-0.2,1.25959298622376e-09,2354.3009197629594,499.1918367180637,40.77134716523017,305.22981462209646,1.88614976988495e-07,128968913270984251
I_dark,-1.0,8.979123523428992e-10,2531.360993910196,491.918494232159,35.793021097389925,308.86985058095934,4.292727680249944e-07,579736006479800074
I_dark,-2.0,9.344027379399094e-10,2510.734791451186,511.4018674256231,36.36815079533651,301.4558439858307,3.502730477869618e-07,13370015301709921327
I_dark,-2.6,1.1064539714677527e-09,2488.434465234489,500.4335716276796,41.129719458135625,288.0815978442095,1.7944333640995844e-07,4253972365711734043
I_dark,-1.8,1.0732744646319759e-09,2458.1779927472685,500.451348042105,41.29986197643443,296.3385514465405,2.695882683302465e-07,15854623793106210877
I_dark,-1.8,1.2307353848142815e-09,2445.249484887284,482.48119148575233,42.87746783295031,307.55593866537106,5.345867693061831e-07,15038946426069692038
I_dark,-0.4,1.1154637147520875e-09,2350.383805501934,499.6014506673355,39.64774721352306,306.8220229508652,2.7569888594278017e-07,15425818973916266975
I_dark,-0.6000000000000001,8.241763212999094e-10,2472.357675267654,473.84577322091,39.21856251436128,307.7679942040925,3.6748220285368e-07,14456930291123660273
I_dark,-0.8,8.981476672986597e-10,2648.7144938153992,484.4392889131667,39.21209704786501,303.00410991721293,3.12344091096927e-07,10990274489596691850
I_dark,-0.8,1.0284216851224184e-09,2501.257472196243,454.39559500401634,39.58517778577758,297.0863250737395,2.036100615706115e-07,5302328922938549098
I_dark,-2.2,1.0203477325736783e-09,2420.870896846657,485.827773341465,41.83782044136868,301.83723728961854,4.056558502967122e-07,4106527973129540887
I_dark,-0.6000000000000001,9.85546704036472e-10,2573.0239327697072,479.3922741661716,39.9154735600532,295.8292447353602,1.7583892224712533e-07,12112510911978131146
I_dark,-1.4,1.011801650795657e-09,2503.197375042157,521.464297637573,42.04226242943757,288.6545802497056,1.5660893966757066e-07,14082706842164037214
I_dark,-0.6000000000000001,9.454134520298419e-10,2570.8338282332857,490.849029568548,38.28868089781682,299.0569098093356,2.089178728971616e-07,8778145279652222064
I_dark,-0.6000000000000001,1.058962492367367e-09,2306.068264987093,513.3151002778768,40.55455133934368,303.4784744400111,2.632613094701143e-07,11723817789070393620
I_dark,-0.6000000000000001,1.0941860864671191e-09,2539.112215454232,503.69324532533454,39.339075937042885,294.39428351617613,1.5357739642341897e-07,12823118457006761398
I_dark,-3.0,1.066709170571727e-09,2302.646144768272,474.8978179470865,37.69553984942066,294.1521471075916,2.388366680408693e-07,3765765162242439701
I_dark,-2.8000000000000003,7.516487326049726e-10,2475.0294016619155,481.8667099014746,36.16652897024234,304.10393187120707,4.6884239815328694e-07,4556256472297801959
I_dark,-0.8,1.0692616090001279e-09,2445.881237248077,515.6238842072526,38.37558042728467,295.9516778251947,1.783933003741459e-07,2860266914913243763
I_dark,-1.8,1.020786601528739e-09,2414.9946347184086,525.5036010755978,41.93453001893169,295.92616711681853,2.647449437866792e-07,12935788499417564366
I_dark,-1.2000000000000002,1.011801650795657e-09,2503.197375042157,521.464297637573,42.04226242943757,288.6545802497056,1.4666652056412728e-07,14082706842164037214
I_dark,-0.6000000000000001,9.525981103063824e-10,2521.0178569100235,513.1122387074643,39.33447860201831,299.4635962010897,2.1667005496070229e-07,2217437892012799629
I_dark,-1.4,1.0511173572717443e-09,2495.130349883853,523.8477826070769,41.27631172344517,301.59948365785385,3.445950699046749e-07,7136007211031035799
I_dark,-1.0,9.16382362452114e-10,2549.3338723326283,483.7915671011157,41.484417545989686,302.7283665488111,3.425318697677111e-07,779010489516208886
I_dark,-2.8000000000000003,8.589969950121182e-10,2505.474763633521,514.8627810246533,39.90795077029272,306.8673078749587,5.950718529986205e-07,8372103036707258832
I_dark,-1.4,9.595802013951228e-10,2610.2949574222403,489.9218602044182,42.219532217947325,302.0841812978663,3.82634532929433e-07,11643629726484600332
I_dark,-0.2,1.0686494239643995e-09,2589.61306441484,507.5353543611665,40.55316862193092,296.6314874710408,1.167403523370914e-07,9728360064296503812
I_dark,-2.2,1.1396379394271226e-09,2408.4924726992253,490.0725825278824,43.06550150160359,292.35304316269765,2.2674221258469322e-07,10954724855113224492
I_dark,-2.8000000000000003,1.1395831540373824e-09,2538.761869465952,510.72502895181066,40.87821813200619,300.974125232131,4.1028082776998363e-07,3684234868495982631
I_dark,-0.8,9.725086180844783e-10,2468.017331565751,490.28733545372194,44.50977871149023,303.263152322465,3.3823483291934053e-07,3744802582600429992
I_dark,-0.6000000000000001,1.0676002138658572e-09,2409.8209682971515,478.7831941058398,39.56928699408093,298.75903253628616,1.968453501470895e-07,3193110456536102066
I_dark,-3.0,9.54751015148706e-10,2385.841355900724,509.52056648049273,41.08562699346509,303.58650370690776,4.848353623409547e-07,7884238669149658161
I_dark,-0.8,1.0789603531824067e-09,2367.1936347140645,478.9001778930339,37.12870103512795,297.3410066095633,1.836094330526841e-07,4747465828158748725
I_dark,-1.6,8.688108546297864e-10,2646.5653288453154,498.36187777461095,39.94029005251662,299.6218359156308,3.373899478951424e-07,6517130074721695667
I_dark,-0.6000000000000001,1.018423641836786e-09,2420.2103352289205,495.3862399264609,39.18777263938059,307.5354074756815,3.42205837032905e-07,9985116505034206452
I_dark,-1.4,1.0044736023004086e-09,2276.4853940628345,486.8441992232576,38.23677890677304,298.10055132439214,2.421152800189331e-07,15363031408316951214
I_dark,-1.4,9.603042271636284e-10,2438.0715583385486,503.6957420101608,43.08491203323523,298.5763734449834,3.0088020852374984e-07,2124884718484563516
I_dark,-2.4000000000000004,9.756514716409811e-10,2404.497548871577,500.9208966540563,41.62971960161597,300.52976098251094,3.853313660227657e-07,7311808897764695838
I_dark,-2.8000000000000003,1.0073410050818803e-09,2574.374612551252,485.6872921198837,42.17824256593523,298.72995545788456,3.823644967547398e-07,9029148243980292461
I_dark,-1.2000000000000002,1.0285344586119835e-09,2525.852161033123,522.4809638175516,38.89567254871546,292.9930878390376,1.803367247678329e-07,3933886296999063760
I_dark,-0.6000000000000001,1.066709170571727e-09,2302.646144768272,474.8978179470865,37.69553984942066,294.1521471075916,1.3468457584469742e-07,3765765162242439701
I_dark,-1.8,1.000096056099185e-09,2446.239819629679,503.61049666576776,43.101977222602514,303.9832024614659,4.536124624058133e-07,13944279034983237670
I_dark,-1.0,9.596807973870107e-10,2396.380469719385,547.2442070596833,39.34847113068841,298.5552181462747,2.3668843132842375e-07,16164245777420927440
I_dark,-2.2,8.758150413106088e-10,2554.792538970499,492.8309420700668,37.207464786418186,297.95471711920453,3.073344567256541e-07,14100953261967155807
I_dark,-1.4,1.0285344586119835e-09,2525.852161033123,522.4809638175516,38.89567254871546,292.9930878390376,1.9218150730555015e-07,3933886296999063760
I_dark,-2.8000000000000003,9.308015570351787e-10,2751.659002613549,471.438867720947,38.31893407640898,299.3638589999156,3.8736823319215604e-07,13806398585976261423
I_dark,-2.2,1.0308127820747194e-09,2437.7200106987866,482.5972990901911,40.648465379108416,299.4728047413536,3.435883910465002e-07,18026431441542812131
I_dark,-2.8000000000000003,9.54751015148706e-10,2385.841355900724,509.52056648049273,41.08562699346509,303.58650370690776,4.756435020382984e-07,7884238669149658161
I_dark,-0.6000000000000001,9.980121445569454e-10,2387.75545073954,508.7275610680178,38.8972081784186,297.8606493603604,1.836321406281696e-07,11032972375804727196
I_dark,-3.0,8.64757430416121e-10,2613.398572092139,483.2695161383806,39.73131063338137,294.42197627514213,2.948172859897864e-07,1633077101789385956
I_dark,-3.0,1.050818199825069e-09,2510.995503216453,520.189852554912,38.50508417894045,294.1262317171733,2.613696269499058e-07,17608710593314742079
I_dark,-1.4,9.344027379399094e-10,2510.734791451186,511.4018674256231,36.36815079533651,301.4558439858307,3.0971114532905415e-07,13370015301709921327
I_dark,-0.6000000000000001,1.0040157435828723e-09,2421.1156291426087,502.3421578152334,38.33334239027114,293.10089722857373,1.3443824025836008e-07,12886194249589357920
I_dark,-2.0,9.50582857470194e-10,2403.738957653681,492.6388454667692,37.10727035463277,300.4554170460457,3.254215431435641e-07,9184494546452176042
I_dark,-2.0,1.016175641189933e-09,2547.6570837434488,498.1799092392847,42.56757336192149,293.18283111534566,2.4544602114234895e-07,9151669764478585745
I_dark,-2.0,8.354324428057497e-10,2430.182491588309,507.603602235917,36.73791801396338,295.61725668807514,2.477790166885825e-07,10829525609740651031
I_dark,-1.4,1.013177684158949e-09,2549.0982526102403,506.5025106580401,39.7132385315927,304.62183232922587,4.08054089988945e-07,14934561482547682078
I_dark,-2.8000000000000003,8.241763212999094e-10,2472.357675267654,473.84577322091,39.21856251436128,307.7679942040925,6.160714579998794e-07,14456930291123660273
I_dark,-1.4,8.64757430416121e-10,2613.398572092139,483.2695161383806,39.73131063338137,294.42197627514213,2.302357977142549e-07,1633077101789385956
I_dark,-3.0,8.589969950121182e-10,2505.474763633521,514.8627810246533,39.90795077029272,306.8673078749587,6.064342897453482e-07,8372103036707258832
I_dark,-1.6,9.67689959245767e-10,2498.119875502734,535.4265253830317,42.346830624956574,300.5747457097431,3.566490166719587e-07,7167329586276071870
I_dark,-2.2,9.118663996020179e-10,2651.95019435956,481.7408591707263,38.899871401178025,300.40158819211445,3.7939690849817923e-07,17319768135093042826
I_dark,-1.8,9.118663996020179e-10,2651.95019435956,481.7408591707263,38.899871401178025,300.40158819211445,3.557164249097782e-07,17319768135093042826
I_dark,-3.0,1.0671658198705112e-09,2444.626831258547,492.08006432381046,41.193035529790656,301.7038514591378,4.334245223544977e-07,10743645008157788724
I_dark,-0.2,1.0511173572717443e-09,2495.130349883853,523.8477826070769,41.27631172344517,301.59948365785385,1.6169496969081536e-07,7136007211031035799
I_dark,-0.8,1.08604047901988e-09,2575.5622449220923,476.6697423761544,40.75046782180591,305.2870639056014,3.553622760716231e-07,17451691503515762550
I_dark,-3.0,9.136850961862703e-10,2400.1705034771794,499.3175315176618,39.85562670167986,300.93280864091923,4.072353151318776e-07,689847661215077168
I_dark,-1.2000000000000002,9.58904338765352e-10,2486.667922677388,495.3304947031063,40.43386356777175,305.1954997344612,4.024291195054774e-07,13052852389533457310
I_dark,-1.0,1.0882818479532783e-09,2447.508764517909,466.8571183944717,43.278933930679706,307.8168200832177,4.552321086600437e-07,3262830124868165494
I_dark,-2.6,1.0572981218607252e-09,2430.584690541649,514.3340907827966,41.04225055349912,296.5414644902,3.02868552761114e-07,16130397955524846863
I_dark,-0.4,9.74908016407874e-10,2433.9347159425315,536.1873069142775,40.58953669016749,293.2225739384997,1.229438689137063e-07,18393380424088899902
I_dark,-1.6,1.0050965165320695e-09,2414.3235243349927,515.5034020410067,40.79653471954481,301.4383600393062,3.507128403869868e-07,18237334030368139870
I_dark,-0.4,1.0147448677929011e-09,2607.8117384734032,505.1107398178068,40.31257836583995,298.21936914217434,1.777248878693944e-07,833253205382390921
I_dark,-2.8000000000000003,9.682475573035431e-10,2330.6047518253104,479.0686974559265,41.64371883461047,301.63426669668445,4.202775287838799e-07,13640118791446356878
I_dark,-2.4000000000000004,9.60969170700449e-10,2766.6918918406623,529.8468751484584,39.61181207182135,297.3307652107198,3.371619960623609e-07,6563696386679920944
I_dark,-1.0,1.0803651442869379e-09,2531.060987167743,511.9316238370674,40.66002705988115,288.1838349540611,1.27030284616127e-07,17485459239320075305
I_dark,-2.4000000000000004,1.016175641189933e-09,2547.6570837434488,498.1799092392847,42.56757336192149,293.18283111534566,2.5994760539752055e-07,9151669764478585745
I_dark,-1.2000000000000002,8.8914003988915e-10,2578.309809077789,484.4641187531683,42.13424050837239,300.34884642744885,3.271026208609417e-07,59563343903943478
I_dark,-1.6,1.0060692139373963e-09,2527.3807724384133,522.7157534573084,43.167246359099664,298.50956140834,3.1882553021344816e-07,1367897570274288222
I_dark,-0.4,1.120623623770265e-09,2459.871490367434,512.0011452017391,38.21649432972869,303.56534322943094,2.233744047507604e-07,2671493380122846465
I_dark,-0.8,1.243555870393131e-09,2440.816535503744,483.6779599156501,38.81204244575611,302.5323056028984,2.663486902920667e-07,4261926717090881150
I_dark,-2.6,9.89963136259949e-10,2542.7024133885266,503.0087467521194,39.0211226249472,305.0510216058231,5.027868950120695e-07,380264510751012186
I_dark,-3.0,8.595939611542648e-10,2643.7199291480506,484.396762738386,41.95641496228942,305.9180523366615,6.277745879146949e-07,15230833052760599040
I_dark,-1.0,9.60969170700449e-10,2766.6918918406623,529.8468751484584,39.61181207182135,297.3307652107198,2.462138439446191e-07,6563696386679920944
I_dark,-0.2,1.1201765668553064e-09,2329.913862262383,487.444276821995,41.61971486534147,298.1037724082114,1.208145690983872e-07,10813817281839957845
I_dark,-1.2000000000000002,7.777840542828623e-10,2445.911024694583,482.1130919467457,41.27682283342508,300.8565986758517,3.279146543052125e-07,13149960228396626776
I_dark,-1.4,9.612679185080118e-10,2493.7557151613,504.62150372842615,37.39117268896573,297.8667082132286,2.5225006619324466e-07,433422742429117681
I_dark,-1.2000000000000002,1.0073410050818803e-09,2574.374612551252,485.6872921198837,42.17824256593523,298.72995545788456,2.865452678555882e-07,9029148243980292461
I_dark,-2.8000000000000003,9.920951194363948e-10,2484.0228854962547,482.5603784265586,38.422268984819695,304.0303353891022,4.679268798756585e-07,2314355766595058403
I_dark,-1.6,8.589969950121182e-10,2505.474763633521,514.8627810246533,39.90795077029272,306.8673078749587,5.027958739655024e-07,8372103036707258832
I_dark,-2.6,1.0676002138658572e-09,2409.8209682971515,478.7831941058398,39.56928699408093,298.75903253628616,3.30511049560201e-07,3193110456536102066
I_dark,-0.8,9.525981103063824e-10,2521.0178569100235,513.1122387074643,39.33447860201831,299.4635962010897,2.401310231914718e-07,2217437892012799629
I_dark,-3.0,1.120623623770265e-09,2459.871490367434,512.0011452017391,38.21649432972869,303.56534322943094,4.474638928323324e-07,2671493380122846465
I_dark,-3.0,9.16382362452114e-10,2549.3338723326283,483.7915671011157,41.484417545989686,302.7283665488111,4.942601647777198e-07,779010489516208886
I_dark,-1.0,1.1064539714677527e-09,2488.434465234489,500.4335716276796,41.129719458135625,288.0815978442095,1.2540102200504556e-07,4253972365711734043
I_dark,-0.2,1.0071535471770136e-09,2369.635821802133,538.5091665951578,40.65637295368661,296.23853018587084,1.0729985226228265e-07,6305389621858259219
I_dark,-0.6000000000000001,9.775160845782078e-10,2577.8004715918664,488.1533623282412,40.35879763032958,294.16913853899604,1.6010407490701637e-07,6898913632721408619
I_dark,-3.0,1.020786601528739e-09,2414.9946347184086,525.5036010755978,41.93453001893169,295.92616711681853,3.100223480863363e-07,12935788499417564366
I_dark,-0.4,1.0050101529814667e-09,2449.206992526188,478.70441149946606,40.80112322251315,299.2329513672896,1.8314977224542e-07,15255519671477510073
I_dark,-2.8000000000000003,8.058950792540601e-10,2412.212725535436,472.1154567367515,38.858183000543626,295.7855807653235,2.945500789934917e-07,7296031158140813817
I_dark,-1.4,9.928313705154955e-10,2556.196978076177,523.0189213691006,40.51326020590248,298.8914974420704,2.948466228712946e-07,903425415547655004
I_dark,-1.2000000000000002,9.926993823896762e-10,2332.1716999604114,489.929360905385,39.90607827400121,296.137708789732,2.156409941351291e-07,8562678507013604755
I_dark,-1.4,1.1762312017058683e-09,2610.23254556298,515.3751788116352,39.24041391228537,297.93305834844136,2.6643483309569253e-07,7155552337602576564
I_dark,-0.2,1.120623623770265e-09,2459.871490367434,512.0011452017391,38.21649432972869,303.56534322943094,1.6670262195329792e-07,2671493380122846465
I_dark,-1.8,9.682475573035431e-10,2330.6047518253104,479.0686974559265,41.64371883461047,301.63426669668445,3.67773316798769e-07,13640118791446356878
I_dark,-1.2000000000000002,1.050818199825069e-09,2510.995503216453,520.189852554912,38.50508417894045,294.1262317171733,1.915409446076905e-07,17608710593314742079
I_dark,-1.2000000000000002,1.1065063764088472e-09,2603.202340784687,488.6799605874269,40.68035124967265,296.73843693227377,2.417637672071432e-07,2359625090975412513
I_dark,-0.8,9.58904338765352e-10,2486.667922677388,495.3304947031063,40.43386356777175,305.1954997344612,3.472743270232667e-07,13052852389533457310
I_dark,-0.4,1.1064539714677527e-09,2488.434465234489,500.4335716276796,41.129719458135625,288.0815978442095,8.795804729782967e-08,4253972365711734043
I_dark,-0.8,1.120623623770265e-09,2459.871490367434,512.0011452017391,38.21649432972869,303.56534322943094,2.874493403549915e-07,2671493380122846465
I_dark,-1.8,1.0455070732925304e-09,2552.705145034877,518.1497095238773,37.60227540602951,298.4772867617408,2.899647439986835e-07,13753303497944442308
I_dark,-3.0,1.0308127820747194e-09,2437.7200106987866,482.5972990901911,40.648465379108416,299.4728047413536,3.756108897097235e-07,18026431441542812131
I_dark,-2.6,1.104689398918354e-09,2572.8324404304963,485.2307246352714,40.714467773434976,300.93677074401546,4.0647822459346907e-07,9216328605101287225
I_dark,-1.4,9.42387899986183e-10,2596.3418775504824,506.9916211367261,42.54178389838287,305.55199671356803,4.784284860859963e-07,3392607520233113049
I_dark,-0.2,1.2225799825820127e-09,2598.953191343567,516.8045118894966,39.85430360518959,306.74502895459364,2.2131502710216362e-07,17234994038809733169
I_dark,-0.2,1.0308127820747194e-09,2437.7200106987866,482.5972990901911,40.648465379108416,299.4728047413536,1.3582308668659745e-07,18026431441542812131
I_dark,-0.6000000000000001,1.0806933086411387e-09,2604.781653428076,466.5836923998952,39.33731057072893,297.69705044733973,1.943962204399827e-07,3371631208540637995
I_dark,-0.2,1.058962492367367e-09,2306.068264987093,513.3151002778768,40.55455133934368,303.4784744400111,1.6942910182427417e-07,11723817789070393620
I_dark,-3.0,1.0203477325736783e-09,2420.870896846657,485.827773341465,41.83782044136868,301.83723728961854,4.436598158277857e-07,4106527973129540887
I_dark,-1.0,9.74908016407874e-10,2433.9347159425315,536.1873069142775,40.58953669016749,293.2225739384997,1.7533873769855993e-07,18393380424088899902
I_dark,-0.6000000000000001,9.63679966987411e-10,2457.046368424285,519.0454313677445,40.52844947169319,303.263443359763,2.777117284689599e-07,17951410366048416543
I_dark,-0.6000000000000001,9.926993823896762e-10,2332.1716999604114,489.929360905385,39.90607827400121,296.137708789732,1.660204918823124e-07,8562678507013604755
I_dark,-2.6,8.595939611542648e-10,2643.7199291480506,484.396762738386,41.95641496228942,305.9180523366615,6.03336049324628e-07,15230833052760599040
I_dark,-1.8,9.973807555784963e-10,2483.6702561944007,499.2076886794748,40.248277237816566,302.09732544564235,3.810584925246078e-07,7286060296444835846
I_dark,-1.2000000000000002,1.058962492367367e-09,2306.068264987093,513.3151002778768,40.55455133934368,303.4784744400111,3.365724021105823e-07,11723817789070393620
I_dark,-1.8,9.371440517713595e-10,2524.6000862506294,475.6202290123848,40.994373738605006,302.9961192294562,4.209726251255597e-07,10395993465976512970
I_dark,-2.8000000000000003,1.0272364839515192e-09,2572.148319494551,521.8227614311556,39.43236728729266,296.39638250989714,3.085800749365678e-07,12816177013697617925
I_dark,-0.6000000000000001,9.220148370062531e-10,2472.3739758500788,504.5088858703008,41.28793476116813,303.0641722996054,2.82537915488816e-07,7538273554073210114
I_dark,-2.4000000000000004,9.570305915597544e-10,2609.011101819734,467.3507151496423,38.45876893881996,290.3471581734896,2.0251425590703653e-07,14219469232104377133
I_dark,-2.6,8.584521018906483e-10,2718.2749419682723,482.1832227724541,38.88005077046229,301.691940704981,4.44418064504141e-07,3494250555080783753
I_dark,-0.2,8.241763212999094e-10,2472.357675267654,473.84577322091,39.21856251436128,307.7679942040925,2.392837519806021e-07,14456930291123660273
I_dark,-1.0,1.0676002138658572e-09,2409.8209682971515,478.7831941058398,39.56928699408093,298.75903253628616,2.3578005590177203e-07,3193110456536102066
I_dark,-1.6,8.220747042076196e-10,2489.354974528123,536.8974000619587,36.589080383233394,294.68809277779184,2.214558274375867e-07,13344013943894260190
I_dark,-0.4,7.516487326049726e-10,2475.0294016619155,481.8667099014746,36.16652897024234,304.10393187120707,2.368188557095412e-07,4556256472297801959
I_dark,-2.8000000000000003,1.0203477325736783e-09,2420.870896846657,485.827773341465,41.83782044136868,301.83723728961854,4.3516474667740586e-07,4106527973129540887
I_dark,-2.4000000000000004,9.89963136259949e-10,2542.7024133885266,503.0087467521194,39.0211226249472,305.0510216058231,4.914129589286164e-07,380264510751012186
I_dark,-1.0,1.1421949243104863e-09,2464.085688286918,515.1290966367517,40.96326376678826,298.8654192354596,2.469990690767833e-07,12882774050561771087
I_dark,-0.2,1.2225745089622023e-09,2432.279761567632,478.07469592026655,37.79561575023349,300.3431374384869,1.3008736988165238e-07,2216844718377656366
I_dark,-1.4,8.8914003988915e-10,2578.309809077789,484.4641187531683,42.13424050837239,300.34884642744885,3.476312971196459e-07,59563343903943478
I_dark,-1.4,7.516487326049726e-10,2475.0294016619155,481.8667099014746,36.16652897024234,304.10393187120707,3.766332618181902e-07,4556256472297801959
I_dark,-1.2000000000000002,9.143704143090119e-10,2444.5179463100326,473.4138143725302,40.94136333558407,299.94201571725745,2.941917527088132e-07,11714911050137312102
I_dark,-2.8000000000000003,1.089765313742217e-09,2571.102793798516,524.9230612365601,38.57048554783602,303.1708876105774,4.5037651153519574e-07,4835108955857078241
I_dark,-1.2000000000000002,1.0727510291740675e-09,2408.6350240081065,515.7307920217833,36.322106531247385,300.55707391972635,2.595637495256528e-07,16501516911797089168
I_dark,-2.2,1.1065063764088472e-09,2603.202340784687,488.6799605874269,40.68035124967265,296.73843693227377,3.0098835210271106e-07,2359625090975412513
I_dark,-0.4,8.981476672986597e-10,2648.7144938153992,484.4392889131667,39.21209704786501,303.00410991721293,2.430604570926935e-07,10990274489596691850
I_dark,-1.0,9.89963136259949e-10,2542.7024133885266,503.0087467521194,39.0211226249472,305.0510216058231,3.632662151764732e-07,380264510751012186
I_dark,-3.0,9.344027379399094e-10,2510.734791451186,511.4018674256231,36.36815079533651,301.4558439858307,3.946799265794417e-07,13370015301709921327
I_dark,-2.0,8.595939611542648e-10,2643.7199291480506,484.396762738386,41.95641496228942,305.9180523366615,5.584893784374089e-07,15230833052760599040
I_dark,-2.0,1.0789603531824067e-09,2367.1936347140645,478.9001778930339,37.12870103512795,297.3410066095633,2.5806709958632504e-07,4747465828158748725
I_dark,-1.6,1.1201765668553064e-09,2329.913862262383,487.444276821995,41.61971486534147,298.1037724082114,2.770561620645664e-07,10813817281839957845
I_dark,-2.4000000000000004,8.836751126639038e-10,2477.068135205752,531.0701614185327,43.11434944357355,296.9231984392292,3.347566412355028e-07,18058330792975761325
I_dark,-2.2,9.58904338765352e-10,2486.667922677388,495.3304947031063,40.43386356777175,305.1954997344612,4.953826652928112e-07,13052852389533457310
I_dark,-1.0,9.431291378149591e-10,2617.847164727645,540.4486468445567,38.69622270488729,301.9657628923453,3.076894442794245e-07,11854955608364436255
I_dark,-1.4,1.1425395479879979e-09,2554.3812528255967,503.27354733950745,40.19858533526689,297.9110382121584,2.694482253706719e-07,13161242281976296834
I_dark,-0.2,1.0803651442869379e-09,2531.060987167743,511.9316238370674,40.66002705988115,288.1838349540611,6.41784126193294e-08,17485459239320075305
I_dark,-2.0,8.939439783837784e-10,2330.6189292196764,529.359956175692,38.57283152042447,302.4090006102026,3.7725593644673524e-07,13197426831660621428
I_dark,-0.8,1.1421949243104863e-09,2464.085688286918,515.1290966367517,40.96326376678826,298.8654192354596,2.2799479609842885e-07,12882774050561771087
I_dark,-0.4,1.058962492367367e-09,2306.068264987093,513.3151002778768,40.55455133934368,303.4784744400111,2.265038345047464e-07,11723817789070393620
I_dark,-1.4,1.0676002138658572e-09,2409.8209682971515,478.7831941058398,39.56928699408093,298.75903253628616,2.691342295124886e-07,3193110456536102066
I_dark,-2.4000000000000004,1.0671658198705112e-09,2444.626831258547,492.08006432381046,41.193035529790656,301.7038514591378,4.070463719488216e-07,10743645008157788724
I_dark,-0.8,9.91880560193061e-10,2562.543459042286,488.1664551370801,40.47383155665718,295.6008889602198,1.933869407160473e-07,16069905982438259650
I_dark,-2.2,9.89297888860932e-10,2413.8801533334354,510.75595836241,38.53132745549709,285.1813868750008,1.3240546862521728e-07,6508029577517650568
I_dark,-2.8000000000000003,1.0050101529814667e-09,2449.206992526188,478.70441149946606,40.80112322251315,299.2329513672896,3.676653157432552e-07,15255519671477510073
I_dark,-1.0,7.516487326049726e-10,2475.0294016619155,481.8667099014746,36.16652897024234,304.10393187120707,3.300348006062343e-07,4556256472297801959
I_dark,-0.6000000000000001,1.000096056099185e-09,2446.239819629679,503.61049666576776,43.101977222602514,303.9832024614659,3.058667265469424e-07,13944279034983237670
I_dark,-1.4,1.0727653122619132e-09,2512.3283017034155,474.34077412964,42.74916053103488,290.5746947786968,1.79742247787579e-07,4757004652079025251
I_dark,-3.0,9.89963136259949e-10,2542.7024133885266,503.0087467521194,39.0211226249472,305.0510216058231,5.232741252103309e-07,380264510751012186
I_dark,-2.4000000000000004,9.612679185080118e-10,2493.7557151613,504.62150372842615,37.39117268896573,297.8667082132286,3.028973164475823e-07,433422742429117681
I_dark,-1.8,1.0375673846448864e-09,2379.4103992541063,496.85223216497695,39.047727684139495,305.18782525816323,4.290447508540562e-07,3141391476646313355
I_dark,-2.8000000000000003,1.0727510291740675e-09,2408.6350240081065,515.7307920217833,36.322106531247385,300.55707391972635,3.450006236207958e-07,16501516911797089168
I_dark,-1.4,8.058950792540601e-10,2412.212725535436,472.1154567367515,38.858183000543626,295.7855807653235,2.352403763239976e-07,7296031158140813817
I_dark,-3.0,1.1064539714677527e-09,2488.434465234489,500.4335716276796,41.129719458135625,288.0815978442095,1.872516918903031e-07,4253972365711734043
I_dark,-1.2000000000000002,8.589969950121182e-10,2505.474763633521,514.8627810246533,39.90795077029272,306.8673078749587,4.522762367257586e-07,8372103036707258832
I_dark,-2.4000000000000004,1.0686494239643995e-09,2589.61306441484,507.5353543611665,40.55316862193092,296.6314874710408,3.0696549316326296e-07,9728360064296503812
I_dark,-0.8,8.599648780937921e-10,2637.8899539670565,501.9551856304757,39.90381821426863,300.9815905741297,2.817476242935891e-07,14435728251762431223
I_dark,-1.0,1.243555870393131e-09,2440.816535503744,483.6779599156501,38.81204244575611,302.5323056028984,2.880336796835444e-07,4261926717090881150
I_dark,-2.6,9.371440517713595e-10,2524.6000862506294,475.6202290123848,40.994373738605006,302.9961192294562,4.710992524549319e-07,10395993465976512970
I_dark,-3.0,9.928313705154955e-10,2556.196978076177,523.0189213691006,40.51326020590248,298.8914974420704,3.772342629813264e-07,903425415547655004
I_dark,-0.8,9.143704143090119e-10,2444.5179463100326,473.4138143725302,40.94136333558407,299.94201571725745,2.5259492862987466e-07,11714911050137312102
I_dark,-2.0,9.297325788733188e-10,2376.6983706631413,516.0358029995954,38.08606385532588,297.3563844788412,2.744086066693703e-07,3212080770719938515
I_dark,-0.2,1.1065063764088472e-09,2603.202340784687,488.6799605874269,40.68035124967265,296.73843693227377,1.1778960611333193e-07,2359625090975412513
I_dark,-0.6000000000000001,9.123213222215395e-10,2625.69228411366,506.617977618184,38.92442853409919,306.1252360546967,3.379572788191176e-07,2928394120619732261
I_dark,-0.4,1.006938037138553e-09,2476.033687734913,499.8883185243343,35.52248114367448,306.4489109295662,2.550496280729734e-07,11533471517763731933
I_dark,-0.6000000000000001,1.0203477325736783e-09,2420.870896846657,485.827773341465,41.83782044136868,301.83723728961854,2.559451746200164e-07,4106527973129540887
I_dark,-2.2,9.136850961862703e-10,2400.1705034771794,499.3175315176618,39.85562670167986,300.93280864091923,3.723668632442785e-07,689847661215077168
I_dark,-2.2,9.663377701466595e-10,2642.527368087266,478.3559331791431,43.40306406282464,301.888862689621,4.563796003572522e-07,13304175874445473708
I_dark,-0.8,1.0849323731926979e-09,2551.147301026894,487.27717818808753,44.82712146868644,302.5978918999191,3.269876822025978e-07,17938021924088880075
I_dark,-0.8,1.0671658198705112e-09,2444.626831258547,492.08006432381046,41.193035529790656,301.7038514591378,2.768851343966002e-07,10743645008157788724
I_dark,-0.6000000000000001,9.431291378149591e-10,2617.847164727645,540.4486468445567,38.69622270488729,301.9657628923453,2.57282436826889e-07,11854955608364436255
I_dark,-2.8000000000000003,8.4981307882089e-10,2622.111610500832,493.1418777793542,40.32755095458103,299.70047987606006,4.073384492312834e-07,5127878088967066821
I_dark,-2.8000000000000003,1.1065063764088472e-09,2603.202340784687,488.6799605874269,40.68035124967265,296.73843693227377,3.236580401115055e-07,2359625090975412513
I_dark,-2.2,9.67689959245767e-10,2498.119875502734,535.4265253830317,42.346830624956574,300.5747457097431,3.9503151598099e-07,7167329586276071870
I_dark,-3.0,7.516487326049726e-10,2475.0294016619155,481.8667099014746,36.16652897024234,304.10393187120707,4.778192019422327e-07,4556256472297801959
I_dark,-0.2,1.0728366895058958e-09,2396.471193900285,522.5703607996403,39.66536493364173,302.3426017448898,1.574888949406171e-07,10539271283961051071
I_dark,-2.4000000000000004,1.0050101529814667e-09,2449.206992526188,478.70441149946606,40.80112322251315,299.2329513672896,3.518664808371062e-07,15255519671477510073
I_dark,-1.0,1.016175641189933e-09,2547.6570837434488,498.1799092392847,42.56757336192149,293.18283111534566,1.8846372177555918e-07,9151669764478585745
I_dark,-1.0,1.0109417900146311e-09,2546.474062846718,483.0790058826933,38.96317500489286,311.33012415162744,5.319612165513672e-07,11587428247216890986
I_dark,-2.6,1.0191682032973931e-09,2560.240612715575,475.6482256289376,41.11142736058992,291.8506686301862,2.3725437352353165e-07,14547390297170085011
I_dark,-1.8,1.006938037138553e-09,2476.033687734913,499.8883185243343,35.52248114367448,306.4489109295662,4.3653574776892e-07,11533471517763731933
I_dark,-1.4,1.1395831540373824e-09,2538.761869465952,510.72502895181066,40.87821813200619,300.974125232131,3.278547015231526e-07,3684234868495982631
I_dark,-1.4,1.058962492367367e-09,2306.068264987093,513.3151002778768,40.55455133934368,303.4784744400111,3.571298154983897e-07,11723817789070393620
I_dark,-0.8,9.682475573035431e-10,2330.6047518253104,479.0686974559265,41.64371883461047,301.63426669668445,2.72482293153613e-07,13640118791446356878
I_dark,-3.0,9.431291378149591e-10,2617.847164727645,540.4486468445567,38.69622270488729,301.9657628923453,4.4700904424713314e-07,11854955608364436255
I_dark,-0.8,9.34880998874723e-10,2658.424632928369,469.5577205631138,37.334947088248434,294.43440760000914,1.7286325259928597e-07,2804036452383970560
I_dark,-1.2000000000000002,1.006938037138553e-09,2476.033687734913,499.8883185243343,35.52248114367448,306.4489109295662,3.788779702257245e-07,11533471517763731933
I_dark,-0.4,1.0882818479532783e-09,2447.508764517909,466.8571183944717,43.278933930679706,307.8168200832177,3.315135223291145e-07,3262830124868165494
I_dark,-2.4000000000000004,8.595939611542648e-10,2643.7199291480506,484.396762738386,41.95641496228942,305.9180523366615,5.89779499172572e-07,15230833052760599040
I_dark,-1.4,1.0671658198705112e-09,2444.626831258547,492.08006432381046,41.193035529790656,301.7038514591378,3.417119427266324e-07,10743645008157788724
I_dark,-1.2000000000000002,8.4981307882089e-10,2622.111610500832,493.1418777793542,40.32755095458103,299.70047987606006,3.0557336886343e-07,5127878088967066821
I_dark,-2.6,1.1621717411232646e-09,2521.3696634346124,503.94444076752967,42.25069338145754,304.38892783295006,5.047091053519656e-07,4374302465450070181
I_dark,-2.0,8.758150413106088e-10,2554.792538970499,492.8309420700668,37.207464786418186,297.95471711920453,2.983682179832837e-07,14100953261967155807
I_dark,-0.4,9.67689959245767e-10,2498.119875502734,535.4265253830317,42.346830624956574,300.5747457097431,2.1191053763340122e-07,7167329586276071870
I_dark,-2.8000000000000003,1.0671658198705112e-09,2444.626831258547,492.08006432381046,41.193035529790656,301.7038514591378,4.25187625516438e-07,10743645008157788724
I_dark,-2.8000000000000003,9.85546704036472e-10,2573.0239327697072,479.3922741661716,39.9154735600532,295.8292447353602,3.046691034393357e-07,12112510911978131146
I_dark,-0.6000000000000001,1.0692616090001279e-09,2445.881237248077,515.6238842072526,38.37558042728467,295.9516778251947,1.6121279660587364e-07,2860266914913243763
I_dark,-0.8,9.808684991835892e-10,2440.440905080504,475.02919518003887,43.13862383173334,296.64614602139693,2.13597389242102e-07,10893922623691634355
I_dark,-2.4000000000000004,8.4981307882089e-10,2622.111610500832,493.1418777793542,40.32755095458103,299.70047987606006,3.896280735325388e-07,5127878088967066821
I_dark,-1.8,9.58904338765352e-10,2486.667922677388,495.3304947031063,40.43386356777175,305.1954997344612,4.65410820306813e-07,13052852389533457310
I_dark,-2.0,1.1154637147520875e-09,2350.383805501934,499.6014506673355,39.64774721352306,306.8220229508652,4.854800252136552e-07,15425818973916266975
I_dark,-0.2,1.0976147775803618e-09,2495.918019735696,486.14991613464105,39.05845567786759,297.2376267822416,1.130929946532583e-07,3779633422659776445
I_dark,-1.8,9.50582857470194e-10,2403.738957653681,492.6388454667692,37.10727035463277,300.4554170460457,3.14705683162682e-07,9184494546452176042
I_dark,-2.2,9.775160845782078e-10,2577.8004715918664,488.1533623282412,40.35879763032958,294.16913853899604,2.5957409862464495e-07,6898913632721408619
I_dark,-2.6,9.454134520298419e-10,2570.8338282332857,490.849029568548,38.28868089781682,299.0569098093356,3.513295527052329e-07,8778145279652222064
I_dark,-2.4000000000000004,1.0160850161999514e-09,2298.443581617521,494.46825331908406,37.50931802222772,308.1655826328421,5.227042660332493e-07,4552925917595615164
I_dark,-0.6000000000000001,1.0727510291740675e-09,2408.6350240081065,515.7307920217833,36.322106531247385,300.55707391972635,2.023233076473989e-07,16501516911797089168
I_dark,-0.6000000000000001,1.0025105539620802e-09,2526.9743060678943,509.1946075584183,40.75166342427999,301.0515477079729,2.459715999042848e-07,15180030701036252205
I_dark,-1.6,9.308015570351787e-10,2751.659002613549,471.438867720947,38.31893407640898,299.3638589999156,3.254786476709817e-07,13806398585976261423
I_dark,-3.0,9.50582857470194e-10,2403.738957653681,492.6388454667692,37.10727035463277,300.4554170460457,3.659732654528003e-07,9184494546452176042
I_dark,-0.8,8.75983736068783e-10,2627.978517028968,489.37942559949954,40.91913452211564,297.20307373531364,2.2711390419842986e-07,5144607327742428380
I_dark,-0.4,1.0060692139373963e-09,2527.3807724384133,522.7157534573084,43.167246359099664,298.50956140834,1.8954597333302218e-07,1367897570274288222
I_dark,-1.2000000000000002,9.344027379399094e-10,2510.734791451186,511.4018674256231,36.36815079533651,301.4558439858307,2.9149611949704564e-07,13370015301709921327
I_dark,-2.8000000000000003,1.0160850161999514e-09,2298.443581617521,494.46825331908406,37.50931802222772,308.1655826328421,5.45505753187818e-07,4552925917595615164
I_dark,-1.6,1.0203477325736783e-09,2420.870896846657,485.827773341465,41.83782044136868,301.83723728961854,3.657485990110234e-07,4106527973129540887
I_dark,-2.4000000000000004,1.1459805246638944e-09,2630.825732937456,497.4739907663986,41.26661222078493,300.2753689300697,3.911441686233594e-07,12849312948239067464
I_dark,-0.4,9.581806245172891e-10,2592.420375814081,497.997415088655,37.83724802001972,293.41915116225954,1.2244706413216978e-07,17533524623644286140
I_dark,-0.2,1.0203477325736783e-09,2420.870896846657,485.827773341465,41.83782044136868,301.83723728961854,1.6356657080196354e-07,4106527973129540887
I_dark,-1.4,1.243555870393131e-09,2440.816535503744,483.6779599156501,38.81204244575611,302.5323056028984,3.271105447160887e-07,4261926717090881150
I_dark,-1.8,1.0191682032973931e-09,2560.240612715575,475.6482256289376,41.11142736058992,291.8506686301862,2.1103281289581579e-07,14547390297170085011
I_dark,-0.2,9.60969170700449e-10,2766.6918918406623,529.8468751484584,39.61181207182135,297.3307652107198,1.2766643856068388e-07,6563696386679920944
I_dark,-2.2,9.63679966987411e-10,2457.046368424285,519.0454313677445,40.52844947169319,303.263443359763,4.39307507296412e-07,17951410366048416543
I_dark,-3.0,9.42387899986183e-10,2596.3418775504824,506.9916211367261,42.54178389838287,305.55199671356803,6.040275832352402e-07,3392607520233113049
I_dark,-0.6000000000000001,9.89297888860932e-10,2413.8801533334354,510.75595836241,38.53132745549709,285.1813868750008,7.985056679951526e-08,6508029577517650568
I_dark,-0.4,8.595939611542648e-10,2643.7199291480506,484.396762738386,41.95641496228942,305.9180523366615,3.148353422953249e-07,15230833052760599040
I_dark,-1.2000000000000002,9.32148229008894e-10,2545.124905053194,512.7371789301767,40.07870713980076,299.5411124372077,2.8836244107735024e-07,7464429288297915064
I_dark,-0.2,9.980121445569454e-10,2387.75545073954,508.7275610680178,38.8972081784186,297.8606493603604,1.1572288544301649e-07,11032972375804727196
I_dark,-0.2,8.354324428057497e-10,2430.182491588309,507.603602235917,36.73791801396338,295.61725668807514,9.845770976403285e-08,10829525609740651031
I_dark,-2.6,1.0941860864671191e-09,2539.112215454232,503.69324532533454,39.339075937042885,294.39428351617613,2.6130230784113325e-07,12823118457006761398
I_dark,-0.8,1.1762312017058683e-09,2610.23254556298,515.3751788116352,39.24041391228537,297.93305834844136,2.1527278447489014e-07,7155552337602576564
I_dark,-1.8,8.762920771795992e-10,2597.67569731618,502.646286170094,38.978559546027874,295.06946514256083,2.561972363056675e-07,2033506848451370756
I_dark,-1.8,1.000072357945733e-09,2615.067429542859,502.8265147659643,41.97319841319997,303.92619603855775,4.632996199393152e-07,2056914843148536795
I_dark,-0.2,1.1762312017058683e-09,2610.23254556298,515.3751788116352,39.24041391228537,297.93305834844136,1.2196499192978252e-07,7155552337602576564
I_dark,-2.6,1.0285344586119835e-09,2525.852161033123,522.4809638175516,38.89567254871546,292.9930878390376,2.377414063190373e-07,3933886296999063760
I_dark,-1.0,9.123213222215395e-10,2625.69228411366,506.617977618184,38.92442853409919,306.1252360546967,4.026698207532867e-07,2928394120619732261
I_dark,-0.6000000000000001,9.612679185080118e-10,2493.7557151613,504.62150372842615,37.39117268896573,297.8667082132286,1.838357616569827e-07,433422742429117681
I_dark,-2.4000000000000004,1.243555870393131e-09,2440.816535503744,483.6779599156501,38.81204244575611,302.5323056028984,3.90678428309789e-07,4261926717090881150
I_dark,-1.6,9.979877857013674e-10,2496.537246315292,510.00187244466247,38.795972505421744,297.7961123434831,2.720580239467572e-07,1378160361063041439
I_dark,-1.0,1.0368980362030106e-09,2588.682974046272,505.298163800807,40.78433779833217,301.9145433801493,3.145690628231767e-07,3703347433873037581
I_dark,-1.0,9.973807555784963e-10,2483.6702561944007,499.2076886794748,40.248277237816566,302.09732544564235,3.062858648901456e-07,7286060296444835846
I_dark,-0.4,1.117839944989197e-09,2400.8118901118505,474.17775422532,39.11984591644459,301.1260229250646,1.9207256891863322e-07,5355939635520617484
I_dark,-1.6,1.1037395013588123e-09,2531.0169366346463,492.6438219382251,36.10636397779454,299.96382807834965,2.867604958676821e-07,5857788625354206728
I_dark,-0.8,1.1425395479879979e-09,2554.3812528255967,503.27354733950745,40.19858533526689,297.9110382121584,2.175508071006431e-07,13161242281976296834
I_dark,-0.8,8.64757430416121e-10,2613.398572092139,483.2695161383806,39.73131063338137,294.42197627514213,1.842414003955902e-07,1633077101789385956
I_dark,-0.6000000000000001,8.354324428057497e-10,2430.182491588309,507.603602235917,36.73791801396338,295.61725668807514,1.576837051863123e-07,10829525609740651031
I_dark,-2.8000000000000003,1.013177684158949e-09,2549.0982526102403,506.5025106580401,39.7132385315927,304.62183232922587,5.08045784850319e-07,14934561482547682078
I_dark,-2.0,8.89459518994858e-10,2383.601346469497,502.4892009812192,38.55163090195673,309.2198732722366,5.729371045571373e-07,3483175946691254694
I_dark,-2.8000000000000003,9.50582857470194e-10,2403.738957653681,492.6388454667692,37.10727035463277,300.4554170460457,3.59036355281189e-07,9184494546452176042
I_dark,-2.8000000000000003,9.612679185080118e-10,2493.7557151613,504.62150372842615,37.39117268896573,297.8667082132286,3.1680297805943745e-07,433422742429117681
I_dark,-1.2000000000000002,1.120623623770265e-09,2459.871490367434,512.0011452017391,38.21649432972869,303.56534322943094,3.335612266320182e-07,2671493380122846465
I_dark,-1.4,1.0284216851224184e-09,2501.257472196243,454.39559500401634,39.58517778577758,297.0863250737395,2.529344576511385e-07,5302328922938549098
I_dark,-1.6,9.63679966987411e-10,2457.046368424285,519.0454313677445,40.52844947169319,303.263443359763,3.9733150075647974e-07,17951410366048416543
I_dark,-0.4,8.584521018906483e-10,2718.2749419682723,482.1832227724541,38.88005077046229,301.691940704981,2.279097537912558e-07,3494250555080783753
I_dark,-1.0,1.0073410050818803e-09,2574.374612551252,485.6872921198837,42.17824256593523,298.72995545788456,2.668444744958776e-07,9029148243980292461
I_dark,-2.2,9.91880560193061e-10,2562.543459042286,488.1664551370801,40.47383155665718,295.6008889602198,2.816112276572557e-07,16069905982438259650
I_dark,-1.2000000000000002,1.000072357945733e-09,2615.067429542859,502.8265147659643,41.97319841319997,303.92619603855775,4.010079604924788e-07,2056914843148536795
I_dark,-0.8,9.136850961862703e-10,2400.1705034771794,499.3175315176618,39.85562670167986,300.93280864091923,2.581912416825321e-07,689847661215077168
I_dark,-2.8000000000000003,8.354324428057497e-10,2430.182491588309,507.603602235917,36.73791801396338,295.61725668807514,2.74420211118712e-07,10829525609740651031
I_dark,-1.0,1.0849323731926979e-09,2551.147301026894,487.27717818808753,44.82712146868644,302.5978918999191,3.5380578741582137e-07,17938021924088880075
I_dark,-0.2,8.595939611542648e-10,2643.7199291480506,484.396762738386,41.95641496228942,305.9180523366615,2.362656692704793e-07,15230833052760599040
I_dark,-0.2,7.516487326049726e-10,2475.0294016619155,481.8667099014746,36.16652897024234,304.10393187120707,1.770303644078855e-07,4556256472297801959
I_dark,-2.0,1.0572981218607252e-09,2430.584690541649,514.3340907827966,41.04225055349912,296.5414644902,2.796231654878032e-07,16130397955524846863
I_dark,-1.8,8.836751126639038e-10,2477.068135205752,531.0701614185327,43.11434944357355,296.9231984392292,3.0594976765221e-07,18058330792975761325
I_dark,-2.4000000000000004,8.64757430416121e-10,2613.398572092139,483.2695161383806,39.73131063338137,294.42197627514213,2.765045428011978e-07,1633077101789385956
I_dark,-3.0,1.25959298622376e-09,2354.3009197629594,499.1918367180637,40.77134716523017,305.22981462209646,4.981973406565572e-07,128968913270984251
I_dark,-2.8000000000000003,1.0849323731926979e-09,2551.147301026894,487.27717818808753,44.82712146868644,302.5978918999191,5.022693754477967e-07,17938021924088880075
I_dark,-0.4,1.0686494239643995e-09,2589.61306441484,507.5353543611665,40.55316862193092,296.6314874710408,1.5897540456348246e-07,9728360064296503812
I_dark,-1.0,1.2225799825820127e-09,2598.953191343567,516.8045118894966,39.85430360518959,306.74502895459364,4.0380861531473973e-07,17234994038809733169
I_dark,-3.0,1.0147448677929011e-09,2607.8117384734032,505.1107398178068,40.31257836583995,298.21936914217434,3.6444137445634827e-07,833253205382390921
I_dark,-0.2,1.0073410050818803e-09,2574.374612551252,485.6872921198837,42.17824256593523,298.72995545788456,1.40616170297879e-07,9029148243980292461
I_dark,-1.4,1.006938037138553e-09,2476.033687734913,499.8883185243343,35.52248114367448,306.4489109295662,4.013172143342974e-07,11533471517763731933
I_dark,-0.8,9.297325788733188e-10,2376.6983706631413,516.0358029995954,38.08606385532588,297.3563844788412,1.946232394286737e-07,3212080770719938515
I_dark,-1.4,9.454134520298419e-10,2570.8338282332857,490.849029568548,38.28868089781682,299.0569098093356,2.872967820177641e-07,8778145279652222064
I_dark,-3.0,1.006299553709699e-09,2596.53014928976,491.578961058072,40.01001805266426,305.28831051478386,5.512261200192918e-07,6325844468188908084
I_dark,-0.4,1.0025105539620802e-09,2526.9743060678943,509.1946075584183,40.75166342427999,301.0515477079729,2.1096841531451666e-07,15180030701036252205
I_dark,-0.8,1.0511173572717443e-09,2495.130349883853,523.8477826070769,41.27631172344517,301.59948365785385,2.795285580835588e-07,7136007211031035799
I_dark,-1.4,9.634928280602635e-10,2455.009212271192,512.2369330710814,40.30940301281442,306.6726054586492,4.601447240953615e-07,9415233787243991652
I_dark,-1.0,8.622252758820395e-10,2596.9228583838576,499.2028055441836,37.99663516660689,298.18972265332246,2.412408882142045e-07,7681735671422946543
I_dark,-3.0,1.0511173572717443e-09,2495.130349883853,523.8477826070769,41.27631172344517,301.59948365785385,4.391678987295554e-07,7136007211031035799
I_dark,-2.0,9.756514716409811e-10,2404.497548871577,500.9208966540563,41.62971960161597,300.52976098251094,3.6476640250392253e-07,7311808897764695838
I_dark,-1.8,9.136850961862703e-10,2400.1705034771794,499.3175315176618,39.85562670167986,300.93280864091923,3.493189649901824e-07,689847661215077168
I_dark,-0.6000000000000001,8.058950792540601e-10,2412.212725535436,472.1154567367515,38.858183000543626,295.7855807653235,1.6923457617594777e-07,7296031158140813817
I_dark,-2.0,1.1762312017058683e-09,2610.23254556298,515.3751788116352,39.24041391228537,297.93305834844136,3.0139291092197185e-07,7155552337602576564
I_dark,-0.8,1.0147448677929011e-09,2607.8117384734032,505.1107398178068,40.31257836583995,298.21936914217434,2.2977415107640025e-07,833253205382390921
I_dark,-2.6,9.89297888860932e-10,2413.8801533334354,510.75595836241,38.53132745549709,285.1813868750008,1.394936295717343e-07,6508029577517650568
I_dark,-2.4000000000000004,8.589969950121182e-10,2505.474763633521,514.8627810246533,39.90795077029272,306.8673078749587,5.7003897197255e-07,8372103036707258832
I_dark,-0.6000000000000001,1.0942344693420075e-09,2360.838758300681,491.3731844386217,39.51420947268076,305.7035776891924,2.990722044922719e-07,3134241803077969267
I_dark,-2.8000000000000003,9.634928280602635e-10,2455.009212271192,512.2369330710814,40.30940301281442,306.6726054586492,5.710234731854692e-07,9415233787243991652
I_dark,-1.6,9.60969170700449e-10,2766.6918918406623,529.8468751484584,39.61181207182135,297.3307652107198,2.957187608049266e-07,6563696386679920944
I_dark,-0.6000000000000001,9.682475573035431e-10,2330.6047518253104,479.0686974559265,41.64371883461047,301.63426669668445,2.4676297469127186e-07,13640118791446356878
I_dark,-0.4,8.979123523428992e-10,2531.360993910196,491.918494232159,35.793021097389925,308.86985058095934,3.1040823221396765e-07,579736006479800074
I_dark,-1.6,1.1421949243104863e-09,2464.085688286918,515.1290966367517,40.96326376678826,298.8654192354596,2.958644176875758e-07,12882774050561771087
I_dark,-0.4,1.032683367538443e-09,2526.170348943833,478.8149532207128,42.09307571557734,293.4443281911712,1.3197992944092528e-07,12981595077382156139
I_dark,-2.2,8.981476672986597e-10,2648.7144938153992,484.4392889131667,39.21209704786501,303.00410991721293,4.483082131689408e-07,10990274489596691850
I_dark,-1.8,9.581806245172891e-10,2592.420375814081,497.997415088655,37.83724802001972,293.41915116225954,2.1835506559132826e-07,17533524623644286140
I_dark,-0.4,8.64757430416121e-10,2613.398572092139,483.2695161383806,39.73131063338137,294.42197627514213,1.4070896480823317e-07,1633077101789385956
I_dark,-0.8,1.0455070732925304e-09,2552.705145034877,518.1497095238773,37.60227540602951,298.4772867617408,2.140457785822843e-07,13753303497944442308
I_dark,-2.6,1.0272364839515192e-09,2572.148319494551,521.8227614311556,39.43236728729266,296.39638250989714,3.0200223715119225e-07,12816177013697617925
I_dark,-2.4000000000000004,9.55415883814233e-10,2578.1734587821948,522.0121395253278,38.42173874228168,293.06092698472065,2.374209639092053e-07,7069279127234648490
I_dark,-2.4000000000000004,9.63679966987411e-10,2457.046368424285,519.0454313677445,40.52844947169319,303.263443359763,4.5057524106662454e-07,17951410366048416543
I_dark,-0.4,1.0727653122619132e-09,2512.3283017034155,474.34077412964,42.74916053103488,290.5746947786968,1.0935756568227001e-07,4757004652079025251
I_dark,-1.0,1.018423641836786e-09,2420.2103352289205,495.3862399264609,39.18777263938059,307.5354074756815,4.066868269247321e-07,9985116505034206452
I_dark,-1.2000000000000002,8.622252758820395e-10,2596.9228583838576,499.2028055441836,37.99663516660689,298.18972265332246,2.593659024876207e-07,7681735671422946543
I_dark,-2.2,1.0375673846448864e-09,2379.4103992541063,496.85223216497695,39.047727684139495,305.18782525816323,4.560181436949209e-07,3141391476646313355
I_dark,-3.0,8.981476672986597e-10,2648.7144938153992,484.4392889131667,39.21209704786501,303.00410991721293,4.901655599426401e-07,10990274489596691850
I_dark,-0.2,1.0147448677929011e-09,2607.8117384734032,505.1107398178068,40.31257836583995,298.21936914217434,1.3098292491091706e-07,833253205382390921
I_dark,-2.2,1.000072357945733e-09,2615.067429542859,502.8265147659643,41.97319841319997,303.92619603855775,4.928708030226696e-07,2056914843148536795
I_dark,-1.0,9.42387899986183e-10,2596.3418775504824,506.9916211367261,42.54178389838287,305.55199671356803,4.212908338205668e-07,3392607520233113049
I_dark,-0.6000000000000001,1.1942019403763875e-09,2464.50260258804,490.2741317287723,40.32854625878799,294.3650499716886,1.5098085302034736e-07,11892504857466714026
I_dark,-1.4,1.0352580576007263e-09,2678.9547588546675,473.131828680381,34.826156523967086,290.8089263982084,1.5736222636643114e-07,603198139025932464
I_dark,-0.6000000000000001,1.0849323731926979e-09,2551.147301026894,487.27717818808753,44.82712146868644,302.5978918999191,2.965205014362528e-07,17938021924088880075
I_dark,-2.0,1.0803651442869379e-09,2531.060987167743,511.9316238370674,40.66002705988115,288.1838349540611,1.669443115710363e-07,17485459239320075305
I_dark,-1.4,1.089765313742217e-09,2571.102793798516,524.9230612365601,38.57048554783602,303.1708876105774,3.624021290886733e-07,4835108955857078241
I_dark,-2.8000000000000003,1.0991618704794608e-09,2475.161456337068,505.0064403774024,34.84085283436253,301.39850617403,3.545547563291773e-07,4837710515318421738
I_dark,-0.6000000000000001,1.1201765668553064e-09,2329.913862262383,487.444276821995,41.61971486534147,298.1037724082114,1.9207698111743658e-07,10813817281839957845
I_dark,-1.0,9.91880560193061e-10,2562.543459042286,488.1664551370801,40.47383155665718,295.6008889602198,2.0988472206015625e-07,16069905982438259650
I_dark,-1.4,1.006299553709699e-09,2596.53014928976,491.578961058072,40.01001805266426,305.28831051478386,4.3462097742291773e-07,6325844468188908084
I_dark,-0.8,9.55415883814233e-10,2578.1734587821948,522.0121395253278,38.42173874228168,293.06092698472065,1.5773236130050652e-07,7069279127234648490
I_dark,-1.0,9.664729913030388e-10,2627.7330466636663,506.9906344590098,40.06029068650691,301.1540677406581,3.019824106623636e-07,8813459275462154891
I_dark,-1.6,1.075576112436465e-09,2439.1914792405805,507.5653121861305,41.43318212059344,299.0815860986159,3.044099572652304e-07,8793357247245534573
I_dark,-3.0,1.2307353848142815e-09,2445.249484887284,482.48119148575233,42.87746783295031,307.55593866537106,6.208193494646336e-07,15038946426069692038
I_dark,-1.2000000000000002,9.798133860644783e-10,2446.0111249981446,493.4775434169566,39.325337668236735,299.6111127589073,2.746808187453468e-07,7157631882990673600
I_dark,-0.4,1.1942019403763875e-09,2464.50260258804,490.2741317287723,40.32854625878799,294.3650499716886,1.28695556957654e-07,11892504857466714026
I_dark,-0.4,1.0574423663675307e-09,2585.038533860248,471.3266920396063,42.543125490608695,301.3994726877767,2.273834400262229e-07,2832837163574657009
I_dark,-1.6,1.0160850161999514e-09,2298.443581617521,494.46825331908406,37.50931802222772,308.1655826328421,4.6170419198297254e-07,4552925917595615164
I_dark,-1.2000000000000002,9.570305915597544e-10,2609.011101819734,467.3507151496423,38.45876893881996,290.3471581734896,1.5738219852904026e-07,14219469232104377133
I_dark,-2.2,9.431291378149591e-10,2617.847164727645,540.4486468445567,38.69622270488729,301.9657628923453,4.085497097386818e-07,11854955608364436255
I_dark,-1.8,8.758150413106088e-10,2554.792538970499,492.8309420700668,37.207464786418186,297.95471711920453,2.883882858501034e-07,14100953261967155807
I_dark,-3.0,8.058950792540601e-10,2412.212725535436,472.1154567367515,38.858183000543626,295.7855807653235,3.002691342927351e-07,7296031158140813817
I_dark,-1.6,1.120623623770265e-09,2459.871490367434,512.0011452017391,38.21649432972869,303.56534322943094,3.706083672162709e-07,2671493380122846465
I_dark,-2.6,7.777840542828623e-10,2445.911024694583,482.1130919467457,41.27682283342508,300.8565986758517,4.251755910919833e-07,13149960228396626776
I_dark,-1.0,1.0511173572717443e-09,2495.130349883853,523.8477826070769,41.27631172344517,301.59948365785385,3.0264622274595384e-07,7136007211031035799
I_dark,-2.0,1.0203477325736783e-09,2420.870896846657,485.827773341465,41.83782044136868,301.83723728961854,3.9379619469593323e-07,4106527973129540887
I_dark,-1.4,1.0025105539620802e-09,2526.9743060678943,509.1946075584183,40.75166342427999,301.0515477079729,3.352799647214962e-07,15180030701036252205
I_dark,-1.8,1.25959298622376e-09,2354.3009197629594,499.1918367180637,40.77134716523017,305.22981462209646,4.29431021675165e-07,128968913270984251
I_dark,-2.2,9.55415883814233e-10,2578.1734587821948,522.0121395253278,38.42173874228168,293.06092698472065,2.3101097674534722e-07,7069279127234648490
I_dark,-1.4,9.682475573035431e-10,2330.6047518253104,479.0686974559265,41.64371883461047,301.63426669668445,3.365665423168238e-07,13640118791446356878
I_dark,-2.4000000000000004,1.0728366895058958e-09,2396.471193900285,522.5703607996403,39.66536493364173,302.3426017448898,4.006516978887713e-07,10539271283961051071
I_dark,-2.6,1.006938037138553e-09,2476.033687734913,499.8883185243343,35.52248114367448,306.4489109295662,4.862851579937094e-07,11533471517763731933
I_dark,-2.6,1.0671658198705112e-09,2444.626831258547,492.08006432381046,41.193035529790656,301.7038514591378,4.164533539083241e-07,10743645008157788724
I_dark,-2.6,1.1201765668553064e-09,2329.913862262383,487.444276821995,41.61971486534147,298.1037724082114,3.2283884328906734e-07,10813817281839957845
I_dark,-1.6,8.595939611542648e-10,2643.7199291480506,484.396762738386,41.95641496228942,305.9180523366615,5.195956610076469e-07,15230833052760599040
I_dark,-1.6,9.663377701466595e-10,2642.527368087266,478.3559331791431,43.40306406282464,301.888862689621,4.113270895244837e-07,13304175874445473708
I_dark,-1.6,9.16382362452114e-10,2549.3338723326283,483.7915671011157,41.484417545989686,302.7283665488111,4.0922398040964884e-07,779010489516208886
I_dark,-1.2000000000000002,8.939439783837784e-10,2330.6189292196764,529.359956175692,38.57283152042447,302.4090006102026,3.151168032170835e-07,13197426831660621428
I_dark,-2.8000000000000003,1.25959298622376e-09,2354.3009197629594,499.1918367180637,40.77134716523017,305.22981462209646,4.888185706703347e-07,128968913270984251
I_dark,-1.0,1.0191682032973931e-09,2560.240612715575,475.6482256289376,41.11142736058992,291.8506686301862,1.67522602694177e-07,14547390297170085011
I_dark,-2.6,1.0040157435828723e-09,2421.1156291426087,502.3421578152334,38.33334239027114,293.10089722857373,2.298317482483072e-07,12886194249589357920
I_dark,-2.8000000000000003,8.939439783837784e-10,2330.6189292196764,529.359956175692,38.57283152042447,302.4090006102026,4.156117215449785e-07,13197426831660621428
I_dark,-2.8000000000000003,1.243555870393131e-09,2440.816535503744,483.6779599156501,38.81204244575611,302.5323056028984,4.084492932378747e-07,4261926717090881150
I_dark,-1.8,8.220747042076196e-10,2489.354974528123,536.8974000619587,36.589080383233394,294.68809277779184,2.306911318152304e-07,13344013943894260190
I_dark,-1.2000000000000002,9.118663996020179e-10,2651.95019435956,481.7408591707263,38.899871401178025,300.40158819211445,3.059415150869193e-07,17319768135093042826
I_dark,-2.8000000000000003,1.0806933086411387e-09,2604.781653428076,466.5836923998952,39.33731057072893,297.69705044733973,3.3465324642828465e-07,3371631208540637995
I_dark,-1.8,1.011801650795657e-09,2503.197375042157,521.464297637573,42.04226242943757,288.6545802497056,1.724813948310821e-07,14082706842164037214
I_dark,-1.8,1.1037395013588123e-09,2531.0169366346463,492.6438219382251,36.10636397779454,299.96382807834965,2.9858583698823224e-07,5857788625354206728
I_dark,-0.8,1.013177684158949e-09,2549.0982526102403,506.5025106580401,39.7132385315927,304.62183232922587,3.321794128015248e-07,14934561482547682078
I_dark,-1.0,1.08604047901988e-09,2575.5622449220923,476.6697423761544,40.75046782180591,305.2870639056014,3.8460609994489843e-07,17451691503515762550
I_dark,-2.0,9.85546704036472e-10,2573.0239327697072,479.3922741661716,39.9154735600532,295.8292447353602,2.753341907836272e-07,12112510911978131146
I_dark,-0.8,1.020786601528739e-09,2414.9946347184086,525.5036010755978,41.93453001893169,295.92616711681853,1.9439549494270922e-07,12935788499417564366
I_dark,-0.6000000000000001,9.162514515645111e-10,2366.748252214537,515.4599435910573,36.43861892729903,303.676124223718,2.510125865917928e-07,17492872546512810480
I_dark,-2.8000000000000003,9.798133860644783e-10,2446.0111249981446,493.4775434169566,39.325337668236735,299.6111127589073,3.640968723076139e-07,7157631882990673600
I_dark,-1.2000000000000002,9.928313705154955e-10,2556.196978076177,523.0189213691006,40.51326020590248,298.8914974420704,2.773104901255165e-07,903425415547655004
I_dark,-0.4,1.1065063764088472e-09,2603.202340784687,488.6799605874269,40.68035124967265,296.73843693227377,1.6036776965922997e-07,2359625090975412513
I_dark,-2.8000000000000003,9.664729913030388e-10,2627.7330466636663,506.9906344590098,40.06029068650691,301.1540677406581,4.306576507423494e-07,8813459275462154891
I_dark,-1.0,9.89297888860932e-10,2413.8801533334354,510.75595836241,38.53132745549709,285.1813868750008,9.721404156802145e-08,6508029577517650568
I_dark,-2.2,9.244750759855351e-10,2606.766252024905,514.7015322051607,39.36697999872778,300.425811364213,3.795993300363484e-07,13867644369009061341
I_dark,-1.2000000000000002,9.775160845782078e-10,2577.8004715918664,488.1533623282412,40.35879763032958,294.16913853899604,2.08355713967914e-07,6898913632721408619
I_dark,-2.2,1.0705485436227222e-09,2590.7468930890127,531.0534862964538,41.61731424149927,306.85396396460635,5.679483333787639e-07,4155552024635161694
I_dark,-1.2000000000000002,8.584521018906483e-10,2718.2749419682723,482.1832227724541,38.88005077046229,301.691940704981,3.415827633444159e-07,3494250555080783753
I_dark,-2.2,1.013177684158949e-09,2549.0982526102403,506.5025106580401,39.7132385315927,304.62183232922587,4.739067895686941e-07,14934561482547682078
I_dark,-0.2,9.220148370062531e-10,2472.3739758500788,504.5088858703008,41.28793476116813,303.0641722996054,1.811166120632456e-07,7538273554073210114
I_dark,-0.2,9.798133860644783e-10,2446.0111249981446,493.4775434169566,39.325337668236735,299.6111127589073,1.3415131879633253e-07,7157631882990673600
I_dark,-2.4000000000000004,1.0284216851224184e-09,2501.257472196243,454.39559500401634,39.58517778577758,297.0863250737395,3.028761447230935e-07,5302328922938549098
I_dark,-0.4,1.1762312017058683e-09,2610.23254556298,515.3751788116352,39.24041391228537,297.93305834844136,1.6582410214326584e-07,7155552337602576564
I_dark,-1.2000000000000002,9.50582857470194e-10,2403.738957653681,492.6388454667692,37.10727035463277,300.4554170460457,2.712755105693426e-07,9184494546452176042
I_dark,-2.4000000000000004,8.688108546297864e-10,2646.5653288453154,498.36187777461095,39.94029005251662,299.6218359156308,3.8486083554626963e-07,6517130074721695667
I_dark,-2.2,9.979877857013674e-10,2496.537246315292,510.00187244466247,38.795972505421744,297.7961123434831,3.025766885800974e-07,1378160361063041439
I_dark,-1.8,1.0942344693420075e-09,2360.838758300681,491.3731844386217,39.51420947268076,305.7035776891924,4.406293475482169e-07,3134241803077969267
I_dark,-0.6000000000000001,1.000072357945733e-09,2615.067429542859,502.8265147659643,41.97319841319997,303.92619603855775,3.124585767786676e-07,2056914843148536795
I_dark,-2.0,1.0933784852654091e-09,2410.884334287086,539.0569290920441,39.62193192256099,289.3285700165644,1.682417258196473e-07,16519722322841066187
I_dark,-0.2,9.123213222215395e-10,2625.69228411366,506.617977618184,38.92442853409919,306.1252360546967,2.187608163735459e-07,2928394120619732261
I_dark,-1.0,1.0692616090001279e-09,2445.881237248077,515.6238842072526,38.37558042728467,295.9516778251947,1.935353135394206e-07,2860266914913243763
I_dark,-0.6000000000000001,9.928313705154955e-10,2556.196978076177,523.0189213691006,40.51326020590248,298.8914974420704,2.1550522577628065e-07,903425415547655004
I_dark,-0.2,1.000096056099185e-09,2446.239819629679,503.61049666576776,43.101977222602514,303.9832024614659,1.960898851828389e-07,13944279034983237670
I_dark,-1.2000000000000002,9.91880560193061e-10,2562.543459042286,488.1664551370801,40.47383155665718,295.6008889602198,2.2568257268050125e-07,16069905982438259650
I_dark,-0.8,9.980121445569454e-10,2387.75545073954,508.7275610680178,38.8972081784186,297.8606493603604,2.031119182696512e-07,11032972375804727196
I_dark,-2.4000000000000004,1.2225799825820127e-09,2598.953191343567,516.8045118894966,39.85430360518959,306.74502895459364,5.431252480271752e-07,17234994038809733169
I_dark,-0.4,8.599648780937921e-10,2637.8899539670565,501.9551856304757,39.90381821426863,300.9815905741297,2.184387728407305e-07,14435728251762431223
I_dark,-2.4000000000000004,8.97240116378001e-10,2315.448379676966,519.850638103925,40.31160828282909,292.8565689112594,2.3047156062407386e-07,222992878073105781
I_dark,-1.4,1.032683367538443e-09,2526.170348943833,478.8149532207128,42.09307571557734,293.4443281911712,2.1389469752906298e-07,12981595077382156139
I_dark,-0.2,1.0676002138658572e-09,2409.8209682971515,478.7831941058398,39.56928699408093,298.75903253628616,1.244911514652097e-07,3193110456536102066
I_dark,-1.2000000000000002,9.920951194363948e-10,2484.0228854962547,482.5603784265586,38.422268984819695,304.0303353891022,3.557101876964365e-07,2314355766595058403
I_dark,-0.8,1.0803651442869379e-09,2531.060987167743,511.9316238370674,40.66002705988115,288.1838349540611,1.168453819857282e-07,17485459239320075305
I_dark,-2.6,8.599648780937921e-10,2637.8899539670565,501.9551856304757,39.90381821426863,300.9815905741297,4.2726733965426246e-07,14435728251762431223
I_dark,-3.0,1.0272364839515192e-09,2572.148319494551,521.8227614311556,39.43236728729266,296.39638250989714,3.1474452259240125e-07,12816177013697617925
I_dark,-0.8,7.777840542828623e-10,2445.911024694583,482.1130919467457,41.27682283342508,300.8565986758517,2.806113322785799e-07,13149960228396626776
I_dark,-2.8000000000000003,1.0732744646319759e-09,2458.1779927472685,500.451348042105,41.29986197643443,296.3385514465405,3.0871513171662004e-07,15854623793106210877
I_dark,-1.0,1.0671658198705112e-09,2444.626831258547,492.08006432381046,41.193035529790656,301.7038514591378,3.0021064467451215e-07,10743645008157788724
I_dark,-1.8,1.0686494239643995e-09,2589.61306441484,507.5353543611665,40.55316862193092,296.6314874710408,2.796896732669239e-07,9728360064296503812
I_dark,-1.6,7.516487326049726e-10,2475.0294016619155,481.8667099014746,36.16652897024234,304.10393187120707,3.953703479954656e-07,4556256472297801959
I_dark,-1.6,8.836751126639038e-10,2477.068135205752,531.0701614185327,43.11434944357355,296.9231984392292,2.938672479903094e-07,18058330792975761325
I_dark,-1.8,1.089765313742217e-09,2571.102793798516,524.9230612365601,38.57048554783602,303.1708876105774,3.949555622048557e-07,4835108955857078241
I_dark,-1.8,9.920951194363948e-10,2484.0228854962547,482.5603784265586,38.422268984819695,304.0303353891022,4.109224925416306e-07,2314355766595058403
I_dark,-1.2000000000000002,1.1154637147520875e-09,2350.383805501934,499.6014506673355,39.64774721352306,306.8220229508652,4.0831394555996337e-07,15425818973916266975
I_dark,-2.4000000000000004,9.525981103063824e-10,2521.0178569100235,513.1122387074643,39.33447860201831,299.4635962010897,3.556916734585825e-07,2217437892012799629
I_dark,-0.2,8.920412889937107e-10,2700.220283946353,481.8164609958477,41.48473029075561,294.1535226587993,1.0747294399659045e-07,2447368541047246097
I_dark,-1.6,1.0676002138658572e-09,2409.8209682971515,478.7831941058398,39.56928699408093,298.75903253628616,2.828198545150652e-07,3193110456536102066
I_dark,-0.8,8.4981307882089e-10,2622.111610500832,493.1418777793542,40.32755095458103,299.70047987606006,2.621954161895561e-07,5127878088967066821
I_dark,-1.0,1.0284216851224184e-09,2501.257472196243,454.39559500401634,39.58517778577758,297.0863250737395,2.212329420695091e-07,5302328922938549098
I_dark,-1.2000000000000002,1.0941860864671191e-09,2539.112215454232,503.69324532533454,39.339075937042885,294.39428351617613,1.995014648454786e-07,12823118457006761398
I_dark,-1.0,9.54751015148706e-10,2385.841355900724,509.52056648049273,41.08562699346509,303.58650370690776,3.354204473941497e-07,7884238669149658161
I_dark,-2.8000000000000003,1.0308127820747194e-09,2437.7200106987866,482.5972990901911,40.648465379108416,299.4728047413536,3.684338511344527e-07,18026431441542812131
I_dark,-1.2000000000000002,1.020786601528739e-09,2414.9946347184086,525.5036010755978,41.93453001893169,295.92616711681853,2.268000558780057e-07,12935788499417564366
I_dark,-0.8,9.798133860644783e-10,2446.0111249981446,493.4775434169566,39.325337668236735,299.6111127589073,2.354879815149365e-07,7157631882990673600
I_dark,-1.2000000000000002,1.0942344693420075e-09,2360.838758300681,491.3731844386217,39.51420947268076,305.7035776891924,3.823510836732869e-07,3134241803077969267
I_dark,-0.2,9.16382362452114e-10,2549.3338723326283,483.7915671011157,41.484417545989686,302.7283665488111,1.8189275083337064e-07,779010489516208886
I_dark,-2.6,8.939439783837784e-10,2330.6189292196764,529.359956175692,38.57283152042447,302.4090006102026,4.0721127949400374e-07,13197426831660621428
I_dark,-3.0,9.756514716409811e-10,2404.497548871577,500.9208966540563,41.62971960161597,300.52976098251094,4.102663226773316e-07,7311808897764695838
I_dark,-1.6,1.0727510291740675e-09,2408.6350240081065,515.7307920217833,36.322106531247385,300.55707391972635,2.895502658156868e-07,16501516911797089168
I_dark,-1.8,9.67689959245767e-10,2498.119875502734,535.4265253830317,42.346830624956574,300.5747457097431,3.709824208054968e-07,7167329586276071870
I_dark,-1.6,1.0976147775803618e-09,2495.918019735696,486.14991613464105,39.05845567786759,297.2376267822416,2.608882587567629e-07,3779633422659776445
I_dark,-0.8,1.0976147775803618e-09,2495.918019735696,486.14991613464105,39.05845567786759,297.2376267822416,2.001839845428813e-07,3779633422659776445
I_dark,-1.4,9.371440517713595e-10,2524.6000862506294,475.6202290123848,40.994373738605006,302.9961192294562,3.854414841374949e-07,10395993465976512970
I_dark,-1.8,9.431291378149591e-10,2617.847164727645,540.4486468445567,38.69622270488729,301.9657628923453,3.832201382151312e-07,11854955608364436255
I_dark,-0.8,9.979877857013674e-10,2496.537246315292,510.00187244466247,38.795972505421744,297.7961123434831,2.087774316340667e-07,1378160361063041439
I_dark,-0.8,9.89963136259949e-10,2542.7024133885266,503.0087467521194,39.0211226249472,305.0510216058231,3.3590644912607654e-07,380264510751012186
I_dark,-0.8,9.32148229008894e-10,2545.124905053194,512.7371789301767,40.07870713980076,299.5411124372077,2.476394922901294e-07,7464429288297915064
I_dark,-2.6,1.0803651442869379e-09,2531.060987167743,511.9316238370674,40.66002705988115,288.1838349540611,1.8179785412523099e-07,17485459239320075305
I_dark,-1.6,1.0849323731926979e-09,2551.147301026894,487.27717818808753,44.82712146868644,302.5978918999191,4.221133132935742e-07,17938021924088880075
I_dark,-1.2000000000000002,1.1201765668553064e-09,2329.913862262383,487.444276821995,41.61971486534147,298.1037724082114,2.4826126230280385e-07,10813817281839957845
I_dark,-1.4,1.0040157435828723e-09,2421.1156291426087,502.3421578152334,38.33334239027114,293.10089722857373,1.8669533446352545e-07,12886194249589357920
I_dark,-1.4,9.89297888860932e-10,2413.8801533334354,510.75595836241,38.53132745549709,285.1813868750008,1.1229513754367329e-07,6508029577517650568
I_dark,-2.0,9.123213222215395e-10,2625.69228411366,506.617977618184,38.92442853409919,306.1252360546967,5.152793926965337e-07,2928394120619732261
I_dark,-2.6,1.013177684158949e-09,2549.0982526102403,506.5025106580401,39.7132385315927,304.62183232922587,4.975714801944214e-07,14934561482547682078
I_dark,-2.0,9.89297888860932e-10,2413.8801533334354,510.75595836241,38.53132745549709,285.1813868750008,1.2826930668750553e-07,6508029577517650568
I_dark,-0.2,1.1037395013588123e-09,2531.0169366346463,492.6438219382251,36.10636397779454,299.96382807834965,1.271856106744228e-07,5857788625354206728
I_dark,-3.0,1.0806933086411387e-09,2604.781653428076,466.5836923998952,39.33731057072893,297.69705044733973,3.412718145728598e-07,3371631208540637995
I_dark,-0.6000000000000001,1.0732744646319759e-09,2458.1779927472685,500.451348042105,41.29986197643443,296.3385514465405,1.787327040775534e-07,15854623793106210877
I_dark,-0.2,9.91880560193061e-10,2562.543459042286,488.1664551370801,40.47383155665718,295.6008889602198,1.0911472375147194e-07,16069905982438259650
I_dark,-1.6,9.634928280602635e-10,2455.009212271192,512.2369330710814,40.30940301281442,306.6726054586492,4.822887143904955e-07,9415233787243991652
I_dark,-0.8,8.939439783837784e-10,2330.6189292196764,529.359956175692,38.57283152042447,302.4090006102026,2.704326393217644e-07,13197426831660621428
I_dark,-2.4000000000000004,1.1396379394271226e-09,2408.4924726992253,490.0725825278824,43.06550150160359,292.35304316269765,2.3307706559344522e-07,10954724855113224492
I_dark,-2.6,1.075576112436465e-09,2439.1914792405805,507.5653121861305,41.43318212059344,299.0815860986159,3.556451843103365e-07,8793357247245534573
I_dark,-1.0,1.1154637147520875e-09,2350.383805501934,499.6014506673355,39.64774721352306,306.8220229508652,3.8160404733587465e-07,15425818973916266975
I_dark,-0.4,1.0368980362030106e-09,2588.682974046272,505.298163800807,40.78433779833217,301.9145433801493,2.261006034869838e-07,3703347433873037581
I_dark,-0.8,1.0368980362030106e-09,2588.682974046272,505.298163800807,40.78433779833217,301.9145433801493,2.905843694522154e-07,3703347433873037581
I_dark,-3.0,1.0109417900146311e-09,2546.474062846718,483.0790058826933,38.96317500489286,311.33012415162744,7.517220760579922e-07,11587428247216890986
I_dark,-2.2,9.308015570351787e-10,2751.659002613549,471.438867720947,38.31893407640898,299.3638589999156,3.610412768515755e-07,13806398585976261423
I_dark,-2.8000000000000003,1.032683367538443e-09,2526.170348943833,478.8149532207128,42.09307571557734,293.4443281911712,2.702777213232249e-07,12981595077382156139
I_dark,-2.0,9.663377701466595e-10,2642.527368087266,478.3559331791431,43.40306406282464,301.888862689621,4.42982672134674e-07,13304175874445473708
I_dark,-0.6000000000000001,9.91880560193061e-10,2562.543459042286,488.1664551370801,40.47383155665718,295.6008889602198,1.746749930469654e-07,16069905982438259650
I_dark,-0.8,9.775160845782078e-10,2577.8004715918664,488.1533623282412,40.35879763032958,294.16913853899604,1.7788897498841076e-07,6898913632721408619
I_dark,-0.6000000000000001,9.304065850268983e-10,2472.4930947482308,495.539662311,41.9345213676303,296.5403011366731,1.8928871659913938e-07,1906069974405082520
I_dark,-2.8000000000000003,1.006299553709699e-09,2596.53014928976,491.578961058072,40.01001805266426,305.28831051478386,5.407455220667644e-07,6325844468188908084
I_dark,-0.6000000000000001,8.836751126639038e-10,2477.068135205752,531.0701614185327,43.11434944357355,296.9231984392292,2.021069936607336e-07,18058330792975761325
I_dark,-1.8,9.16382362452114e-10,2549.3338723326283,483.7915671011157,41.484417545989686,302.7283665488111,4.254588012546713e-07,779010489516208886
I_dark,-0.4,9.58904338765352e-10,2486.667922677388,495.3304947031063,40.43386356777175,305.1954997344612,2.714267492582251e-07,13052852389533457310
I_dark,-2.8000000000000003,9.926993823896762e-10,2332.1716999604114,489.929360905385,39.90607827400121,296.137708789732,2.874794547520197e-07,8562678507013604755
I_dark,-0.2,1.0732744646319759e-09,2458.1779927472685,500.451348042105,41.29986197643443,296.3385514465405,1.116134982307674e-07,15854623793106210877
I_dark,-3.0,1.1421949243104863e-09,2464.085688286918,515.1290966367517,40.96326376678826,298.8654192354596,3.6031571695795483e-07,12882774050561771087
I_dark,-1.0,9.58904338765352e-10,2486.667922677388,495.3304947031063,40.43386356777175,305.1954997344612,3.756321303201196e-07,13052852389533457310
I_dark,-0.8,1.1942019403763875e-09,2464.50260258804,490.2741317287723,40.32854625878799,294.3650499716886,1.670907834599305e-07,11892504857466714026
I_dark,-0.4,9.55415883814233e-10,2578.1734587821948,522.0121395253278,38.42173874228168,293.06092698472065,1.2097055617701653e-07,7069279127234648490
I_dark,-1.8,1.0572981218607252e-09,2430.584690541649,514.3340907827966,41.04225055349912,296.5414644902,2.701470616609698e-07,16130397955524846863
I_dark,-2.8000000000000003,7.777840542828623e-10,2445.911024694583,482.1130919467457,41.27682283342508,300.8565986758517,4.339636322121298e-07,13149960228396626776
I_dark,-2.4000000000000004,1.0806933086411387e-09,2604.781653428076,466.5836923998952,39.33731057072893,297.69705044733973,3.200192513936961e-07,3371631208540637995
I_dark,-2.4000000000000004,1.0933784852654091e-09,2410.884334287086,539.0569290920441,39.62193192256099,289.3285700165644,1.786291551284404e-07,16519722322841066187
I_dark,-0.4,9.371440517713595e-10,2524.6000862506294,475.6202290123848,40.994373738605006,302.9961192294562,2.432903621869122e-07,10395993465976512970
I_dark,-1.8,9.244750759855351e-10,2606.766252024905,514.7015322051607,39.36697999872778,300.425811364213,3.5641994612664225e-07,13867644369009061341
I_dark,-1.8,1.0352580576007263e-09,2678.9547588546675,473.131828680381,34.826156523967086,290.8089263982084,1.7274964614739074e-07,603198139025932464
I_dark,-2.0,1.075576112436465e-09,2439.1914792405805,507.5653121861305,41.43318212059344,299.0815860986159,3.282026129997718e-07,8793357247245534573
I_dark,-2.6,1.0991618704794608e-09,2475.161456337068,505.0064403774024,34.84085283436253,301.39850617403,3.472446105224506e-07,4837710515318421738
I_dark,-3.0,1.0976147775803618e-09,2495.918019735696,486.14991613464105,39.05845567786759,297.2376267822416,3.1704931303003695e-07,3779633422659776445
I_dark,-3.0,1.0285344586119835e-09,2525.852161033123,522.4809638175516,38.89567254871546,292.9930878390376,2.4787970210780945e-07,3933886296999063760
I_dark,-1.4,9.808684991835892e-10,2440.440905080504,475.02919518003887,43.13862383173334,296.64614602139693,2.657439417705394e-07,10893922623691634355
I_dark,-2.4000000000000004,1.08604047901988e-09,2575.5622449220923,476.6697423761544,40.75046782180591,305.2870639056014,5.176767774818028e-07,17451691503515762550
I_dark,-2.6,9.304065850268983e-10,2472.4930947482308,495.539662311,41.9345213676303,296.5403011366731,3.208078178748728e-07,1906069974405082520
I_dark,-1.2000000000000002,9.60969170700449e-10,2766.6918918406623,529.8468751484584,39.61181207182135,297.3307652107198,2.646762326377313e-07,6563696386679920944
I_dark,-0.2,1.066709170571727e-09,2302.646144768272,474.8978179470865,37.69553984942066,294.1521471075916,8.356160119049306e-08,3765765162242439701
I_dark,-2.2,1.0789603531824067e-09,2367.1936347140645,478.9001778930339,37.12870103512795,297.3410066095633,2.660528733278921e-07,4747465828158748725
I_dark,-2.2,1.1425395479879979e-09,2554.3812528255967,503.27354733950745,40.19858533526689,297.9110382121584,3.140699654493403e-07,13161242281976296834
I_dark,-1.6,8.97240116378001e-10,2315.448379676966,519.850638103925,40.31160828282909,292.8565689112594,2.018124582265607e-07,222992878073105781
I_dark,-1.6,1.013177684158949e-09,2549.0982526102403,506.5025106580401,39.7132385315927,304.62183232922587,4.27951744055186e-07,14934561482547682078
I_dark,-1.2000000000000002,1.0574423663675307e-09,2585.038533860248,471.3266920396063,42.543125490608695,301.3994726877767,3.395515456872731e-07,2832837163574657009
I_dark,-0.8,8.584521018906483e-10,2718.2749419682723,482.1832227724541,38.88005077046229,301.691940704981,2.9366082929244e-07,3494250555080783753
I_dark,-1.2000000000000002,8.058950792540601e-10,2412.212725535436,472.1154567367515,38.858183000543626,295.7855807653235,2.20707242320021e-07,7296031158140813817
I_dark,-0.2,1.0025105539620802e-09,2526.9743060678943,509.1946075584183,40.75166342427999,301.0515477079729,1.566220598222805e-07,15180030701036252205
I_dark,-1.2000000000000002,1.0882818479532783e-09,2447.508764517909,466.8571183944717,43.278933930679706,307.8168200832177,4.867310404717261e-07,3262830124868165494
I_dark,-1.8,1.0803651442869379e-09,2531.060987167743,511.9316238370674,40.66002705988115,288.1838349540611,1.6088525324815298e-07,17485459239320075305
I_dark,-0.8,9.220148370062531e-10,2472.3739758500788,504.5088858703008,41.28793476116813,303.0641722996054,3.1181466852972575e-07,7538273554073210114
I_dark,-1.2000000000000002,1.066709170571727e-09,2302.646144768272,474.8978179470865,37.69553984942066,294.1521471075916,1.7517135800145317e-07,3765765162242439701
I_dark,-3.0,8.939439783837784e-10,2330.6189292196764,529.359956175692,38.57283152042447,302.4090006102026,4.2354650809683057e-07,13197426831660621428
I_dark,-0.4,9.297325788733188e-10,2376.6983706631413,516.0358029995954,38.08606385532588,297.3563844788412,1.501717561619136e-07,3212080770719938515
I_dark,-2.8000000000000003,9.42387899986183e-10,2596.3418775504824,506.9916211367261,42.54178389838287,305.55199671356803,5.926804194313115e-07,3392607520233113049
I_dark,-3.0,1.075576112436465e-09,2439.1914792405805,507.5653121861305,41.43318212059344,299.0815860986159,3.704734135919313e-07,8793357247245534573
I_dark,-1.8,1.0976147775803618e-09,2495.918019735696,486.14991613464105,39.05845567786759,297.2376267822416,2.7160562731914544e-07,3779633422659776445
I_dark,-0.8,9.16382362452114e-10,2549.3338723326283,483.7915671011157,41.484417545989686,302.7283665488111,3.158225282802704e-07,779010489516208886
I_dark,-0.2,1.0789603531824067e-09,2367.1936347140645,478.9001778930339,37.12870103512795,297.3410066095633,1.0451385964179024e-07,4747465828158748725
I_dark,-0.8,9.50582857470194e-10,2403.738957653681,492.6388454667692,37.10727035463277,300.4554170460457,2.326283827887099e-07,9184494546452176042
I_dark,-0.8,1.0727653122619132e-09,2512.3283017034155,474.34077412964,42.74916053103488,290.5746947786968,1.436946954017579e-07,4757004652079025251
I_dark,-2.6,9.663377701466595e-10,2642.527368087266,478.3559331791431,43.40306406282464,301.888862689621,4.795213379343254e-07,13304175874445473708
I_dark,-1.2000000000000002,9.54751015148706e-10,2385.841355900724,509.52056648049273,41.08562699346509,303.58650370690776,3.596770029904592e-07,7884238669149658161
I_dark,-2.6,9.525981103063824e-10,2521.0178569100235,513.1122387074643,39.33447860201831,299.4635962010897,3.6397765825963803e-07,2217437892012799629
I_dark,-1.4,1.0686494239643995e-09,2589.61306441484,507.5353543611665,40.55316862193092,296.6314874710408,2.552129448953937e-07,9728360064296503812
I_dark,-2.6,1.020786601528739e-09,2414.9946347184086,525.5036010755978,41.93453001893169,295.92616711681853,2.975165376043736e-07,12935788499417564366
I_dark,-1.2000000000000002,9.89963136259949e-10,2542.7024133885266,503.0087467521194,39.0211226249472,305.0510216058231,3.890759489108661e-07,380264510751012186
I_dark,-2.4000000000000004,9.581806245172891e-10,2592.420375814081,497.997415088655,37.83724802001972,293.41915116225954,2.399768056852725e-07,17533524623644286140
I_dark,-2.0,1.2225745089622023e-09,2432.279761567632,478.07469592026655,37.79561575023349,300.3431374384869,3.1615238748391364e-07,2216844718377656366
I_dark,-0.2,1.0060692139373963e-09,2527.3807724384133,522.7157534573084,43.167246359099664,298.50956140834,1.3985273288998309e-07,1367897570274288222
I_dark,-1.0,8.589969950121182e-10,2505.474763633521,514.8627810246533,39.90795077029272,306.8673078749587,4.221718777148944e-07,8372103036707258832
I_dark,-0.6000000000000001,9.16382362452114e-10,2549.3338723326283,483.7915671011157,41.484417545989686,302.7283665488111,2.854147119172035e-07,779010489516208886
I_dark,-1.4,8.599648780937921e-10,2637.8899539670565,501.9551856304757,39.90381821426863,300.9815905741297,3.487033431140256e-07,14435728251762431223
I_dark,-3.0,8.8914003988915e-10,2578.309809077789,484.4641187531683,42.13424050837239,300.34884642744885,4.417163278454647e-07,59563343903943478
I_dark,-0.6000000000000001,1.0308127820747194e-09,2437.7200106987866,482.5972990901911,40.648465379108416,299.4728047413536,2.151842365125337e-07,18026431441542812131
I_dark,-2.6,9.980121445569454e-10,2387.75545073954,508.7275610680178,38.8972081784186,297.8606493603604,3.095375701386893e-07,11032972375804727196
I_dark,-1.2000000000000002,1.1064539714677527e-09,2488.434465234489,500.4335716276796,41.129719458135625,288.0815978442095,1.351002075308725e-07,4253972365711734043
I_dark,-2.2,9.297325788733188e-10,2376.6983706631413,516.0358029995954,38.08606385532588,297.3563844788412,2.828604667063824e-07,3212080770719938515
I_dark,-2.2,1.089765313742217e-09,2571.102793798516,524.9230612365601,38.57048554783602,303.1708876105774,4.202922049360089e-07,4835108955857078241
I_dark,-0.6000000000000001,1.0976147775803618e-09,2495.918019735696,486.14991613464105,39.05845567786759,297.2376267822416,1.805553114203886e-07,3779633422659776445
I_dark,-0.8,1.1459805246638944e-09,2630.825732937456,497.4739907663986,41.26661222078493,300.2753689300697,2.654246031801845e-07,12849312948239067464
I_dark,-3.0,1.1425395479879979e-09,2554.3812528255967,503.27354733950745,40.19858533526689,297.9110382121584,3.438203084896633e-07,13161242281976296834
I_dark,-3.0,1.016175641189933e-09,2547.6570837434488,498.1799092392847,42.56757336192149,293.18283111534566,2.773759281486615e-07,9151669764478585745
I_dark,-0.6000000000000001,8.89459518994858e-10,2383.601346469497,502.4892009812192,38.55163090195673,309.2198732722366,3.78644143110601e-07,3483175946691254694
I_dark,-1.8,1.1201765668553064e-09,2329.913862262383,487.444276821995,41.61971486534147,298.1037724082114,2.883447421624314e-07,10813817281839957845
I_dark,-0.8,1.0991618704794608e-09,2475.161456337068,505.0064403774024,34.84085283436253,301.39850617403,2.3075558151276214e-07,4837710515318421738
I_dark,-1.0,1.1425395479879979e-09,2554.3812528255967,503.27354733950745,40.19858533526689,297.9110382121584,2.3617183257145774e-07,13161242281976296834
I_dark,-2.6,1.0308127820747194e-09,2437.7200106987866,482.5972990901911,40.648465379108416,299.4728047413536,3.608172550647416e-07,18026431441542812131
I_dark,-2.0,7.777840542828623e-10,2445.911024694583,482.1130919467457,41.27682283342508,300.8565986758517,3.937431691939432e-07,13149960228396626776
I_dark,-2.2,1.0160850161999514e-09,2298.443581617521,494.46825331908406,37.50931802222772,308.1655826328421,5.097719567338626e-07,4552925917595615164
I_dark,-0.4,1.1621717411232646e-09,2521.3696634346124,503.94444076752967,42.25069338145754,304.38892783295006,2.639750719724653e-07,4374302465450070181
I_dark,-1.6,9.123213222215395e-10,2625.69228411366,506.617977618184,38.92442853409919,306.1252360546967,4.79445016286704e-07,2928394120619732261
I_dark,-2.6,1.1762312017058683e-09,2610.23254556298,515.3751788116352,39.24041391228537,297.93305834844136,3.264466125537565e-07,7155552337602576564
I_dark,-2.6,9.55415883814233e-10,2578.1734587821948,522.0121395253278,38.42173874228168,293.06092698472065,2.4322841012799064e-07,7069279127234648490
I_dark,-0.4,9.136850961862703e-10,2400.1705034771794,499.3175315176618,39.85562670167986,300.93280864091923,2.0027864577825e-07,689847661215077168
I_dark,-0.2,9.973807555784963e-10,2483.6702561944007,499.2076886794748,40.248277237816566,302.09732544564235,1.6384661133831098e-07,7286060296444835846
I_dark,-2.2,8.595939611542648e-10,2643.7199291480506,484.396762738386,41.95641496228942,305.9180523366615,5.749227106415762e-07,15230833052760599040
I_dark,-2.8000000000000003,9.663377701466595e-10,2642.527368087266,478.3559331791431,43.40306406282464,301.888862689621,4.897374511256759e-07,13304175874445473708
I_dark,-2.6,1.0882818479532783e-09,2447.508764517909,466.8571183944717,43.278933930679706,307.8168200832177,6.255384990523792e-07,3262830124868165494
I_dark,-2.0,1.0073410050818803e-09,2574.374612551252,485.6872921198837,42.17824256593523,298.72995545788456,3.453188626942759e-07,9029148243980292461
I_dark,-3.0,9.32148229008894e-10,2545.124905053194,512.7371789301767,40.07870713980076,299.5411124372077,3.9185569986092003e-07,7464429288297915064
I_dark,-0.2,8.220747042076196e-10,2489.354974528123,536.8974000619587,36.589080383233394,294.68809277779184,9.377405640433373e-08,13344013943894260190
I_dark,-1.4,9.55415883814233e-10,2578.1734587821948,522.0121395253278,38.42173874228168,293.06092698472065,1.9662813544335122e-07,7069279127234648490
I_dark,-3.0,1.058962492367367e-09,2306.068264987093,513.3151002778768,40.55455133934368,303.4784744400111,4.534831724992178e-07,11723817789070393620
I_dark,-1.8,1.0705485436227222e-09,2590.7468930890127,531.0534862964538,41.61731424149927,306.85396396460635,5.337730155792878e-07,4155552024635161694
I_dark,-1.0,1.1201765668553064e-09,2329.913862262383,487.444276821995,41.61971486534147,298.1037724082114,2.3110939193895283e-07,10813817281839957845
I_dark,-2.6,1.0806933086411387e-09,2604.781653428076,466.5836923998952,39.33731057072893,297.69705044733973,3.2761752209986505e-07,3371631208540637995
I_dark,-2.6,1.0705485436227222e-09,2590.7468930890127,531.0534862964538,41.61731424149927,306.85396396460635,5.960686888672794e-07,4155552024635161694
I_dark,-0.6000000000000001,9.308015570351787e-10,2751.659002613549,471.438867720947,38.31893407640898,299.3638589999156,2.255126551147585e-07,13806398585976261423
I_dark,-0.8,1.104689398918354e-09,2572.8324404304963,485.2307246352714,40.714467773434976,300.93677074401546,2.697949564206182e-07,9216328605101287225
I_dark,-3.0,1.2225799825820127e-09,2598.953191343567,516.8045118894966,39.85430360518959,306.74502895459364,5.784278879850981e-07,17234994038809733169
I_dark,-0.6000000000000001,1.0572981218607252e-09,2430.584690541649,514.3340907827966,41.04225055349912,296.5414644902,1.789873438396307e-07,16130397955524846863
I_dark,-0.2,9.162514515645111e-10,2366.748252214537,515.4599435910573,36.43861892729903,303.676124223718,1.613750466471321e-07,17492872546512810480
I_dark,-2.4000000000000004,8.762920771795992e-10,2597.67569731618,502.646286170094,38.978559546027874,295.06946514256083,2.807163079864128e-07,2033506848451370756
I_dark,-2.2,1.006299553709699e-09,2596.53014928976,491.578961058072,40.01001805266426,305.28831051478386,5.044779270278567e-07,6325844468188908084
I_dark,-1.4,9.89963136259949e-10,2542.7024133885266,503.0087467521194,39.0211226249472,305.0510216058231,4.125728101401178e-07,380264510751012186
I_dark,-2.4000000000000004,1.1064539714677527e-09,2488.434465234489,500.4335716276796,41.129719458135625,288.0815978442095,1.7503782905987845e-07,4253972365711734043
I_dark,-1.2000000000000002,1.0455070732925304e-09,2552.705145034877,518.1497095238773,37.60227540602951,298.4772867617408,2.4965935218753336e-07,13753303497944442308
I_dark,-2.4000000000000004,1.1942019403763875e-09,2464.50260258804,490.2741317287723,40.32854625878799,294.3650499716886,2.4993167708218185e-07,11892504857466714026
I_dark,-1.4,9.980121445569454e-10,2387.75545073954,508.7275610680178,38.8972081784186,297.8606493603604,2.518523098926686e-07,11032972375804727196
I_dark,-0.2,1.1064539714677527e-09,2488.434465234489,500.4335716276796,41.129719458135625,288.0815978442095,6.33564050931616e-08,4253972365711734043
I_dark,-1.8,9.979877857013674e-10,2496.537246315292,510.00187244466247,38.795972505421744,297.7961123434831,2.834345052718634e-07,1378160361063041439
I_dark,-0.6000000000000001,1.0109417900146311e-09,2546.474062846718,483.0790058826933,38.96317500489286,311.33012415162744,4.479467448747248e-07,11587428247216890986
I_dark,-0.6000000000000001,9.74908016407874e-10,2433.9347159425315,536.1873069142775,40.58953669016749,293.2225739384997,1.448957262371607e-07,18393380424088899902
I_dark,-0.4,9.525981103063824e-10,2521.0178569100235,513.1122387074643,39.33447860201831,299.4635962010897,1.850162831531493e-07,2217437892012799629
I_dark,-2.2,7.777840542828623e-10,2445.911024694583,482.1130919467457,41.27682283342508,300.8565986758517,4.05293969241573e-07,13149960228396626776
I_dark,-0.8,8.058950792540601e-10,2412.212725535436,472.1154567367515,38.858183000543626,295.7855807653235,1.881361374122661e-07,7296031158140813817
I_dark,-1.2000000000000002,1.0705485436227222e-09,2590.7468930890127,531.0534862964538,41.61731424149927,306.85396396460635,4.6277420819580747e-07,4155552024635161694
I_dark,-3.0,9.220148370062531e-10,2472.3739758500788,504.5088858703008,41.28793476116813,303.0641722996054,4.888638504434602e-07,7538273554073210114
I_dark,-2.6,1.0044736023004086e-09,2276.4853940628345,486.8441992232576,38.23677890677304,298.10055132439214,2.973688749860006e-07,15363031408316951214
I_dark,-1.0,1.050818199825069e-09,2510.995503216453,520.189852554912,38.50508417894045,294.1262317171733,1.7797963741033954e-07,17608710593314742079
I_dark,-2.0,1.018423641836786e-09,2420.2103352289205,495.3862399264609,39.18777263938059,307.5354074756815,5.183436156230732e-07,9985116505034206452
I_dark,-2.4000000000000004,9.664729913030388e-10,2627.7330466636663,506.9906344590098,40.06029068650691,301.1540677406581,4.11923522196072e-07,8813459275462154891
I_dark,-1.2000000000000002,8.75983736068783e-10,2627.978517028968,489.37942559949954,40.91913452211564,297.20307373531364,2.657001695545945e-07,5144607327742428380
I_dark,-2.2,1.0050101529814667e-09,2449.206992526188,478.70441149946606,40.80112322251315,299.2329513672896,3.428675300729596e-07,15255519671477510073
I_dark,-2.0,1.0160850161999514e-09,2298.443581617521,494.46825331908406,37.50931802222772,308.1655826328421,4.95483571138715e-07,4552925917595615164
I_dark,-0.8,8.89459518994858e-10,2383.601346469497,502.4892009812192,38.55163090195673,309.2198732722366,4.165620016757227e-07,3483175946691254694
I_dark,-2.8000000000000003,8.97240116378001e-10,2315.448379676966,519.850638103925,40.31160828282909,292.8565689112594,2.409549761935972e-07,222992878073105781
I_dark,-1.4,1.120623623770265e-09,2459.871490367434,512.0011452017391,38.21649432972869,303.56534322943094,3.535850087237827e-07,2671493380122846465
I_dark,-1.0,1.104689398918354e-09,2572.8324404304963,485.2307246352714,40.714467773434976,300.93677074401546,2.925597158486311e-07,9216328605101287225
I_dark,-2.2,1.0806933086411387e-09,2604.781653428076,466.5836923998952,39.33731057072893,297.69705044733973,3.116804148911446e-07,3371631208540637995
I_dark,-0.4,1.25959298622376e-09,2354.3009197629594,499.1918367180637,40.77134716523017,305.22981462209646,2.514279643507202e-07,128968913270984251
I_dark,-0.2,9.920951194363948e-10,2484.0228854962547,482.5603784265586,38.422268984819695,304.0303353891022,1.7761822080329005e-07,2314355766595058403
I_dark,-1.6,1.0109417900146311e-09,2546.474062846718,483.0790058826933,38.96317500489286,311.33012415162744,6.276905624882603e-07,11587428247216890986
I_dark,-3.0,9.85546704036472e-10,2573.0239327697072,479.3922741661716,39.9154735600532,295.8292447353602,3.1068354983076656e-07,12112510911978131146
I_dark,-2.4000000000000004,1.0789603531824067e-09,2367.1936347140645,478.9001778930339,37.12870103512795,297.3410066095633,2.732608728663491e-07,4747465828158748725
I_dark,-1.4,1.0147448677929011e-09,2607.8117384734032,505.1107398178068,40.31257836583995,298.21936914217434,2.844898668006077e-07,833253205382390921
I_dark,-1.8,9.595802013951228e-10,2610.2949574222403,489.9218602044182,42.219532217947325,302.0841812978663,4.1806303627252425e-07,11643629726484600332
I_dark,-0.4,1.0071535471770136e-09,2369.635821802133,538.5091665951578,40.65637295368661,296.23853018587084,1.463046541586857e-07,6305389621858259219
I_dark,-2.6,1.2225745089622023e-09,2432.279761567632,478.07469592026655,37.79561575023349,300.3431374384869,3.4199551033298457e-07,2216844718377656366
I_dark,-0.6000000000000001,9.634928280602635e-10,2455.009212271192,512.2369330710814,40.30940301281442,306.6726054586492,3.406836784431087e-07,9415233787243991652
I_dark,-0.2,1.243555870393131e-09,2440.816535503744,483.6779599156501,38.81204244575611,302.5323056028984,1.5506186892435566e-07,4261926717090881150
I_dark,-1.8,8.75983736068783e-10,2627.978517028968,489.37942559949954,40.91913452211564,297.20307373531364,3.094212942771065e-07,5144607327742428380
I_dark,-1.4,1.2225745089622023e-09,2432.279761567632,478.07469592026655,37.79561575023349,300.3431374384869,2.800876956668291e-07,2216844718377656366
I_dark,-0.8,1.1065063764088472e-09,2603.202340784687,488.6799605874269,40.68035124967265,296.73843693227377,2.076164115496409e-07,2359625090975412513
I_dark,-0.8,1.25959298622376e-09,2354.3009197629594,499.1918367180637,40.77134716523017,305.22981462209646,3.221756424740134e-07,128968913270984251
I_dark,-0.2,1.0044736023004086e-09,2276.4853940628345,486.8441992232576,38.23677890677304,298.10055132439214,1.1141242925397387e-07,15363031408316951214
I_dark,-2.6,9.54751015148706e-10,2385.841355900724,509.52056648049273,41.08562699346509,303.58650370690776,4.658780990679637e-07,7884238669149658161
I_dark,-1.8,9.775160845782078e-10,2577.8004715918664,488.1533623282412,40.35879763032958,294.16913853899604,2.431645414023011e-07,6898913632721408619
I_dark,-0.6000000000000001,1.0191682032973931e-09,2560.240612715575,475.6482256289376,41.11142736058992,291.8506686301862,1.3837378744138258e-07,14547390297170085011
I_dark,-3.0,1.1037395013588123e-09,2531.0169366346463,492.6438219382251,36.10636397779454,299.96382807834965,3.488754698822788e-07,5857788625354206728
I_dark,-1.8,9.42387899986183e-10,2596.3418775504824,506.9916211367261,42.54178389838287,305.55199671356803,5.208386039709781e-07,3392607520233113049
I_dark,-1.6,8.75983736068783e-10,2627.978517028968,489.37942559949954,40.91913452211564,297.20307373531364,2.971903136836916e-07,5144607327742428380
I_dark,-1.6,1.089765313742217e-09,2571.102793798516,524.9230612365601,38.57048554783602,303.1708876105774,3.799242655087468e-07,4835108955857078241
I_dark,-0.8,9.63679966987411e-10,2457.046368424285,519.0454313677445,40.52844947169319,303.263443359763,3.071173404091478e-07,17951410366048416543
I_dark,-2.2,9.34880998874723e-10,2658.424632928369,469.5577205631138,37.334947088248434,294.43440760000914,2.52178415380069e-07,2804036452383970560
I_dark,-2.8000000000000003,9.725086180844783e-10,2468.017331565751,490.28733545372194,44.50977871149023,303.263152322465,5.184148518792384e-07,3744802582600429992
I_dark,-0.2,9.596807973870107e-10,2396.380469719385,547.2442070596833,39.34847113068841,298.5552181462747,1.2359066653938152e-07,16164245777420927440
I_dark,-0.4,9.89297888860932e-10,2413.8801533334354,510.75595836241,38.53132745549709,285.1813868750008,6.722923620842845e-08,6508029577517650568
I_dark,-2.2,9.756514716409811e-10,2404.497548871577,500.9208966540563,41.62971960161597,300.52976098251094,3.755702576449208e-07,7311808897764695838
I_dark,-3.0,1.000096056099185e-09,2446.239819629679,503.61049666576776,43.101977222602514,303.9832024614659,5.263943736345133e-07,13944279034983237670
I_dark,-0.4,1.006299553709699e-09,2596.53014928976,491.578961058072,40.01001805266426,305.28831051478386,2.769471304031852e-07,6325844468188908084
I_dark,-3.0,9.979877857013674e-10,2496.537246315292,510.00187244466247,38.795972505421744,297.7961123434831,3.315018303935458e-07,1378160361063041439
I_dark,-3.0,9.304065850268983e-10,2472.4930947482308,495.539662311,41.9345213676303,296.5403011366731,3.342246162629748e-07,1906069974405082520
I_dark,-2.4000000000000004,9.308015570351787e-10,2751.659002613549,471.438867720947,38.31893407640898,299.3638589999156,3.705930324062955e-07,13806398585976261423
I_dark,-1.4,9.920951194363948e-10,2484.0228854962547,482.5603784265586,38.422268984819695,304.0303353891022,3.772066716617332e-07,2314355766595058403
I_dark,-2.2,9.926993823896762e-10,2332.1716999604114,489.929360905385,39.90607827400121,296.137708789732,2.6790459671265737e-07,8562678507013604755
I_dark,-2.0,9.58904338765352e-10,2486.667922677388,495.3304947031063,40.43386356777175,305.1954997344612,4.811833605084426e-07,13052852389533457310
I_dark,-0.2,9.725086180844783e-10,2468.017331565751,490.28733545372194,44.50977871149023,303.263152322465,1.9549657168020901e-07,3744802582600429992
I_dark,-2.6,1.243555870393131e-09,2440.816535503744,483.6779599156501,38.81204244575611,302.5323056028984,3.999017666208633e-07,4261926717090881150
I_dark,-2.6,1.0073410050818803e-09,2574.374612551252,485.6872921198837,42.17824256593523,298.72995545788456,3.742928815369634e-07,9029148243980292461
I_dark,-0.6000000000000001,1.1395831540373824e-09,2538.761869465952,510.72502895181066,40.87821813200619,300.974125232131,2.412295785224288e-07,3684234868495982631
I_dark,-2.4000000000000004,1.013177684158949e-09,2549.0982526102403,506.5025106580401,39.7132385315927,304.62183232922587,4.86279162334458e-07,14934561482547682078
I_dark,-1.6,9.664729913030388e-10,2627.7330466636663,506.9906344590098,40.06029068650691,301.1540677406581,3.614691924473133e-07,8813459275462154891
I_dark,-1.2000000000000002,1.243555870393131e-09,2440.816535503744,483.6779599156501,38.81204244575611,302.5323056028984,3.08458375256128e-07,4261926717090881150
I_dark,-1.4,9.34880998874723e-10,2658.424632928369,469.5577205631138,37.334947088248434,294.43440760000914,2.1562153222502666e-07,2804036452383970560
I_dark,-0.2,1.104689398918354e-09,2572.8324404304963,485.2307246352714,40.714467773434976,300.93677074401546,1.5463010716161849e-07,9216328605101287225
I_dark,-2.8000000000000003,1.0728366895058958e-09,2396.471193900285,522.5703607996403,39.66536493364173,302.3426017448898,4.1843120801031073e-07,10539271283961051071
I_dark,-0.4,1.0191682032973931e-09,2560.240612715575,475.6482256289376,41.11142736058992,291.8506686301862,1.1727510229841975e-07,14547390297170085011
I_dark,-3.0,1.018423641836786e-09,2420.2103352289205,495.3862399264609,39.18777263938059,307.5354074756815,5.820194102729677e-07,9985116505034206452
I_dark,-0.2,9.32148229008894e-10,2545.124905053194,512.7371789301767,40.07870713980076,299.5411124372077,1.41785148317819e-07,7464429288297915064
I_dark,-2.6,8.4981307882089e-10,2622.111610500832,493.1418777793542,40.32755095458103,299.70047987606006,3.988305015860685e-07,5127878088967066821
I_dark,-3.0,8.931040101417876e-10,2540.0923303514373,529.7791096206541,38.25394170360681,296.3367780179062,3.104129865663494e-07,7126979072579706712
I_dark,-0.4,9.91880560193061e-10,2562.543459042286,488.1664551370801,40.47383155665718,295.6008889602198,1.489474715614897e-07,16069905982438259650
I_dark,-2.6,9.682475573035431e-10,2330.6047518253104,479.0686974559265,41.64371883461047,301.63426669668445,4.115942102204378e-07,13640118791446356878
I_dark,-1.2000000000000002,1.0663734802785015e-09,2646.766281337793,486.2018595083384,41.79339850063371,299.641349014439,3.058098836745596e-07,5637171177688138856
I_dark,-1.4,1.0368980362030106e-09,2588.682974046272,505.298163800807,40.78433779833217,301.9145433801493,3.5801915761724666e-07,3703347433873037581
I_dark,-1.6,1.0368980362030106e-09,2588.682974046272,505.298163800807,40.78433779833217,301.9145433801493,3.758150141424234e-07,3703347433873037581
I_dark,-2.0,1.0849323731926979e-09,2551.147301026894,487.27717818808753,44.82712146868644,302.5978918999191,4.544105730994845e-07,17938021924088880075
I_dark,-2.2,9.54751015148706e-10,2385.841355900724,509.52056648049273,41.08562699346509,303.58650370690776,4.43777372586265e-07,7884238669149658161
I_dark,-1.2000000000000002,9.63679966987411e-10,2457.046368424285,519.0454313677445,40.52844947169319,303.263443359763,3.571221104463285e-07,17951410366048416543
I_dark,-0.4,1.104689398918354e-09,2572.8324404304963,485.2307246352714,40.714467773434976,300.93677074401546,2.0869279966637298e-07,9216328605101287225
I_dark,-1.2000000000000002,1.0676002138658572e-09,2409.8209682971515,478.7831941058398,39.56928699408093,298.75903253628616,2.531550762136344e-07,3193110456536102066
I_dark,-0.4,9.34880998874723e-10,2658.424632928369,469.5577205631138,37.334947088248434,294.43440760000914,1.3212843330895422e-07,2804036452383970560
I_dark,-2.2,1.018423641836786e-09,2420.2103352289205,495.3862399264609,39.18777263938059,307.5354074756815,5.334103894119255e-07,9985116505034206452
I_dark,-1.8,1.0272364839515192e-09,2572.148319494551,521.8227614311556,39.43236728729266,296.39638250989714,2.68677848805766e-07,12816177013697617925
I_dark,-2.8000000000000003,8.584521018906483e-10,2718.2749419682723,482.1832227724541,38.88005077046229,301.691940704981,4.53862772796503e-07,3494250555080783753
I_dark,-2.0,1.0455070732925304e-09,2552.705145034877,518.1497095238773,37.60227540602951,298.4772867617408,3.000211177285593e-07,13753303497944442308
I_dark,-0.6000000000000001,9.55415883814233e-10,2578.1734587821948,522.0121395253278,38.42173874228168,293.06092698472065,1.4227479514525042e-07,7069279127234648490
I_dark,-3.0,8.584521018906483e-10,2718.2749419682723,482.1832227724541,38.88005077046229,301.691940704981,4.627447624206538e-07,3494250555080783753
I_dark,-2.6,9.118663996020179e-10,2651.95019435956,481.7408591707263,38.899871401178025,300.40158819211445,3.987372041808234e-07,17319768135093042826
I_dark,-3.0,1.032683367538443e-09,2526.170348943833,478.8149532207128,42.09307571557734,293.4443281911712,2.757211125201455e-07,12981595077382156139
I_dark,-2.8000000000000003,1.0285344586119835e-09,2525.852161033123,522.4809638175516,38.89567254871546,292.9930878390376,2.429802516294545e-07,3933886296999063760
I_dark,-0.6000000000000001,1.032683367538443e-09,2526.170348943833,478.8149532207128,42.09307571557734,293.4443281911712,1.5510086620100094e-07,12981595077382156139
I_dark,-0.2,8.058950792540601e-10,2412.212725535436,472.1154567367515,38.858183000543626,295.7855807653235,1.0530997093244361e-07,7296031158140813817
I_dark,-2.8000000000000003,9.55415883814233e-10,2578.1734587821948,522.0121395253278,38.42173874228168,293.06092698472065,2.485736105272425e-07,7069279127234648490
I_dark,-0.4,9.123213222215395e-10,2625.69228411366,506.617977618184,38.92442853409919,306.1252360546967,2.912702245445873e-07,2928394120619732261
I_dark,-2.6,9.74908016407874e-10,2433.9347159425315,536.1873069142775,40.58953669016749,293.2225739384997,2.4773838803571456e-07,18393380424088899902
I_dark,-2.2,9.454134520298419e-10,2570.8338282332857,490.849029568548,38.28868089781682,299.0569098093356,3.3451874294985666e-07,8778145279652222064
I_dark,-1.0,1.0705485436227222e-09,2590.7468930890127,531.0534862964538,41.61731424149927,306.85396396460635,4.326516683940758e-07,4155552024635161694
I_dark,-1.4,1.020786601528739e-09,2414.9946347184086,525.5036010755978,41.93453001893169,295.92616711681853,2.414588340782522e-07,12935788499417564366
I_dark,-2.6,9.581806245172891e-10,2592.420375814081,497.997415088655,37.83724802001972,293.41915116225954,2.458408975488905e-07,17533524623644286140
I_dark,-3.0,1.0727653122619132e-09,2512.3283017034155,474.34077412964,42.74916053103488,290.5746947786968,2.31463937751121e-07,4757004652079025251
I_dark,-1.6,1.0574423663675307e-09,2585.038533860248,471.3266920396063,42.543125490608695,301.3994726877767,3.785267223822821e-07,2832837163574657009
I_dark,-2.4000000000000004,1.1774606839117e-09,2487.5677489208106,509.6158544320055,42.33569419095241,299.8381908200232,3.710808601741933e-07,14988660033747214345
I_dark,-2.6,1.0686494239643995e-09,2589.61306441484,507.5353543611665,40.55316862193092,296.6314874710408,3.143980829965129e-07,9728360064296503812
I_dark,-0.4,8.220747042076196e-10,2489.354974528123,536.8974000619587,36.589080383233394,294.68809277779184,1.2843996842959184e-07,13344013943894260190
I_dark,-2.2,1.016175641189933e-09,2547.6570837434488,498.1799092392847,42.56757336192149,293.18283111534566,2.530684008534521e-07,9151669764478585745
I_dark,-1.4,1.0806933086411387e-09,2604.781653428076,466.5836923998952,39.33731057072893,297.69705044733973,2.672275740906328e-07,3371631208540637995
I_dark,-2.6,1.0574423663675307e-09,2585.038533860248,471.3266920396063,42.543125490608695,301.3994726877767,4.416591584367207e-07,2832837163574657009
I_dark,-3.0,8.836751126639038e-10,2477.068135205752,531.0701614185327,43.11434944357355,296.9231984392292,3.5664994435273095e-07,18058330792975761325
I_dark,-3.0,9.634928280602635e-10,2455.009212271192,512.2369330710814,40.30940301281442,306.6726054586492,5.819648212784762e-07,9415233787243991652
I_dark,-3.0,8.97240116378001e-10,2315.448379676966,519.850638103925,40.31160828282909,292.8565689112594,2.456842002287671e-07,222992878073105781
I_dark,-1.0,1.075576112436465e-09,2439.1914792405805,507.5653121861305,41.43318212059344,299.0815860986159,2.539388517988634e-07,8793357247245534573
I_dark,-0.4,1.0285344586119835e-09,2525.852161033123,522.4809638175516,38.89567254871546,292.9930878390376,1.1843263171860906e-07,3933886296999063760
I_dark,-0.8,8.241763212999094e-10,2472.357675267654,473.84577322091,39.21856251436128,307.7679942040925,4.048149769651021e-07,14456930291123660273
I_dark,-1.0,8.89459518994858e-10,2383.601346469497,502.4892009812192,38.55163090195673,309.2198732722366,4.499836767111242e-07,3483175946691254694
I_dark,-0.2,9.63679966987411e-10,2457.046368424285,519.0454313677445,40.52844947169319,303.263443359763,1.7751579878786218e-07,17951410366048416543
I_dark,-1.6,9.756514716409811e-10,2404.497548871577,500.9208966540563,41.62971960161597,300.52976098251094,3.3913846368732334e-07,7311808897764695838
I_dark,-2.0,1.1037395013588123e-09,2531.0169366346463,492.6438219382251,36.10636397779454,299.96382807834965,3.090858140937364e-07,5857788625354206728
I_dark,-1.0,9.85546704036472e-10,2573.0239327697072,479.3922741661716,39.9154735600532,295.8292447353602,2.122297649587593e-07,12112510911978131146
I_dark,-3.0,1.0686494239643995e-09,2589.61306441484,507.5353543611665,40.55316862193092,296.6314874710408,3.2768463099749506e-07,9728360064296503812
I_dark,-2.8000000000000003,1.0060692139373963e-09,2527.3807724384133,522.7157534573084,43.167246359099664,298.50956140834,3.807415065037e-07,1367897570274288222
I_dark,-1.4,1.0941860864671191e-09,2539.112215454232,503.69324532533454,39.339075937042885,294.39428351617613,2.123408366637363e-07,12823118457006761398
I_dark,-0.2,1.1942019403763875e-09,2464.50260258804,490.2741317287723,40.32854625878799,294.3650499716886,9.40699651297688e-08,11892504857466714026
I_dark,-3.0,9.603042271636284e-10,2438.0715583385486,503.6957420101608,43.08491203323523,298.5763734449834,3.832679022294957e-07,2124884718484563516
I_dark,-1.0,1.0147448677929011e-09,2607.8117384734032,505.1107398178068,40.31257836583995,298.21936914217434,2.4911590452692624e-07,833253205382390921
I_dark,-1.2000000000000002,8.595939611542648e-10,2643.7199291480506,484.396762738386,41.95641496228942,305.9180523366615,4.671039180855264e-07,15230833052760599040
I_dark,-0.4,9.920951194363948e-10,2484.0228854962547,482.5603784265586,38.422268984819695,304.0303353891022,2.378443247832877e-07,2314355766595058403
I_dark,-1.2000000000000002,9.371440517713595e-10,2524.6000862506294,475.6202290123848,40.994373738605006,302.9961192294562,3.629904443680511e-07,10395993465976512970
I_dark,-1.6,1.104689398918354e-09,2572.8324404304963,485.2307246352714,40.714467773434976,300.93677074401546,3.4937730822047706e-07,9216328605101287225
I_dark,-1.4,9.32148229008894e-10,2545.124905053194,512.7371789301767,40.07870713980076,299.5411124372077,3.06629697372868e-07,7464429288297915064
I_dark,-2.8000000000000003,8.622252758820395e-10,2596.9228583838576,499.2028055441836,37.99663516660689,298.18972265332246,3.466684364162366e-07,7681735671422946543
I_dark,-2.2,1.1942019403763875e-09,2464.50260258804,490.2741317287723,40.32854625878799,294.3650499716886,2.431865068310409e-07,11892504857466714026
I_dark,-0.6000000000000001,8.220747042076196e-10,2489.354974528123,536.8974000619587,36.589080383233394,294.68809277779184,1.5127412105735e-07,13344013943894260190
I_dark,-3.0,9.308015570351787e-10,2751.659002613549,471.438867720947,38.31893407640898,299.3638589999156,3.949698781998066e-07,13806398585976261423
I_dark,-2.6,9.136850961862703e-10,2400.1705034771794,499.3175315176618,39.85562670167986,300.93280864091923,3.9116020799769065e-07,689847661215077168
I_dark,-1.4,9.664729913030388e-10,2627.7330466636663,506.9906344590098,40.06029068650691,301.1540677406581,3.442038279103656e-07,8813459275462154891
I_dark,-3.0,1.1774606839117e-09,2487.5677489208106,509.6158544320055,42.33569419095241,299.8381908200232,3.958247485412145e-07,14988660033747214345
I_dark,-2.6,1.120623623770265e-09,2459.871490367434,512.0011452017391,38.21649432972869,303.56534322943094,4.300148054086594e-07,2671493380122846465
I_dark,-0.4,1.075576112436465e-09,2439.1914792405805,507.5653121861305,41.43318212059344,299.0815860986159,1.8160916235263602e-07,8793357247245534573
I_dark,-0.2,9.634928280602635e-10,2455.009212271192,512.2369330710814,40.30940301281442,306.6726054586492,2.21351787622382e-07,9415233787243991652
I_dark,-1.2000000000000002,1.2225745089622023e-09,2432.279761567632,478.07469592026655,37.79561575023349,300.3431374384869,2.639695602274121e-07,2216844718377656366
I_dark,-0.6000000000000001,8.97240116378001e-10,2315.448379676966,519.850638103925,40.31160828282909,292.8565689112594,1.3754858202783165e-07,222992878073105781
I_dark,-0.6000000000000001,1.25959298622376e-09,2354.3009197629594,499.1918367180637,40.77134716523017,305.22981462209646,2.921157349200463e-07,128968913270984251
I_dark,-2.4000000000000004,9.663377701466595e-10,2642.527368087266,478.3559331791431,43.40306406282464,301.888862689621,4.6848881598732026e-07,13304175874445473708
I_dark,-2.2,1.0368980362030106e-09,2588.682974046272,505.298163800807,40.78433779833217,301.9145433801493,4.169596865276025e-07,3703347433873037581
I_dark,-0.6000000000000001,1.104689398918354e-09,2572.8324404304963,485.2307246352714,40.714467773434976,300.93677074401546,2.438420380021961e-07,9216328605101287225
I_dark,-2.2,9.920951194363948e-10,2484.0228854962547,482.5603784265586,38.422268984819695,304.0303353891022,4.370085835340333e-07,2314355766595058403
I_dark,-1.0,1.0160850161999514e-09,2298.443581617521,494.46825331908406,37.50931802222772,308.1655826328421,3.8911255731696733e-07,4552925917595615164
I_dark,-2.0,9.304065850268983e-10,2472.4930947482308,495.539662311,41.9345213676303,296.5403011366731,2.9585030964943546e-07,1906069974405082520
I_dark,-2.8000000000000003,1.0705485436227222e-09,2590.7468930890127,531.0534862964538,41.61731424149927,306.85396396460635,6.085445216691168e-07,4155552024635161694
I_dark,-1.8,1.0040157435828723e-09,2421.1156291426087,502.3421578152334,38.33334239027114,293.10089722857373,2.046947659011781e-07,12886194249589357920
I_dark,-0.6000000000000001,1.0574423663675307e-09,2585.038533860248,471.3266920396063,42.543125490608695,301.3994726877767,2.649777860238524e-07,2832837163574657009
I_dark,-0.2,9.304065850268983e-10,2472.4930947482308,495.539662311,41.9345213676303,296.5403011366731,1.1863326476820997e-07,1906069974405082520
I_dark,-2.2,1.0040157435828723e-09,2421.1156291426087,502.3421578152334,38.33334239027114,293.10089722857373,2.185492223899903e-07,12886194249589357920
I_dark,-0.4,1.0933784852654091e-09,2410.884334287086,539.0569290920441,39.62193192256099,289.3285700165644,9.008378305849401e-08,16519722322841066187
I_dark,-0.2,1.0050965165320695e-09,2414.3235243349927,515.5034020410067,40.79653471954481,301.4383600393062,1.552152236130979e-07,18237334030368139870
I_dark,-2.2,1.075576112436465e-09,2439.1914792405805,507.5653121861305,41.43318212059344,299.0815860986159,3.382729644950572e-07,8793357247245534573
I_dark,-2.6,9.596807973870107e-10,2396.380469719385,547.2442070596833,39.34847113068841,298.5552181462747,3.30890444979736e-07,16164245777420927440
I_dark,-0.2,9.89963136259949e-10,2542.7024133885266,503.0087467521194,39.0211226249472,305.0510216058231,1.9682682506009733e-07,380264510751012186
I_dark,-0.2,9.244750759855351e-10,2606.766252024905,514.7015322051607,39.36697999872778,300.425811364213,1.5031228823890764e-07,13867644369009061341
I_dark,-0.4,1.0663734802785015e-09,2646.766281337793,486.2018595083384,41.79339850063371,299.641349014439,2.0258480131918888e-07,5637171177688138856
I_dark,-1.6,1.0803651442869379e-09,2531.060987167743,511.9316238370674,40.66002705988115,288.1838349540611,1.5405315176201424e-07,17485459239320075305
I_dark,-0.2,1.1421949243104863e-09,2464.085688286918,515.1290966367517,40.96326376678826,298.8654192354596,1.305930866869744e-07,12882774050561771087
I_dark,-2.8000000000000003,1.1459805246638944e-09,2630.825732937456,497.4739907663986,41.26661222078493,300.2753689300697,4.088608974060562e-07,12849312948239067464
I_dark,-0.4,1.0044736023004086e-09,2276.4853940628345,486.8441992232576,38.23677890677304,298.10055132439214,1.509308088405451e-07,15363031408316951214
I_dark,-1.6,9.344027379399094e-10,2510.734791451186,511.4018674256231,36.36815079533651,301.4558439858307,3.252398193771923e-07,13370015301709921327
I_dark,-1.8,1.0511173572717443e-09,2495.130349883853,523.8477826070769,41.27631172344517,301.59948365785385,3.7650949091661065e-07,7136007211031035799
I_dark,-0.4,8.4981307882089e-10,2622.111610500832,493.1418777793542,40.32755095458103,299.70047987606006,2.0283286820463003e-07,5127878088967066821
I_dark,-1.8,8.97240116378001e-10,2315.448379676966,519.850638103925,40.31160828282909,292.8565689112594,2.10301276142574e-07,222992878073105781
I_dark,-2.4000000000000004,1.1065063764088472e-09,2603.202340784687,488.6799605874269,40.68035124967265,296.73843693227377,3.0923643796783125e-07,2359625090975412513
I_dark,-1.8,1.1396379394271226e-09,2408.4924726992253,490.0725825278824,43.06550150160359,292.35304316269765,2.119357394059167e-07,10954724855113224492
I_dark,-1.4,1.0728366895058958e-09,2396.471193900285,522.5703607996403,39.66536493364173,302.3426017448898,3.3663535145069935e-07,10539271283961051071
I_dark,-0.8,1.0941860864671191e-09,2539.112215454232,503.69324532533454,39.339075937042885,294.39428351617613,1.705328771283507e-07,12823118457006761398
I_dark,-1.8,9.663377701466595e-10,2642.527368087266,478.3559331791431,43.40306406282464,301.888862689621,4.281068991297961e-07,13304175874445473708
I_dark,-0.8,1.1201765668553064e-09,2329.913862262383,487.444276821995,41.61971486534147,298.1037724082114,2.128586427974595e-07,10813817281839957845
I_dark,-1.4,1.1396379394271226e-09,2408.4924726992253,490.0725825278824,43.06550150160359,292.35304316269765,1.9293616952464173e-07,10954724855113224492
I_dark,-2.6,9.431291378149591e-10,2617.847164727645,540.4486468445567,38.69622270488729,301.9657628923453,4.292698289165434e-07,11854955608364436255
I_dark,-1.0,8.599648780937921e-10,2637.8899539670565,501.9551856304757,39.90381821426863,300.9815905741297,3.0543010795712306e-07,14435728251762431223
I_dark,-2.8000000000000003,9.304065850268983e-10,2472.4930947482308,495.539662311,41.9345213676303,296.5403011366731,3.277312237334591e-07,1906069974405082520
I_dark,-1.0,9.32148229008894e-10,2545.124905053194,512.7371789301767,40.07870713980076,299.5411124372077,2.684850604243326e-07,7464429288297915064
I_dark,-2.4000000000000004,1.0352580576007263e-09,2678.9547588546675,473.131828680381,34.826156523967086,290.8089263982084,1.8978948967624017e-07,603198139025932464
I_dark,-2.4000000000000004,9.118663996020179e-10,2651.95019435956,481.7408591707263,38.899871401178025,300.40158819211445,3.895238413903761e-07,17319768135093042826
I_dark,-2.2,1.08604047901988e-09,2575.5622449220923,476.6697423761544,40.75046782180591,305.2870639056014,5.047556997176509e-07,17451691503515762550
I_dark,-3.0,1.0375673846448864e-09,2379.4103992541063,496.85223216497695,39.047727684139495,305.18782525816323,4.973304823058969e-07,3141391476646313355
I_dark,-1.4,8.622252758820395e-10,2596.9228583838576,499.2028055441836,37.99663516660689,298.18972265332246,2.760719251743324e-07,7681735671422946543
I_dark,-1.0,1.25959298622376e-09,2354.3009197629594,499.1918367180637,40.77134716523017,305.22981462209646,3.48469826077693e-07,128968913270984251
I_dark,-1.8,1.0789603531824067e-09,2367.1936347140645,478.9001778930339,37.12870103512795,297.3410066095633,2.4919679358961974e-07,4747465828158748725
I_dark,-1.4,1.0942344693420075e-09,2360.838758300681,491.3731844386217,39.51420947268076,305.7035776891924,4.0500335213475974e-07,3134241803077969267
I_dark,-1.8,9.85546704036472e-10,2573.0239327697072,479.3922741661716,39.9154735600532,295.8292447353602,2.659747074120745e-07,12112510911978131146
I_dark,-2.8000000000000003,9.123213222215395e-10,2625.69228411366,506.617977618184,38.92442853409919,306.1252360546967,5.682976146089101e-07,2928394120619732261
I_dark,-1.6,1.1762312017058683e-09,2610.23254556298,515.3751788116352,39.24041391228537,297.93305834844136,2.797610856501784e-07,7155552337602576564
I_dark,-3.0,9.980121445569454e-10,2387.75545073954,508.7275610680178,38.8972081784186,297.8606493603604,3.224318043119872e-07,11032972375804727196
I_dark,-2.2,1.0572981218607252e-09,2430.584690541649,514.3340907827966,41.04225055349912,296.5414644902,2.881532240922126e-07,16130397955524846863
I_dark,-1.2000000000000002,1.006299553709699e-09,2596.53014928976,491.578961058072,40.01001805266426,305.28831051478386,4.099703914752299e-07,6325844468188908084
I_dark,-1.8,9.926993823896762e-10,2332.1716999604114,489.929360905385,39.90607827400121,296.137708789732,2.5123441642187544e-07,8562678507013604755
I_dark,-0.8,1.032683367538443e-09,2526.170348943833,478.8149532207128,42.09307571557734,293.4443281911712,1.7185361073077234e-07,12981595077382156139
I_dark,-2.2,1.0147448677929011e-09,2607.8117384734032,505.1107398178068,40.31257836583995,298.21936914217434,3.325689532086871e-07,833253205382390921
I_dark,-2.4000000000000004,1.0060692139373963e-09,2527.3807724384133,522.7157534573084,43.167246359099664,298.50956140834,3.640172895673245e-07,1367897570274288222
I_dark,-1.0,1.0071535471770136e-09,2369.635821802133,538.5091665951578,40.65637295368661,296.23853018587084,2.073630564156088e-07,6305389621858259219
I_dark,-0.2,9.344027379399094e-10,2510.734791451186,511.4018674256231,36.36815079533651,301.4558439858307,1.446700995347682e-07,13370015301709921327
I_dark,-3.0,9.926993823896762e-10,2332.1716999604114,489.929360905385,39.90607827400121,296.137708789732,2.9311463855653304e-07,8562678507013604755
I_dark,-1.2000000000000002,1.1621717411232646e-09,2521.3696634346124,503.94444076752967,42.25069338145754,304.38892783295006,3.904070469869056e-07,4374302465450070181
I_dark,-0.6000000000000001,9.603042271636284e-10,2438.0715583385486,503.6957420101608,43.08491203323523,298.5763734449834,2.184550507481211e-07,2124884718484563516
I_dark,-0.6000000000000001,1.013177684158949e-09,2549.0982526102403,506.5025106580401,39.7132385315927,304.62183232922587,3.014334354554825e-07,14934561482547682078
I_dark,-0.2,9.525981103063824e-10,2521.0178569100235,513.1122387074643,39.33447860201831,299.4635962010897,1.366043163996794e-07,2217437892012799629
I_dark,-2.6,1.011801650795657e-09,2503.197375042157,521.464297637573,42.04226242943757,288.6545802497056,1.948301460107382e-07,14082706842164037214
I_dark,-2.0,9.612679185080118e-10,2493.7557151613,504.62150372842615,37.39117268896573,297.8667082132286,2.861131381162098e-07,433422742429117681
I_dark,-1.4,1.1065063764088472e-09,2603.202340784687,488.6799605874269,40.68035124967265,296.73843693227377,2.571206240032501e-07,2359625090975412513
I_dark,-1.8,1.0109417900146311e-09,2546.474062846718,483.0790058826933,38.96317500489286,311.33012415162744,6.511292196621234e-07,11587428247216890986
I_dark,-1.0,1.0572981218607252e-09,2430.584690541649,514.3340907827966,41.04225055349912,296.5414644902,2.158163680294089e-07,16130397955524846863
I_dark,-0.2,1.0352580576007263e-09,2678.9547588546675,473.131828680381,34.826156523967086,290.8089263982084,6.92650328896239e-08,603198139025932464
I_dark,-2.0,1.1396379394271226e-09,2408.4924726992253,490.0725825278824,43.06550150160359,292.35304316269765,2.1972363500987986e-07,10954724855113224492
I_dark,-2.0,9.775160845782078e-10,2577.8004715918664,488.1533623282412,40.35879763032958,294.16913853899604,2.5180271158146134e-07,6898913632721408619
I_dark,-1.8,1.0663734802785015e-09,2646.766281337793,486.2018595083384,41.79339850063371,299.641349014439,3.546856855009582e-07,5637171177688138856
I_dark,-2.4000000000000004,1.1201765668553064e-09,2329.913862262383,487.444276821995,41.61971486534147,298.1037724082114,3.154398071254034e-07,10813817281839957845
I_dark,-2.4000000000000004,9.50582857470194e-10,2403.738957653681,492.6388454667692,37.10727035463277,300.4554170460457,3.437547356096187e-07,9184494546452176042
I_dark,-2.6,1.0203477325736783e-09,2420.870896846657,485.827773341465,41.83782044136868,301.83723728961854,4.261292955827626e-07,4106527973129540887
I_dark,-2.0,1.0272364839515192e-09,2572.148319494551,521.8227614311556,39.43236728729266,296.39638250989714,2.783302955312469e-07,12816177013697617925
I_dark,-0.4,1.0109417900146311e-09,2546.474062846718,483.0790058826933,38.96317500489286,311.33012415162744,3.87632950083604e-07,11587428247216890986
I_dark,-0.2,8.97240116378001e-10,2315.448379676966,519.850638103925,40.31160828282909,292.8565689112594,8.4874112051858e-08,222992878073105781
I_dark,-2.2,1.0671658198705112e-09,2444.626831258547,492.08006432381046,41.193035529790656,301.7038514591378,3.967426584151362e-07,10743645008157788724
I_dark,-2.2,9.973807555784963e-10,2483.6702561944007,499.2076886794748,40.248277237816566,302.09732544564235,4.0610866456018804e-07,7286060296444835846
I_dark,-3.0,1.0044736023004086e-09,2276.4853940628345,486.8441992232576,38.23677890677304,298.10055132439214,3.096999757958723e-07,15363031408316951214
I_dark,-2.8000000000000003,1.0050965165320695e-09,2414.3235243349927,515.5034020410067,40.79653471954481,301.4383600393062,4.161180174148586e-07,18237334030368139870
I_dark,-1.8,9.123213222215395e-10,2625.69228411366,506.617977618184,38.92442853409919,306.1252360546967,4.984448204736788e-07,2928394120619732261
I_dark,-0.2,1.0671658198705112e-09,2444.626831258547,492.08006432381046,41.193035529790656,301.7038514591378,1.59250942515841e-07,10743645008157788724
I_dark,-1.4,8.688108546297864e-10,2646.5653288453154,498.36187777461095,39.94029005251662,299.6218359156308,3.210222139464063e-07,6517130074721695667
I_dark,-1.2000000000000002,1.0732744646319759e-09,2458.1779927472685,500.451348042105,41.29986197643443,296.3385514465405,2.316490331795921e-07,15854623793106210877
I_dark,-2.0,9.54751015148706e-10,2385.841355900724,509.52056648049273,41.08562699346509,303.58650370690776,4.309732598300522e-07,7884238669149658161
I_dark,-2.0,1.0942344693420075e-09,2360.838758300681,491.3731844386217,39.51420947268076,305.7035776891924,4.551724582219523e-07,3134241803077969267
I_dark,-1.8,1.006299553709699e-09,2596.53014928976,491.578961058072,40.01001805266426,305.28831051478386,4.738599296987639e-07,6325844468188908084
I_dark,-2.0,1.058962492367367e-09,2306.068264987093,513.3151002778768,40.55455133934368,303.4784744400111,4.030174847793552e-07,11723817789070393620
I_dark,-2.2,8.241763212999094e-10,2472.357675267654,473.84577322091,39.21856251436128,307.7679942040925,5.757134636084244e-07,14456930291123660273
I_dark,-1.8,8.64757430416121e-10,2613.398572092139,483.2695161383806,39.73131063338137,294.42197627514213,2.523354360844467e-07,1633077101789385956
I_dark,-2.4000000000000004,9.244750759855351e-10,2606.766252024905,514.7015322051607,39.36697999872778,300.425811364213,3.895230093510274e-07,13867644369009061341
I_dark,-2.8000000000000003,1.0352580576007263e-09,2678.9547588546675,473.131828680381,34.826156523967086,290.8089263982084,1.9869470430271685e-07,603198139025932464
I_dark,-1.8,1.0882818479532783e-09,2447.508764517909,466.8571183944717,43.278933930679706,307.8168200832177,5.607535582634308e-07,3262830124868165494
I_dark,-0.4,9.60969170700449e-10,2766.6918918406623,529.8468751484584,39.61181207182135,297.3307652107198,1.7401404065044062e-07,6563696386679920944
I_dark,-2.4000000000000004,1.0308127820747194e-09,2437.7200106987866,482.5972990901911,40.648465379108416,299.4728047413536,3.5260223530208e-07,18026431441542812131
I_dark,-2.6,9.603042271636284e-10,2438.0715583385486,503.6957420101608,43.08491203323523,298.5763734449834,3.68151732856468e-07,2124884718484563516
I_dark,-1.6,1.006299553709699e-09,2596.53014928976,491.578961058072,40.01001805266426,305.28831051478386,4.557135488907944e-07,6325844468188908084
I_dark,-2.0,1.032683367538443e-09,2526.170348943833,478.8149532207128,42.09307571557734,293.4443281911712,2.434433972690713e-07,12981595077382156139
I_dark,-0.6000000000000001,1.0728366895058958e-09,2396.471193900285,522.5703607996403,39.66536493364173,302.3426017448898,2.468696294147158e-07,10539271283961051071
I_dark,-0.4,9.926993823896762e-10,2332.1716999604114,489.929360905385,39.90607827400121,296.137708789732,1.4131958157225568e-07,8562678507013604755
I_dark,-2.6,8.241763212999094e-10,2472.357675267654,473.84577322091,39.21856251436128,307.7679942040925,6.03675924636875e-07,14456930291123660273
I_dark,-2.8000000000000003,1.1064539714677527e-09,2488.434465234489,500.4335716276796,41.129719458135625,288.0815978442095,1.834854434921247e-07,4253972365711734043
I_dark,-1.4,1.1201765668553064e-09,2329.913862262383,487.444276821995,41.61971486534147,298.1037724082114,2.638346377765969e-07,10813817281839957845
I_dark,-0.4,1.013177684158949e-09,2549.0982526102403,506.5025106580401,39.7132385315927,304.62183232922587,2.595313389236856e-07,14934561482547682078
I_dark,-2.2,1.0044736023004086e-09,2276.4853940628345,486.8441992232576,38.23677890677304,298.10055132439214,2.82895728124088e-07,15363031408316951214
I_dark,-1.6,1.0882818479532783e-09,2447.508764517909,466.8571183944717,43.278933930679706,307.8168200832177,5.397095087085115e-07,3262830124868165494
I_dark,-1.6,8.981476672986597e-10,2648.7144938153992,484.4392889131667,39.21209704786501,303.00410991721293,4.04377231195251e-07,10990274489596691850
I_dark,-1.6,8.920412889937107e-10,2700.220283946353,481.8164609958477,41.48473029075561,294.1535226587993,2.517609354322148e-07,2447368541047246097
I_dark,-1.0,9.308015570351787e-10,2751.659002613549,471.438867720947,38.31893407640898,299.3638589999156,2.714614026663286e-07,13806398585976261423
I_dark,-0.2,8.939439783837784e-10,2330.6189292196764,529.359956175692,38.57283152042447,302.4090006102026,1.5571712384753038e-07,13197426831660621428
I_dark,-3.0,9.91880560193061e-10,2562.543459042286,488.1664551370801,40.47383155665718,295.6008889602198,3.08849891272036e-07,16069905982438259650
I_dark,-0.6000000000000001,1.0050965165320695e-09,2414.3235243349927,515.5034020410067,40.79653471954481,301.4383600393062,2.4422825652223137e-07,18237334030368139870
I_dark,-1.6,9.89297888860932e-10,2413.8801533334354,510.75595836241,38.53132745549709,285.1813868750008,1.1845698385922309e-07,6508029577517650568
I_dark,-2.4000000000000004,9.54751015148706e-10,2385.841355900724,509.52056648049273,41.08562699346509,303.58650370690776,4.5534188305088333e-07,7884238669149658161
I_dark,-0.6000000000000001,9.143704143090119e-10,2444.5179463100326,473.4138143725302,40.94136333558407,299.94201571725745,2.284913379935893e-07,11714911050137312102
I_dark,-0.8,9.612679185080118e-10,2493.7557151613,504.62150372842615,37.39117268896573,297.8667082132286,2.0336097411103165e-07,433422742429117681
I_dark,-2.6,9.798133860644783e-10,2446.0111249981446,493.4775434169566,39.325337668236735,299.6111127589073,3.565920246497812e-07,7157631882990673600
I_dark,-0.8,1.0728366895058958e-09,2396.471193900285,522.5703607996403,39.66536493364173,302.3426017448898,2.729906956316275e-07,10539271283961051071
I_dark,-2.2,9.371440517713595e-10,2524.6000862506294,475.6202290123848,40.994373738605006,302.9961192294562,4.485478531674111e-07,10395993465976512970
I_dark,-2.4000000000000004,1.0882818479532783e-09,2447.508764517909,466.8571183944717,43.278933930679706,307.8168200832177,6.115688658695342e-07,3262830124868165494
I_dark,-2.6,1.0071535471770136e-09,2369.635821802133,538.5091665951578,40.65637295368661,296.23853018587084,2.911359926733808e-07,6305389621858259219
I_dark,-1.6,1.243555870393131e-09,2440.816535503744,483.6779599156501,38.81204244575611,302.5323056028984,3.431739814575636e-07,4261926717090881150
I_dark,-1.0,1.020786601528739e-09,2414.9946347184086,525.5036010755978,41.93453001893169,295.92616711681853,2.1094756453529237e-07,12935788499417564366
I_dark,-1.8,9.55415883814233e-10,2578.1734587821948,522.0121395253278,38.42173874228168,293.06092698472065,2.1599850103572945e-07,7069279127234648490
I_dark,-0.6000000000000001,9.32148229008894e-10,2545.124905053194,512.7371789301767,40.07870713980076,299.5411124372077,2.2401072059181723e-07,7464429288297915064
I_dark,-1.6,9.34880998874723e-10,2658.424632928369,469.5577205631138,37.334947088248434,294.43440760000914,2.2677422900442723e-07,2804036452383970560
I_dark,-2.6,1.006299553709699e-09,2596.53014928976,491.578961058072,40.01001805266426,305.28831051478386,5.296128602470447e-07,6325844468188908084
I_dark,-0.2,1.0375673846448864e-09,2379.4103992541063,496.85223216497695,39.047727684139495,305.18782525816323,1.8719386868194893e-07,3141391476646313355
I_dark,-2.0,8.688108546297864e-10,2646.5653288453154,498.36187777461095,39.94029005251662,299.6218359156308,3.637236460995758e-07,6517130074721695667
I_dark,-2.8000000000000003,9.220148370062531e-10,2472.3739758500788,504.5088858703008,41.28793476116813,303.0641722996054,4.795655654264762e-07,7538273554073210114
I_dark,-2.6,1.0025105539620802e-09,2526.9743060678943,509.1946075584183,40.75166342427999,301.0515477079729,4.10644613381303e-07,15180030701036252205
I_dark,-1.4,9.63679966987411e-10,2457.046368424285,519.0454313677445,40.52844947169319,303.263443359763,3.789214556294205e-07,17951410366048416543
I_dark,-0.8,9.634928280602635e-10,2455.009212271192,512.2369330710814,40.30940301281442,306.6726054586492,3.7513508893973147e-07,9415233787243991652
I_dark,-2.8000000000000003,1.1621717411232646e-09,2521.3696634346124,503.94444076752967,42.25069338145754,304.38892783295006,5.153947560664181e-07,4374302465450070181
I_dark,-1.2000000000000002,9.42387899986183e-10,2596.3418775504824,506.9916211367261,42.54178389838287,305.55199671356803,4.513800376476383e-07,3392607520233113049
I_dark,-1.6,1.0071535471770136e-09,2369.635821802133,538.5091665951578,40.65637295368661,296.23853018587084,2.495327165071007e-07,6305389621858259219
I_dark,-1.0,9.244750759855351e-10,2606.766252024905,514.7015322051607,39.36697999872778,300.425811364213,2.860082195519118e-07,13867644369009061341
I_dark,-2.0,8.920412889937107e-10,2700.220283946353,481.8164609958477,41.48473029075561,294.1535226587993,2.721134711361548e-07,2447368541047246097
I_dark,-2.8000000000000003,1.0803651442869379e-09,2531.060987167743,511.9316238370674,40.66002705988115,288.1838349540611,1.858912463567133e-07,17485459239320075305
I_dark,-0.6000000000000001,1.08604047901988e-09,2575.5622449220923,476.6697423761544,40.75046782180591,305.2870639056014,3.219478805901881e-07,17451691503515762550
I_dark,-1.2000000000000002,9.581806245172891e-10,2592.420375814081,497.997415088655,37.83724802001972,293.41915116225954,1.8653477132258322e-07,17533524623644286140
I_dark,-0.2,1.032683367538443e-09,2526.170348943833,478.8149532207128,42.09307571557734,293.4443281911712,9.621980091694697e-08,12981595077382156139
I_dark,-0.8,9.123213222215395e-10,2625.69228411366,506.617977618184,38.92442853409919,306.1252360546967,3.723484986507806e-07,2928394120619732261
I_dark,-0.2,8.979123523428992e-10,2531.360993910196,491.918494232159,35.793021097389925,308.86985058095934,2.3443230685187018e-07,579736006479800074
I_dark,-2.6,8.97240116378001e-10,2315.448379676966,519.850638103925,40.31160828282909,292.8565689112594,2.3592407582433701e-07,222992878073105781
I_dark,-1.2000000000000002,1.0160850161999514e-09,2298.443581617521,494.46825331908406,37.50931802222772,308.1655826328421,4.1623132215438853e-07,4552925917595615164
I_dark,-2.4000000000000004,8.920412889937107e-10,2700.220283946353,481.8164609958477,41.48473029075561,294.1535226587993,2.884548699612841e-07,2447368541047246097
I_dark,-3.0,9.371440517713595e-10,2524.6000862506294,475.6202290123848,40.994373738605006,302.9961192294562,4.904258921400216e-07,10395993465976512970
I_dark,-0.4,1.0272364839515192e-09,2572.148319494551,521.8227614311556,39.43236728729266,296.39638250989714,1.524076705991368e-07,12816177013697617925
I_dark,-0.4,1.1774606839117e-09,2487.5677489208106,509.6158544320055,42.33569419095241,299.8381908200232,1.950734673533188e-07,14988660033747214345
I_dark,-2.6,9.775160845782078e-10,2577.8004715918664,488.1533623282412,40.35879763032958,294.16913853899604,2.729576039021e-07,6898913632721408619
I_dark,-0.2,1.0849323731926979e-09,2551.147301026894,487.27717818808753,44.82712146868644,302.5978918999191,1.899191003289653e-07,17938021924088880075
I_dark,-1.6,9.136850961862703e-10,2400.1705034771794,499.3175315176618,39.85562670167986,300.93280864091923,3.355818273231195e-07,689847661215077168
I_dark,-2.6,8.979123523428992e-10,2531.360993910196,491.918494232159,35.793021097389925,308.86985058095934,5.875702838797397e-07,579736006479800074
I_dark,-1.4,1.0803651442869379e-09,2531.060987167743,511.9316238370674,40.66002705988115,288.1838349540611,1.4609281022706977e-07,17485459239320075305
I_dark,-2.8000000000000003,9.808684991835892e-10,2440.440905080504,475.02919518003887,43.13862383173334,296.64614602139693,3.327052534674044e-07,10893922623691634355
I_dark,-0.8,9.756514716409811e-10,2404.497548871577,500.9208966540563,41.62971960161597,300.52976098251094,2.609303699164476e-07,7311808897764695838
I_dark,-2.4000000000000004,9.297325788733188e-10,2376.6983706631413,516.0358029995954,38.08606385532588,297.3563844788412,2.904750138221473e-07,3212080770719938515
I_dark,-1.4,1.1621717411232646e-09,2521.3696634346124,503.94444076752967,42.25069338145754,304.38892783295006,4.137799570024453e-07,4374302465450070181
I_dark,-2.6,1.0663734802785015e-09,2646.766281337793,486.2018595083384,41.79339850063371,299.641349014439,3.970741626005137e-07,5637171177688138856
I_dark,-2.4000000000000004,1.006938037138553e-09,2476.033687734913,499.8883185243343,35.52248114367448,306.4489109295662,4.75554419442958e-07,11533471517763731933
I_dark,-1.4,1.0272364839515192e-09,2572.148319494551,521.8227614311556,39.43236728729266,296.39638250989714,2.451078530945747e-07,12816177013697617925
I_dark,-1.2000000000000002,1.1762312017058683e-09,2610.23254556298,515.3751788116352,39.24041391228537,297.93305834844136,2.508426213647296e-07,7155552337602576564
I_dark,-0.8,1.0191682032973931e-09,2560.240612715575,475.6482256289376,41.11142736058992,291.8506686301862,1.5388318828261984e-07,14547390297170085011
I_dark,-3.0,1.0663734802785015e-09,2646.766281337793,486.2018595083384,41.79339850063371,299.641349014439,4.134862187733481e-07,5637171177688138856
I_dark,-3.0,1.0803651442869379e-09,2531.060987167743,511.9316238370674,40.66002705988115,288.1838349540611,1.897057166830052e-07,17485459239320075305
I_dark,-2.2,9.85546704036472e-10,2573.0239327697072,479.3922741661716,39.9154735600532,295.8292447353602,2.837555798390236e-07,12112510911978131146
I_dark,-2.8000000000000003,9.973807555784963e-10,2483.6702561944007,499.2076886794748,40.248277237816566,302.09732544564235,4.356469688084448e-07,7286060296444835846
I_dark,-1.6,1.0455070732925304e-09,2552.705145034877,518.1497095238773,37.60227540602951,298.4772867617408,2.786015055415588e-07,13753303497944442308
I_dark,-2.4000000000000004,7.516487326049726e-10,2475.0294016619155,481.8667099014746,36.16652897024234,304.10393187120707,4.490407003700904e-07,4556256472297801959
I_dark,-1.0,9.63679966987411e-10,2457.046368424285,519.0454313677445,40.52844947169319,303.263443359763,3.329471300076957e-07,17951410366048416543
I_dark,-1.2000000000000002,1.032683367538443e-09,2526.170348943833,478.8149532207128,42.09307571557734,293.4443281911712,2.0075330472304626e-07,12981595077382156139
I_dark,-1.2000000000000002,9.85546704036472e-10,2573.0239327697072,479.3922741661716,39.9154735600532,295.8292447353602,2.283034659536765e-07,12112510911978131146
I_dark,-1.4,1.1421949243104863e-09,2464.085688286918,515.1290966367517,40.96326376678826,298.8654192354596,2.816125585816421e-07,12882774050561771087
I_dark,-1.2000000000000002,8.920412889937107e-10,2700.220283946353,481.8164609958477,41.48473029075561,294.1535226587993,2.2435808522774214e-07,2447368541047246097
I_dark,-2.4000000000000004,9.344027379399094e-10,2510.734791451186,511.4018674256231,36.36815079533651,301.4558439858307,3.703907172634976e-07,13370015301709921327
I_dark,-1.8,1.018423641836786e-09,2420.2103352289205,495.3862399264609,39.18777263938059,307.5354074756815,5.016203775089272e-07,9985116505034206452
I_dark,-1.2000000000000002,9.979877857013674e-10,2496.537246315292,510.00187244466247,38.795972505421744,297.7961123434831,2.432590618058415e-07,1378160361063041439
I_dark,-1.8,9.74908016407874e-10,2433.9347159425315,536.1873069142775,40.58953669016749,293.2225739384997,2.2068364327261405e-07,18393380424088899902
I_dark,-0.8,9.595802013951228e-10,2610.2949574222403,489.9218602044182,42.219532217947325,302.0841812978663,3.101959661178647e-07,11643629726484600332
I_dark,-2.8000000000000003,1.2225799825820127e-09,2598.953191343567,516.8045118894966,39.85430360518959,306.74502895459364,5.674166392015187e-07,17234994038809733169
I_dark,-2.0,1.1621717411232646e-09,2521.3696634346124,503.94444076752967,42.25069338145754,304.38892783295006,4.666553805163952e-07,4374302465450070181
I_dark,-2.6,1.1425395479879979e-09,2554.3812528255967,503.27354733950745,40.19858533526689,297.9110382121584,3.300876534435571e-07,13161242281976296834
I_dark,-2.0,1.0352580576007263e-09,2678.9547588546675,473.131828680381,34.826156523967086,290.8089263982084,1.790274729726088e-07,603198139025932464
I_dark,-2.6,1.0455070732925304e-09,2552.705145034877,518.1497095238773,37.60227540602951,298.4772867617408,3.247248855725805e-07,13753303497944442308
I_dark,-2.6,1.0050965165320695e-09,2414.3235243349927,515.5034020410067,40.79653471954481,301.4383600393062,4.075791312208367e-07,18237334030368139870
I_dark,-2.2,1.0882818479532783e-09,2447.508764517909,466.8571183944717,43.278933930679706,307.8168200832177,5.962961128325236e-07,3262830124868165494
I_dark,-0.6000000000000001,1.0160850161999514e-09,2298.443581617521,494.46825331908406,37.50931802222772,308.1655826328421,3.2757697110443656e-07,4552925917595615164
I_dark,-1.2000000000000002,9.308015570351787e-10,2751.659002613549,471.438867720947,38.31893407640898,299.3638589999156,2.916431749915424e-07,13806398585976261423
I_dark,-0.6000000000000001,9.595802013951228e-10,2610.2949574222403,489.9218602044182,42.219532217947325,302.0841812978663,2.810260476638147e-07,11643629726484600332
I_dark,-1.2000000000000002,9.74908016407874e-10,2433.9347159425315,536.1873069142775,40.58953669016749,293.2225739384997,1.8887896066779865e-07,18393380424088899902
I_dark,-1.0,9.581806245172891e-10,2592.420375814081,497.997415088655,37.83724802001972,293.41915116225954,1.7331621714569785e-07,17533524623644286140
I_dark,-2.0,1.117839944989197e-09,2400.8118901118505,474.17775422532,39.11984591644459,301.1260229250646,3.441351904378269e-07,5355939635520617484
I_dark,-0.4,9.85546704036472e-10,2573.0239327697072,479.3922741661716,39.9154735600532,295.8292447353602,1.495955996514743e-07,12112510911978131146
I_dark,-0.8,1.0109417900146311e-09,2546.474062846718,483.0790058826933,38.96317500489286,311.33012415162744,4.927893423036461e-07,11587428247216890986
I_dark,-1.2000000000000002,1.1942019403763875e-09,2464.50260258804,490.2741317287723,40.32854625878799,294.3650499716886,1.9479584931739098e-07,11892504857466714026
I_dark,-0.2,9.595802013951228e-10,2610.2949574222403,489.9218602044182,42.219532217947325,302.0841812978663,1.7943227874075937e-07,11643629726484600332
I_dark,-3.0,1.0368980362030106e-09,2588.682974046272,505.298163800807,40.78433779833217,301.9145433801493,4.5625941605617097e-07,3703347433873037581
I_dark,-0.8,8.979123523428992e-10,2531.360993910196,491.918494232159,35.793021097389925,308.86985058095934,3.968933947409248e-07,579736006479800074
I_dark,-1.0,1.2225745089622023e-09,2432.279761567632,478.07469592026655,37.79561575023349,300.3431374384869,2.4614571631272603e-07,2216844718377656366
I_dark,-1.4,1.0574423663675307e-09,2585.038533860248,471.3266920396063,42.543125490608695,301.3994726877767,3.605238183043918e-07,2832837163574657009
I_dark,-3.0,9.454134520298419e-10,2570.8338282332857,490.849029568548,38.28868089781682,299.0569098093356,3.657562506227083e-07,8778145279652222064
I_dark,-1.0,9.118663996020179e-10,2651.95019435956,481.7408591707263,38.899871401178025,300.40158819211445,2.849578518252818e-07,17319768135093042826
I_dark,-1.0,8.64757430416121e-10,2613.398572092139,483.2695161383806,39.73131063338137,294.42197627514213,2.005506067487308e-07,1633077101789385956
I_dark,-2.4000000000000004,1.0375673846448864e-09,2379.4103992541063,496.85223216497695,39.047727684139495,305.18782525816323,4.6759287709528483e-07,3141391476646313355
I_dark,-2.4000000000000004,9.91880560193061e-10,2562.543459042286,488.1664551370801,40.47383155665718,295.6008889602198,2.8933088399011855e-07,16069905982438259650
I_dark,-2.0,9.725086180844783e-10,2468.017331565751,490.28733545372194,44.50977871149023,303.263152322465,4.702511310108877e-07,3744802582600429992
I_dark,-1.0,1.0060692139373963e-09,2527.3807724384133,522.7157534573084,43.167246359099664,298.50956140834,2.655969185868304e-07,1367897570274288222
I_dark,-1.6,1.0147448677929011e-09,2607.8117384734032,505.1107398178068,40.31257836583995,298.21936914217434,2.990301733018013e-07,833253205382390921
I_dark,-1.6,7.777840542828623e-10,2445.911024694583,482.1130919467457,41.27682283342508,300.8565986758517,3.661959289505391e-07,13149960228396626776
I_dark,-0.2,8.762920771795992e-10,2597.67569731618,502.646286170094,38.978559546027874,295.06946514256083,1.0454845439020012e-07,2033506848451370756
I_dark,-1.4,1.1774606839117e-09,2487.5677489208106,509.6158544320055,42.33569419095241,299.8381908200232,3.097245566455003e-07,14988660033747214345
I_dark,-2.4000000000000004,9.775160845782078e-10,2577.8004715918664,488.1533623282412,40.35879763032958,294.16913853899604,2.665871628116807e-07,6898913632721408619
I_dark,-1.8,1.0574423663675307e-09,2585.038533860248,471.3266920396063,42.543125490608695,301.3994726877767,3.940312824958349e-07,2832837163574657009
I_dark,-1.4,9.308015570351787e-10,2751.659002613549,471.438867720947,38.31893407640898,299.3638589999156,3.099459194811264e-07,13806398585976261423
I_dark,-0.8,8.622252758820395e-10,2596.9228583838576,499.2028055441836,37.99663516660689,298.18972265332246,2.223147426110053e-07,7681735671422946543
I_dark,-2.2,1.0803651442869379e-09,2531.060987167743,511.9316238370674,40.66002705988115,288.1838349540611,1.724072896015095e-07,17485459239320075305
I_dark,-3.0,9.664729913030388e-10,2627.7330466636663,506.9906344590098,40.06029068650691,301.1540677406581,4.391204470033999e-07,8813459275462154891
I_dark,-1.0,1.013177684158949e-09,2549.0982526102403,506.5025106580401,39.7132385315927,304.62183232922587,3.592538307839021e-07,14934561482547682078
I_dark,-1.4,1.0071535471770136e-09,2369.635821802133,538.5091665951578,40.65637295368661,296.23853018587084,2.374156097412721e-07,6305389621858259219
I_dark,-0.2,9.612679185080118e-10,2493.7557151613,504.62150372842615,37.39117268896573,297.8667082132286,1.1575382898718368e-07,433422742429117681
I_dark,-3.0,1.0676002138658572e-09,2409.8209682971515,478.7831941058398,39.56928699408093,298.75903253628616,3.4431083350990785e-07,3193110456536102066
I_dark,-1.6,1.0511173572717443e-09,2495.130349883853,523.8477826070769,41.27631172344517,301.59948365785385,3.617597007284416e-07,7136007211031035799
I_dark,-2.8000000000000003,1.0572981218607252e-09,2430.584690541649,514.3340907827966,41.04225055349912,296.5414644902,3.093539214916685e-07,16130397955524846863
I_dark,-2.8000000000000003,9.89297888860932e-10,2413.8801533334354,510.75595836241,38.53132745549709,285.1813868750008,1.4258093046070276e-07,6508029577517650568
I_dark,-2.4000000000000004,9.67689959245767e-10,2498.119875502734,535.4265253830317,42.346830624956574,300.5747457097431,4.053252648818766e-07,7167329586276071870
I_dark,-1.6,9.55415883814233e-10,2578.1734587821948,522.0121395253278,38.42173874228168,293.06092698472065,2.0706951970704245e-07,7069279127234648490
I_dark,-1.0,9.612679185080118e-10,2493.7557151613,504.62150372842615,37.39117268896573,297.8667082132286,2.2059304733059178e-07,433422742429117681
I_dark,-0.8,1.0060692139373963e-09,2527.3807724384133,522.7157534573084,43.167246359099664,298.50956140834,2.449732847448332e-07,1367897570274288222
I_dark,-1.8,9.612679185080118e-10,2493.7557151613,504.62150372842615,37.39117268896573,297.8667082132286,2.763041115381052e-07,433422742429117681
I_dark,-0.6000000000000001,1.120623623770265e-09,2459.871490367434,512.0011452017391,38.21649432972869,303.56534322943094,2.6020084931818964e-07,2671493380122846465
I_dark,-2.4000000000000004,9.926993823896762e-10,2332.1716999604114,489.929360905385,39.90607827400121,296.137708789732,2.7502324006880346e-07,8562678507013604755
I_dark,-0.4,1.1425395479879979e-09,2554.3812528255967,503.27354733950745,40.19858533526689,297.9110382121584,1.675243979078512e-07,13161242281976296834
I_dark,-2.0,9.926993823896762e-10,2332.1716999604114,489.929360905385,39.90607827400121,296.137708789732,2.600135800616841e-07,8562678507013604755
I_dark,-0.4,9.308015570351787e-10,2751.659002613549,471.438867720947,38.31893407640898,299.3638589999156,1.9247013349056454e-07,13806398585976261423
I_dark,-2.8000000000000003,9.34880998874723e-10,2658.424632928369,469.5577205631138,37.334947088248434,294.43440760000914,2.7086022242111105e-07,2804036452383970560
I_dark,-0.2,9.603042271636284e-10,2438.0715583385486,503.6957420101608,43.08491203323523,298.5763734449834,1.3739105294519106e-07,2124884718484563516
I_dark,-1.4,1.050818199825069e-09,2510.995503216453,520.189852554912,38.50508417894045,294.1262317171733,2.0392869407227282e-07,17608710593314742079
I_dark,-2.8000000000000003,1.058962492367367e-09,2306.068264987093,513.3151002778768,40.55455133934368,303.4784744400111,4.448700768684378e-07,11723817789070393620
I_dark,-2.8000000000000003,8.220747042076196e-10,2489.354974528123,536.8974000619587,36.589080383233394,294.68809277779184,2.640750027353772e-07,13344013943894260190
I_dark,-1.4,9.756514716409811e-10,2404.497548871577,500.9208966540563,41.62971960161597,300.52976098251094,3.231245156049996e-07,7311808897764695838
I_dark,-2.0,9.979877857013674e-10,2496.537246315292,510.00187244466247,38.795972505421744,297.7961123434831,2.935090649608294e-07,1378160361063041439
I_dark,-0.4,9.32148229008894e-10,2545.124905053194,512.7371789301767,40.07870713980076,299.5411124372077,1.917333198113752e-07,7464429288297915064
I_dark,-0.8,9.54751015148706e-10,2385.841355900724,509.52056648049273,41.08562699346509,303.58650370690776,3.09854051257049e-07,7884238669149658161
I_dark,-2.4000000000000004,1.058962492367367e-09,2306.068264987093,513.3151002778768,40.55455133934368,303.4784744400111,4.258395408812359e-07,11723817789070393620
I_dark,-1.6,8.058950792540601e-10,2412.212725535436,472.1154567367515,38.858183000543626,295.7855807653235,2.474163269550693e-07,7296031158140813817
I_dark,-1.0,1.0050101529814667e-09,2449.206992526188,478.70441149946606,40.80112322251315,299.2329513672896,2.5803532425156813e-07,15255519671477510073
I_dark,-0.4,1.1421949243104863e-09,2464.085688286918,515.1290966367517,40.96326376678826,298.8654192354596,1.7673739687617798e-07,12882774050561771087
I_dark,-2.2,1.058962492367367e-09,2306.068264987093,513.3151002778768,40.55455133934368,303.4784744400111,4.150047477894425e-07,11723817789070393620
I_dark,-2.0,8.241763212999094e-10,2472.357675267654,473.84577322091,39.21856251436128,307.7679942040925,5.595337860529549e-07,14456930291123660273
I_dark,-1.2000000000000002,1.016175641189933e-09,2547.6570837434488,498.1799092392847,42.56757336192149,293.18283111534566,2.0292220492787205e-07,9151669764478585745
I_dark,-1.2000000000000002,1.117839944989197e-09,2400.8118901118505,474.17775422532,39.11984591644459,301.1260229250646,2.866541526120771e-07,5355939635520617484
I_dark,-1.8,9.664729913030388e-10,2627.7330466636663,506.9906344590098,40.06029068650691,301.1540677406581,3.762843575733712e-07,8813459275462154891
I_dark,-1.2000000000000002,9.123213222215395e-10,2625.69228411366,506.617977618184,38.92442853409919,306.1252360546967,4.312788456727793e-07,2928394120619732261
I_dark,-0.6000000000000001,9.663377701466595e-10,2642.527368087266,478.3559331791431,43.40306406282464,301.888862689621,2.8772811381737894e-07,13304175874445473708
I_dark,-0.6000000000000001,8.4981307882089e-10,2622.111610500832,493.1418777793542,40.32755095458103,299.70047987606006,2.370725012365682e-07,5127878088967066821
I_dark,-1.0,8.920412889937107e-10,2700.220283946353,481.8164609958477,41.48473029075561,294.1535226587993,2.0845042200141625e-07,2447368541047246097
I_dark,-0.4,1.0806933086411387e-09,2604.781653428076,466.5836923998952,39.33731057072893,297.69705044733973,1.65765048674534e-07,3371631208540637995
I_dark,-1.0,1.066709170571727e-09,2302.646144768272,474.8978179470865,37.69553984942066,294.1521471075916,1.6273436297702685e-07,3765765162242439701
I_dark,-0.2,9.581806245172891e-10,2592.420375814081,497.997415088655,37.83724802001972,293.41915116225954,8.922999934715679e-08,17533524623644286140
I_dark,-0.8,9.118663996020179e-10,2651.95019435956,481.7408591707263,38.899871401178025,300.40158819211445,2.629090066193995e-07,17319768135093042826
I_dark,-2.8000000000000003,1.000072357945733e-09,2615.067429542859,502.8265147659643,41.97319841319997,303.92619603855775,5.279820680001071e-07,2056914843148536795
I_dark,-2.0,9.371440517713595e-10,2524.6000862506294,475.6202290123848,40.994373738605006,302.9961192294562,4.3548552404873574e-07,10395993465976512970
I_dark,-2.4000000000000004,9.220148370062531e-10,2472.3739758500788,504.5088858703008,41.28793476116813,303.0641722996054,4.590213006358694e-07,7538273554073210114
I_dark,-0.6000000000000001,1.075576112436465e-09,2439.1914792405805,507.5653121861305,41.43318212059344,299.0815860986159,2.120958662373199e-07,8793357247245534573
I_dark,-0.6000000000000001,9.118663996020179e-10,2651.95019435956,481.7408591707263,38.899871401178025,300.40158819211445,2.3791180947267495e-07,17319768135093042826
I_dark,-0.6000000000000001,9.808684991835892e-10,2440.440905080504,475.02919518003887,43.13862383173334,296.64614602139693,1.924629468968979e-07,10893922623691634355
I_dark,-2.8000000000000003,8.762920771795992e-10,2597.67569731618,502.646286170094,38.978559546027874,295.06946514256083,2.935271702144054e-07,2033506848451370756
I_dark,-3.0,1.0352580576007263e-09,2678.9547588546675,473.131828680381,34.826156523967086,290.8089263982084,2.0269721190334018e-07,603198139025932464
I_dark,-3.0,1.0991618704794608e-09,2475.161456337068,505.0064403774024,34.84085283436253,301.39850617403,3.6144616634431314e-07,4837710515318421738
I_dark,-0.8,1.0574423663675307e-09,2585.038533860248,471.3266920396063,42.543125490608695,301.3994726877767,2.9244902891174e-07,2832837163574657009
I_dark,-1.0,9.304065850268983e-10,2472.4930947482308,495.539662311,41.9345213676303,296.5403011366731,2.2748087337408963e-07,1906069974405082520
I_dark,-0.2,9.979877857013674e-10,2496.537246315292,510.00187244466247,38.795972505421744,297.7961123434831,1.188525667653119e-07,1378160361063041439
I_dark,-0.8,1.2225799825820127e-09,2598.953191343567,516.8045118894966,39.85430360518959,306.74502895459364,3.740766157600743e-07,17234994038809733169
I_dark,-1.4,8.354324428057497e-10,2430.182491588309,507.603602235917,36.73791801396338,295.61725668807514,2.1800904778035665e-07,10829525609740651031
I_dark,-1.8,1.013177684158949e-09,2549.0982526102403,506.5025106580401,39.7132385315927,304.62183232922587,4.450578867452622e-07,14934561482547682078
I_dark,-1.6,9.454134520298419e-10,2570.8338282332857,490.849029568548,38.28868089781682,299.0569098093356,3.016963306935672e-07,8778145279652222064
I_dark,-2.2,1.032683367538443e-09,2526.170348943833,478.8149532207128,42.09307571557734,293.4443281911712,2.511691889308013e-07,12981595077382156139
I_dark,-2.6,9.220148370062531e-10,2472.3739758500788,504.5088858703008,41.28793476116813,303.0641722996054,4.696850123367982e-07,7538273554073210114
I_dark,-0.2,9.34880998874723e-10,2658.424632928369,469.5577205631138,37.334947088248434,294.43440760000914,9.634097881519585e-08,2804036452383970560
I_dark,-2.2,9.74908016407874e-10,2433.9347159425315,536.1873069142775,40.58953669016749,293.2225739384997,2.355986305346475e-07,18393380424088899902
I_dark,-2.0,1.0044736023004086e-09,2276.4853940628345,486.8441992232576,38.23677890677304,298.10055132439214,2.744811298121396e-07,15363031408316951214
I_dark,-2.8000000000000003,1.1154637147520875e-09,2350.383805501934,499.6014506673355,39.64774721352306,306.8220229508652,5.343292463576677e-07,15425818973916266975
I_dark,-1.8,1.0368980362030106e-09,2588.682974046272,505.298163800807,40.78433779833217,301.9145433801493,3.91126557261601e-07,3703347433873037581
I_dark,-1.0,9.980121445569454e-10,2387.75545073954,508.7275610680178,38.8972081784186,297.8606493603604,2.2029283921429923e-07,11032972375804727196
I_dark,-0.4,8.89459518994858e-10,2383.601346469497,502.4892009812192,38.55163090195673,309.2198732722366,3.274524554640184e-07,3483175946691254694
I_dark,-2.8000000000000003,8.688108546297864e-10,2646.5653288453154,498.36187777461095,39.94029005251662,299.6218359156308,4.0239550154149714e-07,6517130074721695667
I_dark,-2.0,1.0025105539620802e-09,2526.9743060678943,509.1946075584183,40.75166342427999,301.0515477079729,3.7928027295607147e-07,15180030701036252205
I_dark,-1.4,8.931040101417876e-10,2540.0923303514373,529.7791096206541,38.25394170360681,296.3367780179062,2.4306398907626497e-07,7126979072579706712
I_dark,-2.0,9.570305915597544e-10,2609.011101819734,467.3507151496423,38.45876893881996,290.3471581734896,1.9106714580270202e-07,14219469232104377133
I_dark,-1.0,9.344027379399094e-10,2510.734791451186,511.4018674256231,36.36815079533651,301.4558439858307,2.7161041341164266e-07,13370015301709921327
I_dark,-1.6,9.244750759855351e-10,2606.766252024905,514.7015322051607,39.36697999872778,300.425811364213,3.426066123173e-07,13867644369009061341
I_dark,-2.0,9.973807555784963e-10,2483.6702561944007,499.2076886794748,40.248277237816566,302.09732544564235,3.942410142222739e-07,7286060296444835846
I_dark,-2.8000000000000003,9.67689959245767e-10,2498.119875502734,535.4265253830317,42.346830624956574,300.5747457097431,4.234178532120922e-07,7167329586276071870
I_dark,-2.0,9.244750759855351e-10,2606.766252024905,514.7015322051607,39.36697999872778,300.425811364213,3.6862135753513305e-07,13867644369009061341
I_dark,-0.8,9.454134520298419e-10,2570.8338282332857,490.849029568548,38.28868089781682,299.0569098093356,2.315949688983133e-07,8778145279652222064
I_dark,-1.2000000000000002,1.0976147775803618e-09,2495.918019735696,486.14991613464105,39.05845567786759,297.2376267822416,2.3363267437088205e-07,3779633422659776445
I_dark,-2.4000000000000004,1.018423641836786e-09,2420.2103352289205,495.3862399264609,39.18777263938059,307.5354074756815,5.470521121511327e-07,9985116505034206452
I_dark,-1.8,1.117839944989197e-09,2400.8118901118505,474.17775422532,39.11984591644459,301.1260229250646,3.325589512288135e-07,5355939635520617484
I_dark,-2.6,8.64757430416121e-10,2613.398572092139,483.2695161383806,39.73131063338137,294.42197627514213,2.830619921770965e-07,1633077101789385956
I_dark,-0.6000000000000001,1.243555870393131e-09,2440.816535503744,483.6779599156501,38.81204244575611,302.5323056028984,2.416973503400886e-07,4261926717090881150
I_dark,-2.4000000000000004,7.777840542828623e-10,2445.911024694583,482.1130919467457,41.27682283342508,300.8565986758517,4.157043635227498e-07,13149960228396626776
I_dark,-1.6,9.89963136259949e-10,2542.7024133885266,503.0087467521194,39.0211226249472,305.0510216058231,4.326472017213702e-07,380264510751012186
I_dark,-1.8,9.54751015148706e-10,2385.841355900724,509.52056648049273,41.08562699346509,303.58650370690776,4.167389779362981e-07,7884238669149658161
I_dark,-0.2,1.020786601528739e-09,2414.9946347184086,525.5036010755978,41.93453001893169,295.92616711681853,1.0993243020739496e-07,12935788499417564366
I_dark,-2.4000000000000004,1.1037395013588123e-09,2531.0169366346463,492.6438219382251,36.10636397779454,299.96382807834965,3.271071079528727e-07,5857788625354206728
I_dark,-0.2,9.55415883814233e-10,2578.1734587821948,522.0121395253278,38.42173874228168,293.06092698472065,8.808715252593494e-08,7069279127234648490
I_dark,-3.0,1.0942344693420075e-09,2360.838758300681,491.3731844386217,39.51420947268076,305.7035776891924,5.106837904177724e-07,3134241803077969267
I_dark,-0.4,8.354324428057497e-10,2430.182491588309,507.603602235917,36.73791801396338,295.61725668807514,1.3433083713865562e-07,10829525609740651031
I_dark,-1.6,9.91880560193061e-10,2562.543459042286,488.1664551370801,40.47383155665718,295.6008889602198,2.5281984297058373e-07,16069905982438259650
I_dark,-2.0,1.1395831540373824e-09,2538.761869465952,510.72502895181066,40.87821813200619,300.974125232131,3.70820084382175e-07,3684234868495982631
I_dark,-0.4,9.143704143090119e-10,2444.5179463100326,473.4138143725302,40.94136333558407,299.94201571725745,1.9563910854311746e-07,11714911050137312102
I_dark,-1.6,1.0352580576007263e-09,2678.9547588546675,473.131828680381,34.826156523967086,290.8089263982084,1.656597176972327e-07,603198139025932464
I_dark,-1.8,1.1425395479879979e-09,2554.3812528255967,503.27354733950745,40.19858533526689,297.9110382121584,2.945368313694169e-07,13161242281976296834
I_dark,-0.4,9.118663996020179e-10,2651.95019435956,481.7408591707263,38.899871401178025,300.40158819211445,2.037797875210261e-07,17319768135093042826
I_dark,-0.6000000000000001,9.54751015148706e-10,2385.841355900724,509.52056648049273,41.08562699346509,303.58650370690776,2.808899899647392e-07,7884238669149658161
I_dark,-2.4000000000000004,1.0574423663675307e-09,2585.038533860248,471.3266920396063,42.543125490608695,301.3994726877767,4.314324701872469e-07,2832837163574657009
I_dark,-1.2000000000000002,1.2225799825820127e-09,2598.953191343567,516.8045118894966,39.85430360518959,306.74502895459364,4.31602566908653e-07,17234994038809733169
I_dark,-2.2,9.808684991835892e-10,2440.440905080504,475.02919518003887,43.13862383173334,296.64614602139693,3.100514156443979e-07,10893922623691634355
I_dark,-2.0,1.0728366895058958e-09,2396.471193900285,522.5703607996403,39.66536493364173,302.3426017448898,3.7940520958218323e-07,10539271283961051071
I_dark,-2.4000000000000004,1.120623623770265e-09,2459.871490367434,512.0011452017391,38.21649432972869,303.56534322943094,4.203561356737916e-07,2671493380122846465
I_dark,-1.0,8.4981307882089e-10,2622.111610500832,493.1418777793542,40.32755095458103,299.70047987606006,2.843786349578014e-07,5127878088967066821
I_dark,-0.4,1.0789603531824067e-09,2367.1936347140645,478.9001778930339,37.12870103512795,297.3410066095633,1.419028392277321e-07,4747465828158748725
I_dark,-3.0,1.117839944989197e-09,2400.8118901118505,474.17775422532,39.11984591644459,301.1260229250646,3.880066599721717e-07,5355939635520617484
I_dark,-2.6,8.354324428057497e-10,2430.182491588309,507.603602235917,36.73791801396338,295.61725668807514,2.686481215668937e-07,10829525609740651031
I_dark,-1.6,1.1942019403763875e-09,2464.50260258804,490.2741317287723,40.32854625878799,294.3650499716886,2.181291103497187e-07,11892504857466714026
I_dark,-0.6000000000000001,9.67689959245767e-10,2498.119875502734,535.4265253830317,42.346830624956574,300.5747457097431,2.478636989535092e-07,7167329586276071870
I_dark,-1.6,1.1065063764088472e-09,2603.202340784687,488.6799605874269,40.68035124967265,296.73843693227377,2.70344763939525e-07,2359625090975412513
I_dark,-2.8000000000000003,8.931040101417876e-10,2540.0923303514373,529.7791096206541,38.25394170360681,296.3367780179062,3.0444924575306985e-07,7126979072579706712
I_dark,-1.6,1.1621717411232646e-09,2521.3696634346124,503.94444076752967,42.25069338145754,304.38892783295006,4.338696820149022e-07,4374302465450070181
I_dark,-1.8,9.596807973870107e-10,2396.380469719385,547.2442070596833,39.34847113068841,298.5552181462747,2.9575713676579374e-07,16164245777420927440
I_dark,-0.6000000000000001,1.117839944989197e-09,2400.8118901118505,474.17775422532,39.11984591644459,301.1260229250646,2.2378247243319e-07,5355939635520617484
I_dark,-1.4,1.117839944989197e-09,2400.8118901118505,474.17775422532,39.11984591644459,301.1260229250646,3.043443948270885e-07,5355939635520617484
I_dark,-1.6,9.525981103063824e-10,2521.0178569100235,513.1122387074643,39.33447860201831,299.4635962010897,3.126791713760846e-07,2217437892012799629
I_dark,-0.6000000000000001,1.0789603531824067e-09,2367.1936347140645,478.9001778930339,37.12870103512795,297.3410066095633,1.6603296381861125e-07,4747465828158748725
I_dark,-2.4000000000000004,8.599648780937921e-10,2637.8899539670565,501.9551856304757,39.90381821426863,300.9815905741297,4.174417617800034e-07,14435728251762431223
I_dark,-2.6,9.973807555784963e-10,2483.6702561944007,499.2076886794748,40.248277237816566,302.09732544564235,4.266007133766208e-07,7286060296444835846
I_dark,-2.6,9.50582857470194e-10,2403.738957653681,492.6388454667692,37.10727035463277,300.4554170460457,3.5168212457402577e-07,9184494546452176042
I_dark,-2.2,1.0073410050818803e-09,2574.374612551252,485.6872921198837,42.17824256593523,298.72995545788456,3.559535342442902e-07,9029148243980292461
I_dark,-0.8,1.1396379394271226e-09,2408.4924726992253,490.0725825278824,43.06550150160359,292.35304316269765,1.5500366053880394e-07,10954724855113224492
I_dark,-1.6,9.581806245172891e-10,2592.420375814081,497.997415088655,37.83724802001972,293.41915116225954,2.0934619782440737e-07,17533524623644286140
I_dark,-0.8,9.603042271636284e-10,2438.0715583385486,503.6957420101608,43.08491203323523,298.5763734449834,2.422445979573845e-07,2124884718484563516
I_dark,-2.6,8.058950792540601e-10,2412.212725535436,472.1154567367515,38.858183000543626,295.7855807653235,2.884794260680133e-07,7296031158140813817
I_dark,-1.6,1.08604047901988e-09,2575.5622449220923,476.6697423761544,40.75046782180591,305.2870639056014,4.568894427672042e-07,17451691503515762550
I_dark,-2.2,1.1421949243104863e-09,2464.085688286918,515.1290966367517,40.96326376678826,298.8654192354596,3.288669093859867e-07,12882774050561771087
I_dark,-2.8000000000000003,9.980121445569454e-10,2387.75545073954,508.7275610680178,38.8972081784186,297.8606493603604,3.1618952163799065e-07,11032972375804727196
I_dark,-2.4000000000000004,9.58904338765352e-10,2486.667922677388,495.3304947031063,40.43386356777175,305.1954997344612,5.082224422314029e-07,13052852389533457310
I_dark,-2.4000000000000004,1.0109417900146311e-09,2546.474062846718,483.0790058826933,38.96317500489286,311.33012415162744,7.076869974161571e-07,11587428247216890986
I_dark,-1.2000000000000002,9.682475573035431e-10,2330.6047518253104,479.0686974559265,41.64371883461047,301.63426669668445,3.167826711603066e-07,13640118791446356878
I_dark,-1.0,8.97240116378001e-10,2315.448379676966,519.850638103925,40.31160828282909,292.8565689112594,1.6670013610273458e-07,222992878073105781
I_dark,-1.4,1.2307353848142815e-09,2445.249484887284,482.48119148575233,42.87746783295031,307.55593866537106,4.91299311285913e-07,15038946426069692038
I_dark,-2.0,1.1421949243104863e-09,2464.085688286918,515.1290966367517,40.96326376678826,298.8654192354596,3.1904133542374745e-07,12882774050561771087
I_dark,-1.6,1.011801650795657e-09,2503.197375042157,521.464297637573,42.04226242943757,288.6545802497056,1.651627326844041e-07,14082706842164037214
I_dark,-1.0,1.0455070732925304e-09,2552.705145034877,518.1497095238773,37.60227540602951,298.4772867617408,2.324136124317024e-07,13753303497944442308
I_dark,-2.0,7.516487326049726e-10,2475.0294016619155,481.8667099014746,36.16652897024234,304.10393187120707,4.252069614934855e-07,4556256472297801959
I_dark,-2.0,1.1459805246638944e-09,2630.825732937456,497.4739907663986,41.26661222078493,300.2753689300697,3.699715476975711e-07,12849312948239067464
I_dark,-1.6,8.931040101417876e-10,2540.0923303514373,529.7791096206541,38.25394170360681,296.3367780179062,2.5551735329557017e-07,7126979072579706712
I_dark,-2.6,1.1396379394271226e-09,2408.4924726992253,490.0725825278824,43.06550150160359,292.35304316269765,2.388209573251965e-07,10954724855113224492
I_dark,-1.6,1.1154637147520875e-09,2350.383805501934,499.6014506673355,39.64774721352306,306.8220229508652,4.526180323500921e-07,15425818973916266975
I_dark,-1.0,1.089765313742217e-09,2571.102793798516,524.9230612365601,38.57048554783602,303.1708876105774,3.1895623945539425e-07,4835108955857078241
I_dark,-2.2,1.0109417900146311e-09,2546.474062846718,483.0790058826933,38.96317500489286,311.33012415162744,6.906567951764376e-07,11587428247216890986
I_dark,-1.8,1.0284216851224184e-09,2501.257472196243,454.39559500401634,39.58517778577758,297.0863250737395,2.766709946663321e-07,5302328922938549098
I_dark,-1.8,1.1942019403763875e-09,2464.50260258804,490.2741317287723,40.32854625878799,294.3650499716886,2.2744476388324614e-07,11892504857466714026
I_dark,-0.6000000000000001,1.2225799825820127e-09,2598.953191343567,516.8045118894966,39.85430360518959,306.74502895459364,3.4021848731752415e-07,17234994038809733169
I_dark,-1.2000000000000002,9.663377701466595e-10,2642.527368087266,478.3559331791431,43.40306406282464,301.888862689621,3.6892973978076746e-07,13304175874445473708
I_dark,-1.0,1.0806933086411387e-09,2604.781653428076,466.5836923998952,39.33731057072893,297.69705044733973,2.3403938423589437e-07,3371631208540637995
I_dark,-2.2,9.344027379399094e-10,2510.734791451186,511.4018674256231,36.36815079533651,301.4558439858307,3.6084555281113147e-07,13370015301709921327
I_dark,-0.4,1.0942344693420075e-09,2360.838758300681,491.3731844386217,39.51420947268076,305.7035776891924,2.5735437535513746e-07,3134241803077969267
I_dark,-3.0,1.0849323731926979e-09,2551.147301026894,487.27717818808753,44.82712146868644,302.5978918999191,5.121132072462176e-07,17938021924088880075
I_dark,-1.2000000000000002,1.0511173572717443e-09,2495.130349883853,523.8477826070769,41.27631172344517,301.59948365785385,3.245500061428139e-07,7136007211031035799
I_dark,-1.6,1.0942344693420075e-09,2360.838758300681,491.3731844386217,39.51420947268076,305.7035776891924,4.242032331543952e-07,3134241803077969267
I_dark,-1.0,1.1459805246638944e-09,2630.825732937456,497.4739907663986,41.26661222078493,300.2753689300697,2.878352948489209e-07,12849312948239067464
I_dark,-0.6000000000000001,8.599648780937921e-10,2637.8899539670565,501.9551856304757,39.90381821426863,300.9815905741297,2.5493799441879125e-07,14435728251762431223
I_dark,-1.0,1.0991618704794608e-09,2475.161456337068,505.0064403774024,34.84085283436253,301.39850617403,2.501950636051247e-07,4837710515318421738
I_dark,-1.0,1.000072357945733e-09,2615.067429542859,502.8265147659643,41.97319841319997,303.92619603855775,3.741428159872678e-07,2056914843148536795
I_dark,-0.2,1.0284216851224184e-09,2501.257472196243,454.39559500401634,39.58517778577758,297.0863250737395,1.1486833735844273e-07,5302328922938549098
I_dark,-0.6000000000000001,1.0044736023004086e-09,2276.4853940628345,486.8441992232576,38.23677890677304,298.10055132439214,1.7650207891614765e-07,15363031408316951214
I_dark,-1.0,9.34880998874723e-10,2658.424632928369,469.5577205631138,37.334947088248434,294.43440760000914,1.880687943754748e-07,2804036452383970560
I_dark,-1.0,1.0044736023004086e-09,2276.4853940628345,486.8441992232576,38.23677890677304,298.10055132439214,2.117334834451962e-07,15363031408316951214
I_dark,-2.8000000000000003,1.0686494239643995e-09,2589.61306441484,507.5353543611665,40.55316862193092,296.6314874710408,3.212571415885617e-07,9728360064296503812
I_dark,-0.8,1.006938037138553e-09,2476.033687734913,499.8883185243343,35.52248114367448,306.4489109295662,3.2700151099312e-07,11533471517763731933
I_dark,-2.8000000000000003,8.595939611542648e-10,2643.7199291480506,484.396762738386,41.95641496228942,305.9180523366615,6.159190013211452e-07,15230833052760599040
I_dark,-1.2000000000000002,8.97240116378001e-10,2315.448379676966,519.850638103925,40.31160828282909,292.8565689112594,1.797518616725187e-07,222992878073105781
I_dark,-0.4,9.634928280602635e-10,2455.009212271192,512.2369330710814,40.30940301281442,306.6726054586492,2.939416137819628e-07,9415233787243991652
I_dark,-2.4000000000000004,1.0692616090001279e-09,2445.881237248077,515.6238842072526,38.37558042728467,295.9516778251947,2.66390355928628e-07,2860266914913243763
I_dark,-1.2000000000000002,1.0991618704794608e-09,2475.161456337068,505.0064403774024,34.84085283436253,301.39850617403,2.6835535416117855e-07,4837710515318421738
I_dark,-1.2000000000000002,8.931040101417876e-10,2540.0923303514373,529.7791096206541,38.25394170360681,296.3367780179062,2.283086421082373e-07,7126979072579706712
I_dark,-1.0,9.371440517713595e-10,2524.6000862506294,475.6202290123848,40.994373738605006,302.9961192294562,3.384204737757629e-07,10395993465976512970
I_dark,-3.0,8.599648780937921e-10,2637.8899539670565,501.9551856304757,39.90381821426863,300.9815905741297,4.449144831721259e-07,14435728251762431223
I_dark,-2.2,8.688108546297864e-10,2646.5653288453154,498.36187777461095,39.94029005251662,299.6218359156308,3.748363663745831e-07,6517130074721695667
I_dark,-2.8000000000000003,1.0882818479532783e-09,2447.508764517909,466.8571183944717,43.278933930679706,307.8168200832177,6.385196642165043e-07,3262830124868165494
I_dark,-1.8,1.08604047901988e-09,2575.5622449220923,476.6697423761544,40.75046782180591,305.2870639056014,4.747066908054675e-07,17451691503515762550
I_dark,-2.6,9.595802013951228e-10,2610.2949574222403,489.9218602044182,42.219532217947325,302.0841812978663,4.681554284786421e-07,11643629726484600332
I_dark,-0.8,9.42387899986183e-10,2596.3418775504824,506.9916211367261,42.54178389838287,305.55199671356803,3.8900135735995083e-07,3392607520233113049
I_dark,-0.2,1.1425395479879979e-09,2554.3812528255967,503.27354733950745,40.19858533526689,297.9110382121584,1.2324523932678574e-07,13161242281976296834
I_dark,-2.0,8.058950792540601e-10,2412.212725535436,472.1154567367515,38.858183000543626,295.7855807653235,2.6662481884139975e-07,7296031158140813817
I_dark,-3.0,1.1395831540373824e-09,2538.761869465952,510.72502895181066,40.87821813200619,300.974125232131,4.183801699347992e-07,3684234868495982631
I_dark,-2.8000000000000003,9.454134520298419e-10,2570.8338282332857,490.849029568548,38.28868089781682,299.0569098093356,3.587571825127297e-07,8778145279652222064
I_dark,-0.6000000000000001,9.34880998874723e-10,2658.424632928369,469.5577205631138,37.334947088248434,294.43440760000914,1.555723841617873e-07,2804036452383970560
I_dark,-0.2,1.0941860864671191e-09,2539.112215454232,503.69324532533454,39.339075937042885,294.39428351617613,9.524471837472969e-08,12823118457006761398
I_dark,-1.0,9.808684991835892e-10,2440.440905080504,475.02919518003887,43.13862383173334,296.64614602139693,2.3218515317739695e-07,10893922623691634355
I_dark,-1.6,8.4981307882089e-10,2622.111610500832,493.1418777793542,40.32755095458103,299.70047987606006,3.416352797983279e-07,5127878088967066821
I_dark,-2.0,8.64757430416121e-10,2613.398572092139,483.2695161383806,39.73131063338137,294.42197627514213,2.6126050007973e-07,1633077101789385956
I_dark,-0.2,9.664729913030388e-10,2627.7330466636663,506.9906344590098,40.06029068650691,301.1540677406581,1.6065260679753205e-07,8813459275462154891
I_dark,-1.2000000000000002,1.0308127820747194e-09,2437.7200106987866,482.5972990901911,40.648465379108416,299.4728047413536,2.779267035173413e-07,18026431441542812131
I_dark,-1.8,1.0933784852654091e-09,2410.884334287086,539.0569290920441,39.62193192256099,289.3285700165644,1.6218141835465208e-07,16519722322841066187
I_dark,-1.4,1.25959298622376e-09,2354.3009197629594,499.1918367180637,40.77134716523017,305.22981462209646,3.947191721879514e-07,128968913270984251
I_dark,-1.0,9.67689959245767e-10,2498.119875502734,535.4265253830317,42.346830624956574,300.5747457097431,2.9793182778045974e-07,7167329586276071870
I_dark,-1.6,1.006938037138553e-09,2476.033687734913,499.8883185243343,35.52248114367448,306.4489109295662,4.2030780898702793e-07,11533471517763731933
I_dark,-2.0,1.000096056099185e-09,2446.239819629679,503.61049666576776,43.101977222602514,303.9832024614659,4.687581010068113e-07,13944279034983237670
I_dark,-1.4,1.08604047901988e-09,2575.5622449220923,476.6697423761544,40.75046782180591,305.2870639056014,4.361358504937459e-07,17451691503515762550
I_dark,-1.4,9.304065850268983e-10,2472.4930947482308,495.539662311,41.9345213676303,296.5403011366731,2.6054243296607084e-07,1906069974405082520
I_dark,-1.6,1.2225799825820127e-09,2598.953191343567,516.8045118894966,39.85430360518959,306.74502895459364,4.785663586746557e-07,17234994038809733169
I_dark,-0.8,1.0203477325736783e-09,2420.870896846657,485.827773341465,41.83782044136868,301.83723728961854,2.824748744993733e-07,4106527973129540887
I_dark,-0.6000000000000001,8.920412889937107e-10,2700.220283946353,481.8164609958477,41.48473029075561,294.1535226587993,1.731320596771829e-07,2447368541047246097
I_dark,-2.6,1.000072357945733e-09,2615.067429542859,502.8265147659643,41.97319841319997,303.92619603855775,5.171820959752805e-07,2056914843148536795
I_dark,-1.0,1.1942019403763875e-09,2464.50260258804,490.2741317287723,40.32854625878799,294.3650499716886,1.812653306150072e-07,11892504857466714026
I_dark,-1.2000000000000002,9.67689959245767e-10,2498.119875502734,535.4265253830317,42.346830624956574,300.5747457097431,3.199158021939553e-07,7167329586276071870
I_dark,-1.6,9.595802013951228e-10,2610.2949574222403,489.9218602044182,42.219532217947325,302.0841812978663,4.0170457318703014e-07,11643629726484600332
I_dark,-0.6000000000000001,1.1774606839117e-09,2487.5677489208106,509.6158544320055,42.33569419095241,299.8381908200232,2.2754049960794625e-07,14988660033747214345
I_dark,-1.6,1.020786601528739e-09,2414.9946347184086,525.5036010755978,41.93453001893169,295.92616711681853,2.5400691068904404e-07,12935788499417564366
I_dark,-0.4,1.0976147775803618e-09,2495.918019735696,486.14991613464105,39.05845567786759,297.2376267822416,1.5392971097136606e-07,3779633422659776445
I_dark,-2.2,1.0727653122619132e-09,2512.3283017034155,474.34077412964,42.74916053103488,290.5746947786968,2.109374188253625e-07,4757004652079025251
I_dark,-1.2000000000000002,9.136850961862703e-10,2400.1705034771794,499.3175315176618,39.85562670167986,300.93280864091923,3.005171557600005e-07,689847661215077168
I_dark,-0.2,9.58904338765352e-10,2486.667922677388,495.3304947031063,40.43386356777175,305.1954997344612,2.0360067086846282e-07,13052852389533457310
I_dark,-2.4000000000000004,9.74908016407874e-10,2433.9347159425315,536.1873069142775,40.58953669016749,293.2225739384997,2.419637137509137e-07,18393380424088899902
I_dark,-2.6,9.808684991835892e-10,2440.440905080504,475.02919518003887,43.13862383173334,296.64614602139693,3.257755963030288e-07,10893922623691634355
I_dark,-2.6,9.32148229008894e-10,2545.124905053194,512.7371789301767,40.07870713980076,299.5411124372077,3.76246258082141e-07,7464429288297915064
I_dark,-0.4,9.664729913030388e-10,2627.7330466636663,506.9906344590098,40.06029068650691,301.1540677406581,2.16487891343149e-07,8813459275462154891
I_dark,-2.0,1.1065063764088472e-09,2603.202340784687,488.6799605874269,40.68035124967265,296.73843693227377,2.91862339705602e-07,2359625090975412513
I_dark,-0.4,8.241763212999094e-10,2472.357675267654,473.84577322091,39.21856251436128,307.7679942040925,3.171193707864038e-07,14456930291123660273
I_dark,-2.8000000000000003,1.050818199825069e-09,2510.995503216453,520.189852554912,38.50508417894045,294.1262317171733,2.5627821614888764e-07,17608710593314742079
I_dark,-0.4,8.75983736068783e-10,2627.978517028968,489.37942559949954,40.91913452211564,297.20307373531364,1.742070959702456e-07,5144607327742428380
I_dark,-2.2,9.304065850268983e-10,2472.4930947482308,495.539662311,41.9345213676303,296.5403011366731,3.050300401696414e-07,1906069974405082520
I_dark,-1.6,9.808684991835892e-10,2440.440905080504,475.02919518003887,43.13862383173334,296.64614602139693,2.792760879614616e-07,10893922623691634355
I_dark,-2.8000000000000003,1.120623623770265e-09,2459.871490367434,512.0011452017391,38.21649432972869,303.56534322943094,4.389929427519269e-07,2671493380122846465
I_dark,-1.6,1.0308127820747194e-09,2437.7200106987866,482.5972990901911,40.648465379108416,299.4728047413536,3.0999425580290705e-07,18026431441542812131
I_dark,-2.2,1.1621717411232646e-09,2521.3696634346124,503.94444076752967,42.25069338145754,304.38892783295006,4.805765345126981e-07,4374302465450070181
I_dark,-2.6,1.0728366895058958e-09,2396.471193900285,522.5703607996403,39.66536493364173,302.3426017448898,4.098694247258902e-07,10539271283961051071
I_dark,-3.0,1.0727510291740675e-09,2408.6350240081065,515.7307920217833,36.322106531247385,300.55707391972635,3.517769002254229e-07,16501516911797089168
I_dark,-0.4,9.63679966987411e-10,2457.046368424285,519.0454313677445,40.52844947169319,303.263443359763,2.381344057960013e-07,17951410366048416543
I_dark,-2.6,8.8914003988915e-10,2578.309809077789,484.4641187531683,42.13424050837239,300.34884642744885,4.244166724144894e-07,59563343903943478
I_dark,-1.6,9.162514515645111e-10,2366.748252214537,515.4599435910573,36.43861892729903,303.676124223718,3.584095409599568e-07,17492872546512810480
I_dark,-1.8,1.0676002138658572e-09,2409.8209682971515,478.7831941058398,39.56928699408093,298.75903253628616,2.9456252491374495e-07,3193110456536102066
I_dark,-1.6,1.1395831540373824e-09,2538.761869465952,510.72502895181066,40.87821813200619,300.974125232131,3.441941792434451e-07,3684234868495982631
I_dark,-1.4,9.58904338765352e-10,2486.667922677388,495.3304947031063,40.43386356777175,305.1954997344612,4.268203518857388e-07,13052852389533457310
I_dark,-1.8,9.143704143090119e-10,2444.5179463100326,473.4138143725302,40.94136333558407,299.94201571725745,3.422903317338787e-07,11714911050137312102
I_dark,-2.6,8.220747042076196e-10,2489.354974528123,536.8974000619587,36.589080383233394,294.68809277779184,2.585826325456558e-07,13344013943894260190
I_dark,-2.4000000000000004,1.25959298622376e-09,2354.3009197629594,499.1918367180637,40.77134716523017,305.22981462209646,4.681988663973983e-07,128968913270984251
I_dark,-0.8,8.758150413106088e-10,2554.792538970499,492.8309420700668,37.207464786418186,297.95471711920453,2.1194302796841205e-07,14100953261967155807
I_dark,-0.2,8.931040101417876e-10,2540.0923303514373,529.7791096206541,38.25394170360681,296.3367780179062,1.0949156574788505e-07,7126979072579706712
I_dark,-1.0,8.595939611542648e-10,2643.7199291480506,484.396762738386,41.95641496228942,305.9180523366615,4.359082350650007e-07,15230833052760599040
I_dark,-1.8,1.0285344586119835e-09,2525.852161033123,522.4809638175516,38.89567254871546,292.9930878390376,2.1108105591242362e-07,3933886296999063760
I_dark,-3.0,1.0191682032973931e-09,2560.240612715575,475.6482256289376,41.11142736058992,291.8506686301862,2.472693780309737e-07,14547390297170085011
I_dark,-1.0,1.0933784852654091e-09,2410.884334287086,539.0569290920441,39.62193192256099,289.3285700165644,1.281971980155773e-07,16519722322841066187
I_dark,-2.8000000000000003,9.143704143090119e-10,2444.5179463100326,473.4138143725302,40.94136333558407,299.94201571725745,3.917055410841209e-07,11714911050137312102
I_dark,-0.2,9.682475573035431e-10,2330.6047518253104,479.0686974559265,41.64371883461047,301.63426669668445,1.5760471650681728e-07,13640118791446356878
I_dark,-0.8,1.000096056099185e-09,2446.239819629679,503.61049666576776,43.101977222602514,303.9832024614659,3.3803753896375455e-07,13944279034983237670
I_dark,-1.8,1.1395831540373824e-09,2538.761869465952,510.72502895181066,40.87821813200619,300.974125232131,3.582917564656357e-07,3684234868495982631
I_dark,-1.6,1.0025105539620802e-09,2526.9743060678943,509.1946075584183,40.75166342427999,301.0515477079729,3.52085283272755e-07,15180030701036252205
I_dark,-2.8000000000000003,9.581806245172891e-10,2592.420375814081,497.997415088655,37.83724802001972,293.41915116225954,2.5123966871421493e-07,17533524623644286140
I_dark,-2.2,1.120623623770265e-09,2459.871490367434,512.0011452017391,38.21649432972869,303.56534322943094,4.097936263813053e-07,2671493380122846465
I_dark,-2.2,1.104689398918354e-09,2572.8324404304963,485.2307246352714,40.714467773434976,300.93677074401546,3.870569368483382e-07,9216328605101287225
I_dark,-0.6000000000000001,1.0455070732925304e-09,2552.705145034877,518.1497095238773,37.60227540602951,298.4772867617408,1.9313859678276706e-07,13753303497944442308
I_dark,-1.4,9.54751015148706e-10,2385.841355900724,509.52056648049273,41.08562699346509,303.58650370690776,3.818154026232692e-07,7884238669149658161
I_dark,-0.6000000000000001,1.1421949243104863e-09,2464.085688286918,515.1290966367517,40.96326376678826,298.8654192354596,2.0640673023865802e-07,12882774050561771087
I_dark,-1.6,9.926993823896762e-10,2332.1716999604114,489.929360905385,39.90607827400121,296.137708789732,2.412776491342416e-07,8562678507013604755
I_dark,-1.2000000000000002,1.1425395479879979e-09,2554.3812528255967,503.27354733950745,40.19858533526689,297.9110382121584,2.536172897199075e-07,13161242281976296834
I_dark,-2.4000000000000004,9.808684991835892e-10,2440.440905080504,475.02919518003887,43.13862383173334,296.64614602139693,3.182869750103805e-07,10893922623691634355
I_dark,-2.2,8.931040101417876e-10,2540.0923303514373,529.7791096206541,38.25394170360681,296.3367780179062,2.837298619788111e-07,7126979072579706712
I_dark,-1.2000000000000002,9.297325788733188e-10,2376.6983706631413,516.0358029995954,38.08606385532588,297.3563844788412,2.271433258242227e-07,3212080770719938515
I_dark,-0.8,1.0375673846448864e-09,2379.4103992541063,496.85223216497695,39.047727684139495,305.18782525816323,3.207621995495415e-07,3141391476646313355
I_dark,-0.4,1.2225745089622023e-09,2432.279761567632,478.07469592026655,37.79561575023349,300.3431374384869,1.756348702582161e-07,2216844718377656366
I_dark,-0.4,1.1396379394271226e-09,2408.4924726992253,490.0725825278824,43.06550150160359,292.35304316269765,1.189675157925242e-07,10954724855113224492
I_dark,-2.8000000000000003,1.0040157435828723e-09,2421.1156291426087,502.3421578152334,38.33334239027114,293.10089722857373,2.347861719442261e-07,12886194249589357920
I_dark,-1.6,1.0050101529814667e-09,2449.206992526188,478.70441149946606,40.80112322251315,299.2329513672896,3.093053897259576e-07,15255519671477510073
I_dark,-2.4000000000000004,1.000096056099185e-09,2446.239819629679,503.61049666576776,43.101977222602514,303.9832024614659,4.947324871896462e-07,13944279034983237670
I_dark,-0.8,9.920951194363948e-10,2484.0228854962547,482.5603784265586,38.422268984819695,304.0303353891022,3.0627293684932265e-07,2314355766595058403
I_dark,-0.8,8.8914003988915e-10,2578.309809077789,484.4641187531683,42.13424050837239,300.34884642744885,2.8036225273887856e-07,59563343903943478
I_dark,-1.4,8.97240116378001e-10,2315.448379676966,519.850638103925,40.31160828282909,292.8565689112594,1.9173437301849625e-07,222992878073105781
I_dark,-2.4000000000000004,1.0368980362030106e-09,2588.682974046272,505.298163800807,40.78433779833217,301.9145433801493,4.28033396516524e-07,3703347433873037581
I_dark,-2.6,9.16382362452114e-10,2549.3338723326283,483.7915671011157,41.484417545989686,302.7283665488111,4.7501419809573e-07,779010489516208886
I_dark,-0.4,1.0375673846448864e-09,2379.4103992541063,496.85223216497695,39.047727684139495,305.18782525816323,2.497486268284864e-07,3141391476646313355
I_dark,-1.8,1.0203477325736783e-09,2420.870896846657,485.827773341465,41.83782044136868,301.83723728961854,3.80621512964825e-07,4106527973129540887
I_dark,-2.2,1.066709170571727e-09,2302.646144768272,474.8978179470865,37.69553984942066,294.1521471075916,2.1809883734856493e-07,3765765162242439701
I_dark,-1.6,9.596807973870107e-10,2396.380469719385,547.2442070596833,39.34847113068841,298.5552181462747,2.8420293310209094e-07,16164245777420927440
I_dark,-1.4,9.123213222215395e-10,2625.69228411366,506.617977618184,38.92442853409919,306.1252360546967,4.5728411307060683e-07,2928394120619732261
I_dark,-3.0,1.0789603531824067e-09,2367.1936347140645,478.9001778930339,37.12870103512795,297.3410066095633,2.9152429720148386e-07,4747465828158748725
I_dark,-0.2,1.1459805246638944e-09,2630.825732937456,497.4739907663986,41.26661222078493,300.2753689300697,1.5171737565159385e-07,12849312948239067464
I_dark,-2.8000000000000003,1.075576112436465e-09,2439.1914792405805,507.5653121861305,41.43318212059344,299.0815860986159,3.632940581919217e-07,8793357247245534573
I_dark,-2.6,1.0789603531824067e-09,2367.1936347140645,478.9001778930339,37.12870103512795,297.3410066095633,2.798094553024989e-07,4747465828158748725
I_dark,-2.6,8.836751126639038e-10,2477.068135205752,531.0701614185327,43.11434944357355,296.9231984392292,3.425836202873307e-07,18058330792975761325
I_dark,-1.4,1.0375673846448864e-09,2379.4103992541063,496.85223216497695,39.047727684139495,305.18782525816323,3.9420073724832973e-07,3141391476646313355
I_dark,-2.8000000000000003,1.0147448677929011e-09,2607.8117384734032,505.1107398178068,40.31257836583995,298.21936914217434,3.573407868806022e-07,833253205382390921
I_dark,-1.8,9.63679966987411e-10,2457.046368424285,519.0454313677445,40.52844947169319,303.263443359763,4.1300629428276746e-07,17951410366048416543
I_dark,-0.4,9.304065850268983e-10,2472.4930947482308,495.539662311,41.9345213676303,296.5403011366731,1.6151822208625457e-07,1906069974405082520
I_dark,-2.8000000000000003,9.344027379399094e-10,2510.734791451186,511.4018674256231,36.36815079533651,301.4558439858307,3.871191035775887e-07,13370015301709921327
I_dark,-2.8000000000000003,8.89459518994858e-10,2383.601346469497,502.4892009812192,38.55163090195673,309.2198732722366,6.3034489234845e-07,3483175946691254694
I_dark,-1.6,9.920951194363948e-10,2484.0228854962547,482.5603784265586,38.422268984819695,304.0303353891022,3.953979705422322e-07,2314355766595058403
I_dark,-2.4000000000000004,8.354324428057497e-10,2430.182491588309,507.603602235917,36.73791801396338,295.61725668807514,2.623861223182932e-07,10829525609740651031
I_dark,-1.2000000000000002,1.0375673846448864e-09,2379.4103992541063,496.85223216497695,39.047727684139495,305.18782525816323,3.719861819630498e-07,3141391476646313355
I_dark,-2.6,9.123213222215395e-10,2625.69228411366,506.617977618184,38.92442853409919,306.1252360546967,5.566738798057391e-07,2928394120619732261
I_dark,-2.2,1.006938037138553e-09,2476.033687734913,499.8883185243343,35.52248114367448,306.4489109295662,4.638314308257822e-07,11533471517763731933
I_dark,-2.6,1.0727510291740675e-09,2408.6350240081065,515.7307920217833,36.322106531247385,300.55707391972635,3.377872777965898e-07,16501516911797089168
I_dark,-3.0,1.011801650795657e-09,2503.197375042157,521.464297637573,42.04226242943757,288.6545802497056,2.032745008650747e-07,14082706842164037214
I_dark,-2.8000000000000003,1.0375673846448864e-09,2379.4103992541063,496.85223216497695,39.047727684139495,305.18782525816323,4.880275414134229e-07,3141391476646313355
I_dark,-1.8,1.2225745089622023e-09,2432.279761567632,478.07469592026655,37.79561575023349,300.3431374384869,3.056639685004956e-07,2216844718377656366
I_dark,-0.2,1.0285344586119835e-09,2525.852161033123,522.4809638175516,38.89567254871546,292.9930878390376,8.62523855857735e-08,3933886296999063760
I_dark,-1.2000000000000002,1.089765313742217e-09,2571.102793798516,524.9230612365601,38.57048554783602,303.1708876105774,3.418080185048869e-07,4835108955857078241
I_dark,-1.4,9.162514515645111e-10,2366.748252214537,515.4599435910573,36.43861892729903,303.676124223718,3.415390605237403e-07,17492872546512810480
I_dark,-2.8000000000000003,1.1942019403763875e-09,2464.50260258804,490.2741317287723,40.32854625878799,294.3650499716886,2.61703478616684e-07,11892504857466714026
I_dark,-0.6000000000000001,9.371440517713595e-10,2524.6000862506294,475.6202290123848,40.994373738605006,302.9961192294562,2.831883362629519e-07,10395993465976512970
I_dark,-1.8,1.1774606839117e-09,2487.5677489208106,509.6158544320055,42.33569419095241,299.8381908200232,3.386841463769728e-07,14988660033747214345
I_dark,-0.6000000000000001,1.1154637147520875e-09,2350.383805501934,499.6014506673355,39.64774721352306,306.8220229508652,3.1996559627381413e-07,15425818973916266975
I_dark,-2.2,1.020786601528739e-09,2414.9946347184086,525.5036010755978,41.93453001893169,295.92616711681853,2.828025214490738e-07,12935788499417564366
I_dark,-2.4000000000000004,1.050818199825069e-09,2510.995503216453,520.189852554912,38.50508417894045,294.1262317171733,2.449903336291843e-07,17608710593314742079
I_dark,-2.6,1.0942344693420075e-09,2360.838758300681,491.3731844386217,39.51420947268076,305.7035776891924,4.910175863255081e-07,3134241803077969267
I_dark,-0.8,1.1621717411232646e-09,2521.3696634346124,503.94444076752967,42.25069338145754,304.38892783295006,3.374492314833758e-07,4374302465450070181
I_dark,-3.0,9.74908016407874e-10,2433.9347159425315,536.1873069142775,40.58953669016749,293.2225739384997,2.580766277058531e-07,18393380424088899902
I_dark,-2.6,9.162514515645111e-10,2366.748252214537,515.4599435910573,36.43861892729903,303.676124223718,4.166410149560369e-07,17492872546512810480
I_dark,-0.2,9.50582857470194e-10,2403.738957653681,492.6388454667692,37.10727035463277,300.4554170460457,1.3295168162624692e-07,9184494546452176042
I_dark,-1.6,8.762920771795992e-10,2597.67569731618,502.646286170094,38.978559546027874,295.06946514256083,2.459295674908984e-07,2033506848451370756
I_dark,-2.4000000000000004,9.85546704036472e-10,2573.0239327697072,479.3922741661716,39.9154735600532,295.8292447353602,2.913593049195423e-07,12112510911978131146
I_dark,-2.8000000000000003,9.136850961862703e-10,2400.1705034771794,499.3175315176618,39.85562670167986,300.93280864091923,3.9944399113873913e-07,689847661215077168
I_dark,-0.8,1.0942344693420075e-09,2360.838758300681,491.3731844386217,39.51420947268076,305.7035776891924,3.300202483764503e-07,3134241803077969267
I_dark,-2.4000000000000004,8.75983736068783e-10,2627.978517028968,489.37942559949954,40.91913452211564,297.20307373531364,3.3865112753920534e-07,5144607327742428380
I_dark,-2.4000000000000004,1.1425395479879979e-09,2554.3812528255967,503.27354733950745,40.19858533526689,297.9110382121584,3.224487936468576e-07,13161242281976296834
I_dark,-2.6,1.018423641836786e-09,2420.2103352289205,495.3862399264609,39.18777263938059,307.5354074756815,5.595201910314599e-07,9985116505034206452
I_dark,-2.8000000000000003,8.920412889937107e-10,2700.220283946353,481.8164609958477,41.48473029075561,294.1535226587993,3.0194305747861977e-07,2447368541047246097
I_dark,-2.4000000000000004,1.006299553709699e-09,2596.53014928976,491.578961058072,40.01001805266426,305.28831051478386,5.176157323426736e-07,6325844468188908084
I_dark,-3.0,9.663377701466595e-10,2642.527368087266,478.3559331791431,43.40306406282464,301.888862689621,4.99341767895724e-07,13304175874445473708
I_dark,-1.8,1.0991618704794608e-09,2475.161456337068,505.0064403774024,34.84085283436253,301.39850617403,3.1064544248651934e-07,4837710515318421738
I_dark,-2.6,9.928313705154955e-10,2556.196978076177,523.0189213691006,40.51326020590248,298.8914974420704,3.621241453161255e-07,903425415547655004
I_dark,-0.4,9.682475573035431e-10,2330.6047518253104,479.0686974559265,41.64371883461047,301.63426669668445,2.1175242116454438e-07,13640118791446356878
I_dark,-1.6,1.0686494239643995e-09,2589.61306441484,507.5353543611665,40.55316862193092,296.6314874710408,2.683708469981447e-07,9728360064296503812
I_dark,-1.2000000000000002,1.000096056099185e-09,2446.239819629679,503.61049666576776,43.101977222602514,303.9832024614659,3.926431385689874e-07,13944279034983237670
I_dark,-2.4000000000000004,1.0511173572717443e-09,2495.130349883853,523.8477826070769,41.27631172344517,301.59948365785385,4.120292356544429e-07,7136007211031035799
I_dark,-2.4000000000000004,9.920951194363948e-10,2484.0228854962547,482.5603784265586,38.422268984819695,304.0303353891022,4.4819617574646774e-07,2314355766595058403
I_dark,-1.8,9.725086180844783e-10,2468.017331565751,490.28733545372194,44.50977871149023,303.263152322465,4.549547231642552e-07,3744802582600429992
I_dark,-0.4,1.0705485436227222e-09,2590.7468930890127,531.0534862964538,41.61731424149927,306.85396396460635,3.1430613538522854e-07,4155552024635161694
I_dark,-1.8,1.2225799825820127e-09,2598.953191343567,516.8045118894966,39.85430360518959,306.74502895459364,4.974135010874128e-07,17234994038809733169
I_dark,-1.8,1.0073410050818803e-09,2574.374612551252,485.6872921198837,42.17824256593523,298.72995545788456,3.335094056577947e-07,9029148243980292461
I_dark,-0.8,1.1154637147520875e-09,2350.383805501934,499.6014506673355,39.64774721352306,306.8220229508652,3.5282540495361094e-07,15425818973916266975
I_dark,-1.6,9.775160845782078e-10,2577.8004715918664,488.1533623282412,40.35879763032958,294.16913853899604,2.333861314729667e-07,6898913632721408619
I_dark,-0.2,9.808684991835892e-10,2440.440905080504,475.02919518003887,43.13862383173334,296.64614602139693,1.2025718875882845e-07,10893922623691634355
I_dark,-1.8,9.308015570351787e-10,2751.659002613549,471.438867720947,38.31893407640898,299.3638589999156,3.387425155679005e-07,13806398585976261423
I_dark,-2.6,1.0368980362030106e-09,2588.682974046272,505.298163800807,40.78433779833217,301.9145433801493,4.381268848434842e-07,3703347433873037581
I_dark,-3.0,8.920412889937107e-10,2700.220283946353,481.8164609958477,41.48473029075561,294.1535226587993,3.079982853788781e-07,2447368541047246097
I_dark,-1.8,1.0044736023004086e-09,2276.4853940628345,486.8441992232576,38.23677890677304,298.10055132439214,2.6512148413867604e-07,15363031408316951214
I_dark,-1.0,8.584521018906483e-10,2718.2749419682723,482.1832227724541,38.88005077046229,301.691940704981,3.1822485362517546e-07,3494250555080783753
I_dark,-2.4000000000000004,1.1421949243104863e-09,2464.085688286918,515.1290966367517,40.96326376678826,298.8654192354596,3.377492676096552e-07,12882774050561771087
I_dark,-1.6,1.032683367538443e-09,2526.170348943833,478.8149532207128,42.09307571557734,293.4443281911712,2.251843236774704e-07,12981595077382156139
I_dark,-0.6000000000000001,1.011801650795657e-09,2503.197375042157,521.464297637573,42.04226242943757,288.6545802497056,1.1266652097850001e-07,14082706842164037214
I_dark,-0.6000000000000001,9.89963136259949e-10,2542.7024133885266,503.0087467521194,39.0211226249472,305.0510216058231,3.0484299833289e-07,380264510751012186
I_dark,-1.2000000000000002,9.55415883814233e-10,2578.1734587821948,522.0121395253278,38.42173874228168,293.06092698472065,1.844469991936827e-07,7069279127234648490
I_dark,-2.6,1.089765313742217e-09,2571.102793798516,524.9230612365601,38.57048554783602,303.1708876105774,4.411278962057449e-07,4835108955857078241
I_dark,-3.0,9.595802013951228e-10,2610.2949574222403,489.9218602044182,42.219532217947325,302.0841812978663,4.874660967862107e-07,11643629726484600332
I_dark,-2.0,8.981476672986597e-10,2648.7144938153992,484.4392889131667,39.21209704786501,303.00410991721293,4.352573928635233e-07,10990274489596691850
I_dark,-0.2,8.599648780937921e-10,2637.8899539670565,501.9551856304757,39.90381821426863,300.9815905741297,1.619816423865623e-07,14435728251762431223
I_dark,-2.8000000000000003,1.1421949243104863e-09,2464.085688286918,515.1290966367517,40.96326376678826,298.8654192354596,3.5330554721169765e-07,12882774050561771087
I_dark,-2.2,1.0272364839515192e-09,2572.148319494551,521.8227614311556,39.43236728729266,296.39638250989714,2.8702403226566977e-07,12816177013697617925
I_dark,-2.4000000000000004,1.0040157435828723e-09,2421.1156291426087,502.3421578152334,38.33334239027114,293.10089722857373,2.244643257749272e-07,12886194249589357920
I_dark,-1.4,8.836751126639038e-10,2477.068135205752,531.0701614185327,43.11434944357355,296.9231984392292,2.795874272620533e-07,18058330792975761325
I_dark,-1.4,1.0203477325736783e-09,2420.870896846657,485.827773341465,41.83782044136868,301.83723728961854,3.483967651613296e-07,4106527973129540887
I_dark,-0.2,9.297325788733188e-10,2376.6983706631413,516.0358029995954,38.08606385532588,297.3563844788412,1.1057235715497921e-07,3212080770719938515
I_dark,-0.2,8.75983736068783e-10,2627.978517028968,489.37942559949954,40.91913452211564,297.20307373531364,1.278466584356208e-07,5144607327742428380
I_dark,-1.0,1.0025105539620802e-09,2526.9743060678943,509.1946075584183,40.75166342427999,301.0515477079729,2.941805817596895e-07,15180030701036252205
I_dark,-1.4,8.762920771795992e-10,2597.67569731618,502.646286170094,38.978559546027874,295.06946514256083,2.3381421144317145e-07,2033506848451370756
I_dark,-1.6,1.0073410050818803e-09,2574.374612551252,485.6872921198837,42.17824256593523,298.72995545788456,3.201867880698405e-07,9029148243980292461
I_dark,-1.4,9.431291378149591e-10,2617.847164727645,540.4486468445567,38.69622270488729,301.9657628923453,3.5064205661945654e-07,11854955608364436255
I_dark,-3.0,1.0572981218607252e-09,2430.584690541649,514.3340907827966,41.04225055349912,296.5414644902,3.154540288233702e-07,16130397955524846863
I_dark,-0.6000000000000001,8.8914003988915e-10,2578.309809077789,484.4641187531683,42.13424050837239,300.34884642744885,2.5299726971142704e-07,59563343903943478
I_dark,-2.2,8.836751126639038e-10,2477.068135205752,531.0701614185327,43.11434944357355,296.9231984392292,3.261427356113371e-07,18058330792975761325
I_dark,-1.8,1.075576112436465e-09,2439.1914792405805,507.5653121861305,41.43318212059344,299.0815860986159,3.170211118397795e-07,8793357247245534573
I_dark,-3.0,8.758150413106088e-10,2554.792538970499,492.8309420700668,37.207464786418186,297.95471711920453,3.36014540281524e-07,14100953261967155807
I_dark,-1.4,9.663377701466595e-10,2642.527368087266,478.3559331791431,43.40306406282464,301.888862689621,3.91781177430089e-07,13304175874445473708
I_dark,-1.8,1.0941860864671191e-09,2539.112215454232,503.69324532533454,39.339075937042885,294.39428351617613,2.3264352895885923e-07,12823118457006761398
I_dark,-0.2,9.431291378149591e-10,2617.847164727645,540.4486468445567,38.69622270488729,301.9657628923453,1.6417133546918022e-07,11854955608364436255
I_dark,-2.4000000000000004,9.454134520298419e-10,2570.8338282332857,490.849029568548,38.28868089781682,299.0569098093356,3.433161650381624e-07,8778145279652222064
I_dark,-3.0,1.0941860864671191e-09,2539.112215454232,503.69324532533454,39.339075937042885,294.39428351617613,2.723011904907846e-07,12823118457006761398
I_dark,-2.8000000000000003,9.91880560193061e-10,2562.543459042286,488.1664551370801,40.47383155665718,295.6008889602198,3.0279737788467424e-07,16069905982438259650
I_dark,-1.6,9.304065850268983e-10,2472.4930947482308,495.539662311,41.9345213676303,296.5403011366731,2.740867016536483e-07,1906069974405082520
I_dark,-0.4,1.0352580576007263e-09,2678.9547588546675,473.131828680381,34.826156523967086,290.8089263982084,9.578104772292853e-08,603198139025932464
I_dark,-0.8,1.117839944989197e-09,2400.8118901118505,474.17775422532,39.11984591644459,301.1260229250646,2.4694170804146937e-07,5355939635520617484
I_dark,-1.6,1.2307353848142815e-09,2445.249484887284,482.48119148575233,42.87746783295031,307.55593866537106,5.145034254242489e-07,15038946426069692038
I_dark,-0.6000000000000001,8.762920771795992e-10,2597.67569731618,502.646286170094,38.978559546027874,295.06946514256083,1.6847456100228469e-07,2033506848451370756
I_dark,-2.4000000000000004,1.0285344586119835e-09,2525.852161033123,522.4809638175516,38.89567254871546,292.9930878390376,2.320497100980876e-07,3933886296999063760
I_dark,-1.0,1.1762312017058683e-09,2610.23254556298,515.3751788116352,39.24041391228537,297.93305834844136,2.3365246650832266e-07,7155552337602576564
I_dark,-1.8,1.058962492367367e-09,2306.068264987093,513.3151002778768,40.55455133934368,303.4784744400111,3.897014566913441e-07,11723817789070393620
I_dark,-0.8,1.058962492367367e-09,2306.068264987093,513.3151002778768,40.55455133934368,303.4784744400111,2.902480002367948e-07,11723817789070393620
I_dark,-2.2,1.0352580576007263e-09,2678.9547588546675,473.131828680381,34.826156523967086,290.8089263982084,1.8468320816018042e-07,603198139025932464
I_dark,-1.6,9.431291378149591e-10,2617.847164727645,540.4486468445567,38.69622270488729,301.9657628923453,3.681798010040389e-07,11854955608364436255
I_dark,-2.0,1.0727653122619132e-09,2512.3283017034155,474.34077412964,42.74916053103488,290.5746947786968,2.044874471110738e-07,4757004652079025251
I_dark,-0.6000000000000001,9.979877857013674e-10,2496.537246315292,510.00187244466247,38.795972505421744,297.7961123434831,1.8876634293766757e-07,1378160361063041439
I_dark,-3.0,8.220747042076196e-10,2489.354974528123,536.8974000619587,36.589080383233394,294.68809277779184,2.69245522265046e-07,13344013943894260190
I_dark,-1.6,1.1425395479879979e-09,2554.3812528255967,503.27354733950745,40.19858533526689,297.9110382121584,2.82950920299295e-07,13161242281976296834
I_dark,-2.4000000000000004,1.0803651442869379e-09,2531.060987167743,511.9316238370674,40.66002705988115,288.1838349540611,1.773366940885809e-07,17485459239320075305
I_dark,-1.4,1.0160850161999514e-09,2298.443581617521,494.46825331908406,37.50931802222772,308.1655826328421,4.408013235284873e-07,4552925917595615164
I_dark,-0.6000000000000001,8.589969950121182e-10,2505.474763633521,514.8627810246533,39.90795077029272,306.8673078749587,3.542650600949972e-07,8372103036707258832
I_dark,-0.6000000000000001,1.1037395013588123e-09,2531.0169366346463,492.6438219382251,36.10636397779454,299.96382807834965,2.003719282659595e-07,5857788625354206728
I_dark,-2.4000000000000004,9.798133860644783e-10,2446.0111249981446,493.4775434169566,39.325337668236735,299.6111127589073,3.484980728676753e-07,7157631882990673600
I_dark,-2.6,9.58904338765352e-10,2486.667922677388,495.3304947031063,40.43386356777175,305.1954997344612,5.199375449604212e-07,13052852389533457310
I_dark,-2.8000000000000003,9.756514716409811e-10,2404.497548871577,500.9208966540563,41.62971960161597,300.52976098251094,4.024818188523085e-07,7311808897764695838
I_dark,-1.6,1.0284216851224184e-09,2501.257472196243,454.39559500401634,39.58517778577758,297.0863250737395,2.657451498230503e-07,5302328922938549098
I_dark,-0.8,1.0050965165320695e-09,2414.3235243349927,515.5034020410067,40.79653471954481,301.4383600393062,2.703299424520199e-07,18237334030368139870
I_dark,-1.0,9.220148370062531e-10,2472.3739758500788,504.5088858703008,41.28793476116813,303.0641722996054,3.37645812059461e-07,7538273554073210114
I_dark,-2.0,1.0040157435828723e-09,2421.1156291426087,502.3421578152334,38.33334239027114,293.10089722857373,2.1198962340179682e-07,12886194249589357920
I_dark,-1.0,1.120623623770265e-09,2459.871490367434,512.0011452017391,38.21649432972869,303.56534322943094,3.113309984517866e-07,2671493380122846465
I_dark,-2.6,1.032683367538443e-09,2526.170348943833,478.8149532207128,42.09307571557734,293.4443281911712,2.644588487469809e-07,12981595077382156139
I_dark,-1.2000000000000002,1.0025105539620802e-09,2526.9743060678943,509.1946075584183,40.75166342427999,301.0515477079729,3.1562942750459935e-07,15180030701036252205
I_dark,-0.4,1.2307353848142815e-09,2445.249484887284,482.48119148575233,42.87746783295031,307.55593866537106,3.1691266500038924e-07,15038946426069692038
I_dark,-0.2,1.0727653122619132e-09,2512.3283017034155,474.34077412964,42.74916053103488,290.5746947786968,7.910476476741661e-08,4757004652079025251
I_dark,-2.2,8.939439783837784e-10,2330.6189292196764,529.359956175692,38.57283152042447,302.4090006102026,3.882450870767991e-07,13197426831660621428
I_dark,-1.2000000000000002,9.725086180844783e-10,2468.017331565751,490.28733545372194,44.50977871149023,303.263152322465,3.933226653851118e-07,3744802582600429992
I_dark,-2.8000000000000003,9.431291378149591e-10,2617.847164727645,540.4486468445567,38.69622270488729,301.9657628923453,4.384133674585182e-07,11854955608364436255
I_dark,-1.0,9.162514515645111e-10,2366.748252214537,515.4599435910573,36.43861892729903,303.676124223718,2.998823449926067e-07,17492872546512810480
I_dark,-1.4,1.1154637147520875e-09,2350.383805501934,499.6014506673355,39.64774721352306,306.8220229508652,4.322822381669005e-07,15425818973916266975
I_dark,-1.4,1.0692616090001279e-09,2445.881237248077,515.6238842072526,38.37558042728467,295.9516778251947,2.21388975415296e-07,2860266914913243763
I_dark,-1.6,1.0789603531824067e-09,2367.1936347140645,478.9001778930339,37.12870103512795,297.3410066095633,2.391847783930859e-07,4747465828158748725
I_dark,-2.0,9.34880998874723e-10,2658.424632928369,469.5577205631138,37.334947088248434,294.43440760000914,2.446421337217302e-07,2804036452383970560
I_dark,-1.2000000000000002,1.018423641836786e-09,2420.2103352289205,495.3862399264609,39.18777263938059,307.5354074756815,4.350660599921736e-07,9985116505034206452
I_dark,-1.6,1.117839944989197e-09,2400.8118901118505,474.17775422532,39.11984591644459,301.1260229250646,3.195125402140467e-07,5355939635520617484
I_dark,-1.4,1.0882818479532783e-09,2447.508764517909,466.8571183944717,43.278933930679706,307.8168200832177,5.152814804096361e-07,3262830124868165494
I_dark,-1.2000000000000002,8.220747042076196e-10,2489.354974528123,536.8974000619587,36.589080383233394,294.68809277779184,1.9743694713907025e-07,13344013943894260190
I_dark,-0.8,1.1774606839117e-09,2487.5677489208106,509.6158544320055,42.33569419095241,299.8381908200232,2.5116769561310346e-07,14988660033747214345
I_dark,-2.6,1.0727653122619132e-09,2512.3283017034155,474.34077412964,42.74916053103488,290.5746947786968,2.2203846737614546e-07,4757004652079025251
I_dark,-2.8000000000000003,8.8914003988915e-10,2578.309809077789,484.4641187531683,42.13424050837239,300.34884642744885,4.333192730240168e-07,59563343903943478
I_dark,-1.0,1.2307353848142815e-09,2445.249484887284,482.48119148575233,42.87746783295031,307.55593866537106,4.345567051121919e-07,15038946426069692038
I_dark,-3.0,1.0732744646319759e-09,2458.1779927472685,500.451348042105,41.29986197643443,296.3385514465405,3.148039814678288e-07,15854623793106210877
I_dark,-0.4,1.0941860864671191e-09,2539.112215454232,503.69324532533454,39.339075937042885,294.39428351617613,1.305327222926345e-07,12823118457006761398
I_dark,-0.2,1.0572981218607252e-09,2430.584690541649,514.3340907827966,41.04225055349912,296.5414644902,1.118654334277439e-07,16130397955524846863
I_dark,-1.8,9.162514515645111e-10,2366.748252214537,515.4599435910573,36.43861892729903,303.676124223718,3.7279499067853225e-07,17492872546512810480
I_dark,-0.6000000000000001,8.64757430416121e-10,2613.398572092139,483.2695161383806,39.73131063338137,294.42197627514213,1.6572957559968573e-07,1633077101789385956
I_dark,-2.0,1.006938037138553e-09,2476.033687734913,499.8883185243343,35.52248114367448,306.4489109295662,4.508958252154248e-07,11533471517763731933
I_dark,-0.8,1.0272364839515192e-09,2572.148319494551,521.8227614311556,39.43236728729266,296.39638250989714,1.975667744653716e-07,12816177013697617925
I_dark,-1.2000000000000002,1.0686494239643995e-09,2589.61306441484,507.5353543611665,40.55316862193092,296.6314874710408,2.3990871031226173e-07,9728360064296503812
I_dark,-1.8,9.89963136259949e-10,2542.7024133885266,503.0087467521194,39.0211226249472,305.0510216058231,4.498893366280347e-07,380264510751012186
I_dark,-1.6,1.0692616090001279e-09,2445.881237248077,515.6238842072526,38.37558042728467,295.9516778251947,2.3286581789550757e-07,2860266914913243763
I_dark,-1.8,8.354324428057497e-10,2430.182491588309,507.603602235917,36.73791801396338,295.61725668807514,2.392107367296015e-07,10829525609740651031
I_dark,-2.8000000000000003,8.979123523428992e-10,2531.360993910196,491.918494232159,35.793021097389925,308.86985058095934,5.994842059829986e-07,579736006479800074
I_dark,-1.0,1.0727653122619132e-09,2512.3283017034155,474.34077412964,42.74916053103488,290.5746947786968,1.56465869113462e-07,4757004652079025251
I_dark,-0.2,1.0727510291740675e-09,2408.6350240081065,515.7307920217833,36.322106531247385,300.55707391972635,1.2877400487241225e-07,16501516911797089168
I_dark,-2.4000000000000004,9.603042271636284e-10,2438.0715583385486,503.6957420101608,43.08491203323523,298.5763734449834,3.5974979366293226e-07,2124884718484563516
I_dark,-2.4000000000000004,8.622252758820395e-10,2596.9228583838576,499.2028055441836,37.99663516660689,298.18972265332246,3.314878638836751e-07,7681735671422946543
I_dark,-0.4,9.244750759855351e-10,2606.766252024905,514.7015322051607,39.36697999872778,300.425811364213,2.032282145999424e-07,13867644369009061341
I_dark,-1.6,1.0933784852654091e-09,2410.884334287086,539.0569290920441,39.62193192256099,289.3285700165644,1.553428533671753e-07,16519722322841066187
I_dark,-1.4,9.725086180844783e-10,2468.017331565751,490.28733545372194,44.50977871149023,303.263152322465,4.1734132050038093e-07,3744802582600429992
I_dark,-0.2,9.89297888860932e-10,2413.8801533334354,510.75595836241,38.53132745549709,285.1813868750008,4.80814981040304e-08,6508029577517650568
I_dark,-0.8,9.162514515645111e-10,2366.748252214537,515.4599435910573,36.43861892729903,303.676124223718,2.7696178280076506e-07,17492872546512810480
I_dark,-0.6000000000000001,1.0071535471770136e-09,2369.635821802133,538.5091665951578,40.65637295368661,296.23853018587084,1.7184930589539433e-07,6305389621858259219
I_dark,-2.0,1.0511173572717443e-09,2495.130349883853,523.8477826070769,41.27631172344517,301.59948365785385,3.89591580205651e-07,7136007211031035799
I_dark,-2.2,9.42387899986183e-10,2596.3418775504824,506.9916211367261,42.54178389838287,305.55199671356803,5.536765053171389e-07,3392607520233113049
I_dark,-2.0,8.836751126639038e-10,2477.068135205752,531.0701614185327,43.11434944357355,296.9231984392292,3.165882354179507e-07,18058330792975761325
I_dark,-2.0,8.584521018906483e-10,2718.2749419682723,482.1832227724541,38.88005077046229,301.691940704981,4.1059602345110043e-07,3494250555080783753
I_dark,-2.4000000000000004,1.011801650795657e-09,2503.197375042157,521.464297637573,42.04226242943757,288.6545802497056,1.900680371011257e-07,14082706842164037214
I_dark,-2.0,9.682475573035431e-10,2330.6047518253104,479.0686974559265,41.64371883461047,301.63426669668445,3.804789827115969e-07,13640118791446356878
I_dark,-1.0,9.926993823896762e-10,2332.1716999604114,489.929360905385,39.90607827400121,296.137708789732,2.0039695672379144e-07,8562678507013604755
I_dark,-0.6000000000000001,1.006299553709699e-09,2596.53014928976,491.578961058072,40.01001805266426,305.28831051478386,3.214554245883473e-07,6325844468188908084
I_dark,-2.4000000000000004,1.2307353848142815e-09,2445.249484887284,482.48119148575233,42.87746783295031,307.55593866537106,5.832403132156098e-07,15038946426069692038
I_dark,-2.0,9.136850961862703e-10,2400.1705034771794,499.3175315176618,39.85562670167986,300.93280864091923,3.614559577108273e-07,689847661215077168
I_dark,-0.8,1.006299553709699e-09,2596.53014928976,491.578961058072,40.01001805266426,305.28831051478386,3.5412322441614e-07,6325844468188908084
I_dark,-1.4,1.0191682032973931e-09,2560.240612715575,475.6482256289376,41.11142736058992,291.8506686301862,1.9234269179826734e-07,14547390297170085011
I_dark,-1.8,1.1762312017058683e-09,2610.23254556298,515.3751788116352,39.24041391228537,297.93305834844136,2.912205777857467e-07,7155552337602576564
I_dark,-0.8,9.663377701466595e-10,2642.527368087266,478.3559331791431,43.40306406282464,301.888862689621,3.176063701434198e-07,13304175874445473708
I_dark,-1.6,1.0663734802785015e-09,2646.766281337793,486.2018595083384,41.79339850063371,299.641349014439,3.408653523932047e-07,5637171177688138856
I_dark,-0.2,1.1154637147520875e-09,2350.383805501934,499.6014506673355,39.64774721352306,306.8220229508652,2.0760161573838802e-07,15425818973916266975
I_dark,-0.8,1.050818199825069e-09,2510.995503216453,520.189852554912,38.50508417894045,294.1262317171733,1.6363681078705528e-07,17608710593314742079
I_dark,-0.4,8.939439783837784e-10,2330.6189292196764,529.359956175692,38.57283152042447,302.4090006102026,2.0920625625623642e-07,13197426831660621428
I_dark,-0.4,7.777840542828623e-10,2445.911024694583,482.1130919467457,41.27682283342508,300.8565986758517,2.1613120598672405e-07,13149960228396626776
I_dark,-1.6,1.0941860864671191e-09,2539.112215454232,503.69324532533454,39.339075937042885,294.39428351617613,2.2328167920248249e-07,12823118457006761398
I_dark,-2.8000000000000003,9.603042271636284e-10,2438.0715583385486,503.6957420101608,43.08491203323523,298.5763734449834,3.759350990527389e-07,2124884718484563516
I_dark,-3.0,9.60969170700449e-10,2766.6918918406623,529.8468751484584,39.61181207182135,297.3307652107198,3.595089547534859e-07,6563696386679920944
I_dark,-1.6,1.0040157435828723e-09,2421.1156291426087,502.3421578152334,38.33334239027114,293.10089722857373,1.9642815044339094e-07,12886194249589357920
I_dark,-2.0,9.808684991835892e-10,2440.440905080504,475.02919518003887,43.13862383173334,296.64614602139693,3.009259584778553e-07,10893922623691634355
I_dark,-3.0,1.1942019403763875e-09,2464.50260258804,490.2741317287723,40.32854625878799,294.3650499716886,2.669844686643276e-07,11892504857466714026
I_dark,-0.6000000000000001,1.089765313742217e-09,2571.102793798516,524.9230612365601,38.57048554783602,303.1708876105774,2.6640507165901697e-07,4835108955857078241
I_dark,-0.4,1.0671658198705112e-09,2444.626831258547,492.08006432381046,41.193035529790656,301.7038514591378,2.1437313161073186e-07,10743645008157788724
I_dark,-1.6,9.603042271636284e-10,2438.0715583385486,503.6957420101608,43.08491203323523,298.5763734449834,3.160411420561291e-07,2124884718484563516
I_dark,-2.8000000000000003,8.836751126639038e-10,2477.068135205752,531.0701614185327,43.11434944357355,296.9231984392292,3.4982725536940626e-07,18058330792975761325
I_dark,-2.4000000000000004,8.584521018906483e-10,2718.2749419682723,482.1832227724541,38.88005077046229,301.691940704981,4.34216524652425e-07,3494250555080783753
I_dark,-0.6000000000000001,1.0285344586119835e-09,2525.852161033123,522.4809638175516,38.89567254871546,292.9930878390376,1.392479393294337e-07,3933886296999063760
I_dark,-1.6,8.89459518994858e-10,2383.601346469497,502.4892009812192,38.55163090195673,309.2198732722366,5.340922164457611e-07,3483175946691254694
I_dark,-0.6000000000000001,9.42387899986183e-10,2596.3418775504824,506.9916211367261,42.54178389838287,305.55199671356803,3.521924560479279e-07,3392607520233113049
I_dark,-2.0,9.162514515645111e-10,2366.748252214537,515.4599435910573,36.43861892729903,303.676124223718,3.8550554145204644e-07,17492872546512810480
I_dark,-0.8,1.0882818479532783e-09,2447.508764517909,466.8571183944717,43.278933930679706,307.8168200832177,4.216456525623358e-07,3262830124868165494
I_dark,-2.6,1.0352580576007263e-09,2678.9547588546675,473.131828680381,34.826156523967086,290.8089263982084,1.9442340511140117e-07,603198139025932464
I_dark,-0.4,1.000072357945733e-09,2615.067429542859,502.8265147659643,41.97319841319997,303.92619603855775,2.681322954415248e-07,2056914843148536795
I_dark,-0.2,1.0991618704794608e-09,2475.161456337068,505.0064403774024,34.84085283436253,301.39850617403,1.325847620096797e-07,4837710515318421738
I_dark,-1.8,9.980121445569454e-10,2387.75545073954,508.7275610680178,38.8972081784186,297.8606493603604,2.758313336260012e-07,11032972375804727196
I_dark,-2.4000000000000004,8.931040101417876e-10,2540.0923303514373,529.7791096206541,38.25394170360681,296.3367780179062,2.912662612814239e-07,7126979072579706712
I_dark,-2.0,1.1774606839117e-09,2487.5677489208106,509.6158544320055,42.33569419095241,299.8381908200232,3.506054568285996e-07,14988660033747214345
I_dark,-2.6,9.344027379399094e-10,2510.734791451186,511.4018674256231,36.36815079533651,301.4558439858307,3.790778888157066e-07,13370015301709921327
I_dark,-1.6,8.354324428057497e-10,2430.182491588309,507.603602235917,36.73791801396338,295.61725668807514,2.2948363769910997e-07,10829525609740651031
I_dark,-0.4,1.0727510291740675e-09,2408.6350240081065,515.7307920217833,36.322106531247385,300.55707391972635,1.7351788915929582e-07,16501516911797089168
I_dark,-3.0,9.798133860644783e-10,2446.0111249981446,493.4775434169566,39.325337668236735,299.6111127589073,3.711710726186477e-07,7157631882990673600
I_dark,-1.4,1.1037395013588123e-09,2531.0169366346463,492.6438219382251,36.10636397779454,299.96382807834965,2.7302962765835977e-07,5857788625354206728
I_dark,-2.2,1.0511173572717443e-09,2495.130349883853,523.8477826070769,41.27631172344517,301.59948365785385,4.0137585551655363e-07,7136007211031035799
I_dark,-2.2,8.8914003988915e-10,2578.309809077789,484.4641187531683,42.13424050837239,300.34884642744885,4.042873500708646e-07,59563343903943478
I_dark,-1.4,9.136850961862703e-10,2400.1705034771794,499.3175315176618,39.85562670167986,300.93280864091923,3.19469485628719e-07,689847661215077168
I_dark,-0.8,1.075576112436465e-09,2439.1914792405805,507.5653121861305,41.43318212059344,299.0815860986159,2.343345808935221e-07,8793357247245534573
I_dark,-1.4,1.066709170571727e-09,2302.646144768272,474.8978179470865,37.69553984942066,294.1521471075916,1.865405400792691e-07,3765765162242439701
I_dark,-1.4,1.0991618704794608e-09,2475.161456337068,505.0064403774024,34.84085283436253,301.39850617403,2.847619984692296e-07,4837710515318421738
I_dark,-1.2000000000000002,9.596807973870107e-10,2396.380469719385,547.2442070596833,39.34847113068841,298.5552181462747,2.544531825684025e-07,16164245777420927440
I_dark,-0.6000000000000001,9.297325788733188e-10,2376.6983706631413,516.0358029995954,38.08606385532588,297.3563844788412,1.7583631647657705e-07,3212080770719938515
I_dark,-2.0,9.798133860644783e-10,2446.0111249981446,493.4775434169566,39.325337668236735,299.6111127589073,3.297801804983487e-07,7157631882990673600
I_dark,-1.6,9.928313705154955e-10,2556.196978076177,523.0189213691006,40.51326020590248,298.8914974420704,3.0986011823225405e-07,903425415547655004
I_dark,-2.2,1.0991618704794608e-09,2475.161456337068,505.0064403774024,34.84085283436253,301.39850617403,3.3074629613430865e-07,4837710515318421738
I_dark,-3.0,8.4981307882089e-10,2622.111610500832,493.1418777793542,40.32755095458103,299.70047987606006,4.153333068115361e-07,5127878088967066821
I_dark,-1.4,9.118663996020179e-10,2651.95019435956,481.7408591707263,38.899871401178025,300.40158819211445,3.251954625803764e-07,17319768135093042826
I_dark,-2.6,1.1942019403763875e-09,2464.50260258804,490.2741317287723,40.32854625878799,294.3650499716886,2.560581473720985e-07,11892504857466714026
I_dark,-2.0,9.143704143090119e-10,2444.5179463100326,473.4138143725302,40.94136333558407,299.94201571725745,3.542622262182505e-07,11714911050137312102
I_dark,-2.4000000000000004,9.89297888860932e-10,2413.8801533334354,510.75595836241,38.53132745549709,285.1813868750008,1.361297998729458e-07,6508029577517650568
I_dark,-2.6,9.725086180844783e-10,2468.017331565751,490.28733545372194,44.50977871149023,303.263152322465,5.078473804687982e-07,3744802582600429992
I_dark,-1.2000000000000002,9.454134520298419e-10,2570.8338282332857,490.849029568548,38.28868089781682,299.0569098093356,2.702814095982923e-07,8778145279652222064
I_dark,-2.2,9.162514515645111e-10,2366.748252214537,515.4599435910573,36.43861892729903,303.676124223718,3.969323821856902e-07,17492872546512810480
I_dark,-2.8000000000000003,1.0942344693420075e-09,2360.838758300681,491.3731844386217,39.51420947268076,305.7035776891924,5.011311270782913e-07,3134241803077969267
I_dark,-2.0,9.74908016407874e-10,2433.9347159425315,536.1873069142775,40.58953669016749,293.2225739384997,2.2853805899143693e-07,18393380424088899902
I_dark,-2.2,9.32148229008894e-10,2545.124905053194,512.7371789301767,40.07870713980076,299.5411124372077,3.57963058929301e-07,7464429288297915064
I_dark,-0.8,9.581806245172891e-10,2592.420375814081,497.997415088655,37.83724802001972,293.41915116225954,1.595667310764756e-07,17533524623644286140
I_dark,-1.6,1.018423641836786e-09,2420.2103352289205,495.3862399264609,39.18777263938059,307.5354074756815,4.82762144057246e-07,9985116505034206452
I_dark,-2.4000000000000004,1.0976147775803618e-09,2495.918019735696,486.14991613464105,39.05845567786759,297.2376267822416,2.973674013948808e-07,3779633422659776445
I_dark,-0.8,1.066709170571727e-09,2302.646144768272,474.8978179470865,37.69553984942066,294.1521471075916,1.496097053879871e-07,3765765162242439701
I_dark,-0.4,1.0692616090001279e-09,2445.881237248077,515.6238842072526,38.37558042728467,295.9516778251947,1.3757707975471756e-07,2860266914913243763
I_dark,-2.0,8.8914003988915e-10,2578.309809077789,484.4641187531683,42.13424050837239,300.34884642744885,3.926261312228835e-07,59563343903943478
I_dark,-0.8,1.000072357945733e-09,2615.067429542859,502.8265147659643,41.97319841319997,303.92619603855775,3.453199976643728e-07,2056914843148536795
I_dark,-2.4000000000000004,1.0272364839515192e-09,2572.148319494551,521.8227614311556,39.43236728729266,296.39638250989714,2.948728093038788e-07,12816177013697617925
I_dark,-1.4,9.581806245172891e-10,2592.420375814081,497.997415088655,37.83724802001972,293.41915116225954,1.988165326354785e-07,17533524623644286140
I_dark,-1.4,1.000072357945733e-09,2615.067429542859,502.8265147659643,41.97319841319997,303.92619603855775,4.252046327070117e-07,2056914843148536795
I_dark,-2.2,1.0574423663675307e-09,2585.038533860248,471.3266920396063,42.543125490608695,301.3994726877767,4.202089835526135e-07,2832837163574657009
I_dark,-1.6,1.050818199825069e-09,2510.995503216453,520.189852554912,38.50508417894045,294.1262317171733,2.1445701442450461e-07,17608710593314742079
I_dark,-0.8,1.0044736023004086e-09,2276.4853940628345,486.8441992232576,38.23677890677304,298.10055132439214,1.952128102726281e-07,15363031408316951214
I_dark,-1.4,1.104689398918354e-09,2572.8324404304963,485.2307246352714,40.714467773434976,300.93677074401546,3.330199993662773e-07,9216328605101287225
I_dark,-2.6,9.297325788733188e-10,2376.6983706631413,516.0358029995954,38.08606385532588,297.3563844788412,2.973827407595424e-07,3212080770719938515
I_dark,-2.8000000000000003,1.016175641189933e-09,2547.6570837434488,498.1799092392847,42.56757336192149,293.18283111534566,2.719614522582935e-07,9151669764478585745
I_dark,-2.4000000000000004,9.596807973870107e-10,2396.380469719385,547.2442070596833,39.34847113068841,298.5552181462747,3.233682479398781e-07,16164245777420927440
I_dark,-0.4,9.798133860644783e-10,2446.0111249981446,493.4775434169566,39.325337668236735,299.6111127589073,1.815420296250905e-07,7157631882990673600
I_dark,-2.6,1.0511173572717443e-09,2495.130349883853,523.8477826070769,41.27631172344517,301.59948365785385,4.217356017585303e-07,7136007211031035799
I_dark,-0.4,8.836751126639038e-10,2477.068135205752,531.0701614185327,43.11434944357355,296.9231984392292,1.720471405505928e-07,18058330792975761325
I_dark,-2.6,8.758150413106088e-10,2554.792538970499,492.8309420700668,37.207464786418186,297.95471711920453,3.227801650161888e-07,14100953261967155807
I_dark,-2.2,9.60969170700449e-10,2766.6918918406623,529.8468751484584,39.61181207182135,297.3307652107198,3.283890134679475e-07,6563696386679920944
I_dark,-3.0,9.775160845782078e-10,2577.8004715918664,488.1533623282412,40.35879763032958,294.16913853899604,2.843722751712575e-07,6898913632721408619
I_dark,-2.0,8.97240116378001e-10,2315.448379676966,519.850638103925,40.31160828282909,292.8565689112594,2.1775939632409978e-07,222992878073105781
I_dark,-1.0,1.0203477325736783e-09,2420.870896846657,485.827773341465,41.83782044136868,301.83723728961854,3.058745734010503e-07,4106527973129540887
I_dark,-1.2000000000000002,8.89459518994858e-10,2383.601346469497,502.4892009812192,38.55163090195673,309.2198732722366,4.814665208945341e-07,3483175946691254694
I_dark,-2.2,9.16382362452114e-10,2549.3338723326283,483.7915671011157,41.484417545989686,302.7283665488111,4.526954550612662e-07,779010489516208886
I_dark,-1.8,1.0849323731926979e-09,2551.147301026894,487.27717818808753,44.82712146868644,302.5978918999191,4.39219093001842e-07,17938021924088880075
I_dark,-2.8000000000000003,1.0071535471770136e-09,2369.635821802133,538.5091665951578,40.65637295368661,296.23853018587084,2.9733123631448974e-07,6305389621858259219
I_dark,-2.6,8.981476672986597e-10,2648.7144938153992,484.4392889131667,39.21209704786501,303.00410991721293,4.708435860935219e-07,10990274489596691850
I_dark,-1.2000000000000002,1.1037395013588123e-09,2531.0169366346463,492.6438219382251,36.10636397779454,299.96382807834965,2.5704482983253415e-07,5857788625354206728
I_dark,-1.6,9.980121445569454e-10,2387.75545073954,508.7275610680178,38.8972081784186,297.8606493603604,2.647799105666485e-07,11032972375804727196
I_dark,-1.8,1.016175641189933e-09,2547.6570837434488,498.1799092392847,42.56757336192149,293.18283111534566,2.3697657291134533e-07,9151669764478585745
I_dark,-3.0,1.000072357945733e-09,2615.067429542859,502.8265147659643,41.97319841319997,303.92619603855775,5.381790376232356e-07,2056914843148536795
I_dark,-1.2000000000000002,9.34880998874723e-10,2658.424632928369,469.5577205631138,37.334947088248434,294.43440760000914,2.0246670452511002e-07,2804036452383970560
I_dark,-2.8000000000000003,9.979877857013674e-10,2496.537246315292,510.00187244466247,38.795972505421744,297.7961123434831,3.250605183697673e-07,1378160361063041439
I_dark,-1.4,8.979123523428992e-10,2531.360993910196,491.918494232159,35.793021097389925,308.86985058095934,4.863039935182557e-07,579736006479800074
I_dark,-0.8,7.516487326049726e-10,2475.0294016619155,481.8667099014746,36.16652897024234,304.10393187120707,3.0451541965451065e-07,4556256472297801959
I_dark,-0.8,9.371440517713595e-10,2524.6000862506294,475.6202290123848,40.994373738605006,302.9961192294562,3.125242773644616e-07,10395993465976512970
I_dark,-2.0,9.91880560193061e-10,2562.543459042286,488.1664551370801,40.47383155665718,295.6008889602198,2.73054880744922e-07,16069905982438259650
I_dark,-1.0,1.0727510291740675e-09,2408.6350240081065,515.7307920217833,36.322106531247385,300.55707391972635,2.419399473341346e-07,16501516911797089168
I_dark,-0.8,8.589969950121182e-10,2505.474763633521,514.8627810246533,39.90795077029272,306.8673078749587,3.90333750179798e-07,8372103036707258832
I_dark,-2.2,1.0686494239643995e-09,2589.61306441484,507.5353543611665,40.55316862193092,296.6314874710408,2.9878771272521304e-07,9728360064296503812
I_dark,-2.4000000000000004,9.143704143090119e-10,2444.5179463100326,473.4138143725302,40.94136333558407,299.94201571725745,3.7472974094099307e-07,11714911050137312102
I_dark,-0.6000000000000001,1.0352580576007263e-09,2678.9547588546675,473.131828680381,34.826156523967086,290.8089263982084,1.1312740087915053e-07,603198139025932464
I_dark,-3.0,9.118663996020179e-10,2651.95019435956,481.7408591707263,38.899871401178025,300.40158819211445,4.152686381478098e-07,17319768135093042826
I_dark,-1.4,1.0572981218607252e-09,2430.584690541649,514.3340907827966,41.04225055349912,296.5414644902,2.468692576915395e-07,16130397955524846863
I_dark,-0.2,1.006938037138553e-09,2476.033687734913,499.8883185243343,35.52248114367448,306.4489109295662,1.9162524315140685e-07,11533471517763731933
I_dark,-0.4,1.016175641189933e-09,2547.6570837434488,498.1799092392847,42.56757336192149,293.18283111534566,1.3224290029026838e-07,9151669764478585745
I_dark,-2.6,1.1037395013588123e-09,2531.0169366346463,492.6438219382251,36.10636397779454,299.96382807834965,3.349003971371715e-07,5857788625354206728
I_dark,-1.8,1.0728366895058958e-09,2396.471193900285,522.5703607996403,39.66536493364173,302.3426017448898,3.6701911887485204e-07,10539271283961051071
I_dark,-0.4,9.42387899986183e-10,2596.3418775504824,506.9916211367261,42.54178389838287,305.55199671356803,3.026709884921394e-07,3392607520233113049
I_dark,-0.4,1.0572981218607252e-09,2430.584690541649,514.3340907827966,41.04225055349912,296.5414644902,1.5245435721098338e-07,16130397955524846863
I_dark,-2.8000000000000003,1.0727653122619132e-09,2512.3283017034155,474.34077412964,42.74916053103488,290.5746947786968,2.2690429282057e-07,4757004652079025251
I_dark,-3.0,1.0882818479532783e-09,2447.508764517909,466.8571183944717,43.278933930679706,307.8168200832177,6.507506701559286e-07,3262830124868165494
I_dark,-2.2,9.682475573035431e-10,2330.6047518253104,479.0686974559265,41.64371883461047,301.63426669668445,3.919037770524941e-07,13640118791446356878
I_dark,-2.4000000000000004,1.0663734802785015e-09,2646.766281337793,486.2018595083384,41.79339850063371,299.641349014439,3.879598751667744e-07,5637171177688138856
I_dark,-1.4,9.74908016407874e-10,2433.9347159425315,536.1873069142775,40.58953669016749,293.2225739384997,2.012816312015815e-07,18393380424088899902
I_dark,-0.8,1.0572981218607252e-09,2430.584690541649,514.3340907827966,41.04225055349912,296.5414644902,1.985821303627413e-07,16130397955524846863
I_dark,-2.2,9.595802013951228e-10,2610.2949574222403,489.9218602044182,42.219532217947325,302.0841812978663,4.45612383717132e-07,11643629726484600332
I_dark,-2.8000000000000003,9.244750759855351e-10,2606.766252024905,514.7015322051607,39.36697999872778,300.425811364213,4.069691195928024e-07,13867644369009061341
I_dark,-2.6,8.920412889937107e-10,2700.220283946353,481.8164609958477,41.48473029075561,294.1535226587993,2.954759889809963e-07,2447368541047246097
I_dark,-2.8000000000000003,1.0025105539620802e-09,2526.9743060678943,509.1946075584183,40.75166342427999,301.0515477079729,4.194039892237409e-07,15180030701036252205
I_dark,-1.8,8.599648780937921e-10,2637.8899539670565,501.9551856304757,39.90381821426863,300.9815905741297,3.8137079343840747e-07,14435728251762431223
I_dark,-0.2,1.011801650795657e-09,2503.197375042157,521.464297637573,42.04226242943757,288.6545802497056,6.879848818393356e-08,14082706842164037214
I_dark,-0.6000000000000001,9.664729913030388e-10,2627.7330466636663,506.9906344590098,40.06029068650691,301.1540677406581,2.524474962579404e-07,8813459275462154891
I_dark,-3.0,9.682475573035431e-10,2330.6047518253104,479.0686974559265,41.64371883461047,301.63426669668445,4.284440306372577e-07,13640118791446356878
I_dark,-1.2000000000000002,1.0692616090001279e-09,2445.881237248077,515.6238842072526,38.37558042728467,295.9516778251947,2.0801141093499973e-07,2860266914913243763
I_dark,-3.0,1.243555870393131e-09,2440.816535503744,483.6779599156501,38.81204244575611,302.5323056028984,4.164836695273329e-07,4261926717090881150
I_dark,-0.4,1.1037395013588123e-09,2531.0169366346463,492.6438219382251,36.10636397779454,299.96382807834965,1.717435853672156e-07,5857788625354206728
I_dark,-1.2000000000000002,9.16382362452114e-10,2549.3338723326283,483.7915671011157,41.484417545989686,302.7283665488111,3.6755754615055146e-07,779010489516208886
I_dark,-2.4000000000000004,1.1621717411232646e-09,2521.3696634346124,503.94444076752967,42.25069338145754,304.38892783295006,4.931884422504326e-07,4374302465450070181
I_dark,-0.4,9.756514716409811e-10,2404.497548871577,500.9208966540563,41.62971960161597,300.52976098251094,2.0144618397008266e-07,7311808897764695838
I_dark,-1.0,1.1621717411232646e-09,2521.3696634346124,503.94444076752967,42.25069338145754,304.38892783295006,3.647441312025867e-07,4374302465450070181
I_dark,-0.6000000000000001,9.570305915597544e-10,2609.011101819734,467.3507151496423,38.45876893881996,290.3471581734896,1.203607362787073e-07,14219469232104377133
I_dark,-1.4,1.0308127820747194e-09,2437.7200106987866,482.5972990901911,40.648465379108416,299.4728047413536,2.9528705043376344e-07,18026431441542812131
I_dark,-2.0,1.011801650795657e-09,2503.197375042157,521.464297637573,42.04226242943757,288.6545802497056,1.7896268162491726e-07,14082706842164037214
I_dark,-1.8,9.344027379399094e-10,2510.734791451186,511.4018674256231,36.36815079533651,301.4558439858307,3.38521127920566e-07,13370015301709921327
I_dark,-0.2,9.74908016407874e-10,2433.9347159425315,536.1873069142775,40.58953669016749,293.2225739384997,8.95022541833847e-08,18393380424088899902
I_dark,-2.0,1.1201765668553064e-09,2329.913862262383,487.444276821995,41.61971486534147,298.1037724082114,2.9832926718512e-07,10813817281839957845
I_dark,-1.0,8.220747042076196e-10,2489.354974528123,536.8974000619587,36.589080383233394,294.68809277779184,1.831741099796392e-07,13344013943894260190
I_dark,-1.6,8.979123523428992e-10,2531.360993910196,491.918494232159,35.793021097389925,308.86985058095934,5.090075084205899e-07,579736006479800074
I_dark,-2.4000000000000004,1.020786601528739e-09,2414.9946347184086,525.5036010755978,41.93453001893169,295.92616711681853,2.905165134909631e-07,12935788499417564366
I_dark,-1.2000000000000002,1.0071535471770136e-09,2369.635821802133,538.5091665951578,40.65637295368661,296.23853018587084,2.2308693806493921e-07,6305389621858259219
I_dark,-2.2,8.89459518994858e-10,2383.601346469497,502.4892009812192,38.55163090195673,309.2198732722366,5.893411570164852e-07,3483175946691254694
I_dark,-3.0,1.0284216851224184e-09,2501.257472196243,454.39559500401634,39.58517778577758,297.0863250737395,3.228671605210068e-07,5302328922938549098
I_dark,-0.4,1.1201765668553064e-09,2329.913862262383,487.444276821995,41.61971486534147,298.1037724082114,1.6393032541439676e-07,10813817281839957845
I_dark,-1.8,9.34880998874723e-10,2658.424632928369,469.5577205631138,37.334947088248434,294.43440760000914,2.362629945798956e-07,2804036452383970560
I_dark,-0.2,1.0050101529814667e-09,2449.206992526188,478.70441149946606,40.80112322251315,299.2329513672896,1.3522099640564577e-07,15255519671477510073
I_dark,-0.6000000000000001,7.777840542828623e-10,2445.911024694583,482.1130919467457,41.27682283342508,300.8565986758517,2.530424173533203e-07,13149960228396626776
I_dark,-2.0,1.0375673846448864e-09,2379.4103992541063,496.85223216497695,39.047727684139495,305.18782525816323,4.432378880777131e-07,3141391476646313355
I_dark,-1.4,9.297325788733188e-10,2376.6983706631413,516.0358029995954,38.08606385532588,297.3563844788412,2.418412015008081e-07,3212080770719938515
I_dark,-1.2000000000000002,1.0050101529814667e-09,2449.206992526188,478.70441149946606,40.80112322251315,299.2329513672896,2.772060646862651e-07,15255519671477510073
I_dark,-2.0,9.454134520298419e-10,2570.8338282332857,490.849029568548,38.28868089781682,299.0569098093356,3.247806113416481e-07,8778145279652222064
I_dark,-1.0,8.836751126639038e-10,2477.068135205752,531.0701614185327,43.11434944357355,296.9231984392292,2.4403371235589584e-07,18058330792975761325
I_dark,-0.4,9.431291378149591e-10,2617.847164727645,540.4486468445567,38.69622270488729,301.9657628923453,2.2078375338438173e-07,11854955608364436255
I_dark,-2.8000000000000003,1.0511173572717443e-09,2495.130349883853,523.8477826070769,41.27631172344517,301.59948365785385,4.307220162882618e-07,7136007211031035799
I_dark,-1.8,9.756514716409811e-10,2404.497548871577,500.9208966540563,41.62971960161597,300.52976098251094,3.527519597554377e-07,7311808897764695838
I_dark,-0.8,1.2225745089622023e-09,2432.279761567632,478.07469592026655,37.79561575023349,300.3431374384869,2.270355380249974e-07,2216844718377656366
I_dark,-1.2000000000000002,9.980121445569454e-10,2387.75545073954,508.7275610680178,38.8972081784186,297.8606493603604,2.3671590810874722e-07,11032972375804727196
I_dark,-0.6000000000000001,8.981476672986597e-10,2648.7144938153992,484.4392889131667,39.21209704786501,303.00410991721293,2.829975951554417e-07,10990274489596691850
I_dark,-2.4000000000000004,1.0991618704794608e-09,2475.161456337068,505.0064403774024,34.84085283436253,301.39850617403,3.393701074460254e-07,4837710515318421738
I_dark,-2.6,9.42387899986183e-10,2596.3418775504824,506.9916211367261,42.54178389838287,305.55199671356803,5.806734116777875e-07,3392607520233113049
I_dark,-0.6000000000000001,1.0663734802785015e-09,2646.766281337793,486.2018595083384,41.79339850063371,299.641349014439,2.370888775949233e-07,5637171177688138856
I_dark,-1.0,1.117839944989197e-09,2400.8118901118505,474.17775422532,39.11984591644459,301.1260229250646,2.673366177970197e-07,5355939635520617484
I_dark,-2.2,9.603042271636284e-10,2438.0715583385486,503.6957420101608,43.08491203323523,298.5763734449834,3.505184430852498e-07,2124884718484563516
I_dark,-0.8,9.973807555784963e-10,2483.6702561944007,499.2076886794748,40.248277237816566,302.09732544564235,2.828626901017655e-07,7286060296444835846
I_dark,-0.2,9.42387899986183e-10,2596.3418775504824,506.9916211367261,42.54178389838287,305.55199671356803,2.266772972674441e-07,3392607520233113049
I_dark,-2.0,1.1425395479879979e-09,2554.3812528255967,503.27354733950745,40.19858533526689,297.9110382121584,3.0481036109978697e-07,13161242281976296834
I_dark,-1.8,1.032683367538443e-09,2526.170348943833,478.8149532207128,42.09307571557734,293.4443281911712,2.3486498477556174e-07,12981595077382156139
I_dark,-3.0,8.688108546297864e-10,2646.5653288453154,498.36187777461095,39.94029005251662,299.6218359156308,4.103094441436302e-07,6517130074721695667
I_dark,-2.2,1.0976147775803618e-09,2495.918019735696,486.14991613464105,39.05845567786759,297.2376267822416,2.896410058748864e-07,3779633422659776445
I_dark,-2.4000000000000004,9.980121445569454e-10,2387.75545073954,508.7275610680178,38.8972081784186,297.8606493603604,3.023339362809508e-07,11032972375804727196
I_dark,-3.0,9.55415883814233e-10,2578.1734587821948,522.0121395253278,38.42173874228168,293.06092698472065,2.535742213823696e-07,7069279127234648490
I_dark,-1.0,8.758150413106088e-10,2554.792538970499,492.8309420700668,37.207464786418186,297.95471711920453,2.303888416481427e-07,14100953261967155807
I_dark,-1.6,9.118663996020179e-10,2651.95019435956,481.7408591707263,38.899871401178025,300.40158819211445,3.416381270213693e-07,17319768135093042826
I_dark,-0.2,1.08604047901988e-09,2575.5622449220923,476.6697423761544,40.75046782180591,305.2870639056014,2.0728538894575037e-07,17451691503515762550
I_dark,-2.6,8.762920771795992e-10,2597.67569731618,502.646286170094,38.978559546027874,295.06946514256083,2.8737439767894214e-07,2033506848451370756
I_dark,-2.0,9.308015570351787e-10,2751.659002613549,471.438867720947,38.31893407640898,299.3638589999156,3.5047657575237777e-07,13806398585976261423
I_dark,-2.8000000000000003,1.104689398918354e-09,2572.8324404304963,485.2307246352714,40.714467773434976,300.93677074401546,4.150816652892016e-07,9216328605101287225
I_dark,-0.6000000000000001,1.016175641189933e-09,2547.6570837434488,498.1799092392847,42.56757336192149,293.18283111534566,1.558370967021319e-07,9151669764478585745
I_dark,-2.0,1.0050101529814667e-09,2449.206992526188,478.70441149946606,40.80112322251315,299.2329513672896,3.329081409993167e-07,15255519671477510073
I_dark,-0.4,1.050818199825069e-09,2510.995503216453,520.189852554912,38.50508417894045,294.1262317171733,1.2516904928106225e-07,17608710593314742079
I_dark,-0.8,9.60969170700449e-10,2766.6918918406623,529.8468751484584,39.61181207182135,297.3307652107198,2.265890799862431e-07,6563696386679920944
I_dark,-0.4,8.758150413106088e-10,2554.792538970499,492.8309420700668,37.207464786418186,297.95471711920453,1.6276345739188228e-07,14100953261967155807
I_dark,-0.4,1.089765313742217e-09,2571.102793798516,524.9230612365601,38.57048554783602,303.1708876105774,2.285387459601721e-07,4835108955857078241
I_dark,-0.2,8.836751126639038e-10,2477.068135205752,531.0701614185327,43.11434944357355,296.9231984392292,1.262828004975299e-07,18058330792975761325
I_dark,-3.0,8.762920771795992e-10,2597.67569731618,502.646286170094,38.978559546027874,295.06946514256083,2.993141652217654e-07,2033506848451370756
I_dark,-1.0,9.570305915597544e-10,2609.011101819734,467.3507151496423,38.45876893881996,290.3471581734896,1.4596715940820608e-07,14219469232104377133
I_dark,-0.8,1.0050101529814667e-09,2449.206992526188,478.70441149946606,40.80112322251315,299.2329513672896,2.3765026392451215e-07,15255519671477510073
I_dark,-2.0,1.25959298622376e-09,2354.3009197629594,499.1918367180637,40.77134716523017,305.22981462209646,4.436806447766028e-07,128968913270984251
I_dark,-1.0,9.525981103063824e-10,2521.0178569100235,513.1122387074643,39.33447860201831,299.4635962010897,2.6076583738465684e-07,2217437892012799629
I_dark,-2.2,1.0933784852654091e-09,2410.884334287086,539.0569290920441,39.62193192256099,289.3285700165644,1.7370295977905208e-07,16519722322841066187
I_dark,-1.4,8.758150413106088e-10,2554.792538970499,492.8309420700668,37.207464786418186,297.95471711920453,2.636925037769932e-07,14100953261967155807
I_dark,-2.2,1.1459805246638944e-09,2630.825732937456,497.4739907663986,41.26661222078493,300.2753689300697,3.810806933779161e-07,12849312948239067464
I_dark,-1.6,1.000096056099185e-09,2446.239819629679,503.61049666576776,43.101977222602514,303.9832024614659,4.364799825004776e-07,13944279034983237670
I_dark,-3.0,1.0073410050818803e-09,2574.374612551252,485.6872921198837,42.17824256593523,298.72995545788456,3.899397437088329e-07,9029148243980292461
I_dark,-2.4000000000000004,1.0727510291740675e-09,2408.6350240081065,515.7307920217833,36.322106531247385,300.55707391972635,3.299905304445743e-07,16501516911797089168
I_dark,-2.0,1.050818199825069e-09,2510.995503216453,520.189852554912,38.50508417894045,294.1262317171733,2.313830006963995e-07,17608710593314742079
I_dark,-0.2,1.013177684158949e-09,2549.0982526102403,506.5025106580401,39.7132385315927,304.62183232922587,1.9435772177711077e-07,14934561482547682078
I_dark,-1.6,1.066709170571727e-09,2302.646144768272,474.8978179470865,37.69553984942066,294.1521471075916,1.961744778596011e-07,3765765162242439701
I_dark,-3.0,1.0705485436227222e-09,2590.7468930890127,531.0534862964538,41.61731424149927,306.85396396460635,6.202941015820709e-07,4155552024635161694
I_dark,-2.0,9.32148229008894e-10,2545.124905053194,512.7371789301767,40.07870713980076,299.5411124372077,3.4735027934855946e-07,7464429288297915064
I_dark,-3.0,1.0574423663675307e-09,2585.038533860248,471.3266920396063,42.543125490608695,301.3994726877767,4.600158400144619e-07,2832837163574657009
I_dark,-2.6,9.920951194363948e-10,2484.0228854962547,482.5603784265586,38.422268984819695,304.0303353891022,4.584205112477686e-07,2314355766595058403
I_dark,-1.4,9.60969170700449e-10,2766.6918918406623,529.8468751484584,39.61181207182135,297.3307652107198,2.8145849348010105e-07,6563696386679920944
I_dark,-1.8,8.622252758820395e-10,2596.9228583838576,499.2028055441836,37.99663516660689,298.18972265332246,3.024366862452595e-07,7681735671422946543
I_dark,-2.6,1.066709170571727e-09,2302.646144768272,474.8978179470865,37.69553984942066,294.1521471075916,2.292919063490112e-07,3765765162242439701
I_dark,-1.2000000000000002,1.0040157435828723e-09,2421.1156291426087,502.3421578152334,38.33334239027114,293.10089722857373,1.752039727847202e-07,12886194249589357920
I_dark,-2.0,9.67689959245767e-10,2498.119875502734,535.4265253830317,42.346830624956574,300.5747457097431,3.836425034425596e-07,7167329586276071870
I_dark,-1.6,8.599648780937921e-10,2637.8899539670565,501.9551856304757,39.90381821426863,300.9815905741297,3.663243938458344e-07,14435728251762431223
I_dark,-1.6,8.622252758820395e-10,2596.9228583838576,499.2028055441836,37.99663516660689,298.18972265332246,2.903023647784295e-07,7681735671422946543
I_dark,-2.2,8.058950792540601e-10,2412.212725535436,472.1154567367515,38.858183000543626,295.7855807653235,2.746727055363259e-07,7296031158140813817
I_dark,-2.4000000000000004,1.0191682032973931e-09,2560.240612715575,475.6482256289376,41.11142736058992,291.8506686301862,2.316516326692168e-07,14547390297170085011
I_dark,-0.8,8.931040101417876e-10,2540.0923303514373,529.7791096206541,38.25394170360681,296.3367780179062,1.9503985442918975e-07,7126979072579706712
I_dark,-0.4,1.0284216851224184e-09,2501.257472196243,454.39559500401634,39.58517778577758,297.0863250737395,1.5642191783743152e-07,5302328922938549098
I_dark,-2.0,9.220148370062531e-10,2472.3739758500788,504.5088858703008,41.28793476116813,303.0641722996054,4.343480658039669e-07,7538273554073210114
I_dark,-1.4,1.0705485436227222e-09,2590.7468930890127,531.0534862964538,41.61731424149927,306.85396396460635,4.90115708914715e-07,4155552024635161694
I_dark,-1.8,8.981476672986597e-10,2648.7144938153992,484.4392889131667,39.21209704786501,303.00410991721293,4.2075614153789953e-07,10990274489596691850
I_dark,-2.8000000000000003,1.1201765668553064e-09,2329.913862262383,487.444276821995,41.61971486534147,298.1037724082114,3.2969272588031416e-07,10813817281839957845
I_dark,-0.6000000000000001,8.75983736068783e-10,2627.978517028968,489.37942559949954,40.91913452211564,297.20307373531364,2.045946767220762e-07,5144607327742428380
I_dark,-0.6000000000000001,1.1621717411232646e-09,2521.3696634346124,503.94444076752967,42.25069338145754,304.38892783295006,3.064201147447635e-07,4374302465450070181
I_dark,-2.0,8.599648780937921e-10,2637.8899539670565,501.9551856304757,39.90381821426863,300.9815905741297,3.946754951121731e-07,14435728251762431223
I_dark,-0.2,9.775160845782078e-10,2577.8004715918664,488.1533623282412,40.35879763032958,294.16913853899604,9.913448682129468e-08,6898913632721408619
I_dark,-1.6,1.0732744646319759e-09,2458.1779927472685,500.451348042105,41.29986197643443,296.3385514465405,2.58899801404595e-07,15854623793106210877
I_dark,-2.2,8.220747042076196e-10,2489.354974528123,536.8974000619587,36.589080383233394,294.68809277779184,2.460854151986015e-07,13344013943894260190
I_dark,-2.6,1.0375673846448864e-09,2379.4103992541063,496.85223216497695,39.047727684139495,305.18782525816323,4.781787471998651e-07,3141391476646313355
I_dark,-1.0,1.1037395013588123e-09,2531.0169366346463,492.6438219382251,36.10636397779454,299.96382807834965,2.396191374503927e-07,5857788625354206728
I_dark,-1.4,8.939439783837784e-10,2330.6189292196764,529.359956175692,38.57283152042447,302.4090006102026,3.346908377948559e-07,13197426831660621428
I_dark,-1.4,9.16382362452114e-10,2549.3338723326283,483.7915671011157,41.484417545989686,302.7283665488111,3.901475711021451e-07,779010489516208886
I_dark,-0.4,9.980121445569454e-10,2387.75545073954,508.7275610680178,38.8972081784186,297.8606493603604,1.5696415424960497e-07,11032972375804727196
I_dark,-2.4000000000000004,9.136850961862703e-10,2400.1705034771794,499.3175315176618,39.85562670167986,300.93280864091923,3.8220935382202977e-07,689847661215077168
