task,seed,source,source_kind,family,budget,fit_rows,validation_rows,calibration_rows_untouched,test_rows,selected_alpha,validation_source_rmse,fit_time_selected_candidate_s,candidate_fit_time_total_s,terms,formula_chars,veriloga_lines,json_path,veriloga_path,formula_to_network_rmse,formula_to_network_r2,formula_to_network_p95_abs_error,formula_to_network_max_abs_error,formula_to_tcad_rmse,formula_to_tcad_r2,formula_to_tcad_p95_abs_error,formula_to_tcad_max_abs_error,test_finite_rate,dense_train_envelope_points,dense_finite_rate,swept_axis_derivative_finite_rate,independent_json_replay_max_abs_error,latency_per_point_s,calibration_used,test_used_for_selection,pareto_rmse_terms,pareto_rmse_chars
I_dark,42,bkan_parameter_mean,teacher_distillation,polynomial,1,1560,240,360,240,0.01,0.049430159975102,0.0005667000077664,0.0029054000624455,7,815,23,artifacts\results\multi_teacher_symbolic_pareto_10split\seed_42\I_dark\exports\I_dark\bkan_parameter_mean\polynomial_1\formula.json,artifacts\results\multi_teacher_symbolic_pareto_10split\seed_42\I_dark\exports\I_dark\bkan_parameter_mean\polynomial_1\formula.va,0.0478596556953472,0.9220556413761872,0.1179973942559751,0.172241237844644,0.0480151170975693,0.9217376323159926,0.1283894560961649,0.1629203804987886,1.0,5000,1.0,1.0,0.0,1.530466659460217e-07,False,False,False,True
I_dark,42,bkan_parameter_mean,teacher_distillation,polynomial,2,1560,240,360,240,0.01,0.0220441160975326,0.0011042000260204,0.0040270000463351,28,1586,44,artifacts\results\multi_teacher_symbolic_pareto_10split\seed_42\I_dark\exports\I_dark\bkan_parameter_mean\polynomial_2\formula.json,artifacts\results\multi_teacher_symbolic_pareto_10split\seed_42\I_dark\exports\I_dark\bkan_parameter_mean\polynomial_2\formula.va,0.0206577514335453,0.9854784945325308,0.046183655010026,0.0759168410128134,0.0211942926151773,0.9847512287349924,0.0536517756567219,0.066595983666958,1.0,5000,1.0,1.0,8.881784197001252e-16,1.379310000144566e-06,False,False,False,False
I_dark,42,bkan_parameter_mean,teacher_distillation,polynomial,3,1560,240,360,240,1e-08,0.0128706664375958,0.0021224999800324,0.0066695000277832,84,3651,100,artifacts\results\multi_teacher_symbolic_pareto_10split\seed_42\I_dark\exports\I_dark\bkan_parameter_mean\polynomial_3\formula.json,artifacts\results\multi_teacher_symbolic_pareto_10split\seed_42\I_dark\exports\I_dark\bkan_parameter_mean\polynomial_3\formula.va,0.01073867630637,0.9960758368852513,0.0220639096470522,0.0341693320451215,0.0113377472746785,0.9956363436436456,0.0248491291806489,0.0291076519035602,1.0,5000,1.0,1.0,8.881784197001252e-16,4.043360000165801e-06,False,False,False,False
I_dark,42,bkan_parameter_mean,teacher_distillation,additive_spline,4,1560,240,360,240,1e-08,0.0114025188813949,0.0017519000102765,0.0064764000708237,31,7116,196,artifacts\results\multi_teacher_symbolic_pareto_10split\seed_42\I_dark\exports\I_dark\bkan_parameter_mean\additive_spline_4\formula.json,artifacts\results\multi_teacher_symbolic_pareto_10split\seed_42\I_dark\exports\I_dark\bkan_parameter_mean\additive_spline_4\formula.va,0.0063359891551884,0.99863392545688,0.0130147966883975,0.0377456618956344,0.005603976623022,0.99893392041276,0.0108911183508648,0.028424804549779,1.0,5000,1.0,1.0,1.7763568394002505e-15,1.3481333347347876e-07,False,False,False,False
I_dark,42,bkan_parameter_mean,teacher_distillation,additive_spline,6,1560,240,360,240,1e-08,0.0108887421351097,0.0023712000111117,0.0073501999722793,43,8391,232,artifacts\results\multi_teacher_symbolic_pareto_10split\seed_42\I_dark\exports\I_dark\bkan_parameter_mean\additive_spline_6\formula.json,artifacts\results\multi_teacher_symbolic_pareto_10split\seed_42\I_dark\exports\I_dark\bkan_parameter_mean\additive_spline_6\formula.va,0.0054952011449773,0.9989724268790534,0.011882883267608,0.0334728955230554,0.0040444769038873,0.9994447076156976,0.0087068795184224,0.0241520381772,1.0,5000,1.0,1.0,1.7763568394002505e-15,1.306433347053826e-07,False,False,False,True
I_dark,42,bkan_parameter_mean,teacher_distillation,additive_spline,8,1560,240,360,240,1e-08,0.0110305805285147,0.0025952000287361,0.0077587999985553,55,9530,268,artifacts\results\multi_teacher_symbolic_pareto_10split\seed_42\I_dark\exports\I_dark\bkan_parameter_mean\additive_spline_8\formula.json,artifacts\results\multi_teacher_symbolic_pareto_10split\seed_42\I_dark\exports\I_dark\bkan_parameter_mean\additive_spline_8\formula.va,0.0054696503678772,0.9989819603800416,0.0119488552814252,0.0331634287302806,0.0041096503798703,0.9994266672486808,0.0084068308608292,0.0238425713844252,1.0,5000,1.0,1.0,1.7763568394002505e-15,1.621399986712883e-07,False,False,False,False
I_dark,42,dkan,teacher_distillation,polynomial,1,1560,240,360,240,0.01,0.0500485237231075,0.0005268999957479,0.0024500000290572,7,813,23,artifacts\results\multi_teacher_symbolic_pareto_10split\seed_42\I_dark\exports\I_dark\dkan\polynomial_1\formula.json,artifacts\results\multi_teacher_symbolic_pareto_10split\seed_42\I_dark\exports\I_dark\dkan\polynomial_1\formula.va,0.048919023846785,0.9164620151534232,0.1284113493667147,0.1675964198466939,0.0480932384160165,0.92148275704045,0.1285724564065144,0.1680672403548619,1.0,5000,1.0,1.0,8.881784197001252e-16,1.487200012585769e-07,False,False,False,False
I_dark,42,dkan,teacher_distillation,polynomial,2,1560,240,360,240,0.01,0.0289156167370373,0.0007135000196285,0.0032511000754311,28,1582,44,artifacts\results\multi_teacher_symbolic_pareto_10split\seed_42\I_dark\exports\I_dark\dkan\polynomial_2\formula.json,artifacts\results\multi_teacher_symbolic_pareto_10split\seed_42\I_dark\exports\I_dark\dkan\polynomial_2\formula.va,0.0235538093831427,0.980633517747107,0.0536862506079283,0.087655911945605,0.0215287227521372,0.9842662035366536,0.0526266746609681,0.0881869098708083,1.0,5000,1.0,1.0,8.881784197001252e-16,9.368400011832516e-07,False,False,False,True
I_dark,42,dkan,teacher_distillation,polynomial,3,1560,240,360,240,1e-08,0.0146730855097117,0.0016490000416524,0.0054979000706225,84,3629,100,artifacts\results\multi_teacher_symbolic_pareto_10split\seed_42\I_dark\exports\I_dark\dkan\polynomial_3\formula.json,artifacts\results\multi_teacher_symbolic_pareto_10split\seed_42\I_dark\exports\I_dark\dkan\polynomial_3\formula.va,0.015101718319181,0.9920387518502052,0.0312426292759299,0.060642653789233,0.0138231528795156,0.99351348808374,0.0266818830876229,0.0828921114422822,1.0,5000,1.0,1.0,8.881784197001252e-16,2.9996900004334746e-06,False,False,False,True
I_dark,42,dkan,teacher_distillation,additive_spline,4,1560,240,360,240,0.01,0.0131163868466384,0.001320699986536,0.0057880000676959,31,7075,196,artifacts\results\multi_teacher_symbolic_pareto_10split\seed_42\I_dark\exports\I_dark\dkan\additive_spline_4\formula.json,artifacts\results\multi_teacher_symbolic_pareto_10split\seed_42\I_dark\exports\I_dark\dkan\additive_spline_4\formula.va,0.0139853776628377,0.9931722623198092,0.0295931432713846,0.0872762868364924,0.0071082672766604,0.9982847615783604,0.0143557881337842,0.0438108949106696,1.0,5000,1.0,1.0,1.7763568394002505e-15,1.4745666606662176e-07,False,False,False,True
I_dark,42,dkan,teacher_distillation,additive_spline,6,1560,240,360,240,0.01,0.0126661248896955,0.0014042999828234,0.0061132999835535,43,8251,232,artifacts\results\multi_teacher_symbolic_pareto_10split\seed_42\I_dark\exports\I_dark\dkan\additive_spline_6\formula.json,artifacts\results\multi_teacher_symbolic_pareto_10split\seed_42\I_dark\exports\I_dark\dkan\additive_spline_6\formula.va,0.0138641505272069,0.9932901168051852,0.0302019141424628,0.0920435112344915,0.0059413673659247,0.998801688269408,0.012265526159694,0.0390436705126706,1.0,5000,1.0,1.0,1.7763568394002505e-15,1.3863666487547258e-07,False,False,False,False
I_dark,42,dkan,teacher_distillation,additive_spline,8,1560,240,360,240,1e-08,0.012408636354669,0.0018716000486165,0.0066530000185593,55,9424,268,artifacts\results\multi_teacher_symbolic_pareto_10split\seed_42\I_dark\exports\I_dark\dkan\additive_spline_8\formula.json,artifacts\results\multi_teacher_symbolic_pareto_10split\seed_42\I_dark\exports\I_dark\dkan\additive_spline_8\formula.va,0.0136038838302214,0.993539676595784,0.0288645046108659,0.0961725906055832,0.0050240102725217,0.9991431633485324,0.0104730597818785,0.0349145911415789,1.0,5000,1.0,1.0,1.7763568394002505e-15,1.317733316682279e-07,False,False,False,False
I_dark,42,mlp_l,teacher_distillation,polynomial,1,1560,240,360,240,0.01,0.0439972977292248,0.0005369000136852,0.0024518999853171,7,812,23,artifacts\results\multi_teacher_symbolic_pareto_10split\seed_42\I_dark\exports\I_dark\mlp_l\polynomial_1\formula.json,artifacts\results\multi_teacher_symbolic_pareto_10split\seed_42\I_dark\exports\I_dark\mlp_l\polynomial_1\formula.va,0.0440520880313091,0.9322238861362564,0.0844066634345824,0.1145450034522781,0.0480573470771764,0.921599906041583,0.1277097101451117,0.1662168638493426,1.0,5000,1.0,1.0,0.0,1.5815333463251594e-07,False,False,False,True
I_dark,42,mlp_l,teacher_distillation,polynomial,2,1560,240,360,240,1e-08,0.0072706440867164,0.0011076999944634,0.0033441999694332,28,1590,44,artifacts\results\multi_teacher_symbolic_pareto_10split\seed_42\I_dark\exports\I_dark\mlp_l\polynomial_2\formula.json,artifacts\results\multi_teacher_symbolic_pareto_10split\seed_42\I_dark\exports\I_dark\mlp_l\polynomial_2\formula.va,0.0070176256546464,0.9982800173653124,0.0119276534123454,0.0174362686172315,0.0213731439587342,0.9844927845872112,0.0546118176415175,0.0628072035564377,1.0,5000,1.0,1.0,8.881784197001252e-16,9.41633334150538e-07,False,False,False,False
I_dark,42,mlp_l,teacher_distillation,polynomial,3,1560,240,360,240,0.01,0.0014156348325667,0.0020693000406026,0.0062439001048915,84,3645,100,artifacts\results\multi_teacher_symbolic_pareto_10split\seed_42\I_dark\exports\I_dark\mlp_l\polynomial_3\formula.json,artifacts\results\multi_teacher_symbolic_pareto_10split\seed_42\I_dark\exports\I_dark\mlp_l\polynomial_3\formula.va,0.0011871345410322,0.9999507797800856,0.0019789756023454,0.0069238785613796,0.0159683473863301,0.9913440060976436,0.0429710319105342,0.0488122465468885,1.0,5000,1.0,1.0,8.881784197001252e-16,2.9756233328953387e-06,False,False,False,False
I_dark,42,mlp_l,teacher_distillation,additive_spline,4,1560,240,360,240,1e-08,0.0141956731550584,0.0016790000372566,0.0055937000433914,31,7168,196,artifacts\results\multi_teacher_symbolic_pareto_10split\seed_42\I_dark\exports\I_dark\mlp_l\additive_spline_4\formula.json,artifacts\results\multi_teacher_symbolic_pareto_10split\seed_42\I_dark\exports\I_dark\mlp_l\additive_spline_4\formula.va,0.0054043458635871,0.9989799300905896,0.0099661525944064,0.0193951275402941,0.0164931623415631,0.9907656811670708,0.0382809296924475,0.0687603065970821,1.0,5000,1.0,1.0,1.7763568394002505e-15,1.2427999948461854e-07,False,False,False,False
I_dark,42,mlp_l,teacher_distillation,additive_spline,6,1560,240,360,240,1e-08,0.0141437571138446,0.0016888999962247,0.0058988999808207,43,8374,232,artifacts\results\multi_teacher_symbolic_pareto_10split\seed_42\I_dark\exports\I_dark\mlp_l\additive_spline_6\formula.json,artifacts\results\multi_teacher_symbolic_pareto_10split\seed_42\I_dark\exports\I_dark\mlp_l\additive_spline_6\formula.va,0.0054221724385621,0.9989731894621044,0.0099174409789641,0.0191774197287317,0.0165219650718368,0.990733400415842,0.0389531655198998,0.0690846634148112,1.0,5000,1.0,1.0,1.7763568394002505e-15,1.3628333302525182e-07,False,False,False,False
I_dark,42,mlp_l,teacher_distillation,additive_spline,8,1560,240,360,240,1e-08,0.0141777730023738,0.0018291999585926,0.0066496999352239,55,9605,268,artifacts\results\multi_teacher_symbolic_pareto_10split\seed_42\I_dark\exports\I_dark\mlp_l\additive_spline_8\formula.json,artifacts\results\multi_teacher_symbolic_pareto_10split\seed_42\I_dark\exports\I_dark\mlp_l\additive_spline_8\formula.va,0.0054371575286212,0.9989675060904905,0.0099737579189202,0.0187138178539134,0.0165532347569284,0.99069829105024,0.0390572659625337,0.0695453121342852,1.0,5000,1.0,1.0,1.7763568394002505e-15,1.3290999922901393e-07,False,False,False,False
I_dark,42,tcad_direct,direct_tcad,polynomial,1,1560,240,360,240,0.01,0.0479232861827734,0.000530399964191,0.0024153999984264,7,816,23,artifacts\results\multi_teacher_symbolic_pareto_10split\seed_42\I_dark\exports\I_dark\tcad_direct\polynomial_1\formula.json,artifacts\results\multi_teacher_symbolic_pareto_10split\seed_42\I_dark\exports\I_dark\tcad_direct\polynomial_1\formula.va,,,,,0.0480021341514363,0.9217799497691376,0.1272875625039884,0.16110144145813,1.0,5000,1.0,1.0,0.0,1.631800007695953e-07,False,False,True,True
I_dark,42,tcad_direct,direct_tcad,polynomial,2,1560,240,360,240,1e-08,0.0210261910720984,0.0010109999566338,0.0033553999965079,28,1585,44,artifacts\results\multi_teacher_symbolic_pareto_10split\seed_42\I_dark\exports\I_dark\tcad_direct\polynomial_2\formula.json,artifacts\results\multi_teacher_symbolic_pareto_10split\seed_42\I_dark\exports\I_dark\tcad_direct\polynomial_2\formula.va,,,,,0.021120462797962,0.984857281165469,0.0521264797485459,0.064577528628468,1.0,5000,1.0,1.0,8.881784197001252e-16,9.165233350358904e-07,False,False,True,True
I_dark,42,tcad_direct,direct_tcad,polynomial,3,1560,240,360,240,0.01,0.011029688388998,0.001200400001835,0.0055961000034585,84,3642,100,artifacts\results\multi_teacher_symbolic_pareto_10split\seed_42\I_dark\exports\I_dark\tcad_direct\polynomial_3\formula.json,artifacts\results\multi_teacher_symbolic_pareto_10split\seed_42\I_dark\exports\I_dark\tcad_direct\polynomial_3\formula.va,,,,,0.0111805318041688,0.995756522336183,0.0228831491878298,0.0266301466879967,1.0,5000,1.0,1.0,8.881784197001252e-16,2.9932599999786666e-06,False,False,False,True
I_dark,42,tcad_direct,direct_tcad,additive_spline,4,1560,240,360,240,1e-08,0.0150303285435815,0.0017716999864205,0.005903499899432,31,7111,196,artifacts\results\multi_teacher_symbolic_pareto_10split\seed_42\I_dark\exports\I_dark\tcad_direct\additive_spline_4\formula.json,artifacts\results\multi_teacher_symbolic_pareto_10split\seed_42\I_dark\exports\I_dark\tcad_direct\additive_spline_4\formula.va,,,,,0.0052781176966971,0.9990542961904412,0.0100274083948527,0.0253612561299103,1.0,5000,1.0,1.0,1.7763568394002505e-15,1.2437333352863788e-07,False,False,True,True
I_dark,42,tcad_direct,direct_tcad,additive_spline,6,1560,240,360,240,1e-08,0.01455434444604,0.0016906999517232,0.0059401999460533,43,8400,232,artifacts\results\multi_teacher_symbolic_pareto_10split\seed_42\I_dark\exports\I_dark\tcad_direct\additive_spline_6\formula.json,artifacts\results\multi_teacher_symbolic_pareto_10split\seed_42\I_dark\exports\I_dark\tcad_direct\additive_spline_6\formula.va,,,,,0.0036138807436787,0.9995566521244236,0.0077961463977919,0.0206755119251118,1.0,5000,1.0,1.0,1.7763568394002505e-15,1.2873666710220276e-07,False,False,True,True
I_dark,42,tcad_direct,direct_tcad,additive_spline,8,1560,240,360,240,1e-08,0.0145544319178659,0.0018535000272095,0.006461200013291,55,9596,268,artifacts\results\multi_teacher_symbolic_pareto_10split\seed_42\I_dark\exports\I_dark\tcad_direct\additive_spline_8\formula.json,artifacts\results\multi_teacher_symbolic_pareto_10split\seed_42\I_dark\exports\I_dark\tcad_direct\additive_spline_8\formula.va,,,,,0.0035967975830363,0.9995608337134222,0.0075504709268901,0.0200757762425745,1.0,5000,1.0,1.0,1.7763568394002505e-15,1.3637666706927124e-07,False,False,True,True
I_photo,42,bkan_parameter_mean,teacher_distillation,polynomial,1,1664,256,384,256,1e-08,0.0066841566283171,0.0011733000283129,0.0038495000335387,7,821,23,artifacts\results\multi_teacher_symbolic_pareto_10split\seed_42\I_photo\exports\I_photo\bkan_parameter_mean\polynomial_1\formula.json,artifacts\results\multi_teacher_symbolic_pareto_10split\seed_42\I_photo\exports\I_photo\bkan_parameter_mean\polynomial_1\formula.va,0.0066837703437522,0.9100635599075284,0.0128510980840363,0.0206985033327247,0.0070523245900184,0.9019206236970956,0.0142703734668351,0.0193726154290767,1.0,5000,1.0,1.0,4.440892098500626e-16,2.60466665107136e-07,False,False,False,False
I_photo,42,bkan_parameter_mean,teacher_distillation,polynomial,2,1664,256,384,256,0.01,0.0039506789254065,0.0012354999780654,0.0044793999986723,28,1589,44,artifacts\results\multi_teacher_symbolic_pareto_10split\seed_42\I_photo\exports\I_photo\bkan_parameter_mean\polynomial_2\formula.json,artifacts\results\multi_teacher_symbolic_pareto_10split\seed_42\I_photo\exports\I_photo\bkan_parameter_mean\polynomial_2\formula.va,0.0031688710923175,0.9797836940930188,0.0062277819459981,0.0084087358290831,0.0039539496037168,0.96916986909137,0.0081556234417544,0.0102320413263132,1.0,5000,1.0,1.0,4.440892098500626e-16,1.2534333334770054e-06,False,False,False,True
I_photo,42,bkan_parameter_mean,teacher_distillation,polynomial,3,1664,256,384,256,0.01,0.006046077614191,0.0019358999561518,0.0071941999485716,84,3646,100,artifacts\results\multi_teacher_symbolic_pareto_10split\seed_42\I_photo\exports\I_photo\bkan_parameter_mean\polynomial_3\formula.json,artifacts\results\multi_teacher_symbolic_pareto_10split\seed_42\I_photo\exports\I_photo\bkan_parameter_mean\polynomial_3\formula.va,0.0032170926525375,0.9791637388150868,0.0062358165440766,0.0099056429570438,0.0037771951966423,0.9718646729969774,0.0075071337260451,0.0093796906039416,1.0,5000,1.0,1.0,4.440892098500626e-16,3.912880000037451e-06,False,False,False,True
I_photo,42,bkan_parameter_mean,teacher_distillation,additive_spline,4,1664,256,384,256,0.01,0.0016222940305947,0.0013195000356063,0.006361200066749,31,7168,196,artifacts\results\multi_teacher_symbolic_pareto_10split\seed_42\I_photo\exports\I_photo\bkan_parameter_mean\additive_spline_4\formula.json,artifacts\results\multi_teacher_symbolic_pareto_10split\seed_42\I_photo\exports\I_photo\bkan_parameter_mean\additive_spline_4\formula.va,0.0025155372726581,0.9872604476312316,0.0045708920245507,0.0078688908226656,0.0038413037444779,0.970901512946814,0.0079552482544221,0.0084487685567853,1.0,5000,1.0,1.0,8.881784197001252e-16,1.2634333300714692e-07,False,False,False,False
I_photo,42,bkan_parameter_mean,teacher_distillation,additive_spline,6,1664,256,384,256,0.01,0.001933535872155,0.0014983000000938,0.0068755000829696,43,8432,232,artifacts\results\multi_teacher_symbolic_pareto_10split\seed_42\I_photo\exports\I_photo\bkan_parameter_mean\additive_spline_6\formula.json,artifacts\results\multi_teacher_symbolic_pareto_10split\seed_42\I_photo\exports\I_photo\bkan_parameter_mean\additive_spline_6\formula.va,0.0023256507067522,0.9891111596347392,0.0043473737952857,0.0055662973565642,0.0037220765591522,0.9726798101247442,0.0066348199079758,0.0092199049975381,1.0,5000,1.0,1.0,8.881784197001252e-16,1.286699999279032e-07,False,False,False,False
I_photo,42,bkan_parameter_mean,teacher_distillation,additive_spline,8,1664,256,384,256,0.01,0.0016771509890809,0.0015393999638035,0.0071407998912036,55,9568,268,artifacts\results\multi_teacher_symbolic_pareto_10split\seed_42\I_photo\exports\I_photo\bkan_parameter_mean\additive_spline_8\formula.json,artifacts\results\multi_teacher_symbolic_pareto_10split\seed_42\I_photo\exports\I_photo\bkan_parameter_mean\additive_spline_8\formula.va,0.0024320224093727,0.9880923023248612,0.0046331022798205,0.0069989281382913,0.0033590137331377,0.977749659137576,0.0066825566334136,0.0094410676092415,1.0,5000,1.0,1.0,8.881784197001252e-16,1.4554666510472694e-07,False,False,True,True
I_photo,42,dkan,teacher_distillation,polynomial,1,1664,256,384,256,0.01,0.0071012187560172,0.000527600001078,0.0024643999640829,7,821,23,artifacts\results\multi_teacher_symbolic_pareto_10split\seed_42\I_photo\exports\I_photo\dkan\polynomial_1\formula.json,artifacts\results\multi_teacher_symbolic_pareto_10split\seed_42\I_photo\exports\I_photo\dkan\polynomial_1\formula.va,0.0070491044262351,0.9003717507111301,0.0135825681200631,0.0187568799723325,0.0070439217366694,0.9021542078491792,0.0141279918833465,0.019911762486886,1.0,5000,1.0,1.0,0.0,1.477366662584245e-07,False,False,False,False
I_photo,42,dkan,teacher_distillation,polynomial,2,1664,256,384,256,0.01,0.0053329694917141,0.0009744000271894,0.0043065000209026,28,1596,44,artifacts\results\multi_teacher_symbolic_pareto_10split\seed_42\I_photo\exports\I_photo\dkan\polynomial_2\formula.json,artifacts\results\multi_teacher_symbolic_pareto_10split\seed_42\I_photo\exports\I_photo\dkan\polynomial_2\formula.va,0.003557011553142,0.97463206234348,0.0071189146640672,0.0087014833609488,0.0038785543481604,0.9703344180461598,0.0078365654627884,0.0100382023228675,1.0,5000,1.0,1.0,4.440892098500626e-16,9.301833323358248e-07,False,False,True,True
I_photo,42,dkan,teacher_distillation,polynomial,3,1664,256,384,256,0.01,0.0086120219034159,0.0017405000398866,0.0067636000458151,84,3654,100,artifacts\results\multi_teacher_symbolic_pareto_10split\seed_42\I_photo\exports\I_photo\dkan\polynomial_3\formula.json,artifacts\results\multi_teacher_symbolic_pareto_10split\seed_42\I_photo\exports\I_photo\dkan\polynomial_3\formula.va,0.0047083316772087,0.9555523598311562,0.0101193315313422,0.0128624484398813,0.0047652799706461,0.9552193954270004,0.0119637615218641,0.0136601293468894,1.0,5000,1.0,1.0,4.440892098500626e-16,3.0341799991826217e-06,False,False,False,False
I_photo,42,dkan,teacher_distillation,additive_spline,4,1664,256,384,256,0.01,0.0036086883330879,0.0013190999743528,0.0058738999650813,31,7151,196,artifacts\results\multi_teacher_symbolic_pareto_10split\seed_42\I_photo\exports\I_photo\dkan\additive_spline_4\formula.json,artifacts\results\multi_teacher_symbolic_pareto_10split\seed_42\I_photo\exports\I_photo\dkan\additive_spline_4\formula.va,0.0032278261165045,0.9791101715985066,0.0074868662492969,0.0088867743721321,0.003722947687114,0.9726670204005192,0.0069287750262683,0.008792955800712,1.0,5000,1.0,1.0,8.881784197001252e-16,1.4311999936277666e-07,False,False,False,False
I_photo,42,dkan,teacher_distillation,additive_spline,6,1664,256,384,256,1e-08,0.004022957966867,0.0018328999867662,0.0062750999932177,43,8361,232,artifacts\results\multi_teacher_symbolic_pareto_10split\seed_42\I_photo\exports\I_photo\dkan\additive_spline_6\formula.json,artifacts\results\multi_teacher_symbolic_pareto_10split\seed_42\I_photo\exports\I_photo\dkan\additive_spline_6\formula.va,0.00267715513262,0.9856298372771898,0.0049248758571949,0.0068111526415792,0.0038664903122952,0.9705186774474436,0.00772899993322,0.0094644612523238,1.0,5000,1.0,1.0,8.881784197001252e-16,1.273966666000585e-07,False,False,False,False
I_photo,42,dkan,teacher_distillation,additive_spline,8,1664,256,384,256,0.01,0.0038500301299812,0.0016191999893635,0.006813200074248,55,9538,268,artifacts\results\multi_teacher_symbolic_pareto_10split\seed_42\I_photo\exports\I_photo\dkan\additive_spline_8\formula.json,artifacts\results\multi_teacher_symbolic_pareto_10split\seed_42\I_photo\exports\I_photo\dkan\additive_spline_8\formula.va,0.0030346333915546,0.9815359454436974,0.0057805735871231,0.0072736057291296,0.0035440962578643,0.9752301071837436,0.0077331671464225,0.010329544628123,1.0,5000,1.0,1.0,8.881784197001252e-16,1.3559666695073246e-07,False,False,False,True
I_photo,42,mlp_l,teacher_distillation,polynomial,1,1664,256,384,256,1e-08,0.0061571081080267,0.0007784999907016,0.0026151999481953,7,824,23,artifacts\results\multi_teacher_symbolic_pareto_10split\seed_42\I_photo\exports\I_photo\mlp_l\polynomial_1\formula.json,artifacts\results\multi_teacher_symbolic_pareto_10split\seed_42\I_photo\exports\I_photo\mlp_l\polynomial_1\formula.va,0.0059589698641109,0.9269655723909628,0.0105170411677975,0.0150120000240714,0.0070736054313007,0.9013278090128288,0.0140670482614295,0.0197129798609365,1.0,5000,1.0,1.0,4.440892098500626e-16,1.541833335068077e-07,False,False,False,False
I_photo,42,mlp_l,teacher_distillation,polynomial,2,1664,256,384,256,0.01,0.0009949834190792,0.0007316999835893,0.0034128000261262,28,1593,44,artifacts\results\multi_teacher_symbolic_pareto_10split\seed_42\I_photo\exports\I_photo\mlp_l\polynomial_2\formula.json,artifacts\results\multi_teacher_symbolic_pareto_10split\seed_42\I_photo\exports\I_photo\mlp_l\polynomial_2\formula.va,0.0008769363106762,0.9984183100408024,0.0017748105440936,0.0025054602593033,0.0038878638391897,0.9701918376493316,0.0076487351087938,0.0107202471567036,1.0,5000,1.0,1.0,4.440892098500626e-16,9.006399991145979e-07,False,False,False,True
I_photo,42,mlp_l,teacher_distillation,polynomial,3,1664,256,384,256,1e-08,0.0002268308364038,0.0021097999997437,0.006750600063242,84,3675,100,artifacts\results\multi_teacher_symbolic_pareto_10split\seed_42\I_photo\exports\I_photo\mlp_l\polynomial_3\formula.json,artifacts\results\multi_teacher_symbolic_pareto_10split\seed_42\I_photo\exports\I_photo\mlp_l\polynomial_3\formula.va,0.0002250657521119,0.999895815267734,0.0004556926401442,0.0009421315848183,0.0035814275662832,0.974705537584711,0.0072170291534239,0.0099415406741405,1.0,5000,1.0,1.0,4.440892098500626e-16,3.025589999742806e-06,False,False,False,True
I_photo,42,mlp_l,teacher_distillation,additive_spline,4,1664,256,384,256,0.0001,0.0017563761947467,0.0018615999724715,0.0065999999642372,31,7197,196,artifacts\results\multi_teacher_symbolic_pareto_10split\seed_42\I_photo\exports\I_photo\mlp_l\additive_spline_4\formula.json,artifacts\results\multi_teacher_symbolic_pareto_10split\seed_42\I_photo\exports\I_photo\mlp_l\additive_spline_4\formula.va,0.0011784909182877,0.9971434769559884,0.0027222987685576,0.0036459612722898,0.003910443026261,0.9698446040579392,0.0078903552890132,0.0101874943100885,1.0,5000,1.0,1.0,8.881784197001252e-16,1.300266672236224e-07,False,False,False,False
I_photo,42,mlp_l,teacher_distillation,additive_spline,6,1664,256,384,256,1e-08,0.0017078217325614,0.0020285000209696,0.007393299951218,43,8488,232,artifacts\results\multi_teacher_symbolic_pareto_10split\seed_42\I_photo\exports\I_photo\mlp_l\additive_spline_6\formula.json,artifacts\results\multi_teacher_symbolic_pareto_10split\seed_42\I_photo\exports\I_photo\mlp_l\additive_spline_6\formula.va,0.0013430605804132,0.9962899782409976,0.0025220092857901,0.0043118780823663,0.0038816508769538,0.9702870308034937,0.0076210745330647,0.0095521490252306,1.0,5000,1.0,1.0,8.881784197001252e-16,1.334233325906098e-07,False,False,False,False
I_photo,42,mlp_l,teacher_distillation,additive_spline,8,1664,256,384,256,0.0001,0.0017244161700545,0.001594900037162,0.0075084000709466,55,9744,268,artifacts\results\multi_teacher_symbolic_pareto_10split\seed_42\I_photo\exports\I_photo\mlp_l\additive_spline_8\formula.json,artifacts\results\multi_teacher_symbolic_pareto_10split\seed_42\I_photo\exports\I_photo\mlp_l\additive_spline_8\formula.va,0.0012894722205133,0.9965801328731964,0.0027667253316945,0.0043869967053193,0.0037851352910713,0.9717462613477617,0.0073121065321123,0.0096272676481836,1.0,5000,1.0,1.0,8.881784197001252e-16,1.5428333426825705e-07,False,False,False,False
I_photo,42,tcad_direct,direct_tcad,polynomial,1,1664,256,384,256,0.01,0.0080954589627257,0.0005819999496452,0.0026167999603785,7,817,23,artifacts\results\multi_teacher_symbolic_pareto_10split\seed_42\I_photo\exports\I_photo\tcad_direct\polynomial_1\formula.json,artifacts\results\multi_teacher_symbolic_pareto_10split\seed_42\I_photo\exports\I_photo\tcad_direct\polynomial_1\formula.va,,,,,0.0070437559342825,0.902158814054518,0.0143395504496832,0.019594197116858,1.0,5000,1.0,1.0,4.440892098500626e-16,1.487099992421766e-07,False,False,True,True
I_photo,42,tcad_direct,direct_tcad,polynomial,2,1664,256,384,256,0.01,0.005970642875441,0.0007420000038109,0.0035755999851971,28,1593,44,artifacts\results\multi_teacher_symbolic_pareto_10split\seed_42\I_photo\exports\I_photo\tcad_direct\polynomial_2\formula.json,artifacts\results\multi_teacher_symbolic_pareto_10split\seed_42\I_photo\exports\I_photo\tcad_direct\polynomial_2\formula.va,,,,,0.004274986229944,0.9639601852492354,0.0085920296877305,0.0110903697429884,1.0,5000,1.0,1.0,4.440892098500626e-16,9.445033327210694e-07,False,False,False,False
I_photo,42,tcad_direct,direct_tcad,polynomial,3,1664,256,384,256,0.01,0.0088903838378876,0.0020191999501548,0.0070510999648831,84,3652,100,artifacts\results\multi_teacher_symbolic_pareto_10split\seed_42\I_photo\exports\I_photo\tcad_direct\polynomial_3\formula.json,artifacts\results\multi_teacher_symbolic_pareto_10split\seed_42\I_photo\exports\I_photo\tcad_direct\polynomial_3\formula.va,,,,,0.0072582676720553,0.8961087264766565,0.0207453413567335,0.0222445231520338,1.0,5000,1.0,1.0,4.440892098500626e-16,3.0085833316358427e-06,False,False,False,False
I_photo,42,tcad_direct,direct_tcad,additive_spline,4,1664,256,384,256,0.01,0.004518783003512,0.0013117999769747,0.0058409000048413,31,7133,196,artifacts\results\multi_teacher_symbolic_pareto_10split\seed_42\I_photo\exports\I_photo\tcad_direct\additive_spline_4\formula.json,artifacts\results\multi_teacher_symbolic_pareto_10split\seed_42\I_photo\exports\I_photo\tcad_direct\additive_spline_4\formula.va,,,,,0.0036695539614571,0.9734454059511124,0.0070783988571224,0.0088626160548646,1.0,5000,1.0,1.0,8.881784197001252e-16,1.382700012375911e-07,False,False,True,False
I_photo,42,tcad_direct,direct_tcad,additive_spline,6,1664,256,384,256,0.01,0.0049756685976517,0.0015154000138863,0.0062415999709628,43,8371,232,artifacts\results\multi_teacher_symbolic_pareto_10split\seed_42\I_photo\exports\I_photo\tcad_direct\additive_spline_6\formula.json,artifacts\results\multi_teacher_symbolic_pareto_10split\seed_42\I_photo\exports\I_photo\tcad_direct\additive_spline_6\formula.va,,,,,0.0036618504008949,0.9735567819941952,0.0069670407109281,0.0095352881819925,1.0,5000,1.0,1.0,8.881784197001252e-16,1.2950000042716662e-07,False,False,True,False
I_photo,42,tcad_direct,direct_tcad,additive_spline,8,1664,256,384,256,0.01,0.0055217014888151,0.0015528000076301,0.0066329999244771,55,9546,268,artifacts\results\multi_teacher_symbolic_pareto_10split\seed_42\I_photo\exports\I_photo\tcad_direct\additive_spline_8\formula.json,artifacts\results\multi_teacher_symbolic_pareto_10split\seed_42\I_photo\exports\I_photo\tcad_direct\additive_spline_8\formula.va,,,,,0.0037701907622729,0.9719689245995052,0.0084255772180669,0.0111357697122431,1.0,5000,1.0,1.0,8.881784197001252e-16,1.3029333398056526e-07,False,False,False,False
AC_Response,42,bkan_parameter_mean,teacher_distillation,polynomial,1,2912,448,672,448,0.01,0.9162673681310762,0.0006117000011727,0.0033797999494709,4,513,17,artifacts\results\multi_teacher_symbolic_pareto_10split\seed_42\AC_Response\exports\AC_Response\bkan_parameter_mean\polynomial_1\formula.json,artifacts\results\multi_teacher_symbolic_pareto_10split\seed_42\AC_Response\exports\AC_Response\bkan_parameter_mean\polynomial_1\formula.va,0.9151311643765884,0.858064047645769,1.4603936975289855,1.7875024165699855,0.9181290247680332,0.8571552703933693,1.4892685658271496,1.7643300374456323,1.0,5000,1.0,1.0,0.0,6.981666665524244e-08,False,False,False,False
AC_Response,42,bkan_parameter_mean,teacher_distillation,polynomial,2,2912,448,672,448,0.01,0.3146885955496405,0.0007547000423073,0.0031681999680586,10,689,23,artifacts\results\multi_teacher_symbolic_pareto_10split\seed_42\AC_Response\exports\AC_Response\bkan_parameter_mean\polynomial_2\formula.json,artifacts\results\multi_teacher_symbolic_pareto_10split\seed_42\AC_Response\exports\AC_Response\bkan_parameter_mean\polynomial_2\formula.va,0.311201332781235,0.9835862194731954,0.5681602059999896,0.6549245253800304,0.3146203689692962,0.9832262386602236,0.5847615250086392,0.6668510064049027,1.0,5000,1.0,1.0,1.7763568394002505e-15,2.537666664769252e-07,False,False,False,False
AC_Response,42,bkan_parameter_mean,teacher_distillation,polynomial,3,2912,448,672,448,1e-08,0.1649711149489535,0.00156419997802,0.0055415999377146,20,987,33,artifacts\results\multi_teacher_symbolic_pareto_10split\seed_42\AC_Response\exports\AC_Response\bkan_parameter_mean\polynomial_3\formula.json,artifacts\results\multi_teacher_symbolic_pareto_10split\seed_42\AC_Response\exports\AC_Response\bkan_parameter_mean\polynomial_3\formula.va,0.1639378470621899,0.9954450440620536,0.3150415366610499,0.3839661248020454,0.1743531506662038,0.994848705409054,0.3322523891078823,0.6332577740455019,1.0,5000,1.0,1.0,6.217248937900877e-15,5.496400000993162e-07,False,False,False,False
AC_Response,42,bkan_parameter_mean,teacher_distillation,additive_spline,4,2912,448,672,448,0.0001,0.0880142850409349,0.0018793999915942,0.0069097999949008,16,3587,103,artifacts\results\multi_teacher_symbolic_pareto_10split\seed_42\AC_Response\exports\AC_Response\bkan_parameter_mean\additive_spline_4\formula.json,artifacts\results\multi_teacher_symbolic_pareto_10split\seed_42\AC_Response\exports\AC_Response\bkan_parameter_mean\additive_spline_4\formula.va,0.0864553025453442,0.9987331972562016,0.1475031585908725,0.3160039845646345,0.1020659017886654,0.9982347015431776,0.1678558371092377,0.4841987821143414,1.0,5000,1.0,1.0,3.969047313034935e-15,9.604333317838609e-08,False,False,True,True
AC_Response,42,bkan_parameter_mean,teacher_distillation,additive_spline,6,2912,448,672,448,0.0001,0.0888307339537228,0.001769799971953,0.0066570000490173,22,4148,121,artifacts\results\multi_teacher_symbolic_pareto_10split\seed_42\AC_Response\exports\AC_Response\bkan_parameter_mean\additive_spline_6\formula.json,artifacts\results\multi_teacher_symbolic_pareto_10split\seed_42\AC_Response\exports\AC_Response\bkan_parameter_mean\additive_spline_6\formula.va,0.0873698034032847,0.9987062557206182,0.1498925380740672,0.3013337120383088,0.1028840799711751,0.9982062862222196,0.1771324758775981,0.5080511004728834,1.0,5000,1.0,1.0,2.664535259100376e-15,6.992333219386637e-08,False,False,False,False
AC_Response,42,bkan_parameter_mean,teacher_distillation,additive_spline,8,2912,448,672,448,0.0001,0.080181502462803,0.0021198000176809,0.0070185000076889,28,4736,139,artifacts\results\multi_teacher_symbolic_pareto_10split\seed_42\AC_Response\exports\AC_Response\bkan_parameter_mean\additive_spline_8\formula.json,artifacts\results\multi_teacher_symbolic_pareto_10split\seed_42\AC_Response\exports\AC_Response\bkan_parameter_mean\additive_spline_8\formula.va,0.0778650952352398,0.9989724301248848,0.1258441024394047,0.286792134753508,0.0948407546168485,0.9984757830420372,0.1605600425899297,0.480592441070037,1.0,5000,1.0,1.0,1.873501354054952e-15,8.272999936404328e-08,False,False,False,False
AC_Response,42,dkan,teacher_distillation,polynomial,1,2912,448,672,448,0.01,0.9112857833748382,0.000573199999053,0.0029855000320822,4,512,17,artifacts\results\multi_teacher_symbolic_pareto_10split\seed_42\AC_Response\exports\AC_Response\dkan\polynomial_1\formula.json,artifacts\results\multi_teacher_symbolic_pareto_10split\seed_42\AC_Response\exports\AC_Response\dkan\polynomial_1\formula.va,0.9145209129884412,0.8508660985860244,1.5025051297556855,2.6016346399489976,0.9181496280582832,0.8571488593021884,1.4815946116148735,1.7657393252971456,1.0,5000,1.0,1.0,0.0,6.62466666350762e-08,False,False,False,False
AC_Response,42,dkan,teacher_distillation,polynomial,2,2912,448,672,448,0.01,0.3300990877542037,0.0008033000049181,0.0034369000932201,10,684,23,artifacts\results\multi_teacher_symbolic_pareto_10split\seed_42\AC_Response\exports\AC_Response\dkan\polynomial_2\formula.json,artifacts\results\multi_teacher_symbolic_pareto_10split\seed_42\AC_Response\exports\AC_Response\dkan\polynomial_2\formula.va,0.4076478114810457,0.9703681117571028,0.7336616498800282,2.136182967699005,0.3160074084121821,0.9830780146036228,0.5847997459891172,0.674761683997839,1.0,5000,1.0,1.0,2.664535259100376e-15,2.25746666546911e-07,False,False,False,True
AC_Response,42,dkan,teacher_distillation,polynomial,3,2912,448,672,448,1e-08,0.186110485603715,0.0013101000222377,0.0038877000333741,20,982,33,artifacts\results\multi_teacher_symbolic_pareto_10split\seed_42\AC_Response\exports\AC_Response\dkan\polynomial_3\formula.json,artifacts\results\multi_teacher_symbolic_pareto_10split\seed_42\AC_Response\exports\AC_Response\dkan\polynomial_3\formula.va,0.2987881292023526,0.9840810002849316,0.6770300906527872,1.9332113352441416,0.1757917801948654,0.9947633455673672,0.3329628305580865,0.6634818718929925,1.0,5000,1.0,1.0,4.440892098500626e-15,4.10556667096292e-07,False,False,False,True
AC_Response,42,dkan,teacher_distillation,additive_spline,4,2912,448,672,448,1e-08,0.1053697518519972,0.0020127000170759,0.0066836000187322,16,3571,103,artifacts\results\multi_teacher_symbolic_pareto_10split\seed_42\AC_Response\exports\AC_Response\dkan\additive_spline_4\formula.json,artifacts\results\multi_teacher_symbolic_pareto_10split\seed_42\AC_Response\exports\AC_Response\dkan\additive_spline_4\formula.va,0.2886928820926127,0.9851385477891776,0.6699752557208939,1.7824392233660733,0.1045904135976822,0.9981462953121828,0.1750818711253017,0.4969058479673132,1.0,5000,1.0,1.0,3.552713678800501e-15,6.894666779165467e-08,False,False,False,False
AC_Response,42,dkan,teacher_distillation,additive_spline,6,2912,448,672,448,1e-08,0.105882572212735,0.0015321999671868,0.006500799965579,22,4140,121,artifacts\results\multi_teacher_symbolic_pareto_10split\seed_42\AC_Response\exports\AC_Response\dkan\additive_spline_6\formula.json,artifacts\results\multi_teacher_symbolic_pareto_10split\seed_42\AC_Response\exports\AC_Response\dkan\additive_spline_6\formula.va,0.2891903078598993,0.985087290287232,0.6567159922532309,1.8056023262741825,0.1055789662666748,0.9981110885535244,0.173556973391352,0.5206956473400837,1.0,5000,1.0,1.0,1.7763568394002505e-15,7.940000117135544e-08,False,False,False,False
AC_Response,42,dkan,teacher_distillation,additive_spline,8,2912,448,672,448,0.01,0.0968722323828273,0.0014134999946691,0.0070093999966047,28,4713,139,artifacts\results\multi_teacher_symbolic_pareto_10split\seed_42\AC_Response\exports\AC_Response\dkan\additive_spline_8\formula.json,artifacts\results\multi_teacher_symbolic_pareto_10split\seed_42\AC_Response\exports\AC_Response\dkan\additive_spline_8\formula.va,0.2857690284227648,0.9854380540938444,0.6610162775371392,1.8876239229216667,0.0972682672610811,0.998396757761012,0.1713800815979121,0.5013582040915514,1.0,5000,1.0,1.0,2.581268532253489e-15,7.042000070214271e-08,False,False,False,False
AC_Response,42,mlp_l,teacher_distillation,polynomial,1,2912,448,672,448,0.01,0.851605717501502,0.0005290999542921,0.0024090998922474,4,510,17,artifacts\results\multi_teacher_symbolic_pareto_10split\seed_42\AC_Response\exports\AC_Response\mlp_l\polynomial_1\formula.json,artifacts\results\multi_teacher_symbolic_pareto_10split\seed_42\AC_Response\exports\AC_Response\mlp_l\polynomial_1\formula.va,0.8481634789410446,0.8740370786371731,1.4866748603970712,1.5945465903191822,0.9182687159106544,0.8571118001164353,1.4660114449511603,1.7045333924260315,1.0,5000,1.0,1.0,4.440892098500626e-16,5.7436667460327344e-08,False,False,False,True
AC_Response,42,mlp_l,teacher_distillation,polynomial,2,2912,448,672,448,0.01,0.2358667661999609,0.0008473999914713,0.0038830999983474,10,684,23,artifacts\results\multi_teacher_symbolic_pareto_10split\seed_42\AC_Response\exports\AC_Response\mlp_l\polynomial_2\formula.json,artifacts\results\multi_teacher_symbolic_pareto_10split\seed_42\AC_Response\exports\AC_Response\mlp_l\polynomial_2\formula.va,0.2352022149047421,0.9903135107188682,0.4922448026021618,0.5642036866496953,0.3190827862492842,0.9827470430448966,0.6041060750618852,0.7000369024188302,1.0,5000,1.0,1.0,3.552713678800501e-15,1.9630000072841845e-07,False,False,False,False
AC_Response,42,mlp_l,teacher_distillation,polynomial,3,2912,448,672,448,0.01,0.0308147949301175,0.0007654000073671,0.0036240000627003,20,991,33,artifacts\results\multi_teacher_symbolic_pareto_10split\seed_42\AC_Response\exports\AC_Response\mlp_l\polynomial_3\formula.json,artifacts\results\multi_teacher_symbolic_pareto_10split\seed_42\AC_Response\exports\AC_Response\mlp_l\polynomial_3\formula.va,0.0310035985324779,0.99983169082278,0.069857896623756,0.1260952841120062,0.1850632424306638,0.994196404684596,0.3723284228872355,0.644472741895334,1.0,5000,1.0,1.0,3.552713678800501e-15,4.044166669094314e-07,False,False,False,False
AC_Response,42,mlp_l,teacher_distillation,additive_spline,4,2912,448,672,448,0.0001,0.0326334459902691,0.0011984000448137,0.0052096000290475,16,3634,103,artifacts\results\multi_teacher_symbolic_pareto_10split\seed_42\AC_Response\exports\AC_Response\mlp_l\additive_spline_4\formula.json,artifacts\results\multi_teacher_symbolic_pareto_10split\seed_42\AC_Response\exports\AC_Response\mlp_l\additive_spline_4\formula.va,0.0271312563749378,0.9998711087610502,0.0565749722863589,0.1038089026154382,0.1691162999492806,0.995153505503204,0.3377494230465626,0.5986936060265071,1.0,5000,1.0,1.0,3.497202527569243e-15,6.631666522783537e-08,False,False,False,False
AC_Response,42,mlp_l,teacher_distillation,additive_spline,6,2912,448,672,448,1e-06,0.0321351318603621,0.0014068000018596,0.0054147999617271,22,4222,121,artifacts\results\multi_teacher_symbolic_pareto_10split\seed_42\AC_Response\exports\AC_Response\mlp_l\additive_spline_6\formula.json,artifacts\results\multi_teacher_symbolic_pareto_10split\seed_42\AC_Response\exports\AC_Response\mlp_l\additive_spline_6\formula.va,0.0265799866371659,0.9998762933334474,0.0582503637343239,0.090485219032149,0.1693687479130751,0.9951390255169836,0.3418533416120348,0.6021538955513499,1.0,5000,1.0,1.0,2.4424906541753444e-15,6.947333264785508e-08,False,False,False,False
AC_Response,42,mlp_l,teacher_distillation,additive_spline,8,2912,448,672,448,1e-06,0.0321698016004116,0.0014653999824076,0.0058032000088132,28,4828,139,artifacts\results\multi_teacher_symbolic_pareto_10split\seed_42\AC_Response\exports\AC_Response\mlp_l\additive_spline_8\formula.json,artifacts\results\multi_teacher_symbolic_pareto_10split\seed_42\AC_Response\exports\AC_Response\mlp_l\additive_spline_8\formula.va,0.0265717713945689,0.9998763697912152,0.0583864192701916,0.090052394578425,0.169089794567954,0.9951550245539192,0.341359648379805,0.6023825986637776,1.0,5000,1.0,1.0,3.552713678800501e-15,8.130000011684995e-08,False,False,False,False
AC_Response,42,tcad_direct,direct_tcad,polynomial,1,2912,448,672,448,0.01,0.9202087537819972,0.0005437000072561,0.0024719999637454,4,512,17,artifacts\results\multi_teacher_symbolic_pareto_10split\seed_42\AC_Response\exports\AC_Response\tcad_direct\polynomial_1\formula.json,artifacts\results\multi_teacher_symbolic_pareto_10split\seed_42\AC_Response\exports\AC_Response\tcad_direct\polynomial_1\formula.va,,,,,0.9180626742566108,0.8571759155927704,1.4822127240930572,1.7380672043084884,1.0,5000,1.0,1.0,4.440892098500626e-16,5.511666531674565e-08,False,False,True,True
AC_Response,42,tcad_direct,direct_tcad,polynomial,2,2912,448,672,448,1e-08,0.3159558160875915,0.0009165999945253,0.0029374000732786,10,688,23,artifacts\results\multi_teacher_symbolic_pareto_10split\seed_42\AC_Response\exports\AC_Response\tcad_direct\polynomial_2\formula.json,artifacts\results\multi_teacher_symbolic_pareto_10split\seed_42\AC_Response\exports\AC_Response\tcad_direct\polynomial_2\formula.va,,,,,0.3139870792863184,0.9832936974775464,0.5717114153124355,0.6666383704165066,1.0,5000,1.0,1.0,3.552713678800501e-15,1.7922666544715562e-07,False,False,True,True
AC_Response,42,tcad_direct,direct_tcad,polynomial,3,2912,448,672,448,0.01,0.1762740886814261,0.000759900023695,0.0034301999839954,20,987,33,artifacts\results\multi_teacher_symbolic_pareto_10split\seed_42\AC_Response\exports\AC_Response\tcad_direct\polynomial_3\formula.json,artifacts\results\multi_teacher_symbolic_pareto_10split\seed_42\AC_Response\exports\AC_Response\tcad_direct\polynomial_3\formula.va,,,,,0.1733797031670807,0.9949060661887432,0.3256228873472604,0.571243369790313,1.0,5000,1.0,1.0,4.440892098500626e-15,3.9709000072131554e-07,False,False,False,True
AC_Response,42,tcad_direct,direct_tcad,additive_spline,4,2912,448,672,448,1e-08,0.1178570693563936,0.0016154000186361,0.0060308000538498,16,3561,103,artifacts\results\multi_teacher_symbolic_pareto_10split\seed_42\AC_Response\exports\AC_Response\tcad_direct\additive_spline_4\formula.json,artifacts\results\multi_teacher_symbolic_pareto_10split\seed_42\AC_Response\exports\AC_Response\tcad_direct\additive_spline_4\formula.va,,,,,0.1023680917864982,0.9982242329099223,0.1749098132639552,0.4829045487870873,1.0,5000,1.0,1.0,3.1086244689504387e-15,6.869666588803134e-08,False,False,False,True
AC_Response,42,tcad_direct,direct_tcad,additive_spline,6,2912,448,672,448,0.01,0.1219940502617415,0.001278200012166,0.0056596999638713,22,4092,121,artifacts\results\multi_teacher_symbolic_pareto_10split\seed_42\AC_Response\exports\AC_Response\tcad_direct\additive_spline_6\formula.json,artifacts\results\multi_teacher_symbolic_pareto_10split\seed_42\AC_Response\exports\AC_Response\tcad_direct\additive_spline_6\formula.va,,,,,0.1024656493401262,0.998220846658614,0.1751808717037703,0.484745733142061,1.0,5000,1.0,1.0,1.7763568394002505e-15,6.776666656757394e-08,False,False,False,False
AC_Response,42,tcad_direct,direct_tcad,additive_spline,8,2912,448,672,448,0.01,0.1140320072171879,0.001343399984762,0.0058177999453619,28,4689,139,artifacts\results\multi_teacher_symbolic_pareto_10split\seed_42\AC_Response\exports\AC_Response\tcad_direct\additive_spline_8\formula.json,artifacts\results\multi_teacher_symbolic_pareto_10split\seed_42\AC_Response\exports\AC_Response\tcad_direct\additive_spline_8\formula.va,,,,,0.0943435253515254,0.9984917234163658,0.1668955944989211,0.4814287953897196,1.0,5000,1.0,1.0,2.9698465908722937e-15,6.80800003465265e-08,False,False,True,True
Capacitance,42,bkan_parameter_mean,teacher_distillation,polynomial,1,41600,6400,9600,6400,0.01,1.9992005935001306e-15,0.0045431000180542,0.0200928000267595,8,936,25,artifacts\results\multi_teacher_symbolic_pareto_10split\seed_42\Capacitance\exports\Capacitance\bkan_parameter_mean\polynomial_1\formula.json,artifacts\results\multi_teacher_symbolic_pareto_10split\seed_42\Capacitance\exports\Capacitance\bkan_parameter_mean\polynomial_1\formula.va,1.9965779658989525e-15,0.645007259482312,5.311244060899157e-15,7.1200445204265e-15,1.977311519301757e-15,0.6636030453602709,4.863929377387848e-15,7.189403143656385e-15,1.0,5000,1.0,1.0,6.310887241768096e-30,2.185499994084239e-07,False,False,False,False
Capacitance,42,bkan_parameter_mean,teacher_distillation,polynomial,2,41600,6400,9600,6400,0.01,1.0880692455208096e-15,0.0136589999892748,0.0597258999478071,36,2026,53,artifacts\results\multi_teacher_symbolic_pareto_10split\seed_42\Capacitance\exports\Capacitance\bkan_parameter_mean\polynomial_2\formula.json,artifacts\results\multi_teacher_symbolic_pareto_10split\seed_42\Capacitance\exports\Capacitance\bkan_parameter_mean\polynomial_2\formula.va,1.0980795626461648e-15,0.8926221902389625,2.570889025814181e-15,3.640007614784392e-15,1.0810413784104692e-15,0.899448976024563,2.200197224828621e-15,3.739043541759769e-15,1.0,5000,1.0,1.0,1.262177448353619e-29,1.5640400000847876e-06,False,False,False,False
Capacitance,42,bkan_parameter_mean,teacher_distillation,polynomial,3,41600,6400,9600,6400,0.01,5.207235218002925e-16,0.0487297999789007,0.1926338999764993,120,5288,137,artifacts\results\multi_teacher_symbolic_pareto_10split\seed_42\Capacitance\exports\Capacitance\bkan_parameter_mean\polynomial_3\formula.json,artifacts\results\multi_teacher_symbolic_pareto_10split\seed_42\Capacitance\exports\Capacitance\bkan_parameter_mean\polynomial_3\formula.va,5.492862432419771e-16,0.9731314414003528,1.1479089096960745e-15,1.7720670877225459e-15,5.169772076586171e-16,0.977004404770303,9.952911970754994e-16,1.6835846830173208e-15,1.0,5000,1.0,1.0,1.262177448353619e-29,4.657149999790514e-06,False,False,False,True
Capacitance,42,bkan_parameter_mean,teacher_distillation,additive_spline,4,41600,6400,9600,6400,0.01,2.6606603899109727e-16,0.0297954999841749,0.1221350999549031,36,8663,227,artifacts\results\multi_teacher_symbolic_pareto_10split\seed_42\Capacitance\exports\Capacitance\bkan_parameter_mean\additive_spline_4\formula.json,artifacts\results\multi_teacher_symbolic_pareto_10split\seed_42\Capacitance\exports\Capacitance\bkan_parameter_mean\additive_spline_4\formula.va,2.8995046091724513e-16,0.992513229318492,6.36846252078846e-16,2.491330561334744e-15,4.060360072993995e-16,0.985814947100732,7.819223850777824e-16,4.040479232578917e-15,1.0,5000,1.0,1.0,4.4176210692376655e-29,1.5420000030038257e-07,False,False,False,False
Capacitance,42,bkan_parameter_mean,teacher_distillation,additive_spline,6,41600,6400,9600,6400,0.01,2.2457419778838433e-16,0.0343135999864898,0.1360437999828718,50,10187,269,artifacts\results\multi_teacher_symbolic_pareto_10split\seed_42\Capacitance\exports\Capacitance\bkan_parameter_mean\additive_spline_6\formula.json,artifacts\results\multi_teacher_symbolic_pareto_10split\seed_42\Capacitance\exports\Capacitance\bkan_parameter_mean\additive_spline_6\formula.va,2.5339123261365423e-16,0.9942821850964452,4.930404539069943e-16,2.665951054616286e-15,3.844182325764425e-16,0.9872851916659234,7.9846860853918e-16,4.2148639088185e-15,1.0,5000,1.0,1.0,3.1554436208840467e-29,1.542899990454316e-07,False,False,False,True
Capacitance,42,bkan_parameter_mean,teacher_distillation,additive_spline,8,41600,6400,9600,6400,0.01,2.1801750790472496e-16,0.0420907000079751,0.1684254999854602,64,11755,311,artifacts\results\multi_teacher_symbolic_pareto_10split\seed_42\Capacitance\exports\Capacitance\bkan_parameter_mean\additive_spline_8\formula.json,artifacts\results\multi_teacher_symbolic_pareto_10split\seed_42\Capacitance\exports\Capacitance\bkan_parameter_mean\additive_spline_8\formula.va,2.479055076996266e-16,0.9945270777913722,5.141599766796227e-16,2.7048667158609272e-15,3.8168300462070204e-16,0.9874654857816658,7.4761548389856315e-16,4.2540153871051e-15,1.0,5000,1.0,1.0,4.4176210692376655e-29,1.5235666651278737e-07,False,False,False,False
Capacitance,42,dkan,teacher_distillation,polynomial,1,41600,6400,9600,6400,0.01,1.968500723522484e-15,0.0036806999705731,0.0158742000348866,8,937,25,artifacts\results\multi_teacher_symbolic_pareto_10split\seed_42\Capacitance\exports\Capacitance\dkan\polynomial_1\formula.json,artifacts\results\multi_teacher_symbolic_pareto_10split\seed_42\Capacitance\exports\Capacitance\dkan\polynomial_1\formula.va,2.0198841338389976e-15,0.6136515919838167,5.4067203380497895e-15,7.020390115404996e-15,1.9770430753390218e-15,0.663694379073509,4.912085355436523e-15,7.265965190827312e-15,1.0,5000,1.0,1.0,6.310887241768096e-30,1.9420000026002525e-07,False,False,False,False
Capacitance,42,dkan,teacher_distillation,polynomial,2,41600,6400,9600,6400,0.01,1.0776807396322948e-15,0.0126978000043891,0.0537813999690115,36,2020,53,artifacts\results\multi_teacher_symbolic_pareto_10split\seed_42\Capacitance\exports\Capacitance\dkan\polynomial_2\formula.json,artifacts\results\multi_teacher_symbolic_pareto_10split\seed_42\Capacitance\exports\Capacitance\dkan\polynomial_2\formula.va,1.157376298461671e-15,0.8731544078895656,2.601674807290408e-15,3.84073990862121e-15,1.080953015316941e-15,0.8994654132055784,2.213238953353014e-15,3.908351528300514e-15,1.0,5000,1.0,1.0,6.310887241768096e-30,1.2603266669126848e-06,False,False,False,True
Capacitance,42,dkan,teacher_distillation,polynomial,3,41600,6400,9600,6400,1e-08,5.222758842894274e-16,0.0483205000055022,0.1925009000697173,120,5274,137,artifacts\results\multi_teacher_symbolic_pareto_10split\seed_42\Capacitance\exports\Capacitance\dkan\polynomial_3\formula.json,artifacts\results\multi_teacher_symbolic_pareto_10split\seed_42\Capacitance\exports\Capacitance\dkan\polynomial_3\formula.va,7.100539207995832e-16,0.9522570916747812,1.554534613016822e-15,2.4860488005446253e-15,5.296022336637862e-16,0.9758675464533368,1.0697809638116089e-15,1.8942747464005293e-15,1.0,5000,1.0,1.0,1.262177448353619e-29,4.822933334313954e-06,False,False,False,True
Capacitance,42,dkan,teacher_distillation,additive_spline,4,41600,6400,9600,6400,1e-08,2.927658416130385e-16,0.0314554999931715,0.122299600043334,36,8666,227,artifacts\results\multi_teacher_symbolic_pareto_10split\seed_42\Capacitance\exports\Capacitance\dkan\additive_spline_4\formula.json,artifacts\results\multi_teacher_symbolic_pareto_10split\seed_42\Capacitance\exports\Capacitance\dkan\additive_spline_4\formula.va,3.2910674155161844e-16,0.9897434862005792,7.635457585215792e-16,2.3744852458226018e-15,4.461208188048669e-16,0.9828759359382097,9.497657033828409e-16,3.986161889233087e-15,1.0,5000,1.0,1.0,3.470987982972452e-29,1.653433331133177e-07,False,False,False,False
Capacitance,42,dkan,teacher_distillation,additive_spline,6,41600,6400,9600,6400,1e-08,2.5913479991959176e-16,0.0334376000100746,0.1356050000176765,50,10193,269,artifacts\results\multi_teacher_symbolic_pareto_10split\seed_42\Capacitance\exports\Capacitance\dkan\additive_spline_6\formula.json,artifacts\results\multi_teacher_symbolic_pareto_10split\seed_42\Capacitance\exports\Capacitance\dkan\additive_spline_6\formula.va,2.9332120884940893e-16,0.9918527105897657,6.487805570850116e-16,2.5649502122653253e-15,4.3901434226345904e-16,0.9834171459006492,9.848421082321628e-16,4.176626855675811e-15,1.0,5000,1.0,1.0,3.1554436208840467e-29,1.5527333210532866e-07,False,False,False,False
Capacitance,42,dkan,teacher_distillation,additive_spline,8,41600,6400,9600,6400,1e-08,2.47633602334576e-16,0.0413891000207513,0.1670289000030607,64,11715,311,artifacts\results\multi_teacher_symbolic_pareto_10split\seed_42\Capacitance\exports\Capacitance\dkan\additive_spline_8\formula.json,artifacts\results\multi_teacher_symbolic_pareto_10split\seed_42\Capacitance\exports\Capacitance\dkan\additive_spline_8\formula.va,2.830039509147407e-16,0.9924157750016356,6.195203362522334e-16,2.6016036020880624e-15,4.377402719880109e-16,0.9835132569472202,9.506771199975074e-16,4.213280245498548e-15,1.0,5000,1.0,1.0,2.8398992587956425e-29,1.533166680019349e-07,False,False,False,False
Capacitance,42,mlp_l,teacher_distillation,polynomial,1,41600,6400,9600,6400,0.01,1.917031969552551e-15,0.0042537999688647,0.0158510999754071,8,932,25,artifacts\results\multi_teacher_symbolic_pareto_10split\seed_42\Capacitance\exports\Capacitance\mlp_l\polynomial_1\formula.json,artifacts\results\multi_teacher_symbolic_pareto_10split\seed_42\Capacitance\exports\Capacitance\mlp_l\polynomial_1\formula.va,1.8972181592349225e-15,0.6662921318603812,3.978454019072404e-15,5.908865822190701e-15,1.9770157353299946e-15,0.6637036803732652,4.8948889000275505e-15,7.283191325761734e-15,1.0,5000,1.0,1.0,6.310887241768096e-30,1.8262999947182839e-07,False,False,True,True
Capacitance,42,mlp_l,teacher_distillation,polynomial,2,41600,6400,9600,6400,1e-08,8.167696460898877e-16,0.0129587000119499,0.0533409000490792,36,2028,53,artifacts\results\multi_teacher_symbolic_pareto_10split\seed_42\Capacitance\exports\Capacitance\mlp_l\polynomial_2\formula.json,artifacts\results\multi_teacher_symbolic_pareto_10split\seed_42\Capacitance\exports\Capacitance\mlp_l\polynomial_2\formula.va,8.233967954975458e-16,0.9371434926212908,1.4138817597141798e-15,2.2287613530516777e-15,1.0982897198965476e-15,0.8962147347096079,2.3065470996988718e-15,3.742232109932255e-15,1.0,5000,1.0,1.0,6.310887241768096e-30,1.3241566659417003e-06,False,False,False,False
Capacitance,42,mlp_l,teacher_distillation,polynomial,3,41600,6400,9600,6400,1e-08,2.1120514643990206e-16,0.0463563000084832,0.1918382999720052,120,5294,137,artifacts\results\multi_teacher_symbolic_pareto_10split\seed_42\Capacitance\exports\Capacitance\mlp_l\polynomial_3\formula.json,artifacts\results\multi_teacher_symbolic_pareto_10split\seed_42\Capacitance\exports\Capacitance\mlp_l\polynomial_3\formula.va,2.316317899814902e-16,0.9950257429126038,4.1013823800059054e-16,7.943901027266354e-16,6.206233677686103e-16,0.9668595722284506,1.3241958887901694e-15,2.121814140296397e-15,1.0,5000,1.0,1.0,1.262177448353619e-29,4.6069933334365485e-06,False,False,False,False
Capacitance,42,mlp_l,teacher_distillation,additive_spline,4,41600,6400,9600,6400,0.0001,2.3943361214006453e-16,0.0318248000112362,0.1231997000286355,36,8670,227,artifacts\results\multi_teacher_symbolic_pareto_10split\seed_42\Capacitance\exports\Capacitance\mlp_l\additive_spline_4\formula.json,artifacts\results\multi_teacher_symbolic_pareto_10split\seed_42\Capacitance\exports\Capacitance\mlp_l\additive_spline_4\formula.va,3.749798612670082e-16,0.9869638968280352,6.488602782847619e-16,3.445629052319128e-15,6.171368614819195e-16,0.967230875554394,1.4826632679537638e-15,3.93962539303683e-15,1.0,5000,1.0,1.0,3.470987982972452e-29,1.468700007535517e-07,False,False,False,False
Capacitance,42,mlp_l,teacher_distillation,additive_spline,6,41600,6400,9600,6400,0.0001,2.358841288562817e-16,0.0353454999858513,0.1415838999673724,50,10218,269,artifacts\results\multi_teacher_symbolic_pareto_10split\seed_42\Capacitance\exports\Capacitance\mlp_l\additive_spline_6\formula.json,artifacts\results\multi_teacher_symbolic_pareto_10split\seed_42\Capacitance\exports\Capacitance\mlp_l\additive_spline_6\formula.va,3.7412172987023893e-16,0.9870234941043564,6.206596221942927e-16,3.4104087267001404e-15,6.270818924573893e-16,0.966166230733177,1.5067704569171205e-15,3.904405067417842e-15,1.0,5000,1.0,1.0,1.8932661725304286e-29,1.499766658525914e-07,False,False,False,False
Capacitance,42,mlp_l,teacher_distillation,additive_spline,8,41600,6400,9600,6400,1e-08,2.358478737007677e-16,0.041802599967923,0.1689593999763019,64,11751,311,artifacts\results\multi_teacher_symbolic_pareto_10split\seed_42\Capacitance\exports\Capacitance\mlp_l\additive_spline_8\formula.json,artifacts\results\multi_teacher_symbolic_pareto_10split\seed_42\Capacitance\exports\Capacitance\mlp_l\additive_spline_8\formula.va,3.748515873776344e-16,0.9869728141370188,6.262548543855356e-16,3.406025226193064e-15,6.279764308871344e-16,0.9660696334807666,1.50615198884814e-15,3.900021566910766e-15,1.0,5000,1.0,1.0,1.8932661725304286e-29,1.528566664395233e-07,False,False,False,False
Capacitance,42,tcad_direct,direct_tcad,polynomial,1,41600,6400,9600,6400,0.01,1.993653486210972e-15,0.0037111000274308,0.0159312000032514,8,934,25,artifacts\results\multi_teacher_symbolic_pareto_10split\seed_42\Capacitance\exports\Capacitance\tcad_direct\polynomial_1\formula.json,artifacts\results\multi_teacher_symbolic_pareto_10split\seed_42\Capacitance\exports\Capacitance\tcad_direct\polynomial_1\formula.va,,,,,1.9771467231237093e-15,0.6636591160620644,4.864331687906311e-15,7.185928760828922e-15,1.0,5000,1.0,1.0,6.310887241768096e-30,1.936766668222845e-07,False,False,False,False
Capacitance,42,tcad_direct,direct_tcad,polynomial,2,41600,6400,9600,6400,0.01,1.0905699893733345e-15,0.0132366999750956,0.0534154999768361,36,2026,53,artifacts\results\multi_teacher_symbolic_pareto_10split\seed_42\Capacitance\exports\Capacitance\tcad_direct\polynomial_2\formula.json,artifacts\results\multi_teacher_symbolic_pareto_10split\seed_42\Capacitance\exports\Capacitance\tcad_direct\polynomial_2\formula.va,,,,,1.0801772278310956e-15,0.8996096664445581,2.2127109652802924e-15,3.727849580894429e-15,1.0,5000,1.0,1.0,6.310887241768096e-30,1.2902166655597587e-06,False,False,False,True
Capacitance,42,tcad_direct,direct_tcad,polynomial,3,41600,6400,9600,6400,0.01,5.224716011748939e-16,0.0490103000192903,0.1926508999895304,120,5294,137,artifacts\results\multi_teacher_symbolic_pareto_10split\seed_42\Capacitance\exports\Capacitance\tcad_direct\polynomial_3\formula.json,artifacts\results\multi_teacher_symbolic_pareto_10split\seed_42\Capacitance\exports\Capacitance\tcad_direct\polynomial_3\formula.va,,,,,5.14724546464425e-16,0.9772043688134058,1.0152081682133345e-15,1.679896858558797e-15,1.0,5000,1.0,1.0,1.262177448353619e-29,4.786860001816724e-06,False,False,False,True
Capacitance,42,tcad_direct,direct_tcad,additive_spline,4,41600,6400,9600,6400,0.01,2.981299595500225e-16,0.0308466999558731,0.1234511999064125,36,8656,227,artifacts\results\multi_teacher_symbolic_pareto_10split\seed_42\Capacitance\exports\Capacitance\tcad_direct\additive_spline_4\formula.json,artifacts\results\multi_teacher_symbolic_pareto_10split\seed_42\Capacitance\exports\Capacitance\tcad_direct\additive_spline_4\formula.va,,,,,3.945831811767337e-16,0.9866038808313086,7.764045542966969e-16,3.882249746342038e-15,1.0,5000,1.0,1.0,3.786532345060857e-29,1.534866673561434e-07,False,False,True,True
Capacitance,42,tcad_direct,direct_tcad,additive_spline,6,41600,6400,9600,6400,0.01,2.628770988403498e-16,0.0369430999853648,0.1387848000158555,50,10219,269,artifacts\results\multi_teacher_symbolic_pareto_10split\seed_42\Capacitance\exports\Capacitance\tcad_direct\additive_spline_6\formula.json,artifacts\results\multi_teacher_symbolic_pareto_10split\seed_42\Capacitance\exports\Capacitance\tcad_direct\additive_spline_6\formula.va,,,,,3.7109053608879443e-16,0.98815154782226,7.809388714507915e-16,4.041970795514771e-15,1.0,5000,1.0,1.0,3.470987982972452e-29,1.6201333298037448e-07,False,False,True,True
Capacitance,42,tcad_direct,direct_tcad,additive_spline,8,41600,6400,9600,6400,0.01,2.5726286305412675e-16,0.0411905999644659,0.168949999846518,64,11751,311,artifacts\results\multi_teacher_symbolic_pareto_10split\seed_42\Capacitance\exports\Capacitance\tcad_direct\additive_spline_8\formula.json,artifacts\results\multi_teacher_symbolic_pareto_10split\seed_42\Capacitance\exports\Capacitance\tcad_direct\additive_spline_8\formula.va,,,,,3.685329086923895e-16,0.9883143086189552,7.472541613157466e-16,4.073508153671936e-15,1.0,5000,1.0,1.0,2.8398992587956425e-29,1.82436666606615e-07,False,False,True,True
I_dark,43,bkan_parameter_mean,teacher_distillation,polynomial,1,1560,240,360,240,0.01,0.0472703912927452,0.0009667000267654,0.0034266000147908,7,832,23,artifacts\results\multi_teacher_symbolic_pareto_10split\seed_43\I_dark\exports\I_dark\bkan_parameter_mean\polynomial_1\formula.json,artifacts\results\multi_teacher_symbolic_pareto_10split\seed_43\I_dark\exports\I_dark\bkan_parameter_mean\polynomial_1\formula.va,0.0562021644261561,0.922619906976938,0.1291858969805536,0.1694922681783266,0.0478243164365985,0.9530277304266944,0.122132461925706,0.1744688906487823,1.0,5000,1.0,1.0,8.881784197001252e-16,2.680000014758358e-07,False,False,True,True
I_dark,43,bkan_parameter_mean,teacher_distillation,polynomial,2,1560,240,360,240,0.01,0.0206238121587026,0.0009288000292144,0.0045535000390373,28,1607,44,artifacts\results\multi_teacher_symbolic_pareto_10split\seed_43\I_dark\exports\I_dark\bkan_parameter_mean\polynomial_2\formula.json,artifacts\results\multi_teacher_symbolic_pareto_10split\seed_43\I_dark\exports\I_dark\bkan_parameter_mean\polynomial_2\formula.va,0.0377770380513154,0.9650393923668203,0.1063769368854171,0.1615658353626621,0.0208882674012923,0.9910391576032828,0.050253983704479,0.0727620013863763,1.0,5000,1.0,1.0,8.881784197001252e-16,1.3422133342828602e-06,False,False,False,False
I_dark,43,bkan_parameter_mean,teacher_distillation,polynomial,3,1560,240,360,240,0.01,0.0108628820624815,0.0016259999829344,0.0066601000144146,84,3663,100,artifacts\results\multi_teacher_symbolic_pareto_10split\seed_43\I_dark\exports\I_dark\bkan_parameter_mean\polynomial_3\formula.json,artifacts\results\multi_teacher_symbolic_pareto_10split\seed_43\I_dark\exports\I_dark\bkan_parameter_mean\polynomial_3\formula.va,0.0334548225952756,0.972581693461556,0.1134564101869183,0.1442829676591275,0.0111398188755638,0.997451408318175,0.0232736176720801,0.0444054221330416,1.0,5000,1.0,1.0,8.881784197001252e-16,3.859123333434884e-06,False,False,False,False
I_dark,43,bkan_parameter_mean,teacher_distillation,additive_spline,4,1560,240,360,240,0.0001,0.0049090596733135,0.0012987000518478,0.0057960000704042,31,7121,196,artifacts\results\multi_teacher_symbolic_pareto_10split\seed_43\I_dark\exports\I_dark\bkan_parameter_mean\additive_spline_4\formula.json,artifacts\results\multi_teacher_symbolic_pareto_10split\seed_43\I_dark\exports\I_dark\bkan_parameter_mean\additive_spline_4\formula.va,0.0174989295920635,0.992498534217942,0.0456990037205573,0.0778315158472393,0.0276552457004005,0.9842927902000635,0.0777259123767689,0.1203883290658645,1.0,5000,1.0,1.0,1.7763568394002505e-15,1.265466659485052e-07,False,False,False,False
I_dark,43,bkan_parameter_mean,teacher_distillation,additive_spline,6,1560,240,360,240,0.0001,0.0031753134960698,0.0015335999778471,0.006369300012011,43,8346,232,artifacts\results\multi_teacher_symbolic_pareto_10split\seed_43\I_dark\exports\I_dark\bkan_parameter_mean\additive_spline_6\formula.json,artifacts\results\multi_teacher_symbolic_pareto_10split\seed_43\I_dark\exports\I_dark\bkan_parameter_mean\additive_spline_6\formula.va,0.0169501509486078,0.99296165897958,0.0436122896394581,0.0826539706628342,0.028014840113014,0.9838816605222842,0.0796838507311579,0.1186479430820988,1.0,5000,1.0,1.0,1.7763568394002505e-15,1.344099990092218e-07,False,False,False,False
I_dark,43,bkan_parameter_mean,teacher_distillation,additive_spline,8,1560,240,360,240,0.0001,0.0032589756326869,0.0015146000077947,0.00645370001439,55,9533,268,artifacts\results\multi_teacher_symbolic_pareto_10split\seed_43\I_dark\exports\I_dark\bkan_parameter_mean\additive_spline_8\formula.json,artifacts\results\multi_teacher_symbolic_pareto_10split\seed_43\I_dark\exports\I_dark\bkan_parameter_mean\additive_spline_8\formula.va,0.0170081103627972,0.9929134428219454,0.0427422470739825,0.0833419913702053,0.0282819339170799,0.983572850543996,0.0806778376802599,0.1194555891142643,1.0,5000,1.0,1.0,1.7763568394002505e-15,1.4073666728412114e-07,False,False,False,False
I_dark,43,dkan,teacher_distillation,polynomial,1,1560,240,360,240,1e-08,0.0474638169487856,0.0007825000211596,0.0024406999582424,7,834,23,artifacts\results\multi_teacher_symbolic_pareto_10split\seed_43\I_dark\exports\I_dark\dkan\polynomial_1\formula.json,artifacts\results\multi_teacher_symbolic_pareto_10split\seed_43\I_dark\exports\I_dark\dkan\polynomial_1\formula.va,0.0589729092412201,0.9131596310818576,0.1334349767910664,0.1818906465469503,0.0478427420495278,0.952991528776599,0.1212860064109556,0.177596560457073,1.0,5000,1.0,1.0,8.881784197001252e-16,1.4835333179992938e-07,False,False,False,False
I_dark,43,dkan,teacher_distillation,polynomial,2,1560,240,360,240,0.01,0.0214854529449049,0.0007126000127755,0.0033467999892309,28,1600,44,artifacts\results\multi_teacher_symbolic_pareto_10split\seed_43\I_dark\exports\I_dark\dkan\polynomial_2\formula.json,artifacts\results\multi_teacher_symbolic_pareto_10split\seed_43\I_dark\exports\I_dark\dkan\polynomial_2\formula.va,0.0424840141434901,0.9549320666290374,0.1239364681906125,0.175534589654573,0.0211773872961819,0.9907893822212296,0.0481026565118183,0.0823887714953919,1.0,5000,1.0,1.0,8.881784197001252e-16,9.156099986284972e-07,False,False,False,True
I_dark,43,dkan,teacher_distillation,polynomial,3,1560,240,360,240,1e-08,0.0127921675297388,0.0015181999769993,0.0052103999769315,84,3648,100,artifacts\results\multi_teacher_symbolic_pareto_10split\seed_43\I_dark\exports\I_dark\dkan\polynomial_3\formula.json,artifacts\results\multi_teacher_symbolic_pareto_10split\seed_43\I_dark\exports\I_dark\dkan\polynomial_3\formula.va,0.035661817361838,0.9682441679015742,0.1180289636630357,0.1647861557344132,0.0164096907630487,0.994469749598365,0.0309487271821315,0.0931372054155517,1.0,5000,1.0,1.0,8.881784197001252e-16,2.9955733334645627e-06,False,False,False,True
I_dark,43,dkan,teacher_distillation,additive_spline,4,1560,240,360,240,1e-08,0.0105871595813614,0.0017050000024028,0.0056292999652214,31,7082,196,artifacts\results\multi_teacher_symbolic_pareto_10split\seed_43\I_dark\exports\I_dark\dkan\additive_spline_4\formula.json,artifacts\results\multi_teacher_symbolic_pareto_10split\seed_43\I_dark\exports\I_dark\dkan\additive_spline_4\formula.va,0.0268784908734249,0.9819604243956738,0.0576275340016272,0.1199932821019418,0.0299280746203066,0.981604925200786,0.089211885694317,0.1379300790480231,1.0,5000,1.0,1.0,2.664535259100376e-15,1.4019999847126506e-07,False,False,False,False
I_dark,43,dkan,teacher_distillation,additive_spline,6,1560,240,360,240,1e-08,0.0102915166369665,0.001799099962227,0.0061708000139333,43,8322,232,artifacts\results\multi_teacher_symbolic_pareto_10split\seed_43\I_dark\exports\I_dark\dkan\additive_spline_6\formula.json,artifacts\results\multi_teacher_symbolic_pareto_10split\seed_43\I_dark\exports\I_dark\dkan\additive_spline_6\formula.va,0.0266535946126618,0.9822610409908392,0.0576848227627283,0.1225227047478743,0.0295149366810835,0.9821092843262657,0.0897933361972022,0.1354006564020906,1.0,5000,1.0,1.0,1.7763568394002505e-15,1.4782666694372893e-07,False,False,False,False
I_dark,43,dkan,teacher_distillation,additive_spline,8,1560,240,360,240,0.0001,0.0102616542811109,0.001646900025662,0.0071048000245355,55,9411,268,artifacts\results\multi_teacher_symbolic_pareto_10split\seed_43\I_dark\exports\I_dark\dkan\additive_spline_8\formula.json,artifacts\results\multi_teacher_symbolic_pareto_10split\seed_43\I_dark\exports\I_dark\dkan\additive_spline_8\formula.va,0.0264847220795077,0.9824851108106276,0.0554720855004146,0.1175979991541957,0.0307940076205485,0.9805250465669408,0.0950431038893119,0.1403253619957691,1.0,5000,1.0,1.0,1.7763568394002505e-15,1.3264000105361145e-07,False,False,False,False
I_dark,43,mlp_l,teacher_distillation,polynomial,1,1560,240,360,240,0.01,0.0437388689855377,0.0005289000109769,0.0024953000247478,7,830,23,artifacts\results\multi_teacher_symbolic_pareto_10split\seed_43\I_dark\exports\I_dark\mlp_l\polynomial_1\formula.json,artifacts\results\multi_teacher_symbolic_pareto_10split\seed_43\I_dark\exports\I_dark\mlp_l\polynomial_1\formula.va,0.0436225178205171,0.959618829976284,0.0860332270437193,0.1178655054238175,0.0479270157654301,0.9528257745791356,0.1188552249001919,0.1802813401760774,1.0,5000,1.0,1.0,8.881784197001252e-16,1.6276333287047842e-07,False,False,False,False
I_dark,43,mlp_l,teacher_distillation,polynomial,2,1560,240,360,240,1e-08,0.0085604744960283,0.0011460999958217,0.0034016000572592,28,1602,44,artifacts\results\multi_teacher_symbolic_pareto_10split\seed_43\I_dark\exports\I_dark\mlp_l\polynomial_2\formula.json,artifacts\results\multi_teacher_symbolic_pareto_10split\seed_43\I_dark\exports\I_dark\mlp_l\polynomial_2\formula.va,0.0088079578497544,0.9983537041018762,0.0164708476707753,0.0266528021257279,0.0214532818705592,0.990547830958722,0.0479941491639677,0.0674450635512204,1.0,5000,1.0,1.0,8.881784197001252e-16,9.166533340855192e-07,False,False,False,False
I_dark,43,mlp_l,teacher_distillation,polynomial,3,1560,240,360,240,0.01,0.0009857041923738,0.0011442999821156,0.0057813999592326,84,3661,100,artifacts\results\multi_teacher_symbolic_pareto_10split\seed_43\I_dark\exports\I_dark\mlp_l\polynomial_3\formula.json,artifacts\results\multi_teacher_symbolic_pareto_10split\seed_43\I_dark\exports\I_dark\mlp_l\polynomial_3\formula.va,0.0018402405311232,0.9999281367880376,0.0029613800703473,0.0163813854621022,0.0156102103440724,0.9949954905655232,0.0325284962975625,0.0472250563016993,1.0,5000,1.0,1.0,8.881784197001252e-16,3.046123334206641e-06,False,False,False,False
I_dark,43,mlp_l,teacher_distillation,additive_spline,4,1560,240,360,240,0.0001,0.0042734700215773,0.0012964000343345,0.0059320000582374,31,7155,196,artifacts\results\multi_teacher_symbolic_pareto_10split\seed_43\I_dark\exports\I_dark\mlp_l\additive_spline_4\formula.json,artifacts\results\multi_teacher_symbolic_pareto_10split\seed_43\I_dark\exports\I_dark\mlp_l\additive_spline_4\formula.va,0.0260466811283849,0.9856033241160348,0.070555658470328,0.1009449450246959,0.0316942723584321,0.9793696985786016,0.0821502823698159,0.1591374997602077,1.0,5000,1.0,1.0,1.7763568394002505e-15,1.264400004098813e-07,False,False,False,False
I_dark,43,mlp_l,teacher_distillation,additive_spline,6,1560,240,360,240,0.0001,0.0043916172216452,0.0014141999999992,0.006848000048194,43,8351,232,artifacts\results\multi_teacher_symbolic_pareto_10split\seed_43\I_dark\exports\I_dark\mlp_l\additive_spline_6\formula.json,artifacts\results\multi_teacher_symbolic_pareto_10split\seed_43\I_dark\exports\I_dark\mlp_l\additive_spline_6\formula.va,0.0259162651554213,0.985747131767556,0.0706287091778841,0.1010238384360748,0.0316098928597722,0.9794794002460816,0.082209947957049,0.1593694536595205,1.0,5000,1.0,1.0,8.881784197001252e-16,1.5831666532903908e-07,False,False,False,False
I_dark,43,mlp_l,teacher_distillation,additive_spline,8,1560,240,360,240,0.0001,0.0044046134562029,0.0016015999717637,0.0068316999822855,55,9562,268,artifacts\results\multi_teacher_symbolic_pareto_10split\seed_43\I_dark\exports\I_dark\mlp_l\additive_spline_8\formula.json,artifacts\results\multi_teacher_symbolic_pareto_10split\seed_43\I_dark\exports\I_dark\mlp_l\additive_spline_8\formula.va,0.0254837231676901,0.986218921769092,0.0694108136133308,0.1004704518200005,0.0312466606196248,0.979948298867074,0.0816224679041403,0.1587719748549974,1.0,5000,1.0,1.0,8.881784197001252e-16,1.4124666534674664e-07,False,False,False,False
I_dark,43,tcad_direct,direct_tcad,polynomial,1,1560,240,360,240,0.01,0.047725600951675,0.0007493000011891,0.0032534999772906,7,829,23,artifacts\results\multi_teacher_symbolic_pareto_10split\seed_43\I_dark\exports\I_dark\tcad_direct\polynomial_1\formula.json,artifacts\results\multi_teacher_symbolic_pareto_10split\seed_43\I_dark\exports\I_dark\tcad_direct\polynomial_1\formula.va,,,,,0.0478289227329589,0.9530186815314684,0.1222238214609857,0.1733362143033892,1.0,5000,1.0,1.0,0.0,1.4803999996123214e-07,False,False,False,True
I_dark,43,tcad_direct,direct_tcad,polynomial,2,1560,240,360,240,1e-08,0.0209032419332642,0.0009616999886929,0.0031108999392017,28,1605,44,artifacts\results\multi_teacher_symbolic_pareto_10split\seed_43\I_dark\exports\I_dark\tcad_direct\polynomial_2\formula.json,artifacts\results\multi_teacher_symbolic_pareto_10split\seed_43\I_dark\exports\I_dark\tcad_direct\polynomial_2\formula.va,,,,,0.0208594705578207,0.9910638476457349,0.047880314195419,0.0683304518316196,1.0,5000,1.0,1.0,8.881784197001252e-16,9.06346666549022e-07,False,False,True,True
I_dark,43,tcad_direct,direct_tcad,polynomial,3,1560,240,360,240,1e-08,0.0108601196312692,0.0016250999760814,0.0051722999778576,84,3660,100,artifacts\results\multi_teacher_symbolic_pareto_10split\seed_43\I_dark\exports\I_dark\tcad_direct\polynomial_3\formula.json,artifacts\results\multi_teacher_symbolic_pareto_10split\seed_43\I_dark\exports\I_dark\tcad_direct\polynomial_3\formula.va,,,,,0.0109075315144383,0.997556586579314,0.0221565453267559,0.0275566836929792,1.0,5000,1.0,1.0,8.881784197001252e-16,3.010946665502464e-06,False,False,True,True
I_dark,43,tcad_direct,direct_tcad,additive_spline,4,1560,240,360,240,0.0001,0.0049607820283007,0.0014296000008471,0.0062266999739222,31,7161,196,artifacts\results\multi_teacher_symbolic_pareto_10split\seed_43\I_dark\exports\I_dark\tcad_direct\additive_spline_4\formula.json,artifacts\results\multi_teacher_symbolic_pareto_10split\seed_43\I_dark\exports\I_dark\tcad_direct\additive_spline_4\formula.va,,,,,0.0270107242501565,0.9850163899964802,0.0745826682833681,0.1160116197946266,1.0,5000,1.0,1.0,1.7763568394002505e-15,1.2629333262642225e-07,False,False,False,False
I_dark,43,tcad_direct,direct_tcad,additive_spline,6,1560,240,360,240,0.0001,0.00323029140969,0.0014555000234395,0.0065173000330105,43,8392,232,artifacts\results\multi_teacher_symbolic_pareto_10split\seed_43\I_dark\exports\I_dark\tcad_direct\additive_spline_6\formula.json,artifacts\results\multi_teacher_symbolic_pareto_10split\seed_43\I_dark\exports\I_dark\tcad_direct\additive_spline_6\formula.va,,,,,0.026699804896102,0.985359356092446,0.0742163004060932,0.1116304743607647,1.0,5000,1.0,1.0,1.7763568394002505e-15,1.3070999993942678e-07,False,False,False,False
I_dark,43,tcad_direct,direct_tcad,additive_spline,8,1560,240,360,240,1e-08,0.0032405293367792,0.0019096000469289,0.0066577999969013,55,9591,268,artifacts\results\multi_teacher_symbolic_pareto_10split\seed_43\I_dark\exports\I_dark\tcad_direct\additive_spline_8\formula.json,artifacts\results\multi_teacher_symbolic_pareto_10split\seed_43\I_dark\exports\I_dark\tcad_direct\additive_spline_8\formula.va,,,,,0.026518001435758,0.985558058493893,0.0740807936241705,0.1111782869646162,1.0,5000,1.0,1.0,1.7763568394002505e-15,1.372299991392841e-07,False,False,False,False
I_photo,43,bkan_parameter_mean,teacher_distillation,polynomial,1,1664,256,384,256,0.01,0.0065353446948782,0.0007612999761477,0.0027948000351898,7,823,23,artifacts\results\multi_teacher_symbolic_pareto_10split\seed_43\I_photo\exports\I_photo\bkan_parameter_mean\polynomial_1\formula.json,artifacts\results\multi_teacher_symbolic_pareto_10split\seed_43\I_photo\exports\I_photo\bkan_parameter_mean\polynomial_1\formula.va,0.0068242828277653,0.9029173334837618,0.0133796368568325,0.021785474972515,0.0084851476872094,0.8699487550729712,0.0141301089697661,0.0277926078614916,1.0,5000,1.0,1.0,0.0,2.491533329399924e-07,False,False,False,False
I_photo,43,bkan_parameter_mean,teacher_distillation,polynomial,2,1664,256,384,256,1e-08,0.0032922027719154,0.0012693000026047,0.0041588000603951,28,1602,44,artifacts\results\multi_teacher_symbolic_pareto_10split\seed_43\I_photo\exports\I_photo\bkan_parameter_mean\polynomial_2\formula.json,artifacts\results\multi_teacher_symbolic_pareto_10split\seed_43\I_photo\exports\I_photo\bkan_parameter_mean\polynomial_2\formula.va,0.0032438410061523,0.9780645382831256,0.0065331855363346,0.0082107946712803,0.0065451767390224,0.922618265727718,0.0114462448970298,0.0175428501229113,1.0,5000,1.0,1.0,4.440892098500626e-16,1.2608833319973202e-06,False,False,False,False
I_photo,43,bkan_parameter_mean,teacher_distillation,polynomial,3,1664,256,384,256,0.01,0.0063918838078101,0.001944400020875,0.0079820000682957,84,3664,100,artifacts\results\multi_teacher_symbolic_pareto_10split\seed_43\I_photo\exports\I_photo\bkan_parameter_mean\polynomial_3\formula.json,artifacts\results\multi_teacher_symbolic_pareto_10split\seed_43\I_photo\exports\I_photo\bkan_parameter_mean\polynomial_3\formula.va,0.0041468351087662,0.96415230838932,0.0081700122925698,0.0097809793818579,0.0085800758998239,0.8670225619268106,0.0212249560699334,0.0243570975885871,1.0,5000,1.0,1.0,4.440892098500626e-16,3.970573334178577e-06,False,False,False,False
I_photo,43,bkan_parameter_mean,teacher_distillation,additive_spline,4,1664,256,384,256,1e-08,0.0019775668096355,0.001740499981679,0.0060032999608665,31,7161,196,artifacts\results\multi_teacher_symbolic_pareto_10split\seed_43\I_photo\exports\I_photo\bkan_parameter_mean\additive_spline_4\formula.json,artifacts\results\multi_teacher_symbolic_pareto_10split\seed_43\I_photo\exports\I_photo\bkan_parameter_mean\additive_spline_4\formula.va,0.0023426300218639,0.9885597617094876,0.0044378140938533,0.0057466673476489,0.0066113737329153,0.9210450944583009,0.0117809464791605,0.0120196081419141,1.0,5000,1.0,1.0,8.881784197001252e-16,1.2676666762369378e-07,False,False,False,False
I_photo,43,bkan_parameter_mean,teacher_distillation,additive_spline,6,1664,256,384,256,0.01,0.0020046830045325,0.0014760000049136,0.0067980000167153,43,8415,232,artifacts\results\multi_teacher_symbolic_pareto_10split\seed_43\I_photo\exports\I_photo\bkan_parameter_mean\additive_spline_6\formula.json,artifacts\results\multi_teacher_symbolic_pareto_10split\seed_43\I_photo\exports\I_photo\bkan_parameter_mean\additive_spline_6\formula.va,0.0021666299092272,0.9902141821126684,0.0044323006805241,0.0048096181746126,0.0066871290375868,0.9192253454155878,0.0124043758062799,0.0132078083254092,1.0,5000,1.0,1.0,8.881784197001252e-16,1.310300004358093e-07,False,False,False,False
I_photo,43,bkan_parameter_mean,teacher_distillation,additive_spline,8,1664,256,384,256,0.01,0.0020081575923008,0.0016562000382691,0.0069799000048078,55,9615,268,artifacts\results\multi_teacher_symbolic_pareto_10split\seed_43\I_photo\exports\I_photo\bkan_parameter_mean\additive_spline_8\formula.json,artifacts\results\multi_teacher_symbolic_pareto_10split\seed_43\I_photo\exports\I_photo\bkan_parameter_mean\additive_spline_8\formula.va,0.0019703963103903,0.9919065286738836,0.0041367949484456,0.0048329341578874,0.0063927971151729,0.926179404260872,0.0115392493456808,0.0121944854531537,1.0,5000,1.0,1.0,4.440892098500626e-16,1.30183333142971e-07,False,False,False,False
I_photo,43,dkan,teacher_distillation,polynomial,1,1664,256,384,256,0.01,0.006895055583137,0.0005224000196903,0.0024025000166147,7,825,23,artifacts\results\multi_teacher_symbolic_pareto_10split\seed_43\I_photo\exports\I_photo\dkan\polynomial_1\formula.json,artifacts\results\multi_teacher_symbolic_pareto_10split\seed_43\I_photo\exports\I_photo\dkan\polynomial_1\formula.va,0.0070441770118537,0.8985650965947842,0.0134524826853855,0.0196153805061198,0.0083559165674393,0.8738800202787737,0.0143323336421767,0.0266927968187689,1.0,5000,1.0,1.0,4.440892098500626e-16,1.4899333279269438e-07,False,False,False,False
I_photo,43,dkan,teacher_distillation,polynomial,2,1664,256,384,256,1e-08,0.0033935686394842,0.0009685999830253,0.0034512000274844,28,1598,44,artifacts\results\multi_teacher_symbolic_pareto_10split\seed_43\I_photo\exports\I_photo\dkan\polynomial_2\formula.json,artifacts\results\multi_teacher_symbolic_pareto_10split\seed_43\I_photo\exports\I_photo\dkan\polynomial_2\formula.va,0.0037386088228953,0.9714275848567356,0.0069945317392869,0.0088106882287219,0.0060519377316907,0.9338416593140452,0.0106356698649586,0.0156064660977994,1.0,5000,1.0,1.0,4.440892098500626e-16,9.133500008222958e-07,False,False,False,True
I_photo,43,dkan,teacher_distillation,polynomial,3,1664,256,384,256,0.01,0.0065919478085771,0.0015936000272631,0.0066687000798992,84,3668,100,artifacts\results\multi_teacher_symbolic_pareto_10split\seed_43\I_photo\exports\I_photo\dkan\polynomial_3\formula.json,artifacts\results\multi_teacher_symbolic_pareto_10split\seed_43\I_photo\exports\I_photo\dkan\polynomial_3\formula.va,0.0052740871611867,0.9431380820821736,0.0125703798283848,0.0174763685253123,0.0094951559658763,0.8371454458614227,0.020824613318452,0.0231656859016089,1.0,5000,1.0,1.0,4.440892098500626e-16,2.986359999825557e-06,False,False,False,False
I_photo,43,dkan,teacher_distillation,additive_spline,4,1664,256,384,256,1e-08,0.0020852888314795,0.0022877000155858,0.0068804000038653,31,7129,196,artifacts\results\multi_teacher_symbolic_pareto_10split\seed_43\I_photo\exports\I_photo\dkan\additive_spline_4\formula.json,artifacts\results\multi_teacher_symbolic_pareto_10split\seed_43\I_photo\exports\I_photo\dkan\additive_spline_4\formula.va,0.0029534474905003,0.9821686014794736,0.0060051748782465,0.0066965324944603,0.0063786954618744,0.9265047217342046,0.0108641345558807,0.0121133012687888,1.0,5000,1.0,1.0,8.881784197001252e-16,1.347400015220046e-07,False,False,False,False
I_photo,43,dkan,teacher_distillation,additive_spline,6,1664,256,384,256,0.01,0.0024269005467717,0.0014787999680265,0.0068256000522524,43,8356,232,artifacts\results\multi_teacher_symbolic_pareto_10split\seed_43\I_photo\exports\I_photo\dkan\additive_spline_6\formula.json,artifacts\results\multi_teacher_symbolic_pareto_10split\seed_43\I_photo\exports\I_photo\dkan\additive_spline_6\formula.va,0.0024427818766781,0.987801785190335,0.0046988601797246,0.0059045185957304,0.0064403283917012,0.9250775919461348,0.0120323336138938,0.0127220183163299,1.0,5000,1.0,1.0,8.881784197001252e-16,1.6354666634773218e-07,False,False,False,False
I_photo,43,dkan,teacher_distillation,additive_spline,8,1664,256,384,256,0.0001,0.0024894461517414,0.0015982000040821,0.0067932000383734,55,9583,268,artifacts\results\multi_teacher_symbolic_pareto_10split\seed_43\I_photo\exports\I_photo\dkan\additive_spline_8\formula.json,artifacts\results\multi_teacher_symbolic_pareto_10split\seed_43\I_photo\exports\I_photo\dkan\additive_spline_8\formula.va,0.0022843482654516,0.9893327731625672,0.0044551821698247,0.008106822633028,0.0058086971565398,0.9390528823496422,0.0097599263400005,0.0101550691802758,1.0,5000,1.0,1.0,8.881784197001252e-16,1.3446666804763178e-07,False,False,False,False
I_photo,43,mlp_l,teacher_distillation,polynomial,1,1664,256,384,256,0.01,0.0060469882300954,0.0005316999740898,0.0024654999142512,7,821,23,artifacts\results\multi_teacher_symbolic_pareto_10split\seed_43\I_photo\exports\I_photo\mlp_l\polynomial_1\formula.json,artifacts\results\multi_teacher_symbolic_pareto_10split\seed_43\I_photo\exports\I_photo\mlp_l\polynomial_1\formula.va,0.0060417933272361,0.9249701905977632,0.0115371460296663,0.0159559514645741,0.0084507571671715,0.8710008207458801,0.0142641842520927,0.0273246439234138,1.0,5000,1.0,1.0,4.440892098500626e-16,1.5468666679225866e-07,False,False,False,True
I_photo,43,mlp_l,teacher_distillation,polynomial,2,1664,256,384,256,0.01,0.0008993344837694,0.0007316999835893,0.003279399999883,28,1599,44,artifacts\results\multi_teacher_symbolic_pareto_10split\seed_43\I_photo\exports\I_photo\mlp_l\polynomial_2\formula.json,artifacts\results\multi_teacher_symbolic_pareto_10split\seed_43\I_photo\exports\I_photo\mlp_l\polynomial_2\formula.va,0.0008844618940333,0.9983920950729088,0.001662495076007,0.0024917514518261,0.0060362725359381,0.9341837124167776,0.0105825036708764,0.0159750256109307,1.0,5000,1.0,1.0,4.440892098500626e-16,9.121533328046402e-07,False,False,True,True
I_photo,43,mlp_l,teacher_distillation,polynomial,3,1664,256,384,256,1e-08,0.0001508021501541,0.0020472999894991,0.0070743999676778,84,3677,100,artifacts\results\multi_teacher_symbolic_pareto_10split\seed_43\I_photo\exports\I_photo\mlp_l\polynomial_3\formula.json,artifacts\results\multi_teacher_symbolic_pareto_10split\seed_43\I_photo\exports\I_photo\mlp_l\polynomial_3\formula.va,0.0001553008062657,0.9999504265055316,0.0002983693427754,0.0009007124441398,0.0058079243555493,0.939069098330086,0.0107648296241631,0.0143184093862918,1.0,5000,1.0,1.0,4.440892098500626e-16,2.990589999050523e-06,False,False,False,True
I_photo,43,mlp_l,teacher_distillation,additive_spline,4,1664,256,384,256,0.0001,0.0008886012358013,0.0013077999465167,0.0056541999219916,31,7282,196,artifacts\results\multi_teacher_symbolic_pareto_10split\seed_43\I_photo\exports\I_photo\mlp_l\additive_spline_4\formula.json,artifacts\results\multi_teacher_symbolic_pareto_10split\seed_43\I_photo\exports\I_photo\mlp_l\additive_spline_4\formula.va,0.0010480684801012,0.9977422209806354,0.0027380228765487,0.0039559602355936,0.0058875350435047,0.9373872595401688,0.0108859758132797,0.0146024960508692,1.0,5000,1.0,1.0,8.881784197001252e-16,1.2591666697214046e-07,False,False,True,False
I_photo,43,mlp_l,teacher_distillation,additive_spline,6,1664,256,384,256,0.0001,0.0009863653066322,0.0014775000163353,0.0066195000545121,43,8501,232,artifacts\results\multi_teacher_symbolic_pareto_10split\seed_43\I_photo\exports\I_photo\mlp_l\additive_spline_6\formula.json,artifacts\results\multi_teacher_symbolic_pareto_10split\seed_43\I_photo\exports\I_photo\mlp_l\additive_spline_6\formula.va,0.0009223189457459,0.9982515050901976,0.0023976464347406,0.0033219341085284,0.0058463049606741,0.9382611360625892,0.0108955343789068,0.0148498694821266,1.0,5000,1.0,1.0,4.440892098500626e-16,1.2877666546652718e-07,False,False,True,False
I_photo,43,mlp_l,teacher_distillation,additive_spline,8,1664,256,384,256,0.01,0.0010599164154931,0.0019376999698579,0.0069740999606437,55,9780,268,artifacts\results\multi_teacher_symbolic_pareto_10split\seed_43\I_photo\exports\I_photo\mlp_l\additive_spline_8\formula.json,artifacts\results\multi_teacher_symbolic_pareto_10split\seed_43\I_photo\exports\I_photo\mlp_l\additive_spline_8\formula.va,0.0010088422578221,0.9979080627960454,0.0022682707858843,0.003542504609475,0.0058343949833657,0.938512426234936,0.0107057850396762,0.0150871217147807,1.0,5000,1.0,1.0,4.440892098500626e-16,1.3197666654984156e-07,False,False,False,False
I_photo,43,tcad_direct,direct_tcad,polynomial,1,1664,256,384,256,1e-08,0.007248632333209,0.0007770000374875,0.0023976000375114,7,824,23,artifacts\results\multi_teacher_symbolic_pareto_10split\seed_43\I_photo\exports\I_photo\tcad_direct\polynomial_1\formula.json,artifacts\results\multi_teacher_symbolic_pareto_10split\seed_43\I_photo\exports\I_photo\tcad_direct\polynomial_1\formula.va,,,,,0.0083543260665038,0.8739280281431773,0.0143405064519883,0.0267799284252432,1.0,5000,1.0,1.0,4.440892098500626e-16,1.498366667268177e-07,False,False,True,True
I_photo,43,tcad_direct,direct_tcad,polynomial,2,1664,256,384,256,1e-08,0.0047349466834651,0.0009850000496953,0.0032099999953061,28,1599,44,artifacts\results\multi_teacher_symbolic_pareto_10split\seed_43\I_photo\exports\I_photo\tcad_direct\polynomial_2\formula.json,artifacts\results\multi_teacher_symbolic_pareto_10split\seed_43\I_photo\exports\I_photo\tcad_direct\polynomial_2\formula.va,,,,,0.0063483111913363,0.9272032287745408,0.0110418590534988,0.0160504283441711,1.0,5000,1.0,1.0,4.440892098500626e-16,8.929200004786253e-07,False,False,False,False
I_photo,43,tcad_direct,direct_tcad,polynomial,3,1664,256,384,256,0.01,0.012333766148652,0.0017455999623052,0.0070677999174222,84,3660,100,artifacts\results\multi_teacher_symbolic_pareto_10split\seed_43\I_photo\exports\I_photo\tcad_direct\polynomial_3\formula.json,artifacts\results\multi_teacher_symbolic_pareto_10split\seed_43\I_photo\exports\I_photo\tcad_direct\polynomial_3\formula.va,,,,,0.0133130270136849,0.6798530794222026,0.0393356311131547,0.0413016610528296,1.0,5000,1.0,1.0,4.440892098500626e-16,3.048856665069858e-06,False,False,False,False
I_photo,43,tcad_direct,direct_tcad,additive_spline,4,1664,256,384,256,0.01,0.0036137712274017,0.0013938000192865,0.0062108000856824,31,7103,196,artifacts\results\multi_teacher_symbolic_pareto_10split\seed_43\I_photo\exports\I_photo\tcad_direct\additive_spline_4\formula.json,artifacts\results\multi_teacher_symbolic_pareto_10split\seed_43\I_photo\exports\I_photo\tcad_direct\additive_spline_4\formula.va,,,,,0.0062370298221771,0.9297330110791476,0.010712082692928,0.0116992077055977,1.0,5000,1.0,1.0,8.881784197001252e-16,1.2600666765744488e-07,False,False,False,False
I_photo,43,tcad_direct,direct_tcad,additive_spline,6,1664,256,384,256,0.01,0.0041022576271523,0.0017809999990276,0.0073353999760001,43,8340,232,artifacts\results\multi_teacher_symbolic_pareto_10split\seed_43\I_photo\exports\I_photo\tcad_direct\additive_spline_6\formula.json,artifacts\results\multi_teacher_symbolic_pareto_10split\seed_43\I_photo\exports\I_photo\tcad_direct\additive_spline_6\formula.va,,,,,0.0063491321585123,0.9271843993182536,0.0117737623448331,0.0126789264039905,1.0,5000,1.0,1.0,4.440892098500626e-16,1.549966672124962e-07,False,False,False,False
I_photo,43,tcad_direct,direct_tcad,additive_spline,8,1664,256,384,256,0.01,0.0038880653103912,0.0016862999764271,0.0077193999895825,55,9576,268,artifacts\results\multi_teacher_symbolic_pareto_10split\seed_43\I_photo\exports\I_photo\tcad_direct\additive_spline_8\formula.json,artifacts\results\multi_teacher_symbolic_pareto_10split\seed_43\I_photo\exports\I_photo\tcad_direct\additive_spline_8\formula.va,,,,,0.0054712723789362,0.9459280073600604,0.0095437419873346,0.0100826373199431,1.0,5000,1.0,1.0,8.881784197001252e-16,1.637299991368006e-07,False,False,True,True
AC_Response,43,bkan_parameter_mean,teacher_distillation,polynomial,1,2912,448,672,448,0.01,0.9089853197774576,0.0005630000378005,0.0039639000315219,4,509,17,artifacts\results\multi_teacher_symbolic_pareto_10split\seed_43\AC_Response\exports\AC_Response\bkan_parameter_mean\polynomial_1\formula.json,artifacts\results\multi_teacher_symbolic_pareto_10split\seed_43\AC_Response\exports\AC_Response\bkan_parameter_mean\polynomial_1\formula.va,0.9105118757979942,0.8592158610941977,1.446484970913196,1.706573094228201,0.9125464647998492,0.8596210803854394,1.455023560206964,1.860386629246082,1.0,5000,1.0,1.0,0.0,9.396666622099777e-08,False,False,False,True
AC_Response,43,bkan_parameter_mean,teacher_distillation,polynomial,2,2912,448,672,448,0.01,0.3080490287469102,0.0008510999614372,0.003696099971421,10,684,23,artifacts\results\multi_teacher_symbolic_pareto_10split\seed_43\AC_Response\exports\AC_Response\bkan_parameter_mean\polynomial_2\formula.json,artifacts\results\multi_teacher_symbolic_pareto_10split\seed_43\AC_Response\exports\AC_Response\bkan_parameter_mean\polynomial_2\formula.va,0.3098909752074776,0.9836920129876694,0.5640583261418118,0.6598822947726108,0.3101906951621317,0.9837800521385182,0.5664627380786094,0.6490280426905755,1.0,5000,1.0,1.0,1.7763568394002505e-15,3.035999989757936e-07,False,False,False,True
AC_Response,43,bkan_parameter_mean,teacher_distillation,polynomial,3,2912,448,672,448,0.01,0.1606270397776101,0.0010214999783784,0.0045915999799035,20,992,33,artifacts\results\multi_teacher_symbolic_pareto_10split\seed_43\AC_Response\exports\AC_Response\bkan_parameter_mean\polynomial_3\formula.json,artifacts\results\multi_teacher_symbolic_pareto_10split\seed_43\AC_Response\exports\AC_Response\bkan_parameter_mean\polynomial_3\formula.va,0.1618898688653956,0.9955493664023594,0.3018428390821871,0.3945739602522433,0.1719646043647102,0.9950149438842896,0.3296938888384004,0.5375877284753035,1.0,5000,1.0,1.0,5.3290705182007506e-15,4.621433326974511e-07,False,False,False,False
AC_Response,43,bkan_parameter_mean,teacher_distillation,additive_spline,4,2912,448,672,448,0.0001,0.0809699189099416,0.001199499994982,0.0055327000445686,16,3555,103,artifacts\results\multi_teacher_symbolic_pareto_10split\seed_43\AC_Response\exports\AC_Response\bkan_parameter_mean\additive_spline_4\formula.json,artifacts\results\multi_teacher_symbolic_pareto_10split\seed_43\AC_Response\exports\AC_Response\bkan_parameter_mean\additive_spline_4\formula.va,0.0822140277080051,0.9988521785151044,0.1456107381512171,0.2099692643622184,0.1058923167139583,0.9981097431457752,0.2076797282888259,0.3617718051265717,1.0,5000,1.0,1.0,3.1086244689504387e-15,1.0036333308865629e-07,False,False,False,False
AC_Response,43,bkan_parameter_mean,teacher_distillation,additive_spline,6,2912,448,672,448,1e-06,0.0819820603894227,0.0016494000446982,0.0070407000021077,22,4166,121,artifacts\results\multi_teacher_symbolic_pareto_10split\seed_43\AC_Response\exports\AC_Response\bkan_parameter_mean\additive_spline_6\formula.json,artifacts\results\multi_teacher_symbolic_pareto_10split\seed_43\AC_Response\exports\AC_Response\bkan_parameter_mean\additive_spline_6\formula.va,0.0833081974532846,0.998821422963712,0.1459035266853632,0.2335103327830721,0.1066551933618046,0.9980824092040316,0.2014572662523382,0.3686562226774637,1.0,5000,1.0,1.0,1.7763568394002505e-15,9.8183333951359e-08,False,False,False,False
AC_Response,43,bkan_parameter_mean,teacher_distillation,additive_spline,8,2912,448,672,448,1e-06,0.0715880441368028,0.0017637000419199,0.0075164000154472,28,4731,139,artifacts\results\multi_teacher_symbolic_pareto_10split\seed_43\AC_Response\exports\AC_Response\bkan_parameter_mean\additive_spline_8\formula.json,artifacts\results\multi_teacher_symbolic_pareto_10split\seed_43\AC_Response\exports\AC_Response\bkan_parameter_mean\additive_spline_8\formula.va,0.0732560730468621,0.9990886823785184,0.1228622977418884,0.2079790569947563,0.0992373671056719,0.9983398688887376,0.1948505518676467,0.3579380863742551,1.0,5000,1.0,1.0,3.552713678800501e-15,7.149999922451873e-08,False,False,False,False
AC_Response,43,dkan,teacher_distillation,polynomial,1,2912,448,672,448,0.01,0.8985182110145123,0.0005438000080175,0.0025130999856628,4,512,17,artifacts\results\multi_teacher_symbolic_pareto_10split\seed_43\AC_Response\exports\AC_Response\dkan\polynomial_1\formula.json,artifacts\results\multi_teacher_symbolic_pareto_10split\seed_43\AC_Response\exports\AC_Response\dkan\polynomial_1\formula.va,0.906142543839775,0.8594282308329119,1.4562501017820213,1.6457625326679253,0.9126434698824146,0.8595912338121594,1.455490105257871,1.8488522767069648,1.0,5000,1.0,1.0,0.0,7.615333306603135e-08,False,False,False,False
AC_Response,43,dkan,teacher_distillation,polynomial,2,2912,448,672,448,0.01,0.3411446563970185,0.0015195999876596,0.0042454999638721,10,687,23,artifacts\results\multi_teacher_symbolic_pareto_10split\seed_43\AC_Response\exports\AC_Response\dkan\polynomial_2\formula.json,artifacts\results\multi_teacher_symbolic_pareto_10split\seed_43\AC_Response\exports\AC_Response\dkan\polynomial_2\formula.va,0.3209356053608367,0.9823664046264504,0.5751796164407609,0.7895671631534755,0.3113785868025366,0.9836555839722888,0.5583245459594014,0.6406591197491984,1.0,5000,1.0,1.0,1.7763568394002505e-15,2.873033343348652e-07,False,False,False,False
AC_Response,43,dkan,teacher_distillation,polynomial,3,2912,448,672,448,0.01,0.2200458070239584,0.0007894000154919,0.0037647999706678,20,982,33,artifacts\results\multi_teacher_symbolic_pareto_10split\seed_43\AC_Response\exports\AC_Response\dkan\polynomial_3\formula.json,artifacts\results\multi_teacher_symbolic_pareto_10split\seed_43\AC_Response\exports\AC_Response\dkan\polynomial_3\formula.va,0.175368187928139,0.9947348991150364,0.3219002921306312,0.6175417615404912,0.1738422562588878,0.9949054876238098,0.3260026673784191,0.5631376703220639,1.0,5000,1.0,1.0,4.440892098500626e-15,6.220466670735429e-07,False,False,False,True
AC_Response,43,dkan,teacher_distillation,additive_spline,4,2912,448,672,448,0.01,0.1860915715909943,0.0012477999553084,0.0060667000361718,16,3535,103,artifacts\results\multi_teacher_symbolic_pareto_10split\seed_43\AC_Response\exports\AC_Response\dkan\additive_spline_4\formula.json,artifacts\results\multi_teacher_symbolic_pareto_10split\seed_43\AC_Response\exports\AC_Response\dkan\additive_spline_4\formula.va,0.1111044172249118,0.997886668046224,0.2103395902552546,0.5024746000035836,0.1077899302299258,0.9980413884856072,0.208895729151042,0.3288735673335319,1.0,5000,1.0,1.0,3.885780586188048e-15,9.382999851368369e-08,False,False,False,True
AC_Response,43,dkan,teacher_distillation,additive_spline,6,2912,448,672,448,1e-08,0.1850904736185301,0.0019484999938867,0.0068217999651096,22,4104,121,artifacts\results\multi_teacher_symbolic_pareto_10split\seed_43\AC_Response\exports\AC_Response\dkan\additive_spline_6\formula.json,artifacts\results\multi_teacher_symbolic_pareto_10split\seed_43\AC_Response\exports\AC_Response\dkan\additive_spline_6\formula.va,0.1109236645081444,0.9978935386959552,0.2104260970401912,0.49610175040476,0.1084752985836049,0.9980164021442948,0.2061099716125379,0.3393379575671629,1.0,5000,1.0,1.0,1.7763568394002505e-15,9.645000100135804e-08,False,False,False,False
AC_Response,43,dkan,teacher_distillation,additive_spline,8,2912,448,672,448,1e-08,0.1799095664363218,0.0019884000066667,0.0063121999846771,28,4720,139,artifacts\results\multi_teacher_symbolic_pareto_10split\seed_43\AC_Response\exports\AC_Response\dkan\additive_spline_8\formula.json,artifacts\results\multi_teacher_symbolic_pareto_10split\seed_43\AC_Response\exports\AC_Response\dkan\additive_spline_8\formula.va,0.1023494231354114,0.9982066053630844,0.1951024191097834,0.5289150236425366,0.1014460011006376,0.9982651505761018,0.2223157148196269,0.3165715814741778,1.0,5000,1.0,1.0,2.4424906541753444e-15,7.504333431522053e-08,False,False,False,False
AC_Response,43,mlp_l,teacher_distillation,polynomial,1,2912,448,672,448,0.01,0.8512576750516812,0.000536200008355,0.0025970000424422,4,510,17,artifacts\results\multi_teacher_symbolic_pareto_10split\seed_43\AC_Response\exports\AC_Response\mlp_l\polynomial_1\formula.json,artifacts\results\multi_teacher_symbolic_pareto_10split\seed_43\AC_Response\exports\AC_Response\mlp_l\polynomial_1\formula.va,0.85052408057403,0.8742369468913543,1.5102720517633648,1.5812056952858269,0.9128091557399636,0.8595402481659361,1.4638972137498558,1.8401211928588213,1.0,5000,1.0,1.0,2.220446049250313e-16,5.64566677591453e-08,False,False,False,False
AC_Response,43,mlp_l,teacher_distillation,polynomial,2,2912,448,672,448,0.01,0.2088705963856332,0.0008048000163398,0.0030546999187208,10,686,23,artifacts\results\multi_teacher_symbolic_pareto_10split\seed_43\AC_Response\exports\AC_Response\mlp_l\polynomial_2\formula.json,artifacts\results\multi_teacher_symbolic_pareto_10split\seed_43\AC_Response\exports\AC_Response\mlp_l\polynomial_2\formula.va,0.2084849945715304,0.9924433475368452,0.455930866918809,0.4963378471344146,0.3138963399138985,0.9833901991526528,0.580465342706732,0.67452083966687,1.0,5000,1.0,1.0,2.664535259100376e-15,1.8542666803114122e-07,False,False,False,False
AC_Response,43,mlp_l,teacher_distillation,polynomial,3,2912,448,672,448,0.01,0.0205642988882777,0.0007496000034734,0.0033700999920256,20,992,33,artifacts\results\multi_teacher_symbolic_pareto_10split\seed_43\AC_Response\exports\AC_Response\mlp_l\polynomial_3\formula.json,artifacts\results\multi_teacher_symbolic_pareto_10split\seed_43\AC_Response\exports\AC_Response\mlp_l\polynomial_3\formula.va,0.0205981203516334,0.9999262376021132,0.0473249122121754,0.097933931800231,0.1863514877820762,0.9941459335141468,0.374511986542383,0.4594031863142562,1.0,5000,1.0,1.0,3.552713678800501e-15,4.0275000113373e-07,False,False,False,False
AC_Response,43,mlp_l,teacher_distillation,additive_spline,4,2912,448,672,448,0.0001,0.0239412321592086,0.0011667000362649,0.0050216000527143,16,3581,103,artifacts\results\multi_teacher_symbolic_pareto_10split\seed_43\AC_Response\exports\AC_Response\mlp_l\additive_spline_4\formula.json,artifacts\results\multi_teacher_symbolic_pareto_10split\seed_43\AC_Response\exports\AC_Response\mlp_l\additive_spline_4\formula.va,0.0228546923953335,0.999909190642147,0.0466798839813422,0.0900674949660667,0.17948880539587,0.9945691644042288,0.3528005932236285,0.4389627096687827,1.0,5000,1.0,1.0,4.718447854656915e-15,6.665333445804814e-08,False,False,False,False
AC_Response,43,mlp_l,teacher_distillation,additive_spline,6,2912,448,672,448,1e-06,0.0236257213133333,0.0017440999508835,0.0057733998983167,22,4176,121,artifacts\results\multi_teacher_symbolic_pareto_10split\seed_43\AC_Response\exports\AC_Response\mlp_l\additive_spline_6\formula.json,artifacts\results\multi_teacher_symbolic_pareto_10split\seed_43\AC_Response\exports\AC_Response\mlp_l\additive_spline_6\formula.va,0.0224994818606955,0.999911991447614,0.0434344920148044,0.0812607854815565,0.1797824315459293,0.9945513812374416,0.3574010840865411,0.4428223590908129,1.0,5000,1.0,1.0,2.664535259100376e-15,6.757666512082021e-08,False,False,False,False
AC_Response,43,mlp_l,teacher_distillation,additive_spline,8,2912,448,672,448,1e-06,0.0235630785098825,0.001607000012882,0.0062947999686002,28,4783,139,artifacts\results\multi_teacher_symbolic_pareto_10split\seed_43\AC_Response\exports\AC_Response\mlp_l\additive_spline_8\formula.json,artifacts\results\multi_teacher_symbolic_pareto_10split\seed_43\AC_Response\exports\AC_Response\mlp_l\additive_spline_8\formula.va,0.022477002299697,0.9999121672210218,0.0429043510954495,0.0817154633332872,0.1795741908996292,0.9945639961160994,0.3563963831404662,0.4418546814076942,1.0,5000,1.0,1.0,2.997602166487923e-15,6.984000016624728e-08,False,False,False,False
AC_Response,43,tcad_direct,direct_tcad,polynomial,1,2912,448,672,448,0.01,0.9180357021637748,0.000533600046765,0.0023846999974921,4,510,17,artifacts\results\multi_teacher_symbolic_pareto_10split\seed_43\AC_Response\exports\AC_Response\tcad_direct\polynomial_1\formula.json,artifacts\results\multi_teacher_symbolic_pareto_10split\seed_43\AC_Response\exports\AC_Response\tcad_direct\polynomial_1\formula.va,,,,,0.9123112435014876,0.8596934402209453,1.452449318371404,1.846179259471996,1.0,5000,1.0,1.0,4.440892098500626e-16,5.990333350685735e-08,False,False,True,True
AC_Response,43,tcad_direct,direct_tcad,polynomial,2,2912,448,672,448,1e-08,0.310575027737511,0.0008681999752297,0.0029312000260688,10,685,23,artifacts\results\multi_teacher_symbolic_pareto_10split\seed_43\AC_Response\exports\AC_Response\tcad_direct\polynomial_2\formula.json,artifacts\results\multi_teacher_symbolic_pareto_10split\seed_43\AC_Response\exports\AC_Response\tcad_direct\polynomial_2\formula.va,,,,,0.3077867702363092,0.9840304816239186,0.5530810369019921,0.6500673616019754,1.0,5000,1.0,1.0,2.664535259100376e-15,1.836399994014452e-07,False,False,True,True
AC_Response,43,tcad_direct,direct_tcad,polynomial,3,2912,448,672,448,0.01,0.1699836709363423,0.0007788999937474,0.0037639999645762,20,983,33,artifacts\results\multi_teacher_symbolic_pareto_10split\seed_43\AC_Response\exports\AC_Response\tcad_direct\polynomial_3\formula.json,artifacts\results\multi_teacher_symbolic_pareto_10split\seed_43\AC_Response\exports\AC_Response\tcad_direct\polynomial_3\formula.va,,,,,0.1682197330978026,0.995229698807636,0.3262538004177756,0.5216441115773893,1.0,5000,1.0,1.0,5.3290705182007506e-15,4.118633320710311e-07,False,False,False,True
AC_Response,43,tcad_direct,direct_tcad,additive_spline,4,2912,448,672,448,0.0001,0.0998183483175096,0.0011743999784812,0.0053161999676376,16,3539,103,artifacts\results\multi_teacher_symbolic_pareto_10split\seed_43\AC_Response\exports\AC_Response\tcad_direct\additive_spline_4\formula.json,artifacts\results\multi_teacher_symbolic_pareto_10split\seed_43\AC_Response\exports\AC_Response\tcad_direct\additive_spline_4\formula.va,,,,,0.1044486004356022,0.9981609346084014,0.1971204763793133,0.3331989767217402,1.0,5000,1.0,1.0,2.7755575615628917e-15,9.247999987564981e-08,False,False,True,True
AC_Response,43,tcad_direct,direct_tcad,additive_spline,6,2912,448,672,448,1e-08,0.1004491347243068,0.0016275999951176,0.0055285999551415,22,4108,121,artifacts\results\multi_teacher_symbolic_pareto_10split\seed_43\AC_Response\exports\AC_Response\tcad_direct\additive_spline_6\formula.json,artifacts\results\multi_teacher_symbolic_pareto_10split\seed_43\AC_Response\exports\AC_Response\tcad_direct\additive_spline_6\formula.va,,,,,0.1051692744084978,0.9981354687058296,0.1887357775308532,0.3453285796188838,1.0,5000,1.0,1.0,1.7763568394002505e-15,6.86033337842673e-08,False,False,False,False
AC_Response,43,tcad_direct,direct_tcad,additive_spline,8,2912,448,672,448,1e-08,0.092174732235262,0.0017752000130712,0.0059705000603571,28,4677,139,artifacts\results\multi_teacher_symbolic_pareto_10split\seed_43\AC_Response\exports\AC_Response\tcad_direct\additive_spline_8\formula.json,artifacts\results\multi_teacher_symbolic_pareto_10split\seed_43\AC_Response\exports\AC_Response\tcad_direct\additive_spline_8\formula.va,,,,,0.0987238046059946,0.9983570070901095,0.1971701399045861,0.3529191160609608,1.0,5000,1.0,1.0,3.427813588530171e-15,6.848000145206849e-08,False,False,True,True
Capacitance,43,bkan_parameter_mean,teacher_distillation,polynomial,1,41600,6400,9600,6400,0.01,1.9878326467835444e-15,0.0056726000038906,0.0210510000470094,8,931,25,artifacts\results\multi_teacher_symbolic_pareto_10split\seed_43\Capacitance\exports\Capacitance\bkan_parameter_mean\polynomial_1\formula.json,artifacts\results\multi_teacher_symbolic_pareto_10split\seed_43\Capacitance\exports\Capacitance\bkan_parameter_mean\polynomial_1\formula.va,1.994075074292375e-15,0.6304917708114004,5.344857373376336e-15,7.287430779398262e-15,1.9939837334251057e-15,0.631807482323017,5.231674174789789e-15,7.623676538890913e-15,1.0,5000,1.0,1.0,6.310887241768096e-30,3.1705999863334e-07,False,False,True,True
Capacitance,43,bkan_parameter_mean,teacher_distillation,polynomial,2,41600,6400,9600,6400,0.01,1.0832810871413457e-15,0.0143790000001899,0.060054300003685,36,2028,53,artifacts\results\multi_teacher_symbolic_pareto_10split\seed_43\Capacitance\exports\Capacitance\bkan_parameter_mean\polynomial_2\formula.json,artifacts\results\multi_teacher_symbolic_pareto_10split\seed_43\Capacitance\exports\Capacitance\bkan_parameter_mean\polynomial_2\formula.va,1.0885490231009748e-15,0.8898873816342293,2.554280458357968e-15,3.8053341163934335e-15,1.0906344640228042e-15,0.889848562041003,2.446497582411901e-15,4.074171197145297e-15,1.0,5000,1.0,1.0,6.310887241768096e-30,1.8182033323682845e-06,False,False,False,False
Capacitance,43,bkan_parameter_mean,teacher_distillation,polynomial,3,41600,6400,9600,6400,1e-08,5.211961520703958e-16,0.0475414000102318,0.1916514999466017,120,5298,137,artifacts\results\multi_teacher_symbolic_pareto_10split\seed_43\Capacitance\exports\Capacitance\bkan_parameter_mean\polynomial_3\formula.json,artifacts\results\multi_teacher_symbolic_pareto_10split\seed_43\Capacitance\exports\Capacitance\bkan_parameter_mean\polynomial_3\formula.va,5.24706420892247e-16,0.9744156809363912,1.1000133473073137e-15,1.7375139748764087e-15,5.2376195701745e-16,0.9745961442676968,1.0235197748108567e-15,1.94711583047038e-15,1.0,5000,1.0,1.0,1.262177448353619e-29,4.65713000157848e-06,False,False,False,False
Capacitance,43,bkan_parameter_mean,teacher_distillation,additive_spline,4,41600,6400,9600,6400,0.01,3.270684786964138e-16,0.0305618999991565,0.1227046999847516,36,8652,227,artifacts\results\multi_teacher_symbolic_pareto_10split\seed_43\Capacitance\exports\Capacitance\bkan_parameter_mean\additive_spline_4\formula.json,artifacts\results\multi_teacher_symbolic_pareto_10split\seed_43\Capacitance\exports\Capacitance\bkan_parameter_mean\additive_spline_4\formula.va,2.9864571190349796e-16,0.9917119250134292,5.888060569975166e-16,2.820912503264891e-15,2.906386139176047e-16,0.9921776298298574,5.425525163191098e-16,2.3924974035610773e-15,1.0,5000,1.0,1.0,3.470987982972452e-29,1.4947666592585546e-07,False,False,True,True
Capacitance,43,bkan_parameter_mean,teacher_distillation,additive_spline,6,41600,6400,9600,6400,0.01,2.9538266175568976e-16,0.0335552000324241,0.1380004999809898,50,10216,269,artifacts\results\multi_teacher_symbolic_pareto_10split\seed_43\Capacitance\exports\Capacitance\bkan_parameter_mean\additive_spline_6\formula.json,artifacts\results\multi_teacher_symbolic_pareto_10split\seed_43\Capacitance\exports\Capacitance\bkan_parameter_mean\additive_spline_6\formula.va,2.6215503412943846e-16,0.9936135795234632,4.270892402826903e-16,2.981033762688047e-15,2.535622212626503e-16,0.9940461096564815,4.2951226584477245e-16,2.5526186629842335e-15,1.0,5000,1.0,1.0,4.4176210692376655e-29,1.4915333401101334e-07,False,False,True,True
Capacitance,43,bkan_parameter_mean,teacher_distillation,additive_spline,8,41600,6400,9600,6400,0.0001,2.9016727201145424e-16,0.0425270000123418,0.168605699960608,64,11741,311,artifacts\results\multi_teacher_symbolic_pareto_10split\seed_43\Capacitance\exports\Capacitance\bkan_parameter_mean\additive_spline_8\formula.json,artifacts\results\multi_teacher_symbolic_pareto_10split\seed_43\Capacitance\exports\Capacitance\bkan_parameter_mean\additive_spline_8\formula.va,2.557372721047501e-16,0.9939224413058748,4.147629716500668e-16,3.0254660222836385e-15,2.4762744237412877e-16,0.9943215568712216,4.567596513556978e-16,2.597050922579825e-15,1.0,5000,1.0,1.0,2.8398992587956425e-29,1.535033341497183e-07,False,False,True,True
Capacitance,43,dkan,teacher_distillation,polynomial,1,41600,6400,9600,6400,0.01,1.960154889179716e-15,0.0037113000289537,0.016001799958758,8,937,25,artifacts\results\multi_teacher_symbolic_pareto_10split\seed_43\Capacitance\exports\Capacitance\dkan\polynomial_1\formula.json,artifacts\results\multi_teacher_symbolic_pareto_10split\seed_43\Capacitance\exports\Capacitance\dkan\polynomial_1\formula.va,1.9783362004401935e-15,0.6329356874760315,5.110201674883255e-15,6.810563387286823e-15,1.9940252468708016e-15,0.6317921511054716,5.227579717438421e-15,7.619539155684411e-15,1.0,5000,1.0,1.0,6.310887241768096e-30,1.987133330355088e-07,False,False,False,False
Capacitance,43,dkan,teacher_distillation,polynomial,2,41600,6400,9600,6400,0.01,1.0557121305729987e-15,0.0127602000138722,0.0535812000161968,36,2020,53,artifacts\results\multi_teacher_symbolic_pareto_10split\seed_43\Capacitance\exports\Capacitance\dkan\polynomial_2\formula.json,artifacts\results\multi_teacher_symbolic_pareto_10split\seed_43\Capacitance\exports\Capacitance\dkan\polynomial_2\formula.va,1.0809066221151347e-15,0.8904232735886932,2.2587681695053583e-15,3.719950201470189e-15,1.0922128757625377e-15,0.8895294998062825,2.4586673022025607e-15,4.167311507418332e-15,1.0,5000,1.0,1.0,6.310887241768096e-30,1.285973332899933e-06,False,False,False,True
Capacitance,43,dkan,teacher_distillation,polynomial,3,41600,6400,9600,6400,0.01,4.997938300081042e-16,0.0478124999790452,0.1905296000186354,120,5288,137,artifacts\results\multi_teacher_symbolic_pareto_10split\seed_43\Capacitance\exports\Capacitance\dkan\polynomial_3\formula.json,artifacts\results\multi_teacher_symbolic_pareto_10split\seed_43\Capacitance\exports\Capacitance\dkan\polynomial_3\formula.va,5.215204260049307e-16,0.9744915181387586,1.0156321498070445e-15,1.824530097861632e-15,5.301842170567362e-16,0.9739693311820864,1.0319837696227529e-15,2.0886638195730854e-15,1.0,5000,1.0,1.0,1.262177448353619e-29,4.646373332555717e-06,False,False,False,False
Capacitance,43,dkan,teacher_distillation,additive_spline,4,41600,6400,9600,6400,0.01,2.9666887900232185e-16,0.0299944000435061,0.122561200056225,36,8647,227,artifacts\results\multi_teacher_symbolic_pareto_10split\seed_43\Capacitance\exports\Capacitance\dkan\additive_spline_4\formula.json,artifacts\results\multi_teacher_symbolic_pareto_10split\seed_43\Capacitance\exports\Capacitance\dkan\additive_spline_4\formula.va,2.66545569747814e-16,0.9933367684755384,6.195971132063644e-16,2.520738552086625e-15,2.920296286975372e-16,0.9921025739312036,5.469256597120836e-16,2.3219144072613817e-15,1.0,5000,1.0,1.0,3.786532345060857e-29,1.649433339480311e-07,False,False,False,True
Capacitance,43,dkan,teacher_distillation,additive_spline,6,41600,6400,9600,6400,0.01,2.83450875011704e-16,0.0367452999926172,0.1445871000178158,50,10190,269,artifacts\results\multi_teacher_symbolic_pareto_10split\seed_43\Capacitance\exports\Capacitance\dkan\additive_spline_6\formula.json,artifacts\results\multi_teacher_symbolic_pareto_10split\seed_43\Capacitance\exports\Capacitance\dkan\additive_spline_6\formula.va,2.4337538614321517e-16,0.9944448566043924,5.366668524483336e-16,2.647158556655413e-15,2.557386856996381e-16,0.9939434599383248,4.1508862458759743e-16,2.4457084216622226e-15,1.0,5000,1.0,1.0,4.4176210692376655e-29,1.7525999962041774e-07,False,False,False,True
Capacitance,43,dkan,teacher_distillation,additive_spline,8,41600,6400,9600,6400,0.01,2.7799105750026187e-16,0.0418346999795176,0.1685098999296315,64,11734,311,artifacts\results\multi_teacher_symbolic_pareto_10split\seed_43\Capacitance\exports\Capacitance\dkan\additive_spline_8\formula.json,artifacts\results\multi_teacher_symbolic_pareto_10split\seed_43\Capacitance\exports\Capacitance\dkan\additive_spline_8\formula.va,2.335851786066854e-16,0.9948827983427364,4.614919701108593e-16,2.691603862255225e-15,2.505627196584124e-16,0.9941861389891484,4.300063824841047e-16,2.50095863275447e-15,1.0,5000,1.0,1.0,2.8398992587956425e-29,1.8368999978216986e-07,False,False,False,True
Capacitance,43,mlp_l,teacher_distillation,polynomial,1,41600,6400,9600,6400,0.01,1.9168147527784797e-15,0.0038252000231295,0.0159271000302396,8,937,25,artifacts\results\multi_teacher_symbolic_pareto_10split\seed_43\Capacitance\exports\Capacitance\mlp_l\polynomial_1\formula.json,artifacts\results\multi_teacher_symbolic_pareto_10split\seed_43\Capacitance\exports\Capacitance\mlp_l\polynomial_1\formula.va,1.9176178999133552e-15,0.6448840971272677,4.405167824163262e-15,6.246179605214451e-15,1.994269280555621e-15,0.6317020212371254,5.243333087605474e-15,7.68188742486032e-15,1.0,5000,1.0,1.0,6.310887241768096e-30,1.9116000039502978e-07,False,False,False,False
Capacitance,43,mlp_l,teacher_distillation,polynomial,2,41600,6400,9600,6400,0.01,9.007016944949207e-16,0.0126721000415273,0.0523293000878766,36,2031,53,artifacts\results\multi_teacher_symbolic_pareto_10split\seed_43\Capacitance\exports\Capacitance\mlp_l\polynomial_2\formula.json,artifacts\results\multi_teacher_symbolic_pareto_10split\seed_43\Capacitance\exports\Capacitance\mlp_l\polynomial_2\formula.va,8.988174260727597e-16,0.9219830551722684,1.6024214971299785e-15,2.448834294623317e-15,1.0966877060962817e-15,0.8886224432922987,2.389712560149597e-15,4.0389187200910535e-15,1.0,5000,1.0,1.0,6.310887241768096e-30,1.2693200008167574e-06,False,False,False,False
Capacitance,43,mlp_l,teacher_distillation,polynomial,3,41600,6400,9600,6400,0.01,2.788819353072145e-16,0.0481808999902568,0.1920249999966472,120,5261,137,artifacts\results\multi_teacher_symbolic_pareto_10split\seed_43\Capacitance\exports\Capacitance\mlp_l\polynomial_3\formula.json,artifacts\results\multi_teacher_symbolic_pareto_10split\seed_43\Capacitance\exports\Capacitance\mlp_l\polynomial_3\formula.va,2.785558692347028e-16,0.9925067435074671,4.472905718894517e-16,6.117318738146937e-16,5.773056899983192e-16,0.9691366252333812,1.171906699970505e-15,2.259060358458257e-15,1.0,5000,1.0,1.0,1.262177448353619e-29,4.613903331725548e-06,False,False,False,True
Capacitance,43,mlp_l,teacher_distillation,additive_spline,4,41600,6400,9600,6400,0.01,2.604834220202483e-16,0.0325660000089556,0.1254296000115573,36,8646,227,artifacts\results\multi_teacher_symbolic_pareto_10split\seed_43\Capacitance\exports\Capacitance\mlp_l\additive_spline_4\formula.json,artifacts\results\multi_teacher_symbolic_pareto_10split\seed_43\Capacitance\exports\Capacitance\mlp_l\additive_spline_4\formula.va,2.177647478798942e-16,0.9954204677147256,4.559555472394661e-16,1.5245581097673217e-15,4.584869640797708e-16,0.9805335965235684,9.528109072164089e-16,2.4123076858403538e-15,1.0,5000,1.0,1.0,2.524354896707238e-29,1.5312666655518118e-07,False,False,False,True
Capacitance,43,mlp_l,teacher_distillation,additive_spline,6,41600,6400,9600,6400,0.01,2.5589108902179404e-16,0.0340542999911122,0.1385033000260591,50,10201,269,artifacts\results\multi_teacher_symbolic_pareto_10split\seed_43\Capacitance\exports\Capacitance\mlp_l\additive_spline_6\formula.json,artifacts\results\multi_teacher_symbolic_pareto_10split\seed_43\Capacitance\exports\Capacitance\mlp_l\additive_spline_6\formula.va,2.1223825118874462e-16,0.9956499596194144,4.589940013703041e-16,1.4698661772778188e-15,4.737145164778355e-16,0.9792190631170856,9.987452720959456e-16,2.4488374509214505e-15,1.0,5000,1.0,1.0,3.1554436208840467e-29,1.4921000110916796e-07,False,False,False,False
Capacitance,43,mlp_l,teacher_distillation,additive_spline,8,41600,6400,9600,6400,1e-08,2.5576231699307583e-16,0.0419005000148899,0.1705006000120192,64,11765,311,artifacts\results\multi_teacher_symbolic_pareto_10split\seed_43\Capacitance\exports\Capacitance\mlp_l\additive_spline_8\formula.json,artifacts\results\multi_teacher_symbolic_pareto_10split\seed_43\Capacitance\exports\Capacitance\mlp_l\additive_spline_8\formula.va,2.120410158018808e-16,0.9956580409452492,4.547085457302498e-16,1.4695935538595665e-15,4.7360514171218e-16,0.979228658126862,1.0086818378309176e-15,2.44588479294766e-15,1.0,5000,1.0,1.0,2.524354896707238e-29,1.588466674244652e-07,False,False,False,False
Capacitance,43,tcad_direct,direct_tcad,polynomial,1,41600,6400,9600,6400,0.01,2.0038649737781685e-15,0.0037395000108517,0.0161208999925293,8,938,25,artifacts\results\multi_teacher_symbolic_pareto_10split\seed_43\Capacitance\exports\Capacitance\tcad_direct\polynomial_1\formula.json,artifacts\results\multi_teacher_symbolic_pareto_10split\seed_43\Capacitance\exports\Capacitance\tcad_direct\polynomial_1\formula.va,,,,,1.9940044283663208e-15,0.6317998395705482,5.211822440946813e-15,7.592096858520804e-15,1.0,5000,1.0,1.0,6.310887241768096e-30,1.845200002814333e-07,False,False,False,False
Capacitance,43,tcad_direct,direct_tcad,polynomial,2,41600,6400,9600,6400,0.01,1.1006151838621701e-15,0.0131703999941237,0.0521633999887853,36,2022,53,artifacts\results\multi_teacher_symbolic_pareto_10split\seed_43\Capacitance\exports\Capacitance\tcad_direct\polynomial_2\formula.json,artifacts\results\multi_teacher_symbolic_pareto_10split\seed_43\Capacitance\exports\Capacitance\tcad_direct\polynomial_2\formula.va,,,,,1.0904653793371241e-15,0.8898827136805066,2.450691519415914e-15,3.998074634889098e-15,1.0,5000,1.0,1.0,6.310887241768096e-30,1.2649433338083328e-06,False,False,False,True
Capacitance,43,tcad_direct,direct_tcad,polynomial,3,41600,6400,9600,6400,1e-08,5.32997784387449e-16,0.0478021000162698,0.1916390000842511,120,5285,137,artifacts\results\multi_teacher_symbolic_pareto_10split\seed_43\Capacitance\exports\Capacitance\tcad_direct\polynomial_3\formula.json,artifacts\results\multi_teacher_symbolic_pareto_10split\seed_43\Capacitance\exports\Capacitance\tcad_direct\polynomial_3\formula.va,,,,,5.229151128760005e-16,0.9746782262684374,1.0499136493734489e-15,1.844916214337812e-15,1.0,5000,1.0,1.0,1.262177448353619e-29,4.6822166671821225e-06,False,False,False,True
Capacitance,43,tcad_direct,direct_tcad,additive_spline,4,41600,6400,9600,6400,0.0001,3.3448373436604227e-16,0.030592399998568,0.1242385999648831,36,8649,227,artifacts\results\multi_teacher_symbolic_pareto_10split\seed_43\Capacitance\exports\Capacitance\tcad_direct\additive_spline_4\formula.json,artifacts\results\multi_teacher_symbolic_pareto_10split\seed_43\Capacitance\exports\Capacitance\tcad_direct\additive_spline_4\formula.va,,,,,2.9096173811491755e-16,0.992160226759388,5.436993974268535e-16,2.3945372597949373e-15,1.0,5000,1.0,1.0,4.4176210692376655e-29,1.5319999850665529e-07,False,False,False,True
Capacitance,43,tcad_direct,direct_tcad,additive_spline,6,41600,6400,9600,6400,1e-08,3.0098194333278755e-16,0.0336927999742329,0.1382277000811882,50,10216,269,artifacts\results\multi_teacher_symbolic_pareto_10split\seed_43\Capacitance\exports\Capacitance\tcad_direct\additive_spline_6\formula.json,artifacts\results\multi_teacher_symbolic_pareto_10split\seed_43\Capacitance\exports\Capacitance\tcad_direct\additive_spline_6\formula.va,,,,,2.537961436934557e-16,0.9940351191317008,4.3302701262389667e-16,2.548768042486332e-15,1.0,5000,1.0,1.0,3.786532345060857e-29,1.5041333390399816e-07,False,False,False,False
Capacitance,43,tcad_direct,direct_tcad,additive_spline,8,41600,6400,9600,6400,0.0001,2.9582734065304973e-16,0.0451082999934442,0.1752812999184243,64,11764,311,artifacts\results\multi_teacher_symbolic_pareto_10split\seed_43\Capacitance\exports\Capacitance\tcad_direct\additive_spline_8\formula.json,artifacts\results\multi_teacher_symbolic_pareto_10split\seed_43\Capacitance\exports\Capacitance\tcad_direct\additive_spline_8\formula.va,,,,,2.478218953675153e-16,0.9943126352121824,4.528537928376704e-16,2.5786142693043437e-15,1.0,5000,1.0,1.0,2.524354896707238e-29,1.6780333244241777e-07,False,False,False,False
I_dark,44,bkan_parameter_mean,teacher_distillation,polynomial,1,1560,240,360,240,1e-08,0.0477092690975814,0.0009899999713525,0.0031902999035082,7,816,23,artifacts\results\multi_teacher_symbolic_pareto_10split\seed_44\I_dark\exports\I_dark\bkan_parameter_mean\polynomial_1\formula.json,artifacts\results\multi_teacher_symbolic_pareto_10split\seed_44\I_dark\exports\I_dark\bkan_parameter_mean\polynomial_1\formula.va,0.0468956438077247,0.9177428734206298,0.1199125074985764,0.1461473691065666,0.0472568655520984,0.917640218521765,0.1240875497411518,0.149060359571723,1.0,5000,1.0,1.0,8.881784197001252e-16,1.648900002085914e-07,False,False,True,True
I_dark,44,bkan_parameter_mean,teacher_distillation,polynomial,2,1560,240,360,240,1e-08,0.0207521301794199,0.0010803000186569,0.0036494000232778,28,1588,44,artifacts\results\multi_teacher_symbolic_pareto_10split\seed_44\I_dark\exports\I_dark\bkan_parameter_mean\polynomial_2\formula.json,artifacts\results\multi_teacher_symbolic_pareto_10split\seed_44\I_dark\exports\I_dark\bkan_parameter_mean\polynomial_2\formula.va,0.0203976477583983,0.9844378819559696,0.0474520624488788,0.0598800485362884,0.0207650880629619,0.9840979572984702,0.0513622938651893,0.0634630387070736,1.0,5000,1.0,1.0,8.881784197001252e-16,1.122810000864168e-06,False,False,False,True
I_dark,44,bkan_parameter_mean,teacher_distillation,polynomial,3,1560,240,360,240,1e-08,0.0108372001011241,0.00166559999343,0.0068837999715469,84,3639,100,artifacts\results\multi_teacher_symbolic_pareto_10split\seed_44\I_dark\exports\I_dark\bkan_parameter_mean\polynomial_3\formula.json,artifacts\results\multi_teacher_symbolic_pareto_10split\seed_44\I_dark\exports\I_dark\bkan_parameter_mean\polynomial_3\formula.va,0.0112045738361422,0.9953043121896156,0.021992218755517,0.034386893343373,0.0116942173674813,0.9949565504029536,0.0241098113190289,0.0304181046640534,1.0,5000,1.0,1.0,8.881784197001252e-16,3.906619998936852e-06,False,False,False,True
I_dark,44,bkan_parameter_mean,teacher_distillation,additive_spline,4,1560,240,360,240,1e-08,0.0048969597368803,0.0017239000299014,0.0056675000232644,31,7122,196,artifacts\results\multi_teacher_symbolic_pareto_10split\seed_44\I_dark\exports\I_dark\bkan_parameter_mean\additive_spline_4\formula.json,artifacts\results\multi_teacher_symbolic_pareto_10split\seed_44\I_dark\exports\I_dark\bkan_parameter_mean\additive_spline_4\formula.va,0.0055882407019807,0.9988319572501684,0.0120582567855675,0.019574963645331,0.0051455286029802,0.9990235604672586,0.012303413211441,0.0208051991393816,1.0,5000,1.0,1.0,1.7763568394002505e-15,1.2988666615759332e-07,False,False,True,True
I_dark,44,bkan_parameter_mean,teacher_distillation,additive_spline,6,1560,240,360,240,1e-08,0.0035379681442333,0.0020318999886512,0.0063172000809572,43,8359,232,artifacts\results\multi_teacher_symbolic_pareto_10split\seed_44\I_dark\exports\I_dark\bkan_parameter_mean\additive_spline_6\formula.json,artifacts\results\multi_teacher_symbolic_pareto_10split\seed_44\I_dark\exports\I_dark\bkan_parameter_mean\additive_spline_6\formula.va,0.0043557661176759,0.9992903607400496,0.0098491122698785,0.0176963301497927,0.0034988214648827,0.9995485299705572,0.0067981483853812,0.0172459136571561,1.0,5000,1.0,1.0,1.7763568394002505e-15,1.2989666623373826e-07,False,False,True,True
I_dark,44,bkan_parameter_mean,teacher_distillation,additive_spline,8,1560,240,360,240,0.0001,0.0035897428597587,0.001501000020653,0.0063943000277504,55,9567,268,artifacts\results\multi_teacher_symbolic_pareto_10split\seed_44\I_dark\exports\I_dark\bkan_parameter_mean\additive_spline_8\formula.json,artifacts\results\multi_teacher_symbolic_pareto_10split\seed_44\I_dark\exports\I_dark\bkan_parameter_mean\additive_spline_8\formula.va,0.0045213398459126,0.9992353849648976,0.0099814177802658,0.0177230254346101,0.0036418006769318,0.9995108774276212,0.008106155133616,0.0181432963318348,1.0,5000,1.0,1.0,1.7763568394002505e-15,1.5095333219505845e-07,False,False,False,False
I_dark,44,dkan,teacher_distillation,polynomial,1,1560,240,360,240,0.01,0.0511481779774489,0.0005141000146977,0.0024696000036783,7,815,23,artifacts\results\multi_teacher_symbolic_pareto_10split\seed_44\I_dark\exports\I_dark\dkan\polynomial_1\formula.json,artifacts\results\multi_teacher_symbolic_pareto_10split\seed_44\I_dark\exports\I_dark\dkan\polynomial_1\formula.va,0.0517215258484986,0.9006925980469536,0.1047883913470567,0.1693676655490312,0.0472864187522059,0.9175371750315702,0.1212714415994841,0.1514800855799301,1.0,5000,1.0,1.0,8.881784197001252e-16,1.4951333287172018e-07,False,False,False,True
I_dark,44,dkan,teacher_distillation,polynomial,2,1560,240,360,240,0.01,0.0266273647778467,0.0008191000088118,0.0037543000653386,28,1584,44,artifacts\results\multi_teacher_symbolic_pareto_10split\seed_44\I_dark\exports\I_dark\dkan\polynomial_2\formula.json,artifacts\results\multi_teacher_symbolic_pareto_10split\seed_44\I_dark\exports\I_dark\dkan\polynomial_2\formula.va,0.0291808821110506,0.9683891775766268,0.0611797315939623,0.0914461677885789,0.021039962711569,0.9836741691538632,0.0473119327410546,0.067057437823399,1.0,5000,1.0,1.0,8.881784197001252e-16,9.113966661971062e-07,False,False,False,False
I_dark,44,dkan,teacher_distillation,polynomial,3,1560,240,360,240,1e-08,0.0201094008996086,0.001532300026156,0.0050785999628715,84,3630,100,artifacts\results\multi_teacher_symbolic_pareto_10split\seed_44\I_dark\exports\I_dark\dkan\polynomial_3\formula.json,artifacts\results\multi_teacher_symbolic_pareto_10split\seed_44\I_dark\exports\I_dark\dkan\polynomial_3\formula.va,0.0259313481842319,0.975037438029042,0.0527642138931543,0.0741578640743201,0.0147576440473875,0.9919680790995504,0.0296845933825712,0.0505896376813774,1.0,5000,1.0,1.0,8.881784197001252e-16,2.96919999915796e-06,False,False,False,True
I_dark,44,dkan,teacher_distillation,additive_spline,4,1560,240,360,240,1e-08,0.0189377093578977,0.0016947000403888,0.0056480000494048,31,7090,196,artifacts\results\multi_teacher_symbolic_pareto_10split\seed_44\I_dark\exports\I_dark\dkan\additive_spline_4\formula.json,artifacts\results\multi_teacher_symbolic_pareto_10split\seed_44\I_dark\exports\I_dark\dkan\additive_spline_4\formula.va,0.020517032920499,0.9843732712559656,0.0378257714283414,0.0505937894172916,0.0053007185041322,0.998963773143698,0.0149379145272871,0.024350981625858,1.0,5000,1.0,1.0,1.7763568394002505e-15,1.2807666595714788e-07,False,False,False,True
I_dark,44,dkan,teacher_distillation,additive_spline,6,1560,240,360,240,1e-08,0.0186276713016876,0.0017527000163681,0.006206199992448,43,8302,232,artifacts\results\multi_teacher_symbolic_pareto_10split\seed_44\I_dark\exports\I_dark\dkan\additive_spline_6\formula.json,artifacts\results\multi_teacher_symbolic_pareto_10split\seed_44\I_dark\exports\I_dark\dkan\additive_spline_6\formula.va,0.0207500692645686,0.9840162725888234,0.0381465642470883,0.0555645136597604,0.0046234547187847,0.9992116508966598,0.0114636338661242,0.0229940431870829,1.0,5000,1.0,1.0,8.881784197001252e-16,1.4702666667290033e-07,False,False,False,True
I_dark,44,dkan,teacher_distillation,additive_spline,8,1560,240,360,240,1e-08,0.0185517285062112,0.001835899951402,0.006691199960187,55,9410,268,artifacts\results\multi_teacher_symbolic_pareto_10split\seed_44\I_dark\exports\I_dark\dkan\additive_spline_8\formula.json,artifacts\results\multi_teacher_symbolic_pareto_10split\seed_44\I_dark\exports\I_dark\dkan\additive_spline_8\formula.va,0.020741544870532,0.9840294025308916,0.0381927716039716,0.0531518484140374,0.0060883047796246,0.9986329697310866,0.0148682616752082,0.025411990519859,1.0,5000,1.0,1.0,1.7763568394002505e-15,1.6852000068562725e-07,False,False,False,False
I_dark,44,mlp_l,teacher_distillation,polynomial,1,1560,240,360,240,0.01,0.0438139040401482,0.0005295999580994,0.0025554999010637,7,816,23,artifacts\results\multi_teacher_symbolic_pareto_10split\seed_44\I_dark\exports\I_dark\mlp_l\polynomial_1\formula.json,artifacts\results\multi_teacher_symbolic_pareto_10split\seed_44\I_dark\exports\I_dark\mlp_l\polynomial_1\formula.va,0.042785264661086,0.9295968537694588,0.0792602011651035,0.0996321165317795,0.0472767419179249,0.9175709224568228,0.1209642508639048,0.1488273984092893,1.0,5000,1.0,1.0,8.881784197001252e-16,1.5980333361464245e-07,False,False,False,False
I_dark,44,mlp_l,teacher_distillation,polynomial,2,1560,240,360,240,1e-08,0.0072772367976963,0.0009608999826014,0.0031425000051967,28,1575,44,artifacts\results\multi_teacher_symbolic_pareto_10split\seed_44\I_dark\exports\I_dark\mlp_l\polynomial_2\formula.json,artifacts\results\multi_teacher_symbolic_pareto_10split\seed_44\I_dark\exports\I_dark\mlp_l\polynomial_2\formula.va,0.0077563113096716,0.9976862624996836,0.0122771403486719,0.0251792739730554,0.0209634755284375,0.9837926529252148,0.0490716849650077,0.0616550828912263,1.0,5000,1.0,1.0,8.881784197001252e-16,9.221866668667644e-07,False,False,False,True
I_dark,44,mlp_l,teacher_distillation,polynomial,3,1560,240,360,240,0.01,0.0012988086053518,0.0012111999676562,0.0052630000282078,84,3644,100,artifacts\results\multi_teacher_symbolic_pareto_10split\seed_44\I_dark\exports\I_dark\mlp_l\polynomial_3\formula.json,artifacts\results\multi_teacher_symbolic_pareto_10split\seed_44\I_dark\exports\I_dark\mlp_l\polynomial_3\formula.va,0.0015720498068041,0.9999049534789513,0.0031114330327358,0.0065086171269816,0.0155335045102241,0.9911013473155836,0.0402953454280689,0.0479950784123373,1.0,5000,1.0,1.0,8.881784197001252e-16,2.993590000551194e-06,False,False,False,False
I_dark,44,mlp_l,teacher_distillation,additive_spline,4,1560,240,360,240,1e-08,0.00373742260657,0.0017073000199161,0.0057330999989062,31,7134,196,artifacts\results\multi_teacher_symbolic_pareto_10split\seed_44\I_dark\exports\I_dark\mlp_l\additive_spline_4\formula.json,artifacts\results\multi_teacher_symbolic_pareto_10split\seed_44\I_dark\exports\I_dark\mlp_l\additive_spline_4\formula.va,0.0048668833791797,0.9990890270077156,0.0096123024521132,0.014549673405658,0.0160884569765461,0.9904541600667308,0.0330952445192818,0.0602074219991202,1.0,5000,1.0,1.0,1.7763568394002505e-15,1.5536666808960338e-07,False,False,False,False
I_dark,44,mlp_l,teacher_distillation,additive_spline,6,1560,240,360,240,0.0001,0.0037310710656256,0.0014377000043168,0.0064983000047504,43,8365,232,artifacts\results\multi_teacher_symbolic_pareto_10split\seed_44\I_dark\exports\I_dark\mlp_l\additive_spline_6\formula.json,artifacts\results\multi_teacher_symbolic_pareto_10split\seed_44\I_dark\exports\I_dark\mlp_l\additive_spline_6\formula.va,0.005013196476964,0.9990334305294444,0.0101982640062114,0.0144645731088175,0.0161612859721156,0.9903675405136636,0.0334732568182345,0.059998141671282,1.0,5000,1.0,1.0,8.881784197001252e-16,1.3400666842547556e-07,False,False,False,False
I_dark,44,mlp_l,teacher_distillation,additive_spline,8,1560,240,360,240,0.0001,0.0037940292225324,0.0017264999914914,0.0070698999916203,55,9571,268,artifacts\results\multi_teacher_symbolic_pareto_10split\seed_44\I_dark\exports\I_dark\mlp_l\additive_spline_8\formula.json,artifacts\results\multi_teacher_symbolic_pareto_10split\seed_44\I_dark\exports\I_dark\mlp_l\additive_spline_8\formula.va,0.005118532154069,0.9989923853023888,0.0107291560839841,0.0137284848235603,0.0162088877881589,0.9903107136204752,0.0330501962100653,0.0606424117736263,1.0,5000,1.0,1.0,1.7763568394002505e-15,1.3232000055722892e-07,False,False,False,False
I_dark,44,tcad_direct,direct_tcad,polynomial,1,1560,240,360,240,0.01,0.0479696343221836,0.0005261999904178,0.0024712999584153,7,816,23,artifacts\results\multi_teacher_symbolic_pareto_10split\seed_44\I_dark\exports\I_dark\tcad_direct\polynomial_1\formula.json,artifacts\results\multi_teacher_symbolic_pareto_10split\seed_44\I_dark\exports\I_dark\tcad_direct\polynomial_1\formula.va,,,,,0.0472774463074182,0.9175684661704396,0.1232571235370595,0.1464100815380318,1.0,5000,1.0,1.0,8.881784197001252e-16,1.489299989771098e-07,False,False,False,False
I_dark,44,tcad_direct,direct_tcad,polynomial,2,1560,240,360,240,0.01,0.0210769912025495,0.0007068999693728,0.0034562000073492,28,1591,44,artifacts\results\multi_teacher_symbolic_pareto_10split\seed_44\I_dark\exports\I_dark\tcad_direct\polynomial_2\formula.json,artifacts\results\multi_teacher_symbolic_pareto_10split\seed_44\I_dark\exports\I_dark\tcad_direct\polynomial_2\formula.va,,,,,0.0206800516423824,0.9842279335296658,0.0488061740332555,0.0612519226359493,1.0,5000,1.0,1.0,8.881784197001252e-16,1.0954933318619926e-06,False,False,True,True
I_dark,44,tcad_direct,direct_tcad,polynomial,3,1560,240,360,240,1e-08,0.0110665278678672,0.0016357999993488,0.0051378000061959,84,3649,100,artifacts\results\multi_teacher_symbolic_pareto_10split\seed_44\I_dark\exports\I_dark\tcad_direct\polynomial_3\formula.json,artifacts\results\multi_teacher_symbolic_pareto_10split\seed_44\I_dark\exports\I_dark\tcad_direct\polynomial_3\formula.va,,,,,0.0107695898201911,0.9957225623652866,0.02164447892985,0.026958379771897,1.0,5000,1.0,1.0,8.881784197001252e-16,2.9875733326965324e-06,False,False,False,True
I_dark,44,tcad_direct,direct_tcad,additive_spline,4,1560,240,360,240,1e-08,0.004932869837439,0.0016737999976612,0.0058731999015435,31,7140,196,artifacts\results\multi_teacher_symbolic_pareto_10split\seed_44\I_dark\exports\I_dark\tcad_direct\additive_spline_4\formula.json,artifacts\results\multi_teacher_symbolic_pareto_10split\seed_44\I_dark\exports\I_dark\tcad_direct\additive_spline_4\formula.va,,,,,0.005193877791497,0.9990051243205276,0.0106848271502627,0.0178496987958451,1.0,5000,1.0,1.0,1.7763568394002505e-15,1.2842333332325022e-07,False,False,False,False
I_dark,44,tcad_direct,direct_tcad,additive_spline,6,1560,240,360,240,1e-08,0.0031509187978818,0.0017497999942861,0.006098500045482,43,8372,232,artifacts\results\multi_teacher_symbolic_pareto_10split\seed_44\I_dark\exports\I_dark\tcad_direct\additive_spline_6\formula.json,artifacts\results\multi_teacher_symbolic_pareto_10split\seed_44\I_dark\exports\I_dark\tcad_direct\additive_spline_6\formula.va,,,,,0.0036582844850411,0.9995064395958236,0.0072925736476744,0.0148977357595017,1.0,5000,1.0,1.0,1.7763568394002505e-15,1.2882666584725182e-07,False,False,False,False
I_dark,44,tcad_direct,direct_tcad,additive_spline,8,1560,240,360,240,1e-08,0.0031767094985458,0.0022996999905444,0.0076659999904222,55,9616,268,artifacts\results\multi_teacher_symbolic_pareto_10split\seed_44\I_dark\exports\I_dark\tcad_direct\additive_spline_8\formula.json,artifacts\results\multi_teacher_symbolic_pareto_10split\seed_44\I_dark\exports\I_dark\tcad_direct\additive_spline_8\formula.va,,,,,0.0036032583867198,0.999521175710292,0.0069744493494909,0.0149336853174011,1.0,5000,1.0,1.0,1.7763568394002505e-15,1.3171666845058402e-07,False,False,False,False
I_photo,44,bkan_parameter_mean,teacher_distillation,polynomial,1,1664,256,384,256,1e-08,0.0065977776738931,0.0008922000415623,0.0026537000667303,7,822,23,artifacts\results\multi_teacher_symbolic_pareto_10split\seed_44\I_photo\exports\I_photo\bkan_parameter_mean\polynomial_1\formula.json,artifacts\results\multi_teacher_symbolic_pareto_10split\seed_44\I_photo\exports\I_photo\bkan_parameter_mean\polynomial_1\formula.va,0.0068142699971233,0.9075214558394612,0.0120488156909797,0.0211741274181869,0.0075540837718277,0.8880320607138471,0.0138095489416876,0.0222790214486088,1.0,5000,1.0,1.0,0.0,1.5453333229136966e-07,False,False,True,True
I_photo,44,bkan_parameter_mean,teacher_distillation,polynomial,2,1664,256,384,256,0.01,0.003027962953771,0.0009558000019751,0.0043896998977288,28,1600,44,artifacts\results\multi_teacher_symbolic_pareto_10split\seed_44\I_photo\exports\I_photo\bkan_parameter_mean\polynomial_2\formula.json,artifacts\results\multi_teacher_symbolic_pareto_10split\seed_44\I_photo\exports\I_photo\bkan_parameter_mean\polynomial_2\formula.va,0.0034599473326615,0.97615807674761,0.0065242215969535,0.0106267994162525,0.0046920994050086,0.9568019144073632,0.0084183381350854,0.0117316934466744,1.0,5000,1.0,1.0,4.440892098500626e-16,1.3670066682000957e-06,False,False,True,True
I_photo,44,bkan_parameter_mean,teacher_distillation,polynomial,3,1664,256,384,256,0.01,0.0057544298418121,0.0020179999992251,0.008394600066822,84,3663,100,artifacts\results\multi_teacher_symbolic_pareto_10split\seed_44\I_photo\exports\I_photo\bkan_parameter_mean\polynomial_3\formula.json,artifacts\results\multi_teacher_symbolic_pareto_10split\seed_44\I_photo\exports\I_photo\bkan_parameter_mean\polynomial_3\formula.va,0.0045985321784877,0.957884615570931,0.0113238955229905,0.0132321116766851,0.0054474365413889,0.9417743357922534,0.0110932398002175,0.0137022812357701,1.0,5000,1.0,1.0,4.440892098500626e-16,3.855546666697289e-06,False,False,False,False
I_photo,44,bkan_parameter_mean,teacher_distillation,additive_spline,4,1664,256,384,256,1e-08,0.0023100384429386,0.0017758000176399,0.0058524999767541,31,7131,196,artifacts\results\multi_teacher_symbolic_pareto_10split\seed_44\I_photo\exports\I_photo\bkan_parameter_mean\additive_spline_4\formula.json,artifacts\results\multi_teacher_symbolic_pareto_10split\seed_44\I_photo\exports\I_photo\bkan_parameter_mean\additive_spline_4\formula.va,0.0027921933214674,0.984472795331735,0.0046700750354926,0.0062479462223246,0.0042750607954395,0.9641396369252748,0.0075517426616397,0.0090475309256583,1.0,5000,1.0,1.0,8.881784197001252e-16,1.2917333321335416e-07,False,False,True,True
I_photo,44,bkan_parameter_mean,teacher_distillation,additive_spline,6,1664,256,384,256,0.01,0.0018943491519469,0.001970799989067,0.0072477999492548,43,8365,232,artifacts\results\multi_teacher_symbolic_pareto_10split\seed_44\I_photo\exports\I_photo\bkan_parameter_mean\additive_spline_6\formula.json,artifacts\results\multi_teacher_symbolic_pareto_10split\seed_44\I_photo\exports\I_photo\bkan_parameter_mean\additive_spline_6\formula.va,0.0025591491234512,0.9869565194124624,0.0041969345961121,0.0056884546220028,0.0041010072929141,0.9670002100765192,0.007056972545784,0.0087316289734933,1.0,5000,1.0,1.0,8.881784197001252e-16,1.345933337385456e-07,False,False,True,True
I_photo,44,bkan_parameter_mean,teacher_distillation,additive_spline,8,1664,256,384,256,0.01,0.0022653648048022,0.0016229999600909,0.0072285999776795,55,9568,268,artifacts\results\multi_teacher_symbolic_pareto_10split\seed_44\I_photo\exports\I_photo\bkan_parameter_mean\additive_spline_8\formula.json,artifacts\results\multi_teacher_symbolic_pareto_10split\seed_44\I_photo\exports\I_photo\bkan_parameter_mean\additive_spline_8\formula.va,0.0022549018165863,0.9898735416083352,0.0041888826342921,0.0050531648638156,0.0037362448364226,0.9726094503337406,0.0066361615880647,0.0086103062632516,1.0,5000,1.0,1.0,8.881784197001252e-16,1.3354000014563404e-07,False,False,True,True
I_photo,44,dkan,teacher_distillation,polynomial,1,1664,256,384,256,0.01,0.0069241983082744,0.0005710000405088,0.0026719000306911,7,824,23,artifacts\results\multi_teacher_symbolic_pareto_10split\seed_44\I_photo\exports\I_photo\dkan\polynomial_1\formula.json,artifacts\results\multi_teacher_symbolic_pareto_10split\seed_44\I_photo\exports\I_photo\dkan\polynomial_1\formula.va,0.0074782084514946,0.889989748398114,0.0145300793257773,0.0215776775545846,0.0075868135558728,0.8870597057262454,0.013901897175183,0.0224613191436002,1.0,5000,1.0,1.0,0.0,1.488633337430656e-07,False,False,False,False
I_photo,44,dkan,teacher_distillation,polynomial,2,1664,256,384,256,0.01,0.0031715647605831,0.0007648000027984,0.0032523000263608,28,1600,44,artifacts\results\multi_teacher_symbolic_pareto_10split\seed_44\I_photo\exports\I_photo\dkan\polynomial_2\formula.json,artifacts\results\multi_teacher_symbolic_pareto_10split\seed_44\I_photo\exports\I_photo\dkan\polynomial_2\formula.va,0.0042509030405354,0.9644532071894214,0.0080949224438068,0.0123101055264109,0.0048032036851896,0.954731917417276,0.0085066665542996,0.0116567659412183,1.0,5000,1.0,1.0,4.440892098500626e-16,9.357033316822102e-07,False,False,False,False
I_photo,44,dkan,teacher_distillation,polynomial,3,1664,256,384,256,0.01,0.0074658537521972,0.0016534000169485,0.0069103999994695,84,3658,100,artifacts\results\multi_teacher_symbolic_pareto_10split\seed_44\I_photo\exports\I_photo\dkan\polynomial_3\formula.json,artifacts\results\multi_teacher_symbolic_pareto_10split\seed_44\I_photo\exports\I_photo\dkan\polynomial_3\formula.va,0.0053648615326542,0.9433819302592648,0.0130619517873278,0.0163613053654612,0.0060643576710497,0.9278394711478466,0.0122960879610616,0.0164336136148262,1.0,5000,1.0,1.0,4.440892098500626e-16,2.991820000655328e-06,False,False,False,False
I_photo,44,dkan,teacher_distillation,additive_spline,4,1664,256,384,256,1e-08,0.0025882146649579,0.0017575999954715,0.0059417999582365,31,7131,196,artifacts\results\multi_teacher_symbolic_pareto_10split\seed_44\I_photo\exports\I_photo\dkan\additive_spline_4\formula.json,artifacts\results\multi_teacher_symbolic_pareto_10split\seed_44\I_photo\exports\I_photo\dkan\additive_spline_4\formula.va,0.0036506799998277,0.9737828452480828,0.0060324741086035,0.0076342907033839,0.0044569579465541,0.9610231116865208,0.0083657872612235,0.0101077201139587,1.0,5000,1.0,1.0,8.881784197001252e-16,1.2978666733639938e-07,False,False,False,False
I_photo,44,dkan,teacher_distillation,additive_spline,6,1664,256,384,256,0.0001,0.0019627796815541,0.0015088000218383,0.0070300000952556,43,8376,232,artifacts\results\multi_teacher_symbolic_pareto_10split\seed_44\I_photo\exports\I_photo\dkan\additive_spline_6\formula.json,artifacts\results\multi_teacher_symbolic_pareto_10split\seed_44\I_photo\exports\I_photo\dkan\additive_spline_6\formula.va,0.0036327142070529,0.9740402509878948,0.0061589155424407,0.0087817008542456,0.0043992973244539,0.9620250928143022,0.0083030158108448,0.009887943071702,1.0,5000,1.0,1.0,8.881784197001252e-16,1.323400007095188e-07,False,False,False,False
I_photo,44,dkan,teacher_distillation,additive_spline,8,1664,256,384,256,0.01,0.0024153591189771,0.0015595000004395,0.0066672999528236,55,9563,268,artifacts\results\multi_teacher_symbolic_pareto_10split\seed_44\I_photo\exports\I_photo\dkan\additive_spline_8\formula.json,artifacts\results\multi_teacher_symbolic_pareto_10split\seed_44\I_photo\exports\I_photo\dkan\additive_spline_8\formula.va,0.0032024242152101,0.9798258267295276,0.0054817345406219,0.0087587548160112,0.0040101248879,0.9684466199642506,0.0080060827902513,0.0103902917121883,1.0,5000,1.0,1.0,8.881784197001252e-16,1.469399993463109e-07,False,False,False,True
I_photo,44,mlp_l,teacher_distillation,polynomial,1,1664,256,384,256,1e-08,0.005905943676155,0.0008488000021316,0.0025076999445445,7,824,23,artifacts\results\multi_teacher_symbolic_pareto_10split\seed_44\I_photo\exports\I_photo\mlp_l\polynomial_1\formula.json,artifacts\results\multi_teacher_symbolic_pareto_10split\seed_44\I_photo\exports\I_photo\mlp_l\polynomial_1\formula.va,0.0059528240506669,0.9292459717172216,0.0107200850662954,0.0148694319210709,0.0075863604925512,0.8870731942815271,0.0137692483696461,0.0222483217283673,1.0,5000,1.0,1.0,4.440892098500626e-16,1.4636000075067082e-07,False,False,False,False
I_photo,44,mlp_l,teacher_distillation,polynomial,2,1664,256,384,256,0.01,0.000844178634402,0.0007312000379897,0.0035549999447539,28,1597,44,artifacts\results\multi_teacher_symbolic_pareto_10split\seed_44\I_photo\exports\I_photo\mlp_l\polynomial_2\formula.json,artifacts\results\multi_teacher_symbolic_pareto_10split\seed_44\I_photo\exports\I_photo\mlp_l\polynomial_2\formula.va,0.0008413882761128,0.9985864929104986,0.0013919469873715,0.0021976154601963,0.0048524194242402,0.9537994913452466,0.0087952893296374,0.0123520778425718,1.0,5000,1.0,1.0,4.440892098500626e-16,9.125400004753222e-07,False,False,False,True
I_photo,44,mlp_l,teacher_distillation,polynomial,3,1664,256,384,256,0.01,0.0001381303292216,0.001924299984239,0.0071154999895952,84,3667,100,artifacts\results\multi_teacher_symbolic_pareto_10split\seed_44\I_photo\exports\I_photo\mlp_l\polynomial_3\formula.json,artifacts\results\multi_teacher_symbolic_pareto_10split\seed_44\I_photo\exports\I_photo\mlp_l\polynomial_3\formula.va,0.0001440129956408,0.9999585896932917,0.000236058234764,0.0008211535881614,0.0045756624607739,0.9589192795412412,0.0077138803764861,0.0115028544464776,1.0,5000,1.0,1.0,4.440892098500626e-16,3.002226665072764e-06,False,False,False,True
I_photo,44,mlp_l,teacher_distillation,additive_spline,4,1664,256,384,256,1e-08,0.0009559601009914,0.0018327999860048,0.0062059999909251,31,7266,196,artifacts\results\multi_teacher_symbolic_pareto_10split\seed_44\I_photo\exports\I_photo\mlp_l\additive_spline_4\formula.json,artifacts\results\multi_teacher_symbolic_pareto_10split\seed_44\I_photo\exports\I_photo\mlp_l\additive_spline_4\formula.va,0.0013372019717643,0.9964297461584462,0.002910052900617,0.0040395543615088,0.0047029842285668,0.956601258414063,0.0084910669752742,0.0102577736055384,1.0,5000,1.0,1.0,8.881784197001252e-16,1.3035999921460946e-07,False,False,False,False
I_photo,44,mlp_l,teacher_distillation,additive_spline,6,1664,256,384,256,0.01,0.0012341888709013,0.0014470000169239,0.0061689000576734,43,8426,232,artifacts\results\multi_teacher_symbolic_pareto_10split\seed_44\I_photo\exports\I_photo\mlp_l\additive_spline_6\formula.json,artifacts\results\multi_teacher_symbolic_pareto_10split\seed_44\I_photo\exports\I_photo\mlp_l\additive_spline_6\formula.va,0.0014338432684157,0.9958950446085372,0.0031136114706126,0.0048000849407201,0.0046952302769759,0.9567442460646716,0.0083010254742843,0.0110521704736528,1.0,5000,1.0,1.0,8.881784197001252e-16,1.324233327371379e-07,False,False,False,False
I_photo,44,mlp_l,teacher_distillation,additive_spline,8,1664,256,384,256,1e-08,0.0014107963196291,0.0019226999720558,0.0067373000201769,55,9667,268,artifacts\results\multi_teacher_symbolic_pareto_10split\seed_44\I_photo\exports\I_photo\mlp_l\additive_spline_8\formula.json,artifacts\results\multi_teacher_symbolic_pareto_10split\seed_44\I_photo\exports\I_photo\mlp_l\additive_spline_8\formula.va,0.0015994623424403,0.9948919737828826,0.0034316706483357,0.0047923964404699,0.0044877346401889,0.9604829578406676,0.0075036203098668,0.0106676422521569,1.0,5000,1.0,1.0,8.881784197001252e-16,1.389500005946805e-07,False,False,False,False
I_photo,44,tcad_direct,direct_tcad,polynomial,1,1664,256,384,256,0.01,0.0071078274522666,0.0005232000257819,0.002439800009597,7,822,23,artifacts\results\multi_teacher_symbolic_pareto_10split\seed_44\I_photo\exports\I_photo\tcad_direct\polynomial_1\formula.json,artifacts\results\multi_teacher_symbolic_pareto_10split\seed_44\I_photo\exports\I_photo\tcad_direct\polynomial_1\formula.va,,,,,0.0076183114723492,0.8861199782728837,0.0138772500590803,0.0222397668802454,1.0,5000,1.0,1.0,4.440892098500626e-16,1.614899995426337e-07,False,False,False,False
I_photo,44,tcad_direct,direct_tcad,polynomial,2,1664,256,384,256,0.01,0.0047101774870094,0.000730299972929,0.0033247999381273,28,1600,44,artifacts\results\multi_teacher_symbolic_pareto_10split\seed_44\I_photo\exports\I_photo\tcad_direct\polynomial_2\formula.json,artifacts\results\multi_teacher_symbolic_pareto_10split\seed_44\I_photo\exports\I_photo\tcad_direct\polynomial_2\formula.va,,,,,0.0051793383573452,0.9473645113311584,0.0087792857045726,0.0123940101227302,1.0,5000,1.0,1.0,0.0,9.13076667347923e-07,False,False,False,False
I_photo,44,tcad_direct,direct_tcad,polynomial,3,1664,256,384,256,0.01,0.0114476717380832,0.0016336999833583,0.0068897999590262,84,3648,100,artifacts\results\multi_teacher_symbolic_pareto_10split\seed_44\I_photo\exports\I_photo\tcad_direct\polynomial_3\formula.json,artifacts\results\multi_teacher_symbolic_pareto_10split\seed_44\I_photo\exports\I_photo\tcad_direct\polynomial_3\formula.va,,,,,0.008309105241913,0.8645314097389942,0.0149246020587852,0.0161918270192931,1.0,5000,1.0,1.0,4.440892098500626e-16,3.1083999997160087e-06,False,False,False,False
I_photo,44,tcad_direct,direct_tcad,additive_spline,4,1664,256,384,256,0.01,0.0037010913731499,0.0016253000358119,0.0061471001245081,31,7137,196,artifacts\results\multi_teacher_symbolic_pareto_10split\seed_44\I_photo\exports\I_photo\tcad_direct\additive_spline_4\formula.json,artifacts\results\multi_teacher_symbolic_pareto_10split\seed_44\I_photo\exports\I_photo\tcad_direct\additive_spline_4\formula.va,,,,,0.0045355664297709,0.959636096768411,0.0084535543783146,0.0104057602887741,1.0,5000,1.0,1.0,8.881784197001252e-16,1.261033331199239e-07,False,False,False,False
I_photo,44,tcad_direct,direct_tcad,additive_spline,6,1664,256,384,256,0.01,0.0039988205896868,0.0016217999509535,0.0065703999134711,43,8363,232,artifacts\results\multi_teacher_symbolic_pareto_10split\seed_44\I_photo\exports\I_photo\tcad_direct\additive_spline_6\formula.json,artifacts\results\multi_teacher_symbolic_pareto_10split\seed_44\I_photo\exports\I_photo\tcad_direct\additive_spline_6\formula.va,,,,,0.0046714491821326,0.9571813126401594,0.0080637067498584,0.0100747121588993,1.0,5000,1.0,1.0,8.881784197001252e-16,1.2962333275936544e-07,False,False,False,False
I_photo,44,tcad_direct,direct_tcad,additive_spline,8,1664,256,384,256,0.01,0.0047622258656249,0.0015769999590702,0.0069706999347545,55,9553,268,artifacts\results\multi_teacher_symbolic_pareto_10split\seed_44\I_photo\exports\I_photo\tcad_direct\additive_spline_8\formula.json,artifacts\results\multi_teacher_symbolic_pareto_10split\seed_44\I_photo\exports\I_photo\tcad_direct\additive_spline_8\formula.va,,,,,0.0044054307053986,0.9619191318316688,0.0086047380517111,0.0103787481718939,1.0,5000,1.0,1.0,8.881784197001252e-16,1.3281666712524994e-07,False,False,False,False
AC_Response,44,bkan_parameter_mean,teacher_distillation,polynomial,1,2912,448,672,448,0.01,0.9116540724041576,0.0007703999872319,0.003500799939502,4,511,17,artifacts\results\multi_teacher_symbolic_pareto_10split\seed_44\AC_Response\exports\AC_Response\bkan_parameter_mean\polynomial_1\formula.json,artifacts\results\multi_teacher_symbolic_pareto_10split\seed_44\AC_Response\exports\AC_Response\bkan_parameter_mean\polynomial_1\formula.va,0.9125373028031052,0.8601600760297309,1.4525406569090444,1.6027403972522212,0.9188268950154984,0.857452850352298,1.5187847414759512,1.8680807358854377,1.0,5000,1.0,1.0,0.0,5.920000063876312e-08,False,False,False,False
AC_Response,44,bkan_parameter_mean,teacher_distillation,polynomial,2,2912,448,672,448,0.01,0.3044599595597792,0.0008005999843589,0.0030692999716848,10,684,23,artifacts\results\multi_teacher_symbolic_pareto_10split\seed_44\AC_Response\exports\AC_Response\bkan_parameter_mean\polynomial_2\formula.json,artifacts\results\multi_teacher_symbolic_pareto_10split\seed_44\AC_Response\exports\AC_Response\bkan_parameter_mean\polynomial_2\formula.va,0.304217723352193,0.984458284676864,0.5611906051955866,0.6038298614810822,0.3121680228915742,0.9835461335743926,0.5631496978372468,0.659503167065064,1.0,5000,1.0,1.0,2.664535259100376e-15,2.509066679825385e-07,False,False,False,False
AC_Response,44,bkan_parameter_mean,teacher_distillation,polynomial,3,2912,448,672,448,1e-08,0.1619881810493415,0.0012333000195212,0.0039269000408239,20,982,33,artifacts\results\multi_teacher_symbolic_pareto_10split\seed_44\AC_Response\exports\AC_Response\bkan_parameter_mean\polynomial_3\formula.json,artifacts\results\multi_teacher_symbolic_pareto_10split\seed_44\AC_Response\exports\AC_Response\bkan_parameter_mean\polynomial_3\formula.va,0.1615857320351582,0.9956153397619106,0.3085466117943187,0.3453866828500818,0.185692300984673,0.9941779097235616,0.3403081439064876,0.8711293748347231,1.0,5000,1.0,1.0,5.3290705182007506e-15,6.450266654913625e-07,False,False,False,True
AC_Response,44,bkan_parameter_mean,teacher_distillation,additive_spline,4,2912,448,672,448,0.0001,0.083235694088217,0.0014848999562673,0.0063608000054955,16,3569,103,artifacts\results\multi_teacher_symbolic_pareto_10split\seed_44\AC_Response\exports\AC_Response\bkan_parameter_mean\additive_spline_4\formula.json,artifacts\results\multi_teacher_symbolic_pareto_10split\seed_44\AC_Response\exports\AC_Response\bkan_parameter_mean\additive_spline_4\formula.va,0.0786403092530792,0.9989614668798724,0.1403507940207134,0.1698082354850967,0.1295276464566402,0.997167198860251,0.2326597101831179,0.6894470006909525,1.0,5000,1.0,1.0,2.720046410331633e-15,9.744999891457458e-08,False,False,False,False
AC_Response,44,bkan_parameter_mean,teacher_distillation,additive_spline,6,2912,448,672,448,1e-06,0.0841476412334656,0.0016740999999456,0.006992100039497,22,4159,121,artifacts\results\multi_teacher_symbolic_pareto_10split\seed_44\AC_Response\exports\AC_Response\bkan_parameter_mean\additive_spline_6\formula.json,artifacts\results\multi_teacher_symbolic_pareto_10split\seed_44\AC_Response\exports\AC_Response\bkan_parameter_mean\additive_spline_6\formula.va,0.0793496736400886,0.9989426464794467,0.1412875795323944,0.1691365942970812,0.1311465244390432,0.9970959458434,0.2354962462869803,0.7074139229563352,1.0,5000,1.0,1.0,1.7763568394002505e-15,9.85100011651715e-08,False,False,False,False
AC_Response,44,bkan_parameter_mean,teacher_distillation,additive_spline,8,2912,448,672,448,1e-06,0.0743872369727808,0.0018127000075764,0.0081076000351458,28,4740,139,artifacts\results\multi_teacher_symbolic_pareto_10split\seed_44\AC_Response\exports\AC_Response\bkan_parameter_mean\additive_spline_8\formula.json,artifacts\results\multi_teacher_symbolic_pareto_10split\seed_44\AC_Response\exports\AC_Response\bkan_parameter_mean\additive_spline_8\formula.va,0.0689657941056339,0.9992012747601836,0.1160681809159197,0.1493879992575187,0.1248018309878748,0.9973701374313644,0.2368378716330042,0.6843920707273821,1.0,5000,1.0,1.0,3.3653635433950058e-15,7.679333405879638e-08,False,False,False,False
AC_Response,44,dkan,teacher_distillation,polynomial,1,2912,448,672,448,1e-08,0.9152778907012888,0.0009929999941959,0.0031436999561265,4,512,17,artifacts\results\multi_teacher_symbolic_pareto_10split\seed_44\AC_Response\exports\AC_Response\dkan\polynomial_1\formula.json,artifacts\results\multi_teacher_symbolic_pareto_10split\seed_44\AC_Response\exports\AC_Response\dkan\polynomial_1\formula.va,0.9433068677960244,0.8388983474891349,1.480823528313198,2.540386401736635,0.9192945904477504,0.8573076965289625,1.5243515050677556,1.8466974712593125,1.0,5000,1.0,1.0,0.0,9.470666603495677e-08,False,False,False,False
AC_Response,44,dkan,teacher_distillation,polynomial,2,2912,448,672,448,1e-08,0.3099659866328794,0.001131199998781,0.0037464000051841,10,691,23,artifacts\results\multi_teacher_symbolic_pareto_10split\seed_44\AC_Response\exports\AC_Response\dkan\polynomial_2\formula.json,artifacts\results\multi_teacher_symbolic_pareto_10split\seed_44\AC_Response\exports\AC_Response\dkan\polynomial_2\formula.va,0.4433552428799836,0.9644124820126724,1.0259758054752903,1.2745817704936666,0.3173964746778395,0.9829903515752708,0.5826524447323786,0.8667675781126682,1.0,5000,1.0,1.0,2.664535259100376e-15,2.049833342122535e-07,False,False,False,False
AC_Response,44,dkan,teacher_distillation,polynomial,3,2912,448,672,448,1e-08,0.1602562726116481,0.0013723999727517,0.0039851999608799,20,989,33,artifacts\results\multi_teacher_symbolic_pareto_10split\seed_44\AC_Response\exports\AC_Response\dkan\polynomial_3\formula.json,artifacts\results\multi_teacher_symbolic_pareto_10split\seed_44\AC_Response\exports\AC_Response\dkan\polynomial_3\formula.va,0.3663370025819789,0.9757028364062724,1.07098674876391,1.4199247944850235,0.1909798684790685,0.9938416223222352,0.3502428526354757,0.9332220425794056,1.0,5000,1.0,1.0,4.440892098500626e-15,6.498466672686239e-07,False,False,False,False
AC_Response,44,dkan,teacher_distillation,additive_spline,4,2912,448,672,448,1e-08,0.085042269767755,0.0018929000361822,0.0064840000122785,16,3529,103,artifacts\results\multi_teacher_symbolic_pareto_10split\seed_44\AC_Response\exports\AC_Response\dkan\additive_spline_4\formula.json,artifacts\results\multi_teacher_symbolic_pareto_10split\seed_44\AC_Response\exports\AC_Response\dkan\additive_spline_4\formula.va,0.3620337400291923,0.9762703082780178,1.092441838058861,1.5926161746651712,0.1318765312620928,0.9970635259279456,0.2320280063724133,0.7324882421118968,1.0,5000,1.0,1.0,4.329869796038111e-15,9.569000103510917e-08,False,False,False,True
AC_Response,44,dkan,teacher_distillation,additive_spline,6,2912,448,672,448,1e-08,0.084449200971394,0.0018516000127419,0.0069045999553054,22,4147,121,artifacts\results\multi_teacher_symbolic_pareto_10split\seed_44\AC_Response\exports\AC_Response\dkan\additive_spline_6\formula.json,artifacts\results\multi_teacher_symbolic_pareto_10split\seed_44\AC_Response\exports\AC_Response\dkan\additive_spline_6\formula.va,0.3597087456225878,0.9765741155646342,1.0924348532964252,1.584815876786764,0.1341406180090024,0.9969618322774786,0.2155625602256039,0.7696089887245963,1.0,5000,1.0,1.0,3.552713678800501e-15,9.793000062927605e-08,False,False,False,False
AC_Response,44,dkan,teacher_distillation,additive_spline,8,2912,448,672,448,1e-08,0.074469232365221,0.0017491999897174,0.0063016000203788,28,4723,139,artifacts\results\multi_teacher_symbolic_pareto_10split\seed_44\AC_Response\exports\AC_Response\dkan\additive_spline_8\formula.json,artifacts\results\multi_teacher_symbolic_pareto_10split\seed_44\AC_Response\exports\AC_Response\dkan\additive_spline_8\formula.va,0.3575526512740077,0.9768541034377098,1.101850935684405,1.5564281612904138,0.1282980983119323,0.997220724634676,0.2380313457609142,0.7254183557232716,1.0,5000,1.0,1.0,2.484124017598788e-15,6.924333477703233e-08,False,False,False,False
AC_Response,44,mlp_l,teacher_distillation,polynomial,1,2912,448,672,448,0.01,0.8594162637780179,0.0005336999893188,0.0024267000262625,4,512,17,artifacts\results\multi_teacher_symbolic_pareto_10split\seed_44\AC_Response\exports\AC_Response\mlp_l\polynomial_1\formula.json,artifacts\results\multi_teacher_symbolic_pareto_10split\seed_44\AC_Response\exports\AC_Response\mlp_l\polynomial_1\formula.va,0.8639675267955422,0.8708114245036719,1.5283331648658534,1.6323965097286155,0.9197118468660614,0.8571781345971159,1.5325766002851169,1.841163865329162,1.0,5000,1.0,1.0,8.881784197001252e-16,5.5373333937798946e-08,False,False,False,False
AC_Response,44,mlp_l,teacher_distillation,polynomial,2,2912,448,672,448,0.01,0.2254057178877548,0.0006546999793499,0.0032960000098682,10,685,23,artifacts\results\multi_teacher_symbolic_pareto_10split\seed_44\AC_Response\exports\AC_Response\mlp_l\polynomial_2\formula.json,artifacts\results\multi_teacher_symbolic_pareto_10split\seed_44\AC_Response\exports\AC_Response\mlp_l\polynomial_2\formula.va,0.22740770861242,0.9910496578997012,0.4914156524959081,0.5377632387035867,0.3204497807668875,0.9826615169858294,0.5846890236625051,0.8516299920178394,1.0,5000,1.0,1.0,5.3290705182007506e-15,1.8616333254612985e-07,False,False,False,False
AC_Response,44,mlp_l,teacher_distillation,polynomial,3,2912,448,672,448,0.01,0.0232903244527695,0.0009258000063709,0.0037459000595845,20,989,33,artifacts\results\multi_teacher_symbolic_pareto_10split\seed_44\AC_Response\exports\AC_Response\mlp_l\polynomial_3\formula.json,artifacts\results\multi_teacher_symbolic_pareto_10split\seed_44\AC_Response\exports\AC_Response\mlp_l\polynomial_3\formula.va,0.0235906324806965,0.9999036817817042,0.0591501318516659,0.0920009910869712,0.1939507898759453,0.9936485300897332,0.3667119497104975,0.8225154117820521,1.0,5000,1.0,1.0,4.440892098500626e-15,4.127033345866949e-07,False,False,False,False
AC_Response,44,mlp_l,teacher_distillation,additive_spline,4,2912,448,672,448,0.0001,0.0185652025632127,0.0011701000039465,0.0050854999572038,16,3612,103,artifacts\results\multi_teacher_symbolic_pareto_10split\seed_44\AC_Response\exports\AC_Response\mlp_l\additive_spline_4\formula.json,artifacts\results\multi_teacher_symbolic_pareto_10split\seed_44\AC_Response\exports\AC_Response\mlp_l\additive_spline_4\formula.va,0.0252448218181246,0.9998897004119884,0.0542863459188588,0.1036347943975934,0.1910467231554591,0.9938373099471872,0.3630202644153008,0.8479130426233406,1.0,5000,1.0,1.0,3.1086244689504387e-15,6.669999953980248e-08,False,False,False,False
AC_Response,44,mlp_l,teacher_distillation,additive_spline,6,2912,448,672,448,1e-06,0.0178079427979495,0.001309199957177,0.005486799927894,22,4239,121,artifacts\results\multi_teacher_symbolic_pareto_10split\seed_44\AC_Response\exports\AC_Response\mlp_l\additive_spline_6\formula.json,artifacts\results\multi_teacher_symbolic_pareto_10split\seed_44\AC_Response\exports\AC_Response\mlp_l\additive_spline_6\formula.va,0.0246847040465366,0.999894540642724,0.0550211351117606,0.0917112084299338,0.1911584871316836,0.9938300973847272,0.3628791987785653,0.8508237112697801,1.0,5000,1.0,1.0,3.3584246494910985e-15,6.853333325125279e-08,False,False,False,False
AC_Response,44,mlp_l,teacher_distillation,additive_spline,8,2912,448,672,448,1e-06,0.0177997164651934,0.0014826999977231,0.0062737000407651,28,4831,139,artifacts\results\multi_teacher_symbolic_pareto_10split\seed_44\AC_Response\exports\AC_Response\mlp_l\additive_spline_8\formula.json,artifacts\results\multi_teacher_symbolic_pareto_10split\seed_44\AC_Response\exports\AC_Response\mlp_l\additive_spline_8\formula.va,0.0246662455967818,0.9998946983021746,0.0550802832759487,0.091901863502529,0.190985409486557,0.9938412649640264,0.3612620693258339,0.850834039585358,1.0,5000,1.0,1.0,3.774758283725532e-15,6.89266676393648e-08,False,False,False,False
AC_Response,44,tcad_direct,direct_tcad,polynomial,1,2912,448,672,448,0.01,0.918896150174718,0.0010773999965749,0.0029806999955326,4,509,17,artifacts\results\multi_teacher_symbolic_pareto_10split\seed_44\AC_Response\exports\AC_Response\tcad_direct\polynomial_1\formula.json,artifacts\results\multi_teacher_symbolic_pareto_10split\seed_44\AC_Response\exports\AC_Response\tcad_direct\polynomial_1\formula.va,,,,,0.9186057452350548,0.8575214606145265,1.508602442225101,1.8518242027690457,1.0,5000,1.0,1.0,1.7763568394002505e-15,5.905333285530408e-08,False,False,True,True
AC_Response,44,tcad_direct,direct_tcad,polynomial,2,2912,448,672,448,0.01,0.3136947045257517,0.0006838000263087,0.0031377000850625,10,681,23,artifacts\results\multi_teacher_symbolic_pareto_10split\seed_44\AC_Response\exports\AC_Response\tcad_direct\polynomial_2\formula.json,artifacts\results\multi_teacher_symbolic_pareto_10split\seed_44\AC_Response\exports\AC_Response\tcad_direct\polynomial_2\formula.va,,,,,0.3083171720144982,0.9839495738615164,0.5513539318567927,0.6222668582799185,1.0,5000,1.0,1.0,3.552713678800501e-15,2.0308333332650366e-07,False,False,True,True
AC_Response,44,tcad_direct,direct_tcad,polynomial,3,2912,448,672,448,1e-08,0.1719287808417129,0.0011528999893926,0.0035540999961085,20,987,33,artifacts\results\multi_teacher_symbolic_pareto_10split\seed_44\AC_Response\exports\AC_Response\tcad_direct\polynomial_3\formula.json,artifacts\results\multi_teacher_symbolic_pareto_10split\seed_44\AC_Response\exports\AC_Response\tcad_direct\polynomial_3\formula.va,,,,,0.1741865077664906,0.9948770494473084,0.3312665252001299,0.6016859304861173,1.0,5000,1.0,1.0,3.552713678800501e-15,4.211566663191965e-07,False,False,False,True
AC_Response,44,tcad_direct,direct_tcad,additive_spline,4,2912,448,672,448,0.0001,0.1024131647623714,0.0014832000015303,0.0054100000415928,16,3564,103,artifacts\results\multi_teacher_symbolic_pareto_10split\seed_44\AC_Response\exports\AC_Response\tcad_direct\additive_spline_4\formula.json,artifacts\results\multi_teacher_symbolic_pareto_10split\seed_44\AC_Response\exports\AC_Response\tcad_direct\additive_spline_4\formula.va,,,,,0.1268282480760498,0.9972840415189556,0.2291914912777507,0.6673914317962124,1.0,5000,1.0,1.0,3.1086244689504387e-15,6.605000041114787e-08,False,False,True,True
AC_Response,44,tcad_direct,direct_tcad,additive_spline,6,2912,448,672,448,0.01,0.10374031246818,0.0012409000191837,0.0053956000483594,22,4108,121,artifacts\results\multi_teacher_symbolic_pareto_10split\seed_44\AC_Response\exports\AC_Response\tcad_direct\additive_spline_6\formula.json,artifacts\results\multi_teacher_symbolic_pareto_10split\seed_44\AC_Response\exports\AC_Response\tcad_direct\additive_spline_6\formula.va,,,,,0.1287119444947169,0.997202765715852,0.220856340416583,0.6887716679771483,1.0,5000,1.0,1.0,1.7763568394002505e-15,6.69566662206004e-08,False,False,False,False
AC_Response,44,tcad_direct,direct_tcad,additive_spline,8,2912,448,672,448,0.0001,0.0962558293127559,0.0013824999914504,0.0058540999889373,28,4674,139,artifacts\results\multi_teacher_symbolic_pareto_10split\seed_44\AC_Response\exports\AC_Response\tcad_direct\additive_spline_8\formula.json,artifacts\results\multi_teacher_symbolic_pareto_10split\seed_44\AC_Response\exports\AC_Response\tcad_direct\additive_spline_8\formula.va,,,,,0.121974756632804,0.9974879339147084,0.2359197541407782,0.6700634933473539,1.0,5000,1.0,1.0,4.6629367034256575e-15,7.808666753893097e-08,False,False,True,True
Capacitance,44,bkan_parameter_mean,teacher_distillation,polynomial,1,41600,6400,9600,6400,0.01,1.9992282946874457e-15,0.0050762000028043,0.021310300042387,8,930,25,artifacts\results\multi_teacher_symbolic_pareto_10split\seed_44\Capacitance\exports\Capacitance\bkan_parameter_mean\polynomial_1\formula.json,artifacts\results\multi_teacher_symbolic_pareto_10split\seed_44\Capacitance\exports\Capacitance\bkan_parameter_mean\polynomial_1\formula.va,1.9872612431363797e-15,0.5957870103922711,5.308704053978264e-15,7.22184528450908e-15,1.9912677214868613e-15,0.5955252684296426,5.271786961651572e-15,7.323246189981495e-15,1.0,5000,1.0,1.0,6.310887241768096e-30,3.3145666820928454e-07,False,False,False,False
Capacitance,44,bkan_parameter_mean,teacher_distillation,polynomial,2,41600,6400,9600,6400,0.01,1.0985018489169094e-15,0.0145128999720327,0.0607484000502154,36,2017,53,artifacts\results\multi_teacher_symbolic_pareto_10split\seed_44\Capacitance\exports\Capacitance\bkan_parameter_mean\polynomial_2\formula.json,artifacts\results\multi_teacher_symbolic_pareto_10split\seed_44\Capacitance\exports\Capacitance\bkan_parameter_mean\polynomial_2\formula.va,1.0829104887082602e-15,0.8799712010084143,2.505577623754316e-15,3.7094270126683865e-15,1.0872953173634989e-15,0.8794056050104538,2.4846647994381152e-15,3.8392853306635016e-15,1.0,5000,1.0,1.0,6.310887241768096e-30,1.599900001504769e-06,False,False,False,True
Capacitance,44,bkan_parameter_mean,teacher_distillation,polynomial,3,41600,6400,9600,6400,1e-08,5.342340654252222e-16,0.0494320999714545,0.1962980999960564,120,5282,137,artifacts\results\multi_teacher_symbolic_pareto_10split\seed_44\Capacitance\exports\Capacitance\bkan_parameter_mean\polynomial_3\formula.json,artifacts\results\multi_teacher_symbolic_pareto_10split\seed_44\Capacitance\exports\Capacitance\bkan_parameter_mean\polynomial_3\formula.va,5.173148465722869e-16,0.9726088525800048,1.0362772797323165e-15,1.6867102798154658e-15,5.186100243057457e-16,0.9725644354109128,1.0272026498941734e-15,1.772439987031522e-15,1.0,5000,1.0,1.0,1.262177448353619e-29,4.789973333633194e-06,False,False,False,True
Capacitance,44,bkan_parameter_mean,teacher_distillation,additive_spline,4,41600,6400,9600,6400,0.01,3.4289877942825736e-16,0.0295906999963335,0.1216386000160127,36,8645,227,artifacts\results\multi_teacher_symbolic_pareto_10split\seed_44\Capacitance\exports\Capacitance\bkan_parameter_mean\additive_spline_4\formula.json,artifacts\results\multi_teacher_symbolic_pareto_10split\seed_44\Capacitance\exports\Capacitance\bkan_parameter_mean\additive_spline_4\formula.va,2.7241867214060995e-16,0.99240419016091,5.3625403962814285e-16,2.3014348863995437e-15,2.809091887966921e-16,0.9919505912974412,5.369855847234783e-16,2.48281347582113e-15,1.0,5000,1.0,1.0,3.786532345060857e-29,1.588866657887896e-07,False,False,False,True
Capacitance,44,bkan_parameter_mean,teacher_distillation,additive_spline,6,41600,6400,9600,6400,1e-08,3.091279869941654e-16,0.0360790000413544,0.1397026000777259,50,10198,269,artifacts\results\multi_teacher_symbolic_pareto_10split\seed_44\Capacitance\exports\Capacitance\bkan_parameter_mean\additive_spline_6\formula.json,artifacts\results\multi_teacher_symbolic_pareto_10split\seed_44\Capacitance\exports\Capacitance\bkan_parameter_mean\additive_spline_6\formula.va,2.351879519063751e-16,0.994338513441688,3.777685395442038e-16,2.473921179440116e-15,2.446576557305798e-16,0.9938940997110276,3.7867668713732044e-16,2.6552997688617025e-15,1.0,5000,1.0,1.0,3.1554436208840467e-29,1.542433339636773e-07,False,False,False,True
Capacitance,44,bkan_parameter_mean,teacher_distillation,additive_spline,8,41600,6400,9600,6400,1e-08,3.0370639568175373e-16,0.0420943000353872,0.1695060000638477,64,11726,311,artifacts\results\multi_teacher_symbolic_pareto_10split\seed_44\Capacitance\exports\Capacitance\bkan_parameter_mean\additive_spline_8\formula.json,artifacts\results\multi_teacher_symbolic_pareto_10split\seed_44\Capacitance\exports\Capacitance\bkan_parameter_mean\additive_spline_8\formula.va,2.297354564291603e-16,0.9945979774166718,3.6296470288737816e-16,2.5076680086994417e-15,2.3879331290151243e-16,0.9941833034301472,3.652258916606482e-16,2.6890465981210284e-15,1.0,5000,1.0,1.0,3.1554436208840467e-29,1.5261999991101524e-07,False,False,False,True
Capacitance,44,dkan,teacher_distillation,polynomial,1,41600,6400,9600,6400,0.01,1.939149828308053e-15,0.0035729000228457,0.0155705000506713,8,929,25,artifacts\results\multi_teacher_symbolic_pareto_10split\seed_44\Capacitance\exports\Capacitance\dkan\polynomial_1\formula.json,artifacts\results\multi_teacher_symbolic_pareto_10split\seed_44\Capacitance\exports\Capacitance\dkan\polynomial_1\formula.va,1.974530162234017e-15,0.5971879780295215,5.272004197579433e-15,6.7906620654716775e-15,1.9912875985764308e-15,0.5955171933521345,5.294094136243604e-15,7.400758895751004e-15,1.0,5000,1.0,1.0,6.310887241768096e-30,3.747566661331802e-07,False,False,False,False
Capacitance,44,dkan,teacher_distillation,polynomial,2,41600,6400,9600,6400,0.01,1.0393089801345693e-15,0.0136741999885998,0.0529405000270344,36,2016,53,artifacts\results\multi_teacher_symbolic_pareto_10split\seed_44\Capacitance\exports\Capacitance\dkan\polynomial_2\formula.json,artifacts\results\multi_teacher_symbolic_pareto_10split\seed_44\Capacitance\exports\Capacitance\dkan\polynomial_2\formula.va,1.065337084681879e-15,0.882740248487343,2.42170207683236e-15,3.582268463240591e-15,1.0883613361720928e-15,0.879169019951449,2.4922714705372797e-15,3.981654448827667e-15,1.0,5000,1.0,1.0,6.310887241768096e-30,1.3000899984035642e-06,False,False,False,True
Capacitance,44,dkan,teacher_distillation,polynomial,3,41600,6400,9600,6400,0.01,5.516207592433518e-16,0.0467113999766297,0.1899478999548591,120,5272,137,artifacts\results\multi_teacher_symbolic_pareto_10split\seed_44\Capacitance\exports\Capacitance\dkan\polynomial_3\formula.json,artifacts\results\multi_teacher_symbolic_pareto_10split\seed_44\Capacitance\exports\Capacitance\dkan\polynomial_3\formula.va,5.04528734208758e-16,0.9737005485543092,1.0648551676890793e-15,1.6044298457818124e-15,5.243926689661556e-16,0.9719491961757248,1.0842395064349549e-15,1.8961875301045653e-15,1.0,5000,1.0,1.0,1.262177448353619e-29,4.664960001052047e-06,False,False,False,True
Capacitance,44,dkan,teacher_distillation,additive_spline,4,41600,6400,9600,6400,0.01,3.077940080666829e-16,0.0296819999930448,0.1253704999689944,36,8643,227,artifacts\results\multi_teacher_symbolic_pareto_10split\seed_44\Capacitance\exports\Capacitance\dkan\additive_spline_4\formula.json,artifacts\results\multi_teacher_symbolic_pareto_10split\seed_44\Capacitance\exports\Capacitance\dkan\additive_spline_4\formula.va,2.430293260469104e-16,0.9938977184113515,5.163797464677868e-16,1.8473017728991817e-15,2.8198788311826644e-16,0.99188865297055,5.692008582821936e-16,2.3009064333717457e-15,1.0,5000,1.0,1.0,3.1554436208840467e-29,1.5200666772822538e-07,False,False,False,True
Capacitance,44,dkan,teacher_distillation,additive_spline,6,41600,6400,9600,6400,0.01,2.9820149700152217e-16,0.0351412000018172,0.139617700013332,50,10198,269,artifacts\results\multi_teacher_symbolic_pareto_10split\seed_44\Capacitance\exports\Capacitance\dkan\additive_spline_6\formula.json,artifacts\results\multi_teacher_symbolic_pareto_10split\seed_44\Capacitance\exports\Capacitance\dkan\additive_spline_6\formula.va,2.1289014757062922e-16,0.9953174113818728,4.1695229740942756e-16,1.989310674596452e-15,2.488858124366428e-16,0.993681232597454,4.1882845926185573e-16,2.445846222867704e-15,1.0,5000,1.0,1.0,2.2088105346188328e-29,1.4859333362740776e-07,False,False,False,False
Capacitance,44,dkan,teacher_distillation,additive_spline,8,41600,6400,9600,6400,0.01,2.859142526921574e-16,0.0428092000074684,0.1690114999655634,64,11771,311,artifacts\results\multi_teacher_symbolic_pareto_10split\seed_44\Capacitance\exports\Capacitance\dkan\additive_spline_8\formula.json,artifacts\results\multi_teacher_symbolic_pareto_10split\seed_44\Capacitance\exports\Capacitance\dkan\additive_spline_8\formula.va,2.114854862189896e-16,0.9953789995026272,3.951406272557683e-16,1.9955457127090807e-15,2.466683782754219e-16,0.9937933244313945,4.1514880749712477e-16,2.4520812609803324e-15,1.0,5000,1.0,1.0,2.524354896707238e-29,1.559433333265285e-07,False,False,False,False
Capacitance,44,mlp_l,teacher_distillation,polynomial,1,41600,6400,9600,6400,0.01,1.89446322085854e-15,0.0038548000156879,0.0164758000755682,8,930,25,artifacts\results\multi_teacher_symbolic_pareto_10split\seed_44\Capacitance\exports\Capacitance\mlp_l\polynomial_1\formula.json,artifacts\results\multi_teacher_symbolic_pareto_10split\seed_44\Capacitance\exports\Capacitance\mlp_l\polynomial_1\formula.va,1.922484701020837e-15,0.6109439885428646,4.433319497338838e-15,6.127901681431045e-15,1.9912726930463197e-15,0.5955232487387032,5.292650698856775e-15,7.392745376280857e-15,1.0,5000,1.0,1.0,6.310887241768096e-30,1.9585666595958174e-07,False,False,False,False
Capacitance,44,mlp_l,teacher_distillation,polynomial,2,41600,6400,9600,6400,0.01,8.982979791092973e-16,0.0141133000142872,0.0544679999584332,36,2026,53,artifacts\results\multi_teacher_symbolic_pareto_10split\seed_44\Capacitance\exports\Capacitance\mlp_l\polynomial_2\formula.json,artifacts\results\multi_teacher_symbolic_pareto_10split\seed_44\Capacitance\exports\Capacitance\mlp_l\polynomial_2\formula.va,8.94661855040145e-16,0.9157433500592131,1.641803361013024e-15,2.4815000659314047e-15,1.0909651886314809e-15,0.8785901636507247,2.462605676250552e-15,3.806008992717865e-15,1.0,5000,1.0,1.0,6.310887241768096e-30,1.4232666677950572e-06,False,False,False,False
Capacitance,44,mlp_l,teacher_distillation,polynomial,3,41600,6400,9600,6400,0.01,2.9208476516370716e-16,0.0492031000321731,0.2112413000431843,120,5289,137,artifacts\results\multi_teacher_symbolic_pareto_10split\seed_44\Capacitance\exports\Capacitance\mlp_l\polynomial_3\formula.json,artifacts\results\multi_teacher_symbolic_pareto_10split\seed_44\Capacitance\exports\Capacitance\mlp_l\polynomial_3\formula.va,2.825741706080831e-16,0.991594737746181,4.615265583463502e-16,5.979032209133628e-16,5.702339942463402e-16,0.9668305480574996,1.1488177399916249e-15,2.1397800629330064e-15,1.0,5000,1.0,1.0,1.262177448353619e-29,4.755343331877763e-06,False,False,False,False
Capacitance,44,mlp_l,teacher_distillation,additive_spline,4,41600,6400,9600,6400,0.01,3.1832558463953567e-16,0.030116599984467,0.1223051000270061,36,8654,227,artifacts\results\multi_teacher_symbolic_pareto_10split\seed_44\Capacitance\exports\Capacitance\mlp_l\additive_spline_4\formula.json,artifacts\results\multi_teacher_symbolic_pareto_10split\seed_44\Capacitance\exports\Capacitance\mlp_l\additive_spline_4\formula.va,2.0864700415022695e-16,0.9954174137051214,4.506828054954091e-16,1.5631618518567502e-15,4.451197530692134e-16,0.979789092124875,8.946821667624955e-16,2.4476150569490854e-15,1.0,5000,1.0,1.0,3.1554436208840467e-29,1.5716333291493357e-07,False,False,False,False
Capacitance,44,mlp_l,teacher_distillation,additive_spline,6,41600,6400,9600,6400,0.0001,3.152001914331689e-16,0.0371346999891102,0.1424772999598644,50,10202,269,artifacts\results\multi_teacher_symbolic_pareto_10split\seed_44\Capacitance\exports\Capacitance\mlp_l\additive_spline_6\formula.json,artifacts\results\multi_teacher_symbolic_pareto_10split\seed_44\Capacitance\exports\Capacitance\mlp_l\additive_spline_6\formula.va,2.0326066865400021e-16,0.9956509635740066,4.4154600011889374e-16,1.5238745260376061e-15,4.585993285996042e-16,0.9785464623471702,9.731463695539314e-16,2.410414126614088e-15,1.0,5000,1.0,1.0,2.524354896707238e-29,1.7241333262063566e-07,False,False,False,False
Capacitance,44,mlp_l,teacher_distillation,additive_spline,8,41600,6400,9600,6400,0.0001,3.1599290623431183e-16,0.0410650999983772,0.1697312999749556,64,11775,311,artifacts\results\multi_teacher_symbolic_pareto_10split\seed_44\Capacitance\exports\Capacitance\mlp_l\additive_spline_8\formula.json,artifacts\results\multi_teacher_symbolic_pareto_10split\seed_44\Capacitance\exports\Capacitance\mlp_l\additive_spline_8\formula.va,2.0297373381711958e-16,0.9956632336237696,4.378259692079492e-16,1.5144868755386552e-15,4.597580936479575e-16,0.9784379100007936,9.913759679203024e-16,2.430813366059683e-15,1.0,5000,1.0,1.0,2.524354896707238e-29,1.5255666609543066e-07,False,False,False,False
Capacitance,44,tcad_direct,direct_tcad,polynomial,1,41600,6400,9600,6400,0.01,2.001134497169988e-15,0.0039015999645926,0.0165631999843753,8,929,25,artifacts\results\multi_teacher_symbolic_pareto_10split\seed_44\Capacitance\exports\Capacitance\tcad_direct\polynomial_1\formula.json,artifacts\results\multi_teacher_symbolic_pareto_10split\seed_44\Capacitance\exports\Capacitance\tcad_direct\polynomial_1\formula.va,,,,,1.991229060083017e-15,0.5955409744132911,5.2811092677066446e-15,7.321230560914479e-15,1.0,5000,1.0,1.0,6.310887241768096e-30,1.8509333409989877e-07,False,False,True,True
Capacitance,44,tcad_direct,direct_tcad,polynomial,2,41600,6400,9600,6400,0.01,1.098029908338701e-15,0.0130016999901272,0.0543822000036016,36,2024,53,artifacts\results\multi_teacher_symbolic_pareto_10split\seed_44\Capacitance\exports\Capacitance\tcad_direct\polynomial_2\formula.json,artifacts\results\multi_teacher_symbolic_pareto_10split\seed_44\Capacitance\exports\Capacitance\tcad_direct\polynomial_2\formula.va,,,,,1.0871842426757664e-15,0.8794302428440892,2.5257165508117495e-15,3.8178178324953246e-15,1.0,5000,1.0,1.0,6.310887241768096e-30,1.2515333325912557e-06,False,False,False,True
Capacitance,44,tcad_direct,direct_tcad,polynomial,3,41600,6400,9600,6400,1e-08,5.294820672304997e-16,0.0478610999998636,0.1935645000194199,120,5285,137,artifacts\results\multi_teacher_symbolic_pareto_10split\seed_44\Capacitance\exports\Capacitance\tcad_direct\polynomial_3\formula.json,artifacts\results\multi_teacher_symbolic_pareto_10split\seed_44\Capacitance\exports\Capacitance\tcad_direct\polynomial_3\formula.va,,,,,5.183327547638488e-16,0.9725937638563888,1.0380345876891868e-15,1.7184896953762294e-15,1.0,5000,1.0,1.0,1.262177448353619e-29,4.603839999375244e-06,False,False,False,True
Capacitance,44,tcad_direct,direct_tcad,additive_spline,4,41600,6400,9600,6400,0.01,3.476183748180366e-16,0.0303611999843269,0.1219833000213839,36,8656,227,artifacts\results\multi_teacher_symbolic_pareto_10split\seed_44\Capacitance\exports\Capacitance\tcad_direct\additive_spline_4\formula.json,artifacts\results\multi_teacher_symbolic_pareto_10split\seed_44\Capacitance\exports\Capacitance\tcad_direct\additive_spline_4\formula.va,,,,,2.8040397365015743e-16,0.9919795189822204,5.429908510656801e-16,2.431906184851491e-15,1.0,5000,1.0,1.0,3.786532345060857e-29,1.4585000074778993e-07,False,False,True,True
Capacitance,44,tcad_direct,direct_tcad,additive_spline,6,41600,6400,9600,6400,0.01,3.164398618607298e-16,0.0349148999666795,0.1391410999349318,50,10209,269,artifacts\results\multi_teacher_symbolic_pareto_10split\seed_44\Capacitance\exports\Capacitance\tcad_direct\additive_spline_6\formula.json,artifacts\results\multi_teacher_symbolic_pareto_10split\seed_44\Capacitance\exports\Capacitance\tcad_direct\additive_spline_6\formula.va,,,,,2.438373188747605e-16,0.9939349772189904,3.72101972785888e-16,2.5887851939113657e-15,1.0,5000,1.0,1.0,2.524354896707238e-29,1.5323333209380508e-07,False,False,True,True
Capacitance,44,tcad_direct,direct_tcad,additive_spline,8,41600,6400,9600,6400,0.0001,3.1173174489745456e-16,0.0412755999714136,0.1693881999817676,64,11777,311,artifacts\results\multi_teacher_symbolic_pareto_10split\seed_44\Capacitance\exports\Capacitance\tcad_direct\additive_spline_8\formula.json,artifacts\results\multi_teacher_symbolic_pareto_10split\seed_44\Capacitance\exports\Capacitance\tcad_direct\additive_spline_8\formula.va,,,,,2.3799419461603594e-16,0.9942221692670468,3.6840879063551983e-16,2.6309199990201738e-15,1.0,5000,1.0,1.0,3.470987982972452e-29,1.5359333289476733e-07,False,False,True,True
I_dark,45,bkan_parameter_mean,teacher_distillation,polynomial,1,1560,240,360,240,1e-08,0.0467580341234902,0.0010196999646723,0.003142699948512,7,813,23,artifacts\results\multi_teacher_symbolic_pareto_10split\seed_45\I_dark\exports\I_dark\bkan_parameter_mean\polynomial_1\formula.json,artifacts\results\multi_teacher_symbolic_pareto_10split\seed_45\I_dark\exports\I_dark\bkan_parameter_mean\polynomial_1\formula.va,0.0453679779524272,0.9410355508886526,0.1180923428001979,0.1402369395131844,0.0479569722939232,0.9361059086619486,0.1243515869115507,0.1697940909998276,1.0,5000,1.0,1.0,8.881784197001252e-16,2.610866678878665e-07,False,False,False,False
I_dark,45,bkan_parameter_mean,teacher_distillation,polynomial,2,1560,240,360,240,1e-08,0.0199884826782056,0.0013273999793455,0.0038147999439388,28,1578,44,artifacts\results\multi_teacher_symbolic_pareto_10split\seed_45\I_dark\exports\I_dark\bkan_parameter_mean\polynomial_2\formula.json,artifacts\results\multi_teacher_symbolic_pareto_10split\seed_45\I_dark\exports\I_dark\bkan_parameter_mean\polynomial_2\formula.va,0.019781789507713,0.9887895627608356,0.045106008604572,0.070263538776965,0.0219278668431154,0.9866417380493164,0.0517959362896446,0.0915130776839134,1.0,5000,1.0,1.0,8.881784197001252e-16,1.3114566662504026e-06,False,False,False,False
I_dark,45,bkan_parameter_mean,teacher_distillation,polynomial,3,1560,240,360,240,0.01,0.0111078401104702,0.0014444999978877,0.0068903000210411,84,3643,100,artifacts\results\multi_teacher_symbolic_pareto_10split\seed_45\I_dark\exports\I_dark\bkan_parameter_mean\polynomial_3\formula.json,artifacts\results\multi_teacher_symbolic_pareto_10split\seed_45\I_dark\exports\I_dark\bkan_parameter_mean\polynomial_3\formula.va,0.0115377558872345,0.9961864092017398,0.0222248237423603,0.0454743955109595,0.0135860054077372,0.99487208578517,0.0232141195775946,0.0797080148287641,1.0,5000,1.0,1.0,8.881784197001252e-16,3.945803333772346e-06,False,False,False,False
I_dark,45,bkan_parameter_mean,teacher_distillation,additive_spline,4,1560,240,360,240,1e-08,0.0055995736855452,0.0017395000322721,0.0066264999913983,31,7100,196,artifacts\results\multi_teacher_symbolic_pareto_10split\seed_45\I_dark\exports\I_dark\bkan_parameter_mean\additive_spline_4\formula.json,artifacts\results\multi_teacher_symbolic_pareto_10split\seed_45\I_dark\exports\I_dark\bkan_parameter_mean\additive_spline_4\formula.va,0.007295226133782,0.99847535436084,0.0151594028685792,0.0561339344780353,0.0077319357271602,0.9983391375916614,0.0139862773215584,0.0474202000103964,1.0,5000,1.0,1.0,1.7763568394002505e-15,1.424066664185375e-07,False,False,False,False
I_dark,45,bkan_parameter_mean,teacher_distillation,additive_spline,6,1560,240,360,240,1e-08,0.0046600605549998,0.0021912000374868,0.0066358000040054,43,8354,232,artifacts\results\multi_teacher_symbolic_pareto_10split\seed_45\I_dark\exports\I_dark\bkan_parameter_mean\additive_spline_6\formula.json,artifacts\results\multi_teacher_symbolic_pareto_10split\seed_45\I_dark\exports\I_dark\bkan_parameter_mean\additive_spline_6\formula.va,0.0068802519368272,0.9986438738781862,0.0120060655829014,0.0590698380379031,0.0069424988166738,0.9986609746044414,0.0116084222359164,0.0437467527285422,1.0,5000,1.0,1.0,1.7763568394002505e-15,1.2987333272273346e-07,False,False,False,False
I_dark,45,bkan_parameter_mean,teacher_distillation,additive_spline,8,1560,240,360,240,1e-08,0.0047340548275329,0.001876899972558,0.0067114998819306,55,9554,268,artifacts\results\multi_teacher_symbolic_pareto_10split\seed_45\I_dark\exports\I_dark\bkan_parameter_mean\additive_spline_8\formula.json,artifacts\results\multi_teacher_symbolic_pareto_10split\seed_45\I_dark\exports\I_dark\bkan_parameter_mean\additive_spline_8\formula.va,0.0068287095772665,0.9986641161966164,0.0116075805555543,0.0594007865092631,0.0068697949367119,0.9986888730868384,0.0120850072361273,0.0436283926932725,1.0,5000,1.0,1.0,8.881784197001252e-16,1.421299995854497e-07,False,False,False,False
I_dark,45,dkan,teacher_distillation,polynomial,1,1560,240,360,240,1e-08,0.0492447161537211,0.0008174000540748,0.0025525001110509,7,815,23,artifacts\results\multi_teacher_symbolic_pareto_10split\seed_45\I_dark\exports\I_dark\dkan\polynomial_1\formula.json,artifacts\results\multi_teacher_symbolic_pareto_10split\seed_45\I_dark\exports\I_dark\dkan\polynomial_1\formula.va,0.0483827306232477,0.9372199330076916,0.1237153134828603,0.1622016580593399,0.0478664952430228,0.9363467702269228,0.1227451290603464,0.166270509735142,1.0,5000,1.0,1.0,0.0,1.4677666670953234e-07,False,False,False,False
I_dark,45,dkan,teacher_distillation,polynomial,2,1560,240,360,240,1e-08,0.0232059363844928,0.0012545000063255,0.0035529999877326,28,1580,44,artifacts\results\multi_teacher_symbolic_pareto_10split\seed_45\I_dark\exports\I_dark\dkan\polynomial_2\formula.json,artifacts\results\multi_teacher_symbolic_pareto_10split\seed_45\I_dark\exports\I_dark\dkan\polynomial_2\formula.va,0.0238521530866119,0.9847420495548196,0.0547216456797614,0.0801642332945666,0.0213648375161529,0.987318916169606,0.0521898522544853,0.0809198667552824,1.0,5000,1.0,1.0,8.881784197001252e-16,9.604066668543964e-07,False,False,False,False
I_dark,45,dkan,teacher_distillation,polynomial,3,1560,240,360,240,1e-08,0.0139829359412247,0.0016410000389441,0.0055224000825546,84,3638,100,artifacts\results\multi_teacher_symbolic_pareto_10split\seed_45\I_dark\exports\I_dark\dkan\polynomial_3\formula.json,artifacts\results\multi_teacher_symbolic_pareto_10split\seed_45\I_dark\exports\I_dark\dkan\polynomial_3\formula.va,0.0170871516968948,0.9921696644327528,0.0370111138253958,0.0562083845515015,0.0141823931656947,0.9944120021993148,0.0249651077737957,0.0717689000811603,1.0,5000,1.0,1.0,8.881784197001252e-16,3.0425033338057496e-06,False,False,False,True
I_dark,45,dkan,teacher_distillation,additive_spline,4,1560,240,360,240,1e-08,0.0098871252746123,0.0020514000207185,0.0064336000941693,31,7066,196,artifacts\results\multi_teacher_symbolic_pareto_10split\seed_45\I_dark\exports\I_dark\dkan\additive_spline_4\formula.json,artifacts\results\multi_teacher_symbolic_pareto_10split\seed_45\I_dark\exports\I_dark\dkan\additive_spline_4\formula.va,0.0121335475539416,0.9960516411493018,0.0268870223287655,0.0625474053978045,0.0063628443074093,0.9988752402198052,0.0137390996941758,0.0375727650683455,1.0,5000,1.0,1.0,1.7763568394002505e-15,1.3788333356690905e-07,False,False,False,True
I_dark,45,dkan,teacher_distillation,additive_spline,6,1560,240,360,240,1e-08,0.0087413192545344,0.0017654999974183,0.0077314999653026,43,8282,232,artifacts\results\multi_teacher_symbolic_pareto_10split\seed_45\I_dark\exports\I_dark\dkan\additive_spline_6\formula.json,artifacts\results\multi_teacher_symbolic_pareto_10split\seed_45\I_dark\exports\I_dark\dkan\additive_spline_6\formula.va,0.0113467528476503,0.9965470983015032,0.0268551405386,0.0654946462122394,0.0047980313067809,0.9993604369871056,0.0081454202138701,0.0287219251178454,1.0,5000,1.0,1.0,2.664535259100376e-15,1.326633345646163e-07,False,False,False,True
I_dark,45,dkan,teacher_distillation,additive_spline,8,1560,240,360,240,0.0001,0.0083186645783879,0.0017790999845601,0.0069404999376274,55,9402,268,artifacts\results\multi_teacher_symbolic_pareto_10split\seed_45\I_dark\exports\I_dark\dkan\additive_spline_8\formula.json,artifacts\results\multi_teacher_symbolic_pareto_10split\seed_45\I_dark\exports\I_dark\dkan\additive_spline_8\formula.va,0.0115621554883964,0.996414756682971,0.0273315905278747,0.0649653085195751,0.0052134822635779,0.9992448851940746,0.009208168503459,0.0323522255128718,1.0,5000,1.0,1.0,1.7763568394002505e-15,1.3389333228891098e-07,False,False,False,False
I_dark,45,mlp_l,teacher_distillation,polynomial,1,1560,240,360,240,0.01,0.0440035465566019,0.0005680000176653,0.0028990000137127,7,813,23,artifacts\results\multi_teacher_symbolic_pareto_10split\seed_45\I_dark\exports\I_dark\mlp_l\polynomial_1\formula.json,artifacts\results\multi_teacher_symbolic_pareto_10split\seed_45\I_dark\exports\I_dark\mlp_l\polynomial_1\formula.va,0.0430530191817044,0.9467337383176632,0.0812210783576726,0.108240933984109,0.0478301890120632,0.9364432942114692,0.1220215753728498,0.1631729300318083,1.0,5000,1.0,1.0,8.881784197001252e-16,1.498800003901124e-07,False,False,False,True
I_dark,45,mlp_l,teacher_distillation,polynomial,2,1560,240,360,240,0.01,0.0064260851824936,0.0007096999906934,0.0032295000273734,28,1578,44,artifacts\results\multi_teacher_symbolic_pareto_10split\seed_45\I_dark\exports\I_dark\mlp_l\polynomial_2\formula.json,artifacts\results\multi_teacher_symbolic_pareto_10split\seed_45\I_dark\exports\I_dark\mlp_l\polynomial_2\formula.va,0.0065873476555492,0.9987530008369796,0.0113972350335921,0.0232031477674299,0.0212729936848966,0.9874277095028244,0.0506343962101307,0.0729691568646995,1.0,5000,1.0,1.0,8.881784197001252e-16,9.364066664905596e-07,False,False,False,True
I_dark,45,mlp_l,teacher_distillation,polynomial,3,1560,240,360,240,0.01,0.0014002323705044,0.0011351999710313,0.0051388000138103,84,3634,100,artifacts\results\multi_teacher_symbolic_pareto_10split\seed_45\I_dark\exports\I_dark\mlp_l\polynomial_3\formula.json,artifacts\results\multi_teacher_symbolic_pareto_10split\seed_45\I_dark\exports\I_dark\mlp_l\polynomial_3\formula.va,0.0018911226001901,0.9998972257390236,0.0036426107889668,0.0096084182216529,0.016536789966424,0.9924026942291232,0.0437112226827048,0.0530145253575042,1.0,5000,1.0,1.0,8.881784197001252e-16,2.9765600008734813e-06,False,False,False,True
I_dark,45,mlp_l,teacher_distillation,additive_spline,4,1560,240,360,240,1e-08,0.0025962281462822,0.0016995000187307,0.0062235000077635,31,7192,196,artifacts\results\multi_teacher_symbolic_pareto_10split\seed_45\I_dark\exports\I_dark\mlp_l\additive_spline_4\formula.json,artifacts\results\multi_teacher_symbolic_pareto_10split\seed_45\I_dark\exports\I_dark\mlp_l\additive_spline_4\formula.va,0.0054167023337014,0.9991568304123084,0.0125350477683573,0.016249389634229,0.0170484882272889,0.9919252528280564,0.0364076976777154,0.0713018547864123,1.0,5000,1.0,1.0,1.7763568394002505e-15,1.322933336875091e-07,False,False,False,False
I_dark,45,mlp_l,teacher_distillation,additive_spline,6,1560,240,360,240,0.0001,0.0024521250963745,0.0021027000038884,0.0069199000135995,43,8352,232,artifacts\results\multi_teacher_symbolic_pareto_10split\seed_45\I_dark\exports\I_dark\mlp_l\additive_spline_6\formula.json,artifacts\results\multi_teacher_symbolic_pareto_10split\seed_45\I_dark\exports\I_dark\mlp_l\additive_spline_6\formula.va,0.0054391369508702,0.9991498315562584,0.012032898326527,0.0156525822339084,0.0170363942770765,0.9919367049816132,0.0352183146003404,0.0709359155938491,1.0,5000,1.0,1.0,1.7763568394002505e-15,1.3465999897258976e-07,False,False,False,False
I_dark,45,mlp_l,teacher_distillation,additive_spline,8,1560,240,360,240,0.0001,0.002488385093678,0.0015297999489121,0.0068224999704398,55,9540,268,artifacts\results\multi_teacher_symbolic_pareto_10split\seed_45\I_dark\exports\I_dark\mlp_l\additive_spline_8\formula.json,artifacts\results\multi_teacher_symbolic_pareto_10split\seed_45\I_dark\exports\I_dark\mlp_l\additive_spline_8\formula.va,0.0053910023274406,0.9991648124117029,0.012638978110452,0.0169839998287608,0.017124403570922,0.9918531805119551,0.0371566300416438,0.0718489282437477,1.0,5000,1.0,1.0,1.7763568394002505e-15,1.3566333412503202e-07,False,False,False,False
I_dark,45,tcad_direct,direct_tcad,polynomial,1,1560,240,360,240,1e-08,0.0483687388231333,0.0008126000175252,0.0026104999706149,7,815,23,artifacts\results\multi_teacher_symbolic_pareto_10split\seed_45\I_dark\exports\I_dark\tcad_direct\polynomial_1\formula.json,artifacts\results\multi_teacher_symbolic_pareto_10split\seed_45\I_dark\exports\I_dark\tcad_direct\polynomial_1\formula.va,,,,,0.0477561121225064,0.9366400083519032,0.1220703765358759,0.1599622446297228,1.0,5000,1.0,1.0,8.881784197001252e-16,1.509900010811786e-07,False,False,True,True
I_dark,45,tcad_direct,direct_tcad,polynomial,2,1560,240,360,240,1e-08,0.0211683838359909,0.0009293999755755,0.0033950000070035,28,1586,44,artifacts\results\multi_teacher_symbolic_pareto_10split\seed_45\I_dark\exports\I_dark\tcad_direct\polynomial_2\formula.json,artifacts\results\multi_teacher_symbolic_pareto_10split\seed_45\I_dark\exports\I_dark\tcad_direct\polynomial_2\formula.va,,,,,0.0209219089986535,0.9878392656200006,0.0493544865775467,0.0664225438365218,1.0,5000,1.0,1.0,8.881784197001252e-16,9.277266663654396e-07,False,False,True,True
I_dark,45,tcad_direct,direct_tcad,polynomial,3,1560,240,360,240,1e-08,0.0111444680427903,0.0015922000166028,0.0051265000365674,84,3642,100,artifacts\results\multi_teacher_symbolic_pareto_10split\seed_45\I_dark\exports\I_dark\tcad_direct\polynomial_3\formula.json,artifacts\results\multi_teacher_symbolic_pareto_10split\seed_45\I_dark\exports\I_dark\tcad_direct\polynomial_3\formula.va,,,,,0.0109443686602725,0.996672342557102,0.0217217988005288,0.02854152850478,1.0,5000,1.0,1.0,8.881784197001252e-16,3.208233332649494e-06,False,False,False,True
I_dark,45,tcad_direct,direct_tcad,additive_spline,4,1560,240,360,240,1e-08,0.0046741583222561,0.0018281999509781,0.0066486999276094,31,7132,196,artifacts\results\multi_teacher_symbolic_pareto_10split\seed_45\I_dark\exports\I_dark\tcad_direct\additive_spline_4\formula.json,artifacts\results\multi_teacher_symbolic_pareto_10split\seed_45\I_dark\exports\I_dark\tcad_direct\additive_spline_4\formula.va,,,,,0.005744860351555,0.9990831123199556,0.0117485869775423,0.0248053166818174,1.0,5000,1.0,1.0,1.7763568394002505e-15,1.8107666595218081e-07,False,False,True,True
I_dark,45,tcad_direct,direct_tcad,additive_spline,6,1560,240,360,240,0.0001,0.0025803632526368,0.0020707999938167,0.0073741999804042,43,8362,232,artifacts\results\multi_teacher_symbolic_pareto_10split\seed_45\I_dark\exports\I_dark\tcad_direct\additive_spline_6\formula.json,artifacts\results\multi_teacher_symbolic_pareto_10split\seed_45\I_dark\exports\I_dark\tcad_direct\additive_spline_6\formula.va,,,,,0.0043220432735193,0.9994810381815606,0.008156118067245,0.0199968217307668,1.0,5000,1.0,1.0,1.7763568394002505e-15,1.3564000061402717e-07,False,False,True,True
I_dark,45,tcad_direct,direct_tcad,additive_spline,8,1560,240,360,240,1e-08,0.0025624304608452,0.0019900000188499,0.0081968999584205,55,9583,268,artifacts\results\multi_teacher_symbolic_pareto_10split\seed_45\I_dark\exports\I_dark\tcad_direct\additive_spline_8\formula.json,artifacts\results\multi_teacher_symbolic_pareto_10split\seed_45\I_dark\exports\I_dark\tcad_direct\additive_spline_8\formula.va,,,,,0.0043003934145308,0.9994862242980932,0.007923288104618,0.0197490031310989,1.0,5000,1.0,1.0,1.7763568394002505e-15,1.3877666788175702e-07,False,False,True,True
I_photo,45,bkan_parameter_mean,teacher_distillation,polynomial,1,1664,256,384,256,1e-08,0.0070548428720787,0.0010139000369235,0.0031273000640794,7,840,23,artifacts\results\multi_teacher_symbolic_pareto_10split\seed_45\I_photo\exports\I_photo\bkan_parameter_mean\polynomial_1\formula.json,artifacts\results\multi_teacher_symbolic_pareto_10split\seed_45\I_photo\exports\I_photo\bkan_parameter_mean\polynomial_1\formula.va,0.0069816466424227,0.9008334106030884,0.013789882544094,0.0186110648427089,0.0079315860167665,0.8791812099059936,0.016409883190213,0.0225471828412593,1.0,5000,1.0,1.0,0.0,1.8729666674820084e-07,False,False,False,False
I_photo,45,bkan_parameter_mean,teacher_distillation,polynomial,2,1664,256,384,256,0.01,0.0037783001752851,0.000851800024975,0.0039763000677339,28,1604,44,artifacts\results\multi_teacher_symbolic_pareto_10split\seed_45\I_photo\exports\I_photo\bkan_parameter_mean\polynomial_2\formula.json,artifacts\results\multi_teacher_symbolic_pareto_10split\seed_45\I_photo\exports\I_photo\bkan_parameter_mean\polynomial_2\formula.va,0.0037627847236868,0.9711949659729938,0.0070052951787769,0.0094719651368238,0.005350870726421,0.945012582543144,0.010699840489403,0.0148316928438387,1.0,5000,1.0,1.0,4.440892098500626e-16,1.4507166653250656e-06,False,False,False,True
I_photo,45,bkan_parameter_mean,teacher_distillation,polynomial,3,1664,256,384,256,1e-08,0.0032694471811683,0.0022159999934956,0.0080387000343762,84,3663,100,artifacts\results\multi_teacher_symbolic_pareto_10split\seed_45\I_photo\exports\I_photo\bkan_parameter_mean\polynomial_3\formula.json,artifacts\results\multi_teacher_symbolic_pareto_10split\seed_45\I_photo\exports\I_photo\bkan_parameter_mean\polynomial_3\formula.va,0.0044380892595983,0.9599279359001512,0.0134790966726729,0.01511347967699,0.0050306951121917,0.9513961803860056,0.0098964510300511,0.011894195098669,1.0,5000,1.0,1.0,4.440892098500626e-16,3.655926667852327e-06,False,False,False,True
I_photo,45,bkan_parameter_mean,teacher_distillation,additive_spline,4,1664,256,384,256,0.01,0.0029932016592258,0.0014066000003367,0.0061719000223092,31,7185,196,artifacts\results\multi_teacher_symbolic_pareto_10split\seed_45\I_photo\exports\I_photo\bkan_parameter_mean\additive_spline_4\formula.json,artifacts\results\multi_teacher_symbolic_pareto_10split\seed_45\I_photo\exports\I_photo\bkan_parameter_mean\additive_spline_4\formula.va,0.0028698639599067,0.9832439260277664,0.0060547421309155,0.0093615019128732,0.0053226371156588,0.9455913285425982,0.0125257284964882,0.0137774656191065,1.0,5000,1.0,1.0,8.881784197001252e-16,1.4231666573323308e-07,False,False,False,False
I_photo,45,bkan_parameter_mean,teacher_distillation,additive_spline,6,1664,256,384,256,0.01,0.0030794012437127,0.001454500015825,0.0067446999601088,43,8384,232,artifacts\results\multi_teacher_symbolic_pareto_10split\seed_45\I_photo\exports\I_photo\bkan_parameter_mean\additive_spline_6\formula.json,artifacts\results\multi_teacher_symbolic_pareto_10split\seed_45\I_photo\exports\I_photo\bkan_parameter_mean\additive_spline_6\formula.va,0.0029986602637261,0.981706189433333,0.005264172658896,0.007865617709994,0.0053117579222036,0.9458135182279778,0.0114713940871225,0.0130539604944446,1.0,5000,1.0,1.0,8.881784197001252e-16,1.2821000030574698e-07,False,False,False,False
I_photo,45,bkan_parameter_mean,teacher_distillation,additive_spline,8,1664,256,384,256,0.01,0.0028625335383072,0.0015712000313214,0.0069459000369533,55,9604,268,artifacts\results\multi_teacher_symbolic_pareto_10split\seed_45\I_photo\exports\I_photo\bkan_parameter_mean\additive_spline_8\formula.json,artifacts\results\multi_teacher_symbolic_pareto_10split\seed_45\I_photo\exports\I_photo\bkan_parameter_mean\additive_spline_8\formula.va,0.002737068162248,0.984758739917704,0.0054188165005853,0.0069042984436649,0.0051821334018681,0.9484259089339412,0.0103129034231497,0.0124747793366868,1.0,5000,1.0,1.0,8.881784197001252e-16,1.4987666509114208e-07,False,False,False,False
I_photo,45,dkan,teacher_distillation,polynomial,1,1664,256,384,256,1e-08,0.0069416078920795,0.000813000020571,0.0026681000599637,7,838,23,artifacts\results\multi_teacher_symbolic_pareto_10split\seed_45\I_photo\exports\I_photo\dkan\polynomial_1\formula.json,artifacts\results\multi_teacher_symbolic_pareto_10split\seed_45\I_photo\exports\I_photo\dkan\polynomial_1\formula.va,0.0069102210817077,0.9053489249781662,0.0143024326246788,0.0218672306859133,0.0079631612967806,0.8782173470504646,0.0162960187934594,0.0226006544906929,1.0,5000,1.0,1.0,0.0,1.4915333207075798e-07,False,False,False,False
I_photo,45,dkan,teacher_distillation,polynomial,2,1664,256,384,256,0.01,0.0037290898540563,0.0008431999594904,0.0038754998822696,28,1615,44,artifacts\results\multi_teacher_symbolic_pareto_10split\seed_45\I_photo\exports\I_photo\dkan\polynomial_2\formula.json,artifacts\results\multi_teacher_symbolic_pareto_10split\seed_45\I_photo\exports\I_photo\dkan\polynomial_2\formula.va,0.0035115807966743,0.9755574226971856,0.006800700405373,0.0089710581545041,0.0053417153234017,0.945200589805701,0.0102863443238765,0.0146270403471744,1.0,5000,1.0,1.0,4.440892098500626e-16,9.53276666890209e-07,False,False,False,False
I_photo,45,dkan,teacher_distillation,polynomial,3,1664,256,384,256,1e-08,0.0038550871626709,0.0020794000010937,0.0079207999515347,84,3665,100,artifacts\results\multi_teacher_symbolic_pareto_10split\seed_45\I_photo\exports\I_photo\dkan\polynomial_3\formula.json,artifacts\results\multi_teacher_symbolic_pareto_10split\seed_45\I_photo\exports\I_photo\dkan\polynomial_3\formula.va,0.0050853417661935,0.9487396039193384,0.0147814954716316,0.0196093024607679,0.0058036456202077,0.9353131240917018,0.0112555285344031,0.0124627443966369,1.0,5000,1.0,1.0,4.440892098500626e-16,3.004083332295219e-06,False,False,False,False
I_photo,45,dkan,teacher_distillation,additive_spline,4,1664,256,384,256,0.0001,0.00285216471042,0.0013176000211387,0.0060212999815121,31,7206,196,artifacts\results\multi_teacher_symbolic_pareto_10split\seed_45\I_photo\exports\I_photo\dkan\additive_spline_4\formula.json,artifacts\results\multi_teacher_symbolic_pareto_10split\seed_45\I_photo\exports\I_photo\dkan\additive_spline_4\formula.va,0.0025712590176589,0.986895111740528,0.00466587170252,0.0101630058981707,0.0053572392054505,0.9448816152204308,0.0124851398498744,0.0140518857095397,1.0,5000,1.0,1.0,8.881784197001252e-16,1.2590666689599552e-07,False,False,False,False
I_photo,45,dkan,teacher_distillation,additive_spline,6,1664,256,384,256,0.01,0.002814538763915,0.0021462999866344,0.0069286000216379,43,8411,232,artifacts\results\multi_teacher_symbolic_pareto_10split\seed_45\I_photo\exports\I_photo\dkan\additive_spline_6\formula.json,artifacts\results\multi_teacher_symbolic_pareto_10split\seed_45\I_photo\exports\I_photo\dkan\additive_spline_6\formula.va,0.0027109897075331,0.9854320848222065,0.0045325310957199,0.0091441559818759,0.0052511609246012,0.9470427943769698,0.0117235406317202,0.0132610251709812,1.0,5000,1.0,1.0,4.440892098500626e-16,1.371033334483703e-07,False,False,False,False
I_photo,45,dkan,teacher_distillation,additive_spline,8,1664,256,384,256,0.0001,0.0025646302480794,0.0018724999972619,0.0078202000004239,55,9631,268,artifacts\results\multi_teacher_symbolic_pareto_10split\seed_45\I_photo\exports\I_photo\dkan\additive_spline_8\formula.json,artifacts\results\multi_teacher_symbolic_pareto_10split\seed_45\I_photo\exports\I_photo\dkan\additive_spline_8\formula.va,0.0030356118693818,0.9817343912364432,0.0054369903727808,0.0105894359260991,0.0053977112791131,0.9440456691174788,0.011691933258904,0.0134117755927447,1.0,5000,1.0,1.0,8.881784197001252e-16,1.3267333270050588e-07,False,False,False,False
I_photo,45,mlp_l,teacher_distillation,polynomial,1,1664,256,384,256,1e-08,0.0059831346698186,0.000759599963203,0.0029843999654985,7,835,23,artifacts\results\multi_teacher_symbolic_pareto_10split\seed_45\I_photo\exports\I_photo\mlp_l\polynomial_1\formula.json,artifacts\results\multi_teacher_symbolic_pareto_10split\seed_45\I_photo\exports\I_photo\mlp_l\polynomial_1\formula.va,0.0059559414651395,0.927130787121474,0.0115792462826797,0.0169723843558422,0.0078652213101298,0.8811945674459103,0.015999843341484,0.0224079469324136,1.0,5000,1.0,1.0,0.0,1.465966672791789e-07,False,False,True,True
I_photo,45,mlp_l,teacher_distillation,polynomial,2,1664,256,384,256,0.01,0.0009020596770473,0.0007139000226743,0.0031513999565504,28,1606,44,artifacts\results\multi_teacher_symbolic_pareto_10split\seed_45\I_photo\exports\I_photo\mlp_l\polynomial_2\formula.json,artifacts\results\multi_teacher_symbolic_pareto_10split\seed_45\I_photo\exports\I_photo\mlp_l\polynomial_2\formula.va,0.0008295815736105,0.9985862864167476,0.0015727084235973,0.002835449447605,0.0052860558262362,0.9463366357040282,0.0106157083303215,0.015200897119818,1.0,5000,1.0,1.0,4.440892098500626e-16,9.441733340887974e-07,False,False,True,True
I_photo,45,mlp_l,teacher_distillation,polynomial,3,1664,256,384,256,0.01,0.000141895749266,0.0015264999819919,0.0067446999601088,84,3676,100,artifacts\results\multi_teacher_symbolic_pareto_10split\seed_45\I_photo\exports\I_photo\mlp_l\polynomial_3\formula.json,artifacts\results\multi_teacher_symbolic_pareto_10split\seed_45\I_photo\exports\I_photo\mlp_l\polynomial_3\formula.va,0.0001671453511175,0.9999426105793664,0.0002723570921252,0.0013067288490029,0.0050326719132043,0.9513579753447864,0.0110507171432884,0.0144782218087073,1.0,5000,1.0,1.0,4.440892098500626e-16,2.974619999683152e-06,False,False,False,False
I_photo,45,mlp_l,teacher_distillation,additive_spline,4,1664,256,384,256,0.0001,0.0013086663748839,0.0013533000019378,0.0066746000084094,31,7244,196,artifacts\results\multi_teacher_symbolic_pareto_10split\seed_45\I_photo\exports\I_photo\mlp_l\additive_spline_4\formula.json,artifacts\results\multi_teacher_symbolic_pareto_10split\seed_45\I_photo\exports\I_photo\mlp_l\additive_spline_4\formula.va,0.0011260827082843,0.9973951434239168,0.0020210516047399,0.004530668136808,0.0051352299807799,0.9493552768020718,0.0107270086608144,0.0139455124156868,1.0,5000,1.0,1.0,8.881784197001252e-16,1.2482666643336417e-07,False,False,True,False
I_photo,45,mlp_l,teacher_distillation,additive_spline,6,1664,256,384,256,1e-08,0.0012827113104529,0.0022708000033162,0.0069919000379741,43,8509,232,artifacts\results\multi_teacher_symbolic_pareto_10split\seed_45\I_photo\exports\I_photo\mlp_l\additive_spline_6\formula.json,artifacts\results\multi_teacher_symbolic_pareto_10split\seed_45\I_photo\exports\I_photo\mlp_l\additive_spline_6\formula.va,0.0010624488835305,0.9976812211758443,0.0022048039308878,0.0036153980072493,0.0050812117031583,0.9504151521682406,0.0106664430886656,0.0138204264924977,1.0,5000,1.0,1.0,4.440892098500626e-16,1.4486999910635253e-07,False,False,True,False
I_photo,45,mlp_l,teacher_distillation,additive_spline,8,1664,256,384,256,1e-08,0.0012880265649464,0.00200209999457,0.0067834999063052,55,9727,268,artifacts\results\multi_teacher_symbolic_pareto_10split\seed_45\I_photo\exports\I_photo\mlp_l\additive_spline_8\formula.json,artifacts\results\multi_teacher_symbolic_pareto_10split\seed_45\I_photo\exports\I_photo\mlp_l\additive_spline_8\formula.va,0.0012727387837147,0.9966724714263792,0.002845660154389,0.003150817368827,0.0050427374209254,0.9511632095035644,0.0102940783849804,0.0134134861418666,1.0,5000,1.0,1.0,8.881784197001252e-16,1.4375666699682674e-07,False,False,True,False
I_photo,45,tcad_direct,direct_tcad,polynomial,1,1664,256,384,256,1e-08,0.0074034543212439,0.0008819999638944,0.0025725999148562,7,838,23,artifacts\results\multi_teacher_symbolic_pareto_10split\seed_45\I_photo\exports\I_photo\tcad_direct\polynomial_1\formula.json,artifacts\results\multi_teacher_symbolic_pareto_10split\seed_45\I_photo\exports\I_photo\tcad_direct\polynomial_1\formula.va,,,,,0.0079081773307666,0.8798933085032876,0.0162047244559715,0.0222433217741717,1.0,5000,1.0,1.0,0.0,1.5567333321087066e-07,False,False,False,False
I_photo,45,tcad_direct,direct_tcad,polynomial,2,1664,256,384,256,0.01,0.0044609825574382,0.0007231999770738,0.0033234999864362,28,1609,44,artifacts\results\multi_teacher_symbolic_pareto_10split\seed_45\I_photo\exports\I_photo\tcad_direct\polynomial_2\formula.json,artifacts\results\multi_teacher_symbolic_pareto_10split\seed_45\I_photo\exports\I_photo\tcad_direct\polynomial_2\formula.va,,,,,0.0058247318444742,0.9348422201264542,0.0112435975705054,0.0155172838952037,1.0,5000,1.0,1.0,4.440892098500626e-16,9.408000002925594e-07,False,False,False,False
I_photo,45,tcad_direct,direct_tcad,polynomial,3,1664,256,384,256,0.01,0.0051819643826238,0.0016812999965623,0.0073381999391131,84,3667,100,artifacts\results\multi_teacher_symbolic_pareto_10split\seed_45\I_photo\exports\I_photo\tcad_direct\polynomial_3\formula.json,artifacts\results\multi_teacher_symbolic_pareto_10split\seed_45\I_photo\exports\I_photo\tcad_direct\polynomial_3\formula.va,,,,,0.0047961608429337,0.955822423912878,0.0113044721317366,0.0129410034519863,1.0,5000,1.0,1.0,4.440892098500626e-16,3.087076666997745e-06,False,False,True,True
I_photo,45,tcad_direct,direct_tcad,additive_spline,4,1664,256,384,256,0.01,0.0040041757862011,0.0015168000245466,0.0061129999812692,31,7196,196,artifacts\results\multi_teacher_symbolic_pareto_10split\seed_45\I_photo\exports\I_photo\tcad_direct\additive_spline_4\formula.json,artifacts\results\multi_teacher_symbolic_pareto_10split\seed_45\I_photo\exports\I_photo\tcad_direct\additive_spline_4\formula.va,,,,,0.0053104096079193,0.9458410236737416,0.0126122472042328,0.0142530237138949,1.0,5000,1.0,1.0,8.881784197001252e-16,1.344399992376566e-07,False,False,False,False
I_photo,45,tcad_direct,direct_tcad,additive_spline,6,1664,256,384,256,0.01,0.0036604823216187,0.0019098999910056,0.0066551999771036,43,8366,232,artifacts\results\multi_teacher_symbolic_pareto_10split\seed_45\I_photo\exports\I_photo\tcad_direct\additive_spline_6\formula.json,artifacts\results\multi_teacher_symbolic_pareto_10split\seed_45\I_photo\exports\I_photo\tcad_direct\additive_spline_6\formula.va,,,,,0.0053010292888047,0.9460321877559968,0.0120582875958186,0.0137970141204823,1.0,5000,1.0,1.0,8.881784197001252e-16,1.3281333376653496e-07,False,False,False,False
I_photo,45,tcad_direct,direct_tcad,additive_spline,8,1664,256,384,256,0.01,0.0038746026363131,0.0016369000077247,0.0076812999905087,55,9554,268,artifacts\results\multi_teacher_symbolic_pareto_10split\seed_45\I_photo\exports\I_photo\tcad_direct\additive_spline_8\formula.json,artifacts\results\multi_teacher_symbolic_pareto_10split\seed_45\I_photo\exports\I_photo\tcad_direct\additive_spline_8\formula.va,,,,,0.0055012490535682,0.941878472556159,0.010195086170077,0.0120880577444411,1.0,5000,1.0,1.0,8.881784197001252e-16,1.3618666756277286e-07,False,False,False,False
AC_Response,45,bkan_parameter_mean,teacher_distillation,polynomial,1,2912,448,672,448,0.01,0.9135273342630268,0.0007057000184431,0.0035259000142104,4,509,17,artifacts\results\multi_teacher_symbolic_pareto_10split\seed_45\AC_Response\exports\AC_Response\bkan_parameter_mean\polynomial_1\formula.json,artifacts\results\multi_teacher_symbolic_pareto_10split\seed_45\AC_Response\exports\AC_Response\bkan_parameter_mean\polynomial_1\formula.va,0.9134819531466268,0.8582975461196123,1.464686022544475,1.7498789213830754,0.9152187962993124,0.857635965292408,1.4497497153375225,1.8971589179629431,1.0,5000,1.0,1.0,0.0,9.327666678776345e-08,False,False,False,True
AC_Response,45,bkan_parameter_mean,teacher_distillation,polynomial,2,2912,448,672,448,0.01,0.3094185442998487,0.0008346000104211,0.0036218999885022,10,684,23,artifacts\results\multi_teacher_symbolic_pareto_10split\seed_45\AC_Response\exports\AC_Response\bkan_parameter_mean\polynomial_2\formula.json,artifacts\results\multi_teacher_symbolic_pareto_10split\seed_45\AC_Response\exports\AC_Response\bkan_parameter_mean\polynomial_2\formula.va,0.3098575801364432,0.9836957180410788,0.567855126516297,0.6364897302013612,0.3127795551536966,0.9833724929244316,0.5741165071658327,0.686027799110402,1.0,5000,1.0,1.0,3.552713678800501e-15,2.4494666722603144e-07,False,False,False,False
AC_Response,45,bkan_parameter_mean,teacher_distillation,polynomial,3,2912,448,672,448,1e-08,0.164010681670388,0.0014188000350259,0.0048253000713884,20,984,33,artifacts\results\multi_teacher_symbolic_pareto_10split\seed_45\AC_Response\exports\AC_Response\bkan_parameter_mean\polynomial_3\formula.json,artifacts\results\multi_teacher_symbolic_pareto_10split\seed_45\AC_Response\exports\AC_Response\bkan_parameter_mean\polynomial_3\formula.va,0.1643911370000817,0.9954108291542092,0.3101708473833379,0.3707614862781079,0.1717387632916356,0.9949871225401892,0.3352444764152843,0.4379178265686816,1.0,5000,1.0,1.0,4.440892098500626e-15,6.501066673081368e-07,False,False,False,True
AC_Response,45,bkan_parameter_mean,teacher_distillation,additive_spline,4,2912,448,672,448,1e-08,0.0852861943909163,0.0016018999740481,0.0060723000206053,16,3590,103,artifacts\results\multi_teacher_symbolic_pareto_10split\seed_45\AC_Response\exports\AC_Response\bkan_parameter_mean\additive_spline_4\formula.json,artifacts\results\multi_teacher_symbolic_pareto_10split\seed_45\AC_Response\exports\AC_Response\bkan_parameter_mean\additive_spline_4\formula.va,0.0863745622662901,0.998733080133524,0.1494654091991106,0.2535331123142583,0.1015168610774854,0.9982484328657154,0.1740209418591497,0.3790524457369093,1.0,5000,1.0,1.0,4.093947403305265e-15,8.027000003494322e-08,False,False,False,False
AC_Response,45,bkan_parameter_mean,teacher_distillation,additive_spline,6,2912,448,672,448,1e-08,0.0864295992462723,0.0019774999818764,0.0066593999508768,22,4200,121,artifacts\results\multi_teacher_symbolic_pareto_10split\seed_45\AC_Response\exports\AC_Response\bkan_parameter_mean\additive_spline_6\formula.json,artifacts\results\multi_teacher_symbolic_pareto_10split\seed_45\AC_Response\exports\AC_Response\bkan_parameter_mean\additive_spline_6\formula.va,0.0874953396182245,0.998699988273177,0.15224146909894,0.2578325589709118,0.1024355060840529,0.998216588918524,0.17572573312851,0.3970925234950417,1.0,5000,1.0,1.0,1.7763568394002505e-15,7.61599997834613e-08,False,False,False,False
AC_Response,45,bkan_parameter_mean,teacher_distillation,additive_spline,8,2912,448,672,448,1e-08,0.0763156329878572,0.0016271999920718,0.0067663000081665,28,4761,139,artifacts\results\multi_teacher_symbolic_pareto_10split\seed_45\AC_Response\exports\AC_Response\bkan_parameter_mean\additive_spline_8\formula.json,artifacts\results\multi_teacher_symbolic_pareto_10split\seed_45\AC_Response\exports\AC_Response\bkan_parameter_mean\additive_spline_8\formula.va,0.0775608298148624,0.9989784436652228,0.1318591840904833,0.243922180190486,0.0945399496874976,0.9984809182028134,0.1653164406346966,0.3781041809658259,1.0,5000,1.0,1.0,3.774758283725532e-15,7.803000044077636e-08,False,False,False,False
AC_Response,45,dkan,teacher_distillation,polynomial,1,2912,448,672,448,0.01,0.9048416202090668,0.0005359000060707,0.0025641999673098,4,510,17,artifacts\results\multi_teacher_symbolic_pareto_10split\seed_45\AC_Response\exports\AC_Response\dkan\polynomial_1\formula.json,artifacts\results\multi_teacher_symbolic_pareto_10split\seed_45\AC_Response\exports\AC_Response\dkan\polynomial_1\formula.va,0.9057525584217077,0.8590859459791695,1.4905736407792392,1.6137247304345692,0.915357644057376,0.8575927659469678,1.4490101856534794,1.894605078743642,1.0,5000,1.0,1.0,0.0,6.439333277133603e-08,False,False,False,False
AC_Response,45,dkan,teacher_distillation,polynomial,2,2912,448,672,448,0.01,0.3093358701058321,0.0007257999968715,0.003847100015264,10,686,23,artifacts\results\multi_teacher_symbolic_pareto_10split\seed_45\AC_Response\exports\AC_Response\dkan\polynomial_2\formula.json,artifacts\results\multi_teacher_symbolic_pareto_10split\seed_45\AC_Response\exports\AC_Response\dkan\polynomial_2\formula.va,0.3075492600128253,0.9837533231080288,0.5526599806257089,0.6944684377522699,0.3143693195809633,0.9832030381349252,0.5675868882603107,0.7058520313190941,1.0,5000,1.0,1.0,3.552713678800501e-15,2.162699995096773e-07,False,False,False,False
AC_Response,45,dkan,teacher_distillation,polynomial,3,2912,448,672,448,0.01,0.1730182863594506,0.0010446000378578,0.0045912000350654,20,982,33,artifacts\results\multi_teacher_symbolic_pareto_10split\seed_45\AC_Response\exports\AC_Response\dkan\polynomial_3\formula.json,artifacts\results\multi_teacher_symbolic_pareto_10split\seed_45\AC_Response\exports\AC_Response\dkan\polynomial_3\formula.va,0.1714445450458391,0.9949512657244136,0.3262515839074056,0.5328953457045853,0.1749057268019584,0.9948005370847344,0.3336297145170684,0.4937450508422305,1.0,5000,1.0,1.0,3.552713678800501e-15,6.566500000189989e-07,False,False,False,True
AC_Response,45,dkan,teacher_distillation,additive_spline,4,2912,448,672,448,1e-08,0.0935274146260184,0.0019043000065721,0.0064501000451855,16,3570,103,artifacts\results\multi_teacher_symbolic_pareto_10split\seed_45\AC_Response\exports\AC_Response\dkan\additive_spline_4\formula.json,artifacts\results\multi_teacher_symbolic_pareto_10split\seed_45\AC_Response\exports\AC_Response\dkan\additive_spline_4\formula.va,0.099447362191797,0.9983012803644904,0.165549148175356,0.3563167311530726,0.1028743854786751,0.9982012743244184,0.1788602313759704,0.3744444462895151,1.0,5000,1.0,1.0,2.7755575615628917e-15,1.934900006745011e-07,False,False,False,False
AC_Response,45,dkan,teacher_distillation,additive_spline,6,2912,448,672,448,1e-08,0.0940080115500189,0.0027133999974466,0.0099977999343536,22,4126,121,artifacts\results\multi_teacher_symbolic_pareto_10split\seed_45\AC_Response\exports\AC_Response\dkan\additive_spline_6\formula.json,artifacts\results\multi_teacher_symbolic_pareto_10split\seed_45\AC_Response\exports\AC_Response\dkan\additive_spline_6\formula.va,0.0991632092528678,0.9983109740669176,0.1657966854414125,0.3383132304721872,0.104001307069937,0.9981616507554334,0.1750224970701264,0.401273781023276,1.0,5000,1.0,1.0,1.7763568394002505e-15,8.483333319115141e-08,False,False,False,False
AC_Response,45,dkan,teacher_distillation,additive_spline,8,2912,448,672,448,0.0001,0.0798623939623106,0.0014615000109188,0.0068503000074997,28,4698,139,artifacts\results\multi_teacher_symbolic_pareto_10split\seed_45\AC_Response\exports\AC_Response\dkan\additive_spline_8\formula.json,artifacts\results\multi_teacher_symbolic_pareto_10split\seed_45\AC_Response\exports\AC_Response\dkan\additive_spline_8\formula.va,0.088265981200919,0.9986617973752412,0.1581263396468605,0.3647453794548021,0.0968559610946585,0.9984055785221811,0.1830049773543571,0.3719823419989732,1.0,5000,1.0,1.0,3.386180225106728e-15,6.836333389704428e-08,False,False,False,False
AC_Response,45,mlp_l,teacher_distillation,polynomial,1,2912,448,672,448,0.01,0.8508660691674098,0.000545900024008,0.0026636000256985,4,510,17,artifacts\results\multi_teacher_symbolic_pareto_10split\seed_45\AC_Response\exports\AC_Response\mlp_l\polynomial_1\formula.json,artifacts\results\multi_teacher_symbolic_pareto_10split\seed_45\AC_Response\exports\AC_Response\mlp_l\polynomial_1\formula.va,0.8509404931205696,0.8742299115904437,1.5196520092535406,1.5975485947792532,0.9151668272932644,0.8576521325900096,1.4536305016814084,1.879267916198752,1.0,5000,1.0,1.0,4.440892098500626e-16,5.4719999510174e-08,False,False,True,True
AC_Response,45,mlp_l,teacher_distillation,polynomial,2,2912,448,672,448,0.01,0.222247966142782,0.0006236000335775,0.0028809001087211,10,682,23,artifacts\results\multi_teacher_symbolic_pareto_10split\seed_45\AC_Response\exports\AC_Response\mlp_l\polynomial_2\formula.json,artifacts\results\multi_teacher_symbolic_pareto_10split\seed_45\AC_Response\exports\AC_Response\mlp_l\polynomial_2\formula.va,0.2227076495218285,0.9913851195773822,0.4901493277578029,0.5573054339634336,0.3151557017966256,0.983118899181501,0.5847324525534425,0.6827973662491398,1.0,5000,1.0,1.0,2.664535259100376e-15,1.9148333230987192e-07,False,False,False,True
AC_Response,45,mlp_l,teacher_distillation,polynomial,3,2912,448,672,448,0.01,0.0226294779544205,0.0007541999802924,0.0033608999801799,20,980,33,artifacts\results\multi_teacher_symbolic_pareto_10split\seed_45\AC_Response\exports\AC_Response\mlp_l\polynomial_3\formula.json,artifacts\results\multi_teacher_symbolic_pareto_10split\seed_45\AC_Response\exports\AC_Response\mlp_l\polynomial_3\formula.va,0.0226592124566912,0.9999108197659362,0.0535727040535048,0.0983081776557863,0.1813651592731105,0.99440940348741,0.3589543386343461,0.4487966183289524,1.0,5000,1.0,1.0,3.552713678800501e-15,4.127366662335893e-07,False,False,False,True
AC_Response,45,mlp_l,teacher_distillation,additive_spline,4,2912,448,672,448,0.0001,0.0325947394121817,0.0013338000280782,0.0059144999831914,16,3535,103,artifacts\results\multi_teacher_symbolic_pareto_10split\seed_45\AC_Response\exports\AC_Response\mlp_l\additive_spline_4\formula.json,artifacts\results\multi_teacher_symbolic_pareto_10split\seed_45\AC_Response\exports\AC_Response\mlp_l\additive_spline_4\formula.va,0.034793868959816,0.9997897265540476,0.081677760161412,0.1431531435284636,0.1750340620769777,0.9947929041807893,0.3516558458030383,0.4650548833483725,1.0,5000,1.0,1.0,3.774758283725532e-15,6.624999999379118e-08,False,False,False,False
AC_Response,45,mlp_l,teacher_distillation,additive_spline,6,2912,448,672,448,1e-06,0.0322047461953469,0.0013324999599717,0.0053254999802447,22,4156,121,artifacts\results\multi_teacher_symbolic_pareto_10split\seed_45\AC_Response\exports\AC_Response\mlp_l\additive_spline_6\formula.json,artifacts\results\multi_teacher_symbolic_pareto_10split\seed_45\AC_Response\exports\AC_Response\mlp_l\additive_spline_6\formula.va,0.0344763673329893,0.9997935466265792,0.0769983859259389,0.1438170290913447,0.1751235267627475,0.9947875798428822,0.3536159360795369,0.4621971867021983,1.0,5000,1.0,1.0,2.664535259100376e-15,6.874666626875599e-08,False,False,False,False
AC_Response,45,mlp_l,teacher_distillation,additive_spline,8,2912,448,672,448,0.0001,0.032721682089963,0.0013496999745257,0.0058213999145664,28,4709,139,artifacts\results\multi_teacher_symbolic_pareto_10split\seed_45\AC_Response\exports\AC_Response\mlp_l\additive_spline_8\formula.json,artifacts\results\multi_teacher_symbolic_pareto_10split\seed_45\AC_Response\exports\AC_Response\mlp_l\additive_spline_8\formula.va,0.0346135478269425,0.9997919004136564,0.075781982687941,0.1482296253980708,0.1750648256706114,0.9947910736450052,0.3532035447568563,0.4581191928089829,1.0,5000,1.0,1.0,3.552713678800501e-15,8.529333281330765e-08,False,False,False,False
AC_Response,45,tcad_direct,direct_tcad,polynomial,1,2912,448,672,448,0.01,0.9135033594965268,0.0005325999809429,0.0024126999196596,4,510,17,artifacts\results\multi_teacher_symbolic_pareto_10split\seed_45\AC_Response\exports\AC_Response\tcad_direct\polynomial_1\formula.json,artifacts\results\multi_teacher_symbolic_pareto_10split\seed_45\AC_Response\exports\AC_Response\tcad_direct\polynomial_1\formula.va,,,,,0.915181304070094,0.8576476290294646,1.446865813040241,1.881085889979576,1.0,5000,1.0,1.0,0.0,5.4886667445922894e-08,False,False,False,False
AC_Response,45,tcad_direct,direct_tcad,polynomial,2,2912,448,672,448,0.01,0.3102056306192928,0.0006182999932207,0.002764000033494,10,683,23,artifacts\results\multi_teacher_symbolic_pareto_10split\seed_45\AC_Response\exports\AC_Response\tcad_direct\polynomial_2\formula.json,artifacts\results\multi_teacher_symbolic_pareto_10split\seed_45\AC_Response\exports\AC_Response\tcad_direct\polynomial_2\formula.va,,,,,0.3116852940252457,0.9834886322755374,0.5603984018053616,0.6709966623265418,1.0,5000,1.0,1.0,2.664535259100376e-15,1.8814666545949878e-07,False,False,True,True
AC_Response,45,tcad_direct,direct_tcad,polynomial,3,2912,448,672,448,0.01,0.1672990318794964,0.0007449999684467,0.0034245999995619,20,988,33,artifacts\results\multi_teacher_symbolic_pareto_10split\seed_45\AC_Response\exports\AC_Response\tcad_direct\polynomial_3\formula.json,artifacts\results\multi_teacher_symbolic_pareto_10split\seed_45\AC_Response\exports\AC_Response\tcad_direct\polynomial_3\formula.va,,,,,0.1702501574143765,0.9950736476565376,0.3333835448874311,0.4752653702750358,1.0,5000,1.0,1.0,4.440892098500626e-15,4.080633322397868e-07,False,False,False,True
AC_Response,45,tcad_direct,direct_tcad,additive_spline,4,2912,448,672,448,0.0001,0.0988870260183502,0.0011921999976038,0.0052943999762646,16,3545,103,artifacts\results\multi_teacher_symbolic_pareto_10split\seed_45\AC_Response\exports\AC_Response\tcad_direct\additive_spline_4\formula.json,artifacts\results\multi_teacher_symbolic_pareto_10split\seed_45\AC_Response\exports\AC_Response\tcad_direct\additive_spline_4\formula.va,,,,,0.1014279463730056,0.9982514997822672,0.1843437508804696,0.3685719716081364,1.0,5000,1.0,1.0,4.218847493575595e-15,6.810666721624633e-08,False,False,True,True
AC_Response,45,tcad_direct,direct_tcad,additive_spline,6,2912,448,672,448,0.01,0.0996572002447727,0.0012616999447345,0.0061225999961607,22,4115,121,artifacts\results\multi_teacher_symbolic_pareto_10split\seed_45\AC_Response\exports\AC_Response\tcad_direct\additive_spline_6\formula.json,artifacts\results\multi_teacher_symbolic_pareto_10split\seed_45\AC_Response\exports\AC_Response\tcad_direct\additive_spline_6\formula.va,,,,,0.1022333068942922,0.9982236225807374,0.1826990839258529,0.3818156867245612,1.0,5000,1.0,1.0,8.881784197001252e-16,8.091666580488285e-08,False,False,False,False
AC_Response,45,tcad_direct,direct_tcad,additive_spline,8,2912,448,672,448,0.01,0.0915285121489783,0.0014219000004231,0.0065925000235438,28,4685,139,artifacts\results\multi_teacher_symbolic_pareto_10split\seed_45\AC_Response\exports\AC_Response\tcad_direct\additive_spline_8\formula.json,artifacts\results\multi_teacher_symbolic_pareto_10split\seed_45\AC_Response\exports\AC_Response\tcad_direct\additive_spline_8\formula.va,,,,,0.0944126759678012,0.9984850055553188,0.1736465435496277,0.3750929641653338,1.0,5000,1.0,1.0,1.7763568394002505e-15,6.81700010318309e-08,False,False,True,True
Capacitance,45,bkan_parameter_mean,teacher_distillation,polynomial,1,41600,6400,9600,6400,1e-08,2.0082718454677707e-15,0.0051672999979928,0.0210102999699302,8,938,25,artifacts\results\multi_teacher_symbolic_pareto_10split\seed_45\Capacitance\exports\Capacitance\bkan_parameter_mean\polynomial_1\formula.json,artifacts\results\multi_teacher_symbolic_pareto_10split\seed_45\Capacitance\exports\Capacitance\bkan_parameter_mean\polynomial_1\formula.va,2.0133761013560187e-15,0.6350477735974118,5.229603924930228e-15,7.799909490384918e-15,2.023940044362633e-15,0.6340115871848897,5.197744319832801e-15,8.214969800506291e-15,1.0,5000,1.0,1.0,6.310887241768096e-30,2.2664333422047401e-07,False,False,False,False
Capacitance,45,bkan_parameter_mean,teacher_distillation,polynomial,2,41600,6400,9600,6400,1e-08,1.095924820417133e-15,0.0135613000020384,0.0577786999638192,36,2020,53,artifacts\results\multi_teacher_symbolic_pareto_10split\seed_45\Capacitance\exports\Capacitance\bkan_parameter_mean\polynomial_2\formula.json,artifacts\results\multi_teacher_symbolic_pareto_10split\seed_45\Capacitance\exports\Capacitance\bkan_parameter_mean\polynomial_2\formula.va,1.098767602366187e-15,0.8913079224288437,2.441844155854364e-15,4.0455947940953606e-15,1.1088297174235448e-15,0.8901495695115591,2.3907788257122988e-15,4.483971032321078e-15,1.0,5000,1.0,1.0,6.310887241768096e-30,1.7168333327087262e-06,False,False,False,True
Capacitance,45,bkan_parameter_mean,teacher_distillation,polynomial,3,41600,6400,9600,6400,1e-08,5.2501458400267825e-16,0.055032999953255,0.1986415999708697,120,5281,137,artifacts\results\multi_teacher_symbolic_pareto_10split\seed_45\Capacitance\exports\Capacitance\bkan_parameter_mean\polynomial_3\formula.json,artifacts\results\multi_teacher_symbolic_pareto_10split\seed_45\Capacitance\exports\Capacitance\bkan_parameter_mean\polynomial_3\formula.va,5.249740142943614e-16,0.9751879977161824,1.0493946284374569e-15,1.815680703060992e-15,5.339490421962725e-16,0.9745274940027886,1.0568163303518177e-15,2.2454526427448334e-15,1.0,5000,1.0,1.0,1.262177448353619e-29,4.690333333564922e-06,False,False,False,True
Capacitance,45,bkan_parameter_mean,teacher_distillation,additive_spline,4,41600,6400,9600,6400,1e-08,2.7335106762571983e-16,0.0302228999789804,0.1250328999594785,36,8657,227,artifacts\results\multi_teacher_symbolic_pareto_10split\seed_45\Capacitance\exports\Capacitance\bkan_parameter_mean\additive_spline_4\formula.json,artifacts\results\multi_teacher_symbolic_pareto_10split\seed_45\Capacitance\exports\Capacitance\bkan_parameter_mean\additive_spline_4\formula.va,3.0811328793221816e-16,0.9914531308363318,6.152816121413e-16,2.6871516189950267e-15,3.2096231987645646e-16,0.9907959249698745,6.132548233865382e-16,2.4670560572977327e-15,1.0,5000,1.0,1.0,3.470987982972452e-29,1.5038333367556332e-07,False,False,False,False
Capacitance,45,bkan_parameter_mean,teacher_distillation,additive_spline,6,41600,6400,9600,6400,1e-08,2.3397328239136383e-16,0.0352225999813526,0.1391568999388255,50,10196,269,artifacts\results\multi_teacher_symbolic_pareto_10split\seed_45\Capacitance\exports\Capacitance\bkan_parameter_mean\additive_spline_6\formula.json,artifacts\results\multi_teacher_symbolic_pareto_10split\seed_45\Capacitance\exports\Capacitance\bkan_parameter_mean\additive_spline_6\formula.va,2.744543029745505e-16,0.9932184918622854,4.864898523226793e-16,2.8357719707576216e-15,2.867413867318744e-16,0.9926539680646396,5.146231042337824e-16,2.6247466167964103e-15,1.0,5000,1.0,1.0,3.1554436208840467e-29,1.6701999896516404e-07,False,False,False,True
Capacitance,45,bkan_parameter_mean,teacher_distillation,additive_spline,8,41600,6400,9600,6400,1e-08,2.2812020254665137e-16,0.0414448999799788,0.1674074999173171,64,11760,311,artifacts\results\multi_teacher_symbolic_pareto_10split\seed_45\Capacitance\exports\Capacitance\bkan_parameter_mean\additive_spline_8\formula.json,artifacts\results\multi_teacher_symbolic_pareto_10split\seed_45\Capacitance\exports\Capacitance\bkan_parameter_mean\additive_spline_8\formula.va,2.695305015989133e-16,0.9934596342143944,4.514778678173873e-16,2.8621259975004364e-15,2.8137576955391407e-16,0.9929263194807698,4.91534528908991e-16,2.657912788780797e-15,1.0,5000,1.0,1.0,2.8398992587956425e-29,1.631066668778658e-07,False,False,False,False
Capacitance,45,dkan,teacher_distillation,polynomial,1,41600,6400,9600,6400,1e-08,1.997660859440878e-15,0.0042941000428982,0.0160126999835483,8,939,25,artifacts\results\multi_teacher_symbolic_pareto_10split\seed_45\Capacitance\exports\Capacitance\dkan\polynomial_1\formula.json,artifacts\results\multi_teacher_symbolic_pareto_10split\seed_45\Capacitance\exports\Capacitance\dkan\polynomial_1\formula.va,1.9812372242553906e-15,0.6387446048823102,5.024671305312737e-15,7.123134775905553e-15,2.024134961245585e-15,0.6339410902787039,5.1760384051741536e-15,8.242699748479846e-15,1.0,5000,1.0,1.0,6.310887241768096e-30,1.9135333326024317e-07,False,False,False,False
Capacitance,45,dkan,teacher_distillation,polynomial,2,41600,6400,9600,6400,1e-08,1.0914748899633478e-15,0.0136440999922342,0.0541046999860554,36,2026,53,artifacts\results\multi_teacher_symbolic_pareto_10split\seed_45\Capacitance\exports\Capacitance\dkan\polynomial_2\formula.json,artifacts\results\multi_teacher_symbolic_pareto_10split\seed_45\Capacitance\exports\Capacitance\dkan\polynomial_2\formula.va,1.0705884523750709e-15,0.8945160236026517,2.1776924323999066e-15,3.9713203806739136e-15,1.1112415105148357e-15,0.8896711829131821,2.3576648730185672e-15,4.676962988198884e-15,1.0,5000,1.0,1.0,6.310887241768096e-30,1.328086666762829e-06,False,False,False,False
Capacitance,45,dkan,teacher_distillation,polynomial,3,41600,6400,9600,6400,1e-08,5.319102814295001e-16,0.0490292999893426,0.1943745999597013,120,5297,137,artifacts\results\multi_teacher_symbolic_pareto_10split\seed_45\Capacitance\exports\Capacitance\dkan\polynomial_3\formula.json,artifacts\results\multi_teacher_symbolic_pareto_10split\seed_45\Capacitance\exports\Capacitance\dkan\polynomial_3\formula.va,5.140431137721025e-16,0.975681293303618,1.0694748831223832e-15,1.8376008534729534e-15,5.50058804067873e-16,0.9729672461407072,1.147033947021634e-15,2.4783727685950896e-15,1.0,5000,1.0,1.0,1.262177448353619e-29,4.7103533346671614e-06,False,False,False,False
Capacitance,45,dkan,teacher_distillation,additive_spline,4,41600,6400,9600,6400,1e-08,2.6088672593585634e-16,0.0312589000095613,0.1230525000137277,36,8673,227,artifacts\results\multi_teacher_symbolic_pareto_10split\seed_45\Capacitance\exports\Capacitance\dkan\additive_spline_4\formula.json,artifacts\results\multi_teacher_symbolic_pareto_10split\seed_45\Capacitance\exports\Capacitance\dkan\additive_spline_4\formula.va,2.8230059322175213e-16,0.9926655936926349,6.055340421068751e-16,2.651354353857553e-15,3.249264010261637e-16,0.9905671690790916,6.613073643583748e-16,2.3600695564962417e-15,1.0,5000,1.0,1.0,3.786532345060857e-29,1.4593666807437937e-07,False,False,False,False
Capacitance,45,dkan,teacher_distillation,additive_spline,6,41600,6400,9600,6400,1e-08,2.24999253854122e-16,0.0367091000080108,0.1425009000231512,50,10206,269,artifacts\results\multi_teacher_symbolic_pareto_10split\seed_45\Capacitance\exports\Capacitance\dkan\additive_spline_6\formula.json,artifacts\results\multi_teacher_symbolic_pareto_10split\seed_45\Capacitance\exports\Capacitance\dkan\additive_spline_6\formula.va,2.6230468075495693e-16,0.9936678168959604,5.913473025148434e-16,2.813937537201548e-15,2.926115558388405e-16,0.9923501134200388,5.301544210294674e-16,2.5031908514419685e-15,1.0,5000,1.0,1.0,3.1554436208840467e-29,1.498966671836873e-07,False,False,False,False
Capacitance,45,dkan,teacher_distillation,additive_spline,8,41600,6400,9600,6400,1e-08,2.1508874199732394e-16,0.0419375000055879,0.1689342000172473,64,11714,311,artifacts\results\multi_teacher_symbolic_pareto_10split\seed_45\Capacitance\exports\Capacitance\dkan\additive_spline_8\formula.json,artifacts\results\multi_teacher_symbolic_pareto_10split\seed_45\Capacitance\exports\Capacitance\dkan\additive_spline_8\formula.va,2.5668297685441736e-16,0.9939363305536296,5.514589615810247e-16,2.8455186890433444e-15,2.8782702171469787e-16,0.9925982369637116,5.08831294788163e-16,2.534772003283765e-15,1.0,5000,1.0,1.0,3.1554436208840467e-29,1.6846999836464725e-07,False,False,False,False
Capacitance,45,mlp_l,teacher_distillation,polynomial,1,41600,6400,9600,6400,1e-08,1.9412076504076205e-15,0.00459809997119,0.0169360999716445,8,936,25,artifacts\results\multi_teacher_symbolic_pareto_10split\seed_45\Capacitance\exports\Capacitance\mlp_l\polynomial_1\formula.json,artifacts\results\multi_teacher_symbolic_pareto_10split\seed_45\Capacitance\exports\Capacitance\mlp_l\polynomial_1\formula.va,1.936099926644956e-15,0.6508459628174028,4.312620310310744e-15,6.635311190928992e-15,2.024231163874496e-15,0.63390629352158,5.165731429962689e-15,8.265521997505215e-15,1.0,5000,1.0,1.0,6.310887241768096e-30,1.8845666587973637e-07,False,False,False,False
Capacitance,45,mlp_l,teacher_distillation,polynomial,2,41600,6400,9600,6400,1e-08,9.032609778868357e-16,0.013547699956689,0.0528876999742351,36,2031,53,artifacts\results\multi_teacher_symbolic_pareto_10split\seed_45\Capacitance\exports\Capacitance\mlp_l\polynomial_2\formula.json,artifacts\results\multi_teacher_symbolic_pareto_10split\seed_45\Capacitance\exports\Capacitance\mlp_l\polynomial_2\formula.va,9.044054190430518e-16,0.9238117772544606,1.5167019882861472e-15,2.696328284542036e-15,1.1131463737445257e-15,0.8892926127615821,2.3297329809758844e-15,4.473220387431912e-15,1.0,5000,1.0,1.0,1.262177448353619e-29,1.3133566671361523e-06,False,False,False,False
Capacitance,45,mlp_l,teacher_distillation,polynomial,3,41600,6400,9600,6400,1e-08,2.707167413973458e-16,0.0484965999494306,0.1927277999348007,120,5304,137,artifacts\results\multi_teacher_symbolic_pareto_10split\seed_45\Capacitance\exports\Capacitance\mlp_l\polynomial_3\formula.json,artifacts\results\multi_teacher_symbolic_pareto_10split\seed_45\Capacitance\exports\Capacitance\mlp_l\polynomial_3\formula.va,2.734668471539069e-16,0.9930342016473852,4.585823885163929e-16,6.567630296067602e-16,5.906472998225873e-16,0.9688305961951422,1.2221236514705166e-15,2.5765011592143377e-15,1.0,5000,1.0,1.0,1.262177448353619e-29,4.613743332447484e-06,False,False,False,False
Capacitance,45,mlp_l,teacher_distillation,additive_spline,4,41600,6400,9600,6400,1e-08,2.1421158277828426e-16,0.0304618999944068,0.1216534999548457,36,8619,227,artifacts\results\multi_teacher_symbolic_pareto_10split\seed_45\Capacitance\exports\Capacitance\mlp_l\additive_spline_4\formula.json,artifacts\results\multi_teacher_symbolic_pareto_10split\seed_45\Capacitance\exports\Capacitance\mlp_l\additive_spline_4\formula.va,2.6892669079946124e-16,0.9932635770517256,5.866132467297896e-16,1.7988712547674167e-15,4.884793208806465e-16,0.9786811184856294,1.0720528170380297e-15,3.018335628082665e-15,1.0,5000,1.0,1.0,3.786532345060857e-29,1.670200009054194e-07,False,False,False,True
Capacitance,45,mlp_l,teacher_distillation,additive_spline,6,41600,6400,9600,6400,1e-08,2.0811755937649143e-16,0.0352659000200219,0.1426173999789171,50,10229,269,artifacts\results\multi_teacher_symbolic_pareto_10split\seed_45\Capacitance\exports\Capacitance\mlp_l\additive_spline_6\formula.json,artifacts\results\multi_teacher_symbolic_pareto_10split\seed_45\Capacitance\exports\Capacitance\mlp_l\additive_spline_6\formula.va,2.642853002690285e-16,0.993494097550356,5.829111536436447e-16,1.7515766134522801e-15,5.031165632513943e-16,0.9773843393058396,1.117196833316835e-15,3.069147018958141e-15,1.0,5000,1.0,1.0,2.2088105346188328e-29,1.4819333446212114e-07,False,False,False,False
Capacitance,45,mlp_l,teacher_distillation,additive_spline,8,41600,6400,9600,6400,1e-08,2.0797841172820575e-16,0.0421902999514713,0.1675139999715611,64,11772,311,artifacts\results\multi_teacher_symbolic_pareto_10split\seed_45\Capacitance\exports\Capacitance\mlp_l\additive_spline_8\formula.json,artifacts\results\multi_teacher_symbolic_pareto_10split\seed_45\Capacitance\exports\Capacitance\mlp_l\additive_spline_8\formula.va,2.641872573753836e-16,0.9934989236923104,5.815230492193511e-16,1.7473734940401133e-15,5.041114958522662e-16,0.9772948041638092,1.1232203102914252e-15,3.0742258312549304e-15,1.0,5000,1.0,1.0,1.8932661725304286e-29,1.6050999984145168e-07,False,False,False,False
Capacitance,45,tcad_direct,direct_tcad,polynomial,1,41600,6400,9600,6400,1e-08,2.011860165712979e-15,0.0043201000080443,0.0164707000367343,8,936,25,artifacts\results\multi_teacher_symbolic_pareto_10split\seed_45\Capacitance\exports\Capacitance\tcad_direct\polynomial_1\formula.json,artifacts\results\multi_teacher_symbolic_pareto_10split\seed_45\Capacitance\exports\Capacitance\tcad_direct\polynomial_1\formula.va,,,,,2.023816558930243e-15,0.6340562454827751,5.191711348373414e-15,8.186696595700111e-15,1.0,5000,1.0,1.0,6.310887241768096e-30,2.1747666760347785e-07,False,False,True,True
Capacitance,45,tcad_direct,direct_tcad,polynomial,2,41600,6400,9600,6400,1e-08,1.0996818559856472e-15,0.0132408000063151,0.0513025000691413,36,2022,53,artifacts\results\multi_teacher_symbolic_pareto_10split\seed_45\Capacitance\exports\Capacitance\tcad_direct\polynomial_2\formula.json,artifacts\results\multi_teacher_symbolic_pareto_10split\seed_45\Capacitance\exports\Capacitance\tcad_direct\polynomial_2\formula.va,,,,,1.1085312749794216e-15,0.8902086942238989,2.3925608629863318e-15,4.399761862912614e-15,1.0,5000,1.0,1.0,6.310887241768096e-30,1.2902066674238691e-06,False,False,False,True
Capacitance,45,tcad_direct,direct_tcad,polynomial,3,41600,6400,9600,6400,1e-08,5.2751841887614155e-16,0.0475781999994069,0.1934985999832861,120,5282,137,artifacts\results\multi_teacher_symbolic_pareto_10split\seed_45\Capacitance\exports\Capacitance\tcad_direct\polynomial_3\formula.json,artifacts\results\multi_teacher_symbolic_pareto_10split\seed_45\Capacitance\exports\Capacitance\tcad_direct\polynomial_3\formula.va,,,,,5.3307281740107e-16,0.974611027546334,1.0857169603872411e-15,2.077633934312391e-15,1.0,5000,1.0,1.0,1.262177448353619e-29,4.655733333978181e-06,False,False,False,True
Capacitance,45,tcad_direct,direct_tcad,additive_spline,4,41600,6400,9600,6400,1e-08,2.7116787794798816e-16,0.0308415000326931,0.1219182999921031,36,8630,227,artifacts\results\multi_teacher_symbolic_pareto_10split\seed_45\Capacitance\exports\Capacitance\tcad_direct\additive_spline_4\formula.json,artifacts\results\multi_teacher_symbolic_pareto_10split\seed_45\Capacitance\exports\Capacitance\tcad_direct\additive_spline_4\formula.va,,,,,3.195059920411608e-16,0.9908792602399508,6.247109847911053e-16,2.5118075099349392e-15,1.0,5000,1.0,1.0,3.786532345060857e-29,1.4831333343560496e-07,False,False,True,True
Capacitance,45,tcad_direct,direct_tcad,additive_spline,6,41600,6400,9600,6400,1e-08,2.29484649231784e-16,0.0338691999786533,0.1380418000044301,50,10215,269,artifacts\results\multi_teacher_symbolic_pareto_10split\seed_45\Capacitance\exports\Capacitance\tcad_direct\additive_spline_6\formula.json,artifacts\results\multi_teacher_symbolic_pareto_10split\seed_45\Capacitance\exports\Capacitance\tcad_direct\additive_spline_6\formula.va,,,,,2.850433193495648e-16,0.9927407160713074,4.9123037470597165e-16,2.671982909957876e-15,1.0,5000,1.0,1.0,2.8398992587956425e-29,1.4842999905037385e-07,False,False,True,True
Capacitance,45,tcad_direct,direct_tcad,additive_spline,8,41600,6400,9600,6400,1e-08,2.226796058564616e-16,0.042124000028707,0.1715205999789759,64,11749,311,artifacts\results\multi_teacher_symbolic_pareto_10split\seed_45\Capacitance\exports\Capacitance\tcad_direct\additive_spline_8\formula.json,artifacts\results\multi_teacher_symbolic_pareto_10split\seed_45\Capacitance\exports\Capacitance\tcad_direct\additive_spline_8\formula.va,,,,,2.7966697355541e-16,0.9930119755650932,4.575104937850329e-16,2.705083044719165e-15,1.0,5000,1.0,1.0,2.8398992587956425e-29,1.521033331907044e-07,False,False,True,True
I_dark,46,bkan_parameter_mean,teacher_distillation,polynomial,1,1560,240,360,240,1e-08,0.0482653090036843,0.0010584999690763,0.003207599860616,7,813,23,artifacts\results\multi_teacher_symbolic_pareto_10split\seed_46\I_dark\exports\I_dark\bkan_parameter_mean\polynomial_1\formula.json,artifacts\results\multi_teacher_symbolic_pareto_10split\seed_46\I_dark\exports\I_dark\bkan_parameter_mean\polynomial_1\formula.va,0.047758981936881,0.906103142062704,0.1256464689493418,0.1411887274533585,0.0473859168552143,0.9093377243632657,0.1256381817928818,0.1419277492700104,1.0,5000,1.0,1.0,8.881784197001252e-16,1.878799987025559e-07,False,False,True,True
I_dark,46,bkan_parameter_mean,teacher_distillation,polynomial,2,1560,240,360,240,1e-08,0.0207275418037411,0.0013279000413604,0.0042050000629387,28,1584,44,artifacts\results\multi_teacher_symbolic_pareto_10split\seed_46\I_dark\exports\I_dark\bkan_parameter_mean\polynomial_2\formula.json,artifacts\results\multi_teacher_symbolic_pareto_10split\seed_46\I_dark\exports\I_dark\bkan_parameter_mean\polynomial_2\formula.va,0.0207585402838081,0.9822607783146424,0.0516518903557766,0.0582525433224265,0.0208524084528989,0.9824433971101828,0.0518125013428894,0.0605800185537752,1.0,5000,1.0,1.0,8.881784197001252e-16,1.0985766673305382e-06,False,False,False,True
I_dark,46,bkan_parameter_mean,teacher_distillation,polynomial,3,1560,240,360,240,1e-08,0.0106073270038263,0.0018978000152856,0.0062309999484568,84,3658,100,artifacts\results\multi_teacher_symbolic_pareto_10split\seed_46\I_dark\exports\I_dark\bkan_parameter_mean\polynomial_3\formula.json,artifacts\results\multi_teacher_symbolic_pareto_10split\seed_46\I_dark\exports\I_dark\bkan_parameter_mean\polynomial_3\formula.va,0.0109493434206859,0.9950646598114018,0.0226692401548902,0.0275926581187357,0.0110343226314728,0.9950839148588504,0.0229015986415324,0.0267281257419709,1.0,5000,1.0,1.0,8.881784197001252e-16,3.943603332542504e-06,False,False,False,False
I_dark,46,bkan_parameter_mean,teacher_distillation,additive_spline,4,1560,240,360,240,1e-08,0.0060868569874912,0.0018132999539375,0.005749299947638,31,7118,196,artifacts\results\multi_teacher_symbolic_pareto_10split\seed_46\I_dark\exports\I_dark\bkan_parameter_mean\additive_spline_4\formula.json,artifacts\results\multi_teacher_symbolic_pareto_10split\seed_46\I_dark\exports\I_dark\bkan_parameter_mean\additive_spline_4\formula.va,0.0050690241424441,0.9989422338665797,0.0118809433732056,0.0174495791835065,0.0054463463805869,0.9988023261797851,0.0127663972322107,0.0216054736270914,1.0,5000,1.0,1.0,1.7763568394002505e-15,1.2513000013617178e-07,False,False,False,True
I_dark,46,bkan_parameter_mean,teacher_distillation,additive_spline,6,1560,240,360,240,0.0001,0.0050695070722068,0.0016753999516367,0.0070767999859526,43,8397,232,artifacts\results\multi_teacher_symbolic_pareto_10split\seed_46\I_dark\exports\I_dark\bkan_parameter_mean\additive_spline_6\formula.json,artifacts\results\multi_teacher_symbolic_pareto_10split\seed_46\I_dark\exports\I_dark\bkan_parameter_mean\additive_spline_6\formula.va,0.0036018938851332,0.9994659243635332,0.0077155118746787,0.0161898246802323,0.0039381671339608,0.9993737952948584,0.0086852384460901,0.0184721458454237,1.0,5000,1.0,1.0,1.7763568394002505e-15,1.382566678027312e-07,False,False,False,False
I_dark,46,bkan_parameter_mean,teacher_distillation,additive_spline,8,1560,240,360,240,0.0001,0.005152494352743,0.0014957999810576,0.0064090000232681,55,9553,268,artifacts\results\multi_teacher_symbolic_pareto_10split\seed_46\I_dark\exports\I_dark\bkan_parameter_mean\additive_spline_8\formula.json,artifacts\results\multi_teacher_symbolic_pareto_10split\seed_46\I_dark\exports\I_dark\bkan_parameter_mean\additive_spline_8\formula.va,0.0037219979349443,0.999429713364132,0.0075587995747303,0.0164491000034363,0.0037135647362832,0.9994431861390296,0.0078437559623462,0.0178412585931786,1.0,5000,1.0,1.0,1.7763568394002505e-15,1.345466667165359e-07,False,False,False,False
I_dark,46,dkan,teacher_distillation,polynomial,1,1560,240,360,240,1e-08,0.0489665292918498,0.0007996999775059,0.0024731999728828,7,815,23,artifacts\results\multi_teacher_symbolic_pareto_10split\seed_46\I_dark\exports\I_dark\dkan\polynomial_1\formula.json,artifacts\results\multi_teacher_symbolic_pareto_10split\seed_46\I_dark\exports\I_dark\dkan\polynomial_1\formula.va,0.0488366989077097,0.9007710958146924,0.1119982859103768,0.1655127161920733,0.0474109007594033,0.9092420970171204,0.1248277100089926,0.1432008895308527,1.0,5000,1.0,1.0,8.881784197001252e-16,1.522899993384878e-07,False,False,False,False
I_dark,46,dkan,teacher_distillation,polynomial,2,1560,240,360,240,1e-08,0.023294424710164,0.0009583000210113,0.003141900000628,28,1577,44,artifacts\results\multi_teacher_symbolic_pareto_10split\seed_46\I_dark\exports\I_dark\dkan\polynomial_2\formula.json,artifacts\results\multi_teacher_symbolic_pareto_10split\seed_46\I_dark\exports\I_dark\dkan\polynomial_2\formula.va,0.0245535298274072,0.974917347273686,0.0533621502451532,0.0914308513486936,0.0212755743008533,0.9817236013009424,0.0509881115409059,0.0665833910270352,1.0,5000,1.0,1.0,8.881784197001252e-16,9.31789999594912e-07,False,False,False,True
I_dark,46,dkan,teacher_distillation,polynomial,3,1560,240,360,240,1e-08,0.013574064802768,0.0015088000218383,0.0054177999845705,84,3627,100,artifacts\results\multi_teacher_symbolic_pareto_10split\seed_46\I_dark\exports\I_dark\dkan\polynomial_3\formula.json,artifacts\results\multi_teacher_symbolic_pareto_10split\seed_46\I_dark\exports\I_dark\dkan\polynomial_3\formula.va,0.0162134855148048,0.9890629960128317,0.0342078719731098,0.0510863848003282,0.0137119772486767,0.9924084893164646,0.0264733781345821,0.0505989325241529,1.0,5000,1.0,1.0,8.881784197001252e-16,3.2196733343880625e-06,False,False,False,True
I_dark,46,dkan,teacher_distillation,additive_spline,4,1560,240,360,240,1e-08,0.0104043363201707,0.001734799996484,0.0061762000550515,31,7055,196,artifacts\results\multi_teacher_symbolic_pareto_10split\seed_46\I_dark\exports\I_dark\dkan\additive_spline_4\formula.json,artifacts\results\multi_teacher_symbolic_pareto_10split\seed_46\I_dark\exports\I_dark\dkan\additive_spline_4\formula.va,0.015118106371236,0.9904908786843768,0.0299858829746135,0.0673617377440063,0.0055847189145457,0.9987406957226702,0.0122157256400191,0.0221373965978752,1.0,5000,1.0,1.0,1.7763568394002505e-15,1.2715333335412046e-07,False,False,False,True
I_dark,46,dkan,teacher_distillation,additive_spline,6,1560,240,360,240,1e-08,0.0101866870670222,0.0016841000178828,0.0065993999596685,43,8316,232,artifacts\results\multi_teacher_symbolic_pareto_10split\seed_46\I_dark\exports\I_dark\dkan\additive_spline_6\formula.json,artifacts\results\multi_teacher_symbolic_pareto_10split\seed_46\I_dark\exports\I_dark\dkan\additive_spline_6\formula.va,0.0145244638148882,0.9912230057764772,0.0260766660378853,0.0723039236527993,0.003841470768778,0.9994041689859952,0.0076823422488234,0.0157713895685889,1.0,5000,1.0,1.0,1.7763568394002505e-15,1.3058333230825764e-07,False,False,False,True
I_dark,46,dkan,teacher_distillation,additive_spline,8,1560,240,360,240,0.0001,0.0102609727382872,0.0016119999927468,0.007234799908474,55,9433,268,artifacts\results\multi_teacher_symbolic_pareto_10split\seed_46\I_dark\exports\I_dark\dkan\additive_spline_8\formula.json,artifacts\results\multi_teacher_symbolic_pareto_10split\seed_46\I_dark\exports\I_dark\dkan\additive_spline_8\formula.va,0.0137427795273407,0.9921423124962232,0.0266150547218932,0.0707904277604569,0.0044423637533024,0.9992031872523706,0.0074719935699521,0.0152265851765607,1.0,5000,1.0,1.0,1.7763568394002505e-15,1.3187000101121766e-07,False,False,False,False
I_dark,46,mlp_l,teacher_distillation,polynomial,1,1560,240,360,240,1e-08,0.0438281351874191,0.0010468999971635,0.0027238999609835,7,815,23,artifacts\results\multi_teacher_symbolic_pareto_10split\seed_46\I_dark\exports\I_dark\mlp_l\polynomial_1\formula.json,artifacts\results\multi_teacher_symbolic_pareto_10split\seed_46\I_dark\exports\I_dark\mlp_l\polynomial_1\formula.va,0.0429711849566275,0.921345490204542,0.0789753572117871,0.0936271109271951,0.0474454751566873,0.909109678358088,0.1249627581690755,0.1429528429476638,1.0,5000,1.0,1.0,8.881784197001252e-16,1.4865999886145196e-07,False,False,False,False
I_dark,46,mlp_l,teacher_distillation,polynomial,2,1560,240,360,240,0.01,0.0059694119927116,0.0008385000401176,0.0032887000706978,28,1583,44,artifacts\results\multi_teacher_symbolic_pareto_10split\seed_46\I_dark\exports\I_dark\mlp_l\polynomial_2\formula.json,artifacts\results\multi_teacher_symbolic_pareto_10split\seed_46\I_dark\exports\I_dark\mlp_l\polynomial_2\formula.va,0.0062531348619176,0.9983344235958904,0.0092643550656033,0.0257861958959582,0.0211285702601405,0.9819752911025242,0.0525931112181616,0.0612058356686153,1.0,5000,1.0,1.0,8.881784197001252e-16,9.161000004193436e-07,False,False,False,True
I_dark,46,mlp_l,teacher_distillation,polynomial,3,1560,240,360,240,0.01,0.0016118841989849,0.0011630000080913,0.0052604000666178,84,3643,100,artifacts\results\multi_teacher_symbolic_pareto_10split\seed_46\I_dark\exports\I_dark\mlp_l\polynomial_3\formula.json,artifacts\results\multi_teacher_symbolic_pareto_10split\seed_46\I_dark\exports\I_dark\mlp_l\polynomial_3\formula.va,0.0016839725053982,0.9998792077803208,0.0030380808526893,0.0087494459653303,0.0170427778793073,0.9882724091165798,0.0452435009195528,0.052885831656777,1.0,5000,1.0,1.0,8.881784197001252e-16,3.0160999992707125e-06,False,False,False,False
I_dark,46,mlp_l,teacher_distillation,additive_spline,4,1560,240,360,240,1e-08,0.0061225304871664,0.0016561999800615,0.0059009999968111,31,7119,196,artifacts\results\multi_teacher_symbolic_pareto_10split\seed_46\I_dark\exports\I_dark\mlp_l\additive_spline_4\formula.json,artifacts\results\multi_teacher_symbolic_pareto_10split\seed_46\I_dark\exports\I_dark\mlp_l\additive_spline_4\formula.va,0.0040564707351377,0.9992990845009206,0.0079518324550899,0.0198667325460002,0.0176649281138799,0.9874005441669176,0.0393028355597724,0.0625539809979676,1.0,5000,1.0,1.0,2.664535259100376e-15,1.2598000078772504e-07,False,False,False,False
I_dark,46,mlp_l,teacher_distillation,additive_spline,6,1560,240,360,240,0.0001,0.0061666339533731,0.0014251000247895,0.0062292000511661,43,8377,232,artifacts\results\multi_teacher_symbolic_pareto_10split\seed_46\I_dark\exports\I_dark\mlp_l\additive_spline_6\formula.json,artifacts\results\multi_teacher_symbolic_pareto_10split\seed_46\I_dark\exports\I_dark\mlp_l\additive_spline_6\formula.va,0.0040674734936376,0.9992952770222144,0.0081109938440959,0.0196536174476129,0.0176818715437039,0.9873763628768776,0.0392079362286171,0.0624558894485263,1.0,5000,1.0,1.0,1.7763568394002505e-15,1.3029333398056526e-07,False,False,False,False
I_dark,46,mlp_l,teacher_distillation,additive_spline,8,1560,240,360,240,0.0001,0.0062175267294655,0.0015358999953605,0.006857200001832,55,9571,268,artifacts\results\multi_teacher_symbolic_pareto_10split\seed_46\I_dark\exports\I_dark\mlp_l\additive_spline_8\formula.json,artifacts\results\multi_teacher_symbolic_pareto_10split\seed_46\I_dark\exports\I_dark\mlp_l\additive_spline_8\formula.va,0.0041491873278467,0.9992666774249034,0.007871760864453,0.0198205748406774,0.0176677969562498,0.9873964514485548,0.0399277943200546,0.0626118736085157,1.0,5000,1.0,1.0,1.7763568394002505e-15,1.553599994319181e-07,False,False,False,False
I_dark,46,tcad_direct,direct_tcad,polynomial,1,1560,240,360,240,1e-08,0.0485387804297769,0.0007964000105857,0.0024373000487685,7,816,23,artifacts\results\multi_teacher_symbolic_pareto_10split\seed_46\I_dark\exports\I_dark\tcad_direct\polynomial_1\formula.json,artifacts\results\multi_teacher_symbolic_pareto_10split\seed_46\I_dark\exports\I_dark\tcad_direct\polynomial_1\formula.va,,,,,0.0473866356151293,0.9093349739720916,0.1259184954077482,0.1411961412663007,1.0,5000,1.0,1.0,0.0,1.487400014108668e-07,False,False,False,False
I_dark,46,tcad_direct,direct_tcad,polynomial,2,1560,240,360,240,0.01,0.0213534538424224,0.0007225999725051,0.0035520999808795,28,1587,44,artifacts\results\multi_teacher_symbolic_pareto_10split\seed_46\I_dark\exports\I_dark\tcad_direct\polynomial_2\formula.json,artifacts\results\multi_teacher_symbolic_pareto_10split\seed_46\I_dark\exports\I_dark\tcad_direct\polynomial_2\formula.va,,,,,0.0207930482704452,0.9825432109805518,0.0511209712772541,0.058679267438344,1.0,5000,1.0,1.0,8.881784197001252e-16,9.494466668305296e-07,False,False,True,True
I_dark,46,tcad_direct,direct_tcad,polynomial,3,1560,240,360,240,1e-08,0.0114229013806598,0.0016272999928332,0.0052411000360734,84,3641,100,artifacts\results\multi_teacher_symbolic_pareto_10split\seed_46\I_dark\exports\I_dark\tcad_direct\polynomial_3\formula.json,artifacts\results\multi_teacher_symbolic_pareto_10split\seed_46\I_dark\exports\I_dark\tcad_direct\polynomial_3\formula.va,,,,,0.0109861191667417,0.9951267729005272,0.0217527566395076,0.0274296706081162,1.0,5000,1.0,1.0,8.881784197001252e-16,2.9704733324858047e-06,False,False,False,True
I_dark,46,tcad_direct,direct_tcad,additive_spline,4,1560,240,360,240,1e-08,0.0057735394403716,0.0018045000033453,0.0057790999999269,31,7132,196,artifacts\results\multi_teacher_symbolic_pareto_10split\seed_46\I_dark\exports\I_dark\tcad_direct\additive_spline_4\formula.json,artifacts\results\multi_teacher_symbolic_pareto_10split\seed_46\I_dark\exports\I_dark\tcad_direct\additive_spline_4\formula.va,,,,,0.0049793368420878,0.9989989147733196,0.0101963007823854,0.0194799888861751,1.0,5000,1.0,1.0,1.7763568394002505e-15,1.2649333220906558e-07,False,False,True,True
I_dark,46,tcad_direct,direct_tcad,additive_spline,6,1560,240,360,240,1e-08,0.0042765711758279,0.0018183000502176,0.0061841000569984,43,8367,232,artifacts\results\multi_teacher_symbolic_pareto_10split\seed_46\I_dark\exports\I_dark\tcad_direct\additive_spline_6\formula.json,artifacts\results\multi_teacher_symbolic_pareto_10split\seed_46\I_dark\exports\I_dark\tcad_direct\additive_spline_6\formula.va,,,,,0.0032029228765158,0.9995857895968006,0.0054848964568391,0.018596692308014,1.0,5000,1.0,1.0,2.664535259100376e-15,1.275000007202228e-07,False,False,True,True
I_dark,46,tcad_direct,direct_tcad,additive_spline,8,1560,240,360,240,0.0001,0.0042900240890959,0.0015257999766618,0.0067498999997042,55,9576,268,artifacts\results\multi_teacher_symbolic_pareto_10split\seed_46\I_dark\exports\I_dark\tcad_direct\additive_spline_8\formula.json,artifacts\results\multi_teacher_symbolic_pareto_10split\seed_46\I_dark\exports\I_dark\tcad_direct\additive_spline_8\formula.va,,,,,0.0031727369966722,0.9995935602409092,0.0058579927669661,0.0186371294135367,1.0,5000,1.0,1.0,1.7763568394002505e-15,1.374433340970427e-07,False,False,True,True
I_photo,46,bkan_parameter_mean,teacher_distillation,polynomial,1,1664,256,384,256,0.01,0.0071552599885007,0.0006862000445835,0.0032554000499658,7,824,23,artifacts\results\multi_teacher_symbolic_pareto_10split\seed_46\I_photo\exports\I_photo\bkan_parameter_mean\polynomial_1\formula.json,artifacts\results\multi_teacher_symbolic_pareto_10split\seed_46\I_photo\exports\I_photo\bkan_parameter_mean\polynomial_1\formula.va,0.0074596466594698,0.8904700873799541,0.0167325713865318,0.0221066161818863,0.0078203544535712,0.8813225661859181,0.0159626554972894,0.0221174002190998,1.0,5000,1.0,1.0,0.0,2.657800000937035e-07,False,False,False,True
I_photo,46,bkan_parameter_mean,teacher_distillation,polynomial,2,1664,256,384,256,1e-08,0.0041129878523942,0.0009996000444516,0.0034757000394165,28,1597,44,artifacts\results\multi_teacher_symbolic_pareto_10split\seed_46\I_photo\exports\I_photo\bkan_parameter_mean\polynomial_2\formula.json,artifacts\results\multi_teacher_symbolic_pareto_10split\seed_46\I_photo\exports\I_photo\bkan_parameter_mean\polynomial_2\formula.va,0.0047755336171896,0.9551109886057942,0.0104045908753732,0.0170624125780323,0.005686597825209,0.9372490506224224,0.0116749710822021,0.0144368743268881,1.0,5000,1.0,1.0,4.440892098500626e-16,1.107573334593326e-06,False,False,False,False
I_photo,46,bkan_parameter_mean,teacher_distillation,polynomial,3,1664,256,384,256,0.01,0.0087627161405693,0.0016520000062882,0.0074440999887883,84,3653,100,artifacts\results\multi_teacher_symbolic_pareto_10split\seed_46\I_photo\exports\I_photo\bkan_parameter_mean\polynomial_3\formula.json,artifacts\results\multi_teacher_symbolic_pareto_10split\seed_46\I_photo\exports\I_photo\bkan_parameter_mean\polynomial_3\formula.va,0.0045813673309754,0.9586870262655228,0.0115420071164044,0.0149461691312016,0.0073513388824026,0.8951307509214939,0.0155493604168133,0.01872446972988,1.0,5000,1.0,1.0,4.440892098500626e-16,3.9498300000559536e-06,False,False,False,False
I_photo,46,bkan_parameter_mean,teacher_distillation,additive_spline,4,1664,256,384,256,0.01,0.0030941582368609,0.0015778999659232,0.0074268999160267,31,7129,196,artifacts\results\multi_teacher_symbolic_pareto_10split\seed_46\I_photo\exports\I_photo\bkan_parameter_mean\additive_spline_4\formula.json,artifacts\results\multi_teacher_symbolic_pareto_10split\seed_46\I_photo\exports\I_photo\bkan_parameter_mean\additive_spline_4\formula.va,0.0022366727860499,0.9901530635525716,0.0054645317536631,0.0068528245631864,0.0059263487219921,0.9318462624692212,0.0126448668677121,0.0140600966327615,1.0,5000,1.0,1.0,8.881784197001252e-16,1.254033336105446e-07,False,False,False,False
I_photo,46,bkan_parameter_mean,teacher_distillation,additive_spline,6,1664,256,384,256,0.01,0.0032298164273982,0.0014444999978877,0.0062647999729961,43,8328,232,artifacts\results\multi_teacher_symbolic_pareto_10split\seed_46\I_photo\exports\I_photo\bkan_parameter_mean\additive_spline_6\formula.json,artifacts\results\multi_teacher_symbolic_pareto_10split\seed_46\I_photo\exports\I_photo\bkan_parameter_mean\additive_spline_6\formula.va,0.0026182037644063,0.9865071679816032,0.0056075746274291,0.0069046836527486,0.0056647428695308,0.9377304575773152,0.0098542514890513,0.0141454610583453,1.0,5000,1.0,1.0,8.881784197001252e-16,1.4110000144379838e-07,False,False,False,False
I_photo,46,bkan_parameter_mean,teacher_distillation,additive_spline,8,1664,256,384,256,0.01,0.0032356357157065,0.0015803999849595,0.0068202000111341,55,9581,268,artifacts\results\multi_teacher_symbolic_pareto_10split\seed_46\I_photo\exports\I_photo\bkan_parameter_mean\additive_spline_8\formula.json,artifacts\results\multi_teacher_symbolic_pareto_10split\seed_46\I_photo\exports\I_photo\bkan_parameter_mean\additive_spline_8\formula.va,0.0025684600180899,0.9870150031977376,0.0045365493701475,0.0057415044025788,0.0061322057341627,0.9270292675789816,0.0112798809063004,0.0156262530466544,1.0,5000,1.0,1.0,8.881784197001252e-16,1.41493333891655e-07,False,False,False,False
I_photo,46,dkan,teacher_distillation,polynomial,1,1664,256,384,256,0.01,0.0079790296513533,0.000533600046765,0.002446400001645,7,824,23,artifacts\results\multi_teacher_symbolic_pareto_10split\seed_46\I_photo\exports\I_photo\dkan\polynomial_1\formula.json,artifacts\results\multi_teacher_symbolic_pareto_10split\seed_46\I_photo\exports\I_photo\dkan\polynomial_1\formula.va,0.0083236930662653,0.8656010706086201,0.0180388739427231,0.026509235570383,0.0078426999652175,0.8806433906540263,0.0158226409225774,0.0219188646201486,1.0,5000,1.0,1.0,4.440892098500626e-16,1.48156665576001e-07,False,False,False,False
I_photo,46,dkan,teacher_distillation,polynomial,2,1664,256,384,256,0.01,0.0051690857631297,0.0007282000151462,0.0033520000870339,28,1596,44,artifacts\results\multi_teacher_symbolic_pareto_10split\seed_46\I_photo\exports\I_photo\dkan\polynomial_2\formula.json,artifacts\results\multi_teacher_symbolic_pareto_10split\seed_46\I_photo\exports\I_photo\dkan\polynomial_2\formula.va,0.0061683063330112,0.9261933384059624,0.0135374178182491,0.0180509303294602,0.0056703131412363,0.937607935226304,0.0110701554681783,0.0150508135040916,1.0,5000,1.0,1.0,4.440892098500626e-16,9.20486665563658e-07,False,False,False,False
I_photo,46,dkan,teacher_distillation,polynomial,3,1664,256,384,256,0.01,0.0096324616438275,0.0024287999840453,0.0074223999399691,84,3645,100,artifacts\results\multi_teacher_symbolic_pareto_10split\seed_46\I_photo\exports\I_photo\dkan\polynomial_3\formula.json,artifacts\results\multi_teacher_symbolic_pareto_10split\seed_46\I_photo\exports\I_photo\dkan\polynomial_3\formula.va,0.006297957534184,0.923058056801564,0.0171482036630644,0.0192037909241502,0.0067390550348763,0.9118721291681172,0.0144147397316125,0.0171228245498373,1.0,5000,1.0,1.0,4.440892098500626e-16,2.982539999842023e-06,False,False,False,False
I_photo,46,dkan,teacher_distillation,additive_spline,4,1664,256,384,256,1e-08,0.0044937798136246,0.0017306000227108,0.0057699000462889,31,7137,196,artifacts\results\multi_teacher_symbolic_pareto_10split\seed_46\I_photo\exports\I_photo\dkan\additive_spline_4\formula.json,artifacts\results\multi_teacher_symbolic_pareto_10split\seed_46\I_photo\exports\I_photo\dkan\additive_spline_4\formula.va,0.0039794934493289,0.9692801364196556,0.0096529360294569,0.0129539740165038,0.006109107203084,0.9275779583233302,0.0130046235526414,0.0145126758660856,1.0,5000,1.0,1.0,8.881784197001252e-16,1.37739999142165e-07,False,False,False,False
I_photo,46,dkan,teacher_distillation,additive_spline,6,1664,256,384,256,1e-08,0.0042146169750575,0.0018392000347375,0.00644420000026,43,8336,232,artifacts\results\multi_teacher_symbolic_pareto_10split\seed_46\I_photo\exports\I_photo\dkan\additive_spline_6\formula.json,artifacts\results\multi_teacher_symbolic_pareto_10split\seed_46\I_photo\exports\I_photo\dkan\additive_spline_6\formula.va,0.0040182746854757,0.9686784722463452,0.0086246514761512,0.0119533812230598,0.0055632293718,0.9399422297709652,0.0092999885034038,0.0125273551021396,1.0,5000,1.0,1.0,4.440892098500626e-16,1.9174333428964018e-07,False,False,False,False
I_photo,46,dkan,teacher_distillation,additive_spline,8,1664,256,384,256,0.01,0.003373714865849,0.0024852000060491,0.0100962999858893,55,9526,268,artifacts\results\multi_teacher_symbolic_pareto_10split\seed_46\I_photo\exports\I_photo\dkan\additive_spline_8\formula.json,artifacts\results\multi_teacher_symbolic_pareto_10split\seed_46\I_photo\exports\I_photo\dkan\additive_spline_8\formula.va,0.0031360662950584,0.980921942021354,0.0054579205523936,0.0070890486586643,0.0067815249313787,0.9107578556856596,0.0120406323689661,0.0147224250439386,1.0,5000,1.0,1.0,8.881784197001252e-16,1.5207333296226958e-07,False,False,False,False
I_photo,46,mlp_l,teacher_distillation,polynomial,1,1664,256,384,256,0.01,0.0060507674281334,0.0005412999889813,0.002504899923224,7,825,23,artifacts\results\multi_teacher_symbolic_pareto_10split\seed_46\I_photo\exports\I_photo\mlp_l\polynomial_1\formula.json,artifacts\results\multi_teacher_symbolic_pareto_10split\seed_46\I_photo\exports\I_photo\mlp_l\polynomial_1\formula.va,0.0061163324820824,0.9237183728884768,0.0119929572308394,0.0150333852532345,0.0078102754655685,0.8816282755068549,0.015924359977736,0.0223535911239296,1.0,5000,1.0,1.0,0.0,1.4838666732733448e-07,False,False,True,True
I_photo,46,mlp_l,teacher_distillation,polynomial,2,1664,256,384,256,1e-08,0.000942348541109,0.0011758999899029,0.0034129000268876,28,1595,44,artifacts\results\multi_teacher_symbolic_pareto_10split\seed_46\I_photo\exports\I_photo\mlp_l\polynomial_2\formula.json,artifacts\results\multi_teacher_symbolic_pareto_10split\seed_46\I_photo\exports\I_photo\mlp_l\polynomial_2\formula.va,0.0009200331561068,0.998273984328852,0.0015709848134369,0.0025090756511674,0.005353897557617,0.9443768748620917,0.0103661747844954,0.0148382882470188,1.0,5000,1.0,1.0,4.440892098500626e-16,9.275233334240814e-07,False,False,True,True
I_photo,46,mlp_l,teacher_distillation,polynomial,3,1664,256,384,256,0.01,0.0001112944946718,0.0017300000181421,0.0068008000380359,84,3660,100,artifacts\results\multi_teacher_symbolic_pareto_10split\seed_46\I_photo\exports\I_photo\mlp_l\polynomial_3\formula.json,artifacts\results\multi_teacher_symbolic_pareto_10split\seed_46\I_photo\exports\I_photo\mlp_l\polynomial_3\formula.va,0.0001229990605123,0.9999691509804624,0.0002446059201669,0.0006296092347097,0.0051215700675818,0.9490995632513364,0.011051404149315,0.0139535117402327,1.0,5000,1.0,1.0,4.440892098500626e-16,2.9653700010385365e-06,False,False,False,True
I_photo,46,mlp_l,teacher_distillation,additive_spline,4,1664,256,384,256,1e-08,0.0010906180596475,0.0017471999744884,0.0057598000275902,31,7182,196,artifacts\results\multi_teacher_symbolic_pareto_10split\seed_46\I_photo\exports\I_photo\mlp_l\additive_spline_4\formula.json,artifacts\results\multi_teacher_symbolic_pareto_10split\seed_46\I_photo\exports\I_photo\mlp_l\additive_spline_4\formula.va,0.0017559571808857,0.9937126792022228,0.0042541506561092,0.0071443194417484,0.004919649430377,0.9530339988450354,0.009757889430555,0.0130390894340788,1.0,5000,1.0,1.0,8.881784197001252e-16,1.3729333295486868e-07,False,False,True,True
I_photo,46,mlp_l,teacher_distillation,additive_spline,6,1664,256,384,256,0.01,0.0013124378314203,0.0014969000476412,0.0064652999863028,43,8478,232,artifacts\results\multi_teacher_symbolic_pareto_10split\seed_46\I_photo\exports\I_photo\mlp_l\additive_spline_6\formula.json,artifacts\results\multi_teacher_symbolic_pareto_10split\seed_46\I_photo\exports\I_photo\mlp_l\additive_spline_6\formula.va,0.0016019908706131,0.9947669142558246,0.0036501041728116,0.0069880116833878,0.0048552324655812,0.9542558746021156,0.0092679208448842,0.01267597127128,1.0,5000,1.0,1.0,8.881784197001252e-16,1.3596333252886934e-07,False,False,True,True
I_photo,46,mlp_l,teacher_distillation,additive_spline,8,1664,256,384,256,0.01,0.0012568440436623,0.0015367000014521,0.0066908000153489,55,9684,268,artifacts\results\multi_teacher_symbolic_pareto_10split\seed_46\I_photo\exports\I_photo\mlp_l\additive_spline_8\formula.json,artifacts\results\multi_teacher_symbolic_pareto_10split\seed_46\I_photo\exports\I_photo\mlp_l\additive_spline_8\formula.va,0.0017491300168936,0.9937614743838245,0.0041849379624223,0.0068075261029236,0.0049166094773047,0.9530920234380024,0.0092304315594833,0.0123232269536859,1.0,5000,1.0,1.0,8.881784197001252e-16,1.6447000089101496e-07,False,False,False,False
I_photo,46,tcad_direct,direct_tcad,polynomial,1,1664,256,384,256,0.01,0.0074615279499318,0.000529600016307,0.0025574000319465,7,824,23,artifacts\results\multi_teacher_symbolic_pareto_10split\seed_46\I_photo\exports\I_photo\tcad_direct\polynomial_1\formula.json,artifacts\results\multi_teacher_symbolic_pareto_10split\seed_46\I_photo\exports\I_photo\tcad_direct\polynomial_1\formula.va,,,,,0.0078417136606439,0.8806734095423702,0.0159258819773054,0.0219138750975593,1.0,5000,1.0,1.0,0.0,1.583733343674491e-07,False,False,False,False
I_photo,46,tcad_direct,direct_tcad,polynomial,2,1664,256,384,256,1e-08,0.0046627614226419,0.0010747999767772,0.0036507000331766,28,1597,44,artifacts\results\multi_teacher_symbolic_pareto_10split\seed_46\I_photo\exports\I_photo\tcad_direct\polynomial_2\formula.json,artifacts\results\multi_teacher_symbolic_pareto_10split\seed_46\I_photo\exports\I_photo\tcad_direct\polynomial_2\formula.va,,,,,0.0059166249277332,0.9320697286444268,0.0122884861694633,0.0157749881506052,1.0,5000,1.0,1.0,4.440892098500626e-16,9.110166671841096e-07,False,False,False,False
I_photo,46,tcad_direct,direct_tcad,polynomial,3,1664,256,384,256,0.01,0.0103666104083553,0.0016892999992705,0.0072598999831825,84,3653,100,artifacts\results\multi_teacher_symbolic_pareto_10split\seed_46\I_photo\exports\I_photo\tcad_direct\polynomial_3\formula.json,artifacts\results\multi_teacher_symbolic_pareto_10split\seed_46\I_photo\exports\I_photo\tcad_direct\polynomial_3\formula.va,,,,,0.0085176052486739,0.8592169762108863,0.0190800135887709,0.0204038947015692,1.0,5000,1.0,1.0,4.440892098500626e-16,2.9929066658951344e-06,False,False,False,False
I_photo,46,tcad_direct,direct_tcad,additive_spline,4,1664,256,384,256,1e-08,0.0040175319184329,0.0016993000172078,0.0056644000578671,31,7119,196,artifacts\results\multi_teacher_symbolic_pareto_10split\seed_46\I_photo\exports\I_photo\tcad_direct\additive_spline_4\formula.json,artifacts\results\multi_teacher_symbolic_pareto_10split\seed_46\I_photo\exports\I_photo\tcad_direct\additive_spline_4\formula.va,,,,,0.0064307911392762,0.9197501774168342,0.0134171829454315,0.0149789914179518,1.0,5000,1.0,1.0,8.881784197001252e-16,1.2621333395751816e-07,False,False,False,False
I_photo,46,tcad_direct,direct_tcad,additive_spline,6,1664,256,384,256,1e-08,0.0041982095425933,0.0017655999981798,0.0062522999942302,43,8316,232,artifacts\results\multi_teacher_symbolic_pareto_10split\seed_46\I_photo\exports\I_photo\tcad_direct\additive_spline_6\formula.json,artifacts\results\multi_teacher_symbolic_pareto_10split\seed_46\I_photo\exports\I_photo\tcad_direct\additive_spline_6\formula.va,,,,,0.0058485735477559,0.9336233724791984,0.0105747300680406,0.0137593377840765,1.0,5000,1.0,1.0,8.881784197001252e-16,1.2826666740390166e-07,False,False,False,False
I_photo,46,tcad_direct,direct_tcad,additive_spline,8,1664,256,384,256,0.01,0.0044152022261516,0.0015912000089883,0.0067651999997906,55,9553,268,artifacts\results\multi_teacher_symbolic_pareto_10split\seed_46\I_photo\exports\I_photo\tcad_direct\additive_spline_8\formula.json,artifacts\results\multi_teacher_symbolic_pareto_10split\seed_46\I_photo\exports\I_photo\tcad_direct\additive_spline_8\formula.va,,,,,0.0069755963875258,0.9055769641148816,0.0122699377900977,0.0157938909171537,1.0,5000,1.0,1.0,8.881784197001252e-16,1.3199333334341646e-07,False,False,False,False
AC_Response,46,bkan_parameter_mean,teacher_distillation,polynomial,1,2912,448,672,448,1e-08,0.9148725463067038,0.0011002999963238,0.0033405000576749,4,511,17,artifacts\results\multi_teacher_symbolic_pareto_10split\seed_46\AC_Response\exports\AC_Response\bkan_parameter_mean\polynomial_1\formula.json,artifacts\results\multi_teacher_symbolic_pareto_10split\seed_46\AC_Response\exports\AC_Response\bkan_parameter_mean\polynomial_1\formula.va,0.9150888051841316,0.8587440958541709,1.4461677054120743,1.6473005018077664,0.9135152678280596,0.8608622752445947,1.442270003638018,1.712437900027866,1.0,5000,1.0,1.0,0.0,9.397333293842773e-08,False,False,True,True
AC_Response,46,bkan_parameter_mean,teacher_distillation,polynomial,2,2912,448,672,448,1e-08,0.3064976414516538,0.0012672999873757,0.0034123000223189,10,691,23,artifacts\results\multi_teacher_symbolic_pareto_10split\seed_46\AC_Response\exports\AC_Response\bkan_parameter_mean\polynomial_2\formula.json,artifacts\results\multi_teacher_symbolic_pareto_10split\seed_46\AC_Response\exports\AC_Response\bkan_parameter_mean\polynomial_2\formula.va,0.3074180849754201,0.9840581414933148,0.561759213960819,0.5994844353039612,0.307383548470108,0.984246592163726,0.555723975373194,0.6495171444913956,1.0,5000,1.0,1.0,2.664535259100376e-15,1.8999000118734937e-07,False,False,False,False
AC_Response,46,bkan_parameter_mean,teacher_distillation,polynomial,3,2912,448,672,448,0.01,0.1618886780858582,0.0008194000110961,0.0042295000166632,20,993,33,artifacts\results\multi_teacher_symbolic_pareto_10split\seed_46\AC_Response\exports\AC_Response\bkan_parameter_mean\polynomial_3\formula.json,artifacts\results\multi_teacher_symbolic_pareto_10split\seed_46\AC_Response\exports\AC_Response\bkan_parameter_mean\polynomial_3\formula.va,0.1624447228535359,0.9955486541383126,0.3072221071289298,0.347250422575621,0.1683419586914741,0.9952750411694334,0.3239232485029662,0.5177833466301918,1.0,5000,1.0,1.0,4.440892098500626e-15,6.509666660955797e-07,False,False,False,False
AC_Response,46,bkan_parameter_mean,teacher_distillation,additive_spline,4,2912,448,672,448,1e-08,0.0813051519194352,0.0020840999786742,0.0073770000017248,16,3578,103,artifacts\results\multi_teacher_symbolic_pareto_10split\seed_46\AC_Response\exports\AC_Response\bkan_parameter_mean\additive_spline_4\formula.json,artifacts\results\multi_teacher_symbolic_pareto_10split\seed_46\AC_Response\exports\AC_Response\bkan_parameter_mean\additive_spline_4\formula.va,0.0837764254788451,0.9988160761296828,0.148598539200519,0.1677464027131301,0.1010330788944229,0.9982980748631888,0.1851726695985487,0.305587008163048,1.0,5000,1.0,1.0,3.6914915568786455e-15,9.63333334463338e-08,False,False,True,True
AC_Response,46,bkan_parameter_mean,teacher_distillation,additive_spline,6,2912,448,672,448,1e-08,0.0824907798215629,0.0028459000168368,0.0079045000020414,22,4182,121,artifacts\results\multi_teacher_symbolic_pareto_10split\seed_46\AC_Response\exports\AC_Response\bkan_parameter_mean\additive_spline_6\formula.json,artifacts\results\multi_teacher_symbolic_pareto_10split\seed_46\AC_Response\exports\AC_Response\bkan_parameter_mean\additive_spline_6\formula.va,0.0849109619682548,0.9987837925856328,0.1519936282144371,0.1701483442392711,0.1019387081715066,0.9982674270560384,0.1846794762578915,0.3217255743306602,1.0,5000,1.0,1.0,1.7763568394002505e-15,9.821000082107883e-08,False,False,False,False
AC_Response,46,bkan_parameter_mean,teacher_distillation,additive_spline,8,2912,448,672,448,1e-08,0.0721204731106447,0.0022125999676063,0.0084071999881416,28,4754,139,artifacts\results\multi_teacher_symbolic_pareto_10split\seed_46\AC_Response\exports\AC_Response\bkan_parameter_mean\additive_spline_8\formula.json,artifacts\results\multi_teacher_symbolic_pareto_10split\seed_46\AC_Response\exports\AC_Response\bkan_parameter_mean\additive_spline_8\formula.va,0.0750226648939909,0.9990505653050656,0.1292124035616316,0.1747446288857328,0.0938632029313624,0.9985310601378542,0.1752067660527382,0.3037626813081386,1.0,5000,1.0,1.0,2.664535259100376e-15,1.1607333435676992e-07,False,False,True,True
AC_Response,46,dkan,teacher_distillation,polynomial,1,2912,448,672,448,1e-08,0.915012783240488,0.0011117999674752,0.0033978999126702,4,512,17,artifacts\results\multi_teacher_symbolic_pareto_10split\seed_46\AC_Response\exports\AC_Response\dkan\polynomial_1\formula.json,artifacts\results\multi_teacher_symbolic_pareto_10split\seed_46\AC_Response\exports\AC_Response\dkan\polynomial_1\formula.va,0.9186215516191338,0.8568337472663271,1.4733334228482209,1.5651703274519253,0.9139719318519576,0.8607231312651914,1.4526565254253585,1.7112879243847603,1.0,5000,1.0,1.0,0.0,9.482666694869597e-08,False,False,False,False
AC_Response,46,dkan,teacher_distillation,polynomial,2,2912,448,672,448,1e-08,0.3108247366429741,0.0011635000118985,0.0038607000024057,10,691,23,artifacts\results\multi_teacher_symbolic_pareto_10split\seed_46\AC_Response\exports\AC_Response\dkan\polynomial_2\formula.json,artifacts\results\multi_teacher_symbolic_pareto_10split\seed_46\AC_Response\exports\AC_Response\dkan\polynomial_2\formula.va,0.3136862191871218,0.9833060819553776,0.5687048397058827,0.682876957230242,0.3115966953136823,0.9838117850301052,0.5707088306710235,0.6532486303349785,1.0,5000,1.0,1.0,4.440892098500626e-15,3.235533329037329e-07,False,False,False,False
AC_Response,46,dkan,teacher_distillation,polynomial,3,2912,448,672,448,1e-08,0.1605668135477163,0.0014001000090502,0.0045550999930128,20,989,33,artifacts\results\multi_teacher_symbolic_pareto_10split\seed_46\AC_Response\exports\AC_Response\dkan\polynomial_3\formula.json,artifacts\results\multi_teacher_symbolic_pareto_10split\seed_46\AC_Response\exports\AC_Response\dkan\polynomial_3\formula.va,0.1617428004570837,0.9955616932563668,0.3096194522505506,0.383107548416441,0.1763158544106815,0.9948168233686182,0.3291357183861224,0.5905404024908867,1.0,5000,1.0,1.0,2.664535259100376e-15,6.367299996782094e-07,False,False,False,True
AC_Response,46,dkan,teacher_distillation,additive_spline,4,2912,448,672,448,1e-06,0.0801455268622782,0.0015743999974802,0.0065740999998524,16,3548,103,artifacts\results\multi_teacher_symbolic_pareto_10split\seed_46\AC_Response\exports\AC_Response\dkan\additive_spline_4\formula.json,artifacts\results\multi_teacher_symbolic_pareto_10split\seed_46\AC_Response\exports\AC_Response\dkan\additive_spline_4\formula.va,0.0810528648770842,0.9988854382429078,0.1507806272938662,0.2003174907301632,0.1062387526733312,0.9981181751334745,0.2004130882852172,0.3392160820074155,1.0,5000,1.0,1.0,4.6906922790412856e-15,9.047666680999101e-08,False,False,False,False
AC_Response,46,dkan,teacher_distillation,additive_spline,6,2912,448,672,448,0.01,0.0814087889149,0.0016259000403806,0.0067213000147603,22,4150,121,artifacts\results\multi_teacher_symbolic_pareto_10split\seed_46\AC_Response\exports\AC_Response\dkan\additive_spline_6\formula.json,artifacts\results\multi_teacher_symbolic_pareto_10split\seed_46\AC_Response\exports\AC_Response\dkan\additive_spline_6\formula.va,0.0822746882400774,0.9988515822715562,0.1526048700767253,0.2011615323907447,0.1072452068829087,0.998082351259641,0.1960441168824419,0.346745334684158,1.0,5000,1.0,1.0,1.7763568394002505e-15,6.755000019135576e-08,False,False,False,False
AC_Response,46,dkan,teacher_distillation,additive_spline,8,2912,448,672,448,1e-08,0.0699353913041942,0.0017284000059589,0.0058576999581418,28,4719,139,artifacts\results\multi_teacher_symbolic_pareto_10split\seed_46\AC_Response\exports\AC_Response\dkan\additive_spline_8\formula.json,artifacts\results\multi_teacher_symbolic_pareto_10split\seed_46\AC_Response\exports\AC_Response\dkan\additive_spline_8\formula.va,0.0719382352376476,0.999122015281702,0.1371903772820114,0.2116732410596227,0.0995660852901834,0.9983471397291128,0.2023947559876764,0.3315246679206218,1.0,5000,1.0,1.0,3.386180225106728e-15,7.691666639099519e-08,False,False,False,False
AC_Response,46,mlp_l,teacher_distillation,polynomial,1,2912,448,672,448,1e-08,0.8576753521093106,0.0008021999965421,0.00262380001368,4,512,17,artifacts\results\multi_teacher_symbolic_pareto_10split\seed_46\AC_Response\exports\AC_Response\mlp_l\polynomial_1\formula.json,artifacts\results\multi_teacher_symbolic_pareto_10split\seed_46\AC_Response\exports\AC_Response\mlp_l\polynomial_1\formula.va,0.8569334514915691,0.872995939149042,1.5179207880223085,1.6419733723141403,0.9139118689534343,0.8607414361983541,1.4560806549266565,1.686495003549001,1.0,5000,1.0,1.0,4.440892098500626e-16,6.018333369866014e-08,False,False,False,False
AC_Response,46,mlp_l,teacher_distillation,polynomial,2,2912,448,672,448,1e-08,0.2259909731914314,0.00084799999604,0.0029373999568633,10,688,23,artifacts\results\multi_teacher_symbolic_pareto_10split\seed_46\AC_Response\exports\AC_Response\mlp_l\polynomial_2\formula.json,artifacts\results\multi_teacher_symbolic_pareto_10split\seed_46\AC_Response\exports\AC_Response\mlp_l\polynomial_2\formula.va,0.2257962427537693,0.9911822691871672,0.488120614540782,0.5281278652355814,0.3113091018698056,0.9838416536138846,0.5768921685131035,0.6786382707554446,1.0,5000,1.0,1.0,2.664535259100376e-15,1.996633344485114e-07,False,False,False,False
AC_Response,46,mlp_l,teacher_distillation,polynomial,3,2912,448,672,448,1e-08,0.023307113061526,0.0011072999914176,0.0034715999499894,20,997,33,artifacts\results\multi_teacher_symbolic_pareto_10split\seed_46\AC_Response\exports\AC_Response\mlp_l\polynomial_3\formula.json,artifacts\results\multi_teacher_symbolic_pareto_10split\seed_46\AC_Response\exports\AC_Response\mlp_l\polynomial_3\formula.va,0.0234010484071024,0.9999052903908074,0.0587911012831494,0.0975148924759743,0.1784673640928478,0.994689555242144,0.3555458077966778,0.4931785360689344,1.0,5000,1.0,1.0,5.3290705182007506e-15,4.034733322138588e-07,False,False,False,False
AC_Response,46,mlp_l,teacher_distillation,additive_spline,4,2912,448,672,448,1e-08,0.0306326427847586,0.0015587999951094,0.0051245000795461,16,3621,103,artifacts\results\multi_teacher_symbolic_pareto_10split\seed_46\AC_Response\exports\AC_Response\mlp_l\additive_spline_4\formula.json,artifacts\results\multi_teacher_symbolic_pareto_10split\seed_46\AC_Response\exports\AC_Response\mlp_l\additive_spline_4\formula.va,0.0329147316549793,0.999812628276275,0.0684213751689609,0.0972696583782477,0.1746248928006296,0.9949157653996684,0.3421986257424808,0.4447067968651312,1.0,5000,1.0,1.0,3.774758283725532e-15,6.6619998930643e-08,False,False,False,False
AC_Response,46,mlp_l,teacher_distillation,additive_spline,6,2912,448,672,448,1e-08,0.0299630145436478,0.0015263999812304,0.0056817000149749,22,4243,121,artifacts\results\multi_teacher_symbolic_pareto_10split\seed_46\AC_Response\exports\AC_Response\mlp_l\additive_spline_6\formula.json,artifacts\results\multi_teacher_symbolic_pareto_10split\seed_46\AC_Response\exports\AC_Response\mlp_l\additive_spline_6\formula.va,0.0322951658047379,0.9998196158178326,0.0677296185096387,0.0839660750961543,0.1748888086584379,0.9949003858730346,0.3433739968190718,0.4482932089089857,1.0,5000,1.0,1.0,2.664535259100376e-15,6.71100007214894e-08,False,False,False,False
AC_Response,46,mlp_l,teacher_distillation,additive_spline,8,2912,448,672,448,1e-08,0.0299549629228314,0.0015654999879188,0.0059328998904675,28,4829,139,artifacts\results\multi_teacher_symbolic_pareto_10split\seed_46\AC_Response\exports\AC_Response\mlp_l\additive_spline_8\formula.json,artifacts\results\multi_teacher_symbolic_pareto_10split\seed_46\AC_Response\exports\AC_Response\mlp_l\additive_spline_8\formula.va,0.0322872848770003,0.9998197038447068,0.0679070588581954,0.0836124791393793,0.1746822255437393,0.994912426345734,0.3417799147294932,0.4484403830719001,1.0,5000,1.0,1.0,3.996802888650564e-15,6.847666809335351e-08,False,False,False,False
AC_Response,46,tcad_direct,direct_tcad,polynomial,1,2912,448,672,448,1e-08,0.9197838440346818,0.000736300018616,0.0023839000496082,4,512,17,artifacts\results\multi_teacher_symbolic_pareto_10split\seed_46\AC_Response\exports\AC_Response\tcad_direct\polynomial_1\formula.json,artifacts\results\multi_teacher_symbolic_pareto_10split\seed_46\AC_Response\exports\AC_Response\tcad_direct\polynomial_1\formula.va,,,,,0.9135399021187796,0.8608547710342174,1.4361058443256152,1.6991712947938575,1.0,5000,1.0,1.0,0.0,5.4669999129449334e-08,False,False,False,False
AC_Response,46,tcad_direct,direct_tcad,polynomial,2,2912,448,672,448,1e-08,0.3090859195703249,0.0013649000320583,0.0037799000856466,10,687,23,artifacts\results\multi_teacher_symbolic_pareto_10split\seed_46\AC_Response\exports\AC_Response\tcad_direct\polynomial_2\formula.json,artifacts\results\multi_teacher_symbolic_pareto_10split\seed_46\AC_Response\exports\AC_Response\tcad_direct\polynomial_2\formula.va,,,,,0.3070254737946215,0.984283273442564,0.5544005047315428,0.6507491475825442,1.0,5000,1.0,1.0,3.552713678800501e-15,1.8171000022751589e-07,False,False,True,True
AC_Response,46,tcad_direct,direct_tcad,polynomial,3,2912,448,672,448,1e-08,0.1687353986179447,0.0013091000146232,0.0041885000537149,20,992,33,artifacts\results\multi_teacher_symbolic_pareto_10split\seed_46\AC_Response\exports\AC_Response\tcad_direct\polynomial_3\formula.json,artifacts\results\multi_teacher_symbolic_pareto_10split\seed_46\AC_Response\exports\AC_Response\tcad_direct\polynomial_3\formula.va,,,,,0.1679640918420103,0.9952962290126334,0.3260817423624104,0.5148659307848877,1.0,5000,1.0,1.0,3.552713678800501e-15,4.1956333443522454e-07,False,False,False,True
AC_Response,46,tcad_direct,direct_tcad,additive_spline,4,2912,448,672,448,0.0001,0.1055484772813983,0.0012043999740853,0.0052253000321798,16,3539,103,artifacts\results\multi_teacher_symbolic_pareto_10split\seed_46\AC_Response\exports\AC_Response\tcad_direct\additive_spline_4\formula.json,artifacts\results\multi_teacher_symbolic_pareto_10split\seed_46\AC_Response\exports\AC_Response\tcad_direct\additive_spline_4\formula.va,,,,,0.1021456140423536,0.9982603866819804,0.1868594821590551,0.3109285741861223,1.0,5000,1.0,1.0,3.774758283725532e-15,6.839666748419406e-08,False,False,False,True
AC_Response,46,tcad_direct,direct_tcad,additive_spline,6,2912,448,672,448,1e-06,0.106422506345586,0.0014276999863795,0.0056212000199593,22,4106,121,artifacts\results\multi_teacher_symbolic_pareto_10split\seed_46\AC_Response\exports\AC_Response\tcad_direct\additive_spline_6\formula.json,artifacts\results\multi_teacher_symbolic_pareto_10split\seed_46\AC_Response\exports\AC_Response\tcad_direct\additive_spline_6\formula.va,,,,,0.1027045742628106,0.9982412955998552,0.1923500922109266,0.3288043297105636,1.0,5000,1.0,1.0,1.7763568394002505e-15,7.58533327219387e-08,False,False,False,False
AC_Response,46,tcad_direct,direct_tcad,additive_spline,8,2912,448,672,448,1e-08,0.0991815960477714,0.0016725999885238,0.0057574999518692,28,4673,139,artifacts\results\multi_teacher_symbolic_pareto_10split\seed_46\AC_Response\exports\AC_Response\tcad_direct\additive_spline_8\formula.json,artifacts\results\multi_teacher_symbolic_pareto_10split\seed_46\AC_Response\exports\AC_Response\tcad_direct\additive_spline_8\formula.va,,,,,0.0953728082615472,0.9984834301486992,0.1787272799816226,0.3120508981309298,1.0,5000,1.0,1.0,3.774758283725532e-15,7.21500002934287e-08,False,False,False,True
Capacitance,46,bkan_parameter_mean,teacher_distillation,polynomial,1,41600,6400,9600,6400,0.01,1.9890872412933318e-15,0.0060777000035159,0.0224753999500535,8,931,25,artifacts\results\multi_teacher_symbolic_pareto_10split\seed_46\Capacitance\exports\Capacitance\bkan_parameter_mean\polynomial_1\formula.json,artifacts\results\multi_teacher_symbolic_pareto_10split\seed_46\Capacitance\exports\Capacitance\bkan_parameter_mean\polynomial_1\formula.va,1.9871762742303896e-15,0.6627976043930732,5.164622002397621e-15,7.356145928466869e-15,1.9911765018456363e-15,0.6620437012500759,5.151232170802021e-15,7.589795279683718e-15,1.0,5000,1.0,1.0,6.310887241768096e-30,2.701833339718481e-07,False,False,False,True
Capacitance,46,bkan_parameter_mean,teacher_distillation,polynomial,2,41600,6400,9600,6400,0.01,1.0843153566824854e-15,0.0143471999908797,0.0554997000726871,36,2021,53,artifacts\results\multi_teacher_symbolic_pareto_10split\seed_46\Capacitance\exports\Capacitance\bkan_parameter_mean\polynomial_2\formula.json,artifacts\results\multi_teacher_symbolic_pareto_10split\seed_46\Capacitance\exports\Capacitance\bkan_parameter_mean\polynomial_2\formula.va,1.0808034028798564e-15,0.9002503750347604,2.421122482464813e-15,3.682806231971077e-15,1.0887459468541489e-15,0.8989598154710534,2.3855842478186628e-15,4.008553947286353e-15,1.0,5000,1.0,1.0,6.310887241768096e-30,1.6605599996789048e-06,False,False,False,False
Capacitance,46,bkan_parameter_mean,teacher_distillation,polynomial,3,41600,6400,9600,6400,1e-08,5.152936822920017e-16,0.0490900999866426,0.1915110000409186,120,5289,137,artifacts\results\multi_teacher_symbolic_pareto_10split\seed_46\Capacitance\exports\Capacitance\bkan_parameter_mean\polynomial_3\formula.json,artifacts\results\multi_teacher_symbolic_pareto_10split\seed_46\Capacitance\exports\Capacitance\bkan_parameter_mean\polynomial_3\formula.va,5.145204254384441e-16,0.9773940321875256,1.0381365076785742e-15,1.5191724288499877e-15,5.215644551137101e-16,0.9768123358784906,1.0039837113792855e-15,1.8675112280165552e-15,1.0,5000,1.0,1.0,1.262177448353619e-29,4.773333333044624e-06,False,False,False,False
Capacitance,46,bkan_parameter_mean,teacher_distillation,additive_spline,4,41600,6400,9600,6400,0.01,2.996962463479298e-16,0.030287200002931,0.1265304999542422,36,8648,227,artifacts\results\multi_teacher_symbolic_pareto_10split\seed_46\Capacitance\exports\Capacitance\bkan_parameter_mean\additive_spline_4\formula.json,artifacts\results\multi_teacher_symbolic_pareto_10split\seed_46\Capacitance\exports\Capacitance\bkan_parameter_mean\additive_spline_4\formula.va,2.84738324464591e-16,0.9930767547724056,6.177641449739602e-16,2.0678592890843247e-15,3.005111295934224e-16,0.9923022792855278,6.502044406909784e-16,2.589272741474173e-15,1.0,5000,1.0,1.0,4.102076707149261e-29,1.473666673215727e-07,False,False,False,True
Capacitance,46,bkan_parameter_mean,teacher_distillation,additive_spline,6,41600,6400,9600,6400,0.01,2.6626859254014024e-16,0.0344899999909102,0.1398101999657228,50,10202,269,artifacts\results\multi_teacher_symbolic_pareto_10split\seed_46\Capacitance\exports\Capacitance\bkan_parameter_mean\additive_spline_6\formula.json,artifacts\results\multi_teacher_symbolic_pareto_10split\seed_46\Capacitance\exports\Capacitance\bkan_parameter_mean\additive_spline_6\formula.va,2.477654110893442e-16,0.99475797341351,4.671930334257834e-16,2.2276275875146278e-15,2.658372877467395e-16,0.9939761683934109,4.802913660795576e-16,2.7510140017648284e-15,1.0,5000,1.0,1.0,3.1554436208840467e-29,1.54383333089451e-07,False,False,False,True
Capacitance,46,bkan_parameter_mean,teacher_distillation,additive_spline,8,41600,6400,9600,6400,0.01,2.613350203432732e-16,0.0422075999667868,0.1694254999747499,64,11767,311,artifacts\results\multi_teacher_symbolic_pareto_10split\seed_46\Capacitance\exports\Capacitance\bkan_parameter_mean\additive_spline_8\formula.json,artifacts\results\multi_teacher_symbolic_pareto_10split\seed_46\Capacitance\exports\Capacitance\bkan_parameter_mean\additive_spline_8\formula.va,2.421943203066583e-16,0.994991060647462,4.1691839708649846e-16,2.261782997124768e-15,2.6040109319973925e-16,0.994220016023302,4.535696668655395e-16,2.7713094154744858e-15,1.0,5000,1.0,1.0,3.1554436208840467e-29,1.5426000075725217e-07,False,False,False,False
Capacitance,46,dkan,teacher_distillation,polynomial,1,41600,6400,9600,6400,0.01,1.960113756670784e-15,0.0036881000269204,0.016688100004103,8,935,25,artifacts\results\multi_teacher_symbolic_pareto_10split\seed_46\Capacitance\exports\Capacitance\dkan\polynomial_1\formula.json,artifacts\results\multi_teacher_symbolic_pareto_10split\seed_46\Capacitance\exports\Capacitance\dkan\polynomial_1\formula.va,1.93454342614108e-15,0.6742406932982519,4.936953576021778e-15,6.780838167324483e-15,1.9913655590914404e-15,0.6619795219869831,5.167617740720721e-15,7.666175580876498e-15,1.0,5000,1.0,1.0,6.310887241768096e-30,1.845666653631876e-07,False,False,False,False
Capacitance,46,dkan,teacher_distillation,polynomial,2,41600,6400,9600,6400,0.01,1.0588207017754845e-15,0.0140698000323027,0.0533093999838456,36,2022,53,artifacts\results\multi_teacher_symbolic_pareto_10split\seed_46\Capacitance\exports\Capacitance\dkan\polynomial_2\formula.json,artifacts\results\multi_teacher_symbolic_pareto_10split\seed_46\Capacitance\exports\Capacitance\dkan\polynomial_2\formula.va,1.0432998810503425e-15,0.905254589545484,1.9534803716050214e-15,3.624500611789771e-15,1.091038419243505e-15,0.898533865419324,2.294192517449843e-15,4.265087648809372e-15,1.0,5000,1.0,1.0,6.310887241768096e-30,1.2917000004866472e-06,False,False,False,False
Capacitance,46,dkan,teacher_distillation,polynomial,3,41600,6400,9600,6400,0.01,5.023094453968483e-16,0.0472431000089272,0.1891022000345401,120,5281,137,artifacts\results\multi_teacher_symbolic_pareto_10split\seed_46\Capacitance\exports\Capacitance\dkan\polynomial_3\formula.json,artifacts\results\multi_teacher_symbolic_pareto_10split\seed_46\Capacitance\exports\Capacitance\dkan\polynomial_3\formula.va,5.119502972331472e-16,0.977186313735776,9.864059914630502e-16,1.973726574465716e-15,5.381297426252529e-16,0.97531602937815,1.034833220493311e-15,2.464323193889598e-15,1.0,5000,1.0,1.0,1.262177448353619e-29,4.700006666826084e-06,False,False,False,True
Capacitance,46,dkan,teacher_distillation,additive_spline,4,41600,6400,9600,6400,0.01,2.465859720682406e-16,0.0316643000114709,0.1221118000685237,36,8642,227,artifacts\results\multi_teacher_symbolic_pareto_10split\seed_46\Capacitance\exports\Capacitance\dkan\additive_spline_4\formula.json,artifacts\results\multi_teacher_symbolic_pareto_10split\seed_46\Capacitance\exports\Capacitance\dkan\additive_spline_4\formula.va,2.679265918758786e-16,0.9937515614186548,6.111744700261519e-16,2.2988256810984008e-15,3.0555018484233744e-16,0.9920419597794012,6.407180494594941e-16,2.316555809312129e-15,1.0,5000,1.0,1.0,3.1554436208840467e-29,1.4561666563774148e-07,False,False,False,True
Capacitance,46,dkan,teacher_distillation,additive_spline,6,41600,6400,9600,6400,0.01,2.1537201207319102e-16,0.0347647999878972,0.138396899914369,50,10235,269,artifacts\results\multi_teacher_symbolic_pareto_10split\seed_46\Capacitance\exports\Capacitance\dkan\additive_spline_6\formula.json,artifacts\results\multi_teacher_symbolic_pareto_10split\seed_46\Capacitance\exports\Capacitance\dkan\additive_spline_6\formula.va,2.3397907918949007e-16,0.9952346596874548,4.817909623426994e-16,2.401427703232903e-15,2.806248039406553e-16,0.9932873633765938,5.13689268504045e-16,2.418925291706786e-15,1.0,5000,1.0,1.0,3.786532345060857e-29,1.5053666623619696e-07,False,False,False,False
Capacitance,46,dkan,teacher_distillation,additive_spline,8,41600,6400,9600,6400,0.01,2.0724982469907838e-16,0.0410334999905899,0.1713459999882616,64,11796,311,artifacts\results\multi_teacher_symbolic_pareto_10split\seed_46\Capacitance\exports\Capacitance\dkan\additive_spline_8\formula.json,artifacts\results\multi_teacher_symbolic_pareto_10split\seed_46\Capacitance\exports\Capacitance\dkan\additive_spline_8\formula.va,2.2265542002814063e-16,0.9956847455527768,4.281714902834311e-16,2.436724767527036e-15,2.7738152998947616e-16,0.9934416270933506,4.90498175741284e-16,2.41379392303024e-15,1.0,5000,1.0,1.0,2.8398992587956425e-29,1.5095999891248841e-07,False,False,False,False
Capacitance,46,mlp_l,teacher_distillation,polynomial,1,41600,6400,9600,6400,0.01,1.892646729165252e-15,0.0036813999759033,0.0157749999780207,8,931,25,artifacts\results\multi_teacher_symbolic_pareto_10split\seed_46\Capacitance\exports\Capacitance\mlp_l\polynomial_1\formula.json,artifacts\results\multi_teacher_symbolic_pareto_10split\seed_46\Capacitance\exports\Capacitance\mlp_l\polynomial_1\formula.va,1.8815461686569685e-15,0.6821478059868624,4.087954412326216e-15,6.256038784076177e-15,1.9913230662473757e-15,0.6619939475635928,5.144937693940865e-15,7.657588812650441e-15,1.0,5000,1.0,1.0,6.310887241768096e-30,1.8898333461644748e-07,False,False,False,False
Capacitance,46,mlp_l,teacher_distillation,polynomial,2,41600,6400,9600,6400,0.01,8.745500683227794e-16,0.0131061000283807,0.0532669000676833,36,2011,53,artifacts\results\multi_teacher_symbolic_pareto_10split\seed_46\Capacitance\exports\Capacitance\mlp_l\polynomial_2\formula.json,artifacts\results\multi_teacher_symbolic_pareto_10split\seed_46\Capacitance\exports\Capacitance\mlp_l\polynomial_2\formula.va,8.690341466397587e-16,0.932193841953462,1.463422784105346e-15,2.4819412011906404e-15,1.0936286790761565e-15,0.8980515072621251,2.3225025927800004e-15,3.966899945294223e-15,1.0,5000,1.0,1.0,6.310887241768096e-30,1.2788466682347158e-06,False,False,False,True
Capacitance,46,mlp_l,teacher_distillation,polynomial,3,41600,6400,9600,6400,0.01,2.6943967308901173e-16,0.0461496000061742,0.1903069000109098,120,5288,137,artifacts\results\multi_teacher_symbolic_pareto_10split\seed_46\Capacitance\exports\Capacitance\mlp_l\polynomial_3\formula.json,artifacts\results\multi_teacher_symbolic_pareto_10split\seed_46\Capacitance\exports\Capacitance\mlp_l\polynomial_3\formula.va,2.698191968868692e-16,0.993463562010408,4.558566542684768e-16,6.616837649130829e-16,5.796658674621776e-16,0.9713584520997496,1.2373063210625965e-15,2.3087312525522093e-15,1.0,5000,1.0,1.0,1.262177448353619e-29,4.598213332549979e-06,False,False,False,False
Capacitance,46,mlp_l,teacher_distillation,additive_spline,4,41600,6400,9600,6400,0.01,2.639992259496397e-16,0.0315046999603509,0.1239907998824492,36,8667,227,artifacts\results\multi_teacher_symbolic_pareto_10split\seed_46\Capacitance\exports\Capacitance\mlp_l\additive_spline_4\formula.json,artifacts\results\multi_teacher_symbolic_pareto_10split\seed_46\Capacitance\exports\Capacitance\mlp_l\additive_spline_4\formula.va,2.4872508594909556e-16,0.9944456322057756,5.229790994997644e-16,1.7633900474536618e-15,4.701483915461198e-16,0.981158696839126,1.0472038461719142e-15,2.4903400372435363e-15,1.0,5000,1.0,1.0,2.524354896707238e-29,1.804200001060963e-07,False,False,False,False
Capacitance,46,mlp_l,teacher_distillation,additive_spline,6,41600,6400,9600,6400,0.01,2.599333739030693e-16,0.0345691999536939,0.1417456999770365,50,10223,269,artifacts\results\multi_teacher_symbolic_pareto_10split\seed_46\Capacitance\exports\Capacitance\mlp_l\additive_spline_6\formula.json,artifacts\results\multi_teacher_symbolic_pareto_10split\seed_46\Capacitance\exports\Capacitance\mlp_l\additive_spline_6\formula.va,2.445874508019622e-16,0.9946288930992926,5.218040661844236e-16,1.7333762272630525e-15,4.849357980386298e-16,0.9799548404127034,1.1223151901028646e-15,2.5065735079794245e-15,1.0,5000,1.0,1.0,1.8932661725304286e-29,1.6548000082063177e-07,False,False,False,False
Capacitance,46,mlp_l,teacher_distillation,additive_spline,8,41600,6400,9600,6400,0.01,2.596041485166349e-16,0.0425554999965243,0.1698512999573722,64,11770,311,artifacts\results\multi_teacher_symbolic_pareto_10split\seed_46\Capacitance\exports\Capacitance\mlp_l\additive_spline_8\formula.json,artifacts\results\multi_teacher_symbolic_pareto_10split\seed_46\Capacitance\exports\Capacitance\mlp_l\additive_spline_8\formula.va,2.444269278789388e-16,0.9946359409085744,5.202196495850839e-16,1.7067879088399886e-15,4.859777777491412e-16,0.9798686059494986,1.134159107052625e-15,2.5100265960625823e-15,1.0,5000,1.0,1.0,2.2088105346188328e-29,1.7886999994516376e-07,False,False,False,False
Capacitance,46,tcad_direct,direct_tcad,polynomial,1,41600,6400,9600,6400,0.01,1.991580612694904e-15,0.0039881999837234,0.016445999906864,8,934,25,artifacts\results\multi_teacher_symbolic_pareto_10split\seed_46\Capacitance\exports\Capacitance\tcad_direct\polynomial_1\formula.json,artifacts\results\multi_teacher_symbolic_pareto_10split\seed_46\Capacitance\exports\Capacitance\tcad_direct\polynomial_1\formula.va,,,,,1.9911275530119424e-15,0.6620603169175632,5.152089133286663e-15,7.592445284068172e-15,1.0,5000,1.0,1.0,6.310887241768096e-30,1.909300005839517e-07,False,False,True,True
Capacitance,46,tcad_direct,direct_tcad,polynomial,2,41600,6400,9600,6400,0.01,1.0910073197726902e-15,0.0129652000032365,0.0521626999252475,36,2019,53,artifacts\results\multi_teacher_symbolic_pareto_10split\seed_46\Capacitance\exports\Capacitance\tcad_direct\polynomial_2\formula.json,artifacts\results\multi_teacher_symbolic_pareto_10split\seed_46\Capacitance\exports\Capacitance\tcad_direct\polynomial_2\formula.va,,,,,1.0884930794077557e-15,0.8990067443372017,2.405408287691233e-15,3.999457102719786e-15,1.0,5000,1.0,1.0,1.262177448353619e-29,1.3065299989345171e-06,False,False,False,True
Capacitance,46,tcad_direct,direct_tcad,polynomial,3,41600,6400,9600,6400,0.01,5.23504395854168e-16,0.0468743999954313,0.1886332000722177,120,5285,137,artifacts\results\multi_teacher_symbolic_pareto_10split\seed_46\Capacitance\exports\Capacitance\tcad_direct\polynomial_3\formula.json,artifacts\results\multi_teacher_symbolic_pareto_10split\seed_46\Capacitance\exports\Capacitance\tcad_direct\polynomial_3\formula.va,,,,,5.206947285944943e-16,0.976889603842934,1.0260018513128688e-15,1.8266984536763468e-15,1.0,5000,1.0,1.0,1.262177448353619e-29,4.641383333364502e-06,False,False,False,True
Capacitance,46,tcad_direct,direct_tcad,additive_spline,4,41600,6400,9600,6400,0.01,3.312207147347084e-16,0.0291319999960251,0.1197954000672325,36,8657,227,artifacts\results\multi_teacher_symbolic_pareto_10split\seed_46\Capacitance\exports\Capacitance\tcad_direct\additive_spline_4\formula.json,artifacts\results\multi_teacher_symbolic_pareto_10split\seed_46\Capacitance\exports\Capacitance\tcad_direct\additive_spline_4\formula.va,,,,,2.99607538895058e-16,0.9923485014114988,6.505076959299856e-16,2.5252503750822755e-15,1.0,5000,1.0,1.0,4.102076707149261e-29,1.6299000126309697e-07,False,False,True,True
Capacitance,46,tcad_direct,direct_tcad,additive_spline,6,41600,6400,9600,6400,0.01,3.0046458267678523e-16,0.0346268999855965,0.1391540999757126,50,10237,269,artifacts\results\multi_teacher_symbolic_pareto_10split\seed_46\Capacitance\exports\Capacitance\tcad_direct\additive_spline_6\formula.json,artifacts\results\multi_teacher_symbolic_pareto_10split\seed_46\Capacitance\exports\Capacitance\tcad_direct\additive_spline_6\formula.va,,,,,2.647654307579347e-16,0.994024646689062,4.860046552492403e-16,2.687721180333981e-15,1.0,5000,1.0,1.0,3.1554436208840467e-29,1.5080999971056978e-07,False,False,True,True
Capacitance,46,tcad_direct,direct_tcad,additive_spline,8,41600,6400,9600,6400,0.01,2.956698992804409e-16,0.0424414999433793,0.1689610998728312,64,11766,311,artifacts\results\multi_teacher_symbolic_pareto_10split\seed_46\Capacitance\exports\Capacitance\tcad_direct\additive_spline_8\formula.json,artifacts\results\multi_teacher_symbolic_pareto_10split\seed_46\Capacitance\exports\Capacitance\tcad_direct\additive_spline_8\formula.va,,,,,2.594089346603369e-16,0.9942639769416464,4.719387619134678e-16,2.698118268241519e-15,1.0,5000,1.0,1.0,3.470987982972452e-29,1.525333325844258e-07,False,False,True,True
I_dark,47,bkan_parameter_mean,teacher_distillation,polynomial,1,1560,240,360,240,0.01,0.047898863254874,0.0011230999953113,0.0034294999786652,7,820,23,artifacts\results\multi_teacher_symbolic_pareto_10split\seed_47\I_dark\exports\I_dark\bkan_parameter_mean\polynomial_1\formula.json,artifacts\results\multi_teacher_symbolic_pareto_10split\seed_47\I_dark\exports\I_dark\bkan_parameter_mean\polynomial_1\formula.va,0.0473966898075784,0.9257202169872064,0.1167526819799597,0.1466171297039888,0.0472673310104043,0.9280701654927784,0.1206928380807702,0.1492763127958989,1.0,5000,1.0,1.0,8.881784197001252e-16,2.800133331523587e-07,False,False,False,False
I_dark,47,bkan_parameter_mean,teacher_distillation,polynomial,2,1560,240,360,240,0.01,0.0206172153345026,0.0009218999766744,0.0041858999757096,28,1589,44,artifacts\results\multi_teacher_symbolic_pareto_10split\seed_47\I_dark\exports\I_dark\bkan_parameter_mean\polynomial_2\formula.json,artifacts\results\multi_teacher_symbolic_pareto_10split\seed_47\I_dark\exports\I_dark\bkan_parameter_mean\polynomial_2\formula.va,0.0201878608709112,0.9865241797506622,0.0447591362014615,0.0632830122722749,0.0207481566468052,0.9861405518787646,0.0486243528509636,0.0622228989680646,1.0,5000,1.0,1.0,8.881784197001252e-16,1.2848999991547316e-06,False,False,False,True
I_dark,47,bkan_parameter_mean,teacher_distillation,polynomial,3,1560,240,360,240,1e-08,0.0108462323502712,0.0017941999831236,0.0061579999746754,84,3649,100,artifacts\results\multi_teacher_symbolic_pareto_10split\seed_47\I_dark\exports\I_dark\bkan_parameter_mean\polynomial_3\formula.json,artifacts\results\multi_teacher_symbolic_pareto_10split\seed_47\I_dark\exports\I_dark\bkan_parameter_mean\polynomial_3\formula.va,0.0105808480021311,0.996298177808488,0.0208992952820926,0.0297849461222101,0.0110055610048237,0.9961004789265918,0.0217503647190754,0.0280124581691794,1.0,5000,1.0,1.0,8.881784197001252e-16,3.846423333743587e-06,False,False,False,False
I_dark,47,bkan_parameter_mean,teacher_distillation,additive_spline,4,1560,240,360,240,1e-08,0.0064366523739436,0.0018725999980233,0.0059067000402137,31,7080,196,artifacts\results\multi_teacher_symbolic_pareto_10split\seed_47\I_dark\exports\I_dark\bkan_parameter_mean\additive_spline_4\formula.json,artifacts\results\multi_teacher_symbolic_pareto_10split\seed_47\I_dark\exports\I_dark\bkan_parameter_mean\additive_spline_4\formula.va,0.0074951014488557,0.9981424965270158,0.0178507536922125,0.0308344662352544,0.0055127485839518,0.9990215846142232,0.0124040486614757,0.0211465438604276,1.0,5000,1.0,1.0,1.7763568394002505e-15,1.2613333334835868e-07,False,False,True,True
I_dark,47,bkan_parameter_mean,teacher_distillation,additive_spline,6,1560,240,360,240,1e-08,0.0054115793412129,0.0019982000230811,0.0063816999318078,43,8386,232,artifacts\results\multi_teacher_symbolic_pareto_10split\seed_47\I_dark\exports\I_dark\bkan_parameter_mean\additive_spline_6\formula.json,artifacts\results\multi_teacher_symbolic_pareto_10split\seed_47\I_dark\exports\I_dark\bkan_parameter_mean\additive_spline_6\formula.va,0.0066907864284042,0.9985197708995024,0.0168632294342513,0.0306801437968564,0.0041030327597237,0.9994580030161784,0.0072775177573434,0.0208020029698632,1.0,5000,1.0,1.0,1.7763568394002505e-15,1.3162333440656465e-07,False,False,True,True
I_dark,47,bkan_parameter_mean,teacher_distillation,additive_spline,8,1560,240,360,240,0.0001,0.005394207290693,0.0015104999765753,0.0064660999923944,55,9585,268,artifacts\results\multi_teacher_symbolic_pareto_10split\seed_47\I_dark\exports\I_dark\bkan_parameter_mean\additive_spline_8\formula.json,artifacts\results\multi_teacher_symbolic_pareto_10split\seed_47\I_dark\exports\I_dark\bkan_parameter_mean\additive_spline_8\formula.va,0.0068983082589624,0.9984265251771276,0.0168872300933612,0.0309112364080634,0.0042024929505306,0.9994314078128044,0.0078558207166892,0.017347022347792,1.0,5000,1.0,1.0,1.7763568394002505e-15,1.7285666738947235e-07,False,False,False,False
I_dark,47,dkan,teacher_distillation,polynomial,1,1560,240,360,240,0.01,0.0498826167954209,0.0005377000197768,0.0026824999949894,7,817,23,artifacts\results\multi_teacher_symbolic_pareto_10split\seed_47\I_dark\exports\I_dark\dkan\polynomial_1\formula.json,artifacts\results\multi_teacher_symbolic_pareto_10split\seed_47\I_dark\exports\I_dark\dkan\polynomial_1\formula.va,0.0486964756957192,0.9200348165781852,0.1050609546317954,0.1836794177976077,0.0472645297918783,0.9280786908404202,0.1203821520516678,0.1499061631712965,1.0,5000,1.0,1.0,0.0,1.474433345720172e-07,False,False,True,True
I_dark,47,dkan,teacher_distillation,polynomial,2,1560,240,360,240,0.01,0.0233729272326977,0.0007023999933153,0.0033229000400751,28,1593,44,artifacts\results\multi_teacher_symbolic_pareto_10split\seed_47\I_dark\exports\I_dark\dkan\polynomial_2\formula.json,artifacts\results\multi_teacher_symbolic_pareto_10split\seed_47\I_dark\exports\I_dark\dkan\polynomial_2\formula.va,0.0241208834364417,0.980380303033642,0.044792047874018,0.099688730650624,0.020782691017592,0.986094376630017,0.0486282762642613,0.0640976724254365,1.0,5000,1.0,1.0,8.881784197001252e-16,9.199233318213374e-07,False,False,False,False
I_dark,47,dkan,teacher_distillation,polynomial,3,1560,240,360,240,0.01,0.0151317556996976,0.0013118999777361,0.0053647000459022,84,3638,100,artifacts\results\multi_teacher_symbolic_pareto_10split\seed_47\I_dark\exports\I_dark\dkan\polynomial_3\formula.json,artifacts\results\multi_teacher_symbolic_pareto_10split\seed_47\I_dark\exports\I_dark\dkan\polynomial_3\formula.va,0.0160009030476375,0.991366341569989,0.0302428221392304,0.0635190466646413,0.0120141536048282,0.995352993700644,0.0246521285909139,0.0322954687232597,1.0,5000,1.0,1.0,8.881784197001252e-16,3.015259998695304e-06,False,False,False,True
I_dark,47,dkan,teacher_distillation,additive_spline,4,1560,240,360,240,1e-08,0.0124412840112796,0.0017301999614574,0.0059355999110266,31,7032,196,artifacts\results\multi_teacher_symbolic_pareto_10split\seed_47\I_dark\exports\I_dark\dkan\additive_spline_4\formula.json,artifacts\results\multi_teacher_symbolic_pareto_10split\seed_47\I_dark\exports\I_dark\dkan\additive_spline_4\formula.va,0.0159948034086729,0.9913729227187704,0.031088152920557,0.0591278738873102,0.0058969859453561,0.9988804407407476,0.0137171581274843,0.0261517629117209,1.0,5000,1.0,1.0,1.7763568394002505e-15,1.3810333330184222e-07,False,False,False,True
I_dark,47,dkan,teacher_distillation,additive_spline,6,1560,240,360,240,1e-08,0.012248566523835,0.0018048000056296,0.0061345999711193,43,8289,232,artifacts\results\multi_teacher_symbolic_pareto_10split\seed_47\I_dark\exports\I_dark\dkan\additive_spline_6\formula.json,artifacts\results\multi_teacher_symbolic_pareto_10split\seed_47\I_dark\exports\I_dark\dkan\additive_spline_6\formula.va,0.0163487918596831,0.9909868374223186,0.032223556138977,0.0571962852447578,0.0054123941458464,0.999056882655269,0.0105222466162585,0.0228141562623012,1.0,5000,1.0,1.0,1.7763568394002505e-15,1.518700000209113e-07,False,False,False,True
I_dark,47,dkan,teacher_distillation,additive_spline,8,1560,240,360,240,1e-08,0.0122058730144309,0.001855999988038,0.0064749000011943,55,9451,268,artifacts\results\multi_teacher_symbolic_pareto_10split\seed_47\I_dark\exports\I_dark\dkan\additive_spline_8\formula.json,artifacts\results\multi_teacher_symbolic_pareto_10split\seed_47\I_dark\exports\I_dark\dkan\additive_spline_8\formula.va,0.0161082543864228,0.9912501051434958,0.0316975185907518,0.0542762886826961,0.0075015650124428,0.9981882817647636,0.0177975747271693,0.0244605671265567,1.0,5000,1.0,1.0,1.7763568394002505e-15,1.3219333486631514e-07,False,False,False,False
I_dark,47,mlp_l,teacher_distillation,polynomial,1,1560,240,360,240,0.01,0.0436704047601145,0.000520100002177,0.0024728000280447,7,819,23,artifacts\results\multi_teacher_symbolic_pareto_10split\seed_47\I_dark\exports\I_dark\mlp_l\polynomial_1\formula.json,artifacts\results\multi_teacher_symbolic_pareto_10split\seed_47\I_dark\exports\I_dark\mlp_l\polynomial_1\formula.va,0.0431185164645678,0.9371849160321964,0.077520797430978,0.1046967507016889,0.0472901641054972,0.9280006554357126,0.1183690902987018,0.14965568126064,1.0,5000,1.0,1.0,8.881784197001252e-16,1.591166675401231e-07,False,False,False,False
I_dark,47,mlp_l,teacher_distillation,polynomial,2,1560,240,360,240,0.01,0.0097561665725254,0.0006900999578647,0.0030882999417372,28,1589,44,artifacts\results\multi_teacher_symbolic_pareto_10split\seed_47\I_dark\exports\I_dark\mlp_l\polynomial_2\formula.json,artifacts\results\multi_teacher_symbolic_pareto_10split\seed_47\I_dark\exports\I_dark\mlp_l\polynomial_2\formula.va,0.0102482260295964,0.9964515906471584,0.0177105068018086,0.0241416605169169,0.0211817543806781,0.9855552258389084,0.0519193241617221,0.0604268063710788,1.0,5000,1.0,1.0,8.881784197001252e-16,9.210466659472634e-07,False,False,False,False
I_dark,47,mlp_l,teacher_distillation,polynomial,3,1560,240,360,240,0.01,0.0015048984847741,0.0012076999992132,0.005638399918098,84,3638,100,artifacts\results\multi_teacher_symbolic_pareto_10split\seed_47\I_dark\exports\I_dark\mlp_l\polynomial_3\formula.json,artifacts\results\multi_teacher_symbolic_pareto_10split\seed_47\I_dark\exports\I_dark\mlp_l\polynomial_3\formula.va,0.0017360574030638,0.9998981726394452,0.0035972947342095,0.0073224879674143,0.0146161155518616,0.9931221795149332,0.0390487469762982,0.0446050327806837,1.0,5000,1.0,1.0,8.881784197001252e-16,2.9768099988965938e-06,False,False,False,False
I_dark,47,mlp_l,teacher_distillation,additive_spline,4,1560,240,360,240,1e-08,0.0069438394006259,0.0016941999783739,0.0058587999665178,31,7133,196,artifacts\results\multi_teacher_symbolic_pareto_10split\seed_47\I_dark\exports\I_dark\mlp_l\additive_spline_4\formula.json,artifacts\results\multi_teacher_symbolic_pareto_10split\seed_47\I_dark\exports\I_dark\mlp_l\additive_spline_4\formula.va,0.0078062329477787,0.997941175448818,0.0158775893944792,0.0266233420675661,0.0146988323261196,0.9930441121327026,0.0335281997315595,0.0558612379766367,1.0,5000,1.0,1.0,1.7763568394002505e-15,1.5163666685111824e-07,False,False,False,False
I_dark,47,mlp_l,teacher_distillation,additive_spline,6,1560,240,360,240,0.0001,0.0069556412630522,0.0016406000358983,0.0066822000662796,43,8361,232,artifacts\results\multi_teacher_symbolic_pareto_10split\seed_47\I_dark\exports\I_dark\mlp_l\additive_spline_6\formula.json,artifacts\results\multi_teacher_symbolic_pareto_10split\seed_47\I_dark\exports\I_dark\mlp_l\additive_spline_6\formula.va,0.0078209736313122,0.9979333926590344,0.0156457152090568,0.0273630543002711,0.0147918589356546,0.9929557880682248,0.0343688978607456,0.0558414805551628,1.0,5000,1.0,1.0,1.7763568394002505e-15,1.4278333401307462e-07,False,False,False,False
I_dark,47,mlp_l,teacher_distillation,additive_spline,8,1560,240,360,240,0.0001,0.0070569773836845,0.0015512999962083,0.0073923000018112,55,9581,268,artifacts\results\multi_teacher_symbolic_pareto_10split\seed_47\I_dark\exports\I_dark\mlp_l\additive_spline_8\formula.json,artifacts\results\multi_teacher_symbolic_pareto_10split\seed_47\I_dark\exports\I_dark\mlp_l\additive_spline_8\formula.va,0.0080679770577334,0.9978007954083112,0.0177101963610865,0.0272714784941543,0.0150725850380664,0.992685874864535,0.0353821287230446,0.0564177182171796,1.0,5000,1.0,1.0,1.7763568394002505e-15,1.320166668544213e-07,False,False,False,False
I_dark,47,tcad_direct,direct_tcad,polynomial,1,1560,240,360,240,0.01,0.0480639847266795,0.0005268000531941,0.0024004001170396,7,818,23,artifacts\results\multi_teacher_symbolic_pareto_10split\seed_47\I_dark\exports\I_dark\tcad_direct\polynomial_1\formula.json,artifacts\results\multi_teacher_symbolic_pareto_10split\seed_47\I_dark\exports\I_dark\tcad_direct\polynomial_1\formula.va,,,,,0.0473035249504514,0.9279599658762556,0.1211029486404541,0.1477302734354211,1.0,5000,1.0,1.0,8.881784197001252e-16,1.5296999869557717e-07,False,False,False,False
I_dark,47,tcad_direct,direct_tcad,polynomial,2,1560,240,360,240,0.01,0.0210773175725765,0.0007974000182002,0.0034365000319667,28,1590,44,artifacts\results\multi_teacher_symbolic_pareto_10split\seed_47\I_dark\exports\I_dark\tcad_direct\polynomial_2\formula.json,artifacts\results\multi_teacher_symbolic_pareto_10split\seed_47\I_dark\exports\I_dark\tcad_direct\polynomial_2\formula.va,,,,,0.0206821400585249,0.9862286076896194,0.0479600812752521,0.0609221910214836,1.0,5000,1.0,1.0,8.881784197001252e-16,9.31543332990259e-07,False,False,True,True
I_dark,47,tcad_direct,direct_tcad,polynomial,3,1560,240,360,240,1e-08,0.0110439052165659,0.0015996999572962,0.0050687999464571,84,3642,100,artifacts\results\multi_teacher_symbolic_pareto_10split\seed_47\I_dark\exports\I_dark\tcad_direct\polynomial_3\formula.json,artifacts\results\multi_teacher_symbolic_pareto_10split\seed_47\I_dark\exports\I_dark\tcad_direct\polynomial_3\formula.va,,,,,0.0107748559394261,0.996262253483882,0.0218600078467177,0.026098605541132,1.0,5000,1.0,1.0,8.881784197001252e-16,3.0718933344663432e-06,False,False,False,True
I_dark,47,tcad_direct,direct_tcad,additive_spline,4,1560,240,360,240,1e-08,0.0055959895693525,0.0017569999909028,0.0064052000525407,31,7132,196,artifacts\results\multi_teacher_symbolic_pareto_10split\seed_47\I_dark\exports\I_dark\tcad_direct\additive_spline_4\formula.json,artifacts\results\multi_teacher_symbolic_pareto_10split\seed_47\I_dark\exports\I_dark\tcad_direct\additive_spline_4\formula.va,,,,,0.0056132165979062,0.9989855970531878,0.0118188443250254,0.0199137122952937,1.0,5000,1.0,1.0,1.7763568394002505e-15,1.267766676998387e-07,False,False,False,False
I_dark,47,tcad_direct,direct_tcad,additive_spline,6,1560,240,360,240,0.0001,0.0041044766828641,0.001659000001382,0.0071280999691225,43,8372,232,artifacts\results\multi_teacher_symbolic_pareto_10split\seed_47\I_dark\exports\I_dark\tcad_direct\additive_spline_6\formula.json,artifacts\results\multi_teacher_symbolic_pareto_10split\seed_47\I_dark\exports\I_dark\tcad_direct\additive_spline_6\formula.va,,,,,0.0043092669629253,0.9994021479807492,0.0089814933676701,0.0203722241944976,1.0,5000,1.0,1.0,1.7763568394002505e-15,1.382133341394365e-07,False,False,False,True
I_dark,47,tcad_direct,direct_tcad,additive_spline,8,1560,240,360,240,0.0001,0.0040371746062396,0.0015255999751389,0.0067274999455548,55,9624,268,artifacts\results\multi_teacher_symbolic_pareto_10split\seed_47\I_dark\exports\I_dark\tcad_direct\additive_spline_8\formula.json,artifacts\results\multi_teacher_symbolic_pareto_10split\seed_47\I_dark\exports\I_dark\tcad_direct\additive_spline_8\formula.va,,,,,0.0045317126229603,0.9993388323080414,0.0107302373911789,0.0170891228190042,1.0,5000,1.0,1.0,1.7763568394002505e-15,1.3231333383979896e-07,False,False,False,False
I_photo,47,bkan_parameter_mean,teacher_distillation,polynomial,1,1664,256,384,256,0.01,0.0067049737517902,0.0007552999886684,0.0031054999562911,7,824,23,artifacts\results\multi_teacher_symbolic_pareto_10split\seed_47\I_photo\exports\I_photo\bkan_parameter_mean\polynomial_1\formula.json,artifacts\results\multi_teacher_symbolic_pareto_10split\seed_47\I_photo\exports\I_photo\bkan_parameter_mean\polynomial_1\formula.va,0.006903083197208,0.9038184187800192,0.013600960299165,0.0240181728954356,0.0074340871216431,0.893110781903119,0.0126308719914021,0.0233893599316186,1.0,5000,1.0,1.0,0.0,2.2720000124536453e-07,False,False,False,False
I_photo,47,bkan_parameter_mean,teacher_distillation,polynomial,2,1664,256,384,256,1e-08,0.0031631623253896,0.001275299990084,0.0041347999940626,28,1599,44,artifacts\results\multi_teacher_symbolic_pareto_10split\seed_47\I_photo\exports\I_photo\bkan_parameter_mean\polynomial_2\formula.json,artifacts\results\multi_teacher_symbolic_pareto_10split\seed_47\I_photo\exports\I_photo\bkan_parameter_mean\polynomial_2\formula.va,0.0037724745164249,0.9712751131377598,0.0069866667314317,0.012104256501014,0.0046824891833499,0.9575935250545432,0.0082635485387639,0.0108242983415958,1.0,5000,1.0,1.0,4.440892098500626e-16,1.0845266670609514e-06,False,False,False,True
I_photo,47,bkan_parameter_mean,teacher_distillation,polynomial,3,1664,256,384,256,0.01,0.0039442245943268,0.0023280999739654,0.008282299968414,84,3666,100,artifacts\results\multi_teacher_symbolic_pareto_10split\seed_47\I_photo\exports\I_photo\bkan_parameter_mean\polynomial_3\formula.json,artifacts\results\multi_teacher_symbolic_pareto_10split\seed_47\I_photo\exports\I_photo\bkan_parameter_mean\polynomial_3\formula.va,0.0066812312338573,0.9099012630682308,0.0161971849629957,0.0186266851755143,0.0074553353792717,0.892498882845383,0.0149732692682919,0.0178219014210552,1.0,5000,1.0,1.0,4.440892098500626e-16,4.0502633336776245e-06,False,False,False,False
I_photo,47,bkan_parameter_mean,teacher_distillation,additive_spline,4,1664,256,384,256,0.01,0.0017197805086052,0.0013289999915286,0.0058092000545002,31,7108,196,artifacts\results\multi_teacher_symbolic_pareto_10split\seed_47\I_photo\exports\I_photo\bkan_parameter_mean\additive_spline_4\formula.json,artifacts\results\multi_teacher_symbolic_pareto_10split\seed_47\I_photo\exports\I_photo\bkan_parameter_mean\additive_spline_4\formula.va,0.0022171629684081,0.9900779609963012,0.004292678706576,0.0067997975837137,0.0045411707892423,0.9601145699831816,0.0095383807601199,0.0111948651094007,1.0,5000,1.0,1.0,8.881784197001252e-16,1.2511333334259688e-07,False,False,False,False
I_photo,47,bkan_parameter_mean,teacher_distillation,additive_spline,6,1664,256,384,256,0.01,0.0018780983074013,0.0014289999962784,0.0061267000273801,43,8384,232,artifacts\results\multi_teacher_symbolic_pareto_10split\seed_47\I_photo\exports\I_photo\bkan_parameter_mean\additive_spline_6\formula.json,artifacts\results\multi_teacher_symbolic_pareto_10split\seed_47\I_photo\exports\I_photo\bkan_parameter_mean\additive_spline_6\formula.va,0.0022830075518951,0.9894798872721274,0.0041067867312811,0.007023339094228,0.0044856755676884,0.9610834505552146,0.0090566669086777,0.0098864280550574,1.0,5000,1.0,1.0,8.881784197001252e-16,1.2867333522687357e-07,False,False,False,False
I_photo,47,bkan_parameter_mean,teacher_distillation,additive_spline,8,1664,256,384,256,1e-08,0.0017910947246301,0.0018821000121533,0.006634300108999,55,9560,268,artifacts\results\multi_teacher_symbolic_pareto_10split\seed_47\I_photo\exports\I_photo\bkan_parameter_mean\additive_spline_8\formula.json,artifacts\results\multi_teacher_symbolic_pareto_10split\seed_47\I_photo\exports\I_photo\bkan_parameter_mean\additive_spline_8\formula.va,0.0023260873567339,0.989079117391183,0.0045303791533826,0.0049895199965703,0.0045669743957099,0.9596600123428006,0.0102769410144414,0.0106117674699364,1.0,5000,1.0,1.0,8.881784197001252e-16,1.3814666696513693e-07,False,False,False,False
I_photo,47,dkan,teacher_distillation,polynomial,1,1664,256,384,256,0.01,0.0065959443473529,0.0005665000062435,0.0025102999643422,7,823,23,artifacts\results\multi_teacher_symbolic_pareto_10split\seed_47\I_photo\exports\I_photo\dkan\polynomial_1\formula.json,artifacts\results\multi_teacher_symbolic_pareto_10split\seed_47\I_photo\exports\I_photo\dkan\polynomial_1\formula.va,0.0063946362190408,0.9157614952388986,0.0133517967373307,0.0179006365003191,0.0074371113904705,0.8930237967822261,0.0127914635744111,0.0225952126832722,1.0,5000,1.0,1.0,0.0,1.6832333446169893e-07,False,False,False,False
I_photo,47,dkan,teacher_distillation,polynomial,2,1664,256,384,256,1e-08,0.0029220523508353,0.0009924999903887,0.0032196999527513,28,1594,44,artifacts\results\multi_teacher_symbolic_pareto_10split\seed_47\I_photo\exports\I_photo\dkan\polynomial_2\formula.json,artifacts\results\multi_teacher_symbolic_pareto_10split\seed_47\I_photo\exports\I_photo\dkan\polynomial_2\formula.va,0.0030624288616662,0.9806798283167638,0.0054138494545705,0.0102555878549468,0.0048776234478025,0.9539854534151136,0.0087191652439546,0.0106376559585763,1.0,5000,1.0,1.0,0.0,1.0419666670107593e-06,False,False,False,True
I_photo,47,dkan,teacher_distillation,polynomial,3,1664,256,384,256,0.01,0.0047405142111238,0.0015207000542432,0.0065496001043356,84,3656,100,artifacts\results\multi_teacher_symbolic_pareto_10split\seed_47\I_photo\exports\I_photo\dkan\polynomial_3\formula.json,artifacts\results\multi_teacher_symbolic_pareto_10split\seed_47\I_photo\exports\I_photo\dkan\polynomial_3\formula.va,0.009578594753657,0.8109909659490262,0.0194610366553905,0.0207254729072956,0.0102900678032322,0.7952070130765866,0.0223226334390638,0.0241885960608509,1.0,5000,1.0,1.0,4.440892098500626e-16,3.008413332281634e-06,False,False,False,False
I_photo,47,dkan,teacher_distillation,additive_spline,4,1664,256,384,256,0.01,0.0019721693607729,0.0013171000173315,0.0059636999503709,31,7120,196,artifacts\results\multi_teacher_symbolic_pareto_10split\seed_47\I_photo\exports\I_photo\dkan\additive_spline_4\formula.json,artifacts\results\multi_teacher_symbolic_pareto_10split\seed_47\I_photo\exports\I_photo\dkan\additive_spline_4\formula.va,0.002036854856163,0.9914532868384466,0.0036712685965645,0.0044451575028281,0.0045810285001903,0.95941135111216,0.008761835893269,0.0104563490316111,1.0,5000,1.0,1.0,4.440892098500626e-16,1.259599986951798e-07,False,False,False,False
I_photo,47,dkan,teacher_distillation,additive_spline,6,1664,256,384,256,0.01,0.0024789330027448,0.0014658999862149,0.0065998999634757,43,8345,232,artifacts\results\multi_teacher_symbolic_pareto_10split\seed_47\I_photo\exports\I_photo\dkan\additive_spline_6\formula.json,artifacts\results\multi_teacher_symbolic_pareto_10split\seed_47\I_photo\exports\I_photo\dkan\additive_spline_6\formula.va,0.0018170972881615,0.9931980204230678,0.0035150006500117,0.0050606480443722,0.0044405185799322,0.961863047090308,0.0085330150863063,0.0096641747814691,1.0,5000,1.0,1.0,8.881784197001252e-16,1.2908333252804974e-07,False,False,False,False
I_photo,47,dkan,teacher_distillation,additive_spline,8,1664,256,384,256,0.0001,0.0023387954516622,0.0015917000127956,0.0069479999947361,55,9564,268,artifacts\results\multi_teacher_symbolic_pareto_10split\seed_47\I_photo\exports\I_photo\dkan\additive_spline_8\formula.json,artifacts\results\multi_teacher_symbolic_pareto_10split\seed_47\I_photo\exports\I_photo\dkan\additive_spline_8\formula.va,0.0021490909398072,0.990485443494829,0.0045241589556394,0.005838675592956,0.0046151480105961,0.9588044908552644,0.0098953555652376,0.0104422023300529,1.0,5000,1.0,1.0,8.881784197001252e-16,1.318433341414978e-07,False,False,False,False
I_photo,47,mlp_l,teacher_distillation,polynomial,1,1664,256,384,256,0.01,0.0058913775050114,0.0005350999999791,0.0026643999735824,7,822,23,artifacts\results\multi_teacher_symbolic_pareto_10split\seed_47\I_photo\exports\I_photo\mlp_l\polynomial_1\formula.json,artifacts\results\multi_teacher_symbolic_pareto_10split\seed_47\I_photo\exports\I_photo\mlp_l\polynomial_1\formula.va,0.0059823826536487,0.9255102301762428,0.0107026744029953,0.0152323574498272,0.0074600559236472,0.8923627053496065,0.0129243590857959,0.0227854206796331,1.0,5000,1.0,1.0,4.440892098500626e-16,1.4782999836218858e-07,False,False,False,False
I_photo,47,mlp_l,teacher_distillation,polynomial,2,1664,256,384,256,1e-08,0.0008210517767863,0.0009661000221967,0.0037351000355556,28,1602,44,artifacts\results\multi_teacher_symbolic_pareto_10split\seed_47\I_photo\exports\I_photo\mlp_l\polynomial_2\formula.json,artifacts\results\multi_teacher_symbolic_pareto_10split\seed_47\I_photo\exports\I_photo\mlp_l\polynomial_2\formula.va,0.0008203904409916,0.9985991570846732,0.0014441180742051,0.0021304515883699,0.0045248249861058,0.9604011859522766,0.0079462373875078,0.0116979003691475,1.0,5000,1.0,1.0,4.440892098500626e-16,9.6368999996533e-07,False,False,True,True
I_photo,47,mlp_l,teacher_distillation,polynomial,3,1664,256,384,256,0.01,0.0001415528827429,0.0016182999825105,0.0068469999823719,84,3666,100,artifacts\results\multi_teacher_symbolic_pareto_10split\seed_47\I_photo\exports\I_photo\mlp_l\polynomial_3\formula.json,artifacts\results\multi_teacher_symbolic_pareto_10split\seed_47\I_photo\exports\I_photo\mlp_l\polynomial_3\formula.va,0.0001515494729756,0.999952196783898,0.000279795501342,0.000462061086401,0.0042824724889199,0.9645294623988772,0.0070774624436719,0.0100173514335475,1.0,5000,1.0,1.0,4.440892098500626e-16,3.097949999695023e-06,False,False,False,True
I_photo,47,mlp_l,teacher_distillation,additive_spline,4,1664,256,384,256,1e-08,0.000803854519374,0.0016997999628074,0.0057927999296225,31,7301,196,artifacts\results\multi_teacher_symbolic_pareto_10split\seed_47\I_photo\exports\I_photo\mlp_l\additive_spline_4\formula.json,artifacts\results\multi_teacher_symbolic_pareto_10split\seed_47\I_photo\exports\I_photo\mlp_l\additive_spline_4\formula.va,0.0009268816061413,0.998211879498182,0.0018304923609751,0.0028685254952947,0.0043024734126929,0.964197364425842,0.0073449848316247,0.0107671355288725,1.0,5000,1.0,1.0,8.881784197001252e-16,1.46826667090257e-07,False,False,True,False
I_photo,47,mlp_l,teacher_distillation,additive_spline,6,1664,256,384,256,1e-08,0.0008076236257118,0.0018408999894745,0.0063173999660648,43,8581,232,artifacts\results\multi_teacher_symbolic_pareto_10split\seed_47\I_photo\exports\I_photo\mlp_l\additive_spline_6\formula.json,artifacts\results\multi_teacher_symbolic_pareto_10split\seed_47\I_photo\exports\I_photo\mlp_l\additive_spline_6\formula.va,0.0009026988971833,0.9983039678559016,0.0018645615438189,0.0028230365743131,0.0042884621472033,0.9644301716384864,0.0073493344929876,0.0107427948124545,1.0,5000,1.0,1.0,8.881784197001252e-16,1.2821666702317694e-07,False,False,True,False
I_photo,47,mlp_l,teacher_distillation,additive_spline,8,1664,256,384,256,0.0001,0.0008043668318001,0.001587200036738,0.0066401000367477,55,9789,268,artifacts\results\multi_teacher_symbolic_pareto_10split\seed_47\I_photo\exports\I_photo\mlp_l\additive_spline_8\formula.json,artifacts\results\multi_teacher_symbolic_pareto_10split\seed_47\I_photo\exports\I_photo\mlp_l\additive_spline_8\formula.va,0.0009375211514738,0.9981705927136144,0.0018455265550637,0.003155288331496,0.0042127349836174,0.9656752892749404,0.0073725394360613,0.0101074297789955,1.0,5000,1.0,1.0,4.440892098500626e-16,1.3213000105073053e-07,False,False,False,False
I_photo,47,tcad_direct,direct_tcad,polynomial,1,1664,256,384,256,0.01,0.0075060491174197,0.0005292000132612,0.00247800006764,7,821,23,artifacts\results\multi_teacher_symbolic_pareto_10split\seed_47\I_photo\exports\I_photo\tcad_direct\polynomial_1\formula.json,artifacts\results\multi_teacher_symbolic_pareto_10split\seed_47\I_photo\exports\I_photo\tcad_direct\polynomial_1\formula.va,,,,,0.0073807304427993,0.8946396277736329,0.0125502940134848,0.0227164717308276,1.0,5000,1.0,1.0,4.440892098500626e-16,1.5247999884498616e-07,False,False,True,True
I_photo,47,tcad_direct,direct_tcad,polynomial,2,1664,256,384,256,0.01,0.0047586558283813,0.0007216000230982,0.0032534000929445,28,1599,44,artifacts\results\multi_teacher_symbolic_pareto_10split\seed_47\I_photo\exports\I_photo\tcad_direct\polynomial_2\formula.json,artifacts\results\multi_teacher_symbolic_pareto_10split\seed_47\I_photo\exports\I_photo\tcad_direct\polynomial_2\formula.va,,,,,0.0047107896996038,0.9570793746499084,0.0083843512855436,0.0104447003792897,1.0,5000,1.0,1.0,4.440892098500626e-16,9.100800011462222e-07,False,False,False,False
I_photo,47,tcad_direct,direct_tcad,polynomial,3,1664,256,384,256,0.01,0.0071083945198623,0.0016002000193111,0.0074581999797374,84,3651,100,artifacts\results\multi_teacher_symbolic_pareto_10split\seed_47\I_photo\exports\I_photo\tcad_direct\polynomial_3\formula.json,artifacts\results\multi_teacher_symbolic_pareto_10split\seed_47\I_photo\exports\I_photo\tcad_direct\polynomial_3\formula.va,,,,,0.0088476595215867,0.8485966757750146,0.0149081855174197,0.0170268167382543,1.0,5000,1.0,1.0,4.440892098500626e-16,3.028566665792217e-06,False,False,False,False
I_photo,47,tcad_direct,direct_tcad,additive_spline,4,1664,256,384,256,0.01,0.0041611607715972,0.0015146000077947,0.0061352999764494,31,7111,196,artifacts\results\multi_teacher_symbolic_pareto_10split\seed_47\I_photo\exports\I_photo\tcad_direct\additive_spline_4\formula.json,artifacts\results\multi_teacher_symbolic_pareto_10split\seed_47\I_photo\exports\I_photo\tcad_direct\additive_spline_4\formula.va,,,,,0.0044391894628214,0.961885873654289,0.0084652915759261,0.0103389880914313,1.0,5000,1.0,1.0,8.881784197001252e-16,1.260366659456243e-07,False,False,False,False
I_photo,47,tcad_direct,direct_tcad,additive_spline,6,1664,256,384,256,0.01,0.0042115715174667,0.0017001000232994,0.0064827000605873,43,8350,232,artifacts\results\multi_teacher_symbolic_pareto_10split\seed_47\I_photo\exports\I_photo\tcad_direct\additive_spline_6\formula.json,artifacts\results\multi_teacher_symbolic_pareto_10split\seed_47\I_photo\exports\I_photo\tcad_direct\additive_spline_6\formula.va,,,,,0.0043833932197414,0.9628379665009432,0.0081526422473199,0.0089253138314018,1.0,5000,1.0,1.0,8.881784197001252e-16,1.2928999882812302e-07,False,False,False,False
I_photo,47,tcad_direct,direct_tcad,additive_spline,8,1664,256,384,256,0.01,0.0043405792087596,0.0016343999886885,0.0070333000621758,55,9577,268,artifacts\results\multi_teacher_symbolic_pareto_10split\seed_47\I_photo\exports\I_photo\tcad_direct\additive_spline_8\formula.json,artifacts\results\multi_teacher_symbolic_pareto_10split\seed_47\I_photo\exports\I_photo\tcad_direct\additive_spline_8\formula.va,,,,,0.0040355165009418,0.968502443595516,0.009443551136242,0.0100770546489505,1.0,5000,1.0,1.0,8.881784197001252e-16,1.353766672157993e-07,False,False,True,True
AC_Response,47,bkan_parameter_mean,teacher_distillation,polynomial,1,2912,448,672,448,1e-08,0.913585932133527,0.0010432000271975,0.0032258999999612,4,514,17,artifacts\results\multi_teacher_symbolic_pareto_10split\seed_47\AC_Response\exports\AC_Response\bkan_parameter_mean\polynomial_1\formula.json,artifacts\results\multi_teacher_symbolic_pareto_10split\seed_47\AC_Response\exports\AC_Response\bkan_parameter_mean\polynomial_1\formula.va,0.9121448291672408,0.8577236909466206,1.4627982567724611,1.7046030689753555,0.9225633993937666,0.8582436639765096,1.4949028594563465,1.733884531056999,1.0,5000,1.0,1.0,0.0,1.0970333435883125e-07,False,False,False,False
AC_Response,47,bkan_parameter_mean,teacher_distillation,polynomial,2,2912,448,672,448,1e-08,0.3063843534891147,0.0012634999584406,0.0038583999848924,10,686,23,artifacts\results\multi_teacher_symbolic_pareto_10split\seed_47\AC_Response\exports\AC_Response\bkan_parameter_mean\polynomial_2\formula.json,artifacts\results\multi_teacher_symbolic_pareto_10split\seed_47\AC_Response\exports\AC_Response\bkan_parameter_mean\polynomial_2\formula.va,0.3108440726215749,0.9834769517961648,0.5660617019299442,0.6364072181250655,0.3209026878601057,0.982848711705682,0.5930604568004206,0.729264978889308,1.0,5000,1.0,1.0,2.664535259100376e-15,2.4756666583319503e-07,False,False,False,True
AC_Response,47,bkan_parameter_mean,teacher_distillation,polynomial,3,2912,448,672,448,1e-08,0.1605776426020725,0.0012430000351741,0.0036782000097446,20,984,33,artifacts\results\multi_teacher_symbolic_pareto_10split\seed_47\AC_Response\exports\AC_Response\bkan_parameter_mean\polynomial_3\formula.json,artifacts\results\multi_teacher_symbolic_pareto_10split\seed_47\AC_Response\exports\AC_Response\bkan_parameter_mean\polynomial_3\formula.va,0.1642793931197734,0.9953850057022782,0.310456888497822,0.3684091892600227,0.1883820078272756,0.994089436597338,0.3531185265818822,0.9250352860928636,1.0,5000,1.0,1.0,3.552713678800501e-15,6.153166682148973e-07,False,False,False,True
AC_Response,47,bkan_parameter_mean,teacher_distillation,additive_spline,4,2912,448,672,448,1e-06,0.0791126895997329,0.0015701000229455,0.0064854000229388,16,3563,103,artifacts\results\multi_teacher_symbolic_pareto_10split\seed_47\AC_Response\exports\AC_Response\bkan_parameter_mean\additive_spline_4\formula.json,artifacts\results\multi_teacher_symbolic_pareto_10split\seed_47\AC_Response\exports\AC_Response\bkan_parameter_mean\additive_spline_4\formula.va,0.0847422918248448,0.998771980114536,0.1479334543577802,0.233937739457799,0.12497513454751,0.9973986591344512,0.2116826948137257,0.7330706089160097,1.0,5000,1.0,1.0,4.427014310692812e-15,1.0191999996701876e-07,False,False,False,False
AC_Response,47,bkan_parameter_mean,teacher_distillation,additive_spline,6,2912,448,672,448,1e-08,0.0800772667573686,0.0019670000183396,0.0069565000594593,22,4142,121,artifacts\results\multi_teacher_symbolic_pareto_10split\seed_47\AC_Response\exports\AC_Response\bkan_parameter_mean\additive_spline_6\formula.json,artifacts\results\multi_teacher_symbolic_pareto_10split\seed_47\AC_Response\exports\AC_Response\bkan_parameter_mean\additive_spline_6\formula.va,0.0858126572388187,0.9987407623800356,0.1492780222628284,0.2337326854567676,0.1256467745589719,0.9973706238070776,0.2069755300060982,0.7522914500207332,1.0,5000,1.0,1.0,1.7763568394002505e-15,1.0244666676347457e-07,False,False,False,False
AC_Response,47,bkan_parameter_mean,teacher_distillation,additive_spline,8,2912,448,672,448,1e-08,0.0692868553692998,0.0020387999829836,0.0073269999702461,28,4748,139,artifacts\results\multi_teacher_symbolic_pareto_10split\seed_47\AC_Response\exports\AC_Response\bkan_parameter_mean\additive_spline_8\formula.json,artifacts\results\multi_teacher_symbolic_pareto_10split\seed_47\AC_Response\exports\AC_Response\bkan_parameter_mean\additive_spline_8\formula.va,0.0759935844877775,0.9990124505556812,0.1410762431783957,0.2042790148728039,0.1195848821165088,0.9976182147740056,0.2120815418189761,0.7287303218343473,1.0,5000,1.0,1.0,2.886579864025407e-15,7.730333406167725e-08,False,False,False,False
AC_Response,47,dkan,teacher_distillation,polynomial,1,2912,448,672,448,1e-08,0.9226145393410704,0.0009600999765098,0.002970700035803,4,513,17,artifacts\results\multi_teacher_symbolic_pareto_10split\seed_47\AC_Response\exports\AC_Response\dkan\polynomial_1\formula.json,artifacts\results\multi_teacher_symbolic_pareto_10split\seed_47\AC_Response\exports\AC_Response\dkan\polynomial_1\formula.va,0.9110387179905286,0.8559922684486492,1.4844422085500657,2.13848626449205,0.922701160386702,0.8582013255276699,1.5005568523461752,1.7450530733757983,1.0,5000,1.0,1.0,0.0,6.008999965464077e-08,False,False,False,False
AC_Response,47,dkan,teacher_distillation,polynomial,2,2912,448,672,448,1e-08,0.3149895998433952,0.0009102000040002,0.0037494000862352,10,687,23,artifacts\results\multi_teacher_symbolic_pareto_10split\seed_47\AC_Response\exports\AC_Response\dkan\polynomial_2\formula.json,artifacts\results\multi_teacher_symbolic_pareto_10split\seed_47\AC_Response\exports\AC_Response\dkan\polynomial_2\formula.va,0.3454699229323522,0.9792922636528436,0.5860145760750362,1.8448138089317456,0.323947461929893,0.9825216995361188,0.5942835471427955,0.8474601562122723,1.0,5000,1.0,1.0,1.7763568394002505e-15,1.879466678171108e-07,False,False,False,False
AC_Response,47,dkan,teacher_distillation,polynomial,3,2912,448,672,448,1e-08,0.1775362793025412,0.0010334000107832,0.0046867000055499,20,988,33,artifacts\results\multi_teacher_symbolic_pareto_10split\seed_47\AC_Response\exports\AC_Response\dkan\polynomial_3\formula.json,artifacts\results\multi_teacher_symbolic_pareto_10split\seed_47\AC_Response\exports\AC_Response\dkan\polynomial_3\formula.va,0.2161769891835794,0.9918916764831478,0.3972101143989195,1.2234766316733356,0.1933143679856799,0.9937758750095332,0.3546400591096966,0.9780924243425472,1.0,5000,1.0,1.0,3.552713678800501e-15,5.964699996790539e-07,False,False,False,False
AC_Response,47,dkan,teacher_distillation,additive_spline,4,2912,448,672,448,1e-08,0.0922831622728408,0.0018854000372812,0.0067982000764459,16,3548,103,artifacts\results\multi_teacher_symbolic_pareto_10split\seed_47\AC_Response\exports\AC_Response\dkan\additive_spline_4\formula.json,artifacts\results\multi_teacher_symbolic_pareto_10split\seed_47\AC_Response\exports\AC_Response\dkan\additive_spline_4\formula.va,0.1669422846581741,0.9951644614939597,0.2535660634389503,1.458156877849099,0.1275721884714294,0.9972894211259172,0.2177741068546861,0.7516022459278631,1.0,5000,1.0,1.0,2.692290834716005e-15,9.608666490142545e-08,False,False,False,True
AC_Response,47,dkan,teacher_distillation,additive_spline,6,2912,448,672,448,1e-08,0.0926793730222061,0.0018273000023327,0.0070730000152252,22,4121,121,artifacts\results\multi_teacher_symbolic_pareto_10split\seed_47\AC_Response\exports\AC_Response\dkan\additive_spline_6\formula.json,artifacts\results\multi_teacher_symbolic_pareto_10split\seed_47\AC_Response\exports\AC_Response\dkan\additive_spline_6\formula.va,0.1672789497315912,0.9951449385978448,0.2528296073635904,1.4589496901565342,0.1280782884492554,0.9972678718360488,0.2201711917265239,0.7748242841948629,1.0,5000,1.0,1.0,2.664535259100376e-15,7.453666573079925e-08,False,False,False,False
AC_Response,47,dkan,teacher_distillation,additive_spline,8,2912,448,672,448,1e-08,0.0870329344535236,0.0018894000095315,0.0068791999947279,28,4695,139,artifacts\results\multi_teacher_symbolic_pareto_10split\seed_47\AC_Response\exports\AC_Response\dkan\additive_spline_8\formula.json,artifacts\results\multi_teacher_symbolic_pareto_10split\seed_47\AC_Response\exports\AC_Response\dkan\additive_spline_8\formula.va,0.1638921539568429,0.9953395434145484,0.2369648682703536,1.4651981380568635,0.1228266206944321,0.9974873323737924,0.2280170522055232,0.7675008130946646,1.0,5000,1.0,1.0,2.7478019859472624e-15,7.173666769328217e-08,False,False,False,False
AC_Response,47,mlp_l,teacher_distillation,polynomial,1,2912,448,672,448,1e-08,0.8657975511409629,0.0007420000038109,0.0024177999584935,4,513,17,artifacts\results\multi_teacher_symbolic_pareto_10split\seed_47\AC_Response\exports\AC_Response\mlp_l\polynomial_1\formula.json,artifacts\results\multi_teacher_symbolic_pareto_10split\seed_47\AC_Response\exports\AC_Response\mlp_l\polynomial_1\formula.va,0.8632539975548461,0.8695864866545762,1.519059788844147,1.6393514217297418,0.9236446779778636,0.8579111818637104,1.4818224216400713,1.7235818697065597,1.0,5000,1.0,1.0,0.0,5.87133322066317e-08,False,False,False,False
AC_Response,47,mlp_l,teacher_distillation,polynomial,2,2912,448,672,448,1e-08,0.2265934679241019,0.0009129000245593,0.0031127000111155,10,687,23,artifacts\results\multi_teacher_symbolic_pareto_10split\seed_47\AC_Response\exports\AC_Response\mlp_l\polynomial_2\formula.json,artifacts\results\multi_teacher_symbolic_pareto_10split\seed_47\AC_Response\exports\AC_Response\mlp_l\polynomial_2\formula.va,0.2261185863421348,0.9910521659278914,0.478808028100459,0.5290317499242079,0.3266551272295966,0.9822282990668764,0.6011244991814774,0.796745766233597,1.0,5000,1.0,1.0,2.664535259100376e-15,1.8733000033535066e-07,False,False,False,False
AC_Response,47,mlp_l,teacher_distillation,polynomial,3,2912,448,672,448,0.01,0.0280344757455943,0.000788899953477,0.0034825999755412,20,989,33,artifacts\results\multi_teacher_symbolic_pareto_10split\seed_47\AC_Response\exports\AC_Response\mlp_l\polynomial_3\formula.json,artifacts\results\multi_teacher_symbolic_pareto_10split\seed_47\AC_Response\exports\AC_Response\mlp_l\polynomial_3\formula.va,0.0281967967488502,0.999860862259552,0.0625676218680247,0.1033125691516279,0.1968098836096451,0.9935487503790652,0.3759080857113169,0.7908699907754446,1.0,5000,1.0,1.0,5.3290705182007506e-15,4.06210000316302e-07,False,False,False,False
AC_Response,47,mlp_l,teacher_distillation,additive_spline,4,2912,448,672,448,1e-08,0.0171554564952246,0.001550999993924,0.0050890999264083,16,3575,103,artifacts\results\multi_teacher_symbolic_pareto_10split\seed_47\AC_Response\exports\AC_Response\mlp_l\additive_spline_4\formula.json,artifacts\results\multi_teacher_symbolic_pareto_10split\seed_47\AC_Response\exports\AC_Response\mlp_l\additive_spline_4\formula.va,0.0234277374039399,0.9999039480704582,0.0468609566584628,0.140119683391231,0.1873814378520056,0.9941520564488892,0.3571388461063507,0.8152538825736384,1.0,5000,1.0,1.0,3.4416913763379853e-15,6.638666770110527e-08,False,False,False,False
AC_Response,47,mlp_l,teacher_distillation,additive_spline,6,2912,448,672,448,1e-08,0.0164438221215273,0.0015278999926522,0.0053856999729759,22,4182,121,artifacts\results\multi_teacher_symbolic_pareto_10split\seed_47\AC_Response\exports\AC_Response\mlp_l\additive_spline_6\formula.json,artifacts\results\multi_teacher_symbolic_pareto_10split\seed_47\AC_Response\exports\AC_Response\mlp_l\additive_spline_6\formula.va,0.0231442228140049,0.9999062587798498,0.0428154885654155,0.1420980673095568,0.1878281295521297,0.9941241418221912,0.3574508016314151,0.8207598961760674,1.0,5000,1.0,1.0,2.692290834716005e-15,7.327333441935479e-08,False,False,False,False
AC_Response,47,mlp_l,teacher_distillation,additive_spline,8,2912,448,672,448,1e-08,0.0163402806825403,0.0016075000166893,0.0057194999535568,28,4794,139,artifacts\results\multi_teacher_symbolic_pareto_10split\seed_47\AC_Response\exports\AC_Response\mlp_l\additive_spline_8\formula.json,artifacts\results\multi_teacher_symbolic_pareto_10split\seed_47\AC_Response\exports\AC_Response\mlp_l\additive_spline_8\formula.va,0.0228975825912298,0.9999082460716824,0.0421687875329079,0.1422246763015957,0.1876386804518368,0.9941359889790198,0.3564875849755142,0.8208451648887429,1.0,5000,1.0,1.0,3.552713678800501e-15,6.821333275487026e-08,False,False,False,False
AC_Response,47,tcad_direct,direct_tcad,polynomial,1,2912,448,672,448,1e-08,0.9198210849757084,0.000804099952802,0.002788099925965,4,512,17,artifacts\results\multi_teacher_symbolic_pareto_10split\seed_47\AC_Response\exports\AC_Response\tcad_direct\polynomial_1\formula.json,artifacts\results\multi_teacher_symbolic_pareto_10split\seed_47\AC_Response\exports\AC_Response\tcad_direct\polynomial_1\formula.va,,,,,0.92242076173663,0.8582874945220863,1.486896736289258,1.7188610771779125,1.0,5000,1.0,1.0,2.220446049250313e-16,5.55500000094374e-08,False,False,True,True
AC_Response,47,tcad_direct,direct_tcad,polynomial,2,2912,448,672,448,1e-08,0.3084072623581663,0.000858099956531,0.0029604999581351,10,689,23,artifacts\results\multi_teacher_symbolic_pareto_10split\seed_47\AC_Response\exports\AC_Response\tcad_direct\polynomial_2\formula.json,artifacts\results\multi_teacher_symbolic_pareto_10split\seed_47\AC_Response\exports\AC_Response\tcad_direct\polynomial_2\formula.va,,,,,0.3176223553285423,0.9831975674219366,0.5773146202607395,0.6781064879543082,1.0,5000,1.0,1.0,2.664535259100376e-15,1.8563333239095906e-07,False,False,True,True
AC_Response,47,tcad_direct,direct_tcad,polynomial,3,2912,448,672,448,1e-08,0.1688513777136386,0.001014599984046,0.0033631999976933,20,989,33,artifacts\results\multi_teacher_symbolic_pareto_10split\seed_47\AC_Response\exports\AC_Response\tcad_direct\polynomial_3\formula.json,artifacts\results\multi_teacher_symbolic_pareto_10split\seed_47\AC_Response\exports\AC_Response\tcad_direct\polynomial_3\formula.va,,,,,0.1792848885596785,0.994646504909596,0.356250295245514,0.655380120618795,1.0,5000,1.0,1.0,3.552713678800501e-15,4.027366676988701e-07,False,False,False,True
AC_Response,47,tcad_direct,direct_tcad,additive_spline,4,2912,448,672,448,1e-08,0.1028176235439924,0.0015211999998427,0.0058895000256598,16,3554,103,artifacts\results\multi_teacher_symbolic_pareto_10split\seed_47\AC_Response\exports\AC_Response\tcad_direct\additive_spline_4\formula.json,artifacts\results\multi_teacher_symbolic_pareto_10split\seed_47\AC_Response\exports\AC_Response\tcad_direct\additive_spline_4\formula.va,,,,,0.1227910489248194,0.997488787548424,0.2062120914076408,0.7041827893711377,1.0,5000,1.0,1.0,3.552713678800501e-15,6.63700009075304e-08,False,False,True,True
AC_Response,47,tcad_direct,direct_tcad,additive_spline,6,2912,448,672,448,0.01,0.1049524410657652,0.0017789999837987,0.0057948998874053,22,4129,121,artifacts\results\multi_teacher_symbolic_pareto_10split\seed_47\AC_Response\exports\AC_Response\tcad_direct\additive_spline_6\formula.json,artifacts\results\multi_teacher_symbolic_pareto_10split\seed_47\AC_Response\exports\AC_Response\tcad_direct\additive_spline_6\formula.va,,,,,0.1228667293285537,0.9974856910989522,0.2124559308387814,0.7066274087064572,1.0,5000,1.0,1.0,1.7763568394002505e-15,6.763000080051521e-08,False,False,False,False
AC_Response,47,tcad_direct,direct_tcad,additive_spline,8,2912,448,672,448,1e-08,0.0975220488589732,0.0017226000200025,0.0060243000043556,28,4722,139,artifacts\results\multi_teacher_symbolic_pareto_10split\seed_47\AC_Response\exports\AC_Response\tcad_direct\additive_spline_8\formula.json,artifacts\results\multi_teacher_symbolic_pareto_10split\seed_47\AC_Response\exports\AC_Response\tcad_direct\additive_spline_8\formula.va,,,,,0.1166698881276072,0.9977329160600318,0.2076052140945974,0.6890332123447855,1.0,5000,1.0,1.0,3.1086244689504387e-15,6.935666703308623e-08,False,False,True,True
Capacitance,47,bkan_parameter_mean,teacher_distillation,polynomial,1,41600,6400,9600,6400,0.01,1.992510599896963e-15,0.0048744999803602,0.0182583999703638,8,930,25,artifacts\results\multi_teacher_symbolic_pareto_10split\seed_47\Capacitance\exports\Capacitance\bkan_parameter_mean\polynomial_1\formula.json,artifacts\results\multi_teacher_symbolic_pareto_10split\seed_47\Capacitance\exports\Capacitance\bkan_parameter_mean\polynomial_1\formula.va,2.0236335778844185e-15,0.6379001883996785,5.474119472599079e-15,7.949667770814308e-15,2.021241779340457e-15,0.6388535927804928,5.40249231810058e-15,8.204062871500484e-15,1.0,5000,1.0,1.0,6.310887241768096e-30,3.328466652116428e-07,False,False,False,False
Capacitance,47,bkan_parameter_mean,teacher_distillation,polynomial,2,41600,6400,9600,6400,0.01,1.0838577110981189e-15,0.0153838000260293,0.0623414000147022,36,2022,53,artifacts\results\multi_teacher_symbolic_pareto_10split\seed_47\Capacitance\exports\Capacitance\bkan_parameter_mean\polynomial_2\formula.json,artifacts\results\multi_teacher_symbolic_pareto_10split\seed_47\Capacitance\exports\Capacitance\bkan_parameter_mean\polynomial_2\formula.va,1.1007476309902861e-15,0.8928628563050799,2.5968796237994245e-15,4.206656101223121e-15,1.1065600363472748e-15,0.8917577705914198,2.508436108493133e-15,4.430089258753587e-15,1.0,5000,1.0,1.0,6.310887241768096e-30,1.7449600001176198e-06,False,False,False,False
Capacitance,47,bkan_parameter_mean,teacher_distillation,polynomial,3,41600,6400,9600,6400,0.01,5.173495288211769e-16,0.0481111999833956,0.1924183000228367,120,5271,137,artifacts\results\multi_teacher_symbolic_pareto_10split\seed_47\Capacitance\exports\Capacitance\bkan_parameter_mean\polynomial_3\formula.json,artifacts\results\multi_teacher_symbolic_pareto_10split\seed_47\Capacitance\exports\Capacitance\bkan_parameter_mean\polynomial_3\formula.va,5.265989575557107e-16,0.9754797702580544,1.1072113871458934e-15,1.9044330859677267e-15,5.32949900438206e-16,0.974891571228596,1.0709763871893205e-15,2.1072649264552904e-15,1.0,5000,1.0,1.0,1.262177448353619e-29,4.6406766671376925e-06,False,False,False,True
Capacitance,47,bkan_parameter_mean,teacher_distillation,additive_spline,4,41600,6400,9600,6400,0.01,3.0245149158798192e-16,0.0302795000025071,0.1230204000021331,36,8633,227,artifacts\results\multi_teacher_symbolic_pareto_10split\seed_47\Capacitance\exports\Capacitance\bkan_parameter_mean\additive_spline_4\formula.json,artifacts\results\multi_teacher_symbolic_pareto_10split\seed_47\Capacitance\exports\Capacitance\bkan_parameter_mean\additive_spline_4\formula.va,2.9255575513154743e-16,0.9924319875690898,5.403448646534211e-16,2.4833507570564084e-15,3.0761386960839567e-16,0.9916351416429506,5.79911699751547e-16,2.262051351701074e-15,1.0,5000,1.0,1.0,4.102076707149261e-29,1.4711666735820474e-07,False,False,False,True
Capacitance,47,bkan_parameter_mean,teacher_distillation,additive_spline,6,41600,6400,9600,6400,0.01,2.68657565899827e-16,0.0348335999879054,0.1380148000316694,50,10167,269,artifacts\results\multi_teacher_symbolic_pareto_10split\seed_47\Capacitance\exports\Capacitance\bkan_parameter_mean\additive_spline_6\formula.json,artifacts\results\multi_teacher_symbolic_pareto_10split\seed_47\Capacitance\exports\Capacitance\bkan_parameter_mean\additive_spline_6\formula.va,2.544995316990054e-16,0.9942728505002764,4.357839409172546e-16,2.6386939831651758e-15,2.713954124999629e-16,0.9934889389081832,4.611018675686202e-16,2.327567091723474e-15,1.0,5000,1.0,1.0,3.1554436208840467e-29,1.4879000179159147e-07,False,False,False,True
Capacitance,47,bkan_parameter_mean,teacher_distillation,additive_spline,8,41600,6400,9600,6400,0.01,2.6311122284480773e-16,0.0473100999952293,0.177029600017704,64,11759,311,artifacts\results\multi_teacher_symbolic_pareto_10split\seed_47\Capacitance\exports\Capacitance\bkan_parameter_mean\additive_spline_8\formula.json,artifacts\results\multi_teacher_symbolic_pareto_10split\seed_47\Capacitance\exports\Capacitance\bkan_parameter_mean\additive_spline_8\formula.va,2.481742624626301e-16,0.99455399513873,3.800938935292334e-16,2.667640854454909e-15,2.657033156055342e-16,0.9937591935573444,4.224376334314538e-16,2.362437864132642e-15,1.0,5000,1.0,1.0,3.786532345060857e-29,1.689000016388794e-07,False,False,False,False
Capacitance,47,dkan,teacher_distillation,polynomial,1,41600,6400,9600,6400,0.01,1.946756840309172e-15,0.0045508999610319,0.016425899870228,8,932,25,artifacts\results\multi_teacher_symbolic_pareto_10split\seed_47\Capacitance\exports\Capacitance\dkan\polynomial_1\formula.json,artifacts\results\multi_teacher_symbolic_pareto_10split\seed_47\Capacitance\exports\Capacitance\dkan\polynomial_1\formula.va,1.9657028525569907e-15,0.6432934958335901,5.312021781762408e-15,6.716181315074834e-15,2.021963745005389e-15,0.6385955515361403,5.412152202712456e-15,8.306344994939079e-15,1.0,5000,1.0,1.0,6.310887241768096e-30,1.860633317846805e-07,False,False,False,False
Capacitance,47,dkan,teacher_distillation,polynomial,2,41600,6400,9600,6400,0.01,1.041844379807833e-15,0.0140868000453338,0.0548016001121141,36,2014,53,artifacts\results\multi_teacher_symbolic_pareto_10split\seed_47\Capacitance\exports\Capacitance\dkan\polynomial_2\formula.json,artifacts\results\multi_teacher_symbolic_pareto_10split\seed_47\Capacitance\exports\Capacitance\dkan\polynomial_2\formula.va,1.042659317409622e-15,0.8996401162545898,2.1671806778342184e-15,3.607974991428719e-15,1.1108914852739725e-15,0.8909087189665922,2.532565178712404e-15,4.884623546395937e-15,1.0,5000,1.0,1.0,6.310887241768096e-30,1.30249666593348e-06,False,False,False,True
Capacitance,47,dkan,teacher_distillation,polynomial,3,41600,6400,9600,6400,0.01,4.926610434504192e-16,0.0471181999891996,0.1941897999495268,120,5285,137,artifacts\results\multi_teacher_symbolic_pareto_10split\seed_47\Capacitance\exports\Capacitance\dkan\polynomial_3\formula.json,artifacts\results\multi_teacher_symbolic_pareto_10split\seed_47\Capacitance\exports\Capacitance\dkan\polynomial_3\formula.va,4.706755858711693e-16,0.9795488075166876,9.553700050922048e-16,1.7544635723794394e-15,5.53221075111853e-16,0.9729452080725552,1.0824417787454772e-15,2.8891721687263458e-15,1.0,5000,1.0,1.0,1.262177448353619e-29,4.675993334967643e-06,False,False,False,False
Capacitance,47,dkan,teacher_distillation,additive_spline,4,41600,6400,9600,6400,0.01,2.8352519636484545e-16,0.0295076000038534,0.1217868999810889,36,8649,227,artifacts\results\multi_teacher_symbolic_pareto_10split\seed_47\Capacitance\exports\Capacitance\dkan\additive_spline_4\formula.json,artifacts\results\multi_teacher_symbolic_pareto_10split\seed_47\Capacitance\exports\Capacitance\dkan\additive_spline_4\formula.va,2.5499502189422125e-16,0.9939974097753048,5.3686686107318645e-16,1.865101360160556e-15,3.2059854707626123e-16,0.9909140599859192,6.27208052798038e-16,2.5352802282248488e-15,1.0,5000,1.0,1.0,3.470987982972452e-29,1.4665000101861856e-07,False,False,False,False
Capacitance,47,dkan,teacher_distillation,additive_spline,6,41600,6400,9600,6400,0.01,2.6216669963197527e-16,0.0344313000096008,0.1385993999429047,50,10168,269,artifacts\results\multi_teacher_symbolic_pareto_10split\seed_47\Capacitance\exports\Capacitance\dkan\additive_spline_6\formula.json,artifacts\results\multi_teacher_symbolic_pareto_10split\seed_47\Capacitance\exports\Capacitance\dkan\additive_spline_6\formula.va,2.407938402885482e-16,0.9946473846065808,4.961080048393056e-16,2.0095136383296232e-15,2.892549277127488e-16,0.9926038059306732,5.142969711264735e-16,2.4011281576653377e-15,1.0,5000,1.0,1.0,3.1554436208840467e-29,1.497466660415133e-07,False,False,False,False
Capacitance,47,dkan,teacher_distillation,additive_spline,8,41600,6400,9600,6400,0.01,2.606383293427237e-16,0.0411622999818064,0.16528069996275,64,11746,311,artifacts\results\multi_teacher_symbolic_pareto_10split\seed_47\Capacitance\exports\Capacitance\dkan\additive_spline_8\formula.json,artifacts\results\multi_teacher_symbolic_pareto_10split\seed_47\Capacitance\exports\Capacitance\dkan\additive_spline_8\formula.va,2.3138194693747973e-16,0.9950576416094764,4.637291379133245e-16,2.1806267215771703e-15,2.91607080370012e-16,0.9924830286514392,5.331974314848198e-16,2.391210318103963e-15,1.0,5000,1.0,1.0,3.1554436208840467e-29,1.7704666630985838e-07,False,False,False,False
Capacitance,47,mlp_l,teacher_distillation,polynomial,1,41600,6400,9600,6400,0.01,1.8932223026901218e-15,0.0036977999843657,0.0157941000070422,8,935,25,artifacts\results\multi_teacher_symbolic_pareto_10split\seed_47\Capacitance\exports\Capacitance\mlp_l\polynomial_1\formula.json,artifacts\results\multi_teacher_symbolic_pareto_10split\seed_47\Capacitance\exports\Capacitance\mlp_l\polynomial_1\formula.va,1.9202916311239666e-15,0.657695554076035,4.4497564233814505e-15,6.545197058604825e-15,2.0216575552246063e-15,0.638704999562121,5.381872324981183e-15,8.2753690285639e-15,1.0,5000,1.0,1.0,6.310887241768096e-30,1.965433320341011e-07,False,False,False,False
Capacitance,47,mlp_l,teacher_distillation,polynomial,2,41600,6400,9600,6400,0.01,9.038244579465646e-16,0.0124226000043563,0.0521261999965645,36,2017,53,artifacts\results\multi_teacher_symbolic_pareto_10split\seed_47\Capacitance\exports\Capacitance\mlp_l\polynomial_2\formula.json,artifacts\results\multi_teacher_symbolic_pareto_10split\seed_47\Capacitance\exports\Capacitance\mlp_l\polynomial_2\formula.va,9.12158571713024e-16,0.9227641645306374,1.6347907749261452e-15,2.6037750500873963e-15,1.1123974767186518e-15,0.8906127370472411,2.4969578013430304e-15,4.4868882833477554e-15,1.0,5000,1.0,1.0,6.310887241768096e-30,1.2711133322833726e-06,False,False,False,False
Capacitance,47,mlp_l,teacher_distillation,polynomial,3,41600,6400,9600,6400,1e-08,2.762647733224585e-16,0.0479162000119686,0.1897916000452824,120,5287,137,artifacts\results\multi_teacher_symbolic_pareto_10split\seed_47\Capacitance\exports\Capacitance\mlp_l\polynomial_3\formula.json,artifacts\results\multi_teacher_symbolic_pareto_10split\seed_47\Capacitance\exports\Capacitance\mlp_l\polynomial_3\formula.va,2.7687773583826395e-16,0.9928837002791486,4.635300733081476e-16,6.15181246486044e-16,5.88245854458736e-16,0.9694110537687392,1.2116658322639633e-15,2.565455651207498e-15,1.0,5000,1.0,1.0,1.262177448353619e-29,4.630459998346244e-06,False,False,False,False
Capacitance,47,mlp_l,teacher_distillation,additive_spline,4,41600,6400,9600,6400,0.01,2.5292743684699703e-16,0.0309299000073224,0.122858399990946,36,8669,227,artifacts\results\multi_teacher_symbolic_pareto_10split\seed_47\Capacitance\exports\Capacitance\mlp_l\additive_spline_4\formula.json,artifacts\results\multi_teacher_symbolic_pareto_10split\seed_47\Capacitance\exports\Capacitance\mlp_l\additive_spline_4\formula.va,2.323006667826066e-16,0.9949906765568652,4.799593590406838e-16,1.6244728019456653e-15,4.8097094111414645e-16,0.9795504176695567,1.033489444706777e-15,3.040971130780915e-15,1.0,5000,1.0,1.0,3.1554436208840467e-29,1.468700007535517e-07,False,False,False,False
Capacitance,47,mlp_l,teacher_distillation,additive_spline,6,41600,6400,9600,6400,0.0001,2.4841529548250003e-16,0.0354538999963551,0.1381033999496139,50,10209,269,artifacts\results\multi_teacher_symbolic_pareto_10split\seed_47\Capacitance\exports\Capacitance\mlp_l\additive_spline_6\formula.json,artifacts\results\multi_teacher_symbolic_pareto_10split\seed_47\Capacitance\exports\Capacitance\mlp_l\additive_spline_6\formula.va,2.2687964657647567e-16,0.995221745962701,4.733314427779744e-16,1.5767723910470649e-15,4.941652583115427e-16,0.9784130550127852,1.0871871281126739e-15,3.085872380220759e-15,1.0,5000,1.0,1.0,3.1554436208840467e-29,1.81546665650482e-07,False,False,False,False
Capacitance,47,mlp_l,teacher_distillation,additive_spline,8,41600,6400,9600,6400,0.01,2.483270353135422e-16,0.0413729999563656,0.1662099999375641,64,11775,311,artifacts\results\multi_teacher_symbolic_pareto_10split\seed_47\Capacitance\exports\Capacitance\mlp_l\additive_spline_8\formula.json,artifacts\results\multi_teacher_symbolic_pareto_10split\seed_47\Capacitance\exports\Capacitance\mlp_l\additive_spline_8\formula.va,2.2688168137227846e-16,0.9952216602536916,4.720033112986451e-16,1.550002971006449e-15,4.959510031177347e-16,0.9782567573965144,1.09466549525358e-15,3.090292635248628e-15,1.0,5000,1.0,1.0,2.524354896707238e-29,1.789166650269181e-07,False,False,False,False
Capacitance,47,tcad_direct,direct_tcad,polynomial,1,41600,6400,9600,6400,0.01,1.987776284273081e-15,0.0039144999464042,0.0171355999773368,8,930,25,artifacts\results\multi_teacher_symbolic_pareto_10split\seed_47\Capacitance\exports\Capacitance\tcad_direct\polynomial_1\formula.json,artifacts\results\multi_teacher_symbolic_pareto_10split\seed_47\Capacitance\exports\Capacitance\tcad_direct\polynomial_1\formula.va,,,,,2.021183962083113e-15,0.6388742535409593,5.401076019969957e-15,8.184867180513353e-15,1.0,5000,1.0,1.0,6.310887241768096e-30,1.9667333302398521e-07,False,False,True,True
Capacitance,47,tcad_direct,direct_tcad,polynomial,2,41600,6400,9600,6400,0.01,1.0868569880905206e-15,0.0139284000033512,0.0557993000256828,36,2019,53,artifacts\results\multi_teacher_symbolic_pareto_10split\seed_47\Capacitance\exports\Capacitance\tcad_direct\polynomial_2\formula.json,artifacts\results\multi_teacher_symbolic_pareto_10split\seed_47\Capacitance\exports\Capacitance\tcad_direct\polynomial_2\formula.va,,,,,1.1064982095587694e-15,0.8917698658817732,2.5368786013381816e-15,4.4036976762116964e-15,1.0,5000,1.0,1.0,6.310887241768096e-30,1.3025433329554897e-06,False,False,False,True
Capacitance,47,tcad_direct,direct_tcad,polynomial,3,41600,6400,9600,6400,0.01,5.19157450959067e-16,0.0478296000510454,0.1961270000319928,120,5286,137,artifacts\results\multi_teacher_symbolic_pareto_10split\seed_47\Capacitance\exports\Capacitance\tcad_direct\polynomial_3\formula.json,artifacts\results\multi_teacher_symbolic_pareto_10split\seed_47\Capacitance\exports\Capacitance\tcad_direct\polynomial_3\formula.va,,,,,5.3188514773205915e-16,0.9749917966417644,1.0951827554379971e-15,2.0907843497731548e-15,1.0,5000,1.0,1.0,1.262177448353619e-29,4.669116666385283e-06,False,False,False,True
Capacitance,47,tcad_direct,direct_tcad,additive_spline,4,41600,6400,9600,6400,0.01,3.1449677727861173e-16,0.0308593999943695,0.1217761000152677,36,8662,227,artifacts\results\multi_teacher_symbolic_pareto_10split\seed_47\Capacitance\exports\Capacitance\tcad_direct\additive_spline_4\formula.json,artifacts\results\multi_teacher_symbolic_pareto_10split\seed_47\Capacitance\exports\Capacitance\tcad_direct\additive_spline_4\formula.va,,,,,3.0739902531998343e-16,0.99164682196453,5.670007734245291e-16,2.2506817545393346e-15,1.0,5000,1.0,1.0,3.786532345060857e-29,1.5497999847866596e-07,False,False,True,True
Capacitance,47,tcad_direct,direct_tcad,additive_spline,6,41600,6400,9600,6400,0.01,2.8268477975031903e-16,0.0340635000029578,0.1376722000422887,50,10183,269,artifacts\results\multi_teacher_symbolic_pareto_10split\seed_47\Capacitance\exports\Capacitance\tcad_direct\additive_spline_6\formula.json,artifacts\results\multi_teacher_symbolic_pareto_10split\seed_47\Capacitance\exports\Capacitance\tcad_direct\additive_spline_6\formula.va,,,,,2.7105612008816587e-16,0.9935052086946464,4.637479523424724e-16,2.2778380257751106e-15,1.0,5000,1.0,1.0,3.1554436208840467e-29,1.4967000073132416e-07,False,False,True,True
Capacitance,47,tcad_direct,direct_tcad,additive_spline,8,41600,6400,9600,6400,0.01,2.7763047209504476e-16,0.0452978999819606,0.1745049000019207,64,11759,311,artifacts\results\multi_teacher_symbolic_pareto_10split\seed_47\Capacitance\exports\Capacitance\tcad_direct\additive_spline_8\formula.json,artifacts\results\multi_teacher_symbolic_pareto_10split\seed_47\Capacitance\exports\Capacitance\tcad_direct\additive_spline_8\formula.va,,,,,2.6526618935636446e-16,0.9937797110001302,4.230287410889915e-16,2.3077599904755185e-15,1.0,5000,1.0,1.0,2.524354896707238e-29,1.5352000094329317e-07,False,False,True,True
I_dark,48,bkan_parameter_mean,teacher_distillation,polynomial,1,1560,240,360,240,0.01,0.0476309234692055,0.0006823999574407,0.0032011999282985,7,814,23,artifacts\results\multi_teacher_symbolic_pareto_10split\seed_48\I_dark\exports\I_dark\bkan_parameter_mean\polynomial_1\formula.json,artifacts\results\multi_teacher_symbolic_pareto_10split\seed_48\I_dark\exports\I_dark\bkan_parameter_mean\polynomial_1\formula.va,0.0485248466188114,0.9261414346800956,0.1255882747570198,0.1778501642488121,0.0484781823856376,0.9259284104261986,0.1285927927502355,0.1628501763487575,1.0,5000,1.0,1.0,8.881784197001252e-16,2.0804999900671346e-07,False,False,False,True
I_dark,48,bkan_parameter_mean,teacher_distillation,polynomial,2,1560,240,360,240,0.01,0.0210912073203147,0.0009322999976575,0.004134300048463,28,1587,44,artifacts\results\multi_teacher_symbolic_pareto_10split\seed_48\I_dark\exports\I_dark\bkan_parameter_mean\polynomial_2\formula.json,artifacts\results\multi_teacher_symbolic_pareto_10split\seed_48\I_dark\exports\I_dark\bkan_parameter_mean\polynomial_2\formula.va,0.0210693864268066,0.9860756060567916,0.0498475619134278,0.0797625140435096,0.0213499216611959,0.985633480065664,0.0526932147314282,0.064762526143455,1.0,5000,1.0,1.0,8.881784197001252e-16,1.3251566657951722e-06,False,False,False,True
I_dark,48,bkan_parameter_mean,teacher_distillation,polynomial,3,1560,240,360,240,1e-08,0.0119554828502317,0.0016643999842926,0.005810200003907,84,3660,100,artifacts\results\multi_teacher_symbolic_pareto_10split\seed_48\I_dark\exports\I_dark\bkan_parameter_mean\polynomial_3\formula.json,artifacts\results\multi_teacher_symbolic_pareto_10split\seed_48\I_dark\exports\I_dark\bkan_parameter_mean\polynomial_3\formula.va,0.0110014283461319,0.9962036112854782,0.0220950777348772,0.0371790742393933,0.0114535603153995,0.9958653379058064,0.0243291737135634,0.0308981104278256,1.0,5000,1.0,1.0,8.881784197001252e-16,3.982470000240331e-06,False,False,False,False
I_dark,48,bkan_parameter_mean,teacher_distillation,additive_spline,4,1560,240,360,240,1e-08,0.0101219001315146,0.0016694999649189,0.0060778999468311,31,7139,196,artifacts\results\multi_teacher_symbolic_pareto_10split\seed_48\I_dark\exports\I_dark\bkan_parameter_mean\additive_spline_4\formula.json,artifacts\results\multi_teacher_symbolic_pareto_10split\seed_48\I_dark\exports\I_dark\bkan_parameter_mean\additive_spline_4\formula.va,0.0069221666635485,0.9984970081426748,0.0132470170623125,0.0424591322533647,0.0060059866236361,0.998863085699042,0.0122532870232733,0.02745914435331,1.0,5000,1.0,1.0,1.7763568394002505e-15,1.2757333267169693e-07,False,False,False,True
I_dark,48,bkan_parameter_mean,teacher_distillation,additive_spline,6,1560,240,360,240,1e-08,0.0095695019331487,0.001699499960523,0.0063715999713167,43,8375,232,artifacts\results\multi_teacher_symbolic_pareto_10split\seed_48\I_dark\exports\I_dark\bkan_parameter_mean\additive_spline_6\formula.json,artifacts\results\multi_teacher_symbolic_pareto_10split\seed_48\I_dark\exports\I_dark\bkan_parameter_mean\additive_spline_6\formula.va,0.0059677773887282,0.99888288533267,0.0109360410083092,0.0370976933027531,0.0045618041671509,0.9993441080761684,0.0084720217315195,0.023271897046321,1.0,5000,1.0,1.0,1.7763568394002505e-15,1.349933329038322e-07,False,False,False,True
I_dark,48,bkan_parameter_mean,teacher_distillation,additive_spline,8,1560,240,360,240,0.0001,0.0094909730519175,0.0016561999800615,0.0066334999282844,55,9521,268,artifacts\results\multi_teacher_symbolic_pareto_10split\seed_48\I_dark\exports\I_dark\bkan_parameter_mean\additive_spline_8\formula.json,artifacts\results\multi_teacher_symbolic_pareto_10split\seed_48\I_dark\exports\I_dark\bkan_parameter_mean\additive_spline_8\formula.va,0.0061446506634066,0.998815685846604,0.0117626822850146,0.0379130092342485,0.004628658873411,0.9993247425908182,0.0084866684464774,0.0243375742375224,1.0,5000,1.0,1.0,1.7763568394002505e-15,1.3225000002421438e-07,False,False,False,False
I_dark,48,dkan,teacher_distillation,polynomial,1,1560,240,360,240,0.01,0.0500410777910675,0.0005599000141955,0.0029416000470519,7,813,23,artifacts\results\multi_teacher_symbolic_pareto_10split\seed_48\I_dark\exports\I_dark\dkan\polynomial_1\formula.json,artifacts\results\multi_teacher_symbolic_pareto_10split\seed_48\I_dark\exports\I_dark\dkan\polynomial_1\formula.va,0.0504341883530308,0.9173844397168132,0.1190789190639175,0.1900093653320684,0.0486022763188262,0.9255487097437396,0.1289677155055447,0.1680457899168379,1.0,5000,1.0,1.0,8.881784197001252e-16,1.4794666591721277e-07,False,False,False,False
I_dark,48,dkan,teacher_distillation,polynomial,2,1560,240,360,240,0.01,0.0296293687817318,0.0007017999887466,0.0031501000630669,28,1583,44,artifacts\results\multi_teacher_symbolic_pareto_10split\seed_48\I_dark\exports\I_dark\dkan\polynomial_2\formula.json,artifacts\results\multi_teacher_symbolic_pareto_10split\seed_48\I_dark\exports\I_dark\dkan\polynomial_2\formula.va,0.0278264197932228,0.9748506684820596,0.0662170445606493,0.1142174931038555,0.0219199191105093,0.9848561289656488,0.0529517138492147,0.0808506700035334,1.0,5000,1.0,1.0,8.881784197001252e-16,9.001999996447315e-07,False,False,False,False
I_dark,48,dkan,teacher_distillation,polynomial,3,1560,240,360,240,1e-08,0.0319650876993424,0.0015322999679483,0.0050467999535612,84,3634,100,artifacts\results\multi_teacher_symbolic_pareto_10split\seed_48\I_dark\exports\I_dark\dkan\polynomial_3\formula.json,artifacts\results\multi_teacher_symbolic_pareto_10split\seed_48\I_dark\exports\I_dark\dkan\polynomial_3\formula.va,0.0206986486595357,0.9860845977108148,0.0509390708946077,0.0860131034101474,0.0142773538118309,0.9935752763441972,0.0262335528504852,0.0584744422677001,1.0,5000,1.0,1.0,8.881784197001252e-16,2.9817199994189044e-06,False,False,False,True
I_dark,48,dkan,teacher_distillation,additive_spline,4,1560,240,360,240,0.01,0.018939731354128,0.0015123000484891,0.0063432001043111,31,7096,196,artifacts\results\multi_teacher_symbolic_pareto_10split\seed_48\I_dark\exports\I_dark\dkan\additive_spline_4\formula.json,artifacts\results\multi_teacher_symbolic_pareto_10split\seed_48\I_dark\exports\I_dark\dkan\additive_spline_4\formula.va,0.0180723322063963,0.9893918370348574,0.0504181678134447,0.0776215920812752,0.0074641386908468,0.9982440246745518,0.0151290372616284,0.0381265184975987,1.0,5000,1.0,1.0,1.7763568394002505e-15,1.345933337385456e-07,False,False,False,True
I_dark,48,dkan,teacher_distillation,additive_spline,6,1560,240,360,240,0.01,0.0189797507712356,0.0014512999914586,0.0069201999576762,43,8246,232,artifacts\results\multi_teacher_symbolic_pareto_10split\seed_48\I_dark\exports\I_dark\dkan\additive_spline_6\formula.json,artifacts\results\multi_teacher_symbolic_pareto_10split\seed_48\I_dark\exports\I_dark\dkan\additive_spline_6\formula.va,0.01757899595522,0.9899630927046604,0.0496052062405569,0.0774398451197324,0.0072804414475563,0.9983293924682536,0.0135344920061701,0.0346107476924784,1.0,5000,1.0,1.0,1.7763568394002505e-15,1.2886333279311657e-07,False,False,False,False
I_dark,48,dkan,teacher_distillation,additive_spline,8,1560,240,360,240,1e-08,0.0191350967691378,0.0019689999753609,0.0065984999528154,55,9420,268,artifacts\results\multi_teacher_symbolic_pareto_10split\seed_48\I_dark\exports\I_dark\dkan\additive_spline_8\formula.json,artifacts\results\multi_teacher_symbolic_pareto_10split\seed_48\I_dark\exports\I_dark\dkan\additive_spline_8\formula.va,0.0165539176767026,0.9910995213524478,0.04490542359047,0.0745659048201119,0.0075386457507416,0.998208793404144,0.0138230333782019,0.0338864261532263,1.0,5000,1.0,1.0,1.7763568394002505e-15,1.3703000149689616e-07,False,False,False,False
I_dark,48,mlp_l,teacher_distillation,polynomial,1,1560,240,360,240,0.01,0.0438705186032444,0.0005197999998927,0.0026221000007353,7,813,23,artifacts\results\multi_teacher_symbolic_pareto_10split\seed_48\I_dark\exports\I_dark\mlp_l\polynomial_1\formula.json,artifacts\results\multi_teacher_symbolic_pareto_10split\seed_48\I_dark\exports\I_dark\mlp_l\polynomial_1\formula.va,0.0443845649890028,0.9360590337718756,0.0868707446224857,0.111667460720831,0.0485873393584933,0.9255944650114386,0.127678746451592,0.1651031417660888,1.0,5000,1.0,1.0,8.881784197001252e-16,1.4801333309151233e-07,False,False,False,True
I_dark,48,mlp_l,teacher_distillation,polynomial,2,1560,240,360,240,0.01,0.0085511977314279,0.0009812000207602,0.0034710999461822,28,1582,44,artifacts\results\multi_teacher_symbolic_pareto_10split\seed_48\I_dark\exports\I_dark\mlp_l\polynomial_2\formula.json,artifacts\results\multi_teacher_symbolic_pareto_10split\seed_48\I_dark\exports\I_dark\mlp_l\polynomial_2\formula.va,0.0079603932921511,0.9979432367234412,0.0139525758358197,0.0168828305271553,0.0217699735665722,0.9850626068539976,0.0537873446986907,0.068919352601334,1.0,5000,1.0,1.0,8.881784197001252e-16,9.365466675565888e-07,False,False,False,True
I_dark,48,mlp_l,teacher_distillation,polynomial,3,1560,240,360,240,0.01,0.0017175780231667,0.0011774000013247,0.0052759000682272,84,3654,100,artifacts\results\multi_teacher_symbolic_pareto_10split\seed_48\I_dark\exports\I_dark\mlp_l\polynomial_3\formula.json,artifacts\results\multi_teacher_symbolic_pareto_10split\seed_48\I_dark\exports\I_dark\mlp_l\polynomial_3\formula.va,0.0016856050575229,0.9999077796193304,0.0029281317428816,0.0102735370264106,0.0156408925100597,0.9922895083537088,0.0396807529970848,0.0497853226178879,1.0,5000,1.0,1.0,8.881784197001252e-16,2.9936566677254933e-06,False,False,False,False
I_dark,48,mlp_l,teacher_distillation,additive_spline,4,1560,240,360,240,1e-08,0.0078187897601411,0.0021658999612554,0.0070654999581165,31,7133,196,artifacts\results\multi_teacher_symbolic_pareto_10split\seed_48\I_dark\exports\I_dark\mlp_l\additive_spline_4\formula.json,artifacts\results\multi_teacher_symbolic_pareto_10split\seed_48\I_dark\exports\I_dark\mlp_l\additive_spline_4\formula.va,0.0061394034199974,0.9987766024601528,0.0127928365219972,0.0179611184641288,0.0163724869682431,0.9915513306254022,0.0371764139997122,0.0670058838007694,1.0,5000,1.0,1.0,1.7763568394002505e-15,1.2734333286061884e-07,False,False,False,False
I_dark,48,mlp_l,teacher_distillation,additive_spline,6,1560,240,360,240,1e-08,0.0078951302279543,0.001689400000032,0.0059449000400491,43,8351,232,artifacts\results\multi_teacher_symbolic_pareto_10split\seed_48\I_dark\exports\I_dark\mlp_l\additive_spline_6\formula.json,artifacts\results\multi_teacher_symbolic_pareto_10split\seed_48\I_dark\exports\I_dark\mlp_l\additive_spline_6\formula.va,0.0060840222175336,0.998798574509977,0.0117564658490932,0.0180815523904263,0.0164523750514245,0.9914686804236056,0.0374104701701167,0.0679785281707614,1.0,5000,1.0,1.0,1.7763568394002505e-15,1.676833334689339e-07,False,False,False,False
I_dark,48,mlp_l,teacher_distillation,additive_spline,8,1560,240,360,240,1e-08,0.0079697260826237,0.0029425999964587,0.0083518000901676,55,9545,268,artifacts\results\multi_teacher_symbolic_pareto_10split\seed_48\I_dark\exports\I_dark\mlp_l\additive_spline_8\formula.json,artifacts\results\multi_teacher_symbolic_pareto_10split\seed_48\I_dark\exports\I_dark\mlp_l\additive_spline_8\formula.va,0.0062053341041953,0.9987501853867918,0.0122963573526676,0.0180799415500958,0.016471522338124,0.9914488113559828,0.0374068265910331,0.067616553860959,1.0,5000,1.0,1.0,1.7763568394002505e-15,1.5781000062512853e-07,False,False,False,False
I_dark,48,tcad_direct,direct_tcad,polynomial,1,1560,240,360,240,0.01,0.0475719408284649,0.0005190999945625,0.0025733999791555,7,815,23,artifacts\results\multi_teacher_symbolic_pareto_10split\seed_48\I_dark\exports\I_dark\tcad_direct\polynomial_1\formula.json,artifacts\results\multi_teacher_symbolic_pareto_10split\seed_48\I_dark\exports\I_dark\tcad_direct\polynomial_1\formula.va,,,,,0.0484490318272793,0.9260174640541368,0.1283115345428938,0.1618088200277991,1.0,5000,1.0,1.0,8.881784197001252e-16,1.5093666734173894e-07,False,False,True,True
I_dark,48,tcad_direct,direct_tcad,polynomial,2,1560,240,360,240,0.01,0.0208907741124304,0.0007135999621823,0.0032896000193431,28,1589,44,artifacts\results\multi_teacher_symbolic_pareto_10split\seed_48\I_dark\exports\I_dark\tcad_direct\polynomial_2\formula.json,artifacts\results\multi_teacher_symbolic_pareto_10split\seed_48\I_dark\exports\I_dark\tcad_direct\polynomial_2\formula.va,,,,,0.0212783136044794,0.9857296896304896,0.0528678797095278,0.0651705045295374,1.0,5000,1.0,1.0,8.881784197001252e-16,9.53923334600404e-07,False,False,True,True
I_dark,48,tcad_direct,direct_tcad,polynomial,3,1560,240,360,240,0.01,0.0112051552437278,0.0012209999840706,0.0054844000260345,84,3647,100,artifacts\results\multi_teacher_symbolic_pareto_10split\seed_48\I_dark\exports\I_dark\tcad_direct\polynomial_3\formula.json,artifacts\results\multi_teacher_symbolic_pareto_10split\seed_48\I_dark\exports\I_dark\tcad_direct\polynomial_3\formula.va,,,,,0.0113965496281901,0.995906396452991,0.0242006990229117,0.0281474912556776,1.0,5000,1.0,1.0,8.881784197001252e-16,3.0005000007804484e-06,False,False,False,True
I_dark,48,tcad_direct,direct_tcad,additive_spline,4,1560,240,360,240,0.0001,0.0069697947595788,0.0013562000240199,0.0066541000269353,31,7171,196,artifacts\results\multi_teacher_symbolic_pareto_10split\seed_48\I_dark\exports\I_dark\tcad_direct\additive_spline_4\formula.json,artifacts\results\multi_teacher_symbolic_pareto_10split\seed_48\I_dark\exports\I_dark\tcad_direct\additive_spline_4\formula.va,,,,,0.0058015145883516,0.998939179788898,0.0111697478727307,0.0262063604918134,1.0,5000,1.0,1.0,1.7763568394002505e-15,1.26233334109808e-07,False,False,True,True
I_dark,48,tcad_direct,direct_tcad,additive_spline,6,1560,240,360,240,1e-08,0.0058910361103397,0.0016878999886102,0.0063769999542273,43,8397,232,artifacts\results\multi_teacher_symbolic_pareto_10split\seed_48\I_dark\exports\I_dark\tcad_direct\additive_spline_6\formula.json,artifacts\results\multi_teacher_symbolic_pareto_10split\seed_48\I_dark\exports\I_dark\tcad_direct\additive_spline_6\formula.va,,,,,0.0042715164893331,0.999424926728709,0.0081616731813443,0.0214892072077823,1.0,5000,1.0,1.0,1.7763568394002505e-15,1.300599988705168e-07,False,False,True,True
I_dark,48,tcad_direct,direct_tcad,additive_spline,8,1560,240,360,240,1e-08,0.0060189086714531,0.0021165999933145,0.0067624999792315,55,9555,268,artifacts\results\multi_teacher_symbolic_pareto_10split\seed_48\I_dark\exports\I_dark\tcad_direct\additive_spline_8\formula.json,artifacts\results\multi_teacher_symbolic_pareto_10split\seed_48\I_dark\exports\I_dark\tcad_direct\additive_spline_8\formula.va,,,,,0.0044197907022281,0.9993843095516964,0.0080927620888322,0.0219701928029332,1.0,5000,1.0,1.0,1.7763568394002505e-15,1.3220999971963465e-07,False,False,False,False
I_photo,48,bkan_parameter_mean,teacher_distillation,polynomial,1,1664,256,384,256,0.01,0.0073323675283695,0.0007385999779216,0.0034993999870494,7,821,23,artifacts\results\multi_teacher_symbolic_pareto_10split\seed_48\I_photo\exports\I_photo\bkan_parameter_mean\polynomial_1\formula.json,artifacts\results\multi_teacher_symbolic_pareto_10split\seed_48\I_photo\exports\I_photo\bkan_parameter_mean\polynomial_1\formula.va,0.0069363048481836,0.9069466042227255,0.0124505160515854,0.0211085460121331,0.0074992353209769,0.8896546409769223,0.0135155401658717,0.0217520277948919,1.0,5000,1.0,1.0,4.440892098500626e-16,1.913866668473929e-07,False,False,False,False
I_photo,48,bkan_parameter_mean,teacher_distillation,polynomial,2,1664,256,384,256,0.01,0.0036592932758489,0.0009487000061199,0.004318899998907,28,1595,44,artifacts\results\multi_teacher_symbolic_pareto_10split\seed_48\I_photo\exports\I_photo\bkan_parameter_mean\polynomial_2\formula.json,artifacts\results\multi_teacher_symbolic_pareto_10split\seed_48\I_photo\exports\I_photo\bkan_parameter_mean\polynomial_2\formula.va,0.0037263833806064,0.9731434049415132,0.0069322599517179,0.0117187281616586,0.0047086637207404,0.956497375395396,0.0088457242253715,0.0115133940217093,1.0,5000,1.0,1.0,4.440892098500626e-16,1.3340233320680758e-06,False,False,False,True
I_photo,48,bkan_parameter_mean,teacher_distillation,polynomial,3,1664,256,384,256,0.01,0.0053146736979428,0.002150000014808,0.0088556000264361,84,3658,100,artifacts\results\multi_teacher_symbolic_pareto_10split\seed_48\I_photo\exports\I_photo\bkan_parameter_mean\polynomial_3\formula.json,artifacts\results\multi_teacher_symbolic_pareto_10split\seed_48\I_photo\exports\I_photo\bkan_parameter_mean\polynomial_3\formula.va,0.0040024786566297,0.9690162534214009,0.0090729045274479,0.0128968660551511,0.0041473393502133,0.9662511286571176,0.0071637350282303,0.0097235714985384,1.0,5000,1.0,1.0,4.440892098500626e-16,3.965746665683885e-06,False,False,True,True
I_photo,48,bkan_parameter_mean,teacher_distillation,additive_spline,4,1664,256,384,256,0.0001,0.0017543117773445,0.0013905999949201,0.0059823000337928,31,7104,196,artifacts\results\multi_teacher_symbolic_pareto_10split\seed_48\I_photo\exports\I_photo\bkan_parameter_mean\additive_spline_4\formula.json,artifacts\results\multi_teacher_symbolic_pareto_10split\seed_48\I_photo\exports\I_photo\bkan_parameter_mean\additive_spline_4\formula.va,0.0023297263670659,0.989502504135226,0.0048769006324201,0.0057395470475132,0.0045697964298225,0.9590254854665146,0.007505623334592,0.0107644877346491,1.0,5000,1.0,1.0,8.881784197001252e-16,1.425633323378861e-07,False,False,False,False
I_photo,48,bkan_parameter_mean,teacher_distillation,additive_spline,6,1664,256,384,256,0.01,0.0020460317569316,0.0014367999974638,0.0061237999470904,43,8389,232,artifacts\results\multi_teacher_symbolic_pareto_10split\seed_48\I_photo\exports\I_photo\bkan_parameter_mean\additive_spline_6\formula.json,artifacts\results\multi_teacher_symbolic_pareto_10split\seed_48\I_photo\exports\I_photo\bkan_parameter_mean\additive_spline_6\formula.va,0.0019558429486948,0.9926014972477198,0.0038521184135608,0.0049418600460255,0.0052411542194301,0.9461018341502172,0.0107648738462484,0.0141952548663297,1.0,5000,1.0,1.0,8.881784197001252e-16,1.4246333157643676e-07,False,False,False,False
I_photo,48,bkan_parameter_mean,teacher_distillation,additive_spline,8,1664,256,384,256,0.01,0.0019171634150073,0.0016734999953769,0.0068354000104591,55,9613,268,artifacts\results\multi_teacher_symbolic_pareto_10split\seed_48\I_photo\exports\I_photo\bkan_parameter_mean\additive_spline_8\formula.json,artifacts\results\multi_teacher_symbolic_pareto_10split\seed_48\I_photo\exports\I_photo\bkan_parameter_mean\additive_spline_8\formula.va,0.0013231942298645,0.996613718335042,0.002831983742457,0.003522201991867,0.0048591001712893,0.9536732522108656,0.0098664892997815,0.0135421338393624,1.0,5000,1.0,1.0,8.881784197001252e-16,1.340866651541243e-07,False,False,False,False
I_photo,48,dkan,teacher_distillation,polynomial,1,1664,256,384,256,0.01,0.0084675152202529,0.0005289000109769,0.0024461000575684,7,821,23,artifacts\results\multi_teacher_symbolic_pareto_10split\seed_48\I_photo\exports\I_photo\dkan\polynomial_1\formula.json,artifacts\results\multi_teacher_symbolic_pareto_10split\seed_48\I_photo\exports\I_photo\dkan\polynomial_1\formula.va,0.0078721791973476,0.8781392243990916,0.0142606814144469,0.024497711073379,0.0074718561542577,0.8904588960313445,0.0132712669146518,0.0219421042537217,1.0,5000,1.0,1.0,4.440892098500626e-16,1.6088666549573342e-07,False,False,True,True
I_photo,48,dkan,teacher_distillation,polynomial,2,1664,256,384,256,0.01,0.005444800089057,0.0007151999743655,0.003235199896153,28,1599,44,artifacts\results\multi_teacher_symbolic_pareto_10split\seed_48\I_photo\exports\I_photo\dkan\polynomial_2\formula.json,artifacts\results\multi_teacher_symbolic_pareto_10split\seed_48\I_photo\exports\I_photo\dkan\polynomial_2\formula.va,0.0056462381725861,0.9373108498241112,0.0100598234857764,0.0139580752872516,0.0049544120223117,0.9518380180732784,0.0086110217281313,0.0121756815296651,1.0,5000,1.0,1.0,4.440892098500626e-16,9.102599986363202e-07,False,False,False,False
I_photo,48,dkan,teacher_distillation,polynomial,3,1664,256,384,256,0.01,0.008515438385033,0.0021592000266537,0.0084663000307045,84,3649,100,artifacts\results\multi_teacher_symbolic_pareto_10split\seed_48\I_photo\exports\I_photo\dkan\polynomial_3\formula.json,artifacts\results\multi_teacher_symbolic_pareto_10split\seed_48\I_photo\exports\I_photo\dkan\polynomial_3\formula.va,0.0056319566837242,0.9376275782731234,0.0127051961664561,0.0172567942714558,0.0047190101640687,0.9563059869374416,0.0072434087044798,0.0082892074199114,1.0,5000,1.0,1.0,4.440892098500626e-16,3.0283599994921434e-06,False,False,False,False
I_photo,48,dkan,teacher_distillation,additive_spline,4,1664,256,384,256,0.01,0.004886103622111,0.0013548999559134,0.0061720999656245,31,7122,196,artifacts\results\multi_teacher_symbolic_pareto_10split\seed_48\I_photo\exports\I_photo\dkan\additive_spline_4\formula.json,artifacts\results\multi_teacher_symbolic_pareto_10split\seed_48\I_photo\exports\I_photo\dkan\additive_spline_4\formula.va,0.0041885084634308,0.9655020896300798,0.0083314520826242,0.0104471457206263,0.0046419887194153,0.9577206530888523,0.0091866604297105,0.0115271298445245,1.0,5000,1.0,1.0,8.881784197001252e-16,1.260933349840343e-07,False,False,False,False
I_photo,48,dkan,teacher_distillation,additive_spline,6,1664,256,384,256,0.01,0.0056287050531156,0.0014802000368945,0.0065193000482395,43,8362,232,artifacts\results\multi_teacher_symbolic_pareto_10split\seed_48\I_photo\exports\I_photo\dkan\additive_spline_6\formula.json,artifacts\results\multi_teacher_symbolic_pareto_10split\seed_48\I_photo\exports\I_photo\dkan\additive_spline_6\formula.va,0.0041543060548377,0.9660631935128547,0.0086493449947858,0.0116573525595189,0.0056847186497382,0.9365928753859012,0.0134094041123348,0.0158278497198676,1.0,5000,1.0,1.0,8.881784197001252e-16,1.2994666661446292e-07,False,False,False,False
I_photo,48,dkan,teacher_distillation,additive_spline,8,1664,256,384,256,0.01,0.0055318685095269,0.0017742000054568,0.007134000014048,55,9524,268,artifacts\results\multi_teacher_symbolic_pareto_10split\seed_48\I_photo\exports\I_photo\dkan\additive_spline_8\formula.json,artifacts\results\multi_teacher_symbolic_pareto_10split\seed_48\I_photo\exports\I_photo\dkan\additive_spline_8\formula.va,0.0041586299667605,0.9659925120919042,0.0092297124863341,0.0117557368724439,0.0053720997339687,0.9433749964401938,0.013581015467417,0.0164968471141122,1.0,5000,1.0,1.0,8.881784197001252e-16,1.369333340941618e-07,False,False,False,False
I_photo,48,mlp_l,teacher_distillation,polynomial,1,1664,256,384,256,1e-08,0.0060675629114472,0.0007947999984025,0.0024999999441206,7,822,23,artifacts\results\multi_teacher_symbolic_pareto_10split\seed_48\I_photo\exports\I_photo\mlp_l\polynomial_1\formula.json,artifacts\results\multi_teacher_symbolic_pareto_10split\seed_48\I_photo\exports\I_photo\mlp_l\polynomial_1\formula.va,0.0059756974882089,0.9255863400070188,0.0111404954748111,0.0130334197237624,0.0074905327557578,0.8899105952054693,0.0132026539832985,0.0219662465575414,1.0,5000,1.0,1.0,0.0,1.4773333289970953e-07,False,False,False,False
I_photo,48,mlp_l,teacher_distillation,polynomial,2,1664,256,384,256,1e-08,0.0009349576954852,0.0009451999794691,0.0036592000396922,28,1597,44,artifacts\results\multi_teacher_symbolic_pareto_10split\seed_48\I_photo\exports\I_photo\mlp_l\polynomial_2\formula.json,artifacts\results\multi_teacher_symbolic_pareto_10split\seed_48\I_photo\exports\I_photo\mlp_l\polynomial_2\formula.va,0.0009037050844988,0.9982981200982932,0.0015468512427236,0.0020453881929745,0.004595197397332,0.9585687102370536,0.0082765073421546,0.0116560172452597,1.0,5000,1.0,1.0,4.440892098500626e-16,9.318466666930666e-07,False,False,True,True
I_photo,48,mlp_l,teacher_distillation,polynomial,3,1664,256,384,256,1e-08,0.0001788419474194,0.0018620999762788,0.0064407999743707,84,3658,100,artifacts\results\multi_teacher_symbolic_pareto_10split\seed_48\I_photo\exports\I_photo\mlp_l\polynomial_3\formula.json,artifacts\results\multi_teacher_symbolic_pareto_10split\seed_48\I_photo\exports\I_photo\mlp_l\polynomial_3\formula.va,0.0001628492426814,0.999944735411002,0.0003181896190467,0.0004948604504764,0.0043311721241258,0.9631929513497234,0.0073011653826098,0.0101817832248518,1.0,5000,1.0,1.0,4.440892098500626e-16,2.9660033333736163e-06,False,False,False,False
I_photo,48,mlp_l,teacher_distillation,additive_spline,4,1664,256,384,256,0.01,0.0010556877186134,0.0013598999939858,0.0060061999829486,31,7272,196,artifacts\results\multi_teacher_symbolic_pareto_10split\seed_48\I_photo\exports\I_photo\mlp_l\additive_spline_4\formula.json,artifacts\results\multi_teacher_symbolic_pareto_10split\seed_48\I_photo\exports\I_photo\mlp_l\additive_spline_4\formula.va,0.0007307366138165,0.998887251045861,0.0017650043778769,0.0025434967000834,0.0044853990804191,0.9605249864245686,0.0080074257545138,0.0103145325716846,1.0,5000,1.0,1.0,4.440892098500626e-16,1.2641666689887644e-07,False,False,True,False
I_photo,48,mlp_l,teacher_distillation,additive_spline,6,1664,256,384,256,0.0001,0.0010356654538855,0.0014516999945044,0.0061420999700203,43,8490,232,artifacts\results\multi_teacher_symbolic_pareto_10split\seed_48\I_photo\exports\I_photo\mlp_l\additive_spline_6\formula.json,artifacts\results\multi_teacher_symbolic_pareto_10split\seed_48\I_photo\exports\I_photo\mlp_l\additive_spline_6\formula.va,0.0007112948262464,0.9989456743857656,0.0015511033601398,0.0023374546484946,0.0045895670175405,0.9586701774708384,0.0082799090567581,0.0099471745053021,1.0,5000,1.0,1.0,8.881784197001252e-16,1.34283333318308e-07,False,False,False,False
I_photo,48,mlp_l,teacher_distillation,additive_spline,8,1664,256,384,256,0.01,0.001046938734939,0.0015491999802179,0.0066427999408915,55,9754,268,artifacts\results\multi_teacher_symbolic_pareto_10split\seed_48\I_photo\exports\I_photo\mlp_l\additive_spline_8\formula.json,artifacts\results\multi_teacher_symbolic_pareto_10split\seed_48\I_photo\exports\I_photo\mlp_l\additive_spline_8\formula.va,0.0007280750956107,0.9988953420819796,0.0016389021459592,0.0026325716537884,0.0045425913915377,0.9595118945146374,0.0081064022500013,0.0103255951022012,1.0,5000,1.0,1.0,8.881784197001252e-16,1.6217666561715306e-07,False,False,False,False
I_photo,48,tcad_direct,direct_tcad,polynomial,1,1664,256,384,256,1e-08,0.0076763340740682,0.0010279999696649,0.002782599942293,7,820,23,artifacts\results\multi_teacher_symbolic_pareto_10split\seed_48\I_photo\exports\I_photo\tcad_direct\polynomial_1\formula.json,artifacts\results\multi_teacher_symbolic_pareto_10split\seed_48\I_photo\exports\I_photo\tcad_direct\polynomial_1\formula.va,,,,,0.0074829832903438,0.8901323944695542,0.0133902076521504,0.0218826517929504,1.0,5000,1.0,1.0,0.0,1.8065333327588936e-07,False,False,False,True
I_photo,48,tcad_direct,direct_tcad,polynomial,2,1664,256,384,256,1e-08,0.0052793801250614,0.0011178000131621,0.0036276000319048,28,1594,44,artifacts\results\multi_teacher_symbolic_pareto_10split\seed_48\I_photo\exports\I_photo\tcad_direct\polynomial_2\formula.json,artifacts\results\multi_teacher_symbolic_pareto_10split\seed_48\I_photo\exports\I_photo\tcad_direct\polynomial_2\formula.va,,,,,0.0050807544026974,0.9493503424928929,0.0087077766959144,0.0121579896025463,1.0,5000,1.0,1.0,4.440892098500626e-16,9.185899999768784e-07,False,False,False,True
I_photo,48,tcad_direct,direct_tcad,polynomial,3,1664,256,384,256,0.01,0.0085732181098914,0.0016078999615274,0.0070580000174231,84,3638,100,artifacts\results\multi_teacher_symbolic_pareto_10split\seed_48\I_photo\exports\I_photo\tcad_direct\polynomial_3\formula.json,artifacts\results\multi_teacher_symbolic_pareto_10split\seed_48\I_photo\exports\I_photo\tcad_direct\polynomial_3\formula.va,,,,,0.0050603865579527,0.9497556195360936,0.0084242205066163,0.00930763791869,1.0,5000,1.0,1.0,4.440892098500626e-16,2.9920066668031115e-06,False,False,False,False
I_photo,48,tcad_direct,direct_tcad,additive_spline,4,1664,256,384,256,0.01,0.0060229610530479,0.0013276999816298,0.0060045999707654,31,7089,196,artifacts\results\multi_teacher_symbolic_pareto_10split\seed_48\I_photo\exports\I_photo\tcad_direct\additive_spline_4\formula.json,artifacts\results\multi_teacher_symbolic_pareto_10split\seed_48\I_photo\exports\I_photo\tcad_direct\additive_spline_4\formula.va,,,,,0.0046555664671305,0.95747295844905,0.0088135309758644,0.0114271318405818,1.0,5000,1.0,1.0,8.881784197001252e-16,1.306166658954074e-07,False,False,False,False
I_photo,48,tcad_direct,direct_tcad,additive_spline,6,1664,256,384,256,0.01,0.0067011993556071,0.0019055999582633,0.0067648999392986,43,8349,232,artifacts\results\multi_teacher_symbolic_pareto_10split\seed_48\I_photo\exports\I_photo\tcad_direct\additive_spline_6\formula.json,artifacts\results\multi_teacher_symbolic_pareto_10split\seed_48\I_photo\exports\I_photo\tcad_direct\additive_spline_6\formula.va,,,,,0.0057472819926492,0.9351895373548264,0.0133384336080891,0.0160023304640244,1.0,5000,1.0,1.0,8.881784197001252e-16,1.2812666633787257e-07,False,False,False,False
I_photo,48,tcad_direct,direct_tcad,additive_spline,8,1664,256,384,256,0.01,0.0072102131991183,0.0018887000042013,0.0076229000114835,55,9523,268,artifacts\results\multi_teacher_symbolic_pareto_10split\seed_48\I_photo\exports\I_photo\tcad_direct\additive_spline_8\formula.json,artifacts\results\multi_teacher_symbolic_pareto_10split\seed_48\I_photo\exports\I_photo\tcad_direct\additive_spline_8\formula.va,,,,,0.0052624804825523,0.9456623183611168,0.0136514352461619,0.0164585760201321,1.0,5000,1.0,1.0,8.881784197001252e-16,1.3288333429954945e-07,False,False,False,False
AC_Response,48,bkan_parameter_mean,teacher_distillation,polynomial,1,2912,448,672,448,0.01,0.9122980173319856,0.0005565999890677,0.0027910000062547,4,511,17,artifacts\results\multi_teacher_symbolic_pareto_10split\seed_48\AC_Response\exports\AC_Response\bkan_parameter_mean\polynomial_1\formula.json,artifacts\results\multi_teacher_symbolic_pareto_10split\seed_48\AC_Response\exports\AC_Response\bkan_parameter_mean\polynomial_1\formula.va,0.9160111066479718,0.859024529592362,1.4526515342236903,1.6816139378063912,0.914418225981508,0.8598418640703573,1.4800803957993869,1.842332001693742,1.0,5000,1.0,1.0,2.220446049250313e-16,6.682666717097163e-08,False,False,False,False
AC_Response,48,bkan_parameter_mean,teacher_distillation,polynomial,2,2912,448,672,448,0.01,0.3060511266568669,0.0010582000249996,0.0039006000151857,10,688,23,artifacts\results\multi_teacher_symbolic_pareto_10split\seed_48\AC_Response\exports\AC_Response\bkan_parameter_mean\polynomial_2\formula.json,artifacts\results\multi_teacher_symbolic_pareto_10split\seed_48\AC_Response\exports\AC_Response\bkan_parameter_mean\polynomial_2\formula.va,0.3058754022274282,0.9842807731925438,0.5673257672073322,0.6042056296019078,0.3080057682504072,0.9840982007951296,0.5621297140623075,0.6380316280877385,1.0,5000,1.0,1.0,2.664535259100376e-15,3.081100003328175e-07,False,False,False,False
AC_Response,48,bkan_parameter_mean,teacher_distillation,polynomial,3,2912,448,672,448,1e-08,0.1632528391138045,0.0014983000000938,0.0048261999618262,20,990,33,artifacts\results\multi_teacher_symbolic_pareto_10split\seed_48\AC_Response\exports\AC_Response\bkan_parameter_mean\polynomial_3\formula.json,artifacts\results\multi_teacher_symbolic_pareto_10split\seed_48\AC_Response\exports\AC_Response\bkan_parameter_mean\polynomial_3\formula.va,0.1624204511629647,0.995567757657176,0.3087917957226053,0.3428835491322002,0.1701187220501563,0.9951489830896366,0.3151056218459274,0.6084533733244442,1.0,5000,1.0,1.0,4.440892098500626e-15,5.49523332544292e-07,False,False,False,False
AC_Response,48,bkan_parameter_mean,teacher_distillation,additive_spline,4,2912,448,672,448,1e-06,0.0842039392241973,0.0018032999942079,0.0065690000192262,16,3587,103,artifacts\results\multi_teacher_symbolic_pareto_10split\seed_48\AC_Response\exports\AC_Response\bkan_parameter_mean\additive_spline_4\formula.json,artifacts\results\multi_teacher_symbolic_pareto_10split\seed_48\AC_Response\exports\AC_Response\bkan_parameter_mean\additive_spline_4\formula.va,0.0862536211153785,0.998750038182394,0.1493394251661294,0.1748166682502858,0.1095528783537807,0.9979882400848225,0.1987265566752039,0.4869403301886468,1.0,5000,1.0,1.0,4.218847493575595e-15,7.561333283471566e-08,False,False,True,True
AC_Response,48,bkan_parameter_mean,teacher_distillation,additive_spline,6,2912,448,672,448,0.0001,0.0853235716908753,0.0013429999817162,0.0066207000054419,22,4144,121,artifacts\results\multi_teacher_symbolic_pareto_10split\seed_48\AC_Response\exports\AC_Response\bkan_parameter_mean\additive_spline_6\formula.json,artifacts\results\multi_teacher_symbolic_pareto_10split\seed_48\AC_Response\exports\AC_Response\bkan_parameter_mean\additive_spline_6\formula.va,0.0873321375840492,0.9987185836707804,0.1502986253511978,0.1784969606602304,0.1104137006834627,0.9979565006791632,0.1949023694087512,0.502338873241376,1.0,5000,1.0,1.0,1.7763568394002505e-15,7.416000007651747e-08,False,False,False,False
AC_Response,48,bkan_parameter_mean,teacher_distillation,additive_spline,8,2912,448,672,448,1e-06,0.0757412312579451,0.0020113000064156,0.007031499990262,28,4692,139,artifacts\results\multi_teacher_symbolic_pareto_10split\seed_48\AC_Response\exports\AC_Response\bkan_parameter_mean\additive_spline_8\formula.json,artifacts\results\multi_teacher_symbolic_pareto_10split\seed_48\AC_Response\exports\AC_Response\bkan_parameter_mean\additive_spline_8\formula.va,0.077956599662038,0.9989789480274438,0.1315944083066485,0.1621636522626044,0.1032762545264796,0.9982121564017942,0.1932941912759819,0.4835498829899345,1.0,5000,1.0,1.0,3.6637359812630166e-15,7.10866666243722e-08,False,False,False,False
AC_Response,48,dkan,teacher_distillation,polynomial,1,2912,448,672,448,0.01,0.9010086483208294,0.000965500017628,0.0033077999833039,4,509,17,artifacts\results\multi_teacher_symbolic_pareto_10split\seed_48\AC_Response\exports\AC_Response\dkan\polynomial_1\formula.json,artifacts\results\multi_teacher_symbolic_pareto_10split\seed_48\AC_Response\exports\AC_Response\dkan\polynomial_1\formula.va,0.899185063941828,0.8600696290483474,1.4722469360219987,1.6687826937342152,0.9148667870176108,0.8597043232887743,1.4943120526105302,1.8411626284594336,1.0,5000,1.0,1.0,0.0,9.385333202468852e-08,False,False,False,True
AC_Response,48,dkan,teacher_distillation,polynomial,2,2912,448,672,448,0.01,0.3566070601737212,0.0008312000427395,0.0035920001100748,10,687,23,artifacts\results\multi_teacher_symbolic_pareto_10split\seed_48\AC_Response\exports\AC_Response\dkan\polynomial_2\formula.json,artifacts\results\multi_teacher_symbolic_pareto_10split\seed_48\AC_Response\exports\AC_Response\dkan\polynomial_2\formula.va,0.3277772811223651,0.9814060562127233,0.584052413720608,1.1633671492218305,0.3122220709606438,0.9836598602889524,0.5689760507975209,0.7096599210699717,1.0,5000,1.0,1.0,2.664535259100376e-15,3.039633331354708e-07,False,False,False,False
AC_Response,48,dkan,teacher_distillation,polynomial,3,2912,448,672,448,0.01,0.2427428197644492,0.0007840999751351,0.0036983999889343,20,985,33,artifacts\results\multi_teacher_symbolic_pareto_10split\seed_48\AC_Response\exports\AC_Response\dkan\polynomial_3\formula.json,artifacts\results\multi_teacher_symbolic_pareto_10split\seed_48\AC_Response\exports\AC_Response\dkan\polynomial_3\formula.va,0.1993538013187414,0.993121989107128,0.3531515719193963,0.8045176637742468,0.178824064927944,0.9946398062136428,0.3294833065926783,0.6966858309739958,1.0,5000,1.0,1.0,5.3290705182007506e-15,6.52306666597724e-07,False,False,False,True
AC_Response,48,dkan,teacher_distillation,additive_spline,4,2912,448,672,448,0.0001,0.218640092403408,0.0016662999987602,0.0067223000223748,16,3559,103,artifacts\results\multi_teacher_symbolic_pareto_10split\seed_48\AC_Response\exports\AC_Response\dkan\additive_spline_4\formula.json,artifacts\results\multi_teacher_symbolic_pareto_10split\seed_48\AC_Response\exports\AC_Response\dkan\additive_spline_4\formula.va,0.1609770746841067,0.9955152124092396,0.2100379994051854,0.9154602847390828,0.1154023403780973,0.9977676730707352,0.2141285924883934,0.5180320076314979,1.0,5000,1.0,1.0,3.552713678800501e-15,9.696666578141353e-08,False,False,False,True
AC_Response,48,dkan,teacher_distillation,additive_spline,6,2912,448,672,448,0.01,0.2195343212963956,0.0016346999909728,0.0074548999546095,22,4111,121,artifacts\results\multi_teacher_symbolic_pareto_10split\seed_48\AC_Response\exports\AC_Response\dkan\additive_spline_6\formula.json,artifacts\results\multi_teacher_symbolic_pareto_10split\seed_48\AC_Response\exports\AC_Response\dkan\additive_spline_6\formula.va,0.1618691576173394,0.995465368193173,0.2232723995305778,0.9290515340737926,0.1163366164431344,0.9977313817447896,0.2112919836222522,0.5348308714162515,1.0,5000,1.0,1.0,1.7763568394002505e-15,9.73233332236608e-08,False,False,False,False
AC_Response,48,dkan,teacher_distillation,additive_spline,8,2912,448,672,448,0.01,0.2153851915702663,0.0013882999774068,0.0064904999453574,28,4691,139,artifacts\results\multi_teacher_symbolic_pareto_10split\seed_48\AC_Response\exports\AC_Response\dkan\additive_spline_8\formula.json,artifacts\results\multi_teacher_symbolic_pareto_10split\seed_48\AC_Response\exports\AC_Response\dkan\additive_spline_8\formula.va,0.1550298390384927,0.9958404685823288,0.1900703538168089,0.897148898100083,0.109556975573729,0.997988089604486,0.2101862962261579,0.5340881817937886,1.0,5000,1.0,1.0,2.220446049250313e-15,7.110666677666208e-08,False,False,False,False
AC_Response,48,mlp_l,teacher_distillation,polynomial,1,2912,448,672,448,0.01,0.8454746674140023,0.0008864999981597,0.0028263999847695,4,510,17,artifacts\results\multi_teacher_symbolic_pareto_10split\seed_48\AC_Response\exports\AC_Response\mlp_l\polynomial_1\formula.json,artifacts\results\multi_teacher_symbolic_pareto_10split\seed_48\AC_Response\exports\AC_Response\mlp_l\polynomial_1\formula.va,0.849914977294472,0.8748121481939101,1.5033947371552114,1.6109748797027756,0.9148100697678062,0.8597217180360801,1.4732064774457192,1.8106145035931585,1.0,5000,1.0,1.0,4.440892098500626e-16,5.399666648978988e-08,False,False,False,True
AC_Response,48,mlp_l,teacher_distillation,polynomial,2,2912,448,672,448,0.01,0.2032899080153374,0.0006435000104829,0.002861899905838,10,687,23,artifacts\results\multi_teacher_symbolic_pareto_10split\seed_48\AC_Response\exports\AC_Response\mlp_l\polynomial_2\formula.json,artifacts\results\multi_teacher_symbolic_pareto_10split\seed_48\AC_Response\exports\AC_Response\mlp_l\polynomial_2\formula.va,0.2049661001585013,0.9927192637605716,0.4439469086115278,0.4810521020193699,0.3137419337245185,0.983500389074804,0.5795245591361377,0.6653231687903447,1.0,5000,1.0,1.0,3.552713678800501e-15,1.9234333497782549e-07,False,False,False,False
AC_Response,48,mlp_l,teacher_distillation,polynomial,3,2912,448,672,448,0.01,0.0204695102828917,0.000764500000514,0.0033921999856829,20,988,33,artifacts\results\multi_teacher_symbolic_pareto_10split\seed_48\AC_Response\exports\AC_Response\mlp_l\polynomial_3\formula.json,artifacts\results\multi_teacher_symbolic_pareto_10split\seed_48\AC_Response\exports\AC_Response\mlp_l\polynomial_3\formula.va,0.0208332310217991,0.9999247815323457,0.0479814538712683,0.0844375319534656,0.1880023920129009,0.9940754507330478,0.3671223406800244,0.574706074151992,1.0,5000,1.0,1.0,6.217248937900877e-15,4.117766666846971e-07,False,False,False,False
AC_Response,48,mlp_l,teacher_distillation,additive_spline,4,2912,448,672,448,0.0001,0.0191798593450157,0.0013496999745257,0.0061420000856742,16,3621,103,artifacts\results\multi_teacher_symbolic_pareto_10split\seed_48\AC_Response\exports\AC_Response\mlp_l\additive_spline_4\formula.json,artifacts\results\multi_teacher_symbolic_pareto_10split\seed_48\AC_Response\exports\AC_Response\mlp_l\additive_spline_4\formula.va,0.0242521284154274,0.9998980679073148,0.0468789619145474,0.069064549538325,0.1830375338382288,0.9943842356346908,0.3543187644047701,0.5450436374062635,1.0,5000,1.0,1.0,3.6637359812630166e-15,6.671999969209234e-08,False,False,False,False
AC_Response,48,mlp_l,teacher_distillation,additive_spline,6,2912,448,672,448,1e-06,0.018766640835326,0.0013014000141993,0.0053407000377774,22,4249,121,artifacts\results\multi_teacher_symbolic_pareto_10split\seed_48\AC_Response\exports\AC_Response\mlp_l\additive_spline_6\formula.json,artifacts\results\multi_teacher_symbolic_pareto_10split\seed_48\AC_Response\exports\AC_Response\mlp_l\additive_spline_6\formula.va,0.0239145767999229,0.9999008856306776,0.0449887765685551,0.068283184083949,0.1831878913625725,0.9943750056235832,0.3579461057753551,0.5478255180674569,1.0,5000,1.0,1.0,3.094746681142624e-15,6.722333297754327e-08,False,False,False,False
AC_Response,48,mlp_l,teacher_distillation,additive_spline,8,2912,448,672,448,1e-06,0.018793812350076,0.0013929999549873,0.005736899911426,28,4815,139,artifacts\results\multi_teacher_symbolic_pareto_10split\seed_48\AC_Response\exports\AC_Response\mlp_l\additive_spline_8\formula.json,artifacts\results\multi_teacher_symbolic_pareto_10split\seed_48\AC_Response\exports\AC_Response\mlp_l\additive_spline_8\formula.va,0.023933501451123,0.9999007287015338,0.0449593358530197,0.0699669589248035,0.1830856394667676,0.994381283394579,0.3571059990074589,0.5481423457800796,1.0,5000,1.0,1.0,2.3037127760972002e-15,8.280999997320276e-08,False,False,False,False
AC_Response,48,tcad_direct,direct_tcad,polynomial,1,2912,448,672,448,1e-08,0.9142330389329568,0.0007716999971307,0.0024266999680548,4,511,17,artifacts\results\multi_teacher_symbolic_pareto_10split\seed_48\AC_Response\exports\AC_Response\tcad_direct\polynomial_1\formula.json,artifacts\results\multi_teacher_symbolic_pareto_10split\seed_48\AC_Response\exports\AC_Response\tcad_direct\polynomial_1\formula.va,,,,,0.9143839153048744,0.8598523818621576,1.469954256864186,1.820025301958464,1.0,5000,1.0,1.0,4.440892098500626e-16,5.4963334696367386e-08,False,False,True,True
AC_Response,48,tcad_direct,direct_tcad,polynomial,2,2912,448,672,448,1e-08,0.3121458326027562,0.0007971000159159,0.0027331999735906,10,687,23,artifacts\results\multi_teacher_symbolic_pareto_10split\seed_48\AC_Response\exports\AC_Response\tcad_direct\polynomial_2\formula.json,artifacts\results\multi_teacher_symbolic_pareto_10split\seed_48\AC_Response\exports\AC_Response\tcad_direct\polynomial_2\formula.va,,,,,0.3068612068327232,0.9842161646170562,0.5534217162422082,0.640397639722075,1.0,5000,1.0,1.0,3.552713678800501e-15,1.8664333232057592e-07,False,False,True,True
AC_Response,48,tcad_direct,direct_tcad,polynomial,3,2912,448,672,448,1e-08,0.1745712011610423,0.0010386999929323,0.003393099992536,20,986,33,artifacts\results\multi_teacher_symbolic_pareto_10split\seed_48\AC_Response\exports\AC_Response\tcad_direct\polynomial_3\formula.json,artifacts\results\multi_teacher_symbolic_pareto_10split\seed_48\AC_Response\exports\AC_Response\tcad_direct\polynomial_3\formula.va,,,,,0.1686835630259352,0.9952304863387842,0.314019547153658,0.5744185000362023,1.0,5000,1.0,1.0,6.217248937900877e-15,4.147266658643882e-07,False,False,False,True
AC_Response,48,tcad_direct,direct_tcad,additive_spline,4,2912,448,672,448,1e-08,0.0989910348543519,0.0019364999607205,0.005622099910397,16,3575,103,artifacts\results\multi_teacher_symbolic_pareto_10split\seed_48\AC_Response\exports\AC_Response\tcad_direct\additive_spline_4\formula.json,artifacts\results\multi_teacher_symbolic_pareto_10split\seed_48\AC_Response\exports\AC_Response\tcad_direct\additive_spline_4\formula.va,,,,,0.1101027469633631,0.9979679945234696,0.1957599084166053,0.4968147307970563,1.0,5000,1.0,1.0,3.885780586188048e-15,6.918000096144775e-08,False,False,False,True
AC_Response,48,tcad_direct,direct_tcad,additive_spline,6,2912,448,672,448,0.01,0.1050014504970396,0.0013334000250324,0.0059597000363282,22,4138,121,artifacts\results\multi_teacher_symbolic_pareto_10split\seed_48\AC_Response\exports\AC_Response\tcad_direct\additive_spline_6\formula.json,artifacts\results\multi_teacher_symbolic_pareto_10split\seed_48\AC_Response\exports\AC_Response\tcad_direct\additive_spline_6\formula.va,,,,,0.1100341199528062,0.99797052683089,0.1967057298226402,0.4979193793532106,1.0,5000,1.0,1.0,1.7763568394002505e-15,6.765666572997967e-08,False,False,False,False
AC_Response,48,tcad_direct,direct_tcad,additive_spline,8,2912,448,672,448,0.01,0.0965069924987867,0.001511099981144,0.0058481999440118,28,4663,139,artifacts\results\multi_teacher_symbolic_pareto_10split\seed_48\AC_Response\exports\AC_Response\tcad_direct\additive_spline_8\formula.json,artifacts\results\multi_teacher_symbolic_pareto_10split\seed_48\AC_Response\exports\AC_Response\tcad_direct\additive_spline_8\formula.va,,,,,0.1026680356988209,0.998233152479957,0.1775855397854016,0.4942800125209858,1.0,5000,1.0,1.0,1.7763568394002505e-15,6.764666759409012e-08,False,False,True,True
Capacitance,48,bkan_parameter_mean,teacher_distillation,polynomial,1,41600,6400,9600,6400,1e-08,1.993221730182698e-15,0.0051589999930001,0.0215309999184682,8,935,25,artifacts\results\multi_teacher_symbolic_pareto_10split\seed_48\Capacitance\exports\Capacitance\bkan_parameter_mean\polynomial_1\formula.json,artifacts\results\multi_teacher_symbolic_pareto_10split\seed_48\Capacitance\exports\Capacitance\bkan_parameter_mean\polynomial_1\formula.va,2.0307228951844217e-15,0.6316886772224843,5.529880982889546e-15,7.812682083324271e-15,2.0388826302680617e-15,0.6308427359789875,5.493243143573064e-15,8.096765771817774e-15,1.0,5000,1.0,1.0,6.310887241768096e-30,3.41159999758626e-07,False,False,False,False
Capacitance,48,bkan_parameter_mean,teacher_distillation,polynomial,2,41600,6400,9600,6400,1e-08,1.087325767756378e-15,0.0153672999585978,0.0627169999643229,36,2019,53,artifacts\results\multi_teacher_symbolic_pareto_10split\seed_48\Capacitance\exports\Capacitance\bkan_parameter_mean\polynomial_2\formula.json,artifacts\results\multi_teacher_symbolic_pareto_10split\seed_48\Capacitance\exports\Capacitance\bkan_parameter_mean\polynomial_2\formula.va,1.1045171039722073e-15,0.8910421234410626,2.66628061628708e-15,4.031735628168594e-15,1.1168524697550545e-15,0.889230910890033,2.6248010167016524e-15,4.351156999604435e-15,1.0,5000,1.0,1.0,6.310887241768096e-30,1.4752899995073676e-06,False,False,False,False
Capacitance,48,bkan_parameter_mean,teacher_distillation,polynomial,3,41600,6400,9600,6400,1e-08,5.234162027148648e-16,0.0481942999758757,0.1888257999671623,120,5293,137,artifacts\results\multi_teacher_symbolic_pareto_10split\seed_48\Capacitance\exports\Capacitance\bkan_parameter_mean\polynomial_3\formula.json,artifacts\results\multi_teacher_symbolic_pareto_10split\seed_48\Capacitance\exports\Capacitance\bkan_parameter_mean\polynomial_3\formula.va,5.287945349022622e-16,0.9750260259603658,1.0935019916348014e-15,1.7007572331882722e-15,5.383851563916085e-16,0.9742597285960608,1.0773430896483926e-15,2.034666282784008e-15,1.0,5000,1.0,1.0,1.262177448353619e-29,4.567169999548545e-06,False,False,False,False
Capacitance,48,bkan_parameter_mean,teacher_distillation,additive_spline,4,41600,6400,9600,6400,1e-08,3.026997889061491e-16,0.0307626000139862,0.1233429999556392,36,8663,227,artifacts\results\multi_teacher_symbolic_pareto_10split\seed_48\Capacitance\exports\Capacitance\bkan_parameter_mean\additive_spline_4\formula.json,artifacts\results\multi_teacher_symbolic_pareto_10split\seed_48\Capacitance\exports\Capacitance\bkan_parameter_mean\additive_spline_4\formula.va,2.9906807411687233e-16,0.9920117095374384,5.117258858573927e-16,2.299875894401928e-15,3.10644580632467e-16,0.9914305188157744,5.684999039266923e-16,2.20352519414182e-15,1.0,5000,1.0,1.0,3.786532345060857e-29,1.4526000013574957e-07,False,False,False,False
Capacitance,48,bkan_parameter_mean,teacher_distillation,additive_spline,6,41600,6400,9600,6400,1e-08,2.668502010380533e-16,0.0347426999942399,0.1374290999374352,50,10188,269,artifacts\results\multi_teacher_symbolic_pareto_10split\seed_48\Capacitance\exports\Capacitance\bkan_parameter_mean\additive_spline_6\formula.json,artifacts\results\multi_teacher_symbolic_pareto_10split\seed_48\Capacitance\exports\Capacitance\bkan_parameter_mean\additive_spline_6\formula.va,2.6158377365270753e-16,0.9938886755473894,4.249030273582017e-16,2.458880924976118e-15,2.738649630816997e-16,0.9933396060873796,4.522458855128633e-16,2.1315821374297798e-15,1.0,5000,1.0,1.0,2.8398992587956425e-29,1.7965666678113245e-07,False,False,False,True
Capacitance,48,bkan_parameter_mean,teacher_distillation,additive_spline,8,41600,6400,9600,6400,1e-08,2.608016978002897e-16,0.0431198999867774,0.1688216000329703,64,11759,311,artifacts\results\multi_teacher_symbolic_pareto_10split\seed_48\Capacitance\exports\Capacitance\bkan_parameter_mean\additive_spline_8\formula.json,artifacts\results\multi_teacher_symbolic_pareto_10split\seed_48\Capacitance\exports\Capacitance\bkan_parameter_mean\additive_spline_8\formula.va,2.551884907113181e-16,0.9941838458767068,4.3534182598380126e-16,2.493770915365575e-15,2.680187253439436e-16,0.9936209318577404,4.29395599694985e-16,2.162514169768189e-15,1.0,5000,1.0,1.0,2.524354896707238e-29,1.5362333312320212e-07,False,False,False,False
Capacitance,48,dkan,teacher_distillation,polynomial,1,41600,6400,9600,6400,1e-08,1.950144435041161e-15,0.0049110000254586,0.0165047999471426,8,933,25,artifacts\results\multi_teacher_symbolic_pareto_10split\seed_48\Capacitance\exports\Capacitance\dkan\polynomial_1\formula.json,artifacts\results\multi_teacher_symbolic_pareto_10split\seed_48\Capacitance\exports\Capacitance\dkan\polynomial_1\formula.va,1.954200247307144e-15,0.6349571583883167,5.1048717099555226e-15,6.847940758058811e-15,2.0396322591185544e-15,0.6305712325547902,5.5164497028167075e-15,8.178253341874124e-15,1.0,5000,1.0,1.0,6.310887241768096e-30,1.8520333299723765e-07,False,False,False,False
Capacitance,48,dkan,teacher_distillation,polynomial,2,41600,6400,9600,6400,1e-08,1.050531843740136e-15,0.0130694999825209,0.052909699967131,36,2025,53,artifacts\results\multi_teacher_symbolic_pareto_10split\seed_48\Capacitance\exports\Capacitance\dkan\polynomial_2\formula.json,artifacts\results\multi_teacher_symbolic_pareto_10split\seed_48\Capacitance\exports\Capacitance\dkan\polynomial_2\formula.va,1.046606638157919e-15,0.8952937324709136,2.298269101971547e-15,3.5979873370690895e-15,1.1200190131031074e-15,0.888601906846881,2.6725533088210377e-15,4.616499274648585e-15,1.0,5000,1.0,1.0,6.310887241768096e-30,1.2629966659005732e-06,False,False,False,False
Capacitance,48,dkan,teacher_distillation,polynomial,3,41600,6400,9600,6400,0.01,5.016356301519291e-16,0.0521838999702595,0.198347799887415,120,5277,137,artifacts\results\multi_teacher_symbolic_pareto_10split\seed_48\Capacitance\exports\Capacitance\dkan\polynomial_3\formula.json,artifacts\results\multi_teacher_symbolic_pareto_10split\seed_48\Capacitance\exports\Capacitance\dkan\polynomial_3\formula.va,4.950932025284916e-16,0.9765696036104362,9.979883055495485e-16,1.7350754437151032e-15,5.575148379435735e-16,0.9723980460303122,1.1231072992560033e-15,2.8346974128086448e-15,1.0,5000,1.0,1.0,1.262177448353619e-29,4.70360333371597e-06,False,False,False,True
Capacitance,48,dkan,teacher_distillation,additive_spline,4,41600,6400,9600,6400,1e-08,2.8226660705864674e-16,0.030305300024338,0.1216958999866619,36,8657,227,artifacts\results\multi_teacher_symbolic_pareto_10split\seed_48\Capacitance\exports\Capacitance\dkan\additive_spline_4\formula.json,artifacts\results\multi_teacher_symbolic_pareto_10split\seed_48\Capacitance\exports\Capacitance\dkan\additive_spline_4\formula.va,2.6493307893825474e-16,0.9932906865492644,5.156067707187088e-16,1.8440283190536466e-15,3.320416547879373e-16,0.990209336920652,5.96160256214888e-16,2.593316161685904e-15,1.0,5000,1.0,1.0,3.786532345060857e-29,1.4655666697459917e-07,False,False,False,False
Capacitance,48,dkan,teacher_distillation,additive_spline,6,41600,6400,9600,6400,0.01,2.611994631089079e-16,0.0340778999961912,0.1366159999743104,50,10217,269,artifacts\results\multi_teacher_symbolic_pareto_10split\seed_48\Capacitance\exports\Capacitance\dkan\additive_spline_6\formula.json,artifacts\results\multi_teacher_symbolic_pareto_10split\seed_48\Capacitance\exports\Capacitance\dkan\additive_spline_6\formula.va,2.4163087350397606e-16,0.994419018840306,4.641810747269133e-16,2.0010446757514845e-15,2.998809971196185e-16,0.9920140817705422,5.433425257807464e-16,2.438496993954239e-15,1.0,5000,1.0,1.0,3.1554436208840467e-29,1.691333328684171e-07,False,False,False,False
Capacitance,48,dkan,teacher_distillation,additive_spline,8,41600,6400,9600,6400,0.01,2.553632200355565e-16,0.0415820000343956,0.1695514000602997,64,11779,311,artifacts\results\multi_teacher_symbolic_pareto_10split\seed_48\Capacitance\exports\Capacitance\dkan\additive_spline_8\formula.json,artifacts\results\multi_teacher_symbolic_pareto_10split\seed_48\Capacitance\exports\Capacitance\dkan\additive_spline_8\formula.va,2.527131094664051e-16,0.9938953432222468,4.77986746123874e-16,2.0495936479439733e-15,2.932607660509127e-16,0.9923627871268492,4.908428971685349e-16,2.1234127410133792e-15,1.0,5000,1.0,1.0,2.524354896707238e-29,1.7202666689020893e-07,False,False,False,False
Capacitance,48,mlp_l,teacher_distillation,polynomial,1,41600,6400,9600,6400,1e-08,1.889358241506962e-15,0.0041009999695234,0.0181237999931909,8,933,25,artifacts\results\multi_teacher_symbolic_pareto_10split\seed_48\Capacitance\exports\Capacitance\mlp_l\polynomial_1\formula.json,artifacts\results\multi_teacher_symbolic_pareto_10split\seed_48\Capacitance\exports\Capacitance\mlp_l\polynomial_1\formula.va,1.925391279213964e-15,0.6528387469002426,4.3499228065476265e-15,6.310059622137787e-15,2.039229718102278e-15,0.6307170387962127,5.485678775235644e-15,8.175419462370436e-15,1.0,5000,1.0,1.0,6.310887241768096e-30,2.3631999890009562e-07,False,False,False,False
Capacitance,48,mlp_l,teacher_distillation,polynomial,2,41600,6400,9600,6400,1e-08,8.956379343065653e-16,0.0131323999958112,0.0532769000274129,36,2026,53,artifacts\results\multi_teacher_symbolic_pareto_10split\seed_48\Capacitance\exports\Capacitance\mlp_l\polynomial_2\formula.json,artifacts\results\multi_teacher_symbolic_pareto_10split\seed_48\Capacitance\exports\Capacitance\mlp_l\polynomial_2\formula.va,9.018742378682908e-16,0.9238297801032194,1.5719743208777677e-15,2.651906003475397e-15,1.1231339349787828e-15,0.8879814193824329,2.6269517278206908e-15,4.370376186549177e-15,1.0,5000,1.0,1.0,6.310887241768096e-30,1.292036665836349e-06,False,False,False,False
Capacitance,48,mlp_l,teacher_distillation,polynomial,3,41600,6400,9600,6400,1e-08,2.7652766495246423e-16,0.047689699975308,0.1915778999682515,120,5275,137,artifacts\results\multi_teacher_symbolic_pareto_10split\seed_48\Capacitance\exports\Capacitance\mlp_l\polynomial_3\formula.json,artifacts\results\multi_teacher_symbolic_pareto_10split\seed_48\Capacitance\exports\Capacitance\mlp_l\polynomial_3\formula.va,2.8009104591633924e-16,0.9926533102990134,4.761795883406301e-16,8.606002679674998e-16,6.070818431574471e-16,0.9672718501799444,1.304778753317011e-15,2.5965679658471588e-15,1.0,5000,1.0,1.0,1.262177448353619e-29,4.595386665702487e-06,False,False,False,True
Capacitance,48,mlp_l,teacher_distillation,additive_spline,4,41600,6400,9600,6400,0.0001,2.717953068586524e-16,0.0300712999887764,0.124040100025013,36,8648,227,artifacts\results\multi_teacher_symbolic_pareto_10split\seed_48\Capacitance\exports\Capacitance\mlp_l\additive_spline_4\formula.json,artifacts\results\multi_teacher_symbolic_pareto_10split\seed_48\Capacitance\exports\Capacitance\mlp_l\additive_spline_4\formula.va,2.5202285244339635e-16,0.9940519708002968,5.431111206266882e-16,1.4243134864209884e-15,5.002051043641639e-16,0.97778106671585,1.0289763780666728e-15,3.083403983451368e-15,1.0,5000,1.0,1.0,2.524354896707238e-29,1.5789333265274766e-07,False,False,False,False
Capacitance,48,mlp_l,teacher_distillation,additive_spline,6,41600,6400,9600,6400,0.0001,2.6497423958225035e-16,0.0335390999680385,0.1389221999561414,50,10212,269,artifacts\results\multi_teacher_symbolic_pareto_10split\seed_48\Capacitance\exports\Capacitance\mlp_l\additive_spline_6\formula.json,artifacts\results\multi_teacher_symbolic_pareto_10split\seed_48\Capacitance\exports\Capacitance\mlp_l\additive_spline_6\formula.va,2.4412577974928487e-16,0.9944188906278302,5.204567908019069e-16,1.36083613329805e-15,5.189968512793471e-16,0.9760802623200262,1.0830673072208842e-15,3.1494740404617967e-15,1.0,5000,1.0,1.0,3.1554436208840467e-29,1.4963333184520405e-07,False,False,False,False
Capacitance,48,mlp_l,teacher_distillation,additive_spline,8,41600,6400,9600,6400,0.0001,2.6484597236580085e-16,0.0424275999539531,0.1681280999328009,64,11768,311,artifacts\results\multi_teacher_symbolic_pareto_10split\seed_48\Capacitance\exports\Capacitance\mlp_l\additive_spline_8\formula.json,artifacts\results\multi_teacher_symbolic_pareto_10split\seed_48\Capacitance\exports\Capacitance\mlp_l\additive_spline_8\formula.va,2.4398458819522167e-16,0.9944253444946252,5.328016477739233e-16,1.353489578143856e-15,5.200660536938776e-16,0.9759816051308374,1.098990945104181e-15,3.153869579737352e-15,1.0,5000,1.0,1.0,1.8932661725304286e-29,1.5942999937882025e-07,False,False,False,False
Capacitance,48,tcad_direct,direct_tcad,polynomial,1,41600,6400,9600,6400,1e-08,1.9967446544650266e-15,0.0041511000017635,0.0163935999735258,8,925,25,artifacts\results\multi_teacher_symbolic_pareto_10split\seed_48\Capacitance\exports\Capacitance\tcad_direct\polynomial_1\formula.json,artifacts\results\multi_teacher_symbolic_pareto_10split\seed_48\Capacitance\exports\Capacitance\tcad_direct\polynomial_1\formula.va,,,,,2.0386561610781896e-15,0.6309247398198987,5.477135087061636e-15,8.078733283128878e-15,1.0,5000,1.0,1.0,6.310887241768096e-30,1.838399989840885e-07,False,False,True,True
Capacitance,48,tcad_direct,direct_tcad,polynomial,2,41600,6400,9600,6400,0.01,1.0933312761506644e-15,0.014413799974136,0.0542158000171184,36,2019,53,artifacts\results\multi_teacher_symbolic_pareto_10split\seed_48\Capacitance\exports\Capacitance\tcad_direct\polynomial_2\formula.json,artifacts\results\multi_teacher_symbolic_pareto_10split\seed_48\Capacitance\exports\Capacitance\tcad_direct\polynomial_2\formula.va,,,,,1.1166243440232918e-15,0.8892761571503431,2.6064910888205777e-15,4.321029802708757e-15,1.0,5000,1.0,1.0,6.310887241768096e-30,1.2796466665652891e-06,False,False,False,True
Capacitance,48,tcad_direct,direct_tcad,polynomial,3,41600,6400,9600,6400,0.01,5.262033172890579e-16,0.0481271999888122,0.1918773999786935,120,5285,137,artifacts\results\multi_teacher_symbolic_pareto_10split\seed_48\Capacitance\exports\Capacitance\tcad_direct\polynomial_3\formula.json,artifacts\results\multi_teacher_symbolic_pareto_10split\seed_48\Capacitance\exports\Capacitance\tcad_direct\polynomial_3\formula.va,,,,,5.373679165833963e-16,0.9743569054666398,1.0854100131181617e-15,2.013365456229547e-15,1.0,5000,1.0,1.0,1.262177448353619e-29,4.835759999696165e-06,False,False,False,True
Capacitance,48,tcad_direct,direct_tcad,additive_spline,4,41600,6400,9600,6400,1e-08,2.971103145258421e-16,0.0320260000298731,0.1240359000512398,36,8616,227,artifacts\results\multi_teacher_symbolic_pareto_10split\seed_48\Capacitance\exports\Capacitance\tcad_direct\additive_spline_4\formula.json,artifacts\results\multi_teacher_symbolic_pareto_10split\seed_48\Capacitance\exports\Capacitance\tcad_direct\additive_spline_4\formula.va,,,,,3.077238041327346e-16,0.9915909070734374,5.549243930235773e-16,2.138719351291545e-15,1.0,5000,1.0,1.0,3.1554436208840467e-29,1.6162666724994778e-07,False,False,True,True
Capacitance,48,tcad_direct,direct_tcad,additive_spline,6,41600,6400,9600,6400,1e-08,2.597203136356803e-16,0.0346985000069253,0.1401303000166081,50,10208,269,artifacts\results\multi_teacher_symbolic_pareto_10split\seed_48\Capacitance\exports\Capacitance\tcad_direct\additive_spline_6\formula.json,artifacts\results\multi_teacher_symbolic_pareto_10split\seed_48\Capacitance\exports\Capacitance\tcad_direct\additive_spline_6\formula.va,,,,,2.705257560676086e-16,0.9935010348891588,4.434550624881843e-16,2.141523600955886e-15,1.0,5000,1.0,1.0,3.470987982972452e-29,1.6101999984433254e-07,False,False,True,True
Capacitance,48,tcad_direct,direct_tcad,additive_spline,8,41600,6400,9600,6400,1e-08,2.5373845220103443e-16,0.0427168000023812,0.1690100999549031,64,11748,311,artifacts\results\multi_teacher_symbolic_pareto_10split\seed_48\Capacitance\exports\Capacitance\tcad_direct\additive_spline_8\formula.json,artifacts\results\multi_teacher_symbolic_pareto_10split\seed_48\Capacitance\exports\Capacitance\tcad_direct\additive_spline_8\formula.va,,,,,2.6459489357059497e-16,0.993782870931742,4.2320231867064033e-16,2.1667197320424815e-15,1.0,5000,1.0,1.0,3.470987982972452e-29,1.6056666693960628e-07,False,False,True,True
I_dark,49,bkan_parameter_mean,teacher_distillation,polynomial,1,1560,240,360,240,0.01,0.0468920830189992,0.0005639000446535,0.0033634999999776,7,814,23,artifacts\results\multi_teacher_symbolic_pareto_10split\seed_49\I_dark\exports\I_dark\bkan_parameter_mean\polynomial_1\formula.json,artifacts\results\multi_teacher_symbolic_pareto_10split\seed_49\I_dark\exports\I_dark\bkan_parameter_mean\polynomial_1\formula.va,0.047420137687214,0.9217785565032092,0.1237979884229422,0.1471826550229789,0.0478935890692701,0.9208749068898108,0.1277621117752112,0.1512010748410173,1.0,5000,1.0,1.0,8.881784197001252e-16,1.6727333422750234e-07,False,False,False,False
I_dark,49,bkan_parameter_mean,teacher_distillation,polynomial,2,1560,240,360,240,0.01,0.0203144721657257,0.0009301000391133,0.0040773999644443,28,1585,44,artifacts\results\multi_teacher_symbolic_pareto_10split\seed_49\I_dark\exports\I_dark\bkan_parameter_mean\polynomial_2\formula.json,artifacts\results\multi_teacher_symbolic_pareto_10split\seed_49\I_dark\exports\I_dark\bkan_parameter_mean\polynomial_2\formula.va,0.0205152602167044,0.9853595554262232,0.0492380240940487,0.05901512719183,0.0210472284437449,0.9847190872296828,0.0536749209240481,0.0630335470098684,1.0,5000,1.0,1.0,8.881784197001252e-16,1.0466666659340262e-06,False,False,False,True
I_dark,49,bkan_parameter_mean,teacher_distillation,polynomial,3,1560,240,360,240,0.01,0.0105371421234701,0.0014217999996617,0.0067077000276185,84,3627,100,artifacts\results\multi_teacher_symbolic_pareto_10split\seed_49\I_dark\exports\I_dark\bkan_parameter_mean\polynomial_3\formula.json,artifacts\results\multi_teacher_symbolic_pareto_10split\seed_49\I_dark\exports\I_dark\bkan_parameter_mean\polynomial_3\formula.va,0.0106366198240329,0.9960644314747475,0.021433000489956,0.028691627927655,0.0111107847575398,0.9957415756589398,0.0239970106068806,0.0327100477456934,1.0,5000,1.0,1.0,8.881784197001252e-16,4.249303333926946e-06,False,False,False,True
I_dark,49,bkan_parameter_mean,teacher_distillation,additive_spline,4,1560,240,360,240,1e-08,0.0057652882044106,0.0019623999833129,0.0061145999352447,31,7109,196,artifacts\results\multi_teacher_symbolic_pareto_10split\seed_49\I_dark\exports\I_dark\bkan_parameter_mean\additive_spline_4\formula.json,artifacts\results\multi_teacher_symbolic_pareto_10split\seed_49\I_dark\exports\I_dark\bkan_parameter_mean\additive_spline_4\formula.va,0.0050491622166241,0.9991131731118468,0.010201966199005,0.0178683865493143,0.0053880966064143,0.9989985478239226,0.0110382351748978,0.0214324019168339,1.0,5000,1.0,1.0,1.7763568394002505e-15,1.2683333479799334e-07,False,False,False,True
I_dark,49,bkan_parameter_mean,teacher_distillation,additive_spline,6,1560,240,360,240,0.0001,0.0045145974596492,0.0017184999887831,0.0071885000215843,43,8378,232,artifacts\results\multi_teacher_symbolic_pareto_10split\seed_49\I_dark\exports\I_dark\bkan_parameter_mean\additive_spline_6\formula.json,artifacts\results\multi_teacher_symbolic_pareto_10split\seed_49\I_dark\exports\I_dark\bkan_parameter_mean\additive_spline_6\formula.va,0.0036596880200552,0.9995341046953408,0.0078159361582417,0.0169630479124709,0.0039522457250473,0.9994611754887812,0.0077762503349489,0.0182255763800496,1.0,5000,1.0,1.0,1.7763568394002505e-15,1.3146666848721606e-07,False,False,False,False
I_dark,49,bkan_parameter_mean,teacher_distillation,additive_spline,8,1560,240,360,240,0.0001,0.0045723098916047,0.0018202000064775,0.0069426998961716,55,9610,268,artifacts\results\multi_teacher_symbolic_pareto_10split\seed_49\I_dark\exports\I_dark\bkan_parameter_mean\additive_spline_8\formula.json,artifacts\results\multi_teacher_symbolic_pareto_10split\seed_49\I_dark\exports\I_dark\bkan_parameter_mean\additive_spline_8\formula.va,0.0037180227542858,0.9995191337558792,0.0077341430327332,0.0169204502635693,0.0039522158173784,0.9994611836436,0.0076506553506171,0.0185454504875091,1.0,5000,1.0,1.0,1.7763568394002505e-15,1.3298333312074345e-07,False,False,False,False
I_dark,49,dkan,teacher_distillation,polynomial,1,1560,240,360,240,0.01,0.0511792751361504,0.0005463000270538,0.0024261000799015,7,815,23,artifacts\results\multi_teacher_symbolic_pareto_10split\seed_49\I_dark\exports\I_dark\dkan\polynomial_1\formula.json,artifacts\results\multi_teacher_symbolic_pareto_10split\seed_49\I_dark\exports\I_dark\dkan\polynomial_1\formula.va,0.047503305651992,0.9191305975918462,0.1104502272832003,0.1538382533102806,0.0479166022246691,0.9207988484619458,0.1290230619240547,0.1554264835729322,1.0,5000,1.0,1.0,8.881784197001252e-16,2.902799984440208e-07,False,False,False,False
I_dark,49,dkan,teacher_distillation,polynomial,2,1560,240,360,240,0.01,0.0293610312321852,0.0007654000073671,0.0043718000524677,28,1580,44,artifacts\results\multi_teacher_symbolic_pareto_10split\seed_49\I_dark\exports\I_dark\dkan\polynomial_2\formula.json,artifacts\results\multi_teacher_symbolic_pareto_10split\seed_49\I_dark\exports\I_dark\dkan\polynomial_2\formula.va,0.023590512841886,0.9800560427857395,0.0434295008579242,0.0769296656728686,0.0214179255157625,0.9841760728559952,0.0530784259973017,0.0774740780161655,1.0,5000,1.0,1.0,8.881784197001252e-16,9.610233343361566e-07,False,False,False,True
I_dark,49,dkan,teacher_distillation,polynomial,3,1560,240,360,240,1e-08,0.0229339585277704,0.0016114999889396,0.0057191000087186,84,3636,100,artifacts\results\multi_teacher_symbolic_pareto_10split\seed_49\I_dark\exports\I_dark\dkan\polynomial_3\formula.json,artifacts\results\multi_teacher_symbolic_pareto_10split\seed_49\I_dark\exports\I_dark\dkan\polynomial_3\formula.va,0.0159347765811895,0.9909002695770596,0.0309652487939484,0.044725144817721,0.0128037075825474,0.994345021464954,0.0239650635960161,0.0612676719661156,1.0,5000,1.0,1.0,8.881784197001252e-16,3.1465966681328917e-06,False,False,False,False
I_dark,49,dkan,teacher_distillation,additive_spline,4,1560,240,360,240,0.0001,0.0212533823153769,0.0020450000301934,0.0069367000251077,31,7089,196,artifacts\results\multi_teacher_symbolic_pareto_10split\seed_49\I_dark\exports\I_dark\dkan\additive_spline_4\formula.json,artifacts\results\multi_teacher_symbolic_pareto_10split\seed_49\I_dark\exports\I_dark\dkan\additive_spline_4\formula.va,0.0151120051817281,0.9918157147623016,0.0267491647396722,0.0764477479093752,0.0062067873221542,0.998671097263765,0.0115872645335623,0.0315570137191398,1.0,5000,1.0,1.0,1.7763568394002505e-15,1.270233343044917e-07,False,False,False,True
I_dark,49,dkan,teacher_distillation,additive_spline,6,1560,240,360,240,0.01,0.0211728419855736,0.0016348999924957,0.0072153000510297,43,8300,232,artifacts\results\multi_teacher_symbolic_pareto_10split\seed_49\I_dark\exports\I_dark\dkan\additive_spline_6\formula.json,artifacts\results\multi_teacher_symbolic_pareto_10split\seed_49\I_dark\exports\I_dark\dkan\additive_spline_6\formula.va,0.0151717069174389,0.9917509210839488,0.027697355788505,0.0728558469059628,0.0076834259919013,0.9979635709122676,0.0144485776175464,0.0350959574345104,1.0,5000,1.0,1.0,1.7763568394002505e-15,1.3427999995959304e-07,False,False,False,False
I_dark,49,dkan,teacher_distillation,additive_spline,8,1560,240,360,240,0.0001,0.0208560053885934,0.0015497999847866,0.0069928999873809,55,9426,268,artifacts\results\multi_teacher_symbolic_pareto_10split\seed_49\I_dark\exports\I_dark\dkan\additive_spline_8\formula.json,artifacts\results\multi_teacher_symbolic_pareto_10split\seed_49\I_dark\exports\I_dark\dkan\additive_spline_8\formula.va,0.0148276679075405,0.9921207973483046,0.0267239774769252,0.077330588897464,0.0069921497250033,0.9983135211244284,0.0139859573017872,0.0327982963839561,1.0,5000,1.0,1.0,1.7763568394002505e-15,1.357833330985159e-07,False,False,False,False
I_dark,49,mlp_l,teacher_distillation,polynomial,1,1560,240,360,240,0.01,0.0426294085338805,0.0008573000086471,0.0036087000626139,7,813,23,artifacts\results\multi_teacher_symbolic_pareto_10split\seed_49\I_dark\exports\I_dark\mlp_l\polynomial_1\formula.json,artifacts\results\multi_teacher_symbolic_pareto_10split\seed_49\I_dark\exports\I_dark\mlp_l\polynomial_1\formula.va,0.0430359345081255,0.9346120895051432,0.0830400636441089,0.1007487126729653,0.0479155232798085,0.92080241518869,0.1249761511965716,0.1527894026936405,1.0,5000,1.0,1.0,0.0,1.6432666840652626e-07,False,False,False,True
I_dark,49,mlp_l,teacher_distillation,polynomial,2,1560,240,360,240,0.01,0.0070162190606149,0.0011267000227235,0.0047496000188402,28,1589,44,artifacts\results\multi_teacher_symbolic_pareto_10split\seed_49\I_dark\exports\I_dark\mlp_l\polynomial_2\formula.json,artifacts\results\multi_teacher_symbolic_pareto_10split\seed_49\I_dark\exports\I_dark\mlp_l\polynomial_2\formula.va,0.0068278852300081,0.998354084979876,0.0116174486745054,0.0196154721618704,0.0211455899378748,0.9845759267581332,0.052240162505665,0.0636449122344497,1.0,5000,1.0,1.0,8.881784197001252e-16,9.802033329227318e-07,False,False,False,False
I_dark,49,mlp_l,teacher_distillation,polynomial,3,1560,240,360,240,0.01,0.0015559410573902,0.0015563999768346,0.0065286000026389,84,3660,100,artifacts\results\multi_teacher_symbolic_pareto_10split\seed_49\I_dark\exports\I_dark\mlp_l\polynomial_3\formula.json,artifacts\results\multi_teacher_symbolic_pareto_10split\seed_49\I_dark\exports\I_dark\mlp_l\polynomial_3\formula.va,0.0012221444109783,0.9999472672967008,0.0024327941415089,0.0051617647375223,0.0160752889589175,0.9910859094082044,0.0408554596762049,0.047988722998884,1.0,5000,1.0,1.0,8.881784197001252e-16,3.040136666580414e-06,False,False,False,False
I_dark,49,mlp_l,teacher_distillation,additive_spline,4,1560,240,360,240,1e-08,0.004642841865994,0.0016983000095933,0.0066649999935179,31,7173,196,artifacts\results\multi_teacher_symbolic_pareto_10split\seed_49\I_dark\exports\I_dark\mlp_l\additive_spline_4\formula.json,artifacts\results\multi_teacher_symbolic_pareto_10split\seed_49\I_dark\exports\I_dark\mlp_l\additive_spline_4\formula.va,0.0045158569932822,0.9992800284352126,0.009128122583327,0.0200318357100002,0.0165732063768808,0.9905251456256062,0.0376696878888226,0.0637368696078031,1.0,5000,1.0,1.0,1.7763568394002505e-15,1.333433339217057e-07,False,False,False,False
I_dark,49,mlp_l,teacher_distillation,additive_spline,6,1560,240,360,240,0.0001,0.0045945843482966,0.0016747000045143,0.0064978000009432,43,8378,232,artifacts\results\multi_teacher_symbolic_pareto_10split\seed_49\I_dark\exports\I_dark\mlp_l\additive_spline_6\formula.json,artifacts\results\multi_teacher_symbolic_pareto_10split\seed_49\I_dark\exports\I_dark\mlp_l\additive_spline_6\formula.va,0.0046791832842631,0.9992270078253038,0.0093178958273844,0.0210933689628172,0.0165923882394049,0.9905032005021184,0.0381584276071487,0.0635110211834133,1.0,5000,1.0,1.0,1.7763568394002505e-15,1.3399999976779024e-07,False,False,False,False
I_dark,49,mlp_l,teacher_distillation,additive_spline,8,1560,240,360,240,0.0001,0.00461530450507,0.0015785000286996,0.0066987000172957,55,9605,268,artifacts\results\multi_teacher_symbolic_pareto_10split\seed_49\I_dark\exports\I_dark\mlp_l\additive_spline_8\formula.json,artifacts\results\multi_teacher_symbolic_pareto_10split\seed_49\I_dark\exports\I_dark\mlp_l\additive_spline_8\formula.va,0.004732761020419,0.9992092045998596,0.0094622636034187,0.0214989587526934,0.0165959414733622,0.990499132617119,0.0381446627666983,0.06314808471644,1.0,5000,1.0,1.0,1.7763568394002505e-15,1.3286666750597458e-07,False,False,False,False
I_dark,49,tcad_direct,direct_tcad,polynomial,1,1560,240,360,240,0.01,0.0475112408100567,0.0005437000072561,0.0031717999372631,7,814,23,artifacts\results\multi_teacher_symbolic_pareto_10split\seed_49\I_dark\exports\I_dark\tcad_direct\polynomial_1\formula.json,artifacts\results\multi_teacher_symbolic_pareto_10split\seed_49\I_dark\exports\I_dark\tcad_direct\polynomial_1\formula.va,,,,,0.047887926282663,0.9208936167855256,0.1264349370576173,0.148938024182331,1.0,5000,1.0,1.0,8.881784197001252e-16,1.5128333276758592e-07,False,False,True,True
I_dark,49,tcad_direct,direct_tcad,polynomial,2,1560,240,360,240,1e-08,0.0207727119847485,0.0009849999914877,0.0037615000037476,28,1594,44,artifacts\results\multi_teacher_symbolic_pareto_10split\seed_49\I_dark\exports\I_dark\tcad_direct\polynomial_2\formula.json,artifacts\results\multi_teacher_symbolic_pareto_10split\seed_49\I_dark\exports\I_dark\tcad_direct\polynomial_2\formula.va,,,,,0.0210088903832917,0.9847747056687012,0.0519658907035888,0.0613768901293694,1.0,5000,1.0,1.0,8.881784197001252e-16,9.309133340138942e-07,False,False,True,True
I_dark,49,tcad_direct,direct_tcad,polynomial,3,1560,240,360,240,0.01,0.0108255294202801,0.0012552000116556,0.0064735999912954,84,3635,100,artifacts\results\multi_teacher_symbolic_pareto_10split\seed_49\I_dark\exports\I_dark\tcad_direct\polynomial_3\formula.json,artifacts\results\multi_teacher_symbolic_pareto_10split\seed_49\I_dark\exports\I_dark\tcad_direct\polynomial_3\formula.va,,,,,0.0110019213420881,0.9958246148894808,0.022162155071544,0.0270168352886717,1.0,5000,1.0,1.0,8.881784197001252e-16,3.138290000303338e-06,False,False,False,True
I_dark,49,tcad_direct,direct_tcad,additive_spline,4,1560,240,360,240,0.0001,0.0050947837519359,0.0012989999959245,0.0057540000416338,31,7159,196,artifacts\results\multi_teacher_symbolic_pareto_10split\seed_49\I_dark\exports\I_dark\tcad_direct\additive_spline_4\formula.json,artifacts\results\multi_teacher_symbolic_pareto_10split\seed_49\I_dark\exports\I_dark\tcad_direct\additive_spline_4\formula.va,,,,,0.005276776467453,0.9990395011234544,0.0119960858001912,0.0200779046324361,1.0,5000,1.0,1.0,1.7763568394002505e-15,1.264066668227315e-07,False,False,True,True
I_dark,49,tcad_direct,direct_tcad,additive_spline,6,1560,240,360,240,1e-08,0.0034524006912365,0.0017946999869309,0.0066155000240541,43,8354,232,artifacts\results\multi_teacher_symbolic_pareto_10split\seed_49\I_dark\exports\I_dark\tcad_direct\additive_spline_6\formula.json,artifacts\results\multi_teacher_symbolic_pareto_10split\seed_49\I_dark\exports\I_dark\tcad_direct\additive_spline_6\formula.va,,,,,0.0036717228967385,0.9995349504136686,0.0067072534856937,0.0197415198891324,1.0,5000,1.0,1.0,1.7763568394002505e-15,1.3712333360066017e-07,False,False,True,True
I_dark,49,tcad_direct,direct_tcad,additive_spline,8,1560,240,360,240,1e-06,0.0034281830236552,0.0016305000171996,0.0074913000571541,55,9556,268,artifacts\results\multi_teacher_symbolic_pareto_10split\seed_49\I_dark\exports\I_dark\tcad_direct\additive_spline_8\formula.json,artifacts\results\multi_teacher_symbolic_pareto_10split\seed_49\I_dark\exports\I_dark\tcad_direct\additive_spline_8\formula.va,,,,,0.0037201220005267,0.99952260943413,0.007223965125722,0.0190556909060788,1.0,5000,1.0,1.0,1.7763568394002505e-15,1.3240333258484804e-07,False,False,False,False
I_photo,49,bkan_parameter_mean,teacher_distillation,polynomial,1,1664,256,384,256,1e-08,0.0068340014080535,0.0010674999793991,0.0032879000063985,7,839,23,artifacts\results\multi_teacher_symbolic_pareto_10split\seed_49\I_photo\exports\I_photo\bkan_parameter_mean\polynomial_1\formula.json,artifacts\results\multi_teacher_symbolic_pareto_10split\seed_49\I_photo\exports\I_photo\bkan_parameter_mean\polynomial_1\formula.va,0.0068547592755878,0.9050917230203436,0.0136019476684779,0.0209928330683428,0.0070225615750741,0.904117027348286,0.0149092851815854,0.0223535340423346,1.0,5000,1.0,1.0,0.0,2.713333330272386e-07,False,False,False,False
I_photo,49,bkan_parameter_mean,teacher_distillation,polynomial,2,1664,256,384,256,1e-08,0.0034742143461727,0.0013645999715663,0.0043170999852009,28,1616,44,artifacts\results\multi_teacher_symbolic_pareto_10split\seed_49\I_photo\exports\I_photo\bkan_parameter_mean\polynomial_2\formula.json,artifacts\results\multi_teacher_symbolic_pareto_10split\seed_49\I_photo\exports\I_photo\bkan_parameter_mean\polynomial_2\formula.va,0.00343341241309,0.9761893298308476,0.0072149762958139,0.0094245103400103,0.0045913459242021,0.9590144839154244,0.0092730601018981,0.0159418462416489,1.0,5000,1.0,1.0,4.440892098500626e-16,1.3164500007405877e-06,False,False,False,False
I_photo,49,bkan_parameter_mean,teacher_distillation,polynomial,3,1664,256,384,256,1e-08,0.0030976166731462,0.0023151999921537,0.0082759000360965,84,3681,100,artifacts\results\multi_teacher_symbolic_pareto_10split\seed_49\I_photo\exports\I_photo\bkan_parameter_mean\polynomial_3\formula.json,artifacts\results\multi_teacher_symbolic_pareto_10split\seed_49\I_photo\exports\I_photo\bkan_parameter_mean\polynomial_3\formula.va,0.0056486384387064,0.9355523290255116,0.0146835971717352,0.0175380625461354,0.0058243877475952,0.9340445120847304,0.0148247061123479,0.0162168582619104,1.0,5000,1.0,1.0,4.440892098500626e-16,3.930556665485104e-06,False,False,False,False
I_photo,49,bkan_parameter_mean,teacher_distillation,additive_spline,4,1664,256,384,256,1e-08,0.0023031478154921,0.0018322999821975,0.0073679000488482,31,7177,196,artifacts\results\multi_teacher_symbolic_pareto_10split\seed_49\I_photo\exports\I_photo\bkan_parameter_mean\additive_spline_4\formula.json,artifacts\results\multi_teacher_symbolic_pareto_10split\seed_49\I_photo\exports\I_photo\bkan_parameter_mean\additive_spline_4\formula.va,0.0027885911071868,0.9842931408460536,0.0051419705031727,0.0069493508763254,0.0034361929079801,0.9770435117723452,0.0101636619635322,0.0107631260627889,1.0,5000,1.0,1.0,8.881784197001252e-16,1.364899993253251e-07,False,False,False,False
I_photo,49,bkan_parameter_mean,teacher_distillation,additive_spline,6,1664,256,384,256,0.0001,0.0019671686066243,0.0016400999738834,0.007300499943085,43,8385,232,artifacts\results\multi_teacher_symbolic_pareto_10split\seed_49\I_photo\exports\I_photo\bkan_parameter_mean\additive_spline_6\formula.json,artifacts\results\multi_teacher_symbolic_pareto_10split\seed_49\I_photo\exports\I_photo\bkan_parameter_mean\additive_spline_6\formula.va,0.0026172272242849,0.986164255560513,0.0047829633345429,0.007184237701459,0.0041974515214791,0.9657451747641962,0.0107798071279455,0.0113754714296239,1.0,5000,1.0,1.0,4.440892098500626e-16,1.558100009181847e-07,False,False,False,False
I_photo,49,bkan_parameter_mean,teacher_distillation,additive_spline,8,1664,256,384,256,0.0001,0.0015197317238023,0.0021946000051684,0.0086506000370718,55,9583,268,artifacts\results\multi_teacher_symbolic_pareto_10split\seed_49\I_photo\exports\I_photo\bkan_parameter_mean\additive_spline_8\formula.json,artifacts\results\multi_teacher_symbolic_pareto_10split\seed_49\I_photo\exports\I_photo\bkan_parameter_mean\additive_spline_8\formula.va,0.0023695997802568,0.9886585214686232,0.0041257791008623,0.0056838713604165,0.00426911438958,0.9645655283349074,0.0110870312944324,0.0116763292474959,1.0,5000,1.0,1.0,8.881784197001252e-16,1.5069333215554558e-07,False,False,False,False
I_photo,49,dkan,teacher_distillation,polynomial,1,1664,256,384,256,1e-08,0.0070257413756789,0.0009144999785348,0.003530099929776,7,840,23,artifacts\results\multi_teacher_symbolic_pareto_10split\seed_49\I_photo\exports\I_photo\dkan\polynomial_1\formula.json,artifacts\results\multi_teacher_symbolic_pareto_10split\seed_49\I_photo\exports\I_photo\dkan\polynomial_1\formula.va,0.0069831135724996,0.900996222454616,0.0143535197901849,0.0219984199636895,0.007011978232124,0.9044058102157894,0.0149806459732184,0.022594460379798,1.0,5000,1.0,1.0,0.0,2.841566669909905e-07,False,False,True,True
I_photo,49,dkan,teacher_distillation,polynomial,2,1664,256,384,256,1e-08,0.0039818622921695,0.0020470999879762,0.0056582000106573,28,1611,44,artifacts\results\multi_teacher_symbolic_pareto_10split\seed_49\I_photo\exports\I_photo\dkan\polynomial_2\formula.json,artifacts\results\multi_teacher_symbolic_pareto_10split\seed_49\I_photo\exports\I_photo\dkan\polynomial_2\formula.va,0.0047329852156492,0.954519644513652,0.0089998494715213,0.0105229395009653,0.0047023697408283,0.9570083685123112,0.0100696124403558,0.0160172652423979,1.0,5000,1.0,1.0,4.440892098500626e-16,9.43100000343596e-07,False,False,False,False
I_photo,49,dkan,teacher_distillation,polynomial,3,1664,256,384,256,1e-08,0.0036682329842691,0.0019374000257812,0.0072503000264987,84,3680,100,artifacts\results\multi_teacher_symbolic_pareto_10split\seed_49\I_photo\exports\I_photo\dkan\polynomial_3\formula.json,artifacts\results\multi_teacher_symbolic_pareto_10split\seed_49\I_photo\exports\I_photo\dkan\polynomial_3\formula.va,0.0056267010220415,0.935722166045006,0.0112459542820159,0.0152982421819443,0.0052124668954911,0.9471753050490525,0.012044341618591,0.013244852451101,1.0,5000,1.0,1.0,0.0,3.044280000419045e-06,False,False,False,False
I_photo,49,dkan,teacher_distillation,additive_spline,4,1664,256,384,256,1e-08,0.0029531409460886,0.0018365000141784,0.0068254999932833,31,7152,196,artifacts\results\multi_teacher_symbolic_pareto_10split\seed_49\I_photo\exports\I_photo\dkan\additive_spline_4\formula.json,artifacts\results\multi_teacher_symbolic_pareto_10split\seed_49\I_photo\exports\I_photo\dkan\additive_spline_4\formula.va,0.0038260770670153,0.9702791666867204,0.0087356509491455,0.0105602292780573,0.0033360547401766,0.9783620200184756,0.0097982752831849,0.0108044098692756,1.0,5000,1.0,1.0,8.881784197001252e-16,1.3295333289230866e-07,False,False,True,True
I_photo,49,dkan,teacher_distillation,additive_spline,6,1664,256,384,256,0.0001,0.0032337587761258,0.0022925999946892,0.0073030999628826,43,8350,232,artifacts\results\multi_teacher_symbolic_pareto_10split\seed_49\I_photo\exports\I_photo\dkan\additive_spline_6\formula.json,artifacts\results\multi_teacher_symbolic_pareto_10split\seed_49\I_photo\exports\I_photo\dkan\additive_spline_6\formula.va,0.0044281680632026,0.9601891229270624,0.0092966881842421,0.0125952254792935,0.0041216377698403,0.9669714110186862,0.0099800629890397,0.0107765133320691,1.0,5000,1.0,1.0,8.881784197001252e-16,1.2963333477576574e-07,False,False,False,False
I_photo,49,dkan,teacher_distillation,additive_spline,8,1664,256,384,256,0.01,0.0032605832951365,0.0015772999613545,0.0072383999940939,55,9553,268,artifacts\results\multi_teacher_symbolic_pareto_10split\seed_49\I_photo\exports\I_photo\dkan\additive_spline_8\formula.json,artifacts\results\multi_teacher_symbolic_pareto_10split\seed_49\I_photo\exports\I_photo\dkan\additive_spline_8\formula.va,0.003980297665,0.9678349183257868,0.0075477293575538,0.0088628986458427,0.0037914031152261,0.9720520277465544,0.0090422311279265,0.0103774811388164,1.0,5000,1.0,1.0,8.881784197001252e-16,1.361966656986624e-07,False,False,False,False
I_photo,49,mlp_l,teacher_distillation,polynomial,1,1664,256,384,256,1e-08,0.0059435827903113,0.0008920999825932,0.0026354999863542,7,839,23,artifacts\results\multi_teacher_symbolic_pareto_10split\seed_49\I_photo\exports\I_photo\mlp_l\polynomial_1\formula.json,artifacts\results\multi_teacher_symbolic_pareto_10split\seed_49\I_photo\exports\I_photo\mlp_l\polynomial_1\formula.va,0.0059744513505496,0.9274746942769928,0.0120252598143794,0.0146934473270357,0.0070313815297335,0.9038760285251268,0.0149968461273204,0.0224149088213647,1.0,5000,1.0,1.0,0.0,1.4973333260665338e-07,False,False,False,False
I_photo,49,mlp_l,teacher_distillation,polynomial,2,1664,256,384,256,0.01,0.0008490598347556,0.0007573000038973,0.0038767999503761,28,1609,44,artifacts\results\multi_teacher_symbolic_pareto_10split\seed_49\I_photo\exports\I_photo\mlp_l\polynomial_2\formula.json,artifacts\results\multi_teacher_symbolic_pareto_10split\seed_49\I_photo\exports\I_photo\mlp_l\polynomial_2\formula.va,0.0008311685275564,0.9985963084341776,0.0014964194491285,0.0026708217275173,0.0040474552108629,0.9681496300352412,0.0081026988726187,0.0135223998884197,1.0,5000,1.0,1.0,4.440892098500626e-16,9.46440000552684e-07,False,False,True,True
I_photo,49,mlp_l,teacher_distillation,polynomial,3,1664,256,384,256,1e-08,0.0001390286253413,0.0019843999762088,0.0074318999540992,84,3681,100,artifacts\results\multi_teacher_symbolic_pareto_10split\seed_49\I_photo\exports\I_photo\mlp_l\polynomial_3\formula.json,artifacts\results\multi_teacher_symbolic_pareto_10split\seed_49\I_photo\exports\I_photo\mlp_l\polynomial_3\formula.va,0.0001558865856141,0.9999506245576244,0.0002892203162402,0.0007342519903348,0.003735208759071,0.9728743510528316,0.008062239662813,0.0131728968426707,1.0,5000,1.0,1.0,4.440892098500626e-16,3.107490000547841e-06,False,False,False,True
I_photo,49,mlp_l,teacher_distillation,additive_spline,4,1664,256,384,256,1e-08,0.0007589459716438,0.0017860999796539,0.00628199998755,31,7292,196,artifacts\results\multi_teacher_symbolic_pareto_10split\seed_49\I_photo\exports\I_photo\mlp_l\additive_spline_4\formula.json,artifacts\results\multi_teacher_symbolic_pareto_10split\seed_49\I_photo\exports\I_photo\mlp_l\additive_spline_4\formula.va,0.0009561071212548,0.998142594976041,0.0019442695935518,0.0029889144307002,0.0036970337490818,0.9734259829994706,0.0081520306086524,0.0114370448233929,1.0,5000,1.0,1.0,8.881784197001252e-16,1.7882999964058398e-07,False,False,False,False
I_photo,49,mlp_l,teacher_distillation,additive_spline,6,1664,256,384,256,0.0001,0.0007531858464203,0.0017947999876923,0.0080167999840341,43,8564,232,artifacts\results\multi_teacher_symbolic_pareto_10split\seed_49\I_photo\exports\I_photo\mlp_l\additive_spline_6\formula.json,artifacts\results\multi_teacher_symbolic_pareto_10split\seed_49\I_photo\exports\I_photo\mlp_l\additive_spline_6\formula.va,0.0009591144653424,0.9981308920176962,0.0019608857676556,0.0027789232643624,0.0036743978849212,0.9737503967839808,0.008141479107329,0.0112224912511336,1.0,5000,1.0,1.0,8.881784197001252e-16,1.3462999874415497e-07,False,False,False,False
I_photo,49,mlp_l,teacher_distillation,additive_spline,8,1664,256,384,256,0.0001,0.0007394340927749,0.0017228000215254,0.0075846000108867,55,9772,268,artifacts\results\multi_teacher_symbolic_pareto_10split\seed_49\I_photo\exports\I_photo\mlp_l\additive_spline_8\formula.json,artifacts\results\multi_teacher_symbolic_pareto_10split\seed_49\I_photo\exports\I_photo\mlp_l\additive_spline_8\formula.va,0.0010468222070161,0.9977734145629584,0.0022472902429575,0.0030987065226892,0.0037241867504122,0.97303420183324,0.0082679948347504,0.0114627353312397,1.0,5000,1.0,1.0,8.881784197001252e-16,1.495866667634497e-07,False,False,False,False
I_photo,49,tcad_direct,direct_tcad,polynomial,1,1664,256,384,256,1e-08,0.0077880334597742,0.0008576999534852,0.0025669999304227,7,838,23,artifacts\results\multi_teacher_symbolic_pareto_10split\seed_49\I_photo\exports\I_photo\tcad_direct\polynomial_1\formula.json,artifacts\results\multi_teacher_symbolic_pareto_10split\seed_49\I_photo\exports\I_photo\tcad_direct\polynomial_1\formula.va,,,,,0.0070133293506642,0.904368967110598,0.0146399024852216,0.0220635985082511,1.0,5000,1.0,1.0,4.440892098500626e-16,1.488233334384859e-07,False,False,False,True
I_photo,49,tcad_direct,direct_tcad,polynomial,2,1664,256,384,256,1e-08,0.0052169648619961,0.0012627000105567,0.0036775000044144,28,1611,44,artifacts\results\multi_teacher_symbolic_pareto_10split\seed_49\I_photo\exports\I_photo\tcad_direct\polynomial_2\formula.json,artifacts\results\multi_teacher_symbolic_pareto_10split\seed_49\I_photo\exports\I_photo\tcad_direct\polynomial_2\formula.va,,,,,0.0050398199867084,0.9506166636923412,0.0107452334868145,0.0172603917062246,1.0,5000,1.0,1.0,4.440892098500626e-16,9.502100001554936e-07,False,False,False,False
I_photo,49,tcad_direct,direct_tcad,polynomial,3,1664,256,384,256,0.01,0.0042587090154588,0.0020668000215664,0.0077418999862857,84,3656,100,artifacts\results\multi_teacher_symbolic_pareto_10split\seed_49\I_photo\exports\I_photo\tcad_direct\polynomial_3\formula.json,artifacts\results\multi_teacher_symbolic_pareto_10split\seed_49\I_photo\exports\I_photo\tcad_direct\polynomial_3\formula.va,,,,,0.0055040694667643,0.9410996071790024,0.0136942174495157,0.015832844021816,1.0,5000,1.0,1.0,4.440892098500626e-16,3.051543332791577e-06,False,False,False,False
I_photo,49,tcad_direct,direct_tcad,additive_spline,4,1664,256,384,256,0.01,0.0049528552343858,0.0013824999914504,0.0066031999303959,31,7153,196,artifacts\results\multi_teacher_symbolic_pareto_10split\seed_49\I_photo\exports\I_photo\tcad_direct\additive_spline_4\formula.json,artifacts\results\multi_teacher_symbolic_pareto_10split\seed_49\I_photo\exports\I_photo\tcad_direct\additive_spline_4\formula.va,,,,,0.0036191186446203,0.9745342764803242,0.0107177635546549,0.0118086560919987,1.0,5000,1.0,1.0,8.881784197001252e-16,1.2593666712443034e-07,False,False,False,False
I_photo,49,tcad_direct,direct_tcad,additive_spline,6,1664,256,384,256,1e-08,0.0053231948515836,0.0017240000306628,0.0063556000823155,43,8354,232,artifacts\results\multi_teacher_symbolic_pareto_10split\seed_49\I_photo\exports\I_photo\tcad_direct\additive_spline_6\formula.json,artifacts\results\multi_teacher_symbolic_pareto_10split\seed_49\I_photo\exports\I_photo\tcad_direct\additive_spline_6\formula.va,,,,,0.0040036155683553,0.9688358621315376,0.0085639378271566,0.0094492630886668,1.0,5000,1.0,1.0,8.881784197001252e-16,1.302033332952609e-07,False,False,False,False
I_photo,49,tcad_direct,direct_tcad,additive_spline,8,1664,256,384,256,0.01,0.005438066945157,0.0016500999918207,0.0072042000829242,55,9541,268,artifacts\results\multi_teacher_symbolic_pareto_10split\seed_49\I_photo\exports\I_photo\tcad_direct\additive_spline_8\formula.json,artifacts\results\multi_teacher_symbolic_pareto_10split\seed_49\I_photo\exports\I_photo\tcad_direct\additive_spline_8\formula.va,,,,,0.0034006469602968,0.9775160053215596,0.0067870346017694,0.0103525021116306,1.0,5000,1.0,1.0,4.440892098500626e-16,1.3327333338869116e-07,False,False,False,False
AC_Response,49,bkan_parameter_mean,teacher_distillation,polynomial,1,2912,448,672,448,1e-08,0.9194813659218798,0.0013087000115774,0.0036159000592306,4,514,17,artifacts\results\multi_teacher_symbolic_pareto_10split\seed_49\AC_Response\exports\AC_Response\bkan_parameter_mean\polynomial_1\formula.json,artifacts\results\multi_teacher_symbolic_pareto_10split\seed_49\AC_Response\exports\AC_Response\bkan_parameter_mean\polynomial_1\formula.va,0.914309160004658,0.8574857393335029,1.4875610354464786,1.587758809188056,0.9240420982718048,0.8579182973471049,1.4808964664395556,1.835643679763849,1.0,5000,1.0,1.0,1.7763568394002505e-15,9.698666593370339e-08,False,False,False,False
AC_Response,49,bkan_parameter_mean,teacher_distillation,polynomial,2,2912,448,672,448,1e-08,0.3087177949581673,0.0011446999851614,0.0042362000094726,10,690,23,artifacts\results\multi_teacher_symbolic_pareto_10split\seed_49\AC_Response\exports\AC_Response\bkan_parameter_mean\polynomial_2\formula.json,artifacts\results\multi_teacher_symbolic_pareto_10split\seed_49\AC_Response\exports\AC_Response\bkan_parameter_mean\polynomial_2\formula.va,0.3100738008349527,0.9836091178325106,0.5675655489773164,0.6043439111542854,0.3213125355284911,0.9828205215056348,0.5982279311381404,0.8534439332380206,1.0,5000,1.0,1.0,3.552713678800501e-15,1.957966674429675e-07,False,False,False,False
AC_Response,49,bkan_parameter_mean,teacher_distillation,polynomial,3,2912,448,672,448,1e-08,0.1618212526881126,0.0010328000062145,0.0046842999872751,20,991,33,artifacts\results\multi_teacher_symbolic_pareto_10split\seed_49\AC_Response\exports\AC_Response\bkan_parameter_mean\polynomial_3\formula.json,artifacts\results\multi_teacher_symbolic_pareto_10split\seed_49\AC_Response\exports\AC_Response\bkan_parameter_mean\polynomial_3\formula.va,0.1636332353829591,0.995435268707768,0.3148958170063073,0.3499145441376425,0.1912701669400549,0.9939123579044212,0.348026153330876,0.9450323239440336,1.0,5000,1.0,1.0,3.552713678800501e-15,5.919900004907201e-07,False,False,False,False
AC_Response,49,bkan_parameter_mean,teacher_distillation,additive_spline,4,2912,448,672,448,0.0001,0.0787011363008356,0.0015883999876677,0.007316599949263,16,3602,103,artifacts\results\multi_teacher_symbolic_pareto_10split\seed_49\AC_Response\exports\AC_Response\bkan_parameter_mean\additive_spline_4\formula.json,artifacts\results\multi_teacher_symbolic_pareto_10split\seed_49\AC_Response\exports\AC_Response\bkan_parameter_mean\additive_spline_4\formula.va,0.0803049708869267,0.9989005966889988,0.1423422726884416,0.1729717317599004,0.1308813890119508,0.99714956968314,0.2251940257668958,0.7530404795457217,1.0,5000,1.0,1.0,2.886579864025407e-15,1.0133333271369339e-07,False,False,False,False
AC_Response,49,bkan_parameter_mean,teacher_distillation,additive_spline,6,2912,448,672,448,0.01,0.0799861499479504,0.0015946000348776,0.0069765000371262,22,4198,121,artifacts\results\multi_teacher_symbolic_pareto_10split\seed_49\AC_Response\exports\AC_Response\bkan_parameter_mean\additive_spline_6\formula.json,artifacts\results\multi_teacher_symbolic_pareto_10split\seed_49\AC_Response\exports\AC_Response\bkan_parameter_mean\additive_spline_6\formula.va,0.0814889595512481,0.9988679392629268,0.1445090880957696,0.1712829600696814,0.1314105181766052,0.9971264755732314,0.2217784539589654,0.7672608475641693,1.0,5000,1.0,1.0,1.7763568394002505e-15,1.0104333244574566e-07,False,False,False,False
AC_Response,49,bkan_parameter_mean,teacher_distillation,additive_spline,8,2912,448,672,448,1e-06,0.0684402248032562,0.0016671000048518,0.0074049000395461,28,4806,139,artifacts\results\multi_teacher_symbolic_pareto_10split\seed_49\AC_Response\exports\AC_Response\bkan_parameter_mean\additive_spline_8\formula.json,artifacts\results\multi_teacher_symbolic_pareto_10split\seed_49\AC_Response\exports\AC_Response\bkan_parameter_mean\additive_spline_8\formula.va,0.0710915248820412,0.9991383957310004,0.1235167090081063,0.1812812049170851,0.1251726469458979,0.997392805028678,0.2203886173561767,0.7495252449867262,1.0,5000,1.0,1.0,3.552713678800501e-15,1.1701000039465725e-07,False,False,False,False
AC_Response,49,dkan,teacher_distillation,polynomial,1,2912,448,672,448,1e-08,0.9131579461477908,0.0009824999724514,0.0031681999098509,4,515,17,artifacts\results\multi_teacher_symbolic_pareto_10split\seed_49\AC_Response\exports\AC_Response\dkan\polynomial_1\formula.json,artifacts\results\multi_teacher_symbolic_pareto_10split\seed_49\AC_Response\exports\AC_Response\dkan\polynomial_1\formula.va,0.911090076634394,0.8586424337337734,1.4837006353697793,1.639998538126325,0.9248425546692038,0.8576720326633761,1.4794825502928803,1.8305914308102844,1.0,5000,1.0,1.0,0.0,9.312333422712983e-08,False,False,False,False
AC_Response,49,dkan,teacher_distillation,polynomial,2,2912,448,672,448,1e-08,0.3138467627845943,0.0011450000456534,0.0037643000250682,10,690,23,artifacts\results\multi_teacher_symbolic_pareto_10split\seed_49\AC_Response\exports\AC_Response\dkan\polynomial_2\formula.json,artifacts\results\multi_teacher_symbolic_pareto_10split\seed_49\AC_Response\exports\AC_Response\dkan\polynomial_2\formula.va,0.3170798962809896,0.9828788141549682,0.5708959037865636,0.6528292078196962,0.3251926627369731,0.9824031021120035,0.5914230095576778,0.9389744969420342,1.0,5000,1.0,1.0,3.552713678800501e-15,3.043766657356173e-07,False,False,False,False
AC_Response,49,dkan,teacher_distillation,polynomial,3,2912,448,672,448,1e-08,0.160792498712464,0.0013176999636925,0.0044113000039942,20,991,33,artifacts\results\multi_teacher_symbolic_pareto_10split\seed_49\AC_Response\exports\AC_Response\dkan\polynomial_3\formula.json,artifacts\results\multi_teacher_symbolic_pareto_10split\seed_49\AC_Response\exports\AC_Response\dkan\polynomial_3\formula.va,0.1698171708665717,0.9950891165275844,0.3229183357894601,0.5266839824420613,0.1961468177444089,0.9935979778729704,0.3671427792655166,0.9645765247756426,1.0,5000,1.0,1.0,3.552713678800501e-15,6.556766650949915e-07,False,False,False,False
AC_Response,49,dkan,teacher_distillation,additive_spline,4,2912,448,672,448,0.0001,0.0828038052926474,0.0013624999555759,0.0061272999737411,16,3579,103,artifacts\results\multi_teacher_symbolic_pareto_10split\seed_49\AC_Response\exports\AC_Response\dkan\additive_spline_4\formula.json,artifacts\results\multi_teacher_symbolic_pareto_10split\seed_49\AC_Response\exports\AC_Response\dkan\additive_spline_4\formula.va,0.1065106965576844,0.9980681078567164,0.1743848700220734,0.5074881984815458,0.1360628319631143,0.9969194117855232,0.244018353354471,0.7773565612475322,1.0,5000,1.0,1.0,4.551914400963142e-15,9.865666700837512e-08,False,False,False,True
AC_Response,49,dkan,teacher_distillation,additive_spline,6,2912,448,672,448,1e-08,0.0839690292885449,0.0018813000060617,0.0069553999928757,22,4167,121,artifacts\results\multi_teacher_symbolic_pareto_10split\seed_49\AC_Response\exports\AC_Response\dkan\additive_spline_6\formula.json,artifacts\results\multi_teacher_symbolic_pareto_10split\seed_49\AC_Response\exports\AC_Response\dkan\additive_spline_6\formula.va,0.1072500253125763,0.9980411948678608,0.1809114616220071,0.5140661185585234,0.1363516523599557,0.9969063195836452,0.2422650495166452,0.8096582191175106,1.0,5000,1.0,1.0,1.7763568394002505e-15,7.456666595923405e-08,False,False,False,False
AC_Response,49,dkan,teacher_distillation,additive_spline,8,2912,448,672,448,0.01,0.0716813662996887,0.0014873999753035,0.0060460999957285,28,4753,139,artifacts\results\multi_teacher_symbolic_pareto_10split\seed_49\AC_Response\exports\AC_Response\dkan\additive_spline_8\formula.json,artifacts\results\multi_teacher_symbolic_pareto_10split\seed_49\AC_Response\exports\AC_Response\dkan\additive_spline_8\formula.va,0.0997853115258871,0.9983043755840056,0.1640915021042039,0.475055996979622,0.1312272841677347,0.9971344834606114,0.2373253439336932,0.7974398405687264,1.0,5000,1.0,1.0,2.3314683517128287e-15,7.448666729032993e-08,False,False,False,False
AC_Response,49,mlp_l,teacher_distillation,polynomial,1,2912,448,672,448,1e-08,0.8598875922315562,0.000992799992673,0.0026768000097945,4,513,17,artifacts\results\multi_teacher_symbolic_pareto_10split\seed_49\AC_Response\exports\AC_Response\mlp_l\polynomial_1\formula.json,artifacts\results\multi_teacher_symbolic_pareto_10split\seed_49\AC_Response\exports\AC_Response\mlp_l\polynomial_1\formula.va,0.8565529854062139,0.872959206775799,1.5057774675422275,1.639613397780867,0.9241573031139916,0.8578828670987801,1.4757862203989731,1.8164427643657168,1.0,5000,1.0,1.0,4.440892098500626e-16,5.4376667443042e-08,False,False,False,False
AC_Response,49,mlp_l,teacher_distillation,polynomial,2,2912,448,672,448,1e-08,0.2327098226662373,0.0008086999878287,0.0027536999550648,10,692,23,artifacts\results\multi_teacher_symbolic_pareto_10split\seed_49\AC_Response\exports\AC_Response\mlp_l\polynomial_2\formula.json,artifacts\results\multi_teacher_symbolic_pareto_10split\seed_49\AC_Response\exports\AC_Response\mlp_l\polynomial_2\formula.va,0.2318522826123182,0.990691976256902,0.4805486191548798,0.5332980435135593,0.3241339703232694,0.9825174920053722,0.6110637333983054,0.750572474184656,1.0,5000,1.0,1.0,2.664535259100376e-15,1.819866670606037e-07,False,False,False,False
AC_Response,49,mlp_l,teacher_distillation,polynomial,3,2912,448,672,448,1e-08,0.0309516029206718,0.0011523999855853,0.0034725000150501,20,990,33,artifacts\results\multi_teacher_symbolic_pareto_10split\seed_49\AC_Response\exports\AC_Response\mlp_l\polynomial_3\formula.json,artifacts\results\multi_teacher_symbolic_pareto_10split\seed_49\AC_Response\exports\AC_Response\mlp_l\polynomial_3\formula.va,0.0310861869780117,0.999832671606938,0.069068265186264,0.1305216571709611,0.1941407025562113,0.9937282630982498,0.3857618399302312,0.7646426753086253,1.0,5000,1.0,1.0,5.3290705182007506e-15,4.029566674338033e-07,False,False,False,False
AC_Response,49,mlp_l,teacher_distillation,additive_spline,4,2912,448,672,448,1e-08,0.0243664408507879,0.0017824000096879,0.0060667999787256,16,3628,103,artifacts\results\multi_teacher_symbolic_pareto_10split\seed_49\AC_Response\exports\AC_Response\mlp_l\additive_spline_4\formula.json,artifacts\results\multi_teacher_symbolic_pareto_10split\seed_49\AC_Response\exports\AC_Response\mlp_l\additive_spline_4\formula.va,0.0358450881467619,0.9997775184323692,0.0825251437470173,0.1337400060318856,0.1862149461842177,0.994229895090726,0.3561934306589255,0.8062904402529139,1.0,5000,1.0,1.0,2.664535259100376e-15,6.653000018559396e-08,False,False,False,False
AC_Response,49,mlp_l,teacher_distillation,additive_spline,6,2912,448,672,448,1e-08,0.0237292503354455,0.0014609000063501,0.0055252000456675,22,4259,121,artifacts\results\multi_teacher_symbolic_pareto_10split\seed_49\AC_Response\exports\AC_Response\mlp_l\additive_spline_6\formula.json,artifacts\results\multi_teacher_symbolic_pareto_10split\seed_49\AC_Response\exports\AC_Response\mlp_l\additive_spline_6\formula.va,0.0354369943852516,0.999782555468495,0.0811437376559554,0.1216622735796111,0.1865090975939749,0.9942116513882496,0.3597473301034235,0.8094994157562736,1.0,5000,1.0,1.0,2.997602166487923e-15,6.809666519984605e-08,False,False,False,False
AC_Response,49,mlp_l,teacher_distillation,additive_spline,8,2912,448,672,448,1e-08,0.0237137878952267,0.0016008000238798,0.0058740000240504,28,4855,139,artifacts\results\multi_teacher_symbolic_pareto_10split\seed_49\AC_Response\exports\AC_Response\mlp_l\additive_spline_8\formula.json,artifacts\results\multi_teacher_symbolic_pareto_10split\seed_49\AC_Response\exports\AC_Response\mlp_l\additive_spline_8\formula.va,0.0354281522423161,0.9997826639672992,0.0821147743733152,0.1220353924809938,0.1862952659716014,0.9942249163974544,0.3589219050656633,0.8094467506947423,1.0,5000,1.0,1.0,3.1086244689504387e-15,6.957000005058946e-08,False,False,False,False
AC_Response,49,tcad_direct,direct_tcad,polynomial,1,2912,448,672,448,1e-08,0.9101332841571526,0.0007342000026255,0.0023999999975785,4,513,17,artifacts\results\multi_teacher_symbolic_pareto_10split\seed_49\AC_Response\exports\AC_Response\tcad_direct\polynomial_1\formula.json,artifacts\results\multi_teacher_symbolic_pareto_10split\seed_49\AC_Response\exports\AC_Response\tcad_direct\polynomial_1\formula.va,,,,,0.9235352180240852,0.8580741314937124,1.4749964844386894,1.8254673151784724,1.0,5000,1.0,1.0,4.440892098500626e-16,5.4813333554193374e-08,False,False,True,True
AC_Response,49,tcad_direct,direct_tcad,polynomial,2,2912,448,672,448,0.01,0.3029495016682678,0.0007839000318199,0.0038517000502906,10,684,23,artifacts\results\multi_teacher_symbolic_pareto_10split\seed_49\AC_Response\exports\AC_Response\tcad_direct\polynomial_2\formula.json,artifacts\results\multi_teacher_symbolic_pareto_10split\seed_49\AC_Response\exports\AC_Response\tcad_direct\polynomial_2\formula.va,,,,,0.313686167257935,0.9836263548776458,0.5839737131016995,0.6886734317279215,1.0,5000,1.0,1.0,2.664535259100376e-15,1.8710666724170248e-07,False,False,True,True
AC_Response,49,tcad_direct,direct_tcad,polynomial,3,2912,448,672,448,0.01,0.1661358984453025,0.0013299999991431,0.0041494999895803,20,990,33,artifacts\results\multi_teacher_symbolic_pareto_10split\seed_49\AC_Response\exports\AC_Response\tcad_direct\polynomial_3\formula.json,artifacts\results\multi_teacher_symbolic_pareto_10split\seed_49\AC_Response\exports\AC_Response\tcad_direct\polynomial_3\formula.va,,,,,0.1739024207732197,0.994967707310066,0.3381809330933091,0.5504079954003753,1.0,5000,1.0,1.0,5.3290705182007506e-15,4.092766670510173e-07,False,False,False,True
AC_Response,49,tcad_direct,direct_tcad,additive_spline,4,2912,448,672,448,0.0001,0.1046702782954747,0.0011825999827124,0.0051323999650776,16,3581,103,artifacts\results\multi_teacher_symbolic_pareto_10split\seed_49\AC_Response\exports\AC_Response\tcad_direct\additive_spline_4\formula.json,artifacts\results\multi_teacher_symbolic_pareto_10split\seed_49\AC_Response\exports\AC_Response\tcad_direct\additive_spline_4\formula.va,,,,,0.1254256115465815,0.9973822564866528,0.2167012669865679,0.6888311606734865,1.0,5000,1.0,1.0,3.552713678800501e-15,6.799666831890742e-08,False,False,True,True
AC_Response,49,tcad_direct,direct_tcad,additive_spline,6,2912,448,672,448,0.01,0.1054491697089989,0.0012114000273868,0.0052999000181443,22,4100,121,artifacts\results\multi_teacher_symbolic_pareto_10split\seed_49\AC_Response\exports\AC_Response\tcad_direct\additive_spline_6\formula.json,artifacts\results\multi_teacher_symbolic_pareto_10split\seed_49\AC_Response\exports\AC_Response\tcad_direct\additive_spline_6\formula.va,,,,,0.1262761577428753,0.997346632804048,0.2186358593354632,0.6969087237622391,1.0,5000,1.0,1.0,1.27675647831893e-15,6.760666534925501e-08,False,False,False,False
AC_Response,49,tcad_direct,direct_tcad,additive_spline,8,2912,448,672,448,0.0001,0.0982206384045884,0.0015501999878324,0.0064236999023705,28,4691,139,artifacts\results\multi_teacher_symbolic_pareto_10split\seed_49\AC_Response\exports\AC_Response\tcad_direct\additive_spline_8\formula.json,artifacts\results\multi_teacher_symbolic_pareto_10split\seed_49\AC_Response\exports\AC_Response\tcad_direct\additive_spline_8\formula.va,,,,,0.1206170011852562,0.9975791287597467,0.228298375821985,0.6812353233234623,1.0,5000,1.0,1.0,2.4424906541753444e-15,6.869333252931636e-08,False,False,True,True
Capacitance,49,bkan_parameter_mean,teacher_distillation,polynomial,1,41600,6400,9600,6400,0.01,1.9640353422388905e-15,0.0050756999989971,0.0200738999410532,8,935,25,artifacts\results\multi_teacher_symbolic_pareto_10split\seed_49\Capacitance\exports\Capacitance\bkan_parameter_mean\polynomial_1\formula.json,artifacts\results\multi_teacher_symbolic_pareto_10split\seed_49\Capacitance\exports\Capacitance\bkan_parameter_mean\polynomial_1\formula.va,2.0057443088645145e-15,0.6461498948011077,5.289407885652141e-15,7.166570940896782e-15,2.0023806045569788e-15,0.6477714264600966,5.234193628041841e-15,7.312315002908009e-15,1.0,5000,1.0,1.0,6.310887241768096e-30,3.2823666697368026e-07,False,False,True,True
Capacitance,49,bkan_parameter_mean,teacher_distillation,polynomial,2,41600,6400,9600,6400,0.01,1.0643888078769701e-15,0.01520350005012,0.0635163000551983,36,2020,53,artifacts\results\multi_teacher_symbolic_pareto_10split\seed_49\Capacitance\exports\Capacitance\bkan_parameter_mean\polynomial_2\formula.json,artifacts\results\multi_teacher_symbolic_pareto_10split\seed_49\Capacitance\exports\Capacitance\bkan_parameter_mean\polynomial_2\formula.va,1.0930998106624041e-15,0.8949036023801152,2.4793422468738604e-15,3.6845954214616946e-15,1.0977578215845872e-15,0.8941369494758773,2.4202823270408722e-15,3.831331507043239e-15,1.0,5000,1.0,1.0,6.310887241768096e-30,1.8124033328300963e-06,False,False,False,False
Capacitance,49,bkan_parameter_mean,teacher_distillation,polynomial,3,41600,6400,9600,6400,0.01,5.033702280887236e-16,0.0480066000018268,0.192989699949976,120,5284,137,artifacts\results\multi_teacher_symbolic_pareto_10split\seed_49\Capacitance\exports\Capacitance\bkan_parameter_mean\polynomial_3\formula.json,artifacts\results\multi_teacher_symbolic_pareto_10split\seed_49\Capacitance\exports\Capacitance\bkan_parameter_mean\polynomial_3\formula.va,5.2601345206411265e-16,0.9756632885213388,1.0887168556097633e-15,1.6391981207451634e-15,5.310532622030074e-16,0.9752253523797204,1.0610237077374177e-15,1.792665324414602e-15,1.0,5000,1.0,1.0,1.262177448353619e-29,4.608533333521337e-06,False,False,False,True
Capacitance,49,bkan_parameter_mean,teacher_distillation,additive_spline,4,41600,6400,9600,6400,0.01,2.620343318100686e-16,0.0293998999986797,0.121058200020343,36,8668,227,artifacts\results\multi_teacher_symbolic_pareto_10split\seed_49\Capacitance\exports\Capacitance\bkan_parameter_mean\additive_spline_4\formula.json,artifacts\results\multi_teacher_symbolic_pareto_10split\seed_49\Capacitance\exports\Capacitance\bkan_parameter_mean\additive_spline_4\formula.va,2.792013105098267e-16,0.993143490268676,6.461644024948928e-16,2.315881583007854e-15,2.961865546762914e-16,0.9922934144487304,7.010672247232003e-16,2.666897014727162e-15,1.0,5000,1.0,1.0,4.733165431326071e-29,1.458600008239349e-07,False,False,True,True
Capacitance,49,bkan_parameter_mean,teacher_distillation,additive_spline,6,41600,6400,9600,6400,0.01,2.2738819451765205e-16,0.0333202999900095,0.1348581000347621,50,10177,269,artifacts\results\multi_teacher_symbolic_pareto_10split\seed_49\Capacitance\exports\Capacitance\bkan_parameter_mean\additive_spline_6\formula.json,artifacts\results\multi_teacher_symbolic_pareto_10split\seed_49\Capacitance\exports\Capacitance\bkan_parameter_mean\additive_spline_6\formula.va,2.389683463275809e-16,0.9949771645776808,4.753350707458266e-16,2.4767480776148236e-15,2.574274239722472e-16,0.9941784189844388,4.9014136409547795e-16,2.8277635093341318e-15,1.0,5000,1.0,1.0,2.2088105346188328e-29,1.6652666575585802e-07,False,False,True,True
Capacitance,49,bkan_parameter_mean,teacher_distillation,additive_spline,8,41600,6400,9600,6400,0.01,2.2174860744175772e-16,0.0421286999480798,0.166792300005909,64,11759,311,artifacts\results\multi_teacher_symbolic_pareto_10split\seed_49\Capacitance\exports\Capacitance\bkan_parameter_mean\additive_spline_8\formula.json,artifacts\results\multi_teacher_symbolic_pareto_10split\seed_49\Capacitance\exports\Capacitance\bkan_parameter_mean\additive_spline_8\formula.va,2.32537168378833e-16,0.995243878382564,4.380984455586757e-16,2.5083588113829842e-15,2.5135751931202914e-16,0.9944497175167348,4.689093188012212e-16,2.8593742431022923e-15,1.0,5000,1.0,1.0,3.786532345060857e-29,1.668266660999507e-07,False,False,True,True
Capacitance,49,dkan,teacher_distillation,polynomial,1,41600,6400,9600,6400,0.01,1.939754654712461e-15,0.0040833000093698,0.0164828000124543,8,933,25,artifacts\results\multi_teacher_symbolic_pareto_10split\seed_49\Capacitance\exports\Capacitance\dkan\polynomial_1\formula.json,artifacts\results\multi_teacher_symbolic_pareto_10split\seed_49\Capacitance\exports\Capacitance\dkan\polynomial_1\formula.va,1.9629872651396924e-15,0.6514321976063948,4.916236362414929e-15,6.981493459630661e-15,2.0028338341862102e-15,0.6476119577832984,5.226244034152088e-15,7.335192234993628e-15,1.0,5000,1.0,1.0,6.310887241768096e-30,1.838566657776634e-07,False,False,False,False
Capacitance,49,dkan,teacher_distillation,polynomial,2,41600,6400,9600,6400,0.01,1.04936396151089e-15,0.0139073999598622,0.0532869999879039,36,2022,53,artifacts\results\multi_teacher_symbolic_pareto_10split\seed_49\Capacitance\exports\Capacitance\dkan\polynomial_2\formula.json,artifacts\results\multi_teacher_symbolic_pareto_10split\seed_49\Capacitance\exports\Capacitance\dkan\polynomial_2\formula.va,1.0669246953712365e-15,0.8970278361164198,2.11171376286674e-15,3.848310717183197e-15,1.101110063241179e-15,0.8934894107015527,2.437139682404248e-15,4.090372851116881e-15,1.0,5000,1.0,1.0,6.310887241768096e-30,1.3157800014596432e-06,False,False,False,False
Capacitance,49,dkan,teacher_distillation,polynomial,3,41600,6400,9600,6400,1e-08,5.140352761208036e-16,0.0480909000034444,0.1931948999408632,120,5277,137,artifacts\results\multi_teacher_symbolic_pareto_10split\seed_49\Capacitance\exports\Capacitance\dkan\polynomial_3\formula.json,artifacts\results\multi_teacher_symbolic_pareto_10split\seed_49\Capacitance\exports\Capacitance\dkan\polynomial_3\formula.va,5.177088257519184e-16,0.975754930039244,1.0919474262058865e-15,1.7574459656162062e-15,5.556714630048629e-16,0.972875139607814,1.1259734569759885e-15,2.012126826902957e-15,1.0,5000,1.0,1.0,1.262177448353619e-29,4.61924666694055e-06,False,False,False,True
Capacitance,49,dkan,teacher_distillation,additive_spline,4,41600,6400,9600,6400,0.0001,2.5381229077397733e-16,0.0315627999952994,0.1264840000658296,36,8678,227,artifacts\results\multi_teacher_symbolic_pareto_10split\seed_49\Capacitance\exports\Capacitance\dkan\additive_spline_4\formula.json,artifacts\results\multi_teacher_symbolic_pareto_10split\seed_49\Capacitance\exports\Capacitance\dkan\additive_spline_4\formula.va,2.847430663879208e-16,0.9926657008593984,7.105587202741296e-16,1.9822708591102402e-15,3.039124467809949e-16,0.9918861252742758,6.908264989412218e-16,2.4140420565716303e-15,1.0,5000,1.0,1.0,3.470987982972452e-29,1.7706000168497366e-07,False,False,False,False
Capacitance,49,dkan,teacher_distillation,additive_spline,6,41600,6400,9600,6400,1e-08,2.2210697606333483e-16,0.0342657000292092,0.1402348999981768,50,10199,269,artifacts\results\multi_teacher_symbolic_pareto_10split\seed_49\Capacitance\exports\Capacitance\dkan\additive_spline_6\formula.json,artifacts\results\multi_teacher_symbolic_pareto_10split\seed_49\Capacitance\exports\Capacitance\dkan\additive_spline_6\formula.va,2.586032604210781e-16,0.9939504886447684,5.695251190940759e-16,2.095197842391951e-15,2.66880788391137e-16,0.9937430029840716,5.146471402409274e-16,2.5538224606443184e-15,1.0,5000,1.0,1.0,3.470987982972452e-29,1.572833338286728e-07,False,False,False,False
Capacitance,49,dkan,teacher_distillation,additive_spline,8,41600,6400,9600,6400,0.01,2.0612009969261807e-16,0.0410828000167384,0.1679042999749072,64,11725,311,artifacts\results\multi_teacher_symbolic_pareto_10split\seed_49\Capacitance\exports\Capacitance\dkan\additive_spline_8\formula.json,artifacts\results\multi_teacher_symbolic_pareto_10split\seed_49\Capacitance\exports\Capacitance\dkan\additive_spline_8\formula.va,2.519754013004661e-16,0.9942566061979984,5.698588426530055e-16,2.1524073649007805e-15,2.6545852918529063e-16,0.9938095147717928,4.831604897925988e-16,2.579193606111369e-15,1.0,5000,1.0,1.0,1.8932661725304286e-29,1.600233333495756e-07,False,False,False,False
Capacitance,49,mlp_l,teacher_distillation,polynomial,1,41600,6400,9600,6400,0.01,1.8852775727003586e-15,0.0039441999979317,0.0160326000186614,8,932,25,artifacts\results\multi_teacher_symbolic_pareto_10split\seed_49\Capacitance\exports\Capacitance\mlp_l\polynomial_1\formula.json,artifacts\results\multi_teacher_symbolic_pareto_10split\seed_49\Capacitance\exports\Capacitance\mlp_l\polynomial_1\formula.va,1.899336232698451e-15,0.6653721009453906,4.1865251243006905e-15,6.169315144630583e-15,2.002785262225852e-15,0.6476290495361712,5.217896049809305e-15,7.347384496887012e-15,1.0,5000,1.0,1.0,6.310887241768096e-30,1.846633347061773e-07,False,False,False,True
Capacitance,49,mlp_l,teacher_distillation,polynomial,2,41600,6400,9600,6400,0.01,8.779264970083165e-16,0.0128133000107482,0.0531184999854303,36,2032,53,artifacts\results\multi_teacher_symbolic_pareto_10split\seed_49\Capacitance\exports\Capacitance\mlp_l\polynomial_2\formula.json,artifacts\results\multi_teacher_symbolic_pareto_10split\seed_49\Capacitance\exports\Capacitance\mlp_l\polynomial_2\formula.va,8.830231977263117e-16,0.9276726311568448,1.4515852386812958e-15,2.518806624666821e-15,1.1020441039721197e-15,0.8933086341792666,2.391296617994029e-15,3.842019738864108e-15,1.0,5000,1.0,1.0,6.310887241768096e-30,1.3293666668081034e-06,False,False,False,False
Capacitance,49,mlp_l,teacher_distillation,polynomial,3,41600,6400,9600,6400,0.01,2.567979056592575e-16,0.0473050000146031,0.192229300038889,120,5296,137,artifacts\results\multi_teacher_symbolic_pareto_10split\seed_49\Capacitance\exports\Capacitance\mlp_l\polynomial_3\formula.json,artifacts\results\multi_teacher_symbolic_pareto_10split\seed_49\Capacitance\exports\Capacitance\mlp_l\polynomial_3\formula.va,2.5594488911696032e-16,0.993923529920068,4.2826596741131344e-16,6.847855057148522e-16,5.83026319303915e-16,0.970138773286616,1.226630727543736e-15,2.09950622078673e-15,1.0,5000,1.0,1.0,1.262177448353619e-29,4.620793333742768e-06,False,False,False,False
Capacitance,49,mlp_l,teacher_distillation,additive_spline,4,41600,6400,9600,6400,0.01,2.3476672068891555e-16,0.0295133999898098,0.1205776999704539,36,8625,227,artifacts\results\multi_teacher_symbolic_pareto_10split\seed_49\Capacitance\exports\Capacitance\mlp_l\additive_spline_4\formula.json,artifacts\results\multi_teacher_symbolic_pareto_10split\seed_49\Capacitance\exports\Capacitance\mlp_l\additive_spline_4\formula.va,2.5256579925373447e-16,0.9940829188913864,5.508056861564867e-16,1.6912772730377417e-15,4.79218019419753e-16,0.9798257404522532,1.121921813365011e-15,2.502658499721551e-15,1.0,5000,1.0,1.0,3.1554436208840467e-29,1.4628666685894133e-07,False,False,False,True
Capacitance,49,mlp_l,teacher_distillation,additive_spline,6,41600,6400,9600,6400,1e-08,2.3047171152691726e-16,0.0343936999561265,0.1377574999933131,50,10211,269,artifacts\results\multi_teacher_symbolic_pareto_10split\seed_49\Capacitance\exports\Capacitance\mlp_l\additive_spline_6\formula.json,artifacts\results\multi_teacher_symbolic_pareto_10split\seed_49\Capacitance\exports\Capacitance\mlp_l\additive_spline_6\formula.va,2.4831239263903565e-16,0.9942805373309118,5.4496114851190075e-16,1.6495199309801384e-15,4.914190420040708e-16,0.978785378586524,1.1813911232572572e-15,2.52141992693164e-15,1.0,5000,1.0,1.0,2.524354896707238e-29,2.01206667892014e-07,False,False,False,False
Capacitance,49,mlp_l,teacher_distillation,additive_spline,8,41600,6400,9600,6400,0.01,2.303458027118092e-16,0.0411019999883137,0.1650322999921627,64,11749,311,artifacts\results\multi_teacher_symbolic_pareto_10split\seed_49\Capacitance\exports\Capacitance\mlp_l\additive_spline_8\formula.json,artifacts\results\multi_teacher_symbolic_pareto_10split\seed_49\Capacitance\exports\Capacitance\mlp_l\additive_spline_8\formula.va,2.4826436309969583e-16,0.9942827496779258,5.394071407053027e-16,1.6418321676616614e-15,4.929248058546944e-16,0.9786551713798786,1.194809315042772e-15,2.544605781540697e-15,1.0,5000,1.0,1.0,1.8932661725304286e-29,1.6716666674862305e-07,False,False,False,False
Capacitance,49,tcad_direct,direct_tcad,polynomial,1,41600,6400,9600,6400,0.01,1.9601425060582564e-15,0.0038787000230513,0.0169159000506624,8,934,25,artifacts\results\multi_teacher_symbolic_pareto_10split\seed_49\Capacitance\exports\Capacitance\tcad_direct\polynomial_1\formula.json,artifacts\results\multi_teacher_symbolic_pareto_10split\seed_49\Capacitance\exports\Capacitance\tcad_direct\polynomial_1\formula.va,,,,,2.0024159822766465e-15,0.6477589801211889,5.224750026572368e-15,7.303969203818866e-15,1.0,5000,1.0,1.0,6.310887241768096e-30,1.903133331021915e-07,False,False,False,True
Capacitance,49,tcad_direct,direct_tcad,polynomial,2,41600,6400,9600,6400,0.01,1.0684331788962216e-15,0.0128405999857932,0.0526688999962061,36,2020,53,artifacts\results\multi_teacher_symbolic_pareto_10split\seed_49\Capacitance\exports\Capacitance\tcad_direct\polynomial_2\formula.json,artifacts\results\multi_teacher_symbolic_pareto_10split\seed_49\Capacitance\exports\Capacitance\tcad_direct\polynomial_2\formula.va,,,,,1.0975901139593967e-15,0.8941692930115493,2.4422521014016506e-15,3.805975765032368e-15,1.0,5000,1.0,1.0,6.310887241768096e-30,1.3086533329139153e-06,False,False,False,True
Capacitance,49,tcad_direct,direct_tcad,polynomial,3,41600,6400,9600,6400,1e-08,5.056975249829659e-16,0.0484056000132113,0.193460100039374,120,5285,137,artifacts\results\multi_teacher_symbolic_pareto_10split\seed_49\Capacitance\exports\Capacitance\tcad_direct\polynomial_3\formula.json,artifacts\results\multi_teacher_symbolic_pareto_10split\seed_49\Capacitance\exports\Capacitance\tcad_direct\polynomial_3\formula.va,,,,,5.301489169911708e-16,0.9753096593923668,1.0734902416848365e-15,1.7567667462262602e-15,1.0,5000,1.0,1.0,1.262177448353619e-29,4.670976666966453e-06,False,False,False,True
Capacitance,49,tcad_direct,direct_tcad,additive_spline,4,41600,6400,9600,6400,0.01,2.86643046109767e-16,0.0300828999606892,0.1219075999688357,36,8669,227,artifacts\results\multi_teacher_symbolic_pareto_10split\seed_49\Capacitance\exports\Capacitance\tcad_direct\additive_spline_4\formula.json,artifacts\results\multi_teacher_symbolic_pareto_10split\seed_49\Capacitance\exports\Capacitance\tcad_direct\additive_spline_4\formula.va,,,,,2.9655971693082013e-16,0.9922739833274145,7.157976069088591e-16,2.5847361739475268e-15,1.0,5000,1.0,1.0,3.786532345060857e-29,1.4730000014727314e-07,False,False,False,False
Capacitance,49,tcad_direct,direct_tcad,additive_spline,6,41600,6400,9600,6400,0.01,2.549575606730441e-16,0.036997900053393,0.143872800108511,50,10176,269,artifacts\results\multi_teacher_symbolic_pareto_10split\seed_49\Capacitance\exports\Capacitance\tcad_direct\additive_spline_6\formula.json,artifacts\results\multi_teacher_symbolic_pareto_10split\seed_49\Capacitance\exports\Capacitance\tcad_direct\additive_spline_6\formula.va,,,,,2.57667173056727e-16,0.9941675703449864,5.076971605160621e-16,2.7430874525793044e-15,1.0,5000,1.0,1.0,3.470987982972452e-29,1.521900005172938e-07,False,False,False,True
Capacitance,49,tcad_direct,direct_tcad,additive_spline,8,41600,6400,9600,6400,0.01,2.498267518840157e-16,0.0431927000172436,0.1692288000485859,64,11759,311,artifacts\results\multi_teacher_symbolic_pareto_10split\seed_49\Capacitance\exports\Capacitance\tcad_direct\additive_spline_8\formula.json,artifacts\results\multi_teacher_symbolic_pareto_10split\seed_49\Capacitance\exports\Capacitance\tcad_direct\additive_spline_8\formula.va,,,,,2.514866118422989e-16,0.9944440150097882,4.870121371842948e-16,2.774856208752759e-15,1.0,5000,1.0,1.0,3.1554436208840467e-29,1.8890000064857305e-07,False,False,False,False
I_dark,50,bkan_parameter_mean,teacher_distillation,polynomial,1,1560,240,360,240,0.01,0.0477711786093954,0.0007685999735258,0.0032187000033445,7,812,23,artifacts\results\multi_teacher_symbolic_pareto_10split\seed_50\I_dark\exports\I_dark\bkan_parameter_mean\polynomial_1\formula.json,artifacts\results\multi_teacher_symbolic_pareto_10split\seed_50\I_dark\exports\I_dark\bkan_parameter_mean\polynomial_1\formula.va,0.0476950758007568,0.917454307852596,0.1255002996690857,0.1734928718214163,0.048110816589792,0.9153267093454046,0.1289535077453888,0.1612278047065922,1.0,5000,1.0,1.0,8.881784197001252e-16,2.3098666570149366e-07,False,False,False,False
I_dark,50,bkan_parameter_mean,teacher_distillation,polynomial,2,1560,240,360,240,0.01,0.0205278709593684,0.0013477999600581,0.004982599930372,28,1580,44,artifacts\results\multi_teacher_symbolic_pareto_10split\seed_50\I_dark\exports\I_dark\bkan_parameter_mean\polynomial_2\formula.json,artifacts\results\multi_teacher_symbolic_pareto_10split\seed_50\I_dark\exports\I_dark\bkan_parameter_mean\polynomial_2\formula.va,0.0206432829297325,0.9845366047565562,0.0493721619956471,0.0796613836330966,0.021161321697361,0.9836187680262628,0.0535917863132993,0.0673963165182724,1.0,5000,1.0,1.0,8.881784197001252e-16,1.333786667479823e-06,False,False,False,False
I_dark,50,bkan_parameter_mean,teacher_distillation,polynomial,3,1560,240,360,240,0.01,0.0107495488487547,0.0011671999818645,0.0052157999598421,84,3652,100,artifacts\results\multi_teacher_symbolic_pareto_10split\seed_50\I_dark\exports\I_dark\bkan_parameter_mean\polynomial_3\formula.json,artifacts\results\multi_teacher_symbolic_pareto_10split\seed_50\I_dark\exports\I_dark\bkan_parameter_mean\polynomial_3\formula.va,0.0107918162505034,0.9957739326797026,0.0221907639509578,0.0291578215608803,0.0114004622392847,0.9952454884977842,0.0241120829899108,0.0360355217246368,1.0,5000,1.0,1.0,8.881784197001252e-16,3.896150000703832e-06,False,False,False,False
I_dark,50,bkan_parameter_mean,teacher_distillation,additive_spline,4,1560,240,360,240,1e-08,0.0054780522868161,0.0020519999670796,0.0060645000194199,31,7097,196,artifacts\results\multi_teacher_symbolic_pareto_10split\seed_50\I_dark\exports\I_dark\bkan_parameter_mean\additive_spline_4\formula.json,artifacts\results\multi_teacher_symbolic_pareto_10split\seed_50\I_dark\exports\I_dark\bkan_parameter_mean\additive_spline_4\formula.va,0.0058278618535158,0.9987675598908976,0.0111808952655676,0.0421453906441131,0.0054991899814804,0.9988937368945006,0.0114317540345838,0.029880323529289,1.0,5000,1.0,1.0,1.7763568394002505e-15,1.274266668284933e-07,False,False,False,True
I_dark,50,bkan_parameter_mean,teacher_distillation,additive_spline,6,1560,240,360,240,1e-08,0.0045088937412508,0.0017987999599426,0.0064111999818123,43,8362,232,artifacts\results\multi_teacher_symbolic_pareto_10split\seed_50\I_dark\exports\I_dark\bkan_parameter_mean\additive_spline_6\formula.json,artifacts\results\multi_teacher_symbolic_pareto_10split\seed_50\I_dark\exports\I_dark\bkan_parameter_mean\additive_spline_6\formula.va,0.0049999576713021,0.999092848167586,0.0097510326191332,0.0389353669078209,0.0040391080938827,0.9994031957143256,0.0073720349129854,0.0266702997929968,1.0,5000,1.0,1.0,1.7763568394002505e-15,1.3039333280175928e-07,False,False,False,False
I_dark,50,bkan_parameter_mean,teacher_distillation,additive_spline,8,1560,240,360,240,0.0001,0.0048597073158493,0.0015472000231966,0.0064691000734455,55,9567,268,artifacts\results\multi_teacher_symbolic_pareto_10split\seed_50\I_dark\exports\I_dark\bkan_parameter_mean\additive_spline_8\formula.json,artifacts\results\multi_teacher_symbolic_pareto_10split\seed_50\I_dark\exports\I_dark\bkan_parameter_mean\additive_spline_8\formula.va,0.0050257104842505,0.9990834793382944,0.0093810535147353,0.0386724700156229,0.004167830072996,0.99936455057732,0.008398961691381,0.0264074029007987,1.0,5000,1.0,1.0,1.7763568394002505e-15,1.426666664580504e-07,False,False,False,False
I_dark,50,dkan,teacher_distillation,polynomial,1,1560,240,360,240,0.01,0.0497842259638439,0.0006530000246129,0.0025980999926105,7,811,23,artifacts\results\multi_teacher_symbolic_pareto_10split\seed_50\I_dark\exports\I_dark\dkan\polynomial_1\formula.json,artifacts\results\multi_teacher_symbolic_pareto_10split\seed_50\I_dark\exports\I_dark\dkan\polynomial_1\formula.va,0.048896756037834,0.90745492246137,0.1179535993678313,0.1661076029850123,0.0482001411392105,0.9150120015379964,0.1299344435662154,0.1675475843467939,1.0,5000,1.0,1.0,8.881784197001252e-16,1.490000014503797e-07,False,False,False,False
I_dark,50,dkan,teacher_distillation,polynomial,2,1560,240,360,240,0.01,0.0266774689880059,0.0007563999970443,0.0041185999871231,28,1573,44,artifacts\results\multi_teacher_symbolic_pareto_10split\seed_50\I_dark\exports\I_dark\dkan\polynomial_2\formula.json,artifacts\results\multi_teacher_symbolic_pareto_10split\seed_50\I_dark\exports\I_dark\dkan\polynomial_2\formula.va,0.0273696732481608,0.9710043763868836,0.0497772652445104,0.0837856396033469,0.0221834230796306,0.9819981099149296,0.053714634444113,0.0945124196517142,1.0,5000,1.0,1.0,8.881784197001252e-16,9.082500007934868e-07,False,False,False,True
I_dark,50,dkan,teacher_distillation,polynomial,3,1560,240,360,240,0.01,0.0276487617565749,0.0011249000090174,0.0051306000095792,84,3615,100,artifacts\results\multi_teacher_symbolic_pareto_10split\seed_50\I_dark\exports\I_dark\dkan\polynomial_3\formula.json,artifacts\results\multi_teacher_symbolic_pareto_10split\seed_50\I_dark\exports\I_dark\dkan\polynomial_3\formula.va,0.0213985386844471,0.9822760114515974,0.0383982978144466,0.0944534474941445,0.0134732871375912,0.9933593879018412,0.0294709396340725,0.045646192393506,1.0,5000,1.0,1.0,8.881784197001252e-16,2.978419999514396e-06,False,False,False,True
I_dark,50,dkan,teacher_distillation,additive_spline,4,1560,240,360,240,1e-08,0.0193643627736966,0.001951000012923,0.0059569000732153,31,7049,196,artifacts\results\multi_teacher_symbolic_pareto_10split\seed_50\I_dark\exports\I_dark\dkan\additive_spline_4\formula.json,artifacts\results\multi_teacher_symbolic_pareto_10split\seed_50\I_dark\exports\I_dark\dkan\additive_spline_4\formula.va,0.0192739988995069,0.9856207283608296,0.0339994226540468,0.0896440845516899,0.005915365954207,0.9987199580098824,0.0115555986679923,0.0332827657529195,1.0,5000,1.0,1.0,1.7763568394002505e-15,1.3297666640331349e-07,False,False,False,True
I_dark,50,dkan,teacher_distillation,additive_spline,6,1560,240,360,240,1e-08,0.0205207608938865,0.0017086000298149,0.0059743000310845,43,8256,232,artifacts\results\multi_teacher_symbolic_pareto_10split\seed_50\I_dark\exports\I_dark\dkan\additive_spline_6\formula.json,artifacts\results\multi_teacher_symbolic_pareto_10split\seed_50\I_dark\exports\I_dark\dkan\additive_spline_6\formula.va,0.0193755593499866,0.9854687917686236,0.0348894273126102,0.0924547608897059,0.0045297709588726,0.9992493915179788,0.0088858926708577,0.0304720894149035,1.0,5000,1.0,1.0,1.7763568394002505e-15,1.2939333294828733e-07,False,False,False,True
I_dark,50,dkan,teacher_distillation,additive_spline,8,1560,240,360,240,0.01,0.0205030142237132,0.0014782000216655,0.006426999985706,55,9483,268,artifacts\results\multi_teacher_symbolic_pareto_10split\seed_50\I_dark\exports\I_dark\dkan\additive_spline_8\formula.json,artifacts\results\multi_teacher_symbolic_pareto_10split\seed_50\I_dark\exports\I_dark\dkan\additive_spline_8\formula.va,0.0192745548879418,0.9856198987640152,0.0339573670277869,0.0885319366860146,0.0062022115647386,0.9985928054825994,0.0111480239566035,0.0343949136185948,1.0,5000,1.0,1.0,1.7763568394002505e-15,1.4569999960561594e-07,False,False,False,False
I_dark,50,mlp_l,teacher_distillation,polynomial,1,1560,240,360,240,0.01,0.0434604640345292,0.0005294000147841,0.0024591999826952,7,811,23,artifacts\results\multi_teacher_symbolic_pareto_10split\seed_50\I_dark\exports\I_dark\mlp_l\polynomial_1\formula.json,artifacts\results\multi_teacher_symbolic_pareto_10split\seed_50\I_dark\exports\I_dark\mlp_l\polynomial_1\formula.va,0.0436045989964709,0.9283173549468642,0.0877232239310425,0.1142427236028043,0.0481552202516082,0.9151703395526264,0.1283034742886828,0.1635010939879801,1.0,5000,1.0,1.0,8.881784197001252e-16,1.4862333385584258e-07,False,False,False,False
I_dark,50,mlp_l,teacher_distillation,polynomial,2,1560,240,360,240,0.01,0.0092953869627568,0.0007087000412866,0.0036393000627867,28,1585,44,artifacts\results\multi_teacher_symbolic_pareto_10split\seed_50\I_dark\exports\I_dark\mlp_l\polynomial_2\formula.json,artifacts\results\multi_teacher_symbolic_pareto_10split\seed_50\I_dark\exports\I_dark\mlp_l\polynomial_2\formula.va,0.0093081048274983,0.9967335804994818,0.0154433552098976,0.0214773291331589,0.0212539065885884,0.9834751123102984,0.054578078805838,0.0651475009246125,1.0,5000,1.0,1.0,8.881784197001252e-16,9.094066665663072e-07,False,False,False,False
I_dark,50,mlp_l,teacher_distillation,polynomial,3,1560,240,360,240,0.01,0.000943969377625,0.0011592999799177,0.0051093999063596,84,3649,100,artifacts\results\multi_teacher_symbolic_pareto_10split\seed_50\I_dark\exports\I_dark\mlp_l\polynomial_3\formula.json,artifacts\results\multi_teacher_symbolic_pareto_10split\seed_50\I_dark\exports\I_dark\mlp_l\polynomial_3\formula.va,0.00093560861947,0.999966998182622,0.0016850393069872,0.0047404218873801,0.0145807649608132,0.992222829860358,0.036640501842964,0.0478513826783677,1.0,5000,1.0,1.0,8.881784197001252e-16,2.993070000472168e-06,False,False,False,False
I_dark,50,mlp_l,teacher_distillation,additive_spline,4,1560,240,360,240,0.0001,0.005001569005754,0.0013470000121742,0.0062292999937199,31,7132,196,artifacts\results\multi_teacher_symbolic_pareto_10split\seed_50\I_dark\exports\I_dark\mlp_l\additive_spline_4\formula.json,artifacts\results\multi_teacher_symbolic_pareto_10split\seed_50\I_dark\exports\I_dark\mlp_l\additive_spline_4\formula.va,0.0045776528979841,0.9992099853471056,0.0088927638445174,0.0213960883485837,0.0150340650495167,0.991731745583279,0.036095523931394,0.0705730180550583,1.0,5000,1.0,1.0,1.7763568394002505e-15,1.408933332034697e-07,False,False,False,False
I_dark,50,mlp_l,teacher_distillation,additive_spline,6,1560,240,360,240,0.0001,0.0050201083125805,0.0013948999694548,0.0058252000017091,43,8365,232,artifacts\results\multi_teacher_symbolic_pareto_10split\seed_50\I_dark\exports\I_dark\mlp_l\additive_spline_6\formula.json,artifacts\results\multi_teacher_symbolic_pareto_10split\seed_50\I_dark\exports\I_dark\mlp_l\additive_spline_6\formula.va,0.0045768700238775,0.9992102555419596,0.0090725165821815,0.0213693710086104,0.0150709238402845,0.9916911535752384,0.0358528307470774,0.0706277413937863,1.0,5000,1.0,1.0,1.7763568394002505e-15,1.4195333351381126e-07,False,False,False,False
I_dark,50,mlp_l,teacher_distillation,additive_spline,8,1560,240,360,240,0.0001,0.005119248145096,0.0015221000066958,0.0066257000435143,55,9605,268,artifacts\results\multi_teacher_symbolic_pareto_10split\seed_50\I_dark\exports\I_dark\mlp_l\additive_spline_8\formula.json,artifacts\results\multi_teacher_symbolic_pareto_10split\seed_50\I_dark\exports\I_dark\mlp_l\additive_spline_8\formula.va,0.0045233137582779,0.999228629802838,0.008468549744889,0.0206226943444738,0.0150362329462061,0.9917293608638196,0.0363127332229729,0.0698810647296497,1.0,5000,1.0,1.0,1.7763568394002505e-15,1.3637000035184128e-07,False,False,False,False
I_dark,50,tcad_direct,direct_tcad,polynomial,1,1560,240,360,240,0.01,0.0476596901858398,0.0005211000097915,0.002382300037425,7,811,23,artifacts\results\multi_teacher_symbolic_pareto_10split\seed_50\I_dark\exports\I_dark\tcad_direct\polynomial_1\formula.json,artifacts\results\multi_teacher_symbolic_pareto_10split\seed_50\I_dark\exports\I_dark\tcad_direct\polynomial_1\formula.va,,,,,0.0480957109967856,0.9153798715889276,0.1280459951953683,0.1591338735321752,1.0,5000,1.0,1.0,8.881784197001252e-16,1.4893333233582478e-07,False,False,True,True
I_dark,50,tcad_direct,direct_tcad,polynomial,2,1560,240,360,240,0.01,0.020943172065978,0.0007073000306263,0.0034224000410176,28,1578,44,artifacts\results\multi_teacher_symbolic_pareto_10split\seed_50\I_dark\exports\I_dark\tcad_direct\polynomial_2\formula.json,artifacts\results\multi_teacher_symbolic_pareto_10split\seed_50\I_dark\exports\I_dark\tcad_direct\polynomial_2\formula.va,,,,,0.0210515309606249,0.9837883077154854,0.0530904279415924,0.0664668241211643,1.0,5000,1.0,1.0,8.881784197001252e-16,9.228999998110036e-07,False,False,True,True
I_dark,50,tcad_direct,direct_tcad,polynomial,3,1560,240,360,240,1e-08,0.0109968383336457,0.0016503999941051,0.0054558000992983,84,3643,100,artifacts\results\multi_teacher_symbolic_pareto_10split\seed_50\I_dark\exports\I_dark\tcad_direct\polynomial_3\formula.json,artifacts\results\multi_teacher_symbolic_pareto_10split\seed_50\I_dark\exports\I_dark\tcad_direct\polynomial_3\formula.va,,,,,0.0110623763437477,0.9955233015659124,0.0225290206568204,0.030614484457522,1.0,5000,1.0,1.0,8.881784197001252e-16,2.9584333339395624e-06,False,False,False,True
I_dark,50,tcad_direct,direct_tcad,additive_spline,4,1560,240,360,240,1e-08,0.0056862598175265,0.0017283000051975,0.0059954000171273,31,7150,196,artifacts\results\multi_teacher_symbolic_pareto_10split\seed_50\I_dark\exports\I_dark\tcad_direct\additive_spline_4\formula.json,artifacts\results\multi_teacher_symbolic_pareto_10split\seed_50\I_dark\exports\I_dark\tcad_direct\additive_spline_4\formula.va,,,,,0.0052546125707757,0.9989899511409096,0.0099948607606802,0.0232601187122023,1.0,5000,1.0,1.0,1.7763568394002505e-15,1.3749666589622696e-07,False,False,True,True
I_dark,50,tcad_direct,direct_tcad,additive_spline,6,1560,240,360,240,1e-08,0.0042969954348397,0.0016945999814197,0.0059501000214368,43,8343,232,artifacts\results\multi_teacher_symbolic_pareto_10split\seed_50\I_dark\exports\I_dark\tcad_direct\additive_spline_6\formula.json,artifacts\results\multi_teacher_symbolic_pareto_10split\seed_50\I_dark\exports\I_dark\tcad_direct\additive_spline_6\formula.va,,,,,0.0036447871176996,0.9995140346368612,0.0068239473285308,0.0194857135090487,1.0,5000,1.0,1.0,1.7763568394002505e-15,1.514800009317696e-07,False,False,True,True
I_dark,50,tcad_direct,direct_tcad,additive_spline,8,1560,240,360,240,1e-08,0.0042933678449655,0.0019462999771349,0.0066801998764276,55,9614,268,artifacts\results\multi_teacher_symbolic_pareto_10split\seed_50\I_dark\exports\I_dark\tcad_direct\additive_spline_8\formula.json,artifacts\results\multi_teacher_symbolic_pareto_10split\seed_50\I_dark\exports\I_dark\tcad_direct\additive_spline_8\formula.va,,,,,0.0036276367166657,0.9995185972583622,0.0072463395209171,0.0202775004081754,1.0,5000,1.0,1.0,1.7763568394002505e-15,1.317833336846282e-07,False,False,True,True
I_photo,50,bkan_parameter_mean,teacher_distillation,polynomial,1,1664,256,384,256,1e-08,0.0070409713184649,0.0011308999964967,0.0032635999377816,7,822,23,artifacts\results\multi_teacher_symbolic_pareto_10split\seed_50\I_photo\exports\I_photo\bkan_parameter_mean\polynomial_1\formula.json,artifacts\results\multi_teacher_symbolic_pareto_10split\seed_50\I_photo\exports\I_photo\bkan_parameter_mean\polynomial_1\formula.va,0.007225866149701,0.8969218869626631,0.0140901247653226,0.0223620895486971,0.0078349999271038,0.8806729207878142,0.0152613145527197,0.0241935775732535,1.0,5000,1.0,1.0,4.440892098500626e-16,2.609533335392674e-07,False,False,False,False
I_photo,50,bkan_parameter_mean,teacher_distillation,polynomial,2,1664,256,384,256,0.01,0.0029418461008641,0.0009425000171177,0.0041325000347569,28,1599,44,artifacts\results\multi_teacher_symbolic_pareto_10split\seed_50\I_photo\exports\I_photo\bkan_parameter_mean\polynomial_2\formula.json,artifacts\results\multi_teacher_symbolic_pareto_10split\seed_50\I_photo\exports\I_photo\bkan_parameter_mean\polynomial_2\formula.va,0.0032196549036864,0.9795353046457714,0.0061838539182572,0.0089107457576877,0.005827766847277,0.9339815453829944,0.0107635796109013,0.0158535369965457,1.0,5000,1.0,1.0,4.440892098500626e-16,1.2476366672975322e-06,False,False,False,False
I_photo,50,bkan_parameter_mean,teacher_distillation,polynomial,3,1664,256,384,256,0.01,0.0066243434076186,0.0019320999854244,0.0078545999713242,84,3660,100,artifacts\results\multi_teacher_symbolic_pareto_10split\seed_50\I_photo\exports\I_photo\bkan_parameter_mean\polynomial_3\formula.json,artifacts\results\multi_teacher_symbolic_pareto_10split\seed_50\I_photo\exports\I_photo\bkan_parameter_mean\polynomial_3\formula.va,0.0044920268806586,0.9601644032401474,0.0130248756279395,0.0158489387694529,0.0078058637303309,0.8815587594044376,0.0132378773187922,0.0166738042186973,1.0,5000,1.0,1.0,4.440892098500626e-16,3.94287000138623e-06,False,False,False,False
I_photo,50,bkan_parameter_mean,teacher_distillation,additive_spline,4,1664,256,384,256,0.01,0.0017307424510009,0.0015856000245548,0.0060720000765286,31,7121,196,artifacts\results\multi_teacher_symbolic_pareto_10split\seed_50\I_photo\exports\I_photo\bkan_parameter_mean\additive_spline_4\formula.json,artifacts\results\multi_teacher_symbolic_pareto_10split\seed_50\I_photo\exports\I_photo\bkan_parameter_mean\additive_spline_4\formula.va,0.0021383850403262,0.9909726880628782,0.004685226199825,0.006872095274951,0.0060769267330447,0.9282157747550916,0.0138251666177791,0.0144355270628042,1.0,5000,1.0,1.0,8.881784197001252e-16,1.265100009428958e-07,False,False,False,False
I_photo,50,bkan_parameter_mean,teacher_distillation,additive_spline,6,1664,256,384,256,0.01,0.0016278155029209,0.0017086000298149,0.0069825000246055,43,8422,232,artifacts\results\multi_teacher_symbolic_pareto_10split\seed_50\I_photo\exports\I_photo\bkan_parameter_mean\additive_spline_6\formula.json,artifacts\results\multi_teacher_symbolic_pareto_10split\seed_50\I_photo\exports\I_photo\bkan_parameter_mean\additive_spline_6\formula.va,0.0018614147842678,0.9931597345993868,0.0037091732344894,0.0049553033889475,0.0061946056231541,0.9254086715670236,0.0142874185659355,0.0149484389880782,1.0,5000,1.0,1.0,8.881784197001252e-16,1.307833338311563e-07,False,False,False,False
I_photo,50,bkan_parameter_mean,teacher_distillation,additive_spline,8,1664,256,384,256,0.0001,0.0013811814149479,0.0019396000425331,0.007841300102882,55,9621,268,artifacts\results\multi_teacher_symbolic_pareto_10split\seed_50\I_photo\exports\I_photo\bkan_parameter_mean\additive_spline_8\formula.json,artifacts\results\multi_teacher_symbolic_pareto_10split\seed_50\I_photo\exports\I_photo\bkan_parameter_mean\additive_spline_8\formula.va,0.0020282527200584,0.9918786024753108,0.0039155394786335,0.007309246662253,0.0063338855102232,0.9220167313213972,0.0152430799352644,0.0157635194367395,1.0,5000,1.0,1.0,8.881784197001252e-16,1.3299666655560336e-07,False,False,False,False
I_photo,50,dkan,teacher_distillation,polynomial,1,1664,256,384,256,0.01,0.0072175785309865,0.0005356000037863,0.0027499999850988,7,820,23,artifacts\results\multi_teacher_symbolic_pareto_10split\seed_50\I_photo\exports\I_photo\dkan\polynomial_1\formula.json,artifacts\results\multi_teacher_symbolic_pareto_10split\seed_50\I_photo\exports\I_photo\dkan\polynomial_1\formula.va,0.007461335528507,0.8875054805697041,0.015049932484909,0.02285426315684,0.0077399705064184,0.8835499636335311,0.0147990148326977,0.0232127217387732,1.0,5000,1.0,1.0,0.0,1.4694666606374085e-07,False,False,False,False
I_photo,50,dkan,teacher_distillation,polynomial,2,1664,256,384,256,0.01,0.0037371409896395,0.0010041000205092,0.0034254000056535,28,1595,44,artifacts\results\multi_teacher_symbolic_pareto_10split\seed_50\I_photo\exports\I_photo\dkan\polynomial_2\formula.json,artifacts\results\multi_teacher_symbolic_pareto_10split\seed_50\I_photo\exports\I_photo\dkan\polynomial_2\formula.va,0.0040008771170835,0.9676548887146146,0.0084031094312355,0.010365910779098,0.0055502565176849,0.940119264240992,0.0099350981540994,0.0148126592238853,1.0,5000,1.0,1.0,4.440892098500626e-16,9.265666672339042e-07,False,False,False,False
I_photo,50,dkan,teacher_distillation,polynomial,3,1664,256,384,256,0.01,0.0110486193918388,0.0020630999933928,0.0074508999823592,84,3648,100,artifacts\results\multi_teacher_symbolic_pareto_10split\seed_50\I_photo\exports\I_photo\dkan\polynomial_3\formula.json,artifacts\results\multi_teacher_symbolic_pareto_10split\seed_50\I_photo\exports\I_photo\dkan\polynomial_3\formula.va,0.0073919852797389,0.8895869489068301,0.0155861654945258,0.0175348863150808,0.0078425825661241,0.8804418417806044,0.0162674647615843,0.0190046573258548,1.0,5000,1.0,1.0,4.440892098500626e-16,3.2764099984584995e-06,False,False,False,False
I_photo,50,dkan,teacher_distillation,additive_spline,4,1664,256,384,256,0.01,0.0033751760226065,0.0014898999943397,0.0059525999822653,31,7103,196,artifacts\results\multi_teacher_symbolic_pareto_10split\seed_50\I_photo\exports\I_photo\dkan\additive_spline_4\formula.json,artifacts\results\multi_teacher_symbolic_pareto_10split\seed_50\I_photo\exports\I_photo\dkan\additive_spline_4\formula.va,0.0033570861194725,0.9772268456806252,0.0064031865022025,0.0148181192836593,0.0062195497022933,0.9248067420124196,0.0139982263766144,0.0154833035904333,1.0,5000,1.0,1.0,8.881784197001252e-16,1.2496333414067825e-07,False,False,False,False
I_photo,50,dkan,teacher_distillation,additive_spline,6,1664,256,384,256,0.01,0.0033381528863681,0.0018480999860912,0.0071563000092282,43,8385,232,artifacts\results\multi_teacher_symbolic_pareto_10split\seed_50\I_photo\exports\I_photo\dkan\additive_spline_6\formula.json,artifacts\results\multi_teacher_symbolic_pareto_10split\seed_50\I_photo\exports\I_photo\dkan\additive_spline_6\formula.va,0.0030139233878921,0.9816446512025644,0.0056138466850803,0.0141216983125422,0.0062894873905026,0.9231061655260184,0.0146445156795466,0.0158166869604343,1.0,5000,1.0,1.0,8.881784197001252e-16,1.5657333424314857e-07,False,False,False,False
I_photo,50,dkan,teacher_distillation,additive_spline,8,1664,256,384,256,0.01,0.0036753309332561,0.0016031999839469,0.0071087999385781,55,9565,268,artifacts\results\multi_teacher_symbolic_pareto_10split\seed_50\I_photo\exports\I_photo\dkan\additive_spline_8\formula.json,artifacts\results\multi_teacher_symbolic_pareto_10split\seed_50\I_photo\exports\I_photo\dkan\additive_spline_8\formula.va,0.0034802737798871,0.9755248679548324,0.0067703607841268,0.0156120872813891,0.0063923906533386,0.9205694385056944,0.0147460997764643,0.0160147214372199,1.0,5000,1.0,1.0,4.440892098500626e-16,1.318666657122473e-07,False,False,False,False
I_photo,50,mlp_l,teacher_distillation,polynomial,1,1664,256,384,256,1e-08,0.0059397285555374,0.000824199989438,0.0024891999782994,7,820,23,artifacts\results\multi_teacher_symbolic_pareto_10split\seed_50\I_photo\exports\I_photo\mlp_l\polynomial_1\formula.json,artifacts\results\multi_teacher_symbolic_pareto_10split\seed_50\I_photo\exports\I_photo\mlp_l\polynomial_1\formula.va,0.0059792595430371,0.9281618003782028,0.0109537794817342,0.0153585995748821,0.0077144341038178,0.8843171007785238,0.0147541049759738,0.0234500541685989,1.0,5000,1.0,1.0,4.440892098500626e-16,1.47323333658278e-07,False,False,True,True
I_photo,50,mlp_l,teacher_distillation,polynomial,2,1664,256,384,256,0.01,0.0009421098854104,0.0009268000139854,0.0033616999862715,28,1592,44,artifacts\results\multi_teacher_symbolic_pareto_10split\seed_50\I_photo\exports\I_photo\mlp_l\polynomial_2\formula.json,artifacts\results\multi_teacher_symbolic_pareto_10split\seed_50\I_photo\exports\I_photo\mlp_l\polynomial_2\formula.va,0.0009869185138063,0.998042854015365,0.0016641434509148,0.0032693560999983,0.005251270530697,0.946396912938008,0.0093430227824252,0.0132043481762629,1.0,5000,1.0,1.0,4.440892098500626e-16,9.34866666405772e-07,False,False,True,True
I_photo,50,mlp_l,teacher_distillation,polynomial,3,1664,256,384,256,1e-08,0.0001948550781341,0.0019313000375404,0.0066372000728733,84,3658,100,artifacts\results\multi_teacher_symbolic_pareto_10split\seed_50\I_photo\exports\I_photo\mlp_l\polynomial_3\formula.json,artifacts\results\multi_teacher_symbolic_pareto_10split\seed_50\I_photo\exports\I_photo\mlp_l\polynomial_3\formula.va,0.0003043440325956,0.999813881214232,0.0009254689524285,0.0011840423255233,0.0051002142876781,0.9494364143217372,0.0086122445322629,0.0139182054312003,1.0,5000,1.0,1.0,4.440892098500626e-16,2.9908400009541463e-06,False,False,False,True
I_photo,50,mlp_l,teacher_distillation,additive_spline,4,1664,256,384,256,0.01,0.0013418930347743,0.0014191000373102,0.0064752000034786,31,7226,196,artifacts\results\multi_teacher_symbolic_pareto_10split\seed_50\I_photo\exports\I_photo\mlp_l\additive_spline_4\formula.json,artifacts\results\multi_teacher_symbolic_pareto_10split\seed_50\I_photo\exports\I_photo\mlp_l\additive_spline_4\formula.va,0.001020005161002,0.9979094268542626,0.0018859571999042,0.0038110979136773,0.0051473926659203,0.9484966337023012,0.0090044625061709,0.0122220582094749,1.0,5000,1.0,1.0,4.440892098500626e-16,1.3289666773440937e-07,False,False,True,False
I_photo,50,mlp_l,teacher_distillation,additive_spline,6,1664,256,384,256,0.0001,0.0013275731775642,0.0022327000042423,0.0075442999368533,43,8502,232,artifacts\results\multi_teacher_symbolic_pareto_10split\seed_50\I_photo\exports\I_photo\mlp_l\additive_spline_6\formula.json,artifacts\results\multi_teacher_symbolic_pareto_10split\seed_50\I_photo\exports\I_photo\mlp_l\additive_spline_6\formula.va,0.0009766142490157,0.9980835091863056,0.0019493760772627,0.0032963382176922,0.0050742672001981,0.949949585100888,0.008757305543649,0.0117809650553484,1.0,5000,1.0,1.0,4.440892098500626e-16,1.266099997640898e-07,False,False,True,True
I_photo,50,mlp_l,teacher_distillation,additive_spline,8,1664,256,384,256,0.01,0.0013392263671505,0.0015672000008635,0.0065504000522196,55,9747,268,artifacts\results\multi_teacher_symbolic_pareto_10split\seed_50\I_photo\exports\I_photo\mlp_l\additive_spline_8\formula.json,artifacts\results\multi_teacher_symbolic_pareto_10split\seed_50\I_photo\exports\I_photo\mlp_l\additive_spline_8\formula.va,0.0010722954869636,0.9976895871821448,0.0020882989855706,0.0037438274488073,0.0050905090926276,0.9496286660701506,0.0086873783339127,0.011907263872271,1.0,5000,1.0,1.0,8.881784197001252e-16,1.3238333243255814e-07,False,False,False,False
I_photo,50,tcad_direct,direct_tcad,polynomial,1,1664,256,384,256,1e-08,0.007903902384964,0.0007912999717518,0.0024581999168731,7,822,23,artifacts\results\multi_teacher_symbolic_pareto_10split\seed_50\I_photo\exports\I_photo\tcad_direct\polynomial_1\formula.json,artifacts\results\multi_teacher_symbolic_pareto_10split\seed_50\I_photo\exports\I_photo\tcad_direct\polynomial_1\formula.va,,,,,0.0077658220730387,0.8827707763542683,0.0151467129118955,0.0234242040622003,1.0,5000,1.0,1.0,4.440892098500626e-16,1.632199991339197e-07,False,False,False,False
I_photo,50,tcad_direct,direct_tcad,polynomial,2,1664,256,384,256,1e-08,0.0054971453602791,0.0010484000085853,0.003328800026793,28,1593,44,artifacts\results\multi_teacher_symbolic_pareto_10split\seed_50\I_photo\exports\I_photo\tcad_direct\polynomial_2\formula.json,artifacts\results\multi_teacher_symbolic_pareto_10split\seed_50\I_photo\exports\I_photo\tcad_direct\polynomial_2\formula.va,,,,,0.0061276546546729,0.9270123166559268,0.0113587006938831,0.0161550041701881,1.0,5000,1.0,1.0,4.440892098500626e-16,9.519899981872488e-07,False,False,False,False
I_photo,50,tcad_direct,direct_tcad,polynomial,3,1664,256,384,256,0.01,0.0125279004041922,0.0015043000457808,0.0066878000507131,84,3656,100,artifacts\results\multi_teacher_symbolic_pareto_10split\seed_50\I_photo\exports\I_photo\tcad_direct\polynomial_3\formula.json,artifacts\results\multi_teacher_symbolic_pareto_10split\seed_50\I_photo\exports\I_photo\tcad_direct\polynomial_3\formula.va,,,,,0.0100730021413525,0.80276732294215,0.0208699827938557,0.0234973969850242,1.0,5000,1.0,1.0,4.440892098500626e-16,2.9710733331739903e-06,False,False,False,False
I_photo,50,tcad_direct,direct_tcad,additive_spline,4,1664,256,384,256,0.01,0.0076696156429423,0.0012959000305272,0.005751299962867,31,7078,196,artifacts\results\multi_teacher_symbolic_pareto_10split\seed_50\I_photo\exports\I_photo\tcad_direct\additive_spline_4\formula.json,artifacts\results\multi_teacher_symbolic_pareto_10split\seed_50\I_photo\exports\I_photo\tcad_direct\additive_spline_4\formula.va,,,,,0.0065889410741823,0.915609751807838,0.0146536803793934,0.0157632172837698,1.0,5000,1.0,1.0,8.881784197001252e-16,1.2720333373484512e-07,False,False,False,False
I_photo,50,tcad_direct,direct_tcad,additive_spline,6,1664,256,384,256,0.01,0.007616538000197,0.0014379000058397,0.0061483000172302,43,8361,232,artifacts\results\multi_teacher_symbolic_pareto_10split\seed_50\I_photo\exports\I_photo\tcad_direct\additive_spline_6\formula.json,artifacts\results\multi_teacher_symbolic_pareto_10split\seed_50\I_photo\exports\I_photo\tcad_direct\additive_spline_6\formula.va,,,,,0.0067034808203576,0.9126502313227398,0.0149501234847384,0.0161436345845404,1.0,5000,1.0,1.0,8.881784197001252e-16,1.3749000111905236e-07,False,False,False,False
I_photo,50,tcad_direct,direct_tcad,additive_spline,8,1664,256,384,256,0.01,0.0072816415612382,0.001859100011643,0.0071309999912045,55,9593,268,artifacts\results\multi_teacher_symbolic_pareto_10split\seed_50\I_photo\exports\I_photo\tcad_direct\additive_spline_8\formula.json,artifacts\results\multi_teacher_symbolic_pareto_10split\seed_50\I_photo\exports\I_photo\tcad_direct\additive_spline_8\formula.va,,,,,0.0066230995379486,0.9147324899493952,0.0142336353282415,0.0151885684268302,1.0,5000,1.0,1.0,8.881784197001252e-16,1.3615333397562306e-07,False,False,False,False
AC_Response,50,bkan_parameter_mean,teacher_distillation,polynomial,1,2912,448,672,448,1e-08,0.917239100855064,0.0014002999523654,0.003573799971491,4,514,17,artifacts\results\multi_teacher_symbolic_pareto_10split\seed_50\AC_Response\exports\AC_Response\bkan_parameter_mean\polynomial_1\formula.json,artifacts\results\multi_teacher_symbolic_pareto_10split\seed_50\AC_Response\exports\AC_Response\bkan_parameter_mean\polynomial_1\formula.va,0.9202631619754852,0.8568020316542104,1.471543370323129,1.6812330784057483,0.9199503042858322,0.8558872310640862,1.4905940225503416,1.888896514272103,1.0,5000,1.0,1.0,4.440892098500626e-16,6.316333310678601e-08,False,False,False,False
AC_Response,50,bkan_parameter_mean,teacher_distillation,polynomial,2,2912,448,672,448,1e-08,0.3038935822272616,0.0010797000140883,0.0037356999819166,10,688,23,artifacts\results\multi_teacher_symbolic_pareto_10split\seed_50\AC_Response\exports\AC_Response\bkan_parameter_mean\polynomial_2\formula.json,artifacts\results\multi_teacher_symbolic_pareto_10split\seed_50\AC_Response\exports\AC_Response\bkan_parameter_mean\polynomial_2\formula.va,0.3112400415775772,0.9836203842111289,0.5709094046960854,0.6630819387281068,0.320010173378845,0.9825618143036338,0.588852383021232,0.6598009338002688,1.0,5000,1.0,1.0,3.552713678800501e-15,3.0184999923221765e-07,False,False,False,False
AC_Response,50,bkan_parameter_mean,teacher_distillation,polynomial,3,2912,448,672,448,0.01,0.1621185343653758,0.0010330000077374,0.0049532000557519,20,986,33,artifacts\results\multi_teacher_symbolic_pareto_10split\seed_50\AC_Response\exports\AC_Response\bkan_parameter_mean\polynomial_3\formula.json,artifacts\results\multi_teacher_symbolic_pareto_10split\seed_50\AC_Response\exports\AC_Response\bkan_parameter_mean\polynomial_3\formula.va,0.1666932748667036,0.9953016113486752,0.3134953160231646,0.4037284920618429,0.1773974537637862,0.9946411883624464,0.3406605173715726,0.5920235485682159,1.0,5000,1.0,1.0,3.552713678800501e-15,5.426333324673276e-07,False,False,False,False
AC_Response,50,bkan_parameter_mean,teacher_distillation,additive_spline,4,2912,448,672,448,1e-06,0.0811691132956401,0.0012250000145286,0.006264200026635,16,3606,103,artifacts\results\multi_teacher_symbolic_pareto_10split\seed_50\AC_Response\exports\AC_Response\bkan_parameter_mean\additive_spline_4\formula.json,artifacts\results\multi_teacher_symbolic_pareto_10split\seed_50\AC_Response\exports\AC_Response\bkan_parameter_mean\additive_spline_4\formula.va,0.0877840739473145,0.9986970005116158,0.1547558019827906,0.2162239801328933,0.1090303778449569,0.9979757284930983,0.1844027346858722,0.4729672606861577,1.0,5000,1.0,1.0,3.816391647148976e-15,8.840333321131768e-08,False,False,False,False
AC_Response,50,bkan_parameter_mean,teacher_distillation,additive_spline,6,2912,448,672,448,1e-08,0.0823518378079165,0.0017700000316835,0.0070476999972015,22,4177,121,artifacts\results\multi_teacher_symbolic_pareto_10split\seed_50\AC_Response\exports\AC_Response\bkan_parameter_mean\additive_spline_6\formula.json,artifacts\results\multi_teacher_symbolic_pareto_10split\seed_50\AC_Response\exports\AC_Response\bkan_parameter_mean\additive_spline_6\formula.va,0.0888624620005001,0.9986647903447752,0.1581310361600985,0.2109264266653254,0.1096536646931077,0.9979525182983516,0.1843385767054175,0.4912901651557373,1.0,5000,1.0,1.0,1.7763568394002505e-15,7.633000107792516e-08,False,False,False,False
AC_Response,50,bkan_parameter_mean,teacher_distillation,additive_spline,8,2912,448,672,448,1e-08,0.07138577259548,0.0016395999700762,0.0069909999147057,28,4727,139,artifacts\results\multi_teacher_symbolic_pareto_10split\seed_50\AC_Response\exports\AC_Response\bkan_parameter_mean\additive_spline_8\formula.json,artifacts\results\multi_teacher_symbolic_pareto_10split\seed_50\AC_Response\exports\AC_Response\bkan_parameter_mean\additive_spline_8\formula.va,0.0792699238973932,0.9989374982265152,0.1368571312961354,0.1884052907876632,0.1028364851094644,0.998199188827382,0.1794888557761192,0.4688134415312053,1.0,5000,1.0,1.0,3.649858193455202e-15,7.482000122157238e-08,False,False,True,True
AC_Response,50,dkan,teacher_distillation,polynomial,1,2912,448,672,448,1e-08,0.9127189736718356,0.0007800000021234,0.0028821000014431,4,512,17,artifacts\results\multi_teacher_symbolic_pareto_10split\seed_50\AC_Response\exports\AC_Response\dkan\polynomial_1\formula.json,artifacts\results\multi_teacher_symbolic_pareto_10split\seed_50\AC_Response\exports\AC_Response\dkan\polynomial_1\formula.va,0.927986358093032,0.8527604942068595,1.5152013521198746,1.6680606845281645,0.920109365314909,0.8558373920523198,1.4912834109749644,1.8800370585968176,1.0,5000,1.0,1.0,2.220446049250313e-16,5.6303333258256324e-08,False,False,False,True
AC_Response,50,dkan,teacher_distillation,polynomial,2,2912,448,672,448,0.01,0.3093148349229053,0.0008235000423155,0.0030228000250644,10,688,23,artifacts\results\multi_teacher_symbolic_pareto_10split\seed_50\AC_Response\exports\AC_Response\dkan\polynomial_2\formula.json,artifacts\results\multi_teacher_symbolic_pareto_10split\seed_50\AC_Response\exports\AC_Response\dkan\polynomial_2\formula.va,0.3360406254818371,0.9806925581245518,0.5975489930091054,1.1073431582649336,0.3245474938943118,0.98206380785598,0.5906499468347369,0.7701458991098997,1.0,5000,1.0,1.0,3.552713678800501e-15,2.075299989276876e-07,False,False,False,False
AC_Response,50,dkan,teacher_distillation,polynomial,3,2912,448,672,448,0.01,0.1639363837345699,0.0008357999613508,0.0037996999453753,20,986,33,artifacts\results\multi_teacher_symbolic_pareto_10split\seed_50\AC_Response\exports\AC_Response\dkan\polynomial_3\formula.json,artifacts\results\multi_teacher_symbolic_pareto_10split\seed_50\AC_Response\exports\AC_Response\dkan\polynomial_3\formula.va,0.192462478306303,0.9936666525400258,0.3470986905672957,0.8279816351078102,0.1854493592280627,0.9941436853577548,0.3556242632124181,0.7404844185475188,1.0,5000,1.0,1.0,3.552713678800501e-15,6.170199989962081e-07,False,False,False,False
AC_Response,50,dkan,teacher_distillation,additive_spline,4,2912,448,672,448,1e-08,0.0861617944454387,0.0019470999832265,0.0067725999397225,16,3550,103,artifacts\results\multi_teacher_symbolic_pareto_10split\seed_50\AC_Response\exports\AC_Response\dkan\additive_spline_4\formula.json,artifacts\results\multi_teacher_symbolic_pareto_10split\seed_50\AC_Response\exports\AC_Response\dkan\additive_spline_4\formula.va,0.1345258266081984,0.9969057706172232,0.2522465136678478,0.6486498240846075,0.1139566937234514,0.997788670759725,0.1950114217948506,0.5272325431403235,1.0,5000,1.0,1.0,2.4980018054066026e-15,9.312999900430441e-08,False,False,False,True
AC_Response,50,dkan,teacher_distillation,additive_spline,6,2912,448,672,448,1e-08,0.086742751127184,0.0019201000104658,0.0067340999958105,22,4119,121,artifacts\results\multi_teacher_symbolic_pareto_10split\seed_50\AC_Response\exports\AC_Response\dkan\additive_spline_6\formula.json,artifacts\results\multi_teacher_symbolic_pareto_10split\seed_50\AC_Response\exports\AC_Response\dkan\additive_spline_6\formula.va,0.1331632929395934,0.9969681324871648,0.2543010520611875,0.625554468006325,0.1147320839779772,0.9977584754895796,0.1869090716280616,0.5450434658723342,1.0,5000,1.0,1.0,2.664535259100376e-15,9.219999968384705e-08,False,False,False,False
AC_Response,50,dkan,teacher_distillation,additive_spline,8,2912,448,672,448,1e-08,0.0731867184276917,0.0018015999812632,0.0065041999914683,28,4708,139,artifacts\results\multi_teacher_symbolic_pareto_10split\seed_50\AC_Response\exports\AC_Response\dkan\additive_spline_8\formula.json,artifacts\results\multi_teacher_symbolic_pareto_10split\seed_50\AC_Response\exports\AC_Response\dkan\additive_spline_8\formula.va,0.1224167873233109,0.997437740436062,0.231691629820319,0.6074459963657739,0.1073828979952188,0.9980364409402316,0.1932808915441436,0.529059352321859,1.0,5000,1.0,1.0,2.664535259100376e-15,7.401666565177341e-08,False,False,False,False
AC_Response,50,mlp_l,teacher_distillation,polynomial,1,2912,448,672,448,1e-08,0.8579373443091748,0.0008059999672695,0.0024662999785505,4,513,17,artifacts\results\multi_teacher_symbolic_pareto_10split\seed_50\AC_Response\exports\AC_Response\mlp_l\polynomial_1\formula.json,artifacts\results\multi_teacher_symbolic_pareto_10split\seed_50\AC_Response\exports\AC_Response\mlp_l\polynomial_1\formula.va,0.8439645343552387,0.8752910928726189,1.4920373483908722,1.6059361363271587,0.9198942945417168,0.8559047786936858,1.4865174467982851,1.8560590931641148,1.0,5000,1.0,1.0,2.220446049250313e-16,5.3726666374132045e-08,False,False,True,True
AC_Response,50,mlp_l,teacher_distillation,polynomial,2,2912,448,672,448,1e-08,0.2393361481794765,0.0007976000197231,0.0027377000660635,10,688,23,artifacts\results\multi_teacher_symbolic_pareto_10split\seed_50\AC_Response\exports\AC_Response\mlp_l\polynomial_2\formula.json,artifacts\results\multi_teacher_symbolic_pareto_10split\seed_50\AC_Response\exports\AC_Response\mlp_l\polynomial_2\formula.va,0.2340109666828079,0.9904121440370726,0.4975890810568593,0.5535522415288634,0.3232296417847389,0.9822091749199126,0.6025838894258081,0.689291564161536,1.0,5000,1.0,1.0,4.440892098500626e-15,1.810799993108958e-07,False,False,False,False
AC_Response,50,mlp_l,teacher_distillation,polynomial,3,2912,448,672,448,0.01,0.0301967376034138,0.000752400024794,0.0034366000327281,20,992,33,artifacts\results\multi_teacher_symbolic_pareto_10split\seed_50\AC_Response\exports\AC_Response\mlp_l\polynomial_3\formula.json,artifacts\results\multi_teacher_symbolic_pareto_10split\seed_50\AC_Response\exports\AC_Response\mlp_l\polynomial_3\formula.va,0.0298733455549414,0.999843751158911,0.0656445602949198,0.1431811289743283,0.188555356073458,0.9939458737303992,0.3719695999528787,0.6209508253478617,1.0,5000,1.0,1.0,3.552713678800501e-15,4.064133332576603e-07,False,False,False,False
AC_Response,50,mlp_l,teacher_distillation,additive_spline,4,2912,448,672,448,1e-08,0.0304148784452883,0.0014832000015303,0.00512789998902,16,3616,103,artifacts\results\multi_teacher_symbolic_pareto_10split\seed_50\AC_Response\exports\AC_Response\mlp_l\additive_spline_4\formula.json,artifacts\results\multi_teacher_symbolic_pareto_10split\seed_50\AC_Response\exports\AC_Response\mlp_l\additive_spline_4\formula.va,0.0443641810392936,0.9996554009962834,0.0897301063721508,0.1297959233417653,0.1745003938322887,0.994814787601777,0.353880011751736,0.5799805096901087,1.0,5000,1.0,1.0,4.440892098500626e-15,6.58300006762147e-08,False,False,False,False
AC_Response,50,mlp_l,teacher_distillation,additive_spline,6,2912,448,672,448,1e-08,0.0295403771156295,0.0014830000000074,0.005531599977985,22,4246,121,artifacts\results\multi_teacher_symbolic_pareto_10split\seed_50\AC_Response\exports\AC_Response\mlp_l\additive_spline_6\formula.json,artifacts\results\multi_teacher_symbolic_pareto_10split\seed_50\AC_Response\exports\AC_Response\mlp_l\additive_spline_6\formula.va,0.0438201308752244,0.9996638009976344,0.0875363302755727,0.118812883546858,0.1749243628252323,0.994789560840654,0.357384122534775,0.5840807093393998,1.0,5000,1.0,1.0,2.8935187579293146e-15,6.768000118123989e-08,False,False,False,False
AC_Response,50,mlp_l,teacher_distillation,additive_spline,8,2912,448,672,448,1e-08,0.0295255646804206,0.0016368999495171,0.0059629999450407,28,4831,139,artifacts\results\multi_teacher_symbolic_pareto_10split\seed_50\AC_Response\exports\AC_Response\mlp_l\additive_spline_8\formula.json,artifacts\results\multi_teacher_symbolic_pareto_10split\seed_50\AC_Response\exports\AC_Response\mlp_l\additive_spline_8\formula.va,0.0438113011977312,0.9996639364709716,0.0879002089640209,0.1178748687377808,0.1746418203688134,0.9948063793250682,0.3568678689183376,0.5840253150284571,1.0,5000,1.0,1.0,3.3306690738754696e-15,6.820666797769566e-08,False,False,False,False
AC_Response,50,tcad_direct,direct_tcad,polynomial,1,2912,448,672,448,1e-08,0.9176317464893192,0.0007494000019505,0.002389800036326,4,514,17,artifacts\results\multi_teacher_symbolic_pareto_10split\seed_50\AC_Response\exports\AC_Response\tcad_direct\polynomial_1\formula.json,artifacts\results\multi_teacher_symbolic_pareto_10split\seed_50\AC_Response\exports\AC_Response\tcad_direct\polynomial_1\formula.va,,,,,0.9199048144457908,0.8559014829311564,1.4829526871929808,1.8744569435946945,1.0,5000,1.0,1.0,2.220446049250313e-16,5.4446666035801175e-08,False,False,False,False
AC_Response,50,tcad_direct,direct_tcad,polynomial,2,2912,448,672,448,0.01,0.3084341627715957,0.0008527000318281,0.0032942000543698,10,688,23,artifacts\results\multi_teacher_symbolic_pareto_10split\seed_50\AC_Response\exports\AC_Response\tcad_direct\polynomial_2\formula.json,artifacts\results\multi_teacher_symbolic_pareto_10split\seed_50\AC_Response\exports\AC_Response\tcad_direct\polynomial_2\formula.va,,,,,0.3192252772241222,0.9826472514592428,0.575817527347492,0.6429920620099314,1.0,5000,1.0,1.0,3.552713678800501e-15,1.8523333322567247e-07,False,False,True,True
AC_Response,50,tcad_direct,direct_tcad,polynomial,3,2912,448,672,448,1e-08,0.1695312667108135,0.0010402000043541,0.0034396999981254,20,984,33,artifacts\results\multi_teacher_symbolic_pareto_10split\seed_50\AC_Response\exports\AC_Response\tcad_direct\polynomial_3\formula.json,artifacts\results\multi_teacher_symbolic_pareto_10split\seed_50\AC_Response\exports\AC_Response\tcad_direct\polynomial_3\formula.va,,,,,0.1765265492457814,0.9946936756692112,0.331178667283695,0.5387282479974882,1.0,5000,1.0,1.0,5.3290705182007506e-15,4.063999998228004e-07,False,False,False,True
AC_Response,50,tcad_direct,direct_tcad,additive_spline,4,2912,448,672,448,1e-08,0.0928190287991317,0.0015894999960437,0.0052136000595055,16,3581,103,artifacts\results\multi_teacher_symbolic_pareto_10split\seed_50\AC_Response\exports\AC_Response\tcad_direct\additive_spline_4\formula.json,artifacts\results\multi_teacher_symbolic_pareto_10split\seed_50\AC_Response\exports\AC_Response\tcad_direct\additive_spline_4\formula.va,,,,,0.1088545120773539,0.9979822535176972,0.183209538666908,0.4658973550004663,1.0,5000,1.0,1.0,2.664535259100376e-15,6.7170001178359e-08,False,False,True,True
AC_Response,50,tcad_direct,direct_tcad,additive_spline,6,2912,448,672,448,0.0001,0.0936889868565321,0.0012464000028558,0.0054949999903328,22,4101,121,artifacts\results\multi_teacher_symbolic_pareto_10split\seed_50\AC_Response\exports\AC_Response\tcad_direct\additive_spline_6\formula.json,artifacts\results\multi_teacher_symbolic_pareto_10split\seed_50\AC_Response\exports\AC_Response\tcad_direct\additive_spline_6\formula.va,,,,,0.1112001751200069,0.997894357342586,0.1934237023183433,0.4823329031162853,1.0,5000,1.0,1.0,1.7763568394002505e-15,6.669999953980248e-08,False,False,False,False
AC_Response,50,tcad_direct,direct_tcad,additive_spline,8,2912,448,672,448,0.0001,0.0849615435580872,0.0014907000004313,0.005943399912212,28,4698,139,artifacts\results\multi_teacher_symbolic_pareto_10split\seed_50\AC_Response\exports\AC_Response\tcad_direct\additive_spline_8\formula.json,artifacts\results\multi_teacher_symbolic_pareto_10split\seed_50\AC_Response\exports\AC_Response\tcad_direct\additive_spline_8\formula.va,,,,,0.1070338388772069,0.998049185692474,0.1972651330123898,0.4625318439936583,1.0,5000,1.0,1.0,3.608224830031759e-15,7.765333478649457e-08,False,False,False,True
Capacitance,50,bkan_parameter_mean,teacher_distillation,polynomial,1,41600,6400,9600,6400,1e-08,2.027128454282819e-15,0.0050198000390082,0.0207204000325873,8,929,25,artifacts\results\multi_teacher_symbolic_pareto_10split\seed_50\Capacitance\exports\Capacitance\bkan_parameter_mean\polynomial_1\formula.json,artifacts\results\multi_teacher_symbolic_pareto_10split\seed_50\Capacitance\exports\Capacitance\bkan_parameter_mean\polynomial_1\formula.va,1.996315764072051e-15,0.6322829764432047,5.276206973176072e-15,7.052098916539286e-15,1.9874395133721105e-15,0.633089772003641,5.138492015334509e-15,7.161177146158925e-15,1.0,5000,1.0,1.0,6.310887241768096e-30,3.242933327176919e-07,False,False,False,True
Capacitance,50,bkan_parameter_mean,teacher_distillation,polynomial,2,41600,6400,9600,6400,1e-08,1.1046726681062526e-15,0.0154438999597914,0.060588399937842,36,2022,53,artifacts\results\multi_teacher_symbolic_pareto_10split\seed_50\Capacitance\exports\Capacitance\bkan_parameter_mean\polynomial_2\formula.json,artifacts\results\multi_teacher_symbolic_pareto_10split\seed_50\Capacitance\exports\Capacitance\bkan_parameter_mean\polynomial_2\formula.va,1.0906248893702248e-15,0.89024960983686,2.5040823231854498e-15,3.664646805756883e-15,1.0869914739382065e-15,0.8902450153069588,2.379175123150534e-15,3.673727137820238e-15,1.0,5000,1.0,1.0,6.310887241768096e-30,1.6815999988466502e-06,False,False,False,False
Capacitance,50,bkan_parameter_mean,teacher_distillation,polynomial,3,41600,6400,9600,6400,1e-08,5.254634737174172e-16,0.0476327000069431,0.1895541999838315,120,5279,137,artifacts\results\multi_teacher_symbolic_pareto_10split\seed_50\Capacitance\exports\Capacitance\bkan_parameter_mean\polynomial_3\formula.json,artifacts\results\multi_teacher_symbolic_pareto_10split\seed_50\Capacitance\exports\Capacitance\bkan_parameter_mean\polynomial_3\formula.va,5.215034605579808e-16,0.9749060139092524,1.0873422468789324e-15,1.6508165889626709e-15,5.221725905736015e-16,0.9746720452716706,1.0255944931210784e-15,1.6200297909944693e-15,1.0,5000,1.0,1.0,1.262177448353619e-29,4.671833334335437e-06,False,False,False,False
Capacitance,50,bkan_parameter_mean,teacher_distillation,additive_spline,4,41600,6400,9600,6400,1e-08,3.1124261412456962e-16,0.030465199961327,0.1255196999991312,36,8620,227,artifacts\results\multi_teacher_symbolic_pareto_10split\seed_50\Capacitance\exports\Capacitance\bkan_parameter_mean\additive_spline_4\formula.json,artifacts\results\multi_teacher_symbolic_pareto_10split\seed_50\Capacitance\exports\Capacitance\bkan_parameter_mean\additive_spline_4\formula.va,2.7052262587500104e-16,0.993247533281436,6.092029846632366e-16,2.564425546683847e-15,2.8563593829552593e-16,0.9924212483469615,6.356038179552675e-16,2.563752810648982e-15,1.0,5000,1.0,1.0,3.470987982972452e-29,1.464599995718648e-07,False,False,False,True
Capacitance,50,bkan_parameter_mean,teacher_distillation,additive_spline,6,41600,6400,9600,6400,1e-08,2.758629696658697e-16,0.0331149999983608,0.1338597999420017,50,10206,269,artifacts\results\multi_teacher_symbolic_pareto_10split\seed_50\Capacitance\exports\Capacitance\bkan_parameter_mean\additive_spline_6\formula.json,artifacts\results\multi_teacher_symbolic_pareto_10split\seed_50\Capacitance\exports\Capacitance\bkan_parameter_mean\additive_spline_6\formula.va,2.288946634685923e-16,0.9951657779087164,4.484314401859545e-16,2.7260225922841085e-15,2.4769834559684853e-16,0.9943007436722626,4.708870109433399e-16,2.7253498562492437e-15,1.0,5000,1.0,1.0,3.786532345060857e-29,1.655533347123613e-07,False,False,False,False
Capacitance,50,bkan_parameter_mean,teacher_distillation,additive_spline,8,41600,6400,9600,6400,0.0001,2.702651421068305e-16,0.041053999972064,0.1642414000234566,64,11714,311,artifacts\results\multi_teacher_symbolic_pareto_10split\seed_50\Capacitance\exports\Capacitance\bkan_parameter_mean\additive_spline_8\formula.json,artifacts\results\multi_teacher_symbolic_pareto_10split\seed_50\Capacitance\exports\Capacitance\bkan_parameter_mean\additive_spline_8\formula.va,2.221212970806069e-16,0.9954476497827544,4.094158096561015e-16,2.7627131967920085e-15,2.415745103605039e-16,0.994579065070873,4.3867754421723794e-16,2.7620404607571437e-15,1.0,5000,1.0,1.0,3.470987982972452e-29,1.5477333411884807e-07,False,False,False,True
Capacitance,50,dkan,teacher_distillation,polynomial,1,41600,6400,9600,6400,1e-08,1.9600733819504875e-15,0.0041242000297643,0.0157185000134632,8,932,25,artifacts\results\multi_teacher_symbolic_pareto_10split\seed_50\Capacitance\exports\Capacitance\dkan\polynomial_1\formula.json,artifacts\results\multi_teacher_symbolic_pareto_10split\seed_50\Capacitance\exports\Capacitance\dkan\polynomial_1\formula.va,1.9638879416613403e-15,0.6365851941406774,5.301277490353899e-15,6.782746087257629e-15,1.987454645602777e-15,0.6330841847228171,5.139518964389807e-15,7.238766839189522e-15,1.0,5000,1.0,1.0,6.310887241768096e-30,1.8239333294332026e-07,False,False,False,False
Capacitance,50,dkan,teacher_distillation,polynomial,2,41600,6400,9600,6400,1e-08,1.0446955713581846e-15,0.0122817000374197,0.0510322001064196,36,2018,53,artifacts\results\multi_teacher_symbolic_pareto_10split\seed_50\Capacitance\exports\Capacitance\dkan\polynomial_2\formula.json,artifacts\results\multi_teacher_symbolic_pareto_10split\seed_50\Capacitance\exports\Capacitance\dkan\polynomial_2\formula.va,1.0694154319367785e-15,0.8922388783030736,2.427106360943659e-15,3.684788322441038e-15,1.087831398695753e-15,0.8900753331200679,2.3678308612453348e-15,3.883961025944605e-15,1.0,5000,1.0,1.0,6.310887241768096e-30,1.2732499996976309e-06,False,False,False,False
Capacitance,50,dkan,teacher_distillation,polynomial,3,41600,6400,9600,6400,1e-08,4.934091082399347e-16,0.0473404999938793,0.1884345000144094,120,5284,137,artifacts\results\multi_teacher_symbolic_pareto_10split\seed_50\Capacitance\exports\Capacitance\dkan\polynomial_3\formula.json,artifacts\results\multi_teacher_symbolic_pareto_10split\seed_50\Capacitance\exports\Capacitance\dkan\polynomial_3\formula.va,5.136311945562145e-16,0.9751416674379132,1.0612351319245837e-15,1.865711924724524e-15,5.316903245951265e-16,0.9737403161613064,1.0294112263710808e-15,1.9102221172291037e-15,1.0,5000,1.0,1.0,1.262177448353619e-29,4.65525666756245e-06,False,False,False,False
Capacitance,50,dkan,teacher_distillation,additive_spline,4,41600,6400,9600,6400,0.01,2.5603837997289263e-16,0.0307823999901302,0.1238732999772764,36,8652,227,artifacts\results\multi_teacher_symbolic_pareto_10split\seed_50\Capacitance\exports\Capacitance\dkan\additive_spline_4\formula.json,artifacts\results\multi_teacher_symbolic_pareto_10split\seed_50\Capacitance\exports\Capacitance\dkan\additive_spline_4\formula.va,2.656555038310308e-16,0.9933502266087016,5.733776164480667e-16,2.298517653867016e-15,2.880340146301068e-16,0.9922934582837324,6.997961559498481e-16,2.3269555455679225e-15,1.0,5000,1.0,1.0,3.786532345060857e-29,1.5938666571552558e-07,False,False,False,False
Capacitance,50,dkan,teacher_distillation,additive_spline,6,41600,6400,9600,6400,0.01,2.449242184310405e-16,0.0338430000119842,0.1370021000038832,50,10179,269,artifacts\results\multi_teacher_symbolic_pareto_10split\seed_50\Capacitance\exports\Capacitance\dkan\additive_spline_6\formula.json,artifacts\results\multi_teacher_symbolic_pareto_10split\seed_50\Capacitance\exports\Capacitance\dkan\additive_spline_6\formula.va,2.336104685834709e-16,0.9948577426114932,4.974398141320555e-16,2.404745209772881e-15,2.5447191286827885e-16,0.9939847776271316,5.673816417817934e-16,2.4732005266293338e-15,1.0,5000,1.0,1.0,3.1554436208840467e-29,1.527966679229091e-07,False,False,False,False
Capacitance,50,dkan,teacher_distillation,additive_spline,8,41600,6400,9600,6400,0.01,2.407177496940614e-16,0.044693499978166,0.1726767999352887,64,11726,311,artifacts\results\multi_teacher_symbolic_pareto_10split\seed_50\Capacitance\exports\Capacitance\dkan\additive_spline_8\formula.json,artifacts\results\multi_teacher_symbolic_pareto_10split\seed_50\Capacitance\exports\Capacitance\dkan\additive_spline_8\formula.va,2.2736122783402273e-16,0.9951291806613006,4.76257752057142e-16,2.44308433567798e-15,2.509951787022058e-16,0.9941480212971108,5.434550900185563e-16,2.5115396525344324e-15,1.0,5000,1.0,1.0,2.524354896707238e-29,1.800466658702741e-07,False,False,False,False
Capacitance,50,mlp_l,teacher_distillation,polynomial,1,41600,6400,9600,6400,1e-08,1.9307957935130032e-15,0.0043003000319004,0.0172462000628002,8,930,25,artifacts\results\multi_teacher_symbolic_pareto_10split\seed_50\Capacitance\exports\Capacitance\mlp_l\polynomial_1\formula.json,artifacts\results\multi_teacher_symbolic_pareto_10split\seed_50\Capacitance\exports\Capacitance\mlp_l\polynomial_1\formula.va,1.909404714113778e-15,0.6473644552904876,4.207726428511942e-15,6.115489735988287e-15,1.9874528502079045e-15,0.6330848476395556,5.144883776041862e-15,7.238079421504772e-15,1.0,5000,1.0,1.0,6.310887241768096e-30,1.882799998080979e-07,False,False,False,False
Capacitance,50,mlp_l,teacher_distillation,polynomial,2,41600,6400,9600,6400,1e-08,9.077522541910914e-16,0.0131336000049486,0.050381000037305,36,2015,53,artifacts\results\multi_teacher_symbolic_pareto_10split\seed_50\Capacitance\exports\Capacitance\mlp_l\polynomial_2\formula.json,artifacts\results\multi_teacher_symbolic_pareto_10split\seed_50\Capacitance\exports\Capacitance\mlp_l\polynomial_2\formula.va,8.989379862535713e-16,0.9218390966014206,1.521064222760918e-15,2.4493719308540045e-15,1.088457732193596e-15,0.8899487154811583,2.4022487118069042e-15,3.7278648524960306e-15,1.0,5000,1.0,1.0,6.310887241768096e-30,1.3316866650711746e-06,False,False,False,True
Capacitance,50,mlp_l,teacher_distillation,polynomial,3,41600,6400,9600,6400,0.01,2.895081533138101e-16,0.0442997000063769,0.183161300024949,120,5282,137,artifacts\results\multi_teacher_symbolic_pareto_10split\seed_50\Capacitance\exports\Capacitance\mlp_l\polynomial_3\formula.json,artifacts\results\multi_teacher_symbolic_pareto_10split\seed_50\Capacitance\exports\Capacitance\mlp_l\polynomial_3\formula.va,2.848590322443979e-16,0.9921514379880818,4.852176377581277e-16,6.262778158304512e-16,5.658309188542541e-16,0.9702597011435388,1.2004872064102589e-15,2.0524030888430087e-15,1.0,5000,1.0,1.0,1.262177448353619e-29,4.656426666770131e-06,False,False,False,False
Capacitance,50,mlp_l,teacher_distillation,additive_spline,4,41600,6400,9600,6400,1e-08,2.7227998797510037e-16,0.030731700011529,0.1208302000304684,36,8618,227,artifacts\results\multi_teacher_symbolic_pareto_10split\seed_50\Capacitance\exports\Capacitance\mlp_l\additive_spline_4\formula.json,artifacts\results\multi_teacher_symbolic_pareto_10split\seed_50\Capacitance\exports\Capacitance\mlp_l\additive_spline_4\formula.va,2.363792981795209e-16,0.9945955813660904,4.9143657229877665e-16,1.911807339482161e-15,4.4088202013857768e-16,0.9819441992212544,1.0669746994925889e-15,2.4467270885233466e-15,1.0,5000,1.0,1.0,3.786532345060857e-29,1.483466650824994e-07,False,False,False,True
Capacitance,50,mlp_l,teacher_distillation,additive_spline,6,41600,6400,9600,6400,0.0001,2.656310101232575e-16,0.0328774999943561,0.1371956000220962,50,10188,269,artifacts\results\multi_teacher_symbolic_pareto_10split\seed_50\Capacitance\exports\Capacitance\mlp_l\additive_spline_6\formula.json,artifacts\results\multi_teacher_symbolic_pareto_10split\seed_50\Capacitance\exports\Capacitance\mlp_l\additive_spline_6\formula.va,2.289947129711768e-16,0.9949279793166506,4.88218636993789e-16,1.8505954050294302e-15,4.611821553651562e-16,0.980243183432083,1.1523890448956577e-15,2.3980231022912312e-15,1.0,5000,1.0,1.0,2.524354896707238e-29,1.500866666901857e-07,False,False,False,False
Capacitance,50,mlp_l,teacher_distillation,additive_spline,8,41600,6400,9600,6400,0.01,2.6545159911862313e-16,0.0405830999952741,0.1666285999817773,64,11750,311,artifacts\results\multi_teacher_symbolic_pareto_10split\seed_50\Capacitance\exports\Capacitance\mlp_l\additive_spline_8\formula.json,artifacts\results\multi_teacher_symbolic_pareto_10split\seed_50\Capacitance\exports\Capacitance\mlp_l\additive_spline_8\formula.va,2.2884421281329263e-16,0.994934644003902,4.897678902776018e-16,1.8522229967686717e-15,4.640997544733217e-16,0.9799924156913604,1.1642649548253e-15,2.4444297421150696e-15,1.0,5000,1.0,1.0,1.8932661725304286e-29,1.8495666639258464e-07,False,False,False,False
Capacitance,50,tcad_direct,direct_tcad,polynomial,1,41600,6400,9600,6400,1e-08,2.0389943419480206e-15,0.0042140000150538,0.0165117000578902,8,931,25,artifacts\results\multi_teacher_symbolic_pareto_10split\seed_50\Capacitance\exports\Capacitance\tcad_direct\polynomial_1\formula.json,artifacts\results\multi_teacher_symbolic_pareto_10split\seed_50\Capacitance\exports\Capacitance\tcad_direct\polynomial_1\formula.va,,,,,1.9873932827223278e-15,0.6331068415052307,5.1506097807893e-15,7.181139649634078e-15,1.0,5000,1.0,1.0,6.310887241768096e-30,2.017600015581896e-07,False,False,True,True
Capacitance,50,tcad_direct,direct_tcad,polynomial,2,41600,6400,9600,6400,1e-08,1.120062853489921e-15,0.0130724000046029,0.0507487000431865,36,2018,53,artifacts\results\multi_teacher_symbolic_pareto_10split\seed_50\Capacitance\exports\Capacitance\tcad_direct\polynomial_2\formula.json,artifacts\results\multi_teacher_symbolic_pareto_10split\seed_50\Capacitance\exports\Capacitance\tcad_direct\polynomial_2\formula.va,,,,,1.086765255836603e-15,0.8902906936426009,2.399199300009441e-15,3.726256241123981e-15,1.0,5000,1.0,1.0,6.310887241768096e-30,1.2929200000750525e-06,False,False,False,True
Capacitance,50,tcad_direct,direct_tcad,polynomial,3,41600,6400,9600,6400,0.01,5.418154773960508e-16,0.0505843999562785,0.1873069999273866,120,5260,137,artifacts\results\multi_teacher_symbolic_pareto_10split\seed_50\Capacitance\exports\Capacitance\tcad_direct\polynomial_3\formula.json,artifacts\results\multi_teacher_symbolic_pareto_10split\seed_50\Capacitance\exports\Capacitance\tcad_direct\polynomial_3\formula.va,,,,,5.21179448066487e-16,0.9747682983034082,1.0414565597062097e-15,1.6888502806956134e-15,1.0,5000,1.0,1.0,1.262177448353619e-29,4.784566666542863e-06,False,False,False,True
Capacitance,50,tcad_direct,direct_tcad,additive_spline,4,41600,6400,9600,6400,1e-08,3.5543150846197704e-16,0.0296122999861836,0.1209594999672845,36,8643,227,artifacts\results\multi_teacher_symbolic_pareto_10split\seed_50\Capacitance\exports\Capacitance\tcad_direct\additive_spline_4\formula.json,artifacts\results\multi_teacher_symbolic_pareto_10split\seed_50\Capacitance\exports\Capacitance\tcad_direct\additive_spline_4\formula.va,,,,,2.847600671494121e-16,0.992467655900387,6.558559442217111e-16,2.479410378398885e-15,1.0,5000,1.0,1.0,3.786532345060857e-29,1.472033327445388e-07,False,False,True,True
Capacitance,50,tcad_direct,direct_tcad,additive_spline,6,41600,6400,9600,6400,1e-08,3.236629159778601e-16,0.0344264999730512,0.134047899977304,50,10166,269,artifacts\results\multi_teacher_symbolic_pareto_10split\seed_50\Capacitance\exports\Capacitance\tcad_direct\additive_spline_6\formula.json,artifacts\results\multi_teacher_symbolic_pareto_10split\seed_50\Capacitance\exports\Capacitance\tcad_direct\additive_spline_6\formula.va,,,,,2.4671129371255675e-16,0.9943460750469788,4.869184583909774e-16,2.6361667796543663e-15,1.0,5000,1.0,1.0,3.1554436208840467e-29,1.5209666647327447e-07,False,False,True,True
Capacitance,50,tcad_direct,direct_tcad,additive_spline,8,41600,6400,9600,6400,0.0001,3.187653474937325e-16,0.0415600999840535,0.1674024999374523,64,11743,311,artifacts\results\multi_teacher_symbolic_pareto_10split\seed_50\Capacitance\exports\Capacitance\tcad_direct\additive_spline_8\formula.json,artifacts\results\multi_teacher_symbolic_pareto_10split\seed_50\Capacitance\exports\Capacitance\tcad_direct\additive_spline_8\formula.va,,,,,2.4052558757712273e-16,0.9946260385488086,4.576850759933918e-16,2.6756452031054134e-15,1.0,5000,1.0,1.0,3.786532345060857e-29,1.66436667010809e-07,False,False,True,True
I_dark,51,bkan_parameter_mean,teacher_distillation,polynomial,1,1560,240,360,240,0.01,0.0458129403831659,0.0008188000065274,0.0029361000051721,7,814,23,artifacts\results\multi_teacher_symbolic_pareto_10split\seed_51\I_dark\exports\I_dark\bkan_parameter_mean\polynomial_1\formula.json,artifacts\results\multi_teacher_symbolic_pareto_10split\seed_51\I_dark\exports\I_dark\bkan_parameter_mean\polynomial_1\formula.va,0.0459964593490491,0.9422674218484636,0.120581298624958,0.1440250305236032,0.0484555551991966,0.936931111294275,0.1231009737106705,0.1717418441671645,1.0,5000,1.0,1.0,8.881784197001252e-16,1.892399993569901e-07,False,False,False,True
I_dark,51,bkan_parameter_mean,teacher_distillation,polynomial,2,1560,240,360,240,0.01,0.0221549477426125,0.0007340000011026,0.0038097000215202,28,1588,44,artifacts\results\multi_teacher_symbolic_pareto_10split\seed_51\I_dark\exports\I_dark\bkan_parameter_mean\polynomial_2\formula.json,artifacts\results\multi_teacher_symbolic_pareto_10split\seed_51\I_dark\exports\I_dark\bkan_parameter_mean\polynomial_2\formula.va,0.0202296441135315,0.9888326884507984,0.0452321354773748,0.0673967145441505,0.0224649179879257,0.9864438081791214,0.0527983909047686,0.0957083858921823,1.0,5000,1.0,1.0,8.881784197001252e-16,1.3825966666142146e-06,False,False,False,False
I_dark,51,bkan_parameter_mean,teacher_distillation,polynomial,3,1560,240,360,240,0.01,0.0125893022369615,0.0014830000000074,0.0066917000222019,84,3651,100,artifacts\results\multi_teacher_symbolic_pareto_10split\seed_51\I_dark\exports\I_dark\bkan_parameter_mean\polynomial_3\formula.json,artifacts\results\multi_teacher_symbolic_pareto_10split\seed_51\I_dark\exports\I_dark\bkan_parameter_mean\polynomial_3\formula.va,0.0121134801327488,0.995995853027244,0.0238272413954292,0.0442985191586844,0.0140987533326763,0.994660636906941,0.0255317849531162,0.0775965428407392,1.0,5000,1.0,1.0,8.881784197001252e-16,3.961136665505667e-06,False,False,False,False
I_dark,51,bkan_parameter_mean,teacher_distillation,additive_spline,4,1560,240,360,240,1e-08,0.0162030395357588,0.0017981000128202,0.0060187999624758,31,7138,196,artifacts\results\multi_teacher_symbolic_pareto_10split\seed_51\I_dark\exports\I_dark\bkan_parameter_mean\additive_spline_4\formula.json,artifacts\results\multi_teacher_symbolic_pareto_10split\seed_51\I_dark\exports\I_dark\bkan_parameter_mean\additive_spline_4\formula.va,0.0081649973378429,0.9981807841039582,0.0163934900072636,0.0394788441556785,0.007908734050257,0.9983198735310784,0.0155730621677283,0.0480449716552042,1.0,5000,1.0,1.0,1.7763568394002505e-15,1.2688666659717757e-07,False,False,False,False
I_dark,51,bkan_parameter_mean,teacher_distillation,additive_spline,6,1560,240,360,240,1e-08,0.0156490907638428,0.0026308000087738,0.0070014999946579,43,8350,232,artifacts\results\multi_teacher_symbolic_pareto_10split\seed_51\I_dark\exports\I_dark\bkan_parameter_mean\additive_spline_6\formula.json,artifacts\results\multi_teacher_symbolic_pareto_10split\seed_51\I_dark\exports\I_dark\bkan_parameter_mean\additive_spline_6\formula.va,0.0077172564587629,0.9983748329330624,0.0188040444726826,0.0436755340651888,0.0071799317925792,0.99861525862834,0.0133669191083879,0.0438482817456939,1.0,5000,1.0,1.0,2.664535259100376e-15,1.527166673137496e-07,False,False,False,False
I_dark,51,bkan_parameter_mean,teacher_distillation,additive_spline,8,1560,240,360,240,1e-08,0.0157354290049681,0.0020038999500684,0.006922599975951,55,9551,268,artifacts\results\multi_teacher_symbolic_pareto_10split\seed_51\I_dark\exports\I_dark\bkan_parameter_mean\additive_spline_8\formula.json,artifacts\results\multi_teacher_symbolic_pareto_10split\seed_51\I_dark\exports\I_dark\bkan_parameter_mean\additive_spline_8\formula.va,0.0074978020978809,0.9984659479563855,0.0144186164685734,0.0471891795099788,0.0068192947752604,0.998750871956836,0.0124802492949378,0.040334636300904,1.0,5000,1.0,1.0,1.7763568394002505e-15,1.3879999945250654e-07,False,False,False,False
I_dark,51,dkan,teacher_distillation,polynomial,1,1560,240,360,240,0.01,0.0512193547243546,0.000520100002177,0.0024191999691538,7,815,23,artifacts\results\multi_teacher_symbolic_pareto_10split\seed_51\I_dark\exports\I_dark\dkan\polynomial_1\formula.json,artifacts\results\multi_teacher_symbolic_pareto_10split\seed_51\I_dark\exports\I_dark\dkan\polynomial_1\formula.va,0.0491916694902499,0.9292868752285888,0.1004181166008567,0.1452696967847906,0.0484032288534728,0.9370672518282132,0.1226818699439771,0.1699119959757675,1.0,5000,1.0,1.0,8.881784197001252e-16,1.5075999932984514e-07,False,False,False,False
I_dark,51,dkan,teacher_distillation,polynomial,2,1560,240,360,240,0.01,0.0309846882441698,0.0007137999637052,0.0032486999989487,28,1580,44,artifacts\results\multi_teacher_symbolic_pareto_10split\seed_51\I_dark\exports\I_dark\dkan\polynomial_2\formula.json,artifacts\results\multi_teacher_symbolic_pareto_10split\seed_51\I_dark\exports\I_dark\dkan\polynomial_2\formula.va,0.0267388394662333,0.9791069418801258,0.0522093805233926,0.0707648103410214,0.0226978784462491,0.9861611958737394,0.0529565522209005,0.0893289621786328,1.0,5000,1.0,1.0,8.881784197001252e-16,9.706933322983483e-07,False,False,False,True
I_dark,51,dkan,teacher_distillation,polynomial,3,1560,240,360,240,0.01,0.0250652124871047,0.0017652999958954,0.0057665999629534,84,3630,100,artifacts\results\multi_teacher_symbolic_pareto_10split\seed_51\I_dark\exports\I_dark\dkan\polynomial_3\formula.json,artifacts\results\multi_teacher_symbolic_pareto_10split\seed_51\I_dark\exports\I_dark\dkan\polynomial_3\formula.va,0.0220119641652773,0.9858409374956428,0.0403845512057453,0.061681380338272,0.016294134075194,0.9928683404671322,0.0287368770837076,0.0796978546315463,1.0,5000,1.0,1.0,8.881784197001252e-16,3.0153366659457484e-06,False,False,False,True
I_dark,51,dkan,teacher_distillation,additive_spline,4,1560,240,360,240,1e-08,0.0222375343491471,0.0016405000351369,0.0054812000598758,31,7060,196,artifacts\results\multi_teacher_symbolic_pareto_10split\seed_51\I_dark\exports\I_dark\dkan\additive_spline_4\formula.json,artifacts\results\multi_teacher_symbolic_pareto_10split\seed_51\I_dark\exports\I_dark\dkan\additive_spline_4\formula.va,0.0208157132612639,0.987338081952294,0.0377332679911961,0.0974031428540636,0.0073701131477331,0.9985409292838182,0.0152775946487441,0.0439760921157548,1.0,5000,1.0,1.0,1.7763568394002505e-15,1.394000001406918e-07,False,False,False,True
I_dark,51,dkan,teacher_distillation,additive_spline,6,1560,240,360,240,0.01,0.0217601467293923,0.0013695000088773,0.0058538999874144,43,8290,232,artifacts\results\multi_teacher_symbolic_pareto_10split\seed_51\I_dark\exports\I_dark\dkan\additive_spline_6\formula.json,artifacts\results\multi_teacher_symbolic_pareto_10split\seed_51\I_dark\exports\I_dark\dkan\additive_spline_6\formula.va,0.0208290202163466,0.9873218878945846,0.0367755213484802,0.0977861105270712,0.0083855998556028,0.9981111550892924,0.0158827536656551,0.0435931244427472,1.0,5000,1.0,1.0,1.7763568394002505e-15,1.549566669079165e-07,False,False,False,False
I_dark,51,dkan,teacher_distillation,additive_spline,8,1560,240,360,240,0.01,0.0211359049929222,0.0016906000091694,0.0068617000360973,55,9475,268,artifacts\results\multi_teacher_symbolic_pareto_10split\seed_51\I_dark\exports\I_dark\dkan\additive_spline_8\formula.json,artifacts\results\multi_teacher_symbolic_pareto_10split\seed_51\I_dark\exports\I_dark\dkan\additive_spline_8\formula.va,0.0196104591355703,0.988761912004501,0.0345952075256444,0.0904375390535339,0.0097938102030244,0.997423492580229,0.018560033175821,0.0509416959162845,1.0,5000,1.0,1.0,1.7763568394002505e-15,1.3786333341461917e-07,False,False,False,False
I_dark,51,mlp_l,teacher_distillation,polynomial,1,1560,240,360,240,0.01,0.0436195459262182,0.0005691000260412,0.0026509999879635,7,817,23,artifacts\results\multi_teacher_symbolic_pareto_10split\seed_51\I_dark\exports\I_dark\mlp_l\polynomial_1\formula.json,artifacts\results\multi_teacher_symbolic_pareto_10split\seed_51\I_dark\exports\I_dark\mlp_l\polynomial_1\formula.va,0.0434283111982016,0.9475707821331528,0.0806140438824381,0.1097837418651508,0.0482642761756168,0.937428059248891,0.1216196661018919,0.1641201683022544,1.0,5000,1.0,1.0,8.881784197001252e-16,1.524433338393768e-07,False,False,False,False
I_dark,51,mlp_l,teacher_distillation,polynomial,2,1560,240,360,240,1e-08,0.0078622376325815,0.000975799979642,0.0031418999424204,28,1582,44,artifacts\results\multi_teacher_symbolic_pareto_10split\seed_51\I_dark\exports\I_dark\mlp_l\polynomial_2\formula.json,artifacts\results\multi_teacher_symbolic_pareto_10split\seed_51\I_dark\exports\I_dark\mlp_l\polynomial_2\formula.va,0.0070801787766366,0.9986064712139716,0.0111491620840678,0.0235907493974147,0.0215644936554934,0.9875087310032722,0.0493010546662273,0.0679104009925124,1.0,5000,1.0,1.0,8.881784197001252e-16,1.0013033344876022e-06,False,False,False,True
I_dark,51,mlp_l,teacher_distillation,polynomial,3,1560,240,360,240,0.01,0.0034934700494743,0.0013332000235095,0.0055716999922879,84,3657,100,artifacts\results\multi_teacher_symbolic_pareto_10split\seed_51\I_dark\exports\I_dark\mlp_l\polynomial_3\formula.json,artifacts\results\multi_teacher_symbolic_pareto_10split\seed_51\I_dark\exports\I_dark\mlp_l\polynomial_3\formula.va,0.0023033155634023,0.9998525195748936,0.0048468161320734,0.0124041606261169,0.016527158102055,0.9926629007498092,0.0401380797492999,0.0508186505556507,1.0,5000,1.0,1.0,8.881784197001252e-16,3.001033334294334e-06,False,False,False,False
I_dark,51,mlp_l,teacher_distillation,additive_spline,4,1560,240,360,240,1e-08,0.0149086322401706,0.0016406000358983,0.0058086000499315,31,7114,196,artifacts\results\multi_teacher_symbolic_pareto_10split\seed_51\I_dark\exports\I_dark\mlp_l\additive_spline_4\formula.json,artifacts\results\multi_teacher_symbolic_pareto_10split\seed_51\I_dark\exports\I_dark\mlp_l\additive_spline_4\formula.va,0.0055930533173939,0.9991303882177464,0.0117388815576859,0.0178970863144236,0.0170935766074098,0.992151368918371,0.0348974897958742,0.0679352847303045,1.0,5000,1.0,1.0,1.7763568394002505e-15,1.2716000007155044e-07,False,False,False,False
I_dark,51,mlp_l,teacher_distillation,additive_spline,6,1560,240,360,240,1e-08,0.0148652360028087,0.0016451000119559,0.0062616000068373,43,8390,232,artifacts\results\multi_teacher_symbolic_pareto_10split\seed_51\I_dark\exports\I_dark\mlp_l\additive_spline_6\formula.json,artifacts\results\multi_teacher_symbolic_pareto_10split\seed_51\I_dark\exports\I_dark\mlp_l\additive_spline_6\formula.va,0.0056150322999352,0.9991235401740886,0.0119253268085572,0.017702795395194,0.0170962717394834,0.9921488937470894,0.0350945494380246,0.0685315086695057,1.0,5000,1.0,1.0,1.7763568394002505e-15,1.283766682414959e-07,False,False,False,False
I_dark,51,mlp_l,teacher_distillation,additive_spline,8,1560,240,360,240,1e-08,0.0148329835004829,0.0018077999702654,0.0069852999295108,55,9578,268,artifacts\results\multi_teacher_symbolic_pareto_10split\seed_51\I_dark\exports\I_dark\mlp_l\additive_spline_8\formula.json,artifacts\results\multi_teacher_symbolic_pareto_10split\seed_51\I_dark\exports\I_dark\mlp_l\additive_spline_8\formula.va,0.0056241169727221,0.9991207017961322,0.011766926389849,0.0181252998732865,0.0171057550447637,0.9921401813110138,0.034934527167112,0.068614272465119,1.0,5000,1.0,1.0,1.7763568394002505e-15,1.409700004539142e-07,False,False,False,False
I_dark,51,tcad_direct,direct_tcad,polynomial,1,1560,240,360,240,0.01,0.0481435930015329,0.0005400000372901,0.0028438000008463,7,815,23,artifacts\results\multi_teacher_symbolic_pareto_10split\seed_51\I_dark\exports\I_dark\tcad_direct\polynomial_1\formula.json,artifacts\results\multi_teacher_symbolic_pareto_10split\seed_51\I_dark\exports\I_dark\tcad_direct\polynomial_1\formula.va,,,,,0.0482192686056206,0.9375447044421802,0.122541914623797,0.1610742248658523,1.0,5000,1.0,1.0,0.0,1.4693333262888093e-07,False,False,True,True
I_dark,51,tcad_direct,direct_tcad,polynomial,2,1560,240,360,240,1e-08,0.0211203011814316,0.0009291999740526,0.0030587000073865,28,1587,44,artifacts\results\multi_teacher_symbolic_pareto_10split\seed_51\I_dark\exports\I_dark\tcad_direct\polynomial_2\formula.json,artifacts\results\multi_teacher_symbolic_pareto_10split\seed_51\I_dark\exports\I_dark\tcad_direct\polynomial_2\formula.va,,,,,0.0211567881693494,0.9879765941753036,0.049099359544051,0.0650606886767271,1.0,5000,1.0,1.0,8.881784197001252e-16,9.093833330553024e-07,False,False,True,True
I_dark,51,tcad_direct,direct_tcad,polynomial,3,1560,240,360,240,1e-08,0.0111079093742379,0.0016175999771803,0.0052269999869167,84,3648,100,artifacts\results\multi_teacher_symbolic_pareto_10split\seed_51\I_dark\exports\I_dark\tcad_direct\polynomial_3\formula.json,artifacts\results\multi_teacher_symbolic_pareto_10split\seed_51\I_dark\exports\I_dark\tcad_direct\polynomial_3\formula.va,,,,,0.0113134283519571,0.9965619159293168,0.0234619732354146,0.0273991633897834,1.0,5000,1.0,1.0,8.881784197001252e-16,3.047026666657378e-06,False,False,False,True
I_dark,51,tcad_direct,direct_tcad,additive_spline,4,1560,240,360,240,1e-08,0.0150769695805633,0.0017851000302471,0.0061623999499715,31,7126,196,artifacts\results\multi_teacher_symbolic_pareto_10split\seed_51\I_dark\exports\I_dark\tcad_direct\additive_spline_4\formula.json,artifacts\results\multi_teacher_symbolic_pareto_10split\seed_51\I_dark\exports\I_dark\tcad_direct\additive_spline_4\formula.va,,,,,0.006302647557781,0.9989329762775084,0.0127704379785032,0.0254340321082837,1.0,5000,1.0,1.0,1.7763568394002505e-15,1.250833331141621e-07,False,False,True,True
I_dark,51,tcad_direct,direct_tcad,additive_spline,6,1560,240,360,240,1e-08,0.0145642815270061,0.0017048000008799,0.0066359000047668,43,8424,232,artifacts\results\multi_teacher_symbolic_pareto_10split\seed_51\I_dark\exports\I_dark\tcad_direct\additive_spline_6\formula.json,artifacts\results\multi_teacher_symbolic_pareto_10split\seed_51\I_dark\exports\I_dark\tcad_direct\additive_spline_6\formula.va,,,,,0.0049911540876619,0.9993308399792968,0.008985534434823,0.0211736022974218,1.0,5000,1.0,1.0,1.7763568394002505e-15,1.283699995838106e-07,False,False,True,True
I_dark,51,tcad_direct,direct_tcad,additive_spline,8,1560,240,360,240,1e-08,0.0146052946751042,0.0018649999983608,0.006517200032249,55,9563,268,artifacts\results\multi_teacher_symbolic_pareto_10split\seed_51\I_dark\exports\I_dark\tcad_direct\additive_spline_8\formula.json,artifacts\results\multi_teacher_symbolic_pareto_10split\seed_51\I_dark\exports\I_dark\tcad_direct\additive_spline_8\formula.va,,,,,0.0049517755666576,0.9993413572196258,0.0103648868720668,0.0213566697817224,1.0,5000,1.0,1.0,8.881784197001252e-16,1.3195999975626666e-07,False,False,True,True
I_photo,51,bkan_parameter_mean,teacher_distillation,polynomial,1,1664,256,384,256,1e-08,0.0068118557875712,0.0008526000310666,0.003072100051213,7,825,23,artifacts\results\multi_teacher_symbolic_pareto_10split\seed_51\I_photo\exports\I_photo\bkan_parameter_mean\polynomial_1\formula.json,artifacts\results\multi_teacher_symbolic_pareto_10split\seed_51\I_photo\exports\I_photo\bkan_parameter_mean\polynomial_1\formula.va,0.0073416903875873,0.8947242784688777,0.0137187527493249,0.0213353818680106,0.0078944264907398,0.880908133429871,0.0143216053039993,0.0234796688102103,1.0,5000,1.0,1.0,0.0,1.6069333457077544e-07,False,False,True,True
I_photo,51,bkan_parameter_mean,teacher_distillation,polynomial,2,1664,256,384,256,0.01,0.00353721682439,0.0010256999521516,0.0038922000094316,28,1600,44,artifacts\results\multi_teacher_symbolic_pareto_10split\seed_51\I_photo\exports\I_photo\bkan_parameter_mean\polynomial_2\formula.json,artifacts\results\multi_teacher_symbolic_pareto_10split\seed_51\I_photo\exports\I_photo\bkan_parameter_mean\polynomial_2\formula.va,0.004509350973766,0.9602841215253328,0.0082740288446016,0.0137268871705411,0.0056384173780966,0.9392487282521704,0.0104890862315147,0.01375759301779,1.0,5000,1.0,1.0,4.440892098500626e-16,1.2274900005043796e-06,False,False,False,False
I_photo,51,bkan_parameter_mean,teacher_distillation,polynomial,3,1664,256,384,256,0.01,0.0034041220623036,0.0018460000283084,0.0083606999833136,84,3645,100,artifacts\results\multi_teacher_symbolic_pareto_10split\seed_51\I_photo\exports\I_photo\bkan_parameter_mean\polynomial_3\formula.json,artifacts\results\multi_teacher_symbolic_pareto_10split\seed_51\I_photo\exports\I_photo\bkan_parameter_mean\polynomial_3\formula.va,0.0092676041594613,0.8322467097112312,0.0223703405973677,0.0252428624765341,0.0102216696090253,0.8003429681395686,0.0233571441153287,0.0259286327556607,1.0,5000,1.0,1.0,4.440892098500626e-16,3.4347933329020936e-06,False,False,False,False
I_photo,51,bkan_parameter_mean,teacher_distillation,additive_spline,4,1664,256,384,256,0.01,0.0019877664433544,0.0013654999784193,0.0059803000185638,31,7149,196,artifacts\results\multi_teacher_symbolic_pareto_10split\seed_51\I_photo\exports\I_photo\bkan_parameter_mean\additive_spline_4\formula.json,artifacts\results\multi_teacher_symbolic_pareto_10split\seed_51\I_photo\exports\I_photo\bkan_parameter_mean\additive_spline_4\formula.va,0.0030597076139478,0.9817149585166955,0.0052090132048802,0.0086489140080794,0.0052738191474712,0.9468514528611314,0.009707839266377,0.0115731708912529,1.0,5000,1.0,1.0,8.881784197001252e-16,1.2847333176371953e-07,False,False,False,False
I_photo,51,bkan_parameter_mean,teacher_distillation,additive_spline,6,1664,256,384,256,1e-08,0.0014878635332483,0.0020292000262998,0.0066425000550225,43,8391,232,artifacts\results\multi_teacher_symbolic_pareto_10split\seed_51\I_photo\exports\I_photo\bkan_parameter_mean\additive_spline_6\formula.json,artifacts\results\multi_teacher_symbolic_pareto_10split\seed_51\I_photo\exports\I_photo\bkan_parameter_mean\additive_spline_6\formula.va,0.002440739269044,0.9883646655143826,0.0049138761225777,0.0081786373245824,0.0055604350551943,0.9409175525773396,0.0102902500748001,0.0113280895915899,1.0,5000,1.0,1.0,8.881784197001252e-16,1.290733324519048e-07,False,False,False,False
I_photo,51,bkan_parameter_mean,teacher_distillation,additive_spline,8,1664,256,384,256,1e-08,0.0012422906837516,0.0024412000202573,0.0072926001157611,55,9620,268,artifacts\results\multi_teacher_symbolic_pareto_10split\seed_51\I_photo\exports\I_photo\bkan_parameter_mean\additive_spline_8\formula.json,artifacts\results\multi_teacher_symbolic_pareto_10split\seed_51\I_photo\exports\I_photo\bkan_parameter_mean\additive_spline_8\formula.va,0.0020862697143127,0.9914988632429134,0.0039093864159899,0.0066276323713858,0.0054936731522018,0.9423277936228304,0.0101850501685721,0.011233434150661,1.0,5000,1.0,1.0,8.881784197001252e-16,1.7012666794471446e-07,False,False,False,False
I_photo,51,dkan,teacher_distillation,polynomial,1,1664,256,384,256,0.01,0.0068750505608755,0.0005335000460036,0.0025793999666348,7,824,23,artifacts\results\multi_teacher_symbolic_pareto_10split\seed_51\I_photo\exports\I_photo\dkan\polynomial_1\formula.json,artifacts\results\multi_teacher_symbolic_pareto_10split\seed_51\I_photo\exports\I_photo\dkan\polynomial_1\formula.va,0.0070774991431711,0.8997296543338718,0.0130315810909361,0.0211501694523832,0.0079214174657723,0.8800923932077719,0.0143560920412415,0.0235185507258615,1.0,5000,1.0,1.0,0.0,1.4984333344424765e-07,False,False,False,False
I_photo,51,dkan,teacher_distillation,polynomial,2,1664,256,384,256,0.01,0.004095913115953,0.0007918999763205,0.0034208999713882,28,1597,44,artifacts\results\multi_teacher_symbolic_pareto_10split\seed_51\I_photo\exports\I_photo\dkan\polynomial_2\formula.json,artifacts\results\multi_teacher_symbolic_pareto_10split\seed_51\I_photo\exports\I_photo\dkan\polynomial_2\formula.va,0.0044594919349769,0.9601907838022962,0.0082738687764879,0.0113113351555949,0.0057047456571706,0.9378110098367868,0.0109557015715343,0.0140426026261706,1.0,5000,1.0,1.0,4.440892098500626e-16,9.410200000274928e-07,False,False,False,False
I_photo,51,dkan,teacher_distillation,polynomial,3,1664,256,384,256,0.01,0.0038979507029342,0.0024146999930962,0.007421099988278,84,3645,100,artifacts\results\multi_teacher_symbolic_pareto_10split\seed_51\I_photo\exports\I_photo\dkan\polynomial_3\formula.json,artifacts\results\multi_teacher_symbolic_pareto_10split\seed_51\I_photo\exports\I_photo\dkan\polynomial_3\formula.va,0.0098390122673421,0.8062169151087771,0.0231580513602087,0.0271279317742418,0.0109381049506932,0.7713742705820362,0.0251116381172143,0.0291716437259683,1.0,5000,1.0,1.0,4.440892098500626e-16,2.992449999631693e-06,False,False,False,False
I_photo,51,dkan,teacher_distillation,additive_spline,4,1664,256,384,256,0.01,0.0024328887118637,0.0012829999905079,0.0056999999796971,31,7105,196,artifacts\results\multi_teacher_symbolic_pareto_10split\seed_51\I_photo\exports\I_photo\dkan\additive_spline_4\formula.json,artifacts\results\multi_teacher_symbolic_pareto_10split\seed_51\I_photo\exports\I_photo\dkan\additive_spline_4\formula.va,0.0031507559353481,0.980127962992393,0.006339286693173,0.0082104663278936,0.0053967982361202,0.9443438327172408,0.0100678549791123,0.0114732522607217,1.0,5000,1.0,1.0,8.881784197001252e-16,1.2986333458684385e-07,False,False,False,False
I_photo,51,dkan,teacher_distillation,additive_spline,6,1664,256,384,256,0.0001,0.0019625519712866,0.001459099992644,0.0062710000202059,43,8370,232,artifacts\results\multi_teacher_symbolic_pareto_10split\seed_51\I_photo\exports\I_photo\dkan\additive_spline_6\formula.json,artifacts\results\multi_teacher_symbolic_pareto_10split\seed_51\I_photo\exports\I_photo\dkan\additive_spline_6\formula.va,0.0029278324241725,0.9828404737552738,0.0058644958760776,0.0090122854595979,0.0058431541033156,0.9347567461387246,0.010604455229399,0.012115212553069,1.0,5000,1.0,1.0,8.881784197001252e-16,1.3365000098322828e-07,False,False,False,False
I_photo,51,dkan,teacher_distillation,additive_spline,8,1664,256,384,256,1e-08,0.0013474970270633,0.0018428000039421,0.0065768000786192,55,9560,268,artifacts\results\multi_teacher_symbolic_pareto_10split\seed_51\I_photo\exports\I_photo\dkan\additive_spline_8\formula.json,artifacts\results\multi_teacher_symbolic_pareto_10split\seed_51\I_photo\exports\I_photo\dkan\additive_spline_8\formula.va,0.0020094253620146,0.9919172970160576,0.0040809840440131,0.0069842888457301,0.0056990715541567,0.9379346582067732,0.0099503451447853,0.0115341857491761,1.0,5000,1.0,1.0,8.881784197001252e-16,1.433133341682454e-07,False,False,False,False
I_photo,51,mlp_l,teacher_distillation,polynomial,1,1664,256,384,256,0.01,0.0059266107811847,0.0006092000403441,0.0026476000784896,7,822,23,artifacts\results\multi_teacher_symbolic_pareto_10split\seed_51\I_photo\exports\I_photo\mlp_l\polynomial_1\formula.json,artifacts\results\multi_teacher_symbolic_pareto_10split\seed_51\I_photo\exports\I_photo\mlp_l\polynomial_1\formula.va,0.0059271731647927,0.9279511596827936,0.0100620313644391,0.0146069201775653,0.0079136981830495,0.8803259750712672,0.0142031695907943,0.0231397601992502,1.0,5000,1.0,1.0,0.0,1.4953666638272506e-07,False,False,False,False
I_photo,51,mlp_l,teacher_distillation,polynomial,2,1664,256,384,256,0.01,0.0008479933469597,0.000724799989257,0.0031799999997019,28,1593,44,artifacts\results\multi_teacher_symbolic_pareto_10split\seed_51\I_photo\exports\I_photo\mlp_l\polynomial_2\formula.json,artifacts\results\multi_teacher_symbolic_pareto_10split\seed_51\I_photo\exports\I_photo\mlp_l\polynomial_2\formula.va,0.0008234505699589,0.9986093852459118,0.0015045636451647,0.0019560471545969,0.0051849145386496,0.948628276452666,0.0091158916465394,0.0120944224328329,1.0,5000,1.0,1.0,4.440892098500626e-16,9.321999988363436e-07,False,False,True,True
I_photo,51,mlp_l,teacher_distillation,polynomial,3,1664,256,384,256,0.01,0.000143880010851,0.0015751000028103,0.0069664000766351,84,3674,100,artifacts\results\multi_teacher_symbolic_pareto_10split\seed_51\I_photo\exports\I_photo\mlp_l\polynomial_3\formula.json,artifacts\results\multi_teacher_symbolic_pareto_10split\seed_51\I_photo\exports\I_photo\mlp_l\polynomial_3\formula.va,0.0001930514656967,0.9999235675166523,0.0003980715934763,0.0011158733758436,0.0049414704986018,0.953339074812756,0.0083618254567028,0.0109924026385681,1.0,5000,1.0,1.0,4.440892098500626e-16,3.0530899995937945e-06,False,False,True,True
I_photo,51,mlp_l,teacher_distillation,additive_spline,4,1664,256,384,256,1e-08,0.0008475677287966,0.0017492999904789,0.005996000021696,31,7298,196,artifacts\results\multi_teacher_symbolic_pareto_10split\seed_51\I_photo\exports\I_photo\mlp_l\additive_spline_4\formula.json,artifacts\results\multi_teacher_symbolic_pareto_10split\seed_51\I_photo\exports\I_photo\mlp_l\additive_spline_4\formula.va,0.0009394701792367,0.9981899200310554,0.002226421699614,0.0030139902763965,0.0050422149129358,0.9514170774111552,0.0083979294474516,0.0108957623838739,1.0,5000,1.0,1.0,8.881784197001252e-16,1.2690666674946745e-07,False,False,True,False
I_photo,51,mlp_l,teacher_distillation,additive_spline,6,1664,256,384,256,1e-08,0.0009298557538122,0.0019587000133469,0.0066498999367468,43,8485,232,artifacts\results\multi_teacher_symbolic_pareto_10split\seed_51\I_photo\exports\I_photo\mlp_l\additive_spline_6\formula.json,artifacts\results\multi_teacher_symbolic_pareto_10split\seed_51\I_photo\exports\I_photo\mlp_l\additive_spline_6\formula.va,0.000901051022576,0.9983349375317287,0.0021243822568867,0.00287267373441,0.0049708989460627,0.9527816506848522,0.0081869802552473,0.0109857589937756,1.0,5000,1.0,1.0,8.881784197001252e-16,1.3271666636380056e-07,False,False,True,False
I_photo,51,mlp_l,teacher_distillation,additive_spline,8,1664,256,384,256,1e-08,0.0009223995115807,0.001803099992685,0.0071866998914629,55,9731,268,artifacts\results\multi_teacher_symbolic_pareto_10split\seed_51\I_photo\exports\I_photo\mlp_l\additive_spline_8\formula.json,artifacts\results\multi_teacher_symbolic_pareto_10split\seed_51\I_photo\exports\I_photo\mlp_l\additive_spline_8\formula.va,0.0009391962841625,0.9981909753061012,0.0021353743041419,0.0030176603846459,0.0049488196848238,0.9532001789792984,0.0083680272245125,0.0108620797341711,1.0,5000,1.0,1.0,8.881784197001252e-16,1.4332333424439033e-07,False,False,True,False
I_photo,51,tcad_direct,direct_tcad,polynomial,1,1664,256,384,256,0.01,0.0073815614086479,0.0007014999864622,0.0032315999269485,7,822,23,artifacts\results\multi_teacher_symbolic_pareto_10split\seed_51\I_photo\exports\I_photo\tcad_direct\polynomial_1\formula.json,artifacts\results\multi_teacher_symbolic_pareto_10split\seed_51\I_photo\exports\I_photo\tcad_direct\polynomial_1\formula.va,,,,,0.0079099153611868,0.88044035833651,0.01425806988302,0.0230541272068736,1.0,5000,1.0,1.0,0.0,2.648433321155608e-07,False,False,False,True
I_photo,51,tcad_direct,direct_tcad,polynomial,2,1664,256,384,256,0.01,0.0050659732699263,0.0009917000425048,0.0043633001041598,28,1595,44,artifacts\results\multi_teacher_symbolic_pareto_10split\seed_51\I_photo\exports\I_photo\tcad_direct\polynomial_2\formula.json,artifacts\results\multi_teacher_symbolic_pareto_10split\seed_51\I_photo\exports\I_photo\tcad_direct\polynomial_2\formula.va,,,,,0.0061428559359579,0.9278923084419765,0.0116078488387076,0.0159845599710903,1.0,5000,1.0,1.0,4.440892098500626e-16,9.047933330293744e-07,False,False,False,False
I_photo,51,tcad_direct,direct_tcad,polynomial,3,1664,256,384,256,0.01,0.0065106912188935,0.0015756000066176,0.0071680999244563,84,3632,100,artifacts\results\multi_teacher_symbolic_pareto_10split\seed_51\I_photo\exports\I_photo\tcad_direct\polynomial_3\formula.json,artifacts\results\multi_teacher_symbolic_pareto_10split\seed_51\I_photo\exports\I_photo\tcad_direct\polynomial_3\formula.va,,,,,0.0138172250672463,0.6351766763901013,0.0345249162984613,0.036743396802604,1.0,5000,1.0,1.0,4.440892098500626e-16,3.0101800007590405e-06,False,False,False,False
I_photo,51,tcad_direct,direct_tcad,additive_spline,4,1664,256,384,256,0.01,0.0040696302778222,0.0016058000037446,0.0061833000509068,31,7112,196,artifacts\results\multi_teacher_symbolic_pareto_10split\seed_51\I_photo\exports\I_photo\tcad_direct\additive_spline_4\formula.json,artifacts\results\multi_teacher_symbolic_pareto_10split\seed_51\I_photo\exports\I_photo\tcad_direct\additive_spline_4\formula.va,,,,,0.0053360055556892,0.9455906574664412,0.0100254906450403,0.012042550089212,1.0,5000,1.0,1.0,8.881784197001252e-16,1.262533342620979e-07,False,False,False,False
I_photo,51,tcad_direct,direct_tcad,additive_spline,6,1664,256,384,256,1e-08,0.0040885303719358,0.0016849000239744,0.0066786000970751,43,8358,232,artifacts\results\multi_teacher_symbolic_pareto_10split\seed_51\I_photo\exports\I_photo\tcad_direct\additive_spline_6\formula.json,artifacts\results\multi_teacher_symbolic_pareto_10split\seed_51\I_photo\exports\I_photo\tcad_direct\additive_spline_6\formula.va,,,,,0.006099062056515,0.9289167892246168,0.0111199915740023,0.0129257827330304,1.0,5000,1.0,1.0,4.440892098500626e-16,1.334999998410543e-07,False,False,False,False
I_photo,51,tcad_direct,direct_tcad,additive_spline,8,1664,256,384,256,0.01,0.0053344688770012,0.0015935000265017,0.007279900019057,55,9538,268,artifacts\results\multi_teacher_symbolic_pareto_10split\seed_51\I_photo\exports\I_photo\tcad_direct\additive_spline_8\formula.json,artifacts\results\multi_teacher_symbolic_pareto_10split\seed_51\I_photo\exports\I_photo\tcad_direct\additive_spline_8\formula.va,,,,,0.0055206810417494,0.9417593457850092,0.0101940822519797,0.0116210533313858,1.0,5000,1.0,1.0,8.881784197001252e-16,1.3198999998470148e-07,False,False,False,False
AC_Response,51,bkan_parameter_mean,teacher_distillation,polynomial,1,2912,448,672,448,1e-08,0.9161311551893374,0.0009659999632276,0.0028183999238535,4,514,17,artifacts\results\multi_teacher_symbolic_pareto_10split\seed_51\AC_Response\exports\AC_Response\bkan_parameter_mean\polynomial_1\formula.json,artifacts\results\multi_teacher_symbolic_pareto_10split\seed_51\AC_Response\exports\AC_Response\bkan_parameter_mean\polynomial_1\formula.va,0.91665807636829,0.8571785077906676,1.4488586005557365,1.7718340124379883,0.916651339032506,0.8589648212882502,1.4775815483455228,1.835882375594728,1.0,5000,1.0,1.0,4.440892098500626e-16,5.6403332079450286e-08,False,False,False,False
AC_Response,51,bkan_parameter_mean,teacher_distillation,polynomial,2,2912,448,672,448,0.01,0.3073792707465246,0.0010009999969042,0.0040343999280594,10,686,23,artifacts\results\multi_teacher_symbolic_pareto_10split\seed_51\AC_Response\exports\AC_Response\bkan_parameter_mean\polynomial_2\formula.json,artifacts\results\multi_teacher_symbolic_pareto_10split\seed_51\AC_Response\exports\AC_Response\bkan_parameter_mean\polynomial_2\formula.va,0.3084217460210531,0.9838315342594144,0.5704636976349355,0.6357205832545572,0.3124695907926048,0.983611673181577,0.5743666227808527,0.6753028101253262,1.0,5000,1.0,1.0,2.664535259100376e-15,2.3923999979160725e-07,False,False,False,False
AC_Response,51,bkan_parameter_mean,teacher_distillation,polynomial,3,2912,448,672,448,1e-08,0.1631090329308362,0.0013556000194512,0.0044698000419884,20,988,33,artifacts\results\multi_teacher_symbolic_pareto_10split\seed_51\AC_Response\exports\AC_Response\bkan_parameter_mean\polynomial_3\formula.json,artifacts\results\multi_teacher_symbolic_pareto_10split\seed_51\AC_Response\exports\AC_Response\bkan_parameter_mean\polynomial_3\formula.va,0.1637134363996755,0.9954443801455456,0.3119027049311765,0.3677940612134067,0.1730677067226539,0.9949725104473632,0.3356282325695948,0.5341382190842499,1.0,5000,1.0,1.0,5.3290705182007506e-15,4.5687666667314876e-07,False,False,False,False
AC_Response,51,bkan_parameter_mean,teacher_distillation,additive_spline,4,2912,448,672,448,1e-08,0.0846227363405189,0.0018432000069878,0.0066296000732108,16,3601,103,artifacts\results\multi_teacher_symbolic_pareto_10split\seed_51\AC_Response\exports\AC_Response\bkan_parameter_mean\additive_spline_4\formula.json,artifacts\results\multi_teacher_symbolic_pareto_10split\seed_51\AC_Response\exports\AC_Response\bkan_parameter_mean\additive_spline_4\formula.va,0.085406340505523,0.9987601788089066,0.1484467003831447,0.2637785797117127,0.1054871767745109,0.9981322513243536,0.1885395014330564,0.3238275874278216,1.0,5000,1.0,1.0,3.774758283725532e-15,7.422666531056166e-08,False,False,False,False
AC_Response,51,bkan_parameter_mean,teacher_distillation,additive_spline,6,2912,448,672,448,1e-08,0.0857287934080327,0.00177839997923,0.0072151999920606,22,4206,121,artifacts\results\multi_teacher_symbolic_pareto_10split\seed_51\AC_Response\exports\AC_Response\bkan_parameter_mean\additive_spline_6\formula.json,artifacts\results\multi_teacher_symbolic_pareto_10split\seed_51\AC_Response\exports\AC_Response\bkan_parameter_mean\additive_spline_6\formula.va,0.0864835240492177,0.9987287072100324,0.1502427287423534,0.2832393177137247,0.1063576808660628,0.9981012979612812,0.1906274578689449,0.339151479799451,1.0,5000,1.0,1.0,1.7763568394002505e-15,9.960999983983736e-08,False,False,False,False
AC_Response,51,bkan_parameter_mean,teacher_distillation,additive_spline,8,2912,448,672,448,1e-08,0.0762369904484031,0.0016832000110298,0.0066378000192344,28,4737,139,artifacts\results\multi_teacher_symbolic_pareto_10split\seed_51\AC_Response\exports\AC_Response\bkan_parameter_mean\additive_spline_8\formula.json,artifacts\results\multi_teacher_symbolic_pareto_10split\seed_51\AC_Response\exports\AC_Response\bkan_parameter_mean\additive_spline_8\formula.va,0.0771864032406057,0.998987347507833,0.1327294021526116,0.2620109656908376,0.098850778277814,0.9983598661770142,0.1793782827702799,0.3229820975131252,1.0,5000,1.0,1.0,2.8310687127941488e-15,9.070999997978409e-08,False,False,False,False
AC_Response,51,dkan,teacher_distillation,polynomial,1,2912,448,672,448,0.01,0.9131811480001124,0.0010179000091738,0.003894199966453,4,512,17,artifacts\results\multi_teacher_symbolic_pareto_10split\seed_51\AC_Response\exports\AC_Response\dkan\polynomial_1\formula.json,artifacts\results\multi_teacher_symbolic_pareto_10split\seed_51\AC_Response\exports\AC_Response\dkan\polynomial_1\formula.va,0.9074939671717884,0.8587894375810703,1.4510670905760203,1.8106204439128104,0.9168686906160062,0.85889793030713,1.4733896802734625,1.8278961112942984,1.0,5000,1.0,1.0,4.440892098500626e-16,6.541999949452778e-08,False,False,False,True
AC_Response,51,dkan,teacher_distillation,polynomial,2,2912,448,672,448,0.01,0.3147234773933411,0.0009536999859847,0.0036706000100821,10,686,23,artifacts\results\multi_teacher_symbolic_pareto_10split\seed_51\AC_Response\exports\AC_Response\dkan\polynomial_2\formula.json,artifacts\results\multi_teacher_symbolic_pareto_10split\seed_51\AC_Response\exports\AC_Response\dkan\polynomial_2\formula.va,0.3202896546517693,0.9824100132671648,0.5882232535925037,0.9066696647943412,0.3138915315412963,0.983462178620488,0.5759940951245743,0.6826770468680516,1.0,5000,1.0,1.0,2.664535259100376e-15,2.7571000003566345e-07,False,False,False,False
AC_Response,51,dkan,teacher_distillation,polynomial,3,2912,448,672,448,0.01,0.1667361509733264,0.0008508999599143,0.004737299925182,20,982,33,artifacts\results\multi_teacher_symbolic_pareto_10split\seed_51\AC_Response\exports\AC_Response\dkan\polynomial_3\formula.json,artifacts\results\multi_teacher_symbolic_pareto_10split\seed_51\AC_Response\exports\AC_Response\dkan\polynomial_3\formula.va,0.181870995790812,0.9943283871360704,0.3461200307215372,0.6841002610974343,0.1782017251576463,0.9946698073387896,0.3429849852315703,0.5963271636134335,1.0,5000,1.0,1.0,4.440892098500626e-15,4.94409998646006e-07,False,False,False,False
AC_Response,51,dkan,teacher_distillation,additive_spline,4,2912,448,672,448,0.0001,0.0958098352193847,0.0014891999890096,0.0065796999842859,16,3563,103,artifacts\results\multi_teacher_symbolic_pareto_10split\seed_51\AC_Response\exports\AC_Response\dkan\additive_spline_4\formula.json,artifacts\results\multi_teacher_symbolic_pareto_10split\seed_51\AC_Response\exports\AC_Response\dkan\additive_spline_4\formula.va,0.1328520565434633,0.9969736702104488,0.2128421252607323,0.7054372691341877,0.1085301914660774,0.9980229382352778,0.2007269332829549,0.3283444353766862,1.0,5000,1.0,1.0,3.1086244689504387e-15,1.039033328803877e-07,False,False,False,False
AC_Response,51,dkan,teacher_distillation,additive_spline,6,2912,448,672,448,0.0001,0.0958498279483024,0.0016274999943561,0.0072737999726086,22,4124,121,artifacts\results\multi_teacher_symbolic_pareto_10split\seed_51\AC_Response\exports\AC_Response\dkan\additive_spline_6\formula.json,artifacts\results\multi_teacher_symbolic_pareto_10split\seed_51\AC_Response\exports\AC_Response\dkan\additive_spline_6\formula.va,0.1314873664676941,0.9970355253314104,0.2068438667279955,0.6682716266896254,0.1093481872448874,0.9979930235597722,0.195105436565978,0.354092943017025,1.0,5000,1.0,1.0,2.664535259100376e-15,6.974666806248327e-08,False,False,False,False
AC_Response,51,dkan,teacher_distillation,additive_spline,8,2912,448,672,448,0.0001,0.0854702958611556,0.0018391999765299,0.0072753999265842,28,4675,139,artifacts\results\multi_teacher_symbolic_pareto_10split\seed_51\AC_Response\exports\AC_Response\dkan\additive_spline_8\formula.json,artifacts\results\multi_teacher_symbolic_pareto_10split\seed_51\AC_Response\exports\AC_Response\dkan\additive_spline_8\formula.va,0.1211025134898245,0.9974853010317613,0.2009651216645301,0.6856474560795647,0.1022636223259655,0.9982446592185424,0.1932729129033472,0.3309573473315312,1.0,5000,1.0,1.0,3.1086244689504387e-15,6.93799986038357e-08,False,False,False,True
AC_Response,51,mlp_l,teacher_distillation,polynomial,1,2912,448,672,448,1e-08,0.8518062874429766,0.000734899949748,0.0023596999235451,4,513,17,artifacts\results\multi_teacher_symbolic_pareto_10split\seed_51\AC_Response\exports\AC_Response\mlp_l\polynomial_1\formula.json,artifacts\results\multi_teacher_symbolic_pareto_10split\seed_51\AC_Response\exports\AC_Response\mlp_l\polynomial_1\formula.va,0.8522813435239815,0.8740472400060938,1.5279362412932969,1.6291879951954995,0.9170612374846314,0.8588386598472706,1.480044436048178,1.8375513005679207,1.0,5000,1.0,1.0,0.0,5.5596665091191726e-08,False,False,False,False
AC_Response,51,mlp_l,teacher_distillation,polynomial,2,2912,448,672,448,1e-08,0.2187420234550807,0.0008501000120304,0.0029534000204876,10,687,23,artifacts\results\multi_teacher_symbolic_pareto_10split\seed_51\AC_Response\exports\AC_Response\mlp_l\polynomial_2\formula.json,artifacts\results\multi_teacher_symbolic_pareto_10split\seed_51\AC_Response\exports\AC_Response\mlp_l\polynomial_2\formula.va,0.2189962842281468,0.9916839858970516,0.4878902345377015,0.5158683503696153,0.3168733106091628,0.983146487738178,0.5990873116712278,0.7133693264590009,1.0,5000,1.0,1.0,3.552713678800501e-15,1.840066669198374e-07,False,False,False,False
AC_Response,51,mlp_l,teacher_distillation,polynomial,3,2912,448,672,448,0.01,0.0188174867324846,0.0007704000454396,0.0035210000933147,20,985,33,artifacts\results\multi_teacher_symbolic_pareto_10split\seed_51\AC_Response\exports\AC_Response\mlp_l\polynomial_3\formula.json,artifacts\results\multi_teacher_symbolic_pareto_10split\seed_51\AC_Response\exports\AC_Response\mlp_l\polynomial_3\formula.va,0.0188583778200011,0.999938333345249,0.0487093810458341,0.0866148570810665,0.1849294298131876,0.9942597453368848,0.3810513659584233,0.4901486536729749,1.0,5000,1.0,1.0,7.105427357601002e-15,4.167999994630615e-07,False,False,False,False
AC_Response,51,mlp_l,teacher_distillation,additive_spline,4,2912,448,672,448,1e-08,0.0280221760462172,0.0015268999850377,0.0049965000362135,16,3630,103,artifacts\results\multi_teacher_symbolic_pareto_10split\seed_51\AC_Response\exports\AC_Response\mlp_l\additive_spline_4\formula.json,artifacts\results\multi_teacher_symbolic_pareto_10split\seed_51\AC_Response\exports\AC_Response\mlp_l\additive_spline_4\formula.va,0.0294451775547205,0.999849661545998,0.0554044145281982,0.1291655074168582,0.1838197849086272,0.994328425959915,0.3760140045333682,0.4656017873669094,1.0,5000,1.0,1.0,3.552713678800501e-15,7.086333353072405e-08,False,False,False,False
AC_Response,51,mlp_l,teacher_distillation,additive_spline,6,2912,448,672,448,1e-08,0.0273938334875954,0.0015938999713398,0.0054617999703623,22,4274,121,artifacts\results\multi_teacher_symbolic_pareto_10split\seed_51\AC_Response\exports\AC_Response\mlp_l\additive_spline_6\formula.json,artifacts\results\multi_teacher_symbolic_pareto_10split\seed_51\AC_Response\exports\AC_Response\mlp_l\additive_spline_6\formula.va,0.0288457794062084,0.999855719951068,0.0589973245618459,0.1284726206885542,0.1840386823666277,0.9943149101967204,0.3808672412262768,0.4695843772532646,1.0,5000,1.0,1.0,3.427813588530171e-15,6.779333343729376e-08,False,False,False,False
AC_Response,51,mlp_l,teacher_distillation,additive_spline,8,2912,448,672,448,1e-08,0.0273872271811452,0.0023190000210888,0.0081921000964939,28,4895,139,artifacts\results\multi_teacher_symbolic_pareto_10split\seed_51\AC_Response\exports\AC_Response\mlp_l\additive_spline_8\formula.json,artifacts\results\multi_teacher_symbolic_pareto_10split\seed_51\AC_Response\exports\AC_Response\mlp_l\additive_spline_8\formula.va,0.0288403350002246,0.9998557744092972,0.0595507971755592,0.1281121150633293,0.1838669297277803,0.99432551637517,0.3806322807258522,0.4686401851567234,1.0,5000,1.0,1.0,2.664535259100376e-15,6.919999917348225e-08,False,False,False,False
AC_Response,51,tcad_direct,direct_tcad,polynomial,1,2912,448,672,448,1e-08,0.9113297476421836,0.0010865999502129,0.0028096999158151,4,513,17,artifacts\results\multi_teacher_symbolic_pareto_10split\seed_51\AC_Response\exports\AC_Response\tcad_direct\polynomial_1\formula.json,artifacts\results\multi_teacher_symbolic_pareto_10split\seed_51\AC_Response\exports\AC_Response\tcad_direct\polynomial_1\formula.va,,,,,0.916582176874319,0.8589861029445124,1.4719769676083574,1.8344892520363516,1.0,5000,1.0,1.0,0.0,5.478666668447355e-08,False,False,True,True
AC_Response,51,tcad_direct,direct_tcad,polynomial,2,2912,448,672,448,0.01,0.3044966349389732,0.0008173999958671,0.0037366000469774,10,686,23,artifacts\results\multi_teacher_symbolic_pareto_10split\seed_51\AC_Response\exports\AC_Response\tcad_direct\polynomial_2\formula.json,artifacts\results\multi_teacher_symbolic_pareto_10split\seed_51\AC_Response\exports\AC_Response\tcad_direct\polynomial_2\formula.va,,,,,0.3118155787577775,0.9836802043058964,0.5662363772055641,0.6721574033584816,1.0,5000,1.0,1.0,1.7763568394002505e-15,1.9826666684821248e-07,False,False,True,True
AC_Response,51,tcad_direct,direct_tcad,polynomial,3,2912,448,672,448,0.01,0.165092784246343,0.0007965000113472,0.0038788999663665,20,982,33,artifacts\results\multi_teacher_symbolic_pareto_10split\seed_51\AC_Response\exports\AC_Response\tcad_direct\polynomial_3\formula.json,artifacts\results\multi_teacher_symbolic_pareto_10split\seed_51\AC_Response\exports\AC_Response\tcad_direct\polynomial_3\formula.va,,,,,0.1710141760755373,0.9950911097385604,0.3287618562578402,0.5238542205315628,1.0,5000,1.0,1.0,4.440892098500626e-15,4.0196999907493593e-07,False,False,False,True
AC_Response,51,tcad_direct,direct_tcad,additive_spline,4,2912,448,672,448,0.0001,0.0983666244015831,0.0013657999807037,0.0056947999983094,16,3547,103,artifacts\results\multi_teacher_symbolic_pareto_10split\seed_51\AC_Response\exports\AC_Response\tcad_direct\additive_spline_4\formula.json,artifacts\results\multi_teacher_symbolic_pareto_10split\seed_51\AC_Response\exports\AC_Response\tcad_direct\additive_spline_4\formula.va,,,,,0.1049048739702165,0.9981528148372212,0.1988156068588453,0.3177267386588891,1.0,5000,1.0,1.0,3.4694469519536138e-15,8.263999867873888e-08,False,False,True,True
AC_Response,51,tcad_direct,direct_tcad,additive_spline,6,2912,448,672,448,0.01,0.0996606883059497,0.0013181999674998,0.0060530999908223,22,4137,121,artifacts\results\multi_teacher_symbolic_pareto_10split\seed_51\AC_Response\exports\AC_Response\tcad_direct\additive_spline_6\formula.json,artifacts\results\multi_teacher_symbolic_pareto_10split\seed_51\AC_Response\exports\AC_Response\tcad_direct\additive_spline_6\formula.va,,,,,0.1055053801190727,0.9981316066544084,0.1974338926941702,0.332374065631881,1.0,5000,1.0,1.0,1.27675647831893e-15,7.354666789372762e-08,False,False,False,False
AC_Response,51,tcad_direct,direct_tcad,additive_spline,8,2912,448,672,448,0.0001,0.0923744876783517,0.001701499975752,0.0068243999849073,28,4713,139,artifacts\results\multi_teacher_symbolic_pareto_10split\seed_51\AC_Response\exports\AC_Response\tcad_direct\additive_spline_8\formula.json,artifacts\results\multi_teacher_symbolic_pareto_10split\seed_51\AC_Response\exports\AC_Response\tcad_direct\additive_spline_8\formula.va,,,,,0.0985308897827623,0.9983704641921252,0.1782382108730794,0.3143148394202981,1.0,5000,1.0,1.0,3.7470027081099025e-15,6.90166683246692e-08,False,False,True,True
Capacitance,51,bkan_parameter_mean,teacher_distillation,polynomial,1,41600,6400,9600,6400,1e-08,2.013180338845732e-15,0.0050879000336863,0.0198457999504171,8,934,25,artifacts\results\multi_teacher_symbolic_pareto_10split\seed_51\Capacitance\exports\Capacitance\bkan_parameter_mean\polynomial_1\formula.json,artifacts\results\multi_teacher_symbolic_pareto_10split\seed_51\Capacitance\exports\Capacitance\bkan_parameter_mean\polynomial_1\formula.va,1.9703450194414004e-15,0.6295929486742475,5.130078509973469e-15,7.208507232861306e-15,1.972810510645266e-15,0.6293743783044261,5.080197132147452e-15,7.317900680626261e-15,1.0,5000,1.0,1.0,6.310887241768096e-30,3.3257333367752534e-07,False,False,False,False
Capacitance,51,bkan_parameter_mean,teacher_distillation,polynomial,2,41600,6400,9600,6400,1e-08,1.0904272212488111e-15,0.0143360000220127,0.0610673000919632,36,2018,53,artifacts\results\multi_teacher_symbolic_pareto_10split\seed_51\Capacitance\exports\Capacitance\bkan_parameter_mean\polynomial_2\formula.json,artifacts\results\multi_teacher_symbolic_pareto_10split\seed_51\Capacitance\exports\Capacitance\bkan_parameter_mean\polynomial_2\formula.va,1.0688287403351597e-15,0.8910039068728012,2.3684699206832494e-15,3.6859066800501335e-15,1.0796731439695884e-15,0.888993274840238,2.3416526937747282e-15,3.833984198538844e-15,1.0,5000,1.0,1.0,6.310887241768096e-30,1.7332166666164997e-06,False,False,False,True
Capacitance,51,bkan_parameter_mean,teacher_distillation,polynomial,3,41600,6400,9600,6400,0.01,5.169766792634908e-16,0.0461703999899327,0.1955511000123806,120,5295,137,artifacts\results\multi_teacher_symbolic_pareto_10split\seed_51\Capacitance\exports\Capacitance\bkan_parameter_mean\polynomial_3\formula.json,artifacts\results\multi_teacher_symbolic_pareto_10split\seed_51\Capacitance\exports\Capacitance\bkan_parameter_mean\polynomial_3\formula.va,5.072212856990557e-16,0.9754534972004252,1.0241644601655482e-15,1.5453050916961598e-15,5.185925498000254e-16,0.9743895482191364,1.0255379507953817e-15,1.774429526363961e-15,1.0,5000,1.0,1.0,1.262177448353619e-29,4.578193333387996e-06,False,False,False,False
Capacitance,51,bkan_parameter_mean,teacher_distillation,additive_spline,4,41600,6400,9600,6400,1e-08,2.7952549452416847e-16,0.0301484999945387,0.1203433000482618,36,8641,227,artifacts\results\multi_teacher_symbolic_pareto_10split\seed_51\Capacitance\exports\Capacitance\bkan_parameter_mean\additive_spline_4\formula.json,artifacts\results\multi_teacher_symbolic_pareto_10split\seed_51\Capacitance\exports\Capacitance\bkan_parameter_mean\additive_spline_4\formula.va,2.9403001799155714e-16,0.9917514421287196,5.741121006889198e-16,3.109000923995999e-15,2.9738958343531576e-16,0.9915779813617888,6.668572255455611e-16,2.8889875242061808e-15,1.0,5000,1.0,1.0,4.4176210692376655e-29,1.502666661205391e-07,False,False,False,False
Capacitance,51,bkan_parameter_mean,teacher_distillation,additive_spline,6,41600,6400,9600,6400,1e-08,2.4448385101915453e-16,0.0343325000139884,0.1378555000410415,50,10197,269,artifacts\results\multi_teacher_symbolic_pareto_10split\seed_51\Capacitance\exports\Capacitance\bkan_parameter_mean\additive_spline_6\formula.json,artifacts\results\multi_teacher_symbolic_pareto_10split\seed_51\Capacitance\exports\Capacitance\bkan_parameter_mean\additive_spline_6\formula.va,2.6331492522171343e-16,0.9933847595007044,4.627248709969063e-16,3.2634275086218094e-15,2.6286490980639923e-16,0.993419938936916,4.592107214910565e-16,3.0335533576785764e-15,1.0,5000,1.0,1.0,2.8398992587956425e-29,1.504399988334626e-07,False,False,False,True
Capacitance,51,bkan_parameter_mean,teacher_distillation,additive_spline,8,41600,6400,9600,6400,1e-08,2.3909189510266907e-16,0.0404694000026211,0.1658575999899767,64,11727,311,artifacts\results\multi_teacher_symbolic_pareto_10split\seed_51\Capacitance\exports\Capacitance\bkan_parameter_mean\additive_spline_8\formula.json,artifacts\results\multi_teacher_symbolic_pareto_10split\seed_51\Capacitance\exports\Capacitance\bkan_parameter_mean\additive_spline_8\formula.va,2.588094011809709e-16,0.9936092065622952,4.0921848565808685e-16,3.295631693307143e-15,2.574582168706736e-16,0.9936878369715948,4.05993885534029e-16,3.0673886251351056e-15,1.0,5000,1.0,1.0,3.1554436208840467e-29,1.545966661069542e-07,False,False,False,True
Capacitance,51,dkan,teacher_distillation,polynomial,1,41600,6400,9600,6400,0.01,1.995257034741361e-15,0.0038309000083245,0.0174499999848194,8,935,25,artifacts\results\multi_teacher_symbolic_pareto_10split\seed_51\Capacitance\exports\Capacitance\dkan\polynomial_1\formula.json,artifacts\results\multi_teacher_symbolic_pareto_10split\seed_51\Capacitance\exports\Capacitance\dkan\polynomial_1\formula.va,1.9438049251150148e-15,0.6321636595654812,5.0064959110866326e-15,6.9107288102478084e-15,1.9725640196036517e-15,0.6294669874910233,5.100180606939344e-15,7.362774548859907e-15,1.0,5000,1.0,1.0,6.310887241768096e-30,1.862033347909649e-07,False,False,True,True
Capacitance,51,dkan,teacher_distillation,polynomial,2,41600,6400,9600,6400,1e-08,1.0966925401065006e-15,0.0134499000268988,0.0498242999892681,36,2024,53,artifacts\results\multi_teacher_symbolic_pareto_10split\seed_51\Capacitance\exports\Capacitance\dkan\polynomial_2\formula.json,artifacts\results\multi_teacher_symbolic_pareto_10split\seed_51\Capacitance\exports\Capacitance\dkan\polynomial_2\formula.va,1.0569736583013172e-15,0.89123789487572,2.2091363697118028e-15,3.672857736121352e-15,1.0800482115645545e-15,0.888916136203498,2.3602038993557504e-15,3.9585590566553366e-15,1.0,5000,1.0,1.0,6.310887241768096e-30,1.3168266663948694e-06,False,False,False,False
Capacitance,51,dkan,teacher_distillation,polynomial,3,41600,6400,9600,6400,0.01,5.30554320990559e-16,0.0457278999965637,0.186780100048054,120,5278,137,artifacts\results\multi_teacher_symbolic_pareto_10split\seed_51\Capacitance\exports\Capacitance\dkan\polynomial_3\formula.json,artifacts\results\multi_teacher_symbolic_pareto_10split\seed_51\Capacitance\exports\Capacitance\dkan\polynomial_3\formula.va,5.092434137814778e-16,0.974753561652593,1.0220400498666024e-15,1.8806824441636307e-15,5.248386283788817e-16,0.9737689136726544,1.0543795101710768e-15,1.8852461885065265e-15,1.0,5000,1.0,1.0,1.262177448353619e-29,4.608773333408559e-06,False,False,False,False
Capacitance,51,dkan,teacher_distillation,additive_spline,4,41600,6400,9600,6400,1e-08,3.0404131638513933e-16,0.029551799991168,0.1207267000572756,36,8664,227,artifacts\results\multi_teacher_symbolic_pareto_10split\seed_51\Capacitance\exports\Capacitance\dkan\additive_spline_4\formula.json,artifacts\results\multi_teacher_symbolic_pareto_10split\seed_51\Capacitance\exports\Capacitance\dkan\additive_spline_4\formula.va,2.844562651133787e-16,0.992122647429964,6.935504693450625e-16,2.5270543015709628e-15,2.9498031165836633e-16,0.9917138888747936,6.38369964498823e-16,2.6626212506139654e-15,1.0,5000,1.0,1.0,4.102076707149261e-29,1.4947999928457044e-07,False,False,True,True
Capacitance,51,dkan,teacher_distillation,additive_spline,6,41600,6400,9600,6400,0.01,2.8601213843466197e-16,0.03380350000225,0.136829300026875,50,10191,269,artifacts\results\multi_teacher_symbolic_pareto_10split\seed_51\Capacitance\exports\Capacitance\dkan\additive_spline_6\formula.json,artifacts\results\multi_teacher_symbolic_pareto_10split\seed_51\Capacitance\exports\Capacitance\dkan\additive_spline_6\formula.va,2.6024877023728213e-16,0.9934063384862823,5.363977963739474e-16,2.6410571834610965e-15,2.6286991652340217e-16,0.993419688277234,4.993693459156074e-16,2.802701639016465e-15,1.0,5000,1.0,1.0,2.524354896707238e-29,1.650266679159055e-07,False,False,False,True
Capacitance,51,dkan,teacher_distillation,additive_spline,8,41600,6400,9600,6400,0.01,2.7891051504284845e-16,0.0411093999864533,0.1653871000162325,64,11738,311,artifacts\results\multi_teacher_symbolic_pareto_10split\seed_51\Capacitance\exports\Capacitance\dkan\additive_spline_8\formula.json,artifacts\results\multi_teacher_symbolic_pareto_10split\seed_51\Capacitance\exports\Capacitance\dkan\additive_spline_8\formula.va,2.4823476718737183e-16,0.9940010603593163,5.005876128057291e-16,2.6745253431638988e-15,2.5897153967988233e-16,0.9936134139104618,4.574858031024903e-16,2.9050851328182558e-15,1.0,5000,1.0,1.0,2.524354896707238e-29,1.585433337216576e-07,False,False,False,False
Capacitance,51,mlp_l,teacher_distillation,polynomial,1,41600,6400,9600,6400,1e-08,1.938326690730952e-15,0.0052396999672055,0.0167398999910801,8,935,25,artifacts\results\multi_teacher_symbolic_pareto_10split\seed_51\Capacitance\exports\Capacitance\mlp_l\polynomial_1\formula.json,artifacts\results\multi_teacher_symbolic_pareto_10split\seed_51\Capacitance\exports\Capacitance\mlp_l\polynomial_1\formula.va,1.903345819888895e-15,0.6425049831886129,4.215441222580978e-15,6.127761653316036e-15,1.972672687378319e-15,0.6294261613311607,5.084765288803742e-15,7.368215101115784e-15,1.0,5000,1.0,1.0,6.310887241768096e-30,1.826933332874129e-07,False,False,False,False
Capacitance,51,mlp_l,teacher_distillation,polynomial,2,41600,6400,9600,6400,1e-08,8.671925818708028e-16,0.0121263999608345,0.050870299921371,36,2020,53,artifacts\results\multi_teacher_symbolic_pareto_10split\seed_51\Capacitance\exports\Capacitance\mlp_l\polynomial_2\formula.json,artifacts\results\multi_teacher_symbolic_pareto_10split\seed_51\Capacitance\exports\Capacitance\mlp_l\polynomial_2\formula.va,8.6269475923367355e-16,0.9265572539877968,1.512089997552874e-15,2.431910543036012e-15,1.0847710087953044e-15,0.8879425248534112,2.2908604205437656e-15,3.842325358920521e-15,1.0,5000,1.0,1.0,6.310887241768096e-30,1.2755199995202323e-06,False,False,False,False
Capacitance,51,mlp_l,teacher_distillation,polynomial,3,41600,6400,9600,6400,1e-08,2.401289142999081e-16,0.0465383999980986,0.1823280999669805,120,5278,137,artifacts\results\multi_teacher_symbolic_pareto_10split\seed_51\Capacitance\exports\Capacitance\mlp_l\polynomial_3\formula.json,artifacts\results\multi_teacher_symbolic_pareto_10split\seed_51\Capacitance\exports\Capacitance\mlp_l\polynomial_3\formula.va,2.429517971493211e-16,0.9941752831405613,4.0333908470691523e-16,5.787699675174909e-16,5.72162746862355e-16,0.9688251876089704,1.179416911718358e-15,2.0988949372242308e-15,1.0,5000,1.0,1.0,1.262177448353619e-29,4.663926665671169e-06,False,False,False,False
Capacitance,51,mlp_l,teacher_distillation,additive_spline,4,41600,6400,9600,6400,1e-08,2.1691175740715303e-16,0.0307417000294663,0.1199577000807039,36,8641,227,artifacts\results\multi_teacher_symbolic_pareto_10split\seed_51\Capacitance\exports\Capacitance\mlp_l\additive_spline_4\formula.json,artifacts\results\multi_teacher_symbolic_pareto_10split\seed_51\Capacitance\exports\Capacitance\mlp_l\additive_spline_4\formula.va,2.308391883475706e-16,0.9947415994534184,4.734231587990511e-16,1.6302128251344728e-15,4.803215116402192e-16,0.9780300652154048,1.0683643016507564e-15,2.7114305385443432e-15,1.0,5000,1.0,1.0,3.1554436208840467e-29,1.4918000088073312e-07,False,False,False,False
Capacitance,51,mlp_l,teacher_distillation,additive_spline,6,41600,6400,9600,6400,1e-08,2.1204532025233167e-16,0.034380399971269,0.1357918999274261,50,10221,269,artifacts\results\multi_teacher_symbolic_pareto_10split\seed_51\Capacitance\exports\Capacitance\mlp_l\additive_spline_6\formula.json,artifacts\results\multi_teacher_symbolic_pareto_10split\seed_51\Capacitance\exports\Capacitance\mlp_l\additive_spline_6\formula.va,2.265711710682281e-16,0.994934248450512,4.65747199008855e-16,1.5829684631415568e-15,4.931640846749987e-16,0.9768395189765456,1.1309456811608273e-15,2.664186176551427e-15,1.0,5000,1.0,1.0,3.1554436208840467e-29,1.589133326585094e-07,False,False,False,False
Capacitance,51,mlp_l,teacher_distillation,additive_spline,8,41600,6400,9600,6400,1e-08,2.119705926063679e-16,0.041259900026489,0.1697662000078708,64,11766,311,artifacts\results\multi_teacher_symbolic_pareto_10split\seed_51\Capacitance\exports\Capacitance\mlp_l\additive_spline_8\formula.json,artifacts\results\multi_teacher_symbolic_pareto_10split\seed_51\Capacitance\exports\Capacitance\mlp_l\additive_spline_8\formula.va,2.264948719303321e-16,0.9949376597176564,4.617959457341967e-16,1.5797799342229852e-15,4.938754760447574e-16,0.9767726525914892,1.1446263645197114e-15,2.6753536189873248e-15,1.0,5000,1.0,1.0,1.8932661725304286e-29,1.6372333241937062e-07,False,False,False,False
Capacitance,51,tcad_direct,direct_tcad,polynomial,1,41600,6400,9600,6400,1e-08,2.018228596548219e-15,0.0041774000274017,0.0169692000490613,8,933,25,artifacts\results\multi_teacher_symbolic_pareto_10split\seed_51\Capacitance\exports\Capacitance\tcad_direct\polynomial_1\formula.json,artifacts\results\multi_teacher_symbolic_pareto_10split\seed_51\Capacitance\exports\Capacitance\tcad_direct\polynomial_1\formula.va,,,,,1.9728063111182408e-15,0.6293759562062564,5.0800513714447616e-15,7.313473181051405e-15,1.0,5000,1.0,1.0,6.310887241768096e-30,2.2188666819905242e-07,False,False,False,True
Capacitance,51,tcad_direct,direct_tcad,polynomial,2,41600,6400,9600,6400,1e-08,1.1048220549475194e-15,0.0154646000009961,0.0526342000230215,36,2022,53,artifacts\results\multi_teacher_symbolic_pareto_10split\seed_51\Capacitance\exports\Capacitance\tcad_direct\polynomial_2\formula.json,artifacts\results\multi_teacher_symbolic_pareto_10split\seed_51\Capacitance\exports\Capacitance\tcad_direct\polynomial_2\formula.va,,,,,1.079147367042184e-15,0.8891013641523132,2.3516590031171454e-15,3.820643607458466e-15,1.0,5000,1.0,1.0,6.310887241768096e-30,1.253589999396354e-06,False,False,False,True
Capacitance,51,tcad_direct,direct_tcad,polynomial,3,41600,6400,9600,6400,0.01,5.315922764549594e-16,0.0461942999972961,0.184236700006295,120,5278,137,artifacts\results\multi_teacher_symbolic_pareto_10split\seed_51\Capacitance\exports\Capacitance\tcad_direct\polynomial_3\formula.json,artifacts\results\multi_teacher_symbolic_pareto_10split\seed_51\Capacitance\exports\Capacitance\tcad_direct\polynomial_3\formula.va,,,,,5.170657543936829e-16,0.9745401263942371,1.0363373724219944e-15,1.7791979961602027e-15,1.0,5000,1.0,1.0,1.8932661725304286e-29,4.7029233324186255e-06,False,False,False,True
Capacitance,51,tcad_direct,direct_tcad,additive_spline,4,41600,6400,9600,6400,1e-08,2.943320004571767e-16,0.0296226000064052,0.1190616000094451,36,8604,227,artifacts\results\multi_teacher_symbolic_pareto_10split\seed_51\Capacitance\exports\Capacitance\tcad_direct\additive_spline_4\formula.json,artifacts\results\multi_teacher_symbolic_pareto_10split\seed_51\Capacitance\exports\Capacitance\tcad_direct\additive_spline_4\formula.va,,,,,2.9653473228926616e-16,0.9916263302283403,6.58944933885375e-16,2.8116909654810067e-15,1.0,5000,1.0,1.0,4.4176210692376655e-29,1.5330666792578999e-07,False,False,False,True
Capacitance,51,tcad_direct,direct_tcad,additive_spline,6,41600,6400,9600,6400,1e-08,2.558423069757038e-16,0.0337266999995335,0.1354997999151237,50,10210,269,artifacts\results\multi_teacher_symbolic_pareto_10split\seed_51\Capacitance\exports\Capacitance\tcad_direct\additive_spline_6\formula.json,artifacts\results\multi_teacher_symbolic_pareto_10split\seed_51\Capacitance\exports\Capacitance\tcad_direct\additive_spline_6\formula.va,,,,,2.617605916695771e-16,0.9934751096116384,4.502377071605241e-16,2.96519653045028e-15,1.0,5000,1.0,1.0,3.786532345060857e-29,1.605166665588816e-07,False,False,True,True
Capacitance,51,tcad_direct,direct_tcad,additive_spline,8,41600,6400,9600,6400,0.0001,2.496363029467167e-16,0.0426543999928981,0.1702236999408342,64,11748,311,artifacts\results\multi_teacher_symbolic_pareto_10split\seed_51\Capacitance\exports\Capacitance\tcad_direct\additive_spline_8\formula.json,artifacts\results\multi_teacher_symbolic_pareto_10split\seed_51\Capacitance\exports\Capacitance\tcad_direct\additive_spline_8\formula.va,,,,,2.561894968039384e-16,0.9937498946981372,4.294691471888151e-16,3.0012971115071927e-15,1.0,5000,1.0,1.0,3.1554436208840467e-29,2.320066657072554e-07,False,False,True,True
