domain,_row_id,_curve_id,light_voltage,trap_assisted_recomb_A,ge_sio2_recomb_velocity,ge_si_recomb_velocity,active_layer_length,simulation_temperature,net_photocurrent,y_true_model,model_mean,model_std,epistemic,aleatoric,raw_model_lower,raw_model_upper,model_lower,model_upper
calibration,9,13197426831660621428,-1.6,8.939439783837784e-10,2330.6189292196764,529.359956175692,38.57283152042447,302.4090006102026,0.000503328680800859,-3.298148321820902,-3.2970333,0.018245156641228426,0.004599317183517625,0.01765593424921255,-3.3327938169533313,-3.2612728029197156,-3.3327938169533313,-3.2612728029197156
calibration,18,4837710515318421738,-0.4,1.0991618704794608e-09,2475.161456337068,505.0064403774024,34.84085283436253,301.39850617403,0.00045138356096731483,-3.345454261632175,-3.3391492,0.018101610316454575,0.003794583523998305,0.01769941918019963,-3.374628392899328,-3.303670080458826,-3.374628392899328,-3.303670080458826
calibration,21,13753303497944442308,-2.2,1.0455070732925304e-09,2552.705145034877,518.1497095238773,37.60227540602951,298.4772867617408,0.0005027179215562952,-3.2986756321893287,-3.2923253,0.0179897380293276,0.0035922956372930635,0.01762742458721969,-3.327585144792487,-3.257065371717523,-3.327585144792487,-3.257065371717523
calibration,23,9985116505034206452,-0.2,1.018423641836786e-09,2420.2103352289205,495.3862399264609,39.18777263938059,307.5354074756815,0.00045054446822408086,-3.3462623382004435,-3.3374906,0.018644698180643886,0.005599348840937068,0.01778403973297611,-3.37403416705833,-3.3009469501902053,-3.37403416705833,-3.3009469501902053
calibration,24,11854955608364436255,-0.8,9.431291378149591e-10,2617.847164727645,540.4486468445567,38.69622270488729,301.9657628923453,0.00047263320502219255,-3.3254757701109074,-3.318556,0.018806381626640407,0.006103786657514973,0.0177883043221749,-3.355416578315974,-3.2816955623395434,-3.355416578315974,-3.2816955623395434
calibration,58,7311808897764695838,-1.2000000000000002,9.756514716409811e-10,2404.497548871577,500.9208966540563,41.62971960161597,300.52976098251094,0.0005069572054475994,-3.2950286998824065,-3.2966747,0.017965339027574283,0.003411221242998049,0.017638507472285424,-3.3318867928876004,-3.261462663899509,-3.3318867928876004,-3.261462663899509
calibration,72,7311808897764695838,-0.6000000000000001,9.756514716409811e-10,2404.497548871577,500.9208966540563,41.62971960161597,300.52976098251094,0.0004875609274237384,-3.311971105523271,-3.3166738,0.018187611183013146,0.004342461480759573,0.017661603124736268,-3.3523214735644578,-3.281026037727046,-3.3523214735644578,-3.281026037727046
calibration,82,7286060296444835846,-0.6000000000000001,9.973807555784963e-10,2483.6702561944007,499.2076886794748,40.248277237816566,302.09732544564235,0.0004788936367976517,-3.3197609335191522,-3.3240952,0.01814069691668811,0.004045849839137824,0.01768377646514442,-3.359651015132734,-3.2885394832193167,-3.359651015132734,-3.2885394832193167
calibration,94,3703347433873037581,-1.2000000000000002,1.0368980362030106e-09,2588.682974046272,505.298163800807,40.78433779833217,301.9145433801493,0.0004979159398404734,-3.3028439703826002,-3.3035345,0.018004925266068974,0.00342034626525632,0.017677064153151057,-3.33882416127296,-3.2682448542299696,-3.33882416127296,-3.2682448542299696
calibration,99,14219469232104377133,-0.8,9.570305915597544e-10,2609.011101819734,467.3507151496423,38.45876893881996,290.3471581734896,0.0004785156133632396,-3.320103887172669,-3.3200758,0.01818903060989144,0.004208606371854335,0.017695435952950936,-3.3557262503463394,-3.284425250355565,-3.3557262503463394,-3.284425250355565
calibration,100,11587428247216890986,0.0,1.0109417900146311e-09,2546.474062846718,483.0790058826933,38.96317500489286,311.33012415162744,0.0004277475316408,-3.3688124879186514,-3.344384,0.019337892014353947,0.007114004122213066,0.017981796809085827,-3.382286223349965,-3.3064816866536972,-3.382286223349965,-3.3064816866536972
calibration,109,14082706842164037214,0.0,1.011801650795657e-09,2503.197375042157,521.464297637573,42.04226242943757,288.6545802497056,0.0004550106762044,-3.3419784130961574,-3.3435647,0.018357515949488756,0.004611986041548707,0.017768735156946127,-3.379545480025036,-3.30758401750304,-3.379545480025036,-3.30758401750304
calibration,111,15180030701036252205,-1.8,1.0025105539620802e-09,2526.9743060678943,509.1946075584183,40.75166342427999,301.0515477079729,0.0005100992856128824,-3.2923452846919075,-3.2925885,0.017926720522782394,0.0032306559498100503,0.017633210802032014,-3.3277248445909864,-3.2574521001416796,-3.3277248445909864,-3.2574521001416796
calibration,112,11587428247216890986,-1.4,1.0109417900146311e-09,2546.474062846718,483.0790058826933,38.96317500489286,311.33012415162744,0.0004859658659275026,-3.3133942343589884,-3.3071446,0.0188341632803588,0.00628369554462881,0.01775502412415818,-3.344059601905724,-3.2702296818467174,-3.344059601905724,-3.2702296818467174
calibration,130,3703347433873037581,-0.6000000000000001,1.0368980362030106e-09,2588.682974046272,505.298163800807,40.78433779833217,301.9145433801493,0.00047822388628375863,-3.3203687355766776,-3.3227174,0.01819887196958096,0.0042008752267905505,0.017707388158122575,-3.3583872172677762,-3.2870476391470187,-3.3583872172677762,-3.2870476391470187
calibration,154,10954724855113224492,-0.6000000000000001,1.1396379394271226e-09,2408.4924726992253,490.0725825278824,43.06550150160359,292.35304316269765,0.000492740933986632,-3.3073813576234556,-3.3082666,0.018198170457274888,0.004724464897095007,0.017574209327267797,-3.3439350538057315,-3.272598225613214,-3.3439350538057315,-3.272598225613214
calibration,159,7311808897764695838,-1.0,9.756514716409811e-10,2404.497548871577,500.9208966540563,41.62971960161597,300.52976098251094,0.0005013977670594254,-3.299817604474191,-3.3016846,0.01801794235682753,0.003646949249814962,0.01764500024625494,-3.336999785015598,-3.2663694509768337,-3.336999785015598,-3.2663694509768337
calibration,168,14219469232104377133,-1.6,9.570305915597544e-10,2609.011101819734,467.3507151496423,38.45876893881996,290.3471581734896,0.0004993138800208056,-3.3016263611776964,-3.2995853,0.018060012907787436,0.003716617875283668,0.01767344934603433,-3.3349829677064897,-3.2641877171079634,-3.3349829677064897,-3.2641877171079634
calibration,173,4837710515318421738,-1.6,1.0991618704794608e-09,2475.161456337068,505.0064403774024,34.84085283436253,301.39850617403,0.0004866292192634076,-3.3128018177564496,-3.3029363,0.01803881234793321,0.0037436507024667127,0.017646071440405763,-3.338292387738448,-3.26758024333455,-3.338292387738448,-3.26758024333455
calibration,178,3483175946691254694,-1.8,8.89459518994858e-10,2383.601346469497,502.4892009812192,38.55163090195673,309.2198732722366,0.0005061357484643532,-3.2957329873058883,-3.3022444,0.018514934806286482,0.005423896954221081,0.017702659258620485,-3.3385336970402677,-3.265955152599625,-3.3385336970402677,-3.265955152599625
calibration,183,11587428247216890986,-2.0,1.0109417900146311e-09,2546.474062846718,483.0790058826933,38.96317500489286,311.33012415162744,0.0004976589914220411,-3.3030681449358807,-3.3002708,0.018797770436912078,0.0062612225474352416,0.017724368288725336,-3.3371144258784913,-3.263427165765796,-3.3371144258784913,-3.263427165765796
calibration,184,2216844718377656366,-1.6,1.2225745089622023e-09,2432.279761567632,478.07469592026655,37.79561575023349,300.3431374384869,0.0005019514868191744,-3.2993382550160364,-3.2978356,0.018262404254940696,0.004919463553637908,0.017587332401899934,-3.3336299007948837,-3.2620412761155166,-3.3336299007948837,-3.2620412761155166
calibration,186,12981595077382156139,-1.0,1.032683367538443e-09,2526.170348943833,478.8149532207128,42.09307571557734,293.4443281911712,0.0004979460049762025,-3.30281774762629,-3.3038895,0.018062056882492183,0.0038769493960356593,0.017641064964091915,-3.339291144505432,-3.2684878815260623,-3.339291144505432,-3.2684878815260623
calibration,192,5637171177688138856,-1.4,1.0663734802785015e-09,2646.766281337793,486.2018595083384,41.79339850063371,299.641349014439,0.0005078103633758176,-3.294298440305531,-3.2974946,0.018192523030868442,0.0042604145066275426,0.017686626674316037,-3.333151995027587,-3.261837304746583,-3.333151995027587,-3.261837304746583
calibration,195,7286060296444835846,-0.4,9.973807555784963e-10,2483.6702561944007,499.2076886794748,40.248277237816566,302.09732544564235,0.0004699828564809443,-3.32791798349304,-3.3344038,0.01816802940065657,0.004077275003938706,0.0177046073431539,-3.3700130909059265,-3.298794415655353,-3.3700130909059265,-3.298794415655353
calibration,197,13344013943894260190,-2.0,8.220747042076196e-10,2489.354974528123,536.8974000619587,36.589080383233394,294.68809277779184,0.0004982916786082551,-3.302516365417128,-3.2967076,0.01845502489832016,0.005367163408180186,0.01765733601211192,-3.332879478958178,-3.2605357813567633,-3.332879478958178,-3.2605357813567633
calibration,209,11854955608364436255,-1.2000000000000002,9.431291378149591e-10,2617.847164727645,540.4486468445567,38.69622270488729,301.9657628923453,0.00048450460078803577,-3.314702094593877,-3.3085618,0.018748525787081072,0.006024195922738785,0.017754331443841573,-3.3453089124530795,-3.2718146913677213,-3.3453089124530795,-3.2718146913677213
calibration,230,9029148243980292461,-1.4,1.0073410050818803e-09,2574.374612551252,485.6872921198837,42.17824256593523,298.72995545788456,0.0005036825576826699,-3.297843088319037,-3.2925932,0.018098795435240816,0.00400724931375306,0.01764959792762784,-3.328066879790987,-3.257119601684843,-3.328066879790987,-3.257119601684843
calibration,242,13197426831660621428,-1.8,8.939439783837784e-10,2330.6189292196764,529.359956175692,38.57283152042447,302.4090006102026,0.0005071667464912835,-3.294849229670456,-3.2943056,0.01823205123057522,0.004592772679324096,0.017644095598191176,-3.33004038338495,-3.258570742561095,-3.33004038338495,-3.258570742561095
calibration,261,7296031158140813817,-0.4,8.058950792540601e-10,2412.212725535436,472.1154567367515,38.858183000543626,295.7855807653235,0.0004641143057643145,-3.333375044770482,-3.3336167,0.01805093614604303,0.003552076965267042,0.01769799596818299,-3.36899656839727,-3.298236898704781,-3.36899656839727,-3.298236898704781
calibration,266,14219469232104377133,-0.4,9.570305915597544e-10,2609.011101819734,467.3507151496423,38.45876893881996,290.3471581734896,0.0004625464396849268,-3.334844657548923,-3.3376122,0.01824291836275545,0.004226908462023079,0.017746473496643326,-3.37336827209061,-3.3018560321086086,-3.37336827209061,-3.3018560321086086
calibration,270,3703347433873037581,-2.0,1.0368980362030106e-09,2588.682974046272,505.298163800807,40.78433779833217,301.9145433801493,0.0005148925591731241,-3.2882833842135546,-3.2908301,0.018005281069073134,0.0035615723002264503,0.017649514654584312,-3.3261204862408422,-3.2555397844500757,-3.3261204862408422,-3.2555397844500757
calibration,278,11587428247216890986,-0.2,1.0109417900146311e-09,2546.474062846718,483.0790058826933,38.96317500489286,311.33012415162744,0.00044227723613024836,-3.354305413055076,-3.3378603,0.01911363013785991,0.006648207521257103,0.017920160878035496,-3.3753230609106595,-3.3003976307702487,-3.3753230609106595,-3.3003976307702487
calibration,280,3141391476646313355,-1.6,1.0375673846448864e-09,2379.4103992541063,496.85223216497695,39.047727684139495,305.18782525816323,0.000502914559978882,-3.2985057908516313,-3.2948864,0.01810978873869912,0.004045862140837436,0.017652065837826903,-3.330381536559564,-3.259391164703864,-3.330381536559564,-3.259391164703864
calibration,281,7286060296444835846,-1.2000000000000002,9.973807555784963e-10,2483.6702561944007,499.2076886794748,40.248277237816566,302.09732544564235,0.0004982037204577531,-3.3025930335874705,-3.3036242,0.017964372555584262,0.0033266498970200187,0.01765366947477118,-3.3388343233461524,-3.2684139829282617,-3.3388343233461524,-3.2684139829282617
calibration,283,13753303497944442308,-0.2,1.0455070732925304e-09,2552.705145034877,518.1497095238773,37.60227540602951,298.4772867617408,0.00044574039645888685,-3.350918004989045,-3.344983,0.018168382680235167,0.003862365258003463,0.01775309118017814,-3.380593130944374,-3.3093730708378524,-3.380593130944374,-3.3093730708378524
calibration,284,5637171177688138856,-1.0,1.0663734802785015e-09,2646.766281337793,486.2018595083384,41.79339850063371,299.641349014439,0.0004971293203384632,-3.3035306217218263,-3.306743,0.018215488726902877,0.0042874596355101996,0.017703720359069062,-3.342445264475164,-3.271040548665705,-3.342445264475164,-3.271040548665705
calibration,287,7296031158140813817,-1.0,8.058950792540601e-10,2412.212725535436,472.1154567367515,38.858183000543626,295.7855807653235,0.0004864426810215751,-3.3129683265829,-3.3116453,0.017999544061059258,0.003541555857816919,0.01764769021790341,-3.346924375753597,-3.2763661630342447,-3.346924375753597,-3.2763661630342447
calibration,294,15180030701036252205,0.0,1.0025105539620802e-09,2526.9743060678943,509.1946075584183,40.75166342427999,301.0515477079729,0.0004423526315813,-3.3542313847419325,-3.3493974,0.01820028508789535,0.0038566342431252958,0.017786982047180717,-3.3850699796554538,-3.3137248621109037,-3.3850699796554538,-3.3137248621109037
calibration,304,9029148243980292461,-0.4,1.0073410050818803e-09,2574.374612551252,485.6872921198837,42.17824256593523,298.72995545788456,0.00047023054931214696,-3.3276891596289597,-3.3254235,0.018340510584630383,0.004757516409670221,0.017712717632908284,-3.361370879826076,-3.2894760783343244,-3.361370879826076,-3.2894760783343244
calibration,308,9029148243980292461,-0.6000000000000001,1.0073410050818803e-09,2574.374612551252,485.6872921198837,42.17824256593523,298.72995545788456,0.00047921143532095805,-3.319472827017878,-3.31499,0.01824952973772636,0.004515927746986922,0.0176819595987402,-3.3507591219260804,-3.279220965354193,-3.3507591219260804,-3.279220965354193
calibration,314,13344013943894260190,-1.4,8.220747042076196e-10,2489.354974528123,536.8974000619587,36.589080383233394,294.68809277779184,0.00048692298439809823,-3.3125397248139983,-3.3054898,0.018535684934677995,0.0055880861618000845,0.017673281538234498,-3.3418197209906455,-3.269159836046708,-3.3418197209906455,-3.269159836046708
calibration,320,11587428247216890986,-1.2000000000000002,1.0109417900146311e-09,2546.474062846718,483.0790058826933,38.96317500489286,311.33012415162744,0.0004810958706831189,-3.3177683706950907,-3.3106956,0.018823771813896897,0.006212705905878703,0.017768979929225586,-3.3475902409485974,-3.2738010554381214,-3.3475902409485974,-3.2738010554381214
calibration,332,2832837163574657009,-2.0,1.0574423663675307e-09,2585.038533860248,471.3266920396063,42.543125490608695,301.3994726877767,0.0005121463069860538,-3.2906059545711845,-3.2869592,0.01815318534979155,0.004337592846567018,0.017627348884452845,-3.3225394145807576,-3.2513789280095744,-3.3225394145807576,-3.2513789280095744
calibration,333,5637171177688138856,-0.2,1.0663734802785015e-09,2646.766281337793,486.2018595083384,41.79339850063371,299.641349014439,0.0004624624199167742,-3.334923552624145,-3.3386467,0.018421335905362494,0.004805777869816861,0.01778342275542634,-3.3747524686888415,-3.3025408319398206,-3.3747524686888415,-3.3025408319398206
calibration,337,14082706842164037214,-0.4,1.011801650795657e-09,2503.197375042157,521.464297637573,42.04226242943757,288.6545802497056,0.0004804984147090595,-3.318308040845058,-3.3276393,0.018251270901363734,0.004490256938750652,0.017690293211656775,-3.363411832321043,-3.2918668503876973,-3.363411832321043,-3.2918668503876973
calibration,338,9985116505034206452,-1.4,1.018423641836786e-09,2420.2103352289205,495.3862399264609,39.18777263938059,307.5354074756815,0.0004935319424869796,-3.306684733578142,-3.3006885,0.018322874363381654,0.004845499427007283,0.017670565070617632,-3.3366013389249574,-3.2647756714205016,-3.3366013389249574,-3.2647756714205016
calibration,340,3483175946691254694,-0.2,8.89459518994858e-10,2383.601346469497,502.4892009812192,38.55163090195673,309.2198732722366,0.00045383164179487644,-3.343105227759478,-3.341515,0.018936451597203523,0.006240537397251935,0.017878615199592364,-3.378630509370021,-3.304399619108983,-3.378630509370021,-3.304399619108983
calibration,364,13753303497944442308,0.0,1.0455070732925304e-09,2552.705145034877,518.1497095238773,37.60227540602951,298.4772867617408,0.0004318379847613,-3.3646791594851533,-3.3500528,0.018235648373713016,0.0039540034572662355,0.017801817266056272,-3.3857947043696064,-3.3143109627446514,-3.3857947043696064,-3.3143109627446514
calibration,368,7311808897764695838,-0.2,9.756514716409811e-10,2404.497548871577,500.9208966540563,41.62971960161597,300.52976098251094,0.0004676381706253879,-3.330090047092311,-3.337743,0.01816724587701975,0.004017535427197776,0.01771745536439984,-3.3733508458184946,-3.3021352419805776,-3.3733508458184946,-3.3021352419805776
calibration,370,10954724855113224492,-0.2,1.1396379394271226e-09,2408.4924726992253,490.0725825278824,43.06550150160359,292.35304316269765,0.0004728914515534509,-3.325238536643742,-3.326365,0.01822493264706647,0.004596681780946923,0.017635722872178402,-3.3620858620373224,-3.290644126060822,-3.3620858620373224,-3.290644126060822
calibration,385,7286060296444835846,-1.4,9.973807555784963e-10,2483.6702561944007,499.2076886794748,40.248277237816566,302.09732544564235,0.0005030885930867965,-3.2983555296542195,-3.2988875,0.017959795061615855,0.003313941925892735,0.01765140217690425,-3.3340886895469635,-3.263686292905429,-3.3340886895469635,-3.263686292905429
calibration,398,9985116505034206452,-0.4,1.018423641836786e-09,2420.2103352289205,495.3862399264609,39.18777263938059,307.5354074756815,0.0004612027636791662,-3.3361080989336798,-3.3282993,0.0184940193935207,0.005198057305894766,0.017748492237092458,-3.364547561992624,-3.2920510059700225,-3.364547561992624,-3.2920510059700225
calibration,412,16519722322841066187,-0.8,1.0933784852654091e-09,2410.884334287086,539.0569290920441,39.62193192256099,289.3285700165644,0.0004902588904511418,-3.3095745220072184,-3.3070261,0.018496446928910778,0.005603489151426959,0.017627236592015365,-3.343279183823072,-3.2707731118617422,-3.343279183823072,-3.2707731118617422
calibration,416,16519722322841066187,-0.6000000000000001,1.0933784852654091e-09,2410.884334287086,539.0569290920441,39.62193192256099,289.3285700165644,0.00048317638484217417,-3.3158942999319523,-3.3134062,0.018472639670451613,0.005521928252143696,0.017628010021949938,-3.34961260277325,-3.27719985526508,-3.34961260277325,-3.27719985526508
calibration,420,10954724855113224492,-1.2000000000000002,1.1396379394271226e-09,2408.4924726992253,490.0725825278824,43.06550150160359,292.35304316269765,0.0005119236113452848,-3.2907948391145605,-3.2918825,0.01803650593697008,0.004071239285423997,0.017571014670507045,-3.3272340665900746,-3.256530963317152,-3.3272340665900746,-3.256530963317152
calibration,436,13344013943894260190,-0.8,8.220747042076196e-10,2489.354974528123,536.8974000619587,36.589080383233394,294.68809277779184,0.0004707902665297778,-3.32717252466485,-3.3204186,0.018568471802997456,0.005635311440325568,0.01769269425107846,-3.3568128010015754,-3.284024391533825,-3.3568128010015754,-3.284024391533825
calibration,446,11854955608364436255,-2.0,9.431291378149591e-10,2617.847164727645,540.4486468445567,38.69622270488729,301.9657628923453,0.0005012952271863996,-3.299906430269207,-3.2968917,0.018669823928958895,0.005917282797696381,0.0177072884828129,-3.3334845442012964,-3.260298834399778,-3.3334845442012964,-3.260298834399778
calibration,449,14219469232104377133,-1.8,9.570305915597544e-10,2609.011101819734,467.3507151496423,38.45876893881996,290.3471581734896,0.0005031921898060951,-3.2982661083228013,-3.2966993,0.018060708111529607,0.0037114246654782767,0.01767525107188518,-3.3320982734058,-3.2613002976086043,-3.3320982734058,-3.2613002976086043
calibration,466,7286060296444835846,-1.6,9.973807555784963e-10,2483.6702561944007,499.2076886794748,40.248277237816566,302.09732544564235,0.0005074282072349194,-3.294625394611368,-3.2949226,0.017953477665722854,0.0032955127181613334,0.017648427058167344,-3.330111406480554,-3.2597337740309205,-3.330111406480554,-3.2597337740309205
calibration,494,16519722322841066187,-1.2000000000000002,1.0933784852654091e-09,2410.884334287086,539.0569290920441,39.62193192256099,289.3285700165644,0.0005015938268414597,-3.299647817044141,-3.2972748,0.01846525108040779,0.005500985081696736,0.01762681644165939,-3.3334667200747528,-3.261082935839554,-3.3334667200747528,-3.261082935839554
calibration,507,5637171177688138856,0.0,1.0663734802785015e-09,2646.766281337793,486.2018595083384,41.79339850063371,299.641349014439,0.0004473117350032,-3.349389708175917,-3.3457766,0.01844380700998689,0.004734290485374765,0.01782583901568816,-3.3819264196619376,-3.309626696182789,-3.3819264196619376,-3.309626696182789
calibration,521,15180030701036252205,-2.2,1.0025105539620802e-09,2526.9743060678943,509.1946075584183,40.75166342427999,301.0515477079729,0.0005169247488311222,-3.286572674596697,-3.2897115,0.017920101577534802,0.003268263822664593,0.017619548976042513,-3.324834874464283,-3.254588076280346,-3.324834874464283,-3.254588076280346
calibration,526,3141391476646313355,-0.6000000000000001,1.0375673846448864e-09,2379.4103992541063,496.85223216497695,39.047727684139495,305.18782525816323,0.0004751403560036449,-3.3231780812512377,-3.3206568,0.018214099581131318,0.004355952975523676,0.01768556178872912,-3.35635641160724,-3.284957141249205,-3.35635641160724,-3.284957141249205
calibration,550,5637171177688138856,-0.8,1.0663734802785015e-09,2646.766281337793,486.2018595083384,41.79339850063371,299.641349014439,0.0004906075916252338,-3.3092657358372586,-3.3124206,0.018260168499893283,0.004441911259275899,0.017711667887874736,-3.34821053687295,-3.2766306763533684,-3.34821053687295,-3.2766306763533684
calibration,553,10954724855113224492,0.0,1.1396379394271226e-09,2408.4924726992253,490.0725825278824,43.06550150160359,292.35304316269765,0.0004583574547372,-3.338795700880053,-3.3334286,0.018241638985995814,0.004544134597912415,0.017666585628507283,-3.369182233704666,-3.2976750088795623,-3.369182233704666,-3.2976750088795623
calibration,556,13753303497944442308,-1.4,1.0455070732925304e-09,2552.705145034877,518.1497095238773,37.60227540602951,298.4772867617408,0.00048817823263847584,-3.3114215892280314,-3.3019562,0.01809166297289148,0.0038744773852700583,0.01767191762671855,-3.3374158361846797,-3.2664965173309453,-3.3374158361846797,-3.2664965173309453
calibration,571,14082706842164037214,-0.8,1.011801650795657e-09,2503.197375042157,521.464297637573,42.04226242943757,288.6545802497056,0.000496768669857078,-3.303845801996625,-3.3108325,0.018194203632292343,0.0043743585261404394,0.017660523098595983,-3.3464931395770567,-3.2751718613384706,-3.3464931395770567,-3.2751718613384706
calibration,580,14082706842164037214,-2.2,1.011801650795657e-09,2503.197375042157,521.464297637573,42.04226242943757,288.6545802497056,0.0005282960413312455,-3.2771226435898675,-3.2860885,0.018064307778092963,0.00407217232202533,0.017599336337295584,-3.3214945098893494,-3.250682423399225,-3.3214945098893494,-3.250682423399225
calibration,594,14219469232104377133,-0.2,9.570305915597544e-10,2609.011101819734,467.3507151496423,38.45876893881996,290.3471581734896,0.0004518729252914784,-3.344983679356483,-3.3450327,0.01816972514263384,0.0037277695236959496,0.017783212049391962,-3.3806453532351286,-3.309420030676004,-3.3806453532351286,-3.309420030676004
calibration,623,9985116505034206452,-0.8,1.018423641836786e-09,2420.2103352289205,495.3862399264609,39.18777263938059,307.5354074756815,0.0004771802879021483,-3.3213175051361126,-3.3145115,0.01834942710885164,0.004849400642925231,0.01769702823448019,-3.3504764146852293,-3.2785466604185305,-3.3504764146852293,-3.2785466604185305
calibration,628,10954724855113224492,-1.6,1.1396379394271226e-09,2408.4924726992253,490.0725825278824,43.06550150160359,292.35304316269765,0.0005211179407591377,-3.2830639749265584,-3.2858396,0.018018997148712204,0.003955344657952127,0.017579519876361794,-3.321156792059181,-3.250522323236229,-3.321156792059181,-3.250522323236229
calibration,630,3141391476646313355,-1.0,1.0375673846448864e-09,2379.4103992541063,496.85223216497695,39.047727684139495,305.18782525816323,0.0004885181480757585,-3.311119297937512,-3.3084207,0.018164366648454177,0.004227767372998546,0.01766550812579256,-3.3440228167425423,-3.272818499480602,-3.3440228167425423,-3.272818499480602
calibration,636,13197426831660621428,-1.0,8.939439783837784e-10,2330.6189292196764,529.359956175692,38.57283152042447,302.4090006102026,0.0004889145511478303,-3.310767037006636,-3.3099132,0.018345168828216754,0.004912177477757518,0.01767528513813026,-3.345869689320053,-3.273956627513443,-3.345869689320053,-3.273956627513443
calibration,641,9029148243980292461,-0.8,1.0073410050818803e-09,2574.374612551252,485.6872921198837,42.17824256593523,298.72995545788456,0.0004867211276838009,-3.3127198014093837,-3.307244,0.018136667006066528,0.004097826727995452,0.01766766943978591,-3.3427919297555966,-3.2716961950918155,-3.3427919297555966,-3.2716961950918155
calibration,642,3703347433873037581,-0.2,1.0368980362030106e-09,2588.682974046272,505.298163800807,40.78433779833217,301.9145433801493,0.000457874230174913,-3.339253798507182,-3.343995,0.018251776848188798,0.0041516334158133005,0.017773330314893462,-3.3797685769217662,-3.3082216116768666,-3.3797685769217662,-3.3082216116768666
calibration,678,14082706842164037214,-1.0,1.011801650795657e-09,2503.197375042157,521.464297637573,42.04226242943757,288.6545802497056,0.0005030689125295023,-3.2983725193549116,-3.3045645,0.018193941196033955,0.004428973656422527,0.017646632902593176,-3.34022460075741,-3.268904351268957,-3.34022460075741,-3.268904351268957
calibration,683,2216844718377656366,-0.6000000000000001,1.2225745089622023e-09,2432.279761567632,478.07469592026655,37.79561575023349,300.3431374384869,0.00047464492664514823,-3.3236311568252925,-3.320329,0.018360332092415294,0.0052078289559531485,0.017606256831897763,-3.356315201783092,-3.284342699980824,-3.356315201783092,-3.284342699980824
calibration,729,14219469232104377133,-1.4,9.570305915597544e-10,2609.011101819734,467.3507151496423,38.45876893881996,290.3471581734896,0.000495001561944421,-3.305393430676991,-3.3035097,0.01804433991162549,0.0036372034648685836,0.0176739616014233,-3.338876618446024,-3.2681428059924524,-3.338876618446024,-3.2681428059924524
calibration,740,13197426831660621428,-0.6000000000000001,8.939439783837784e-10,2330.6189292196764,529.359956175692,38.57283152042447,302.4090006102026,0.0004754841043806632,-3.322863997118059,-3.3234594,0.018456056979374778,0.005192353417841383,0.0177106042640006,-3.359633258505136,-3.287285515145987,-3.359633258505136,-3.287285515145987
calibration,753,5637171177688138856,-2.2,1.0663734802785015e-09,2646.766281337793,486.2018595083384,41.79339850063371,299.641349014439,0.0005231108594789353,-3.281406264176684,-3.2882533,0.01828092998369982,0.004655793971007646,0.01767812146846129,-3.324083930110581,-3.2524226845744777,-3.324083930110581,-3.2524226845744777
calibration,756,2216844718377656366,-2.2,1.2225745089622023e-09,2432.279761567632,478.07469592026655,37.79561575023349,300.3431374384869,0.0005121022633766201,-3.290643304677605,-3.2930417,0.018192313586546844,0.0047149588375769635,0.017570697980599088,-3.328698640714837,-3.2573847714555733,-3.328698640714837,-3.2573847714555733
calibration,764,16519722322841066187,-0.2,1.0933784852654091e-09,2410.884334287086,539.0569290920441,39.62193192256099,289.3285700165644,0.0004642684137677882,-3.333230862301911,-3.3300347,0.01863922613231396,0.005870829056536298,0.017690508964542273,-3.3665676160379387,-3.2935018495992683,-3.3665676160379387,-3.2935018495992683
calibration,768,15180030701036252205,-0.8,1.0025105539620802e-09,2526.9743060678943,509.1946075584183,40.75166342427999,301.0515477079729,0.0004848567742809111,-3.3143865321724912,-3.3156557,0.018097812560984645,0.003893244101170299,0.01767408903441415,-3.351127420932518,-3.2801839956934584,-3.351127420932518,-3.2801839956934584
calibration,779,5637171177688138856,-2.0,1.0663734802785015e-09,2646.766281337793,486.2018595083384,41.79339850063371,299.641349014439,0.0005198246141885365,-3.284143160092475,-3.2892518,0.018259012770986155,0.004561321333983015,0.01768009857238866,-3.3250394693829395,-3.253464139320674,-3.3250394693829395,-3.253464139320674
calibration,780,13753303497944442308,-0.4,1.0455070732925304e-09,2552.705145034877,518.1497095238773,37.60227540602951,298.4772867617408,0.00045625030926803425,-3.3407968281500326,-3.3372061,0.018174442686720905,0.004018710081796615,0.017724568901057468,-3.3728280329253724,-3.3015842175934265,-3.3728280329253724,-3.3015842175934265
calibration,784,7286060296444835846,0.0,9.973807555784963e-10,2483.6702561944007,499.2076886794748,40.248277237816566,302.09732544564235,0.0004442655288113,-3.352357382972991,-3.3478541,0.01817356453462553,0.003794472177845408,0.017773024980400533,-3.3834743239085205,-3.312233950932788,-3.3834743239085205,-3.312233950932788
calibration,791,7296031158140813817,-1.8,8.058950792540601e-10,2412.212725535436,472.1154567367515,38.858183000543626,295.7855807653235,0.0005048732624256817,-3.2968176284894213,-3.294773,0.017953473880584513,0.0033720901673889975,0.01763395016572151,-3.329961910612586,-3.259584293000695,-3.329961910612586,-3.259584293000695
calibration,798,10954724855113224492,-1.0,1.1396379394271226e-09,2408.4924726992253,490.0725825278824,43.06550150160359,292.35304316269765,0.0005064274432641496,-3.2954827679684864,-3.2960265,0.01808902094632868,0.004314340741731364,0.01756698980673659,-3.3314809493317816,-3.2605719872221735,-3.3314809493317816,-3.2605719872221735
calibration,800,3483175946691254694,-1.4,8.89459518994858e-10,2383.601346469497,502.4892009812192,38.55163090195673,309.2198732722366,0.0004979007927618386,-3.3028571822366555,-3.3080466,0.01854327413705395,0.0054585322317642765,0.01772166569994906,-3.3443913966695877,-3.271701762052336,-3.3443913966695877,-3.271701762052336
calibration,804,16519722322841066187,-1.4,1.0933784852654091e-09,2410.884334287086,539.0569290920441,39.62193192256099,289.3285700165644,0.0005062759169128798,-3.2956127311172194,-3.2934752,0.018454222448991628,0.0054830693910670825,0.017620847278493862,-3.3296454270620353,-3.257304875061988,-3.3296454270620353,-3.257304875061988
calibration,806,14219469232104377133,-2.2,9.570305915597544e-10,2609.011101819734,467.3507151496423,38.45876893881996,290.3471581734896,0.0005098974350971137,-3.292517172629451,-3.2938151,0.018055822759642706,0.003746291151888538,0.017662900165474837,-3.3292045485647104,-3.2584257233469107,-3.3292045485647104,-3.2584257233469107
calibration,807,4837710515318421738,-2.0,1.0991618704794608e-09,2475.161456337068,505.0064403774024,34.84085283436253,301.39850617403,0.0004937055453568354,-3.3065319947080596,-3.2975485,0.018012216704228683,0.00368958788695438,0.01763028362838077,-3.33285247722625,-3.262244587745674,-3.33285247722625,-3.262244587745674
calibration,823,2832837163574657009,-1.0,1.0574423663675307e-09,2585.038533860248,471.3266920396063,42.543125490608695,301.3994726877767,0.0004895787073451385,-3.3101774786966436,-3.3041103,0.018144623366861668,0.0042362631160074386,0.017643168239297354,-3.339673750419044,-3.268546826820946,-3.339673750419044,-3.268546826820946
calibration,825,4837710515318421738,-0.6000000000000001,1.0991618704794608e-09,2475.161456337068,505.0064403774024,34.84085283436253,301.39850617403,0.00045971510641341446,-3.3375112249331935,-3.3319247,0.018153451571188278,0.004118491059917876,0.017680097310675876,-3.3675054419746706,-3.2963439118156126,-3.3675054419746706,-3.2963439118156126
calibration,827,2832837163574657009,-0.2,1.0574423663675307e-09,2585.038533860248,471.3266920396063,42.543125490608695,301.3994726877767,0.00045573547492723857,-3.341287164163879,-3.337648,0.018323453489548,0.004590150524737591,0.017739207292739236,-3.373561883725989,-3.3017339460469604,-3.373561883725989,-3.3017339460469604
calibration,838,12981595077382156139,0.0,1.032683367538443e-09,2526.170348943833,478.8149532207128,42.09307571557734,293.4443281911712,0.0004493822152347,-3.34738411922946,-3.343135,0.018139568945462155,0.003774966098255673,0.017742423398617257,-3.378688673617603,-3.307581563351391,-3.378688673617603,-3.307581563351391
calibration,854,14082706842164037214,-1.4,1.011801650795657e-09,2503.197375042157,521.464297637573,42.04226242943757,288.6545802497056,0.0005134152656439324,-3.289531222368202,-3.2948368,0.01812516270893204,0.004204734490758539,0.01763070504044953,-3.3303620784767674,-3.259311440657754,-3.3303620784767674,-3.259311440657754
calibration,863,14082706842164037214,-1.2000000000000002,1.011801650795657e-09,2503.197375042157,521.464297637573,42.04226242943757,288.6545802497056,0.0005085628464358359,-3.293655370816397,-3.2992542,0.01814835425155422,0.004316601415606196,0.017627526785954927,-3.334824953333901,-3.263683404667808,-3.334824953333901,-3.263683404667808
calibration,870,10954724855113224492,-2.2,1.1396379394271226e-09,2408.4924726992253,490.0725825278824,43.06550150160359,292.35304316269765,0.0005317287815399153,-3.2743098314562418,-3.281977,0.018023833293800653,0.004034854327682155,0.01756640311029356,-3.31730365150353,-3.246650224991831,-3.31730365150353,-3.246650224991831
calibration,877,9985116505034206452,-0.6000000000000001,1.018423641836786e-09,2420.2103352289205,495.3862399264609,39.18777263938059,307.5354074756815,0.00046989977379536705,-3.327994764041631,-3.3205307,0.018384529220123697,0.004916326304808679,0.017714983669062434,-3.35656433027132,-3.2844969757284357,-3.35656433027132,-3.2844969757284357
calibration,887,14219469232104377133,0.0,9.570305915597544e-10,2609.011101819734,467.3507151496423,38.45876893881996,290.3471581734896,0.0004377196346672,-3.358803971923865,-3.3495903,0.01822248997112302,0.0037733227173588017,0.017827539804516554,-3.385306381857073,-3.3138742211702708,-3.385306381857073,-3.3138742211702708
calibration,933,9029148243980292461,-1.2000000000000002,1.0073410050818803e-09,2574.374612551252,485.6872921198837,42.17824256593523,298.72995545788456,0.0004987305513230445,-3.3021340268796724,-3.2968843,0.01809329058237859,0.0039988481992027205,0.017645860734371386,-3.332347147866047,-3.261421448783123,-3.332347147866047,-3.261421448783123
calibration,959,13753303497944442308,-1.8,1.0455070732925304e-09,2552.705145034877,518.1497095238773,37.60227540602951,298.4772867617408,0.0004961851998753013,-3.304356193929888,-3.2952206,0.018015432810106705,0.003618045618006324,0.01764838542164558,-3.330530861787423,-3.2599103651718053,-3.330530861787423,-3.2599103651718053
calibration,973,7286060296444835846,-1.8,9.973807555784963e-10,2483.6702561944007,499.2076886794748,40.248277237816566,302.09732544564235,0.0005113174931940754,-3.2913093489364815,-3.292068,0.017932116868345477,0.0032276205842878634,0.01763925314453882,-3.3272149536701114,-3.256921055546197,-3.3272149536701114,-3.256921055546197
calibration,983,13344013943894260190,-1.6,8.220747042076196e-10,2489.354974528123,536.8974000619587,36.589080383233394,294.68809277779184,0.0004911294630398624,-3.3088040115987623,-3.301702,0.018555309615269116,0.0056601249147273484,0.01767095115472853,-3.338070429398418,-3.2653336157065627,-3.338070429398418,-3.2653336157065627
calibration,987,3141391476646313355,0.0,1.0375673846448864e-09,2379.4103992541063,496.85223216497695,39.047727684139495,305.18782525816323,0.000441682691477,-3.354889619404307,-3.3461812,0.01839800178919609,0.00471024381691546,0.017784828303464048,-3.382241237757923,-3.310121070744274,-3.382241237757923,-3.310121070744274
calibration,989,2216844718377656366,-0.2,1.2225745089622023e-09,2432.279761567632,478.07469592026655,37.79561575023349,300.3431374384869,0.00045557849034871833,-3.341436788858479,-3.333718,0.01818845526886344,0.004371615247126986,0.017655278158566583,-3.3693674337741157,-3.2980686891201714,-3.3693674337741157,-3.2980686891201714
calibration,1005,11854955608364436255,-1.0,9.431291378149591e-10,2617.847164727645,540.4486468445567,38.69622270488729,301.9657628923453,0.0004789631723949206,-3.31969787831935,-3.3131902,0.018800849016097004,0.006131585975212297,0.017772887453707434,-3.3500398858580493,-3.2763405577149487,-3.3500398858580493,-3.2763405577149487
calibration,1008,13197426831660621428,-2.0,8.939439783837784e-10,2330.6189292196764,529.359956175692,38.57283152042447,302.4090006102026,0.0005106413097154533,-3.2918840546790955,-3.2924767,0.018213290823238883,0.0045322423240978585,0.017640372283775307,-3.328174704066283,-3.256778604039186,-3.328174704066283,-3.256778604039186
calibration,1021,3141391476646313355,-1.8,1.0375673846448864e-09,2379.4103992541063,496.85223216497695,39.047727684139495,305.18782525816323,0.000506723286165846,-3.2952291375073193,-3.2919874,0.018090518599399377,0.0039986466405860024,0.017643063517136556,-3.3274448355832407,-3.2565300026735953,-3.3274448355832407,-3.2565300026735953
calibration,1023,7296031158140813817,-1.4,8.058950792540601e-10,2412.212725535436,472.1154567367515,38.858183000543626,295.7855807653235,0.000496728625136976,-3.303880812058689,-3.301433,0.01795428011505138,0.003319682403616758,0.01764471257574094,-3.3366234754207644,-3.266242697369763,-3.3366234754207644,-3.266242697369763
calibration,1042,11854955608364436255,-0.6000000000000001,9.431291378149591e-10,2617.847164727645,540.4486468445567,38.69622270488729,301.9657628923453,0.0004652336815274731,-3.3323288511834646,-3.324982,0.018827341199353517,0.006084634488360227,0.01781701333478711,-3.361883516622437,-3.288080339120971,-3.361883516622437,-3.288080339120971
calibration,1051,11587428247216890986,-1.0,1.0109417900146311e-09,2546.474062846718,483.0790058826933,38.96317500489286,311.33012415162744,0.0004755841756813486,-3.3227726042816963,-3.3146706,0.018820777769468278,0.006171577854365987,0.01778013851705816,-3.3515592871722983,-3.277781838315983,-3.3515592871722983,-3.277781838315983
calibration,1059,2804036452383970560,-0.8,9.34880998874723e-10,2658.424632928369,469.5577205631138,37.334947088248434,294.43440760000914,0.00047128111937950074,-3.3267199587414167,-3.3260932,0.018369786106281132,0.004718909891149748,0.017753335952457594,-3.3620979776372075,-3.2900884161005854,-3.3620979776372075,-3.2900884161005854
calibration,1085,15180030701036252205,-0.6000000000000001,1.0025105539620802e-09,2526.9743060678943,509.1946075584183,40.75166342427999,301.0515477079729,0.0004773595086487957,-3.321154422187644,-3.324792,0.018166472447085177,0.004123470409406938,0.017692305643542003,-3.3603981942604473,-3.289185622267873,-3.3603981942604473,-3.289185622267873
calibration,1117,3703347433873037581,-1.0,1.0368980362030106e-09,2588.682974046272,505.298163800807,40.78433779833217,301.9145433801493,0.0004922703540532768,-3.3077963179114858,-3.3085601,0.01805894549877496,0.0036552112605312288,0.017685160564064856,-3.3439556661579455,-3.273164599802748,-3.3439556661579455,-3.273164599802748
calibration,1118,7311808897764695838,0.0,9.756514716409811e-10,2404.497548871577,500.9208966540563,41.62971960161597,300.52976098251094,0.0004529119242795,-3.3439862450476343,-3.343668,0.018158676323813187,0.0038559885616097685,0.017744544337801624,-3.379258989603463,-3.3080769784141153,-3.379258989603463,-3.3080769784141153
calibration,1119,7286060296444835846,-1.0,9.973807555784963e-10,2483.6702561944007,499.2076886794748,40.248277237816566,302.09732544564235,0.0004926590489034099,-3.307453535907387,-3.3089936,0.01799760354680253,0.0034760742262109905,0.017658727681309036,-3.3442688809088863,-3.2737182750054203,-3.3442688809088863,-3.2737182750054203
calibration,1126,3483175946691254694,-2.0,8.89459518994858e-10,2383.601346469497,502.4892009812192,38.55163090195673,309.2198732722366,0.0005096775877198429,-3.2927044634165976,-3.3003917,0.018487266706718353,0.005371857610580807,0.017689605578191287,-3.336626716786916,-3.26415663129658,-3.336626716786916,-3.26415663129658
calibration,1133,9029148243980292461,-1.0,1.0073410050818803e-09,2574.374612551252,485.6872921198837,42.17824256593523,298.72995545788456,0.0004931338866443042,-3.307035153062101,-3.3017159,0.018089958398924744,0.003970715158474899,0.01764879674001209,-3.3371721692919705,-3.266259532368186,-3.3371721692919705,-3.266259532368186
calibration,1151,9029148243980292461,-0.2,1.0073410050818803e-09,2574.374612551252,485.6872921198837,42.17824256593523,298.72995545788456,0.00045917288656120215,-3.338023764261003,-3.335892,0.018320947727965515,0.0045631441935229415,0.01774358543608829,-3.371801019598204,-3.299982904504579,-3.371801019598204,-3.299982904504579
calibration,1156,15180030701036252205,-0.4,1.0025105539620802e-09,2526.9743060678943,509.1946075584183,40.75166342427999,301.0515477079729,0.0004683608648787855,-3.3294194006988462,-3.3357103,0.018199695868026763,0.004186140629509255,0.017711724664949868,-3.371381690995449,-3.3000388831927836,-3.371381690995449,-3.3000388831927836
calibration,1161,7311808897764695838,-2.0,9.756514716409811e-10,2404.497548871577,500.9208966540563,41.62971960161597,300.52976098251094,0.000523844952624696,-3.280797236267449,-3.2847793,0.017929035765734992,0.003311314724455107,0.017620599982788844,-3.319920220327281,-3.2496384001256,-3.319920220327281,-3.2496384001256
calibration,1163,7296031158140813817,-0.6000000000000001,8.058950792540601e-10,2412.212725535436,472.1154567367515,38.858183000543626,295.7855807653235,0.00047289781824602406,-3.325232689634179,-3.3258362,0.018054718760959588,0.003681318305961429,0.01767542897338726,-3.361223430412106,-3.290448932869144,-3.361223430412106,-3.290448932869144
calibration,1165,2804036452383970560,0.0,9.34880998874723e-10,2658.424632928369,469.5577205631138,37.334947088248434,294.43440760000914,0.0004306210087671,-3.365904786010319,-3.3529937,0.018362388684247846,0.00411540333331529,0.017895272331723264,-3.3889840085514726,-3.3170034449092207,-3.3889840085514726,-3.3170034449092207
calibration,1176,12981595077382156139,-0.4,1.032683367538443e-09,2526.170348943833,478.8149532207128,42.09307571557734,293.4443281911712,0.0004751564125175591,-3.3231634052981605,-3.3284338,0.018188634432078302,0.004224399546158643,0.017691265992210697,-3.36408347554681,-3.292784028573063,-3.36408347554681,-3.292784028573063
calibration,1180,13344013943894260190,0.0,8.220747042076196e-10,2489.354974528123,536.8974000619587,36.589080383233394,294.68809277779184,0.0004308334090525,-3.3656906266262236,-3.3486512,0.018559566634191223,0.005085377838016334,0.017849270283738675,-3.3850279213336054,-3.3122744201275762,-3.3850279213336054,-3.3122744201275762
calibration,1181,13753303497944442308,-0.8,1.0455070732925304e-09,2552.705145034877,518.1497095238773,37.60227540602951,298.4772867617408,0.0004719727411462177,-3.3260830833820934,-3.3189986,0.018211943313989086,0.0043625514179385805,0.017681713564747962,-3.3546939841059897,-3.283303166315153,-3.3546939841059897,-3.283303166315153
calibration,1186,9985116505034206452,-1.0,1.018423641836786e-09,2420.2103352289205,495.3862399264609,39.18777263938059,307.5354074756815,0.00048337306250097526,-3.31571755569327,-3.3096673,0.01835595773420458,0.0049224462426515,0.017683627583036297,-3.345645026020735,-3.2736896717026536,-3.345645026020735,-3.2736896717026536
calibration,1189,3141391476646313355,-2.2,1.0375673846448864e-09,2379.4103992541063,496.85223216497695,39.047727684139495,305.18782525816323,0.0005132838165162051,-3.2896424285280728,-3.2890759,0.018067568043918313,0.003966670422728146,0.017626755879445913,-3.3244882848065096,-3.2536634180743498,-3.3244882848065096,-3.2536634180743498
calibration,1209,2832837163574657009,-0.4,1.0574423663675307e-09,2585.038533860248,471.3266920396063,42.543125490608695,301.3994726877767,0.0004668067451289738,-3.3308628772386446,-3.3273742,0.018367758533842538,0.004884506223907435,0.017706387619887475,-3.3633750266207407,-3.2913734131680776,-3.3633750266207407,-3.2913734131680776
calibration,1211,14219469232104377133,-1.2000000000000002,9.570305915597544e-10,2609.011101819734,467.3507151496423,38.45876893881996,290.3471581734896,0.000490179283107571,-3.309645047678373,-3.3082855,0.01803891833180679,0.003601752174584465,0.017675687624507306,-3.343641754707563,-3.2729291948468804,-3.343641754707563,-3.2729291948468804
calibration,1212,11854955608364436255,-2.2,9.431291378149591e-10,2617.847164727645,540.4486468445567,38.69622270488729,301.9657628923453,0.0005045425192393613,-3.297102228648237,-3.2959936,0.01865458622370629,0.005903369260007131,0.017695869982147498,-3.332556555511526,-3.259430577514597,-3.332556555511526,-3.259430577514597
calibration,1219,15180030701036252205,-1.4,1.0025105539620802e-09,2526.9743060678943,509.1946075584183,40.75166342427999,301.0515477079729,0.0005017834736998785,-3.2994836463277855,-3.2991652,0.017952310581400698,0.0032880846995931145,0.017648625147073913,-3.334351777610395,-3.263978720131304,-3.334351777610395,-3.263978720131304
calibration,1232,13197426831660621428,-1.2000000000000002,8.939439783837784e-10,2330.6189292196764,529.359956175692,38.57283152042447,302.4090006102026,0.0004942989528647828,-3.3060103095584994,-3.3048646,0.01828135139576858,0.0047021972436564995,0.017666270200312105,-3.340696093739979,-3.269033196268566,-3.340696093739979,-3.269033196268566
calibration,1239,13344013943894260190,-1.8,8.220747042076196e-10,2489.354974528123,536.8974000619587,36.589080383233394,294.68809277779184,0.0004948944128243848,-3.3054874491858857,-3.2987432,0.01850085535336657,0.005505311494821781,0.01766276263878174,-3.3350049244784383,-3.2624815714932414,-3.3350049244784383,-3.2624815714932414
calibration,1242,14082706842164037214,-1.8,1.011801650795657e-09,2503.197375042157,521.464297637573,42.04226242943757,288.6545802497056,0.0005216115223042689,-3.2826528236835504,-3.2886713,0.01806963472945311,0.004006945871829299,0.017619763467215235,-3.3240877391814223,-3.2532547710419664,-3.3240877391814223,-3.2532547710419664
calibration,1268,16519722322841066187,-2.0,1.0933784852654091e-09,2410.884334287086,539.0569290920441,39.62193192256099,289.3285700165644,0.0005176405940711804,-3.2859716730468174,-3.2863758,0.018362118677712775,0.005214080111925163,0.01760627071073835,-3.3223655136404213,-3.2503860084237877,-3.3223655136404213,-3.2503860084237877
calibration,1279,12981595077382156139,-1.4,1.032683367538443e-09,2526.170348943833,478.8149532207128,42.09307571557734,293.4443281911712,0.0005084115175743709,-3.2937846194824356,-3.2947247,0.01798986293889289,0.0035392355680131985,0.017638281625697676,-3.329984834195313,-3.259464571474853,-3.329984834195313,-3.259464571474853
calibration,1315,11854955608364436255,-1.8,9.431291378149591e-10,2617.847164727645,540.4486468445567,38.69622270488729,301.9657628923453,0.0004977345152059849,-3.3030022422301393,-3.2986915,0.018692566301831144,0.00594953406894043,0.01772047085794573,-3.335328941105764,-3.2620540812025856,-3.335328941105764,-3.2620540812025856
calibration,1332,13197426831660621428,-0.8,8.939439783837784e-10,2330.6189292196764,529.359956175692,38.57283152042447,302.4090006102026,0.00048273767031697826,-3.316288809794414,-3.3157766,0.01839288554387032,0.005067990174185406,0.01768088588116382,-3.3518266421985787,-3.279726530866607,-3.3518266421985787,-3.279726530866607
calibration,1336,3703347433873037581,-0.4,1.0368980362030106e-09,2588.682974046272,505.298163800807,40.78433779833217,301.9145433801493,0.000469134651590613,-3.3287024876693447,-3.3339283,0.01830966549228043,0.004552531296468022,0.017734663865015907,-3.3698152909987806,-3.2980414022690416,-3.3698152909987806,-3.2980414022690416
calibration,1338,3703347433873037581,-0.8,1.0368980362030106e-09,2588.682974046272,505.298163800807,40.78433779833217,301.9145433801493,0.0004857969208586478,-3.3135452422240466,-3.3144643,0.018095347174211143,0.003824174789272429,0.017686640553156625,-3.3499312111346717,-3.278997450211764,-3.3499312111346717,-3.278997450211764
calibration,1362,4837710515318421738,0.0,1.0991618704794608e-09,2475.161456337068,505.0064403774024,34.84085283436253,301.39850617403,0.0004277916509926,-3.368767695601858,-3.3490615,0.01816255482890108,0.00373056200950785,0.017775299848544146,-3.3846600965698705,-3.3134628816405787,-3.3846600965698705,-3.3134628816405787
calibration,1380,2832837163574657009,-1.2000000000000002,1.0574423663675307e-09,2585.038533860248,471.3266920396063,42.543125490608695,301.3994726877767,0.0004951820636174127,-3.305235094628203,-3.2992501,0.01813365529765898,0.004194372989975176,0.017641901479665524,-3.3347920902684214,-3.263708161501598,-3.3347920902684214,-3.263708161501598
calibration,1382,7296031158140813817,-1.2000000000000002,8.058950792540601e-10,2412.212725535436,472.1154567367515,38.858183000543626,295.7855807653235,0.0004919001770691799,-3.3081230211077677,-3.3061583,0.017967229073319782,0.0033657402823918927,0.01764916642185684,-3.3413740731981845,-3.2709425352307706,-3.3413740731981845,-3.2709425352307706
calibration,1383,15180030701036252205,-0.2,1.0025105539620802e-09,2526.9743060678943,509.1946075584183,40.75166342427999,301.0515477079729,0.0004572121596089777,-3.339882228012412,-3.3442202,0.018134909440163004,0.0037702611712964154,0.01773866097110519,-3.3797645839407076,-3.308675738935269,-3.3797645839407076,-3.308675738935269
calibration,1405,2216844718377656366,-2.0,1.2225745089622023e-09,2432.279761567632,478.07469592026655,37.79561575023349,300.3431374384869,0.0005090438323203161,-3.2932448201873177,-3.2938154,0.018194507705072492,0.00468851649197529,0.017580043487165787,-3.3294766094763317,-3.2581541392724476,-3.3294766094763317,-3.2581541392724476
calibration,1418,7296031158140813817,0.0,8.058950792540601e-10,2412.212725535436,472.1154567367515,38.858183000543626,295.7855807653235,0.0004389993362607,-3.3575361363832394,-3.3438694,0.018132686302243396,0.003664806586228508,0.017758476170326196,-3.379409512860527,-3.308329382555733,-3.379409512860527,-3.308329382555733
calibration,1423,3483175946691254694,-0.6000000000000001,8.89459518994858e-10,2383.601346469497,502.4892009812192,38.55163090195673,309.2198732722366,0.00047372532057368943,-3.3244734016525723,-3.3261113,0.0186271641581304,0.005542648099428471,0.017783427802277464,-3.362620558430844,-3.2896020749309725,-3.362620558430844,-3.2896020749309725
calibration,1425,4837710515318421738,-0.8,1.0991618704794608e-09,2475.161456337068,505.0064403774024,34.84085283436253,301.39850617403,0.0004666908621579872,-3.330970702550058,-3.3244045,0.018165596818415366,0.004246552068305912,0.017662266785658923,-3.3600090478372144,-3.288799908309026,-3.3600090478372144,-3.288799908309026
calibration,1436,7286060296444835846,-0.2,9.973807555784963e-10,2483.6702561944007,499.2076886794748,40.248277237816566,302.09732544564235,0.0004589649159188617,-3.338220511423939,-3.3429117,0.018119160741234215,0.0037233472203995707,0.01773247479334138,-3.378425275328698,-3.3073981652230597,-3.378425275328698,-3.3073981652230597
calibration,1440,9029148243980292461,-2.0,1.0073410050818803e-09,2574.374612551252,485.6872921198837,42.17824256593523,298.72995545788456,0.0005156895302128057,-3.287611685767926,-3.2846806,0.018085204265167038,0.003982302413224719,0.017641310998084154,-3.3201276052944197,-3.249233604574965,-3.3201276052944197,-3.249233604574965
calibration,1442,13344013943894260190,-0.2,8.220747042076196e-10,2489.354974528123,536.8974000619587,36.589080383233394,294.68809277779184,0.0004446190395376957,-3.3520119438207585,-3.3430448,0.018550735906439055,0.005200956406436636,0.01780673542247547,-3.3794042002196383,-3.306685315466397,-3.3794042002196383,-3.306685315466397
calibration,1459,13753303497944442308,-1.2000000000000002,1.0455070732925304e-09,2552.705145034877,518.1497095238773,37.60227540602951,298.4772867617408,0.00048343720503021245,-3.315659929605754,-3.3066435,0.01811237398818679,0.003947123652901233,0.01767705532116159,-3.3421437390397952,-3.271143233006103,-3.3421437390397952,-3.271143233006103
calibration,1464,11587428247216890986,-0.6000000000000001,1.0109417900146311e-09,2546.474062846718,483.0790058826933,38.96317500489286,311.33012415162744,0.0004618762788620253,-3.3354743417670223,-3.3241637,0.018863279826199182,0.006147033755642887,0.01783359981100229,-3.361135703767578,-3.287191646848877,-3.361135703767578,-3.287191646848877
calibration,1468,7296031158140813817,-0.8,8.058950792540601e-10,2412.212725535436,472.1154567367515,38.858183000543626,295.7855807653235,0.00048020476557328773,-3.318573534299999,-3.3179517,0.01804298861723735,0.0037444477895159246,0.01765017074523028,-3.3533159369195213,-3.2825874215399513,-3.3533159369195213,-3.2825874215399513
calibration,1473,9985116505034206452,-2.0,1.018423641836786e-09,2420.2103352289205,495.3862399264609,39.18777263938059,307.5354074756815,0.0005050443795600769,-3.2966704576215236,-3.2924922,0.018244332742782626,0.004636905499824067,0.017645247541959962,-3.32825104343623,-3.256733259084522,-3.32825104343623,-3.256733259084522
calibration,1478,3483175946691254694,-0.8,8.89459518994858e-10,2383.601346469497,502.4892009812192,38.55163090195673,309.2198732722366,0.0004811542737362243,-3.3177156523372537,-3.320577,0.01855146391471352,0.005375798570451347,0.017755496004738164,-3.356937775477062,-3.2842160369313853,-3.356937775477062,-3.2842160369313853
calibration,1485,11587428247216890986,-1.6,1.0109417900146311e-09,2546.474062846718,483.0790058826933,38.96317500489286,311.33012415162744,0.0004902965160349117,-3.309541192766852,-3.3042274,0.01883900825743672,0.006316694380695429,0.01774845312399626,-3.34115180832691,-3.267302895957758,-3.34115180832691,-3.267302895957758
calibration,1495,2216844718377656366,-1.4,1.2225745089622023e-09,2432.279761567632,478.07469592026655,37.79561575023349,300.3431374384869,0.0004977831530679331,-3.302959805705413,-3.3010626,0.018339458316171273,0.00520475321562198,0.01758539945791989,-3.3370079222230355,-3.265117245623644,-3.3370079222230355,-3.265117245623644
calibration,1507,2804036452383970560,-2.2,9.34880998874723e-10,2658.424632928369,469.5577205631138,37.334947088248434,294.43440760000914,0.00050270881664092,-3.2986834979330086,-3.300043,0.018188500690523544,0.004204952767069601,0.017695758951422797,-3.3356925674325275,-3.2643936447256756,-3.3356925674325275,-3.2643936447256756
calibration,1511,7311808897764695838,-2.2,9.756514716409811e-10,2404.497548871577,500.9208966540563,41.62971960161597,300.52976098251094,0.0005271148450829551,-3.2780947526205106,-3.283982,0.017918553455952876,0.003297916596436776,0.017612446794799914,-3.3191024032715926,-3.248861673724257,-3.3191024032715926,-3.248861673724257
calibration,1528,2804036452383970560,-1.4,9.34880998874723e-10,2658.424632928369,469.5577205631138,37.334947088248434,294.43440760000914,0.00048785139141967497,-3.311712452004305,-3.3100452,0.018227498970862427,0.0042609863779453985,0.017722464364139247,-3.345771140292461,-3.27431934432668,-3.345771140292461,-3.27431934432668
calibration,1538,5637171177688138856,-1.2000000000000002,1.0663734802785015e-09,2646.766281337793,486.2018595083384,41.79339850063371,299.641349014439,0.0005028115963831254,-3.2985947147030146,-3.3018126,0.018190601442303424,0.004222390899411757,0.01769376670694206,-3.337466227600108,-3.2661590699462786,-3.337466227600108,-3.2661590699462786
calibration,1539,3703347433873037581,-1.4,1.0368980362030106e-09,2588.682974046272,505.298163800807,40.78433779833217,301.9145433801493,0.0005028911165373828,-3.2985260360292425,-3.2991562,0.018003555045989127,0.0034305368039578973,0.017673691594888227,-3.3344431568549826,-3.263869221074705,-3.3344431568549826,-3.263869221074705
calibration,1540,3703347433873037581,-1.6,1.0368980362030106e-09,2588.682974046272,505.298163800807,40.78433779833217,301.9145433801493,0.0005073168353419577,-3.2947207253530166,-3.2955356,0.01800662731661015,0.0034925736442443,0.01766467034850617,-3.3308285539631632,-3.2602425748820516,-3.3308285539631632,-3.2602425748820516
calibration,1546,2804036452383970560,-0.4,9.34880998874723e-10,2658.424632928369,469.5577205631138,37.334947088248434,294.43440760000914,0.00045526133480579105,-3.3417392326119493,-3.3420587,0.01835538491660214,0.004461244168786482,0.01780498416513585,-3.3780352130363935,-3.3060821041633135,-3.3780352130363935,-3.3060821041633135
calibration,1548,9985116505034206452,-2.2,1.018423641836786e-09,2420.2103352289205,495.3862399264609,39.18777263938059,307.5354074756815,0.000508168680175388,-3.2939921052166996,-3.2915397,0.018245325710741042,0.00465755879175966,0.017640835332365826,-3.327300507429918,-3.2557788306438127,-3.327300507429918,-3.2557788306438127
calibration,1551,13753303497944442308,-2.0,1.0455070732925304e-09,2552.705145034877,518.1497095238773,37.60227540602951,298.4772867617408,0.0004996028840505714,-3.301375063244993,-3.2932656,0.017994948903111922,0.0035661949004267665,0.01763804063855656,-3.328535680981081,-3.257995481280882,-3.328535680981081,-3.257995481280882
calibration,1557,12981595077382156139,-0.6000000000000001,1.032683367538443e-09,2526.170348943833,478.8149532207128,42.09307571557734,293.4443281911712,0.00048412214022009896,-3.315045055438959,-3.3182049,0.018160637025474404,0.004251158581668274,0.01765605789706506,-3.353799728330672,-3.282610031190812,-3.353799728330672,-3.282610031190812
calibration,1558,7296031158140813817,-0.2,8.058950792540601e-10,2412.212725535436,472.1154567367515,38.858183000543626,295.7855807653235,0.0004533143020348675,-3.3436005787643013,-3.3397257,0.018066554888555405,0.0034709740677231764,0.017729994266014508,-3.375136180384913,-3.3043152852217763,-3.375136180384913,-3.3043152852217763
calibration,1567,2832837163574657009,-1.6,1.0574423663675307e-09,2585.038533860248,471.3266920396063,42.543125490608695,301.3994726877767,0.0005045730040857177,-3.2970759890349277,-3.291503,0.018162192717333017,0.004303172691052933,0.017645054499904514,-3.3271008503016564,-3.255905054849711,-3.3271008503016564,-3.255905054849711
calibration,1570,13344013943894260190,-0.4,8.220747042076196e-10,2489.354974528123,536.8974000619587,36.589080383233394,294.68809277779184,0.0004550892663107704,-3.341903407598367,-3.3350387,0.018575351922790653,0.005491927245644038,0.01774492663677418,-3.371446351725457,-3.2986309721881173,-3.371446351725457,-3.2986309721881173
calibration,1580,3483175946691254694,-1.0,8.89459518994858e-10,2383.601346469497,502.4892009812192,38.55163090195673,309.2198732722366,0.0004875040212646889,-3.3120217975944457,-3.3160925,0.018536667808934166,0.005380576676751885,0.017738585268338346,-3.352424360055413,-3.2797606222443916,-3.352424360055413,-3.2797606222443916
calibration,1582,7311808897764695838,-1.6,9.756514716409811e-10,2404.497548871577,500.9208966540563,41.62971960161597,300.52976098251094,0.0005162854019947126,-3.2871101544855525,-3.2889493,0.01793582882734632,0.0032823590469942647,0.017632925654943572,-3.3241034756765258,-3.2537950266733278,-3.3241034756765258,-3.2537950266733278
calibration,1601,13344013943894260190,-0.6000000000000001,8.220747042076196e-10,2489.354974528123,536.8974000619587,36.589080383233394,294.68809277779184,0.0004636668145843427,-3.3337939861801966,-3.3270953,0.018580348305402252,0.005612852321972588,0.017712289912275626,-3.3635127528354487,-3.290677787478272,-3.3635127528354487,-3.290677787478272
calibration,1609,2216844718377656366,-1.2000000000000002,1.2225745089622023e-09,2432.279761567632,478.07469592026655,37.79561575023349,300.3431374384869,0.0004931035713934726,-3.3070618519996655,-3.3049467,0.018383860512349925,0.00536617044022177,0.01758324571420322,-3.340979027599689,-3.2689142943912777,-3.340979027599689,-3.2689142943912777
calibration,1613,3703347433873037581,-2.2,1.0368980362030106e-09,2588.682974046272,505.298163800807,40.78433779833217,301.9145433801493,0.0005181857305363725,-3.2855145505061936,-3.2898264,0.018003020079770105,0.0035935750140527007,0.01764071799307722,-3.3251123124837907,-3.254540473771092,-3.3251123124837907,-3.254540473771092
calibration,1620,2832837163574657009,-0.6000000000000001,1.0574423663675307e-09,2585.038533860248,471.3266920396063,42.543125490608695,301.3994726877767,0.00047574647074867613,-3.322624424775173,-3.3173552,0.01829892453137827,0.004732377728799213,0.017676403015653968,-3.3532210480263256,-3.281489263863323,-3.3532210480263256,-3.281489263863323
calibration,1623,16519722322841066187,-0.4,1.0933784852654091e-09,2410.884334287086,539.0569290920441,39.62193192256099,289.3285700165644,0.0004746937210083415,-3.323586512856033,-3.3213396,0.018602072476060473,0.005887606051381364,0.017645769891051172,-3.357799669291848,-3.284879545185691,-3.357799669291848,-3.284879545185691
calibration,1629,5637171177688138856,-0.4,1.0663734802785015e-09,2646.766281337793,486.2018595083384,41.79339850063371,299.641349014439,0.0004738192789703808,-3.324387272485956,-3.329022,0.018411850348677136,0.004912033957928713,0.017744524150397133,-3.3651091573779874,-3.2929347040111727,-3.3651091573779874,-3.2929347040111727
calibration,1640,10954724855113224492,-1.8,1.1396379394271226e-09,2408.4924726992253,490.0725825278824,43.06550150160359,292.35304316269765,0.0005250101933138941,-3.27983226448547,-3.2838871,0.018017766978751012,0.003958020750760008,0.01757765632658469,-3.319201971181794,-3.2485723246250906,-3.319201971181794,-3.2485723246250906
calibration,1645,10954724855113224492,-1.4,1.1396379394271226e-09,2408.4924726992253,490.0725825278824,43.06550150160359,292.35304316269765,0.0005167829776345754,-3.2866918000461114,-3.2885141,0.018031030103501808,0.004010956541330973,0.017579256178390627,-3.32385495627093,-3.253173318265203,-3.32385495627093,-3.253173318265203
calibration,1648,3483175946691254694,0.0,8.89459518994858e-10,2383.601346469497,502.4892009812192,38.55163090195673,309.2198732722366,0.0004391055663899,-3.3574310574592765,-3.3480413,0.01900613977922033,0.006267437744593005,0.0179430369924625,-3.3852933299725207,-3.3107892620379773,-3.3852933299725207,-3.3107892620379773
calibration,1667,12981595077382156139,-0.8,1.032683367538443e-09,2526.170348943833,478.8149532207128,42.09307571557734,293.4443281911712,0.0004915821645344692,-3.308403882467392,-3.309767,0.018116400113670026,0.004098655988720572,0.017646669492263817,-3.345275152050552,-3.2742588636049654,-3.345275152050552,-3.2742588636049654
calibration,1680,11587428247216890986,-1.8,1.0109417900146311e-09,2546.474062846718,483.0790058826933,38.96317500489286,311.33012415162744,0.0004941698434041378,-3.306123760841636,-3.3019395,0.01882832912046081,0.006315027658112114,0.017737710901381314,-3.3388430125333786,-3.265035962381172,-3.3388430125333786,-3.265035962381172
calibration,1684,10954724855113224492,-2.0,1.1396379394271226e-09,2408.4924726992253,490.0725825278824,43.06550150160359,292.35304316269765,0.0005285281668704902,-3.2769318628684543,-3.2825925,0.018023102762100625,0.004007503864306567,0.01757191301000691,-3.317917816432638,-3.247267253605204,-3.317917816432638,-3.247267253605204
calibration,1686,5637171177688138856,-1.8,1.0663734802785015e-09,2646.766281337793,486.2018595083384,41.79339850063371,299.641349014439,0.0005162252650077991,-3.2871607441064428,-3.2911868,0.018236033196111133,0.004461518591316286,0.0176818485680155,-3.326929434604173,-3.255444184475417,-3.326929434604173,-3.255444184475417
calibration,1691,11587428247216890986,-0.4,1.0109417900146311e-09,2546.474062846718,483.0790058826933,38.96317500489286,311.33012415162744,0.0004530536201203164,-3.3438503950196563,-3.330463,0.018972420505155928,0.006344390868801125,0.01788019738741937,-3.3676488767767756,-3.2932769883965642,-3.3676488767767756,-3.2932769883965642
calibration,1694,7286060296444835846,-2.2,9.973807555784963e-10,2483.6702561944007,499.2076886794748,40.248277237816566,302.09732544564235,0.0005180434764918398,-3.285633790818159,-3.289247,0.017905477064693625,0.003170021818707599,0.017622630078653,-3.324341771027024,-3.2541523009334252,-3.324341771027024,-3.2541523009334252
calibration,1714,12981595077382156139,-2.0,1.032683367538443e-09,2526.170348943833,478.8149532207128,42.09307571557734,293.4443281911712,0.000520295316503331,-3.283750083436875,-3.2871494,0.01796105677439656,0.003518335295800782,0.01761308900660529,-3.3223531005991065,-3.2519457580434716,-3.3223531005991065,-3.2519457580434716
calibration,1726,13197426831660621428,-0.2,8.939439783837784e-10,2330.6189292196764,529.359956175692,38.57283152042447,302.4090006102026,0.00045602580940425243,-3.3410105771499268,-3.34164,0.01844461324445376,0.004882458464064348,0.01778666157213442,-3.3777914375340807,-3.3054885536158216,-3.3777914375340807,-3.3054885536158216
calibration,1742,2804036452383970560,-1.6,9.34880998874723e-10,2658.424632928369,469.5577205631138,37.334947088248434,294.43440760000914,0.0004921673372377956,-3.307887211697991,-3.3060398,0.018214474309827186,0.004213864875296128,0.017720339639816538,-3.341740179827925,-3.270339440533403,-3.341740179827925,-3.270339440533403
calibration,1744,3141391476646313355,-0.2,1.0375673846448864e-09,2379.4103992541063,496.85223216497695,39.047727684139495,305.18782525816323,0.000455932305424818,-3.3410996344471564,-3.3391593,0.018399851460132607,0.004866904384331983,0.017744514056694888,-3.3752229591212592,-3.3030955413975396,-3.3752229591212592,-3.3030955413975396
calibration,1760,12981595077382156139,-0.2,1.032683367538443e-09,2526.170348943833,478.8149532207128,42.09307571557734,293.4443281911712,0.00046407973819828305,-3.333407392539324,-3.3374577,0.0181364727022983,0.0039061873817311846,0.017710825063737223,-3.373005143356856,-3.301910170363847,-3.373005143356856,-3.301910170363847
calibration,1776,7311808897764695838,-0.8,9.756514716409811e-10,2404.497548871577,500.9208966540563,41.62971960161597,300.52976098251094,0.0004950264701227834,-3.305371577791883,-3.3076859,0.01806749360286425,0.003891054398639381,0.017643526565727076,-3.3430981395123953,-3.272273564589167,-3.3430981395123953,-3.272273564589167
calibration,1788,13753303497944442308,-1.6,1.0455070732925304e-09,2552.705145034877,518.1497095238773,37.60227540602951,298.4772867617408,0.0004924014350920584,-3.3076806899981266,-3.298117,0.0180550253571653,0.003751015319967701,0.017661082037357837,-3.333504772078584,-3.262729072678496,-3.333504772078584,-3.262729072678496
calibration,1791,12981595077382156139,-1.2000000000000002,1.032683367538443e-09,2526.170348943833,478.8149532207128,42.09307571557734,293.4443281911712,0.0005034995959917769,-3.2980008735882427,-3.298995,0.018015002566048485,0.003660156543775211,0.017639263238241065,-3.334304423034826,-3.263685612975916,-3.334304423034826,-3.263685612975916
calibration,1796,9985116505034206452,-1.8,1.018423641836786e-09,2420.2103352289205,495.3862399264609,39.18777263938059,307.5354074756815,0.0005016023927170911,-3.299640400523929,-3.2943938,0.01826140750184394,0.004687041865162838,0.017649663536692436,-3.3301861365509042,-3.258601419143676,-3.3301861365509042,-3.258601419143676
calibration,1814,11587428247216890986,-0.8,1.0109417900146311e-09,2546.474062846718,483.0790058826933,38.96317500489286,311.33012415162744,0.00046927211379729636,-3.328575252699475,-3.3189456,0.018824773613844777,0.0061316231957393285,0.017798182271535054,-3.3558422025691463,-3.282049090002875,-3.3558422025691463,-3.282049090002875
calibration,1819,2216844718377656366,-1.0,1.2225745089622023e-09,2432.279761567632,478.07469592026655,37.79561575023349,300.3431374384869,0.0004878142131216873,-3.3117455500854414,-3.3094745,0.018381491015747754,0.005354091432915668,0.0175844506499088,-3.3455021906220668,-3.2734467458403356,-3.3455021906220668,-3.2734467458403356
calibration,1820,2832837163574657009,-1.4,1.0574423663675307e-09,2585.038533860248,471.3266920396063,42.543125490608695,301.3994726877767,0.0005001468777436956,-3.3009024380112417,-3.2950218,0.018150572342622705,0.0042467107286880855,0.01764677673785018,-3.330596894176184,-3.259446650593103,-3.330596894176184,-3.259446650593103
calibration,1833,2832837163574657009,-1.8,1.0574423663675307e-09,2585.038533860248,471.3266920396063,42.543125490608695,301.3994726877767,0.0005085464396606042,-3.2936693818416565,-3.288831,0.018153691296616613,0.004301954822791355,0.017636601024273772,-3.324412230501061,-3.2532497606183237,-3.324412230501061,-3.2532497606183237
calibration,1860,7311808897764695838,-1.4,9.756514716409811e-10,2404.497548871577,500.9208966540563,41.62971960161597,300.52976098251094,0.000511880298730195,-3.29083158527182,-3.2923822,0.01793624014571283,0.0032538661026957467,0.01763862481157403,-3.3275372709810074,-3.257227209609813,-3.3275372709810074,-3.257227209609813
calibration,1865,7296031158140813817,-1.6,8.058950792540601e-10,2412.212725535436,472.1154567367515,38.858183000543626,295.7855807653235,0.000501026609036545,-3.3001392085621624,-3.297612,0.017962394189944112,0.0033969260371926355,0.01763826774685709,-3.3328182444402934,-3.2624056592157125,-3.3328182444402934,-3.2624056592157125
calibration,1891,2832837163574657009,-0.8,1.0574423663675307e-09,2585.038533860248,471.3266920396063,42.543125490608695,301.3994726877767,0.00048319485862528827,-3.3158776954186835,-3.3097117,0.018200045362467016,0.004399054345825419,0.017660405759307378,-3.3453837836278426,-3.274039605806972,-3.3453837836278426,-3.274039605806972
calibration,1898,12981595077382156139,-2.2,1.032683367538443e-09,2526.170348943833,478.8149532207128,42.09307571557734,293.4443281911712,0.0005235366114950692,-3.281052942229052,-3.2863464,0.017948236510831796,0.003486333528259117,0.017606380479750272,-3.3215249791081054,-3.2511678919856446,-3.3215249791081054,-3.2511678919856446
calibration,1900,2804036452383970560,-0.2,9.34880998874723e-10,2658.424632928369,469.5577205631138,37.334947088248434,294.43440760000914,0.0004446412054441848,-3.351990293171399,-3.34887,0.018296657233511336,0.004030396380999721,0.01784722757074671,-3.3847314871638883,-3.313008590808524,-3.3847314871638883,-3.313008590808524
calibration,1904,3703347433873037581,-1.8,1.0368980362030106e-09,2588.682974046272,505.298163800807,40.78433779833217,301.9145433801493,0.0005112905098230384,-3.2913322682352013,-3.292768,0.01800971977463566,0.003540599794957338,0.017658259585867395,-3.3280670523146823,-3.2574689507981107,-3.3280670523146823,-3.2574689507981107
calibration,1906,3483175946691254694,-0.4,8.89459518994858e-10,2383.601346469497,502.4892009812192,38.55163090195673,309.2198732722366,0.00046482784005463595,-3.332707868526463,-3.3332093,0.018771880090651966,0.005878375360677709,0.01782773536999756,-3.370002161177019,-3.296416391221663,-3.370002161177019,-3.296416391221663
calibration,1908,15180030701036252205,-2.0,1.0025105539620802e-09,2526.9743060678943,509.1946075584183,40.75166342427999,301.0515477079729,0.0005136650258543439,-3.2893200032761474,-3.290652,0.01792533768557474,0.0032556889622356736,0.017627201264057504,-3.3257856985305967,-3.2555183748031435,-3.3257856985305967,-3.2555183748031435
calibration,1910,14219469232104377133,-2.0,9.570305915597544e-10,2609.011101819734,467.3507151496423,38.45876893881996,290.3471581734896,0.0005067013177886973,-3.295247966229133,-3.2947803,0.01806014664934219,0.0037258696996763994,0.017671638788194017,-3.3301781417967242,-3.259382366931303,-3.3301781417967242,-3.259382366931303
calibration,1914,7286060296444835846,-2.0,9.973807555784963e-10,2483.6702561944007,499.2076886794748,40.248277237816566,302.09732544564235,0.0005148347372490777,-3.288332157792074,-3.2901611,0.01791574235987746,0.003179320957329607,0.01763138510363833,-3.32527598783786,-3.25504627778714,-3.32527598783786,-3.25504627778714
calibration,1919,13197426831660621428,0.0,8.939439783837784e-10,2330.6189292196764,529.359956175692,38.57283152042447,302.4090006102026,0.0004417013717516,-3.3548712519908155,-3.3480668,0.01848851201723291,0.0048118176888981064,0.017851372297231334,-3.3843042903469893,-3.3118293232394365,-3.3843042903469893,-3.3118293232394365
calibration,1964,9029148243980292461,-2.2,1.0073410050818803e-09,2574.374612551252,485.6872921198837,42.17824256593523,298.72995545788456,0.0005189685993733557,-3.2848589187053654,-3.283778,0.0180703677845787,0.003965948092161191,0.017629787775257953,-3.319195873051988,-3.2483600313364396,-3.319195873051988,-3.2483600313364396
calibration,1965,10954724855113224492,-0.8,1.1396379394271226e-09,2408.4924726992253,490.0725825278824,43.06550150160359,292.35304316269765,0.0005001276142205612,-3.30091916550328,-3.3012135,0.01816974028318721,0.004620781441343018,0.01757235965633128,-3.336826193838958,-3.265600811928864,-3.336826193838958,-3.265600811928864
calibration,1978,14082706842164037214,-1.6,1.011801650795657e-09,2503.197375042157,521.464297637573,42.04226242943757,288.6545802497056,0.0005177369434580156,-3.2858908445458286,-3.2913058,0.018095752184013752,0.0040748805885091185,0.017630983878974063,-3.3267734546914336,-3.2558381061300996,-3.3267734546914336,-3.2558381061300996
calibration,1979,13753303497944442308,-1.0,1.0455070732925304e-09,2552.705145034877,518.1497095238773,37.60227540602951,298.4772867617408,0.0004780825103848683,-3.3204971437383786,-3.3123019,0.018166310947849245,0.0041655857511705575,0.017682272503509816,-3.347907843618551,-3.276695904702982,-3.347907843618551,-3.276695904702982
calibration,1986,11587428247216890986,-2.2,1.0109417900146311e-09,2546.474062846718,483.0790058826933,38.96317500489286,311.33012415162744,0.0005008299578832235,-3.300309701055128,-3.299384,0.0187943095587546,0.006283365606736655,0.017712858944739722,-3.336220963861624,-3.262547270391306,-3.336220963861624,-3.262547270391306
calibration,2002,4837710515318421738,-1.0,1.0991618704794608e-09,2475.161456337068,505.0064403774024,34.84085283436253,301.39850617403,0.0004726492085533949,-3.3254610649916905,-3.3179529,0.01812313261306788,0.004096448306782529,0.01765409467197828,-3.353474211244245,-3.2824315314010186,-3.353474211244245,-3.2824315314010186
calibration,2006,2804036452383970560,-1.0,9.34880998874723e-10,2658.424632928369,469.5577205631138,37.334947088248434,294.43440760000914,0.00047752977707572454,-3.3209995421609295,-3.3200586,0.01832609425439802,0.004586468215987097,0.017742886447207777,-3.355977728951877,-3.284139439474637,-3.355977728951877,-3.284139439474637
calibration,2014,4837710515318421738,-1.2000000000000002,1.0991618704794608e-09,2475.161456337068,505.0064403774024,34.84085283436253,301.39850617403,0.0004778659202136388,-3.3206939407931113,-3.3121965,0.01808976031001817,0.003921185676983648,0.01765966387219232,-3.3476524233564393,-3.276740562941168,-3.3476524233564393,-3.276740562941168
calibration,2025,7296031158140813817,-2.0,8.058950792540601e-10,2412.212725535436,472.1154567367515,38.858183000543626,295.7855807653235,0.0005083451211286586,-3.2938413402530395,-3.2928548,0.01794410187804942,0.003350581434188085,0.017628510921923878,-3.3280252256001663,-3.2576843462382126,-3.3280252256001663,-3.2576843462382126
calibration,2028,2804036452383970560,-0.6000000000000001,9.34880998874723e-10,2658.424632928369,469.5577205631138,37.334947088248434,294.43440760000914,0.00046398663140633824,-3.3334945323548144,-3.333628,0.018408214092443136,0.004790644886725057,0.01777391574962371,-3.369708038845432,-3.2975478396030544,-3.369708038845432,-3.2975478396030544
calibration,2035,16519722322841066187,-1.8,1.0933784852654091e-09,2410.884334287086,539.0569290920441,39.62193192256099,289.3285700165644,0.0005142306848565453,-3.2888420119672355,-3.2879496,0.01837548526291159,0.005239793818395978,0.017612580536354668,-3.3239655131880608,-3.251933610957447,-3.3239655131880608,-3.251933610957447
calibration,2064,9029148243980292461,0.0,1.0073410050818803e-09,2574.374612551252,485.6872921198837,42.17824256593523,298.72995545788456,0.0004443689473254,-3.3522562973378753,-3.3431776,0.01832394808095804,0.004442755345126192,0.017777205034843015,-3.379092495230255,-3.3072626187528993,-3.379092495230255,-3.3072626187528993
calibration,2090,16519722322841066187,-1.0,1.0933784852654091e-09,2410.884334287086,539.0569290920441,39.62193192256099,289.3285700165644,0.0004963097211359844,-3.304247218265563,-3.3017778,0.018503327048703975,0.005625060023982322,0.01762758608645562,-3.338044360676104,-3.265511318645185,-3.338044360676104,-3.265511318645185
calibration,2095,15180030701036252205,-1.6,1.0025105539620802e-09,2526.9743060678943,509.1946075584183,40.75166342427999,301.0515477079729,0.0005061653656971272,-3.295707574707627,-3.2953968,0.017938801422657667,0.0032464226281459637,0.017642599206833257,-3.330556855597979,-3.2602367540211614,-3.330556855597979,-3.2602367540211614
calibration,2100,13753303497944442308,-0.6000000000000001,1.0455070732925304e-09,2552.705145034877,518.1497095238773,37.60227540602951,298.4772867617408,0.00046482742259741725,-3.332708258562154,-3.3277223,0.01821801719931541,0.004304133800763637,0.01770227569793515,-3.3634296247305557,-3.292014997309239,-3.3634296247305557,-3.292014997309239
calibration,2108,3141391476646313355,-0.8,1.0375673846448864e-09,2379.4103992541063,496.85223216497695,39.047727684139495,305.18782525816323,0.0004823571698995504,-3.3166312616101874,-3.3138013,0.01819072130501759,0.00433555234157242,0.017666503617176536,-3.3494551023625707,-3.278147474846902,-3.3494551023625707,-3.278147474846902
calibration,2109,2216844718377656366,-0.4,1.2225745089622023e-09,2432.279761567632,478.07469592026655,37.79561575023349,300.3431374384869,0.00046609243684254183,-3.3315279441907766,-3.3271816,0.018262573324453312,0.0047668026157362264,0.01762949758131839,-3.362976221398424,-3.2913869339665665,-3.362976221398424,-3.2913869339665665
calibration,2110,10954724855113224492,-0.4,1.1396379394271226e-09,2408.4924726992253,490.0725825278824,43.06550150160359,292.35304316269765,0.0004838606963489075,-3.3152796538823557,-3.317141,0.018229833139506737,0.004731984074411632,0.017604974931712564,-3.3528715290142244,-3.2814105831073577,-3.3528715290142244,-3.2814105831073577
calibration,2117,11854955608364436255,0.0,9.431291378149591e-10,2617.847164727645,540.4486468445567,38.69622270488729,301.9657628923453,0.0004310119332489,-3.3655107055413467,-3.3478682,0.019004199264963603,0.006207494401237992,0.017961810016926646,-3.3851164346761498,-3.310619973557493,-3.3851164346761498,-3.310619973557493
calibration,2122,3141391476646313355,-0.4,1.0375673846448864e-09,2379.4103992541063,496.85223216497695,39.047727684139495,305.18782525816323,0.00046651864598167155,-3.331130993535662,-3.3293226,0.018327280264411886,0.004706603460114925,0.01771262552787529,-3.3652440458410746,-3.2934011072045797,-3.3652440458410746,-3.2934011072045797
calibration,2132,3141391476646313355,-1.4,1.0375673846448864e-09,2379.4103992541063,496.85223216497695,39.047727684139495,305.18782525816323,0.0004986658967448517,-3.3021903317254186,-3.2986896,0.018129455055812004,0.004129496980503986,0.017652885951134362,-3.3342233357149333,-3.2631558718961506,-3.3342233357149333,-3.2631558718961506
calibration,2141,3141391476646313355,-1.2000000000000002,1.0375673846448864e-09,2379.4103992541063,496.85223216497695,39.047727684139495,305.18782525816323,0.000493901357669837,-3.3063597800184312,-3.303319,0.01813915258024452,0.004133192537238678,0.01766198163857048,-3.3388717164132364,-3.2677662382986776,-3.3388717164132364,-3.2677662382986776
calibration,2147,2216844718377656366,-1.8,1.2225745089622023e-09,2432.279761567632,478.07469592026655,37.79561575023349,300.3431374384869,0.0005056817373093994,-3.2961227306248646,-3.295425,0.018210385098704915,0.0047304864213409325,0.01758523922039674,-3.331117292995366,-3.2597325834084425,-3.331117292995366,-3.2597325834084425
calibration,2174,4837710515318421738,-1.8,1.0991618704794608e-09,2475.161456337068,505.0064403774024,34.84085283436253,301.39850617403,0.0004903452009900135,-3.3094980707845774,-3.299719,0.01801900976584001,0.003676519696828204,0.01763995213341933,-3.335036354371149,-3.264401836089056,-3.335036354371149,-3.264401836089056
calibration,2185,9029148243980292461,-1.8,1.0073410050818803e-09,2574.374612551252,485.6872921198837,42.17824256593523,298.72995545788456,0.0005120875987635423,-3.2906557413571207,-3.2864504,0.018086197233125455,0.0039525439710071525,0.017649020063174276,-3.321899332624289,-3.2510014394704374,-3.321899332624289,-3.2510014394704374
calibration,2195,12981595077382156139,-1.6,1.032683367538443e-09,2526.170348943833,478.8149532207128,42.09307571557734,293.4443281911712,0.0005127955745885225,-3.2900557314223082,-3.291333,0.017979601428847396,0.003512164258590342,0.017633229727723725,-3.3265729789293252,-3.256092941328243,-3.3265729789293252,-3.256092941328243
calibration,2196,14082706842164037214,-0.6000000000000001,1.011801650795657e-09,2503.197375042157,521.464297637573,42.04226242943757,288.6545802497056,0.0004893829733548215,-3.310351144724077,-3.3186717,0.018213276944398296,0.00441394161035318,0.017670330392040422,-3.3543697261496437,-3.2829736805276024,-3.3543697261496437,-3.2829736805276024
calibration,2212,15180030701036252205,-1.0,1.0025105539620802e-09,2526.9743060678943,509.1946075584183,40.75166342427999,301.0515477079729,0.0004912665642222403,-3.308682793096848,-3.309134,0.01803010148289521,0.0036247465745846605,0.017661986685421606,-3.344473005406719,-3.2737950075937694,-3.344473005406719,-3.2737950075937694
calibration,2214,9029148243980292461,-1.6,1.0073410050818803e-09,2574.374612551252,485.6872921198837,42.17824256593523,298.72995545788456,0.0005081073792658302,-3.29404449776603,-3.2890644,0.018089589978792776,0.003962698866322675,0.01765021995202873,-3.324520003707067,-3.253608810990199,-3.324520003707067,-3.253608810990199
calibration,2215,11854955608364436255,-1.4,9.431291378149591e-10,2617.847164727645,540.4486468445567,38.69622270488729,301.9657628923453,0.0004894146792222806,-3.3103230088100806,-3.304556,0.018710661786532048,0.005957378768154478,0.017736924854318936,-3.3412287900459385,-3.2678829958427333,-3.3412287900459385,-3.2678829958427333
calibration,2224,11854955608364436255,-0.2,9.431291378149591e-10,2617.847164727645,540.4486468445567,38.69622270488729,301.9657628923453,0.0004455605898998308,-3.3510932297417657,-3.3409467,0.018919957226021338,0.00612431157017513,0.01790132981478344,-3.3780297905099257,-3.303863558183922,-3.3780297905099257,-3.303863558183922
calibration,2238,11854955608364436255,-1.6,9.431291378149591e-10,2617.847164727645,540.4486468445567,38.69622270488729,301.9657628923453,0.000493798109175096,-3.3064505773777486,-3.3012574,0.018703194970295822,0.005958065139907182,0.01772881708799011,-3.3379156340442457,-3.264599109760686,-3.3379156340442457,-3.264599109760686
calibration,2240,9985116505034206452,0.0,1.018423641836786e-09,2420.2103352289205,495.3862399264609,39.18777263938059,307.5354074756815,0.0004362216730268,-3.3602927609441156,-3.345169,0.018792419513009098,0.005921459067000521,0.01783511512805192,-3.38200220962831,-3.308335925137315,-3.38200220962831,-3.308335925137315
calibration,2257,15180030701036252205,-1.2000000000000002,1.0025105539620802e-09,2526.9743060678943,509.1946075584183,40.75166342427999,301.0515477079729,0.0004968570948976955,-3.3037685042681124,-3.3037195,0.017974496538936655,0.0033531742539524385,0.017658956051322346,-3.3389495337851636,-3.2684895073525317,-3.3389495337851636,-3.2684895073525317
calibration,2260,13197426831660621428,-2.2,8.939439783837784e-10,2330.6189292196764,529.359956175692,38.57283152042447,302.4090006102026,0.0005138057115543233,-3.289201072349278,-3.2915874,0.01819738819535085,0.0045036657913276185,0.017631276596339188,-3.327254233615573,-3.255920471889798,-3.327254233615573,-3.255920471889798
calibration,2267,2804036452383970560,-2.0,9.34880998874723e-10,2658.424632928369,469.5577205631138,37.334947088248434,294.43440760000914,0.0004995261765399783,-3.301441748621188,-3.3009827,0.018195326556667172,0.0041885855134500705,0.017706656364709767,-3.3366455537504085,-3.265319873648273,-3.3366455537504085,-3.265319873648273
calibration,2268,9985116505034206452,-1.2000000000000002,1.018423641836786e-09,2420.2103352289205,495.3862399264609,39.18777263938059,307.5354074756815,0.0004887646237231079,-3.3109002354124666,-3.30499,0.0183486448469276,0.004905261083721876,0.017680813963535318,-3.340953397076858,-3.269026709276902,-3.340953397076858,-3.269026709276902
calibration,2272,13344013943894260190,-1.2000000000000002,8.220747042076196e-10,2489.354974528123,536.8974000619587,36.589080383233394,294.68809277779184,0.0004822003061822609,-3.3167725181949312,-3.3100681,0.01853110870242237,0.005533818633389082,0.017685554218452436,-3.346389103549912,-3.273747157436416,-3.346389103549912,-3.273747157436416
calibration,2294,2216844718377656366,0.0,1.2225745089622023e-09,2432.279761567632,478.07469592026655,37.79561575023349,300.3431374384869,0.0004415904710704,-3.3549803066696944,-3.338389,0.018208013078677185,0.004337284357792136,0.017683882449017998,-3.3740766254645296,-3.302701214196115,-3.3740766254645296,-3.302701214196115
calibration,2297,16519722322841066187,-1.6,1.0933784852654091e-09,2410.884334287086,539.0569290920441,39.62193192256099,289.3285700165644,0.0005104632060921328,-3.2920355561569603,-3.2903128,0.01841305023753159,0.005356219942376721,0.01761679213361667,-3.3264023454943703,-3.254223188563247,-3.3264023454943703,-3.254223188563247
calibration,2317,5637171177688138856,-1.6,1.0663734802785015e-09,2646.766281337793,486.2018595083384,41.79339850063371,299.641349014439,0.0005122481937557068,-3.2905195642948737,-3.2939174,0.018219239798999916,0.00437478877019866,0.01768620778567284,-3.329627127532285,-3.258207707520205,-3.329627127532285,-3.258207707520205
calibration,2320,13197426831660621428,-0.4,8.939439783837784e-10,2330.6189292196764,529.359956175692,38.57283152042447,302.4090006102026,0.0004667723126153437,-3.330894912770184,-3.332757,0.01846573053126446,0.005111750473986872,0.01774410273832838,-3.3689498279960635,-3.296564164313507,-3.3689498279960635,-3.296564164313507
calibration,2336,3483175946691254694,-1.6,8.89459518994858e-10,2383.601346469497,502.4892009812192,38.55163090195673,309.2198732722366,0.0005022343086922542,-3.2990936230313244,-3.3047864,0.01853933254632702,0.005482971608326577,0.017709993595014736,-3.341123535501128,-3.2684493519195263,-3.341123535501128,-3.2684493519195263
calibration,2344,4837710515318421738,-0.2,1.0991618704794608e-09,2475.161456337068,505.0064403774024,34.84085283436253,301.39850617403,0.00044126031431939035,-3.3553051299902004,-3.3450928,0.01810055173943156,0.0036362748442619833,0.017731538602458095,-3.3805698548467857,-3.3096156920282143,-3.3805698548467857,-3.3096156920282143
calibration,2359,4837710515318421738,-1.4,1.0991618704794608e-09,2475.161456337068,505.0064403774024,34.84085283436253,301.39850617403,0.0004824932078095308,-3.3165087959608175,-3.3070834,0.018065243968976248,0.003826844888944601,0.017655263018013217,-3.342491246480585,-3.271675490122198,-3.342491246480585,-3.271675490122198
calibration,2364,4837710515318421738,-2.2,1.0991618704794608e-09,2475.161456337068,505.0064403774024,34.84085283436253,301.39850617403,0.0004967684027889658,-3.3038460354780135,-3.2965283,0.018019674688475443,0.003750048847977679,0.017625147195650514,-3.331846901775398,-3.2612097769965747,-3.331846901775398,-3.2612097769965747
calibration,2378,9985116505034206452,-1.6,1.018423641836786e-09,2420.2103352289205,495.3862399264609,39.18777263938059,307.5354074756815,0.0004977858850256428,-3.302957422195857,-3.2971191,0.01828901377748581,0.004770482085632965,0.01765589261269079,-3.3329656076288723,-3.2612726736211277,-3.3329656076288723,-3.2612726736211277
calibration,2387,2832837163574657009,-2.2,1.0574423663675307e-09,2585.038533860248,471.3266920396063,42.543125490608695,301.3994726877767,0.0005154387475594474,-3.2878229369323173,-3.2859957,0.018157458770979802,0.004384186006989368,0.01762022146895463,-3.321584341008137,-3.2504071026258963,-3.321584341008137,-3.2504071026258963
calibration,2404,3483175946691254694,-1.2000000000000002,8.89459518994858e-10,2383.601346469497,502.4892009812192,38.55163090195673,309.2198732722366,0.0004930335962568055,-3.3071234860537766,-3.31194,0.018533037861264073,0.005396922165825949,0.017729825196501896,-3.348264708965768,-3.2756152005496126,-3.348264708965768,-3.2756152005496126
calibration,2406,3703347433873037581,0.0,1.0368980362030106e-09,2588.682974046272,505.298163800807,40.78433779833217,301.9145433801493,0.0004428621989964,-3.3537313878296913,-3.350048,0.018279121949285066,0.0040599734520050616,0.01782253963676661,-3.3858751442061457,-3.314220986164948,-3.3858751442061457,-3.314220986164948
calibration,2414,2804036452383970560,-1.2000000000000002,9.34880998874723e-10,2658.424632928369,469.5577205631138,37.334947088248434,294.43440760000914,0.0004830053146873749,-3.3160480905182577,-3.3147476,0.0182671911932307,0.004387165226292814,0.017732541664118757,-3.350551266683923,-3.278943877206458,-3.350551266683923,-3.278943877206458
calibration,2417,2832837163574657009,0.0,1.0574423663675307e-09,2585.038533860248,471.3266920396063,42.543125490608695,301.3994726877767,0.00044084783453,-3.3557112881460207,-3.3448567,0.018339961739570775,0.004469317553442033,0.017787056488234778,-3.3808030640537483,-3.3089104140346306,-3.3808030640537483,-3.3089104140346306
calibration,2446,14082706842164037214,-0.2,1.011801650795657e-09,2503.197375042157,521.464297637573,42.04226242943757,288.6545802497056,0.0004695209516921161,-3.3283450232035143,-3.33667,0.018297564405000667,0.004582739539291912,0.017714383093778818,-3.3725331481088014,-3.3008066956411986,-3.3725331481088014,-3.3008066956411986
calibration,2454,7311808897764695838,-0.4,9.756514716409811e-10,2404.497548871577,500.9208966540563,41.62971960161597,300.52976098251094,0.0004786318443837299,-3.3199984102356215,-3.3280003,0.018245386272954515,0.004422449655061684,0.017701301655668446,-3.363761264178121,-3.292239349988139,-3.363761264178121,-3.292239349988139
calibration,2457,14219469232104377133,-0.6000000000000001,9.570305915597544e-10,2609.011101819734,467.3507151496423,38.45876893881996,290.3471581734896,0.0004712419389750213,-3.326756065727497,-3.328331,0.01825042429208788,0.0043521760383146285,0.017723897669858133,-3.364101825264836,-3.2925601620398517,-3.364101825264836,-3.2925601620398517
calibration,2459,14082706842164037214,-2.0,1.011801650795657e-09,2503.197375042157,521.464297637573,42.04226242943757,288.6545802497056,0.000525111190099075,-3.2797487268157828,-3.2869294,0.018059729022411777,0.004018466255801743,0.01760697979332111,-3.3223264378567055,-3.251532300088851,-3.3223264378567055,-3.251532300088851
calibration,2463,13344013943894260190,-1.0,8.220747042076196e-10,2489.354974528123,536.8974000619587,36.589080383233394,294.68809277779184,0.0004768704001503204,-3.32159963384698,-3.3150826,0.018552403890735147,0.005581191532309909,0.017692993277007487,-3.351445261674669,-3.278719838422987,-3.351445261674669,-3.278719838422987
calibration,2467,3483175946691254694,-2.2,8.89459518994858e-10,2383.601346469497,502.4892009812192,38.55163090195673,309.2198732722366,0.0005129115808103835,-3.289957495074886,-3.2994099,0.018482094946030234,0.005387805029272557,0.01767934911499692,-3.3356347724272273,-3.2631849602387883,-3.3356347724272273,-3.2631849602387883
calibration,2470,2804036452383970560,-1.8,9.34880998874723e-10,2658.424632928369,469.5577205631138,37.334947088248434,294.43440760000914,0.00049603390776742,-3.3044886350965847,-3.3029895,0.018204873937278786,0.0041968421618870195,0.017714511788482448,-3.338671035796705,-3.2673079299625725,-3.338671035796705,-3.2673079299625725
calibration,2473,3141391476646313355,-2.0,1.0375673846448864e-09,2379.4103992541063,496.85223216497695,39.047727684139495,305.18782525816323,0.0005101595524289222,-3.2922939770340807,-3.2900293,0.018075174910273197,0.003967272890580934,0.01763441826116315,-3.3254566301623925,-3.254601944514121,-3.3254566301623925,-3.254601944514121
calibration,2478,11854955608364436255,-0.4,9.431291378149591e-10,2617.847164727645,540.4486468445567,38.69622270488729,301.9657628923453,0.0004563987916593156,-3.3406555140706202,-3.3327851,0.018872648043595935,0.0061134034323295245,0.017855060283689342,-3.369775519712567,-3.2957947393816713,-3.369775519712567,-3.2957947393816713
calibration,2480,7311808897764695838,-1.8,9.756514716409811e-10,2404.497548871577,500.9208966540563,41.62971960161597,300.52976098251094,0.0005202527028695446,-3.2837856548197872,-3.2864182,0.017936893712933236,0.0033095199380245507,0.017628931072279853,-3.3215745112165336,-3.2512618878618356,-3.3215745112165336,-3.2512618878618356
calibration,2481,2216844718377656366,-0.8,1.2225745089622023e-09,2432.279761567632,478.07469592026655,37.79561575023349,300.3431374384869,0.000481757715975575,-3.3171713208265743,-3.3143241,0.018376179204940977,0.00530625296197876,0.017593397455236793,-3.3503414517903902,-3.278306829307022,-3.3503414517903902,-3.278306829307022
calibration,2487,5637171177688138856,-0.6000000000000001,1.0663734802785015e-09,2646.766281337793,486.2018595083384,41.79339850063371,299.641349014439,0.00048297770931200507,-3.3160729126153323,-3.3197436,0.018358035775154408,0.004790081531968472,0.01772209342058172,-3.3557253833895664,-3.283761883150961,-3.3557253833895664,-3.283761883150961
calibration,2491,7286060296444835846,-0.8,9.973807555784963e-10,2483.6702561944007,499.2076886794748,40.248277237816566,302.09732544564235,0.00048631192749299827,-3.3130850786101744,-3.3153791,0.01804312740564323,0.0037019507796361407,0.017659275264655865,-3.350743672476291,-3.28001461304617,-3.350743672476291,-3.28001461304617
calibration,2494,12981595077382156139,-1.8,1.032683367538443e-09,2526.170348943833,478.8149532207128,42.09307571557734,293.4443281911712,0.0005167339951217245,-3.28673296595943,-3.2888396,0.017972055124705986,0.0035116510569167896,0.01762563674020943,-3.324064806672964,-3.253614350584116,-3.324064806672964,-3.253614350584116
calibration,2506,16519722322841066187,0.0,1.0933784852654091e-09,2410.884334287086,539.0569290920441,39.62193192256099,289.3285700165644,0.0004504467020199,-3.346356588454078,-3.337483,0.01864962895419089,0.005803073187643145,0.017723796732835674,-3.3740362019799504,-3.3009296564795223,-3.3740362019799504,-3.3009296564795223
calibration,2514,14219469232104377133,-1.0,9.570305915597544e-10,2609.011101819734,467.3507151496423,38.45876893881996,290.3471581734896,0.00048473904923589177,-3.3144919933068007,-3.3137524,0.01809670730058875,0.0038153633026401642,0.01768993614693983,-3.3492219591051744,-3.2782828664868666,-3.3492219591051744,-3.2782828664868666
calibration,2518,16519722322841066187,-2.2,1.0933784852654091e-09,2410.884334287086,539.0569290920441,39.62193192256099,289.3285700165644,0.0005207454727074209,-3.283374497062851,-3.2856407,0.01835968735718435,0.005242232078344695,0.0175953720357386,-3.3216257037728156,-3.249655729332653,-3.3216257037728156,-3.249655729332653
calibration,2538,7296031158140813817,-2.2,8.058950792540601e-10,2412.212725535436,472.1154567367515,38.858183000543626,295.7855807653235,0.0005115102787278637,-3.2911456347769623,-3.291948,0.017928531080622707,0.003330695894479552,0.017616432545474167,-3.3270880009808868,-3.2568081591448457,-3.3270880009808868,-3.2568081591448457
calibration,2552,13344013943894260190,-2.2,8.220747042076196e-10,2489.354974528123,536.8974000619587,36.589080383233394,294.68809277779184,0.0005013881911560014,-3.2998258988903273,-3.295758,0.01842666411843542,0.005281416145890536,0.017653572322887067,-3.3318742706290427,-3.2596417472847756,-3.3318742706290427,-3.2596417472847756
calibration,2555,13197426831660621428,-1.4,8.939439783837784e-10,2330.6189292196764,529.359956175692,38.57283152042447,302.4090006102026,0.0004990651715423051,-3.3018427373564245,-3.3005853,0.0182471463622836,0.0045671397224712465,0.017666340856227824,-3.3363496767980543,-3.2648208630579028,-3.3363496767980543,-3.2648208630579028
id_test,11,4253972365711734043,-2.0,1.1064539714677527e-09,2488.434465234489,500.4335716276796,41.129719458135625,288.0815978442095,0.0005137974748424007,-3.2892080344891084,-3.288155,0.017888337958280497,0.003217021881501727,0.0175966867404561,-3.3232162212861693,-3.2530939364897096,-3.3232162212861693,-3.2530939364897096
id_test,20,14100953261967155807,-0.2,8.758150413106088e-10,2554.792538970499,492.8309420700668,37.207464786418186,297.95471711920453,0.0004470108236151441,-3.3496819610304307,-3.3461983,0.01816592486373835,0.0036797837477918942,0.017789322524388928,-3.381803533121721,-3.310593107655867,-3.381803533121721,-3.310593107655867
id_test,25,5857788625354206728,-2.2,1.1037395013588123e-09,2531.0169366346463,492.6438219382251,36.10636397779454,299.96382807834965,0.0005024071795098378,-3.2989441630622087,-3.2938635,0.017973603246287915,0.0035272035595081785,0.01762411006774477,-3.3290917972900926,-3.2586352725646437,-3.3290917972900926,-3.2586352725646437
id_test,35,16501516911797089168,-1.8,1.0727510291740675e-09,2408.6350240081065,515.7307920217833,36.322106531247385,300.55707391972635,0.0004930359064280735,-3.3071214511168248,-3.2948604,0.017999863274392777,0.003638286645290821,0.017628327973570675,-3.330140095024402,-3.259580630988782,-3.330140095024402,-3.259580630988782
id_test,38,8793357247245534573,-0.2,1.075576112436465e-09,2439.1914792405805,507.5653121861305,41.43318212059344,299.0815860986159,0.0004580234181150583,-3.3391123165416685,-3.337316,0.018144176720537298,0.004005100616887515,0.01769661943953924,-3.3728786225966183,-3.301753449852112,-3.3728786225966183,-3.301753449852112
id_test,41,3779633422659776445,-1.0,1.0976147775803618e-09,2495.918019735696,486.14991613464105,39.05845567786759,297.2376267822416,0.0004890231650392767,-3.3106705678488844,-3.3079944,0.01803718221502054,0.003795499842905294,0.017633323094469498,-3.343347242833579,-3.2726414885506983,-3.343347242833579,-3.2726414885506983
id_test,74,4253972365711734043,-0.6000000000000001,1.1064539714677527e-09,2488.434465234489,500.4335716276796,41.129719458135625,288.0815978442095,0.00047900874044456455,-3.319656561967041,-3.3210168,0.018125960111409444,0.004160964412683022,0.017641905264803866,-3.3565436703010287,-3.2854899066643033,-3.3565436703010287,-3.2854899066643033
id_test,79,14100953261967155807,-1.2000000000000002,8.758150413106088e-10,2554.792538970499,492.8309420700668,37.207464786418186,297.95471711920453,0.0004855398946364458,-3.3137750802592807,-3.3107133,0.01801533439650981,0.003391612649244882,0.01769319767447796,-3.346023346585372,-3.2754032357510536,-3.346023346585372,-3.2754032357510536
id_test,125,18237334030368139870,-2.2,1.0050965165320695e-09,2414.3235243349927,515.5034020410067,40.79653471954481,301.4383600393062,0.0005221355272253352,-3.282216755452399,-3.2859173,0.017929361287632412,0.003428074571466347,0.017598588141616623,-3.3210588302282518,-3.2507757339807326,-3.3210588302282518,-3.2507757339807326
id_test,136,2447368541047246097,-0.8,8.920412889937107e-10,2700.220283946353,481.8164609958477,41.48473029075561,294.1535226587993,0.00047900828838118217,-3.3196569718316398,-3.3197684,0.01853856542495635,0.0052378305933091975,0.017783237283647578,-3.356104017035405,-3.2834328405695756,-3.356104017035405,-3.2834328405695756
id_test,148,18237334030368139870,-1.4,1.0050965165320695e-09,2414.3235243349927,515.5034020410067,40.79653471954481,301.4383600393062,0.0005071139855999267,-3.2948944119622463,-3.294497,0.01799414771549617,0.0035557576968765605,0.017639328847305662,-3.3297655426144135,-3.2592284835696685,-3.3297655426144135,-3.2592284835696685
id_test,153,14456930291123660273,-1.8,8.241763212999094e-10,2472.357675267654,473.84577322091,39.21856251436128,307.7679942040925,0.0005011560225006818,-3.3000270462637897,-3.300736,0.018393893652382108,0.005028916821936072,0.01769308664375326,-3.3367879820286395,-3.264683918911302,-3.3367879820286395,-3.264683918911302
id_test,162,2447368541047246097,0.0,8.920412889937107e-10,2700.220283946353,481.8164609958477,41.48473029075561,294.1535226587993,0.0004366679984841,-3.359848634483562,-3.349275,0.018607611395167777,0.005018249671231581,0.017918157278139734,-3.3857460304866285,-3.3128041938175707,-3.3857460304866285,-3.3128041938175707
id_test,169,13149960228396626776,-1.0,7.777840542828623e-10,2445.911024694583,482.1130919467457,41.27682283342508,300.8565986758517,0.00048550561204054423,-3.3138057456444336,-3.3073635,0.018065042094931337,0.0037688559386869023,0.01766752560452891,-3.3427709926379015,-3.2719560276257704,-3.3427709926379015,-3.2719560276257704
id_test,187,4253972365711734043,-2.2,1.1064539714677527e-09,2488.434465234489,500.4335716276796,41.129719458135625,288.0815978442095,0.000516900041168426,-3.286593433242989,-3.2874095,0.017886304077277995,0.003242403757511216,0.017589960549622148,-3.3224666999825536,-3.252352387999624,-3.3224666999825536,-3.252352387999624
id_test,194,13052852389533457310,-1.6,9.58904338765352e-10,2486.667922677388,495.3304947031063,40.43386356777175,305.1954997344612,0.0005133597901690981,-3.2895781512305433,-3.2954972,0.018140661588730247,0.00409001041731897,0.017673579302450743,-3.3310528757452835,-3.2599414823174606,-3.3310528757452835,-3.2599414823174606
id_test,206,10990274489596691850,-1.4,8.981476672986597e-10,2648.7144938153992,484.4392889131667,39.21209704786501,303.00410991721293,0.0004895607465176078,-3.3101934116431857,-3.306982,0.018224051971545537,0.004088855634696428,0.01775943002518841,-3.3427011822695025,-3.2712628985410444,-3.3427011822695025,-3.2712628985410444
id_test,210,10990274489596691850,-1.0,8.981476672986597e-10,2648.7144938153992,484.4392889131667,39.21209704786501,303.00410991721293,0.00047911520071268156,-3.3195600502211398,-3.3167932,0.018319264603116052,0.0044382604933449225,0.017773499384406078,-3.3526989619759893,-3.2808874447317744,-3.3526989619759893,-3.2808874447317744
id_test,214,4155552024635161694,-1.6,1.0705485436227222e-09,2590.7468930890127,531.0534862964538,41.61731424149927,306.85396396460635,0.0005129275286848222,-3.2899439918387485,-3.2969992,0.018691752497087585,0.005926601177438294,0.017727295462376575,-3.3336350509740034,-3.2603633811854205,-3.3336350509740034,-3.2603633811854205
id_test,226,4253972365711734043,-1.4,1.1064539714677527e-09,2488.434465234489,500.4335716276796,41.129719458135625,288.0815978442095,0.0005024255991992016,-3.298928240871732,-3.2955008,0.01793438795135075,0.0034052959243516525,0.017608130475377112,-3.330652155694706,-3.260349354925411,-3.330652155694706,-3.260349354925411
id_test,228,16501516911797089168,-0.8,1.0727510291740675e-09,2408.6350240081065,515.7307920217833,36.322106531247385,300.55707391972635,0.00046947029719492117,-3.32839187980343,-3.319019,0.01822095825180724,0.0044653340107651445,0.017665336532854382,-3.354732157381916,-3.283306001034832,-3.354732157381916,-3.283306001034832
id_test,231,3779633422659776445,0.0,1.0976147775803618e-09,2495.918019735696,486.14991613464105,39.05845567786759,297.2376267822416,0.0004422673483714,-3.3543151224562338,-3.343224,0.018112712127212018,0.0036699505892354516,0.01773701822106471,-3.3787249643838373,-3.3077231328451666,-3.3787249643838373,-3.3077231328451666
id_test,234,2314355766595058403,-0.6000000000000001,9.920951194363948e-10,2484.0228854962547,482.5603784265586,38.422268984819695,304.0303353891022,0.0004701456149502604,-3.3277676102026628,-3.3259592,0.01819480294586318,0.00421314601443932,0.017700288500305538,-3.3616210194013334,-3.2902973918535494,-3.3616210194013334,-3.2902973918535494
id_test,256,14100953261967155807,-0.6000000000000001,8.758150413106088e-10,2554.792538970499,492.8309420700668,37.207464786418186,297.95471711920453,0.00046644029874630746,-3.331203935163508,-3.3320327,0.01816954850284454,0.003987941953926286,0.01772650058332473,-3.36764499557705,-3.2964203654458992,-3.36764499557705,-3.2964203654458992
id_test,274,16501516911797089168,-2.0,1.0727510291740675e-09,2408.6350240081065,515.7307920217833,36.322106531247385,300.55707391972635,0.0004963592607234718,-3.3042038709465826,-3.293014,0.017984264719284892,0.003621156055438963,0.017615930383787445,-3.328263208379828,-3.257764890680231,-3.328263208379828,-3.257764890680231
id_test,282,10990274489596691850,-1.2000000000000002,8.981476672986597e-10,2648.7144938153992,484.4392889131667,39.21209704786501,303.00410991721293,0.0004846684046326172,-3.3145552908630767,-3.3115296,0.018268163973784626,0.00422854995035078,0.017772033274154896,-3.3473352377716745,-3.2757240349944388,-3.3473352377716745,-3.2757240349944388
id_test,290,14100953261967155807,-1.6,8.758150413106088e-10,2554.792538970499,492.8309420700668,37.207464786418186,297.95471711920453,0.0004947515642316645,-3.305612824031912,-3.3015447,0.018024856542865807,0.003460628969205962,0.017689529875424444,-3.3368733851143,-3.266215947466266,-3.3368733851143,-3.266215947466266
id_test,307,16501516911797089168,-2.2,1.0727510291740675e-09,2408.6350240081065,515.7307920217833,36.322106531247385,300.55707391972635,0.0004993933120784479,-3.301557278057707,-3.2921302,0.017977048983892026,0.0036444207774024248,0.017603763687443087,-3.3273652478657283,-3.2568952158488713,-3.3273652478657283,-3.2568952158488713
id_test,327,3779633422659776445,-2.0,1.0976147775803618e-09,2495.918019735696,486.14991613464105,39.05845567786759,297.2376267822416,0.0005107650641611564,-3.291778815717371,-3.2900832,0.01792535408784089,0.0033067864372851486,0.017617703090244338,-3.325216863949302,-3.2549494759249655,-3.325216863949302,-3.2549494759249655
id_test,377,13052852389533457310,-0.6000000000000001,9.58904338765352e-10,2486.667922677388,495.3304947031063,40.43386356777175,305.1954997344612,0.00048426586780466466,-3.3149161399695086,-3.322317,0.01822679241170523,0.004361647085303008,0.017697230108525103,-3.358041398121449,-3.2865923718675645,-3.358041398121449,-3.2865923718675645
id_test,380,4155552024635161694,-2.0,1.0705485436227222e-09,2590.7468930890127,531.0534862964538,41.61731424149927,306.85396396460635,0.0005207271157873839,-3.283389806748705,-3.2933161,0.01864816158222693,0.005879257928767813,0.017697126648077086,-3.329866522570916,-3.256765729168586,-3.329866522570916,-3.256765729168586
id_test,422,16069905982438259650,-1.8,9.91880560193061e-10,2562.543459042286,488.1664551370801,40.47383155665718,295.6008889602198,0.0005148800494817738,-3.2882939358438437,-3.2888892,0.01797508828223081,0.0034178272556896374,0.01764715903682273,-3.3241203427261654,-3.253657996659821,-3.3241203427261654,-3.253657996659821
id_test,428,4155552024635161694,-0.2,1.0705485436227222e-09,2590.7468930890127,531.0534862964538,41.61731424149927,306.85396396460635,0.00046273140084494635,-3.3346710283778473,-3.3345485,0.019060307632321655,0.006563440609798063,0.017894596053672805,-3.3719066763175047,-3.297190270398804,-3.3719066763175047,-3.297190270398804
id_test,437,4253972365711734043,-1.8,1.1064539714677527e-09,2488.434465234489,500.4335716276796,41.129719458135625,288.0815978442095,0.0005103966189210478,-3.292092211224189,-3.289712,0.01788697152333899,0.0031669369309587697,0.01760438192670563,-3.324770416395217,-3.2546534880237283,-3.324770416395217,-3.2546534880237283
id_test,448,18237334030368139870,-0.4,1.0050965165320695e-09,2414.3235243349927,515.5034020410067,40.79653471954481,301.4383600393062,0.0004740782052263737,-3.324150010020617,-3.329494,0.018231752204646193,0.004390389848732106,0.01769523407890602,-3.365228233802308,-3.2937597651600945,-3.365228233802308,-3.2937597651600945
id_test,474,14456930291123660273,-1.6,8.241763212999094e-10,2472.357675267654,473.84577322091,39.21856251436128,307.7679942040925,0.0004972767257806413,-3.303401866731128,-3.3035061,0.01840584838097931,0.005046198817321615,0.01770059635822403,-3.3395815987672712,-3.2674306731138323,-3.3395815987672712,-3.2674306731138323
id_test,487,2447368541047246097,-1.4,8.920412889937107e-10,2700.220283946353,481.8164609958477,41.48473029075561,294.1535226587993,0.0004960820172516001,-3.304446515656717,-3.3047702,0.018471144540806474,0.005037129625853891,0.01777105797017541,-3.340973674546929,-3.2685667879469675,-3.340973674546929,-3.2685667879469675
id_test,502,18237334030368139870,-1.2000000000000002,1.0050965165320695e-09,2414.3235243349927,515.5034020410067,40.79653471954481,301.4383600393062,0.0005022428180880937,-3.2990862648077095,-3.2986808,0.018011877303490673,0.0036174806861087624,0.01764487281326409,-3.333984061832957,-3.2633775028032734,-3.333984061832957,-3.2633775028032734
id_test,511,8793357247245534573,0.0,1.075576112436465e-09,2439.1914792405805,507.5653121861305,41.43318212059344,299.0815860986159,0.0004436086988009,-3.352999946282594,-3.3430908,0.018119105225871863,0.003741489703901556,0.01772859881167905,-3.378604218871493,-3.3075773263860753,-3.378604218871493,-3.3075773263860753
id_test,517,2314355766595058403,-2.0,9.920951194363948e-10,2484.0228854962547,482.5603784265586,38.422268984819695,304.0303353891022,0.0005057306933505946,-3.2960806877590287,-3.2935812,0.018079378937258514,0.003909908172721491,0.017651532133320665,-3.3290168300467387,-3.258145664612685,-3.3290168300467387,-3.258145664612685
id_test,525,4155552024635161694,0.0,1.0705485436227222e-09,2590.7468930890127,531.0534862964538,41.61731424149927,306.85396396460635,0.0004474335851195,-3.349271420139611,-3.342466,0.01917185565926399,0.006715056218660928,0.017957395283906948,-3.3800429530436955,-3.3048892788593807,-3.3800429530436955,-3.3048892788593807
id_test,538,18237334030368139870,-1.8,1.0050965165320695e-09,2414.3235243349927,515.5034020410067,40.79653471954481,301.4383600393062,0.0005153770081684371,-3.2878749599572177,-3.2884195,0.017958010999743933,0.003480458047267558,0.01761750752476333,-3.3236171866516613,-3.253221783532665,-3.3236171866516613,-3.253221783532665
id_test,563,2447368541047246097,-0.4,8.920412889937107e-10,2700.220283946353,481.8164609958477,41.48473029075561,294.1535226587993,0.0004623950711701282,-3.334986803858773,-3.3349192,0.018526064374725103,0.00502965460848459,0.01783024491671839,-3.3712303004231186,-3.298608128074196,-3.3712303004231186,-3.298608128074196
id_test,568,10990274489596691850,-0.2,8.981476672986597e-10,2648.7144938153992,484.4392889131667,39.21209704786501,303.00410991721293,0.00044537464820625637,-3.351274507682504,-3.349047,0.018541908963825224,0.004917715135152043,0.017877875835902873,-3.385389087140997,-3.3127048040028018,-3.385389087140997,-3.3127048040028018
id_test,582,16069905982438259650,-1.4,9.91880560193061e-10,2562.543459042286,488.1664551370801,40.47383155665718,295.6008889602198,0.000506532198890977,-3.2953929424928243,-3.2951279,0.017979384414249115,0.0034253442250088964,0.01765007864019729,-3.330367462104272,-3.2598882752004155,-3.330367462104272,-3.2598882752004155
id_test,591,13149960228396626776,-1.4,7.777840542828623e-10,2445.911024694583,482.1130919467457,41.27682283342508,300.8565986758517,0.0004959420456881015,-3.304569070905778,-3.2971752,0.01799682002316571,0.003481978095740115,0.017656764456222256,-3.3324489362364935,-3.261901401745684,-3.3324489362364935,-3.261901401745684
id_test,596,16501516911797089168,-1.4,1.0727510291740675e-09,2408.6350240081065,515.7307920217833,36.322106531247385,300.55707391972635,0.0004852398177470853,-3.3140435690620116,-3.3015864,0.01806876036249608,0.0038795406386590366,0.017647357125729304,-3.337001159852118,-3.266171619231134,-3.337001159852118,-3.266171619231134
id_test,626,14100953261967155807,0.0,8.758150413106088e-10,2554.792538970499,492.8309420700668,37.207464786418186,297.95471711920453,0.000432869620059,-3.363642893058905,-3.3501768,0.018250038207976983,0.0038658655646853406,0.017835889819699274,-3.385946886105897,-3.3144067363306267,-3.385946886105897,-3.3144067363306267
id_test,639,4155552024635161694,-0.8,1.0705485436227222e-09,2590.7468930890127,531.0534862964538,41.61731424149927,306.85396396460635,0.000490940345658612,-3.308971275952878,-3.3121,0.018783733882226712,0.006089307241643576,0.01776932690024028,-3.348916052033432,-3.2752838152151034,-3.348916052033432,-3.2752838152151034
id_test,643,8793357247245534573,-1.4,1.075576112436465e-09,2439.1914792405805,507.5653121861305,41.43318212059344,299.0815860986159,0.0005013461723695455,-3.299862296420458,-3.292234,0.017938212202789076,0.0033475397601019944,0.01762309312724352,-3.3273928398566754,-3.2570750480217425,-3.3273928398566754,-3.2570750480217425
id_test,666,13149960228396626776,-1.8,7.777840542828623e-10,2445.911024694583,482.1130919467457,41.27682283342508,300.8565986758517,0.0005041866824413805,-3.2974086299380456,-3.2906935,0.017967232858458124,0.003400324775995666,0.017642541168045343,-3.3259092979022116,-3.255477745097056,-3.3259092979022116,-3.255477745097056
id_test,668,14456930291123660273,-1.4,8.241763212999094e-10,2472.357675267654,473.84577322091,39.21856251436128,307.7679942040925,0.000492951985257572,-3.3071953800193175,-3.307037,0.018406108293812135,0.005031102108472256,0.01770516375849019,-3.3431130873529176,-3.2709611428411742,-3.3431130873529176,-3.2709611428411742
id_test,669,15425818973916266975,-1.8,1.1154637147520875e-09,2350.383805501934,499.6014506673355,39.64774721352306,306.8220229508652,0.0005152997648719414,-3.287940055704735,-3.292661,0.018243425571293298,0.004740950436287729,0.017616638204657423,-3.3284180657341147,-3.256903837494645,-3.3284180657341147,-3.256903837494645
id_test,670,2447368541047246097,-1.8,8.920412889937107e-10,2700.220283946353,481.8164609958477,41.48473029075561,294.1535226587993,0.0005045037853072363,-3.2971355708901475,-3.298329,0.018473879934115048,0.005076952435494965,0.01776256790487403,-3.3345379195848057,-3.262120310243075,-3.3345379195848057,-3.262120310243075
id_test,674,2314355766595058403,-1.0,9.920951194363948e-10,2484.0228854962547,482.5603784265586,38.422268984819695,304.0303353891022,0.0004837258310530895,-3.3154007205828413,-3.3127055,0.01811578439783304,0.003921360739631971,0.017686280965014123,-3.3482124542349383,-3.277198579395433,-3.3482124542349383,-3.277198579395433
id_test,696,15425818973916266975,-2.2,1.1154637147520875e-09,2350.383805501934,499.6014506673355,39.64774721352306,306.8220229508652,0.0005219439458418089,-3.2823761355394154,-3.289953,0.01819705510317674,0.0046244303147048235,0.017599642933501296,-3.3256192213951707,-3.254286765390718,-3.3256192213951707,-3.254286765390718
id_test,703,4155552024635161694,-0.6000000000000001,1.0705485436227222e-09,2590.7468930890127,531.0534862964538,41.61731424149927,306.85396396460635,0.0004832756999140542,-3.3158050415227263,-3.318063,0.018829563075560343,0.006146301331373687,0.017798186056673396,-3.354968964334275,-3.2811570770780785,-3.354968964334275,-3.2811570770780785
id_test,711,16501516911797089168,0.0,1.0727510291740675e-09,2408.6350240081065,515.7307920217833,36.322106531247385,300.55707391972635,0.0004305844216262,-3.365941686830612,-3.347521,0.018191118744543513,0.003924313462967021,0.017762786181185094,-3.3831756594049547,-3.311866473926344,-3.3831756594049547,-3.311866473926344
id_test,741,18237334030368139870,-2.0,1.0050965165320695e-09,2414.3235243349927,515.5034020410067,40.79653471954481,301.4383600393062,0.0005189152765945802,-3.2849035437142677,-3.286735,0.01794412332716669,0.0034507264164465807,0.017609204192953493,-3.3219055395520574,-3.2515645761095637,-3.3219055395520574,-3.2515645761095637
id_test,746,18237334030368139870,-1.0,1.0050965165320695e-09,2414.3235243349927,515.5034020410067,40.79653471954481,301.4383600393062,0.0004967346572383295,-3.303875538168091,-3.3037043,0.018067653840387398,0.003872084862409642,0.01764786307255437,-3.3391168633069443,-3.268291660252626,-3.3391168633069443,-3.268291660252626
id_test,754,14456930291123660273,-1.0,8.241763212999094e-10,2472.357675267654,473.84577322091,39.21856251436128,307.7679942040925,0.0004825674517455461,-3.316441973774107,-3.3157134,0.01838351101790967,0.004880805935749816,0.017723746264324446,-3.351745087204234,-3.279681724014028,-3.351745087204234,-3.279681724014028
id_test,773,13149960228396626776,-0.2,7.777840542828623e-10,2445.911024694583,482.1130919467457,41.27682283342508,300.8565986758517,0.00045201311499060327,-3.344848964114684,-3.3409884,0.01815160442367732,0.0038760456942564777,0.017732935318506338,-3.3765655422686742,-3.305411252927859,-3.3765655422686742,-3.305411252927859
id_test,776,8793357247245534573,-1.2000000000000002,1.075576112436465e-09,2439.1914792405805,507.5653121861305,41.43318212059344,299.0815860986159,0.0004965305454368182,-3.3040540295319216,-3.2963269,0.017971994562492512,0.0035013807148818322,0.017627618890987917,-3.331551985029131,-3.26110176634416,-3.331551985029131,-3.26110176634416
id_test,788,4253972365711734043,-0.8,1.1064539714677527e-09,2488.434465234489,500.4335716276796,41.129719458135625,288.0815978442095,0.0004861782474302266,-3.3132044762461916,-3.3117552,0.018110906616222826,0.0041720580223073905,0.017623814826954087,-3.3472525573266836,-3.27625780339109,-3.3472525573266836,-3.27625780339109
id_test,789,5857788625354206728,-0.8,1.1037395013588123e-09,2531.0169366346463,492.6438219382251,36.10636397779454,299.96382807834965,0.0004716614311168046,-3.326369635600769,-3.3212295,0.018150376777141694,0.00415836686149574,0.017667601307295753,-3.3568041963384223,-3.285654719372027,-3.3568041963384223,-3.285654719372027
id_test,810,3779633422659776445,-1.4,1.0976147775803618e-09,2495.918019735696,486.14991613464105,39.05845567786759,297.2376267822416,0.0004991945213746825,-3.3017301896513542,-3.2979681,0.017973889655089136,0.0034458830165096403,0.01764048205278723,-3.3331969729091555,-3.262739325461206,-3.3331969729091555,-3.262739325461206
id_test,811,4253972365711734043,-1.6,1.1064539714677527e-09,2488.434465234489,500.4335716276796,41.129719458135625,288.0815978442095,0.0005066326163256596,-3.2953068543514727,-3.2921162,0.017901800433650642,0.0032472443185943994,0.01760482478789166,-3.327203694011088,-3.2570286363111776,-3.327203694011088,-3.2570286363111776
id_test,826,14456930291123660273,-1.2000000000000002,8.241763212999094e-10,2472.357675267654,473.84577322091,39.21856251436128,307.7679942040925,0.0004880874028725852,-3.3115024009759777,-3.311257,0.0183718679323693,0.0048822622677269474,0.01771126918663603,-3.3472657466760083,-3.2752480243811206,-3.3472657466760083,-3.2752480243811206
id_test,830,4253972365711734043,0.0,1.1064539714677527e-09,2488.434465234489,500.4335716276796,41.129719458135625,288.0815978442095,0.0004459783555122,-3.3506862182154737,-3.3433447,0.018083714182373024,0.0036141560729315986,0.017718876052990915,-3.3787887682129787,-3.307900608618076,-3.3787887682129787,-3.307900608618076
id_test,832,2447368541047246097,-2.2,8.920412889937107e-10,2700.220283946353,481.8164609958477,41.48473029075561,294.1535226587993,0.0005113739312213256,-3.2912614151741675,-3.295412,0.01844621561968526,0.00506184374037419,0.01773811212604558,-3.331566646213216,-3.2592574809840498,-3.331566646213216,-3.2592574809840498
id_test,848,15425818973916266975,-0.4,1.1154637147520875e-09,2350.383805501934,499.6014506673355,39.64774721352306,306.8220229508652,0.00047472768901025725,-3.3235554368435394,-3.3270974,0.018548442112603727,0.00553324455407386,0.017703895737145578,-3.3634523624647756,-3.290742469383369,-3.3634523624647756,-3.290742469383369
id_test,849,14456930291123660273,-0.6000000000000001,8.241763212999094e-10,2472.357675267654,473.84577322091,39.21856251436128,307.7679942040925,0.0004688304960123463,-3.3289841465225525,-3.326471,0.018442856940263017,0.004965405354837217,0.017761861345716834,-3.362619089919688,-3.2903230907138568,-3.362619089919688,-3.2903230907138568
id_test,850,10990274489596691850,-0.8,8.981476672986597e-10,2648.7144938153992,484.4392889131667,39.21209704786501,303.00410991721293,0.0004727516676293031,-3.3253669305084608,-3.3227751,0.018387874020705353,0.004677605830704123,0.017782966015399724,-3.3588153585841227,-3.2867348924229574,-3.3588153585841227,-3.2867348924229574
id_test,888,14100953261967155807,-2.2,8.758150413106088e-10,2554.792538970499,492.8309420700668,37.207464786418186,297.95471711920453,0.0005053580297999744,-3.2964008292604894,-3.295554,0.01798159745846648,0.0033513047110396254,0.017666540206847176,-3.3307978536717924,-3.260309991634604,-3.3307978536717924,-3.260309991634604
id_test,913,13052852389533457310,-1.2000000000000002,9.58904338765352e-10,2486.667922677388,495.3304947031063,40.43386356777175,305.1954997344612,0.0005039277772265945,-3.2976317020456047,-3.3038542,0.018161026894723643,0.004122361048444501,0.01768697364533073,-3.3394498397796983,-3.2682586143523817,-3.3394498397796983,-3.2682586143523817
id_test,917,18237334030368139870,-1.6,1.0050965165320695e-09,2414.3235243349927,515.5034020410067,40.79653471954481,301.4383600393062,0.000511465085951413,-3.2911840071056124,-3.2910135,0.017972267092453146,0.003523226956251584,0.017623542296993453,-3.3262391227339965,-3.2557878357315797,-3.3262391227339965,-3.2557878357315797
id_test,931,13149960228396626776,-1.2000000000000002,7.777840542828623e-10,2445.911024694583,482.1130919467457,41.27682283342508,300.8565986758517,0.0004910433621591947,-3.3088801553007614,-3.301899,0.018031346793409765,0.0036257076842953644,0.017663060402997987,-3.3372403960139114,-3.266557516583745,-3.3372403960139114,-3.266557516583745
id_test,941,4253972365711734043,-1.0,1.1064539714677527e-09,2488.434465234489,500.4335716276796,41.129719458135625,288.0815978442095,0.000492319297515695,-3.3077531407855894,-3.3050642,0.018019976237830033,0.003807237872332409,0.01761319120534053,-3.3403833547811272,-3.2697450479288337,-3.3403833547811272,-3.2697450479288337
id_test,953,10990274489596691850,0.0,8.981476672986597e-10,2648.7144938153992,484.4392889131667,39.21209704786501,303.00410991721293,0.0004306890715001,-3.3658361480828085,-3.3544714,0.018551315032605396,0.004736923995376297,0.017936354961575873,-3.390832022547525,-3.3181108676197115,-3.390832022547525,-3.3181108676197115
id_test,956,13052852389533457310,-0.8,9.58904338765352e-10,2486.667922677388,495.3304947031063,40.43386356777175,305.1954997344612,0.0004918405548899767,-3.3081756642130444,-3.3149457,0.018206191165421843,0.004269191927014728,0.017698570047498214,-3.3506298324686505,-3.279261563100197,-3.3506298324686505,-3.279261563100197
id_test,957,4253972365711734043,-0.4,1.1064539714677527e-09,2488.434465234489,500.4335716276796,41.129719458135625,288.0815978442095,0.0004704224528958022,-3.3275119579012244,-3.3308835,0.01809291837710828,0.0038793334023348057,0.017672137164742394,-3.3663456229793374,-3.295421382941073,-3.3663456229793374,-3.295421382941073
id_test,981,14456930291123660273,-0.2,8.241763212999094e-10,2472.357675267654,473.84577322091,39.21856251436128,307.7679942040925,0.0004489811255404194,-3.3477719156691452,-3.3432367,0.01872080217215059,0.0056773006108111175,0.017839190460333606,-3.3799294570566096,-3.306543912541779,-3.3799294570566096,-3.306543912541779
id_test,995,16501516911797089168,-1.2000000000000002,1.0727510291740675e-09,2408.6350240081065,515.7307920217833,36.322106531247385,300.55707391972635,0.00048061592665057435,-3.3182018416431194,-3.3063731,0.01811843904152365,0.004076650771540451,0.017653859993401067,-3.3418852598756343,-3.2708609788328618,-3.3418852598756343,-3.2708609788328618
id_test,997,10990274489596691850,-0.4,8.981476672986597e-10,2648.7144938153992,484.4392889131667,39.21209704786501,303.00410991721293,0.0004563822391680073,-3.340671265177172,-3.3402066,0.018584581351781527,0.005191538666813242,0.017844735688004813,-3.3766324025268846,-3.3037808436279006,-3.3766324025268846,-3.3037808436279006
id_test,1004,13052852389533457310,-2.2,9.58904338765352e-10,2486.667922677388,495.3304947031063,40.43386356777175,305.1954997344612,0.0005242998267944072,-3.2804202857580402,-3.2897205,0.01809717413431761,0.004033539622964658,0.017641945639612848,-3.3251909965815827,-3.254250073975058,-3.3251909965815827,-3.254250073975058
id_test,1013,16069905982438259650,-0.8,9.91880560193061e-10,2562.543459042286,488.1664551370801,40.47383155665718,295.6008889602198,0.000489556306494484,-3.31019735045221,-3.3105805,0.01804432350935934,0.0037052488968449095,0.017659805184023762,-3.3459473660979975,-3.275213617941309,-3.3459473660979975,-3.275213617941309
id_test,1067,14100953261967155807,-2.0,8.758150413106088e-10,2554.792538970499,492.8309420700668,37.207464786418186,297.95471711920453,0.0005021596188996167,-3.2991582139532043,-3.296514,0.01799740671960874,0.0033927917198384528,0.01767471610566616,-3.3317889514416734,-3.261239117100807,-3.3317889514416734,-3.261239117100807
id_test,1074,13052852389533457310,-1.8,9.58904338765352e-10,2486.667922677388,495.3304947031063,40.43386356777175,305.1954997344612,0.0005173670153647931,-3.2862012630985893,-3.2926068,0.018125050416494554,0.004063619171084915,0.017663647099441016,-3.328131929413253,-3.2570817317805947,-3.328131929413253,-3.2570817317805947
id_test,1075,15425818973916266975,-2.0,1.1154637147520875e-09,2350.383805501934,499.6014506673355,39.64774721352306,306.8220229508652,0.0005187757765808864,-3.2850203108124365,-3.2908494,0.018207635826555754,0.0046362560331701975,0.017607473123018365,-3.3265364134704156,-3.255162481030317,-3.3265364134704156,-3.255162481030317
id_test,1076,3779633422659776445,-0.2,1.0976147775803618e-09,2495.918019735696,486.14991613464105,39.05845567786759,297.2376267822416,0.00045641339396374674,-3.340641619207388,-3.3386574,0.018061277143993706,0.003544733796883326,0.017710013782419227,-3.3740574823526184,-3.303257275948163,-3.3740574823526184,-3.303257275948163
id_test,1084,16501516911797089168,-0.6000000000000001,1.0727510291740675e-09,2408.6350240081065,515.7307920217833,36.322106531247385,300.55707391972635,0.0004625610045913526,-3.3348309824703577,-3.3274968,0.01818155117652741,0.004266746727645718,0.017673812719315174,-3.363132607350061,-3.2918609267380736,-3.363132607350061,-3.2918609267380736
id_test,1095,15425818973916266975,0.0,1.1154637147520875e-09,2350.383805501934,499.6014506673355,39.64774721352306,306.8220229508652,0.0004495588854154,-3.3472134141954433,-3.3433945,0.01862779249109519,0.005567060349165987,0.017776458100876837,-3.3799049911811063,-3.306884044616013,-3.3799049911811063,-3.306884044616013
id_test,1121,5857788625354206728,-1.6,1.1037395013588123e-09,2531.0169366346463,492.6438219382251,36.10636397779454,299.96382807834965,0.0004921270658579323,-3.307922749110391,-3.2998364,0.018048789972603046,0.0037396595895131403,0.017657116474088075,-3.3352120255173223,-3.2644607688247187,-3.3352120255173223,-3.2644607688247187
id_test,1134,16069905982438259650,-2.2,9.91880560193061e-10,2562.543459042286,488.1664551370801,40.47383155665718,295.6008889602198,0.0005217455162071428,-3.282541274499908,-3.2862546,0.017960832189521596,0.003404401369990131,0.01763523585104505,-3.3214578754853834,-3.2510514133024584,-3.3214578754853834,-3.2510514133024584
id_test,1138,18237334030368139870,0.0,1.0050965165320695e-09,2414.3235243349927,515.5034020410067,40.79653471954481,301.4383600393062,0.0004484205180882,-3.3483145238901413,-3.345675,0.018227473736606815,0.004128412853797164,0.01775378764563309,-3.3814008401314153,-3.3099491430839167,-3.3814008401314153,-3.3099491430839167
id_test,1177,10990274489596691850,-2.2,8.981476672986597e-10,2648.7144938153992,484.4392889131667,39.21209704786501,303.00410991721293,0.000504574708462331,-3.2970745220517514,-3.2973733,0.01815534792549768,0.004007120303621233,0.017707615266423105,-3.3329577767642977,-3.261788812896347,-3.3329577767642977,-3.261788812896347
id_test,1201,16069905982438259650,-1.0,9.91880560193061e-10,2562.543459042286,488.1664551370801,40.47383155665718,295.6008889602198,0.0004959998079975398,-3.3045184916259824,-3.3047028,0.018010494466283018,0.0035441127187670223,0.017658346644049264,-3.340003327942977,-3.269402189635148,-3.340003327942977,-3.269402189635148
id_test,1205,8793357247245534573,-1.6,1.075576112436465e-09,2439.1914792405805,507.5653121861305,41.43318212059344,299.0815860986159,0.0005056341772910347,-3.2961635785008885,-3.2889638,0.017929272967737764,0.003306168513450797,0.01762180744191998,-3.324105169725018,-3.253822419691486,-3.324105169725018,-3.253822419691486
id_test,1213,14100953261967155807,-1.8,8.758150413106088e-10,2554.792538970499,492.8309420700668,37.207464786418186,297.95471711920453,0.0004986449220491499,-3.302208599239282,-3.2984986,0.018018916399094236,0.003447153876708008,0.01768610937207595,-3.333815706665906,-3.263181554381457,-3.333815706665906,-3.263181554381457
id_test,1231,16069905982438259650,0.0,9.91880560193061e-10,2562.543459042286,488.1664551370801,40.47383155665718,295.6008889602198,0.0004470974175332,-3.3495978386408476,-3.3442721,0.018140424386727475,0.0036929705389194567,0.017760545379286556,-3.379827368486218,-3.3087169048902467,-3.379827368486218,-3.3087169048902467
id_test,1243,5857788625354206728,-1.8,1.1037395013588123e-09,2531.0169366346463,492.6438219382251,36.10636397779454,299.96382807834965,0.0004959008984115118,-3.3046051049075014,-3.296801,0.018014306100593534,0.0036330789257884516,0.017644148590127966,-3.332109130197642,-3.261493050283315,-3.332109130197642,-3.261493050283315
id_test,1256,4155552024635161694,-2.2,1.0705485436227222e-09,2590.7468930890127,531.0534862964538,41.61731424149927,306.85396396460635,0.0005241195667130212,-3.2805696266800215,-3.2925038,0.018640284709336975,0.005879490083919464,0.017688748875213187,-3.3290387918010524,-3.2559688757404515,-3.3290387918010524,-3.2559688757404515
id_test,1274,16069905982438259650,-1.2000000000000002,9.91880560193061e-10,2562.543459042286,488.1664551370801,40.47383155665718,295.6008889602198,0.0005016039325904195,-3.2996390672817584,-3.299576,0.017983881158599557,0.00342222842529694,0.017655263018013217,-3.3348244511534966,-3.2643276370117866,-3.3348244511534966,-3.2643276370117866
id_test,1281,2314355766595058403,-1.2000000000000002,9.920951194363948e-10,2484.0228854962547,482.5603784265586,38.422268984819695,304.0303353891022,0.0004891977089584035,-3.3105155855463266,-3.307342,0.01810687670560125,0.0039170718624621514,0.0176781075896207,-3.3428315308026955,-3.271852574116738,-3.3428315308026955,-3.271852574116738
id_test,1286,13149960228396626776,-0.8,7.777840542828623e-10,2445.911024694583,482.1130919467457,41.27682283342508,300.8565986758517,0.0004791808629148214,-3.3195005347265325,-3.3137064,0.018144652386255625,0.004096677938508618,0.017676130485693334,-3.349269916687315,-3.278142879333193,-3.349269916687315,-3.278142879333193
id_test,1293,2314355766595058403,-1.8,9.920951194363948e-10,2484.0228854962547,482.5603784265586,38.422268984819695,304.0303353891022,0.0005022347440212584,-3.2990932465916845,-3.2955801,0.018090383596131843,0.003932053124592075,0.017657886118884306,-3.3310373005453178,-3.260122996848481,-3.3310373005453178,-3.260122996848481
id_test,1294,15425818973916266975,-1.2000000000000002,1.1154637147520875e-09,2350.383805501934,499.6014506673355,39.64774721352306,306.8220229508652,0.00050241858136124,-3.298934307102418,-3.3030257,0.018351266686085912,0.005018257241508266,0.017651800878142953,-3.3389942052083903,-3.267057239798934,-3.3389942052083903,-3.267057239798934
id_test,1296,2447368541047246097,-0.2,8.920412889937107e-10,2700.220283946353,481.8164609958477,41.48473029075561,294.1535226587993,0.0004513309683671034,-3.345504866059919,-3.3432186,0.0185405829036927,0.004963003684559141,0.01786398059304894,-3.3795581074784202,-3.306879022495945,-3.3795581074784202,-3.306879022495945
id_test,1310,16501516911797089168,-1.6,1.0727510291740675e-09,2408.6350240081065,515.7307920217833,36.322106531247385,300.55707391972635,0.0004893547569086844,-3.3103761856446026,-3.2977102,0.01803510165064515,0.003756623002421555,0.01763952062764833,-3.3330589795178573,-3.262361381047328,-3.3330589795178573,-3.262361381047328
id_test,1312,3779633422659776445,-1.6,1.0976147775803618e-09,2495.918019735696,486.14991613464105,39.05845567786759,297.2376267822416,0.0005034607495376432,-3.2980343819597593,-3.294348,0.017957506314631652,0.003386289167594882,0.017635336788067505,-3.3295447138567806,-3.2591512891034244,-3.3295447138567806,-3.2591512891034244
id_test,1313,3779633422659776445,-0.8,1.0976147775803618e-09,2495.918019735696,486.14991613464105,39.05845567786759,297.2376267822416,0.00048285633477455713,-3.316182066548055,-3.3143814,0.018090963984010968,0.004049255517361148,0.01763197432350692,-3.349839650416352,-3.2789230715990287,-3.349839650416352,-3.2789230715990287
id_test,1327,5857788625354206728,-0.2,1.1037395013588123e-09,2531.0169366346463,492.6438219382251,36.10636397779454,299.96382807834965,0.00044531686561272556,-3.3513308563984543,-3.343669,0.018100889878456792,0.00367302506785384,0.017724308988224642,-3.379146681844881,-3.30819119352133,-3.379146681844881,-3.30819119352133
id_test,1330,16069905982438259650,-0.2,9.91880560193061e-10,2562.543459042286,488.1664551370801,40.47383155665718,295.6008889602198,0.0004618999524672485,-3.3354520824454057,-3.3387287,0.018132666114838904,0.003801233065780828,0.017729754540586173,-3.3742686918906264,-3.3031886407204576,-3.3742686918906264,-3.3031886407204576
id_test,1335,15425818973916266975,-1.0,1.1154637147520875e-09,2350.383805501934,499.6014506673355,39.64774721352306,306.8220229508652,0.0004969976098283641,-3.303645699880045,-3.3078036,0.018382475151716707,0.005113474604501709,0.01765694614286268,-3.343833282126222,-3.271773979531493,-3.343833282126222,-3.271773979531493
id_test,1343,16069905982438259650,-0.6000000000000001,9.91880560193061e-10,2562.543459042286,488.1664551370801,40.47383155665718,295.6008889602198,0.00048203094786505304,-3.3169250778284747,-3.3188171,0.0181240271674294,0.004017490951822256,0.017673147796679743,-3.3543402319200366,-3.2832940454237134,-3.3543402319200366,-3.2832940454237134
id_test,1350,13052852389533457310,-0.4,9.58904338765352e-10,2486.667922677388,495.3304947031063,40.43386356777175,305.1954997344612,0.0004751869964045418,-3.323135452427163,-3.3316176,0.01834298732681891,0.004686733376387955,0.017734140254211914,-3.367569848925824,-3.2956653386046937,-3.367569848925824,-3.2956653386046937
id_test,1354,13052852389533457310,-1.0,9.58904338765352e-10,2486.667922677388,495.3304947031063,40.43386356777175,305.1954997344612,0.0004982989330244798,-3.302510042754845,-3.3090835,0.018181128502745874,0.004199650419108678,0.017689441555529796,-3.3447184736268567,-3.2734484498960925,-3.3447184736268567,-3.2734484498960925
id_test,1365,8793357247245534573,-2.0,1.075576112436465e-09,2439.1914792405805,507.5653121861305,41.43318212059344,299.0815860986159,0.0005129837963739002,-3.2898963527371934,-3.2850544,0.017932268273879164,0.0033868348583725384,0.0176095309765637,-3.320201691083527,-3.2499071994499205,-3.320201691083527,-3.2499071994499205
id_test,1374,14456930291123660273,0.0,8.241763212999094e-10,2472.357675267654,473.84577322091,39.21856251436128,307.7679942040925,0.0004342911321436,-3.3622190384720336,-3.349947,0.01880071401282947,0.0057386072348256855,0.017903497437340696,-3.3867963751731534,-3.3130975762428623,-3.3867963751731534,-3.3130975762428623
id_test,1392,3779633422659776445,-1.8,1.0976147775803618e-09,2495.918019735696,486.14991613464105,39.05845567786759,297.2376267822416,0.0005072945819204808,-3.294739776071327,-3.291767,0.017940174166163076,0.0033342103954302122,0.017627616367562358,-3.3269296233084287,-3.2566041405770694,-3.3269296233084287,-3.2566041405770694
id_test,1414,4253972365711734043,-1.2000000000000002,1.1064539714677527e-09,2488.434465234489,500.4335716276796,41.129719458135625,288.0815978442095,0.0004976882307852691,-3.3030426292287496,-3.299795,0.017977975081073065,0.0035964211226577813,0.017614577827686526,-3.33503174349716,-3.2645580811793535,-3.33503174349716,-3.2645580811793535
id_test,1417,3779633422659776445,-0.6000000000000001,1.0976147775803618e-09,2495.918019735696,486.14991613464105,39.05845567786759,297.2376267822416,0.0004756396711236796,-3.3227219298489987,-3.3227525,0.01811310451988682,0.004065561893339009,0.017650942913452074,-3.3582541605975034,-3.2872507908795474,-3.3582541605975034,-3.2872507908795474
id_test,1428,13149960228396626776,-2.0,7.777840542828623e-10,2445.911024694583,482.1130919467457,41.27682283342508,300.8565986758517,0.000507688379228406,-3.2944027772980506,-3.2888305,0.017962057312631664,0.003408737876817422,0.01763564716941156,-3.3240361510552923,-3.253624886389776,-3.3240361510552923,-3.253624886389776
id_test,1446,4155552024635161694,-1.8,1.0705485436227222e-09,2590.7468930890127,531.0534862964538,41.61731424149927,306.85396396460635,0.0005170192717619207,-3.2864932683879355,-3.2948644,0.018674053190199824,0.005912161505519489,0.01771345825831056,-3.331465560375228,-3.258263271869645,-3.331465560375228,-3.258263271869645
id_test,1462,4253972365711734043,-0.2,1.1064539714677527e-09,2488.434465234489,500.4335716276796,41.129719458135625,288.0815978442095,0.0004598987253264068,-3.3373377941321483,-3.3385298,0.01805085413471228,0.0035792078906187867,0.01769244443194788,-3.3739094993146073,-3.3031501511065353,-3.3739094993146073,-3.3031501511065353
id_test,1467,13149960228396626776,-2.2,7.777840542828623e-10,2445.911024694583,482.1130919467457,41.27682283342508,300.8565986758517,0.0005108729447898584,-3.291687096416575,-3.2879534,0.017954158990624434,0.003414984301366509,0.01762639124445229,-3.3231435283916433,-3.2527632251483958,-3.3231435283916433,-3.2527632251483958
id_test,1469,4155552024635161694,-1.2000000000000002,1.0705485436227222e-09,2590.7468930890127,531.0534862964538,41.61731424149927,306.85396396460635,0.0005032640289896041,-3.298204109876266,-3.303259,0.01872445483065074,0.005958029811949323,0.01775125538808221,-3.339958827342099,-3.266558964405948,-3.339958827342099,-3.266558964405948
id_test,1484,2314355766595058403,-0.2,9.920951194363948e-10,2484.0228854962547,482.5603784265586,38.422268984819695,304.0303353891022,0.0004506821415004967,-3.3461296507185763,-3.3439393,0.018285554161041113,0.004355265657486386,0.017759311424187026,-3.379778990507447,-3.308099618196166,-3.379778990507447,-3.308099618196166
id_test,1518,2314355766595058403,-1.4,9.920951194363948e-10,2484.0228854962547,482.5603784265586,38.422268984819695,304.0303353891022,0.0004940420014875383,-3.306236127515911,-3.3025901,0.01811296068462982,0.004010748674150352,0.017663330409533058,-3.338091534701518,-3.267088728817769,-3.338091534701518,-3.267088728817769
id_test,1520,13052852389533457310,-2.0,9.58904338765352e-10,2486.667922677388,495.3304947031063,40.43386356777175,305.1954997344612,0.0005209949483595916,-3.2831664876605333,-3.2906754,0.01810618402528464,0.00404471082792504,0.017648631455637817,-3.32616352237718,-3.255187280998064,-3.32616352237718,-3.255187280998064
id_test,1536,16069905982438259650,-0.4,9.91880560193061e-10,2562.543459042286,488.1664551370801,40.47383155665718,295.6008889602198,0.0004730357393533385,-3.3251060456943633,-3.3294866,0.018197591331108542,0.0042352928588790745,0.0176978710586177,-3.365153887514222,-3.293819329496276,-3.365153887514222,-3.293819329496276
id_test,1563,4155552024635161694,-1.0,1.0705485436227222e-09,2590.7468930890127,531.0534862964538,41.61731424149927,306.85396396460635,0.000497504039947206,-3.3032033882455822,-3.3074243,0.018772295194156817,0.006074733828170017,0.017762224718997677,-3.3442180054500543,-3.2706306082889594,-3.3442180054500543,-3.2706306082889594
id_test,1577,8793357247245534573,-1.0,1.075576112436465e-09,2439.1914792405805,507.5653121861305,41.43318212059344,299.0815860986159,0.0004910710459927011,-3.3088556715216146,-3.3012025,0.01802501930381452,0.003751331063591073,0.017630339143743123,-3.336531573464749,-3.265873497793796,-3.336531573464749,-3.265873497793796
id_test,1579,14456930291123660273,-0.8,8.241763212999094e-10,2472.357675267654,473.84577322091,39.21856251436128,307.7679942040925,0.0004762397085287349,-3.3221743962559014,-3.3203864,0.01839678423636271,0.004875153147064052,0.017739067242620577,-3.3564441068627926,-3.2843287126562504,-3.3564441068627926,-3.2843287126562504
id_test,1583,5857788625354206728,-2.0,1.1037395013588123e-09,2531.0169366346463,492.6438219382251,36.10636397779454,299.96382807834965,0.0004993029260995062,-3.3016358888114126,-3.2947958,0.017976884961230535,0.003513645824823088,0.017630163765666604,-3.330030446095667,-3.2595610570476437,-3.330030446095667,-3.2595610570476437
id_test,1593,2314355766595058403,-0.4,9.920951194363948e-10,2484.0228854962547,482.5603784265586,38.422268984819695,304.0303353891022,0.0004614042553193167,-3.3359184044981154,-3.3351192,0.01828121765421382,0.004468390509976408,0.01772671381278467,-3.3709504340387824,-3.2992880608342645,-3.3709504340387824,-3.2992880608342645
id_test,1607,8793357247245534573,-0.4,1.075576112436465e-09,2439.1914792405805,507.5653121861305,41.43318212059344,299.0815860986159,0.00046879529424364734,-3.3290167564060797,-3.3277042,0.018259569186322447,0.004531224121883827,0.017688409474475177,-3.3634929468130776,-3.291915435602694,-3.3634929468130776,-3.291915435602694
id_test,1615,2314355766595058403,-2.2,9.920951194363948e-10,2484.0228854962547,482.5603784265586,38.422268984819695,304.0303353891022,0.000508913718808566,-3.2933558416742534,-3.2925568,0.018076060632645254,0.003926467522111884,0.017644456448046457,-3.3279858415352974,-3.2571276838553276,-3.3279858415352974,-3.2571276838553276
id_test,1624,18237334030368139870,-0.2,1.0050965165320695e-09,2414.3235243349927,515.5034020410067,40.79653471954481,301.4383600393062,0.0004630743689209869,-3.3343492564585713,-3.339384,0.018205302919624224,0.004205870978545761,0.017712812261366836,-3.3750664727019557,-3.3037016852570287,-3.3750664727019557,-3.3037016852570287
id_test,1625,8793357247245534573,-2.2,1.075576112436465e-09,2439.1914792405805,507.5653121861305,41.43318212059344,299.0815860986159,0.0005161805156995049,-3.2871983928256507,-3.2843027,0.017924797672504596,0.003402308503915133,0.01759894015948244,-3.3194353149249256,-3.249170108048707,-3.3194353149249256,-3.249170108048707
id_test,1705,14456930291123660273,-2.2,8.241763212999094e-10,2472.357675267654,473.84577322091,39.21856251436128,307.7679942040925,0.0005078714997668915,-3.2942461577980207,-3.2977514,0.018373093055479368,0.005003475960854084,0.017678681668935922,-3.3337626890855168,-3.261740164308038,-3.3337626890855168,-3.261740164308038
id_test,1723,10990274489596691850,-1.6,8.981476672986597e-10,2648.7144938153992,484.4392889131667,39.21209704786501,303.00410991721293,0.0004939105162696047,-3.306351726806183,-3.3031497,0.0182078225600473,0.004083338164706395,0.017744044699540464,-3.3388370323824876,-3.267462367947102,-3.3388370323824876,-3.267462367947102
id_test,1724,2447368541047246097,-1.6,8.920412889937107e-10,2700.220283946353,481.8164609958477,41.48473029075561,294.1535226587993,0.0005005212375942678,-3.3005774902639464,-3.3011267,0.0184741120892667,0.005052661941040788,0.017769733171755668,-3.337335978216081,-3.2649174588261554,-3.337335978216081,-3.2649174588261554
id_test,1728,18237334030368139870,-0.6000000000000001,1.0050965165320695e-09,2414.3235243349927,515.5034020410067,40.79653471954481,301.4383600393062,0.00048299282724847774,-3.316059318750634,-3.3186297,0.01822383117180891,0.00443121982060038,0.01767688625164898,-3.3543484507654466,-3.2829110325719557,-3.3543484507654466,-3.2829110325719557
id_test,1756,2447368541047246097,-2.0,8.920412889937107e-10,2700.220283946353,481.8164609958477,41.48473029075561,294.1535226587993,0.0005081010305629638,-3.2940499242250034,-3.2963874,0.01846307084072273,0.005078202477432451,0.017750967717568206,-3.332575052853554,-3.260199815157921,-3.332575052853554,-3.260199815157921
id_test,1794,2447368541047246097,-1.2000000000000002,8.920412889937107e-10,2700.220283946353,481.8164609958477,41.48473029075561,294.1535226587993,0.0004911018158945723,-3.308828460021248,-3.3091853,0.01848519245090687,0.005094619253278624,0.017769276431729052,-3.3454162436985286,-3.2729542892909733,-3.3454162436985286,-3.2729542892909733
id_test,1829,13149960228396626776,-1.6,7.777840542828623e-10,2445.911024694583,482.1130919467457,41.27682283342508,300.8565986758517,0.0005002970036000495,-3.3007720982036606,-3.293423,0.017979005900414905,0.0034269311442588313,0.0176493846981679,-3.3286617889580015,-3.2581840858283755,-3.3286617889580015,-3.2581840858283755
id_test,1869,14456930291123660273,-2.0,8.241763212999094e-10,2472.357675267654,473.84577322091,39.21856251436128,307.7679942040925,0.0005046669144294471,-3.2969951663416417,-3.298735,0.018374121351395645,0.00498691408803813,0.017684428770652044,-3.334748181184307,-3.2627216254868356,-3.334748181184307,-3.2627216254868356
id_test,1876,2447368541047246097,-1.0,8.920412889937107e-10,2700.220283946353,481.8164609958477,41.48473029075561,294.1535226587993,0.00048546596099719857,-3.3138412157443096,-3.3142052,0.018505882017084908,0.00515399419502593,0.017773688641323185,-3.350476698431221,-3.277933640924248,-3.350476698431221,-3.277933640924248
id_test,1885,8793357247245534573,-0.6000000000000001,1.075576112436465e-09,2439.1914792405805,507.5653121861305,41.43318212059344,299.0815860986159,0.00047752001836186264,-3.3210084174166514,-3.3163767,0.018206174763155693,0.0044294553152765615,0.01765912638254774,-3.3520607886319764,-3.2806925835604064,-3.3520607886319764,-3.2806925835604064
id_test,1920,3779633422659776445,-1.2000000000000002,1.0976147775803618e-09,2495.918019735696,486.14991613464105,39.05845567786759,297.2376267822416,0.0004944170336464291,-3.305906575356097,-3.3025775,0.018011521500486512,0.0036324685722307843,0.01764142959908554,-3.3378800777159046,-3.267274913433998,-3.3378800777159046,-3.267274913433998
id_test,1934,16069905982438259650,-1.6,9.91880560193061e-10,2562.543459042286,488.1664551370801,40.47383155665718,295.6008889602198,0.0005109239272163294,-3.291643758279387,-3.2915263,0.017985734614674415,0.003467085153504841,0.017648396777060607,-3.3267783574411975,-3.2562742777516736,-3.3267783574411975,-3.2562742777516736
id_test,1984,15425818973916266975,-1.6,1.1154637147520875e-09,2350.383805501934,499.6014506673355,39.64774721352306,306.8220229508652,0.0005114627345784499,-3.291186003704556,-3.295292,0.018282166462224914,0.004857825414590208,0.017624957938733407,-3.3311249469007262,-3.259458854368805,-3.3311249469007262,-3.259458854368805
id_test,2021,13149960228396626776,0.0,7.777840542828623e-10,2445.911024694583,482.1130919467457,41.27682283342508,300.8565986758517,0.0004373745705414,-3.359146470943085,-3.3460298,0.01818140860298319,0.0038459472204445096,0.017769981729173465,-3.3816653193152164,-3.310394197591522,-3.3816653193152164,-3.310394197591522
id_test,2045,2447368541047246097,-0.6000000000000001,8.920412889937107e-10,2700.220283946353,481.8164609958477,41.48473029075561,294.1535226587993,0.0004714451953491228,-3.326568785940094,-3.3266485,0.01857336598687382,0.005264422451875385,0.01781167502801194,-3.363052271073897,-3.2902446764053512,-3.363052271073897,-3.2902446764053512
id_test,2052,3779633422659776445,-0.4,1.0976147775803618e-09,2495.918019735696,486.14991613464105,39.05845567786759,297.2376267822416,0.00046700372416902863,-3.330679656094252,-3.3316872,0.0180794975382599,0.0037737791419572226,0.017681255563008567,-3.367123027165346,-3.296251396815367,-3.367123027165346,-3.296251396815367
id_test,2055,13052852389533457310,-0.2,9.58904338765352e-10,2486.667922677388,495.3304947031063,40.43386356777175,305.1954997344612,0.00046393675523403153,-3.3335412192833775,-3.3416004,0.018446302677867128,0.004959304973542498,0.017767144137129657,-3.37775517133944,-3.3054456648422006,-3.37775517133944,-3.3054456648422006
id_test,2061,14456930291123660273,-0.4,8.241763212999094e-10,2472.357675267654,473.84577322091,39.21856251436128,307.7679942040925,0.0004599427478945136,-3.3372962244508955,-3.3344262,0.018571745947663393,0.005348406155125801,0.017784945642752653,-3.3708267866844954,-3.298025542569655,-3.3708267866844954,-3.298025542569655
id_test,2080,13052852389533457310,-1.4,9.58904338765352e-10,2486.667922677388,495.3304947031063,40.43386356777175,305.1954997344612,0.0005089076053858144,-3.293361058750578,-3.299299,0.018160421272588906,0.004126422501885598,0.017685404074631532,-3.3348934273879998,-3.2637045759994514,-3.3348934273879998,-3.2637045759994514
id_test,2084,14100953261967155807,-0.8,8.758150413106088e-10,2554.792538970499,492.8309420700668,37.207464786418186,297.95471711920453,0.0004737718514932316,-3.3244307458595905,-3.3233097,0.018136639248385353,0.003932705745527896,0.01770512716881955,-3.358857472884721,-3.2877618470310503,-3.358857472884721,-3.2877618470310503
id_test,2115,2314355766595058403,-0.8,9.920951194363948e-10,2484.0228854962547,482.5603784265586,38.422268984819695,304.0303353891022,0.00047746808487445066,-3.3210556524072334,-3.3186166,0.018141519553421127,0.004024043026292469,0.01768959548448904,-3.354174006971556,-3.283059250322145,-3.354174006971556,-3.283059250322145
id_test,2138,2314355766595058403,-1.6,9.920951194363948e-10,2484.0228854962547,482.5603784265586,38.422268984819695,304.0303353891022,0.0004983619571767578,-3.302455117269423,-3.2985923,0.018108244402255533,0.003988526442371949,0.01766352597501407,-3.3340844880536893,-3.263100169996848,-3.3340844880536893,-3.263100169996848
id_test,2154,15425818973916266975,-0.6000000000000001,1.1154637147520875e-09,2350.383805501934,499.6014506673355,39.64774721352306,306.8220229508652,0.0004834463670440262,-3.315651699013866,-3.319234,0.018447840705746812,0.005275956083832026,0.01767730514029217,-3.3553916621314084,-3.2830761265648807,-3.3553916621314084,-3.2830761265648807
id_test,2182,4155552024635161694,-0.4,1.0705485436227222e-09,2590.7468930890127,531.0534862964538,41.61731424149927,306.85396396460635,0.00047408918061741476,-3.3241399557794837,-3.325652,0.018964459097509663,0.006432170750380494,0.017840343665815172,-3.3628222239100984,-3.2884815442478605,-3.3628222239100984,-3.2884815442478605
id_test,2186,15425818973916266975,-0.8,1.1154637147520875e-09,2350.383805501934,499.6014506673355,39.64774721352306,306.8220229508652,0.0004907603706754464,-3.309130514184336,-3.3129578,0.018405980860821285,0.005180124897570768,0.017662005611113314,-3.349033486159085,-3.276882041184665,-3.349033486159085,-3.276882041184665
id_test,2202,10990274489596691850,-2.0,8.981476672986597e-10,2648.7144938153992,484.4392889131667,39.21209704786501,303.00410991721293,0.0005013474822432364,-3.2998611617350764,-3.2983675,0.018171832202977623,0.004022070969216224,0.01772112947201726,-3.333984291423012,-3.2627507091873396,-3.333984291423012,-3.2627507091873396
id_test,2219,8793357247245534573,-1.8,1.075576112436465e-09,2439.1914792405805,507.5653121861305,41.43318212059344,299.0815860986159,0.0005094879840750601,-3.2928660540744983,-3.2866051,0.01792693122881677,0.0033177892035893067,0.01761724004165382,-3.321741904913681,-3.2514683344967192,-3.321741904913681,-3.2514683344967192
id_test,2247,5857788625354206728,-0.6000000000000001,1.1037395013588123e-09,2531.0169366346463,492.6438219382251,36.10636397779454,299.96382807834965,0.00046451609969643405,-3.3329992291662447,-3.3289952,0.018174537315179456,0.00418132372554071,0.017687010235001372,-3.3646173209514725,-3.293373134675969,-3.3646173209514725,-3.293373134675969
id_test,2252,18237334030368139870,-0.8,1.0050965165320695e-09,2414.3235243349927,515.5034020410067,40.79653471954481,301.4383600393062,0.0004904144583384479,-3.3094367344846587,-3.3098402,0.018125778424769024,0.004147677630817588,0.017644846317295695,-3.34536672804409,-3.2743136766189957,-3.34536672804409,-3.2743136766189957
id_test,2264,15425818973916266975,-1.4,1.1154637147520875e-09,2350.383805501934,499.6014506673355,39.64774721352306,306.8220229508652,0.000507198373963633,-3.2948221474365633,-3.2987728,0.018309328614967983,0.004917287414519383,0.017636660324774466,-3.3346590959749856,-3.2628865278043113,-3.3346590959749856,-3.2628865278043113
id_test,2269,5857788625354206728,0.0,1.1037395013588123e-09,2531.0169366346463,492.6438219382251,36.10636397779454,299.96382807834965,0.000431249126152,-3.365271771936638,-3.347802,0.018159871165816518,0.003743603388237436,0.017769815183086412,-3.3833952712368314,-3.3122085762668307,-3.3833952712368314,-3.3122085762668307
id_test,2292,16501516911797089168,-0.2,1.0727510291740675e-09,2408.6350240081065,515.7307920217833,36.322106531247385,300.55707391972635,0.0004440714369881276,-3.3525471600786902,-3.342618,0.01813604876680398,0.0038420116228532883,0.017724423804087685,-3.378164644169362,-3.3070713330034898,-3.378164644169362,-3.3070713330034898
id_test,2318,15425818973916266975,-0.2,1.1154637147520875e-09,2350.383805501934,499.6014506673355,39.64774721352306,306.8220229508652,0.00046400823618396157,-3.333474310614298,-3.3361113,0.01864072252367188,0.005733724406364348,0.017736994248521872,-3.372647123290562,-3.299575490997768,-3.372647123290562,-3.299575490997768
id_test,2321,13149960228396626776,-0.4,7.777840542828623e-10,2445.911024694583,482.1130919467457,41.27682283342508,300.8565986758517,0.00046292159265381327,-3.3344925613824685,-3.3328638,0.018202344203153465,0.004232470091960437,0.01770343268855506,-3.3685404023164036,-3.2971872130400417,-3.3685404023164036,-3.2971872130400417
id_test,2350,16501516911797089168,-0.4,1.0727510291740675e-09,2408.6350240081065,515.7307920217833,36.322106531247385,300.55707391972635,0.0004542560175064407,-3.342699310904832,-3.335742,0.018128833031411117,0.003959536067809637,0.017691146129496533,-3.3712745095067027,-3.3002094840235707,-3.3712745095067027,-3.3002094840235707
id_test,2353,5857788625354206728,-1.4,1.1037395013588123e-09,2531.0169366346463,492.6438219382251,36.10636397779454,299.96382807834965,0.00048790099523884163,-3.3116682959965753,-3.3038976,0.01806631642483985,0.0037866372569054104,0.01766502615151033,-3.3393075994401227,-3.2684876390547504,-3.3393075994401227,-3.2684876390547504
id_test,2357,8793357247245534573,-0.8,1.075576112436465e-09,2439.1914792405805,507.5653121861305,41.43318212059344,299.0815860986159,0.00048481885543190644,-3.314420498060437,-3.3073385,0.018089560959398822,0.004009954110526701,0.017639514319084428,-3.342794015661452,-3.2718829367006084,-3.342794015661452,-3.2718829367006084
id_test,2410,5857788625354206728,-1.2000000000000002,1.1037395013588123e-09,2531.0169366346463,492.6438219382251,36.10636397779454,299.96382807834965,0.0004831469766425675,-3.315920733772476,-3.3089347,0.01808037695206805,0.003835825129661285,0.017668799934437426,-3.3443722273941687,-3.2734971497420617,-3.3443722273941687,-3.2734971497420617
id_test,2419,2314355766595058403,0.0,9.920951194363948e-10,2484.0228854962547,482.5603784265586,38.422268984819695,304.0303353891022,0.0004362736131289,-3.3602410533873734,-3.3492572,0.018281275693001735,0.004152522923323699,0.01780341585614943,-3.3850885311169505,-3.3134259304003835,-3.3850885311169505,-3.3134259304003835
id_test,2421,16069905982438259650,-2.0,9.91880560193061e-10,2562.543459042286,488.1664551370801,40.47383155665718,295.6008889602198,0.0005184701847753551,-3.285276213160851,-3.2871337,0.01796968815152938,0.0034146288137905443,0.017642279993499738,-3.322354282472066,-3.2519131049180707,-3.322354282472066,-3.2519131049180707
id_test,2422,16501516911797089168,-1.0,1.0727510291740675e-09,2408.6350240081065,515.7307920217833,36.322106531247385,300.55707391972635,0.00047539947495236584,-3.322941302257431,-3.3121734,0.01817307877520496,0.004323396369786695,0.017651318903860725,-3.3477926009460326,-3.276554132147229,-3.3477926009460326,-3.276554132147229
id_test,2451,5857788625354206728,-0.4,1.1037395013588123e-09,2531.0169366346463,492.6438219382251,36.10636397779454,299.96382807834965,0.0004559202971965328,-3.3411110729346203,-3.3370974,0.01813835013091599,0.003947698993929236,0.01770354245756698,-3.3726485726439246,-3.3015462401307336,-3.3726485726439246,-3.3015462401307336
id_test,2472,13149960228396626776,-0.6000000000000001,7.777840542828623e-10,2445.911024694583,482.1130919467457,41.27682283342508,300.8565986758517,0.00047178337650124666,-3.3262573657415806,-3.3227067,0.018222386510675002,0.004395655607022388,0.0176842748416928,-3.358422576932261,-3.2869908218104147,-3.358422576932261,-3.2869908218104147
id_test,2483,10990274489596691850,-0.6000000000000001,8.981476672986597e-10,2648.7144938153992,484.4392889131667,39.21209704786501,303.00410991721293,0.0004653098216427445,-3.332257780391234,-3.3306117,0.018501285597424793,0.005055771116760646,0.017797099721969207,-3.366874225550982,-3.2943491860090766,-3.366874225550982,-3.2943491860090766
id_test,2484,13052852389533457310,0.0,9.58904338765352e-10,2486.667922677388,495.3304947031063,40.43386356777175,305.1954997344612,0.0004488668781944,-3.3478824399271705,-3.3484416,0.018430194390795837,0.004738515330620964,0.017810630329829512,-3.3845647818055205,-3.3123184197936006,-3.3845647818055205,-3.3123184197936006
id_test,2496,3779633422659776445,-2.2,1.0976147775803618e-09,2495.918019735696,486.14991613464105,39.05845567786759,297.2376267822416,0.0005139301638847251,-3.289095891705283,-3.2893257,0.0179223449028589,0.003334296822755691,0.017609455273796856,-3.3244535101209314,-3.254197918101725,-3.3244535101209314,-3.254197918101725
id_test,2499,14100953261967155807,-1.0,8.758150413106088e-10,2554.792538970499,492.8309420700668,37.207464786418186,297.95471711920453,0.00048004422936895184,-3.3187187466120256,-3.3164425,0.01806619025356178,0.003654171609199926,0.017692773738983644,-3.3518522225210043,-3.2810327567270425,-3.3518522225210043,-3.2810327567270425
id_test,2510,14100953261967155807,-0.4,8.758150413106088e-10,2554.792538970499,492.8309420700668,37.207464786418186,297.95471711920453,0.00045767536502300813,-3.339442463413871,-3.3401148,0.018153841440437517,0.0038158064792543876,0.017748284054483643,-3.3756963611476962,-3.3045333027011807,-3.3756963611476962,-3.3045333027011807
id_test,2519,14100953261967155807,-1.4,8.758150413106088e-10,2554.792538970499,492.8309420700668,37.207464786418186,297.95471711920453,0.000490408932595123,-3.3094416279238987,-3.3057318,0.018013487248998854,0.003373332639049799,0.017694811405124487,-3.3410382083845027,-3.270425338368427,-3.3410382083845027,-3.270425338368427
id_test,2544,4155552024635161694,-1.4,1.0705485436227222e-09,2590.7468930890127,531.0534862964538,41.61731424149927,306.85396396460635,0.0005083714914652853,-3.2938188118679546,-3.2997391,0.01869596914120071,0.00591335824009199,0.017736161518086605,-3.3363832219075005,-3.2630950228739937,-3.3363832219075005,-3.2630950228739937
id_test,2545,10990274489596691850,-1.8,8.981476672986597e-10,2648.7144938153992,484.4392889131667,39.21209704786501,303.00410991721293,0.000497813422837562,-3.3029333974307353,-3.3003016,0.018194257885941912,0.00407510611966867,0.017732020576740327,-3.3359622972752936,-3.2646408063624017,-3.3359622972752936,-3.2646408063624017
id_test,2554,5857788625354206728,-1.0,1.1037395013588123e-09,2531.0169366346463,492.6438219382251,36.10636397779454,299.96382807834965,0.0004777784224903496,-3.320773467823852,-3.3147457,0.01809154184846453,0.003952205831981923,0.017654572861122167,-3.3502050866195483,-3.279286242573567,-3.3502050866195483,-3.279286242573567
ood_test,7,14456930291123660273,-2.4000000000000004,8.241763212999094e-10,2472.357675267654,473.84577322091,39.21856251436128,307.7679942040925,0.0005108176183862652,-3.2917341320899456,-3.298598,0.018363509085197113,0.004960155052528499,0.017680930041111143,-3.334590528878153,-3.2626055732641808,-3.334590528878153,-3.2626055732641808
ood_test,40,3779633422659776445,-2.6,1.0976147775803618e-09,2495.918019735696,486.14991613464105,39.05845567786759,297.2376267822416,0.0005195138192802067,-3.2844028955421956,-3.2936354,0.01794175383056452,0.003360759986618246,0.017624181985373272,-3.328801205855074,-3.2584695308392617,-3.328801205855074,-3.2584695308392617
ood_test,43,14100953261967155807,-2.4000000000000004,8.758150413106088e-10,2554.792538970499,492.8309420700668,37.207464786418186,297.95471711920453,0.0005082904240127671,-3.2938880721536585,-3.296479,0.017991170073333704,0.0033851444786745857,0.017669833277204824,-3.331741680083846,-3.2612162933963784,-3.331741680083846,-3.2612162933963784
ood_test,61,14100953261967155807,-2.8000000000000003,8.758150413106088e-10,2554.792538970499,492.8309420700668,37.207464786418186,297.95471711920453,0.0005135037577115024,-3.2894563739802396,-3.3063545,0.0179920532722802,0.0032468481407812574,0.017696664861199345,-3.3416189471187474,-3.271090098291409,-3.3416189471187474,-3.271090098291409
ood_test,149,13149960228396626776,-3.0,7.777840542828623e-10,2445.911024694583,482.1130919467457,41.27682283342508,300.8565986758517,0.0005213391391838026,-3.282879669484104,-3.2998512,0.01797548193661839,0.003396128003858838,0.017651749147918946,-3.3350831237186966,-3.264619234527153,-3.3350831237186966,-3.264619234527153
ood_test,213,16069905982438259650,-2.6,9.91880560193061e-10,2562.543459042286,488.1664551370801,40.47383155665718,295.6008889602198,0.0005275165865024337,-3.2777638804601605,-3.290717,0.01796153370182767,0.003378618584744572,0.017640907249994328,-3.325921492575968,-3.2555122804648033,-3.325921492575968,-3.2555122804648033
ood_test,237,8793357247245534573,-2.4000000000000004,1.075576112436465e-09,2439.1914792405805,507.5653121861305,41.43318212059344,299.0815860986159,0.0005191214392005582,-3.2847310348194165,-3.2849646,0.017921960080460785,0.003368219863434178,0.017602605435110396,-3.3200916032201055,-3.249837519704699,-3.3200916032201055,-3.249837519704699
ood_test,288,2314355766595058403,-3.0,9.920951194363948e-10,2484.0228854962547,482.5603784265586,38.422268984819695,304.0303353891022,0.0005193739464056516,-3.2845198398743185,-3.3056211,0.018071924738150093,0.003810823029198789,0.017665561117729347,-3.3410421196425357,-3.2702001746689877,-3.3410421196425357,-3.2702001746689877
ood_test,295,15425818973916266975,-3.0,1.1154637147520875e-09,2350.383805501934,499.6014506673355,39.64774721352306,306.8220229508652,0.0005322851430675079,-3.273855655513973,-3.3020198,0.018286765405310594,0.004838986465633272,0.017634909067434847,-3.3378618947128413,-3.266177774324024,-3.3378618947128413,-3.266177774324024
ood_test,299,18237334030368139870,-2.4000000000000004,1.0050965165320695e-09,2414.3235243349927,515.5034020410067,40.79653471954481,301.4383600393062,0.0005250833649654553,-3.279771740269688,-3.2866664,0.017918428546387585,0.003377877959342297,0.017597158621036082,-3.3217865132309488,-3.25154627332911,-3.3217865132309488,-3.25154627332911
ood_test,390,10990274489596691850,-2.4000000000000004,8.981476672986597e-10,2648.7144938153992,484.4392889131667,39.21209704786501,303.00410991721293,0.0005075423344132011,-3.294527727138396,-3.2982209,0.018150738888709758,0.0039839505255445185,0.017708118689822607,-3.3337963211008996,-3.262645424657157,-3.3337963211008996,-3.262645424657157
ood_test,391,10990274489596691850,-2.8000000000000003,8.981476672986597e-10,2648.7144938153992,484.4392889131667,39.21209704786501,303.00410991721293,0.0005128324943862876,-3.2900244646016463,-3.3079388,0.018185737539533797,0.003941061122989935,0.017753565584183683,-3.3435828597406942,-3.2722947685857218,-3.3435828597406942,-3.2722947685857218
ood_test,413,4155552024635161694,-2.4000000000000004,1.0705485436227222e-09,2590.7468930890127,531.0534862964538,41.61731424149927,306.85396396460635,0.0005272472899305563,-3.27798564387151,-3.2931602,0.01862805745077914,0.005833761827608289,0.017691007341090654,-3.3296711927225457,-3.2566492075154914,-3.3296711927225457,-3.2566492075154914
ood_test,486,14456930291123660273,-3.0,8.241763212999094e-10,2472.357675267654,473.84577322091,39.21856251436128,307.7679942040925,0.0005184244484051064,-3.285314525738809,-3.3099692,0.018333766729817503,0.004758380998353201,0.017705501897515418,-3.3459033695732794,-3.2740350039923944,-3.3459033695732794,-3.2740350039923944
ood_test,506,13052852389533457310,-3.0,9.58904338765352e-10,2486.667922677388,495.3304947031063,40.43386356777175,305.1954997344612,0.0005350914447065486,-3.271571992674483,-3.3023152,0.018114682922575485,0.003961734917758215,0.017676153196523388,-3.3378200136661875,-3.2668104566096914,-3.3378200136661875,-3.2668104566096914
ood_test,551,13052852389533457310,-2.8000000000000003,9.58904338765352e-10,2486.667922677388,495.3304947031063,40.43386356777175,305.1954997344612,0.0005326969841906602,-3.273519761921876,-3.3002634,0.01810445043192395,0.003921757232873308,0.017674584887536968,-3.3357481276927623,-3.2647786819996205,-3.3357481276927623,-3.2647786819996205
ood_test,559,18237334030368139870,-3.0,1.0050965165320695e-09,2414.3235243349927,515.5034020410067,40.79653471954481,301.4383600393062,0.0005326255205326016,-3.273578028357177,-3.2973392,0.01793517147498757,0.003329953376508106,0.017623330329246293,-3.332492137064486,-3.2621862648825353,-3.332492137064486,-3.2621862648825353
ood_test,562,15425818973916266975,-2.6,1.1154637147520875e-09,2350.383805501934,499.6014506673355,39.64774721352306,306.8220229508652,0.0005275203033417021,-3.277760820467093,-3.294801,0.018209761812591246,0.004635766488611284,0.01760980098309877,-3.3304921299330745,-3.2591098636277165,-3.3304921299330745,-3.2591098636277165
ood_test,662,5857788625354206728,-2.8000000000000003,1.1037395013588123e-09,2531.0169366346463,492.6438219382251,36.10636397779454,299.96382807834965,0.0005104055963903303,-3.2920845723979553,-3.3049388,0.01801205141985441,0.0035417580472900277,0.017660405759307378,-3.3402424139652878,-3.2696351723994583,-3.3402424139652878,-3.2696351723994583
ood_test,681,3779633422659776445,-2.8000000000000003,1.0976147775803618e-09,2495.918019735696,486.14991613464105,39.05845567786759,297.2376267822416,0.0005219939649689209,-3.2823345180625787,-3.298522,0.017956278668096022,0.0033799705099891004,0.017635297674971302,-3.3337163017339018,-3.2633276893549654,-3.3337163017339018,-3.2633276893549654
ood_test,767,15425818973916266975,-2.4000000000000004,1.1154637147520875e-09,2350.383805501934,499.6014506673355,39.64774721352306,306.8220229508652,0.0005248471936303635,-3.2799671206374734,-3.2907274,0.01818265517521053,0.004574184811210521,0.017597890414448893,-3.326365381081279,-3.2550893727944534,-3.326365381081279,-3.2550893727944534
ood_test,845,4253972365711734043,-2.6,1.1064539714677527e-09,2488.434465234489,500.4335716276796,41.129719458135625,288.0815978442095,0.00052238604036699,-3.2820084371552447,-3.2915165,0.0179001160470884,0.0032518700730766676,0.01760225720238292,-3.3266007698869857,-3.256432314982399,-3.3266007698869857,-3.256432314982399
ood_test,903,14456930291123660273,-2.8000000000000003,8.241763212999094e-10,2472.357675267654,473.84577322091,39.21856251436128,307.7679942040925,0.0005160696563246002,-3.2872916756678885,-3.3081107,0.018342403153801444,0.004809357348975728,0.017700673322703652,-3.344061824140191,-3.2721596037772893,-3.344061824140191,-3.2721596037772893
ood_test,934,2314355766595058403,-2.8000000000000003,9.920951194363948e-10,2484.0228854962547,482.5603784265586,38.422268984819695,304.0303353891022,0.0005170414262021244,-3.2864746591299867,-3.3034706,0.01805789575374141,0.0037723165014161876,0.01765947966212634,-3.3388640872495987,-3.2680771358949325,-3.3388640872495987,-3.2680771358949325
ood_test,1022,16501516911797089168,-2.8000000000000003,1.0727510291740675e-09,2408.6350240081065,515.7307920217833,36.322106531247385,300.55707391972635,0.0005072064214651791,-3.294815256724827,-3.302672,0.018007313688362853,0.003653344241043977,0.017632822194495554,-3.3379662441614664,-3.2673775745030844,-3.3379662441614664,-3.2673775745030844
ood_test,1024,4253972365711734043,-3.0,1.1064539714677527e-09,2488.434465234489,500.4335716276796,41.129719458135625,288.0815978442095,0.0005270958545178097,-3.278110399393314,-3.2980707,0.017935358208479114,0.0034151697731452726,0.017607204378196073,-3.3332239712628136,-3.262917367085575,-3.3332239712628136,-3.262917367085575
ood_test,1190,10990274489596691850,-3.0,8.981476672986597e-10,2648.7144938153992,484.4392889131667,39.21209704786501,303.00410991721293,0.0005152043008541574,-3.288020520202919,-3.3099375,0.018203627365051447,0.0039861708246103685,0.017761827279471756,-3.345616586747317,-3.2742583674763157,-3.345616586747317,-3.2742583674763157
ood_test,1216,13149960228396626776,-2.6,7.777840542828623e-10,2445.911024694583,482.1130919467457,41.27682283342508,300.8565986758517,0.0005164978513977081,-3.2869314807814565,-3.2926896,0.017954798679004253,0.003375514455875837,0.017634644107750896,-3.3278809672547203,-3.257498156433024,-3.3278809672547203,-3.257498156433024
ood_test,1334,8793357247245534573,-2.6,1.075576112436465e-09,2439.1914792405805,507.5653121861305,41.43318212059344,299.0815860986159,0.0005218386200261896,-3.282463782952155,-3.2884583,0.01791528435813806,0.0032783985305756243,0.017612766008133433,-3.323572304662507,-3.253344389978606,-3.323572304662507,-3.253344389978606
ood_test,1358,13149960228396626776,-2.8000000000000003,7.777840542828623e-10,2445.911024694583,482.1130919467457,41.27682283342508,300.8565986758517,0.0005190054468135879,-3.284828084331364,-3.297827,0.017962155726228557,0.00334944967782379,0.0176471022597476,-3.3330328306097603,-3.262621180162945,-3.3330328306097603,-3.262621180162945
ood_test,1367,3779633422659776445,-3.0,1.0976147775803618e-09,2495.918019735696,486.14991613464105,39.05845567786759,297.2376267822416,0.00052429708809037,-3.2804225543209817,-3.300517,0.017964405360116557,0.0034144076986257254,0.017636940425011783,-3.3357273167201837,-3.265306847708527,-3.3357273167201837,-3.265306847708527
ood_test,1391,8793357247245534573,-3.0,1.075576112436465e-09,2439.1914792405805,507.5653121861305,41.43318212059344,299.0815860986159,0.0005266985061190081,-3.2784379134351744,-3.294947,0.01791242784040254,0.0032263768509142813,0.017619465702998986,-3.3300552675179946,-3.2598385503836167,-3.3300552675179946,-3.2598385503836167
ood_test,1449,4155552024635161694,-2.6,1.0705485436227222e-09,2590.7468930890127,531.0534862964538,41.61731424149927,306.85396396460635,0.0005301445590684327,-3.2756056914456146,-3.2966838,0.018643798579431242,0.005827352326682296,0.01770969204566015,-3.3332256335152457,-3.2601419430838754,-3.3332256335152457,-3.2601419430838754
ood_test,1458,4253972365711734043,-2.4000000000000004,1.1064539714677527e-09,2488.434465234489,500.4335716276796,41.129719458135625,288.0815978442095,0.0005197517239798401,-3.2842040614699135,-3.288082,0.017885910422890415,0.0032064720700858427,0.017596145465673174,-3.3231382688130204,-3.25302549995529,-3.3231382688130204,-3.25302549995529
ood_test,1502,5857788625354206728,-3.0,1.1037395013588123e-09,2531.0169366346463,492.6438219382251,36.10636397779454,299.96382807834965,0.0005127209213730177,-3.2901189609846506,-3.3071527,0.01801976048494453,0.0035708853176890463,0.01766240431235202,-3.3424714786584016,-3.2718340175574188,-3.3424714786584016,-3.2718340175574188
ood_test,1618,4155552024635161694,-2.8000000000000003,1.0705485436227222e-09,2590.7468930890127,531.0534862964538,41.61731424149927,306.85396396460635,0.0005328348906050308,-3.2734073448341636,-3.3011606,0.0186690845652694,0.0058382598336715105,0.017732722089046398,-3.3377519797072788,-3.2645691682114224,-3.3377519797072788,-3.2645691682114224
ood_test,1696,18237334030368139870,-2.8000000000000003,1.0050965165320695e-09,2414.3235243349927,515.5034020410067,40.79653471954481,301.4383600393062,0.0005303012228522851,-3.2754773714154988,-3.295438,0.01792849953780319,0.0033242147913532536,0.017617624864051936,-3.330577910317849,-3.2602981921296608,-3.330577910317849,-3.2602981921296608
ood_test,1717,14456930291123660273,-2.6,8.241763212999094e-10,2472.357675267654,473.84577322091,39.21856251436128,307.7679942040925,0.0005135412275422632,-3.289424685123416,-3.3028893,0.018369301608573342,0.0049500597731418645,0.017689774647703903,-3.33889317822922,-3.266885515923612,-3.33889317822922,-3.266885515923612
ood_test,1718,4253972365711734043,-2.8000000000000003,1.1064539714677527e-09,2488.434465234489,500.4335716276796,41.129719458135625,288.0815978442095,0.0005248275497331078,-3.2799833756464394,-3.296172,0.017924898609527052,0.003381448606511699,0.01760306217513701,-3.3313047048849027,-3.2610391023355563,-3.3313047048849027,-3.2610391023355563
ood_test,1727,16069905982438259650,-3.0,9.91880560193061e-10,2562.543459042286,488.1664551370801,40.47383155665718,295.6008889602198,0.0005324684483811279,-3.2737061214102434,-3.2975028,0.01795052651952878,0.0032561936473479566,0.01765272192847287,-3.332685788097051,-3.262319724140498,-3.332685788097051,-3.262319724140498
ood_test,1766,2447368541047246097,-2.4000000000000004,8.920412889937107e-10,2700.220283946353,481.8164609958477,41.48473029075561,294.1535226587993,0.0005143720538901388,-3.288722634895261,-3.2962644,0.018444581701634245,0.0050488856346881305,0.017740104370526318,-3.332415790154124,-3.2601130298837178,-3.332415790154124,-3.2601130298837178
ood_test,1805,18237334030368139870,-2.6,1.0050965165320695e-09,2414.3235243349927,515.5034020410067,40.79653471954481,301.4383600393062,0.0005277953818459792,-3.277534414130335,-3.2904277,0.01792575278907959,0.0033674237226695514,0.017606620205178607,-3.3255621602505316,-3.2552932093173395,-3.3255621602505316,-3.2552932093173395
ood_test,1825,16069905982438259650,-2.4000000000000004,9.91880560193061e-10,2562.543459042286,488.1664551370801,40.47383155665718,295.6008889602198,0.0005247485725328099,-3.280048734149977,-3.2870133,0.017967429685651914,0.003437219781129109,0.017635590392336427,-3.3222294544964996,-3.2517971301287445,-3.3222294544964996,-3.2517971301287445
ood_test,1903,15425818973916266975,-2.8000000000000003,1.1154637147520875e-09,2350.383805501934,499.6014506673355,39.64774721352306,306.8220229508652,0.0005299917565795423,-3.2757308853046045,-3.3000948,0.018270183975946538,0.004799721333041271,0.017628451621423184,-3.335904403503622,-3.2642852823179114,-3.335904403503622,-3.2642852823179114
ood_test,1925,13149960228396626776,-2.4000000000000004,7.777840542828623e-10,2445.911024694583,482.1130919467457,41.27682283342508,300.8565986758517,0.0005137962028674772,-3.2892091096449847,-3.2887468,0.017949915850542918,0.0033816981102140838,0.017628486949381045,-3.3239286688683336,-3.2535649987342055,-3.3239286688683336,-3.2535649987342055
ood_test,1930,5857788625354206728,-2.4000000000000004,1.1037395013588123e-09,2531.0169366346463,492.6438219382251,36.10636397779454,299.96382807834965,0.0005052696559673471,-3.2964767825882935,-3.2947118,0.01797277430099099,0.0035163689164320494,0.01762542981931339,-3.329938465861754,-3.259485190601869,-3.329938465861754,-3.259485190601869
ood_test,1972,13052852389533457310,-2.4000000000000004,9.58904338765352e-10,2486.667922677388,495.3304947031063,40.43386356777175,305.1954997344612,0.0005273282150467686,-3.277918990831834,-3.2905474,0.018081309357812995,0.003956525305686674,0.01764311903249891,-3.325986737251958,-3.255108004569331,-3.325986737251958,-3.255108004569331
ood_test,2073,16501516911797089168,-3.0,1.0727510291740675e-09,2408.6350240081065,515.7307920217833,36.322106531247385,300.55707391972635,0.0005094649849377745,-3.2928856592942033,-3.304793,0.018034126346665666,0.00375738192265915,0.01763836237531564,-3.3401397686514276,-3.269445993372498,-3.3401397686514276,-3.269445993372498
ood_test,2129,8793357247245534573,-2.8000000000000003,1.075576112436465e-09,2439.1914792405805,507.5653121861305,41.43318212059344,299.0815860986159,0.0005243572319085081,-3.2803727378507332,-3.2931197,0.01790389866200496,0.0031896682638441875,0.017617479767082153,-3.328211310338101,-3.2580280275830416,-3.328211310338101,-3.2580280275830416
ood_test,2144,16501516911797089168,-2.6,1.0727510291740675e-09,2408.6350240081065,515.7307920217833,36.322106531247385,300.55707391972635,0.0005047871152618035,-3.296891739029602,-3.29712,0.017978581964920585,0.0035820316038220096,0.017618128287451438,-3.332358114950561,-3.261882073648072,-3.332358114950561,-3.261882073648072
ood_test,2171,2447368541047246097,-2.8000000000000003,8.920412889937107e-10,2700.220283946353,481.8164609958477,41.48473029075561,294.1535226587993,0.0005196917139830213,-3.284254207556857,-3.3060396,0.018443331344268562,0.00496797861805347,0.017761634237416307,-3.3421885011968513,-3.2698906423273186,-3.3421885011968513,-3.2698906423273186
ood_test,2180,2314355766595058403,-2.4000000000000004,9.920951194363948e-10,2484.0228854962547,482.5603784265586,38.422268984819695,304.0303353891022,0.0005118357883038536,-3.2908693508843845,-3.2934067,0.01806210356586507,0.003848821717587156,0.017647270067547436,-3.328808447918905,-3.258005001940714,-3.328808447918905,-3.258005001940714
ood_test,2191,2447368541047246097,-3.0,8.920412889937107e-10,2700.220283946353,481.8164609958477,41.48473029075561,294.1535226587993,0.0005220689261712211,-3.2822721554657504,-3.3080795,0.018447353684613456,0.00497443669492152,0.017764003734018475,-3.3442362943467203,-3.2719226679030355,-3.3442362943467203,-3.2719226679030355
ood_test,2220,14100953261967155807,-3.0,8.758150413106088e-10,2554.792538970499,492.8309420700668,37.207464786418186,297.95471711920453,0.0005158380099517185,-3.2874866596697974,-3.3085356,0.017995591114917303,0.0032738175668970714,0.017695293379406715,-3.343806934451937,-3.2732642172814614,-3.343806934451937,-3.2732642172814614
ood_test,2227,16069905982438259650,-2.8000000000000003,9.91880560193061e-10,2562.543459042286,488.1664551370801,40.47383155665718,295.6008889602198,0.0005300812624817154,-3.2756575471122256,-3.295562,0.01794660259278078,0.003254944236266861,0.01764896202438636,-3.330737369966738,-3.260386687803037,-3.330737369966738,-3.260386687803037
ood_test,2249,13052852389533457310,-2.6,9.58904338765352e-10,2486.667922677388,495.3304947031063,40.43386356777175,305.1954997344612,0.0005301173531837396,-3.2756279790812703,-3.2947655,0.01809460781052165,0.0039358556114849315,0.017661365922733496,-3.330230903720732,-3.259300041103487,-3.330230903720732,-3.259300041103487
ood_test,2379,3779633422659776445,-2.4000000000000004,1.0976147775803618e-09,2495.918019735696,486.14991613464105,39.05845567786759,297.2376267822416,0.0005168349206944051,-3.2866481502906018,-3.290053,0.017925302357616878,0.0033413920645779982,0.01761112073466739,-3.325186483398517,-3.2549192981566586,-3.325186483398517,-3.2549192981566586
ood_test,2399,14100953261967155807,-2.6,8.758150413106088e-10,2554.792538970499,492.8309420700668,37.207464786418186,297.95471711920453,0.0005109956551656837,-3.291582792518106,-3.3007998,0.018003777107438532,0.0033662661011932527,0.01768627213302466,-3.3360872497797494,-3.2655124435185905,-3.3360872497797494,-3.2655124435185905
ood_test,2409,10990274489596691850,-2.6,8.981476672986597e-10,2648.7144938153992,484.4392889131667,39.21209704786501,303.00410991721293,0.0005102858338682066,-3.2921864880233715,-3.30256,0.018165272558230725,0.003966653074177411,0.01772689549942509,-3.338164025232809,-3.2669561568045444,-3.338164025232809,-3.2669561568045444
ood_test,2431,5857788625354206728,-2.6,1.1037395013588123e-09,2531.0169366346463,492.6438219382251,36.10636397779454,299.96382807834965,0.0005079276580584628,-3.294198137998084,-3.2990665,0.01800454549052198,0.003616595594593096,0.017637570019689356,-3.3343554527405246,-3.2637776344176785,-3.3343554527405246,-3.2637776344176785
ood_test,2443,2447368541047246097,-2.6,8.920412889937107e-10,2700.220283946353,481.8164609958477,41.48473029075561,294.1535226587993,0.000517134402057219,-3.2863965700858935,-3.300554,0.018447742292149915,0.0050151007515591315,0.017752970055751188,-3.33671161198673,-3.2643964622015025,-3.33671161198673,-3.2643964622015025
ood_test,2523,16501516911797089168,-2.4000000000000004,1.0727510291740675e-09,2408.6350240081065,515.7307920217833,36.322106531247385,300.55707391972635,0.0005021906237922555,-3.2991314000924277,-3.292949,0.017968398681067498,0.003581124116904486,0.017607921031055514,-3.328167022672827,-3.2577308998430423,-3.328167022672827,-3.2577308998430423
ood_test,2527,4155552024635161694,-3.0,1.0705485436227222e-09,2590.7468930890127,531.0534862964538,41.61731424149927,306.85396396460635,0.0005353364201643179,-3.2713732095619354,-3.3027918,0.018682230350731587,0.005856178047726725,0.017740657000724268,-3.339409005364997,-3.2661746623901298,-3.339409005364997,-3.2661746623901298
ood_test,2530,2314355766595058403,-2.6,9.920951194363948e-10,2484.0228854962547,482.5603784265586,38.422268984819695,304.0303353891022,0.0005145356606252523,-3.2885845204621424,-3.2978146,0.018053246342144502,0.003767932364931425,0.017655661719251918,-3.3331989704508427,-3.262430244789636,-3.3331989704508427,-3.262430244789636
