light_voltage,trap_assisted_recomb_A,ge_sio2_recomb_velocity,ge_si_recomb_velocity,active_layer_length,simulation_temperature,net_photocurrent,_curve_id,split,actual,prediction,abs_error,bayesian_precision_weight,bayesian_model_std,bayesian_teacher_mean
-2.0,1.066709170571727e-09,2302.646144768272,474.8978179470865,37.69553984942066,294.1521471075916,0.0005097376687749155,3765765162242439701,train,-3.2926532715778474,-3.2909641,0.0016891449909333112,0.7530297,0.0071175476,-3.2913907
-0.4,1.0728366895058958e-09,2396.471193900285,522.5703607996403,39.66536493364173,302.3426017448898,0.00047434245289441635,10539271283961051071,train,-3.3239080049439167,-3.3272889,0.003380861099174126,0.740224,0.007179327,-3.3258336
-1.2000000000000002,1.0806933086411387e-09,2604.781653428076,466.5836923998952,39.33731057072893,297.69705044733973,0.0004974542674632956,3371631208540637995,train,-3.3032468391419063,-3.3085356,0.0052887367247929085,0.8598853,0.0066569494,-3.306415
-0.6000000000000001,8.979123523428992e-10,2531.360993910196,491.918494232159,35.793021097389925,308.86985058095934,0.0004757738828532225,579736006479800074,train,-3.3225994018196467,-3.3321757,0.0095763298392888,0.728443,0.007237591,-3.3280854
-2.4000000000000004,8.241763212999094e-10,2472.357675267654,473.84577322091,39.21856251436128,307.7679942040925,0.0005108176183862652,14456930291123660273,train,-3.2917341320899456,-3.2904785,0.0012556641486614062,0.9430969,0.006353742,-3.2924168
-2.8000000000000003,1.0191682032973931e-09,2560.240612715575,475.6482256289376,41.11142736058992,291.8506686301862,0.0005221284694972311,14547390297170085011,train,-3.282222625869037,-3.2792203,0.0030022832329286153,1.2520609,0.0055054943,-3.2799206
-1.4,1.0060692139373963e-09,2527.3807724384133,522.7157534573084,43.167246359099664,298.50956140834,0.000515204186238505,1367897570274288222,train,-3.288020616818865,-3.2916725,0.0036518513665599883,1.8877664,0.004468793,-3.2868109
-2.0,1.1064539714677527e-09,2488.434465234489,500.4335716276796,41.129719458135625,288.0815978442095,0.0005137974748424007,4253972365711734043,train,-3.2892080344891084,-3.2848938,0.004314283344699188,1.2740127,0.0054572322,-3.2866793
-0.4,9.595802013951228e-10,2610.2949574222403,489.9218602044182,42.219532217947325,302.0841812978663,0.00046993061477010133,11643629726484600332,train,-3.3279662608876337,-3.3309004,0.002934169791687591,0.9521807,0.0063230633,-3.3263447
-0.4,9.89963136259949e-10,2542.7024133885266,503.0087467521194,39.0211226249472,305.0510216058231,0.00045870997626210313,380264510751012186,train,-3.3384618145040172,-3.3356783,0.0027834754995006428,0.84603614,0.0067116967,-3.3324614
-1.8,1.0147448677929011e-09,2607.8117384734032,505.1107398178068,40.31257836583995,298.21936914217434,0.000510280019678387,833253205382390921,train,-3.2921914363969558,-3.295609,0.0034175609480149305,1.0971975,0.0058859577,-3.2952344
-1.2000000000000002,8.979123523428992e-10,2531.360993910196,491.918494232159,35.793021097389925,308.86985058095934,0.0004952289467237046,579736006479800074,train,-3.305193978214594,-3.3132849,0.008090895747808524,0.7087869,0.0073380093,-3.3112614
-1.4,8.584521018906483e-10,2718.2749419682723,482.1832227724541,38.88005077046229,301.691940704981,0.0004904357870221313,3494250555080783753,train,-3.309417846933424,-3.3100786,0.0006607739772204191,0.8199879,0.006818389,-3.3125381
-0.2,8.758150413106088e-10,2554.792538970499,492.8309420700668,37.207464786418186,297.95471711920453,0.0004470108236151441,14100953261967155807,train,-3.3496819610304307,-3.3479269,0.0017551059431504257,0.3743891,0.010114079,-3.3497493
-2.2,1.0455070732925304e-09,2552.705145034877,518.1497095238773,37.60227540602951,298.4772867617408,0.0005027179215562952,13753303497944442308,train,-3.2986756321893287,-3.2948678,0.0038078782067847428,0.7605026,0.0070822174,-3.2936153
-0.2,1.018423641836786e-09,2420.2103352289205,495.3862399264609,39.18777263938059,307.5354074756815,0.00045054446822408086,9985116505034206452,train,-3.3462623382004435,-3.3415635,0.004698874989383928,0.804536,0.006884107,-3.33728
-1.8,9.304065850268983e-10,2472.4930947482308,495.539662311,41.9345213676303,296.5403011366731,0.0005143263444010235,1906069974405082520,train,-3.288761230034399,-3.2880263,0.0007348971791745207,1.1812993,0.0056700814,-3.2906585
-2.2,1.0071535471770136e-09,2369.635821802133,538.5091665951578,40.65637295368661,296.23853018587084,0.0005285395135460215,6305389621858259219,train,-3.276922539343267,-3.2799447,0.0030221189361521184,1.7934489,0.004587064,-3.2779133
-2.2,1.1774606839117e-09,2487.5677489208106,509.6158544320055,42.33569419095241,299.8381908200232,0.000517330876881308,14988660033747214345,train,-3.286231599961331,-3.2802799,0.005951725159695442,1.5371447,0.0049614087,-3.284201
-0.6000000000000001,1.0050101529814667e-09,2449.206992526188,478.70441149946606,40.80112322251315,299.2329513672896,0.00048314703984638223,15255519671477510073,train,-3.3159206769593994,-3.3186593,0.002738628613110361,1.1787889,0.0056761904,-3.3166862
-1.2000000000000002,7.516487326049726e-10,2475.0294016619155,481.8667099014746,36.16652897024234,304.10393187120707,0.0004833716184136756,4556256472297801959,train,-3.3157188531592046,-3.3143318,0.0013870832159672553,0.609534,0.007916998,-3.3170602
-1.4,9.596807973870107e-10,2396.380469719385,547.2442070596833,39.34847113068841,298.5552181462747,0.0005048420254885106,16164245777420927440,train,-3.296844499488824,-3.2982419,0.0013973542251650706,1.1883934,0.005652923,-3.2970614
-0.8,9.344027379399094e-10,2510.734791451186,511.4018674256231,36.36815079533651,301.4558439858307,0.0004654217937435244,13370015301709921327,train,-3.3321532843906114,-3.3242214,0.007931911786241308,0.44833514,0.009238905,-3.3301532
-1.8,1.0727510291740675e-09,2408.6350240081065,515.7307920217833,36.322106531247385,300.55707391972635,0.0004930359064280735,16501516911797089168,train,-3.3071214511168248,-3.3014433,0.005678112722659723,0.7162898,0.0072991927,-3.2993398
-1.0,8.75983736068783e-10,2627.978517028968,489.37942559949954,40.91913452211564,297.20307373531364,0.0004854564210266621,5144607327742428380,train,-3.3138497502196462,-3.311824,0.0020256668913991582,0.93287796,0.0063887867,-3.3091257
-2.8000000000000003,1.1762312017058683e-09,2610.23254556298,515.3751788116352,39.24041391228537,297.93305834844136,0.0005191868177083972,7155552337602576564,train,-3.284676342920285,-3.283417,0.0012593564548311065,0.95836234,0.0063024354,-3.2841134
-0.2,1.075576112436465e-09,2439.1914792405805,507.5653121861305,41.43318212059344,299.0815860986159,0.0004580234181150583,8793357247245534573,train,-3.3391123165416685,-3.3322828,0.006829534940716364,0.81458634,0.00684115,-3.3366687
-2.4000000000000004,8.758150413106088e-10,2554.792538970499,492.8309420700668,37.207464786418186,297.95471711920453,0.0005082904240127671,14100953261967155807,train,-3.2938880721536585,-3.2943418,0.0004537304433873679,0.55391514,0.008307359,-3.2946575
-0.8,1.2307353848142815e-09,2445.249484887284,482.48119148575233,42.87746783295031,307.55593866537106,0.0004913861521330746,15038946426069692038,train,-3.3085770866368347,-3.3106637,0.002086613466925069,1.388206,0.005224846,-3.3078806
-2.8000000000000003,1.0941860864671191e-09,2539.112215454232,503.69324532533454,39.339075937042885,294.39428351617613,0.0005271956005623655,12823118457006761398,train,-3.278028222578425,-3.281558,0.0035298142257742526,0.90318173,0.00649397,-3.2809184
-2.2,8.584521018906483e-10,2718.2749419682723,482.1832227724541,38.88005077046229,301.691940704981,0.0005059581129829398,3494250555080783753,train,-3.2958854358348217,-3.296946,0.001060612901750524,0.8000542,0.0069035226,-3.2990584
-0.8,9.244750759855351e-10,2606.766252024905,514.7015322051607,39.36697999872778,300.425811364213,0.00048202001111866425,13867644369009061341,train,-3.3169349315992998,-3.3202562,0.0033213016160322795,0.68566215,0.0074616196,-3.3249745
-2.2,8.979123523428992e-10,2531.360993910196,491.918494232159,35.793021097389925,308.86985058095934,0.0005155590222610388,579736006479800074,train,-3.287721608605565,-3.2977278,0.01000621465188134,0.6404099,0.0077225557,-3.2948632
-2.8000000000000003,9.596807973870107e-10,2396.380469719385,547.2442070596833,39.34847113068841,298.5552181462747,0.0005274955531012339,16164245777420927440,train,-3.2777811972089164,-3.278894,0.0011127503924019955,1.6587703,0.004773014,-3.2785006
-1.4,8.75983736068783e-10,2627.978517028968,489.37942559949954,40.91913452211564,297.20307373531364,0.0004960177481239498,5144607327742428380,train,-3.3045027836420715,-3.3031037,0.0013990982630431859,0.98746955,0.0062079136,-3.300814
-1.4,9.979877857013674e-10,2496.537246315292,510.00187244466247,38.795972505421744,297.7961123434831,0.0004945628113973323,1378160361063041439,train,-3.305778543478446,-3.3028314,0.002947132116751572,0.9080319,0.00647644,-3.3049164
-1.4,9.798133860644783e-10,2446.0111249981446,493.4775434169566,39.325337668236735,299.6111127589073,0.0005053974794024896,7157631882990673600,train,-3.2963669283922017,-3.3009286,0.004561664289683076,0.87851226,0.006585361,-3.2976837
-2.6,1.2225799825820127e-09,2598.953191343567,516.8045118894966,39.85430360518959,306.74502895459364,0.0005133466421105078,17234994038809733169,train,-3.289589274428206,-3.2853901,0.004199135802107179,1.0426121,0.006039786,-3.288819
-1.0,8.762920771795992e-10,2597.67569731618,502.646286170094,38.978559546027874,295.06946514256083,0.0004766625035605118,2033506848451370756,train,-3.3217890103075924,-3.3140569,0.007732136986059235,0.69393903,0.007416669,-3.3187962
-1.2000000000000002,9.756514716409811e-10,2404.497548871577,500.9208966540563,41.62971960161597,300.52976098251094,0.0005069572054475994,7311808897764695838,train,-3.2950286998824065,-3.2979069,0.0028781757279450204,1.2184906,0.005581796,-3.2979312
-2.0,8.4981307882089e-10,2622.111610500832,493.1418777793542,40.32755095458103,299.70047987606006,0.0005127299903511734,5127878088967066821,train,-3.2901112792767804,-3.2947738,0.004662537785597554,0.9559881,0.0063103344,-3.2938402
-2.8000000000000003,8.758150413106088e-10,2554.792538970499,492.8309420700668,37.207464786418186,297.95471711920453,0.0005135037577115024,14100953261967155807,train,-3.2894563739802396,-3.289691,0.000234597394272118,0.5921655,0.008032987,-3.2899313
-1.4,9.85546704036472e-10,2573.0239327697072,479.3922741661716,39.9154735600532,295.8292447353602,0.0004933109604179298,12112510911978131146,train,-3.3068792352450425,-3.3026881,0.004191113449388162,0.7901248,0.006947123,-3.3035812
-1.0,1.1774606839117e-09,2487.5677489208106,509.6158544320055,42.33569419095241,299.8381908200232,0.0004920513748395169,14988660033747214345,train,-3.30798955039425,-3.3014202,0.006569338602257613,1.4569004,0.00509835,-3.3071396
-2.4000000000000004,1.0203477325736783e-09,2420.870896846657,485.827773341465,41.83782044136868,301.83723728961854,0.0005331998596751334,4106527973129540887,train,-3.273109973553608,-3.2800698,0.006959854479839045,1.1931397,0.005641529,-3.2789888
-2.6,9.60969170700449e-10,2766.6918918406623,529.8468751484584,39.61181207182135,297.3307652107198,0.0005171169370618898,6563696386679920944,train,-3.2864112376058894,-3.2892604,0.0028491498147649175,0.93197364,0.0063919155,-3.2851841
-2.8000000000000003,9.60969170700449e-10,2766.6918918406623,529.8468751484584,39.61181207182135,297.3307652107198,0.0005197481608988002,6563696386679920944,train,-3.28420703872168,-3.2870111,0.0028041078237301953,0.9803107,0.0062307715,-3.2827373
-2.6,8.89459518994858e-10,2383.601346469497,502.4892009812192,38.55163090195673,309.2198732722366,0.0005186112824220741,3483175946691254694,train,-3.2851580393592816,-3.2878928,0.0027347790916461,0.9917239,0.0061944467,-3.2862203
-0.6000000000000001,9.756514716409811e-10,2404.497548871577,500.9208966540563,41.62971960161597,300.52976098251094,0.0004875609274237384,7311808897764695838,train,-3.311971105523271,-3.3150506,0.0030794964359577293,1.0242888,0.0060941502,-3.3150504
-0.4,9.596807973870107e-10,2396.380469719385,547.2442070596833,39.34847113068841,298.5552181462747,0.0004724404434974387,16164245777420927440,train,-3.32565293147355,-3.3267577,0.0011047379753024167,0.59538376,0.008011113,-3.3254647
-0.6000000000000001,1.1064539714677527e-09,2488.434465234489,500.4335716276796,41.129719458135625,288.0815978442095,0.00047900874044456455,4253972365711734043,train,-3.319656561967041,-3.3117487,0.007907818909790088,1.0116135,0.0061326143,-3.3176267
-2.0,1.1942019403763875e-09,2464.50260258804,490.2741317287723,40.32854625878799,294.3650499716886,0.0005189269288869853,11892504857466714026,train,-3.2848937916994303,-3.2868478,0.001954038119295287,1.2116228,0.0055977935,-3.286835
-0.6000000000000001,1.0671658198705112e-09,2444.626831258547,492.08006432381046,41.193035529790656,301.7038514591378,0.00047409310368885175,10743645008157788724,train,-3.32413636202266,-3.3180294,0.006106958336136614,0.8967609,0.0065173944,-3.31789
0.0,9.50582857470194e-10,2403.738957653681,492.6388454667692,37.10727035463277,300.4554170460457,0.0004443704890668,9184494546452176042,train,-3.3522547905525224,-3.35737,0.005115109197233458,0.3744048,0.010113867,-3.356667
-1.2000000000000002,8.758150413106088e-10,2554.792538970499,492.8309420700668,37.207464786418186,297.95471711920453,0.0004855398946364458,14100953261967155807,train,-3.3137750802592807,-3.312923,0.0008521256999545201,0.4947127,0.008793083,-3.3141615
0.0,1.1459805246638944e-09,2630.825732937456,497.4739907663986,41.26661222078493,300.2753689300697,0.0004356814079796,12849312948239067464,train,-3.3608309725043335,-3.3542979,0.006533096146301265,0.85689044,0.006668676,-3.354721
-2.6,9.244750759855351e-10,2606.766252024905,514.7015322051607,39.36697999872778,300.425811364213,0.0005199459373802909,13867644369009061341,train,-3.2840418108229357,-3.2873323,0.003290485548524291,0.84844893,0.0067020627,-3.2910979
-1.4,9.926993823896762e-10,2332.1716999604114,489.929360905385,39.90607827400121,296.137708789732,0.000498169800944203,8562678507013604755,train,-3.302622602935216,-3.2949915,0.007631109710118267,0.65165466,0.0076551903,-3.2959383
-1.6,1.0728366895058958e-09,2396.471193900285,522.5703607996403,39.66536493364173,302.3426017448898,0.0005110466551022872,10539271283961051071,train,-3.2915394499072566,-3.2946143,0.0030748651257024306,1.0423661,0.0060405065,-3.2936258
-2.2,9.798133860644783e-10,2446.0111249981446,493.4775434169566,39.325337668236735,299.6111127589073,0.0005201302039588079,7157631882990673600,train,-3.283887926014111,-3.2886746,0.0047866669576905885,0.94340706,0.0063526873,-3.286056
-2.8000000000000003,1.006938037138553e-09,2476.033687734913,499.8883185243343,35.52248114367448,306.4489109295662,0.0005177483430269328,11533471517763731933,train,-3.2858812823242465,-3.2929008,0.007019518380709577,0.64901733,0.0076708333,-3.290143
-2.4000000000000004,1.066709170571727e-09,2302.646144768272,474.8978179470865,37.69553984942066,294.1521471075916,0.0005154986001520508,3765765162242439701,train,-3.287772509715218,-3.2856548,0.002117726466316583,0.75214046,0.0071217865,-3.286581
-0.2,1.2307353848142815e-09,2445.249484887284,482.48119148575233,42.87746783295031,307.55593866537106,0.0004637480473733956,15038946426069692038,train,-3.3337179059844337,-3.3335807,0.0001371736388526834,1.2074463,0.0056075887,-3.3325307
-1.8,1.0308127820747194e-09,2437.7200106987866,482.5972990901911,40.648465379108416,299.4728047413536,0.0005210182118586139,18026431441542812131,train,-3.283147095949099,-3.2908852,0.0077381140881325194,1.4155992,0.005173306,-3.2860215
-1.4,9.244750759855351e-10,2606.766252024905,514.7015322051607,39.36697999872778,300.425811364213,0.0004989600340636803,13867644369009061341,train,-3.301934239307919,-3.3053763,0.003442051967105453,0.77271205,0.007025597,-3.3097696
-1.4,9.50582857470194e-10,2403.738957653681,492.6388454667692,37.10727035463277,300.4554170460457,0.0005014888189072165,9184494546452176042,train,-3.2997387454771223,-3.3057141,0.005975384924489013,0.6053543,0.007944455,-3.304544
-1.4,1.1942019403763875e-09,2464.50260258804,490.2741317287723,40.32854625878799,294.3650499716886,0.0005074369181230273,11892504857466714026,train,-3.2946179392549007,-3.296033,0.0014149663237126298,1.2264766,0.0055633625,-3.296559
-2.0,1.0308127820747194e-09,2437.7200106987866,482.5972990901911,40.648465379108416,299.4728047413536,0.0005245699997999089,18026431441542812131,train,-3.2801965503714965,-3.2879367,0.007740137097985933,1.3921071,0.005217414,-3.2832162
-2.0,9.60969170700449e-10,2766.6918918406623,529.8468751484584,39.61181207182135,297.3307652107198,0.0005078865028194075,6563696386679920944,train,-3.2942333284766603,-3.2978368,0.00360345207143542,0.8138348,0.0068443352,-3.2932055
-2.0,1.0692616090001279e-09,2445.881237248077,515.6238842072526,38.37558042728467,295.9516778251947,0.0005125146624869076,2860266914913243763,train,-3.290293705401836,-3.2925348,0.002241122784198968,1.021341,0.006103032,-3.291587
-3.0,8.979123523428992e-10,2531.360993910196,491.918494232159,35.793021097389925,308.86985058095934,0.0005263564766764987,579736006479800074,train,-3.2787200288179044,-3.2914712,0.012751214086758722,0.641977,0.0077130618,-3.28669
-2.0,9.16382362452114e-10,2549.3338723326283,483.7915671011157,41.484417545989686,302.7283665488111,0.0005083297901445709,779010489516208886,train,-3.29385443817002,-3.2911255,0.0027289022050540623,1.1208204,0.0058228835,-3.2913918
-1.8,1.0025105539620802e-09,2526.9743060678943,509.1946075584183,40.75166342427999,301.0515477079729,0.0005100992856128824,15180030701036252205,train,-3.2923452846919075,-3.2928371,0.0004918582524284787,1.4050401,0.0051929946,-3.2917376
-2.0,8.75983736068783e-10,2627.978517028968,489.37942559949954,40.91913452211564,297.20307373531364,0.0005079455958825427,5144607327742428380,train,-3.294182800852459,-3.293208,0.0009749170176203137,1.0508932,0.006015683,-3.2906694
-2.8000000000000003,1.0933784852654091e-09,2410.884334287086,539.0569290920441,39.62193192256099,289.3285700165644,0.0005286205893597778,16519722322841066187,train,-3.2768559254434377,-3.2756035,0.0012523926523000384,1.4785981,0.00506023,-3.2752218
-2.6,9.143704143090119e-10,2444.5179463100326,473.4138143725302,40.94136333558407,299.94201571725745,0.0005187949970403713,11714911050137312102,train,-3.2850042206531778,-3.2810698,0.003934465098978546,1.4113646,0.0051811757,-3.2818315
-0.8,9.74908016407874e-10,2433.9347159425315,536.1873069142775,40.58953669016749,293.2225739384997,0.0004996383334605511,18393380424088899902,train,-3.3013442488973106,-3.3071282,0.005783942096952099,1.3768096,0.005246738,-3.3018403
-3.0,9.123213222215395e-10,2625.69228411366,506.617977618184,38.92442853409919,306.1252360546967,0.0005133769611964495,2928394120619732261,train,-3.289563625048602,-3.2867,0.0028636147489193853,0.9521345,0.0063232183,-3.2883894
-0.8,8.354324428057497e-10,2430.182491588309,507.603602235917,36.73791801396338,295.61725668807514,0.00047576018205355337,10829525609740651031,train,-3.3226119083223855,-3.3211985,0.0014134448824441037,0.49393302,0.008800056,-3.3254604
-1.0,1.0040157435828723e-09,2421.1156291426087,502.3421578152334,38.33334239027114,293.10089722857373,0.0004962122707355068,12886194249589357920,train,-3.3043325003483166,-3.3089857,0.004653209795726365,0.8674274,0.0066276863,-3.309727
-1.0,1.0941860864671191e-09,2539.112215454232,503.69324532533454,39.339075937042885,294.39428351617613,0.0004940958488375093,12823118457006761398,train,-3.3061887948345996,-3.3093793,0.0031905443835400504,0.8960212,0.006520109,-3.3091319
-1.4,1.1459805246638944e-09,2630.825732937456,497.4739907663986,41.26661222078493,300.2753689300697,0.0004939315142708849,12849312948239067464,train,-3.3063332637001266,-3.300964,0.005369146649955692,1.099415,0.005879951,-3.3026452
-1.0,1.0308127820747194e-09,2437.7200106987866,482.5972990901911,40.648465379108416,299.4728047413536,0.0005021912271206168,18026431441542812131,train,-3.2991308783343376,-3.306054,0.006923236961072554,1.2537766,0.005501677,-3.3017616
-2.2,1.0050965165320695e-09,2414.3235243349927,515.5034020410067,40.79653471954481,301.4383600393062,0.0005221355272253352,18237334030368139870,train,-3.282216755452399,-3.2834995,0.0012827238414243602,1.4755532,0.005065529,-3.2829745
-2.2,9.612679185080118e-10,2493.7557151613,504.62150372842615,37.39117268896573,297.8667082132286,0.0005029309106813684,433422742429117681,train,-3.29849167134705,-3.2948375,0.003654196524051745,0.74155444,0.0071728337,-3.2946267
-2.2,9.89963136259949e-10,2542.7024133885266,503.0087467521194,39.0211226249472,305.0510216058231,0.000506482486580175,380264510751012186,train,-3.2954355673088136,-3.2923543,0.0030812219871583224,1.0177448,0.0061139194,-3.290351
-2.4000000000000004,9.595802013951228e-10,2610.2949574222403,489.9218602044182,42.219532217947325,302.0841812978663,0.0005222928056227595,11643629726484600332,train,-3.282085956356871,-3.2851586,0.0030726778289200674,1.2782443,0.0054480718,-3.2816541
-1.6,1.000072357945733e-09,2615.067429542859,502.8265147659643,41.97319841319997,303.92619603855775,0.0005083592304963704,2056914843148536795,train,-3.2938292863643532,-3.297274,0.0034448263370627785,1.2866799,0.0054299445,-3.2967002
-2.8000000000000003,1.1396379394271226e-09,2408.4924726992253,490.0725825278824,43.06550150160359,292.35304316269765,0.0005398389635600943,10954724855113224492,train,-3.2677357728946217,-3.2686043,0.000868505669831432,1.8368345,0.0045315363,-3.2687058
0.0,1.0352580576007263e-09,2678.9547588546675,473.131828680381,34.826156523967086,290.8089263982084,0.0004253449923396,603198139025932464,train,-3.3712586758532748,-3.3685477,0.0027109978595003525,0.33579347,0.010681652,-3.3681147
-2.0,9.603042271636284e-10,2438.0715583385486,503.6957420101608,43.08491203323523,298.5763734449834,0.000525800877587153,2124884718484563516,train,-3.2791786933705085,-3.2807608,0.0015820717051751032,2.0697105,0.0042637754,-3.2782397
-3.0,1.0692616090001279e-09,2445.881237248077,515.6238842072526,38.37558042728467,295.9516778251947,0.0005260011418821663,2860266914913243763,train,-3.2790133130466685,-3.2807915,0.0017782080257191524,1.0365763,0.0060575353,-3.2804065
0.0,1.0942344693420075e-09,2360.838758300681,491.3731844386217,39.51420947268076,305.7035776891924,0.0004495261188244,3134241803077969267,train,-3.3472450693773252,-3.3497286,0.0024835149122255373,0.6158494,0.007876043,-3.347722
-0.4,8.762920771795992e-10,2597.67569731618,502.646286170094,38.978559546027874,295.06946514256083,0.00045472809280532473,2033506848451370756,train,-3.342248214535919,-3.334189,0.008059276395049775,0.5298251,0.008495179,-3.3399503
-2.2,9.928313705154955e-10,2556.196978076177,523.0189213691006,40.51326020590248,298.8914974420704,0.0005208647739855379,903425415547655004,train,-3.2832750128514365,-3.2872965,0.0040215207331582015,1.4939485,0.0050337617,-3.282148
-2.6,9.926993823896762e-10,2332.1716999604114,489.929360905385,39.90607827400121,296.137708789732,0.0005178564378436795,8562678507013604755,train,-3.2857906203584597,-3.2780511,0.007739482434265366,0.73925686,0.0071840575,-3.2799804
-1.2000000000000002,1.0191682032973931e-09,2560.240612715575,475.6482256289376,41.11142736058992,291.8506686301862,0.0004943603930770455,14547390297170085011,train,-3.3059563311172973,-3.3023074,0.0036489637924681517,1.1320333,0.0057936353,-3.3047879
-2.6,1.0933784852654091e-09,2410.884334287086,539.0569290920441,39.62193192256099,289.3285700165644,0.0005262039351214668,16519722322841066187,train,-3.2788459084450166,-3.277813,0.0010329506813446798,1.3792398,0.005242047,-3.2772527
-2.6,9.664729913030388e-10,2627.7330466636663,506.9906344590098,40.06029068650691,301.1540677406581,0.0005129764243375414,8813459275462154891,train,-3.2899025939825095,-3.2863545,0.0035480522039450513,1.022318,0.0061000837,-3.2869105
-0.8,1.0071535471770136e-09,2369.635821802133,538.5091665951578,40.65637295368661,296.23853018587084,0.0004970312513303063,6305389621858259219,train,-3.303616303714133,-3.3057036,0.002087336269998019,1.1424543,0.005766838,-3.3040504
-2.0,1.104689398918354e-09,2572.8324404304963,485.2307246352714,40.714467773434976,300.93677074401546,0.0005142861315750317,9216328605101287225,train,-3.2887951868623526,-3.2914436,0.0026483994871346894,1.1225487,0.0058183465,-3.288988
-1.4,1.0050965165320695e-09,2414.3235243349927,515.5034020410067,40.79653471954481,301.4383600393062,0.0005071139855999267,18237334030368139870,train,-3.2948944119622463,-3.2959216,0.001027152139926546,1.3630401,0.0052735517,-3.2955344
-3.0,7.777840542828623e-10,2445.911024694583,482.1130919467457,41.27682283342508,300.8565986758517,0.0005213391391838026,13149960228396626776,train,-3.282879669484104,-3.2780125,0.004867155369724152,1.2092988,0.005603238,-3.2801852
-2.6,8.589969950121182e-10,2505.474763633521,514.8627810246533,39.90795077029272,306.8673078749587,0.0005124124331530623,8372103036707258832,train,-3.290380341097026,-3.2860808,0.004299503847270181,1.0926713,0.005898275,-3.2881966
-1.2000000000000002,1.0203477325736783e-09,2420.870896846657,485.827773341465,41.83782044136868,301.83723728961854,0.0005102373335612168,4106527973129540887,train,-3.292227767665783,-3.2990606,0.0068328154488410675,1.163935,0.005712737,-3.2979085
-1.8,8.241763212999094e-10,2472.357675267654,473.84577322091,39.21856251436128,307.7679942040925,0.0005011560225006818,14456930291123660273,train,-3.3000270462637897,-3.2984223,0.0016047096854205911,1.0446879,0.006033717,-3.3004026
-0.6000000000000001,1.1396379394271226e-09,2408.4924726992253,490.0725825278824,43.06550150160359,292.35304316269765,0.000492740933986632,10954724855113224492,train,-3.3073813576234556,-3.3054624,0.001918997241375564,1.3121148,0.005376344,-3.306295
-1.8,1.0071535471770136e-09,2369.635821802133,538.5091665951578,40.65637295368661,296.23853018587084,0.0005218439884591613,6305389621858259219,train,-3.2824593151555335,-3.2856965,0.003237191344710677,1.6931427,0.004723467,-3.2828472
-2.8000000000000003,9.162514515645111e-10,2366.748252214537,515.4599435910573,36.43861892729903,303.676124223718,0.0005025262521065272,17492872546512810480,train,-3.298841245654342,-3.2904963,0.008344896319625317,0.62231874,0.007834735,-3.2917974
-2.0,1.0806933086411387e-09,2604.781653428076,466.5836923998952,39.33731057072893,297.69705044733973,0.0005141285107165059,3371631208540637995,train,-3.2889283119012456,-3.2950187,0.006090361041869663,0.8410751,0.006731635,-3.2928767
-1.0,9.756514716409811e-10,2404.497548871577,500.9208966540563,41.62971960161597,300.52976098251094,0.0005013977670594254,7311808897764695838,train,-3.299817604474191,-3.3026478,0.0028302245815949867,1.1854546,0.0056600124,-3.30287
-2.8000000000000003,9.928313705154955e-10,2556.196978076177,523.0189213691006,40.51326020590248,298.8914974420704,0.0005291673897905901,903425415547655004,train,-3.27640692727814,-3.2800968,0.00368984205474554,1.6309074,0.004814316,-3.2752333
-0.4,1.0203477325736783e-09,2420.870896846657,485.827773341465,41.83782044136868,301.83723728961854,0.00048172410478379075,4106527973129540887,train,-3.3172016216684033,-3.324124,0.006922476155693413,0.921636,0.006428009,-3.322726
-2.2,1.2307353848142815e-09,2445.249484887284,482.48119148575233,42.87746783295031,307.55593866537106,0.000523356807318937,15038946426069692038,train,-3.281202122577083,-3.2825296,0.0013274699369549836,1.6928217,0.004723923,-3.2810807
-2.4000000000000004,1.0942344693420075e-09,2360.838758300681,491.3731844386217,39.51420947268076,305.7035776891924,0.0005252515136312829,3134241803077969267,train,-3.2796326874022257,-3.284822,0.005189299749873921,0.8101547,0.0068599936,-3.2830393
-3.0,9.89297888860932e-10,2413.8801533334354,510.75595836241,38.53132745549709,285.1813868750008,0.0005278021138429317,6508029577517650568,train,-3.277528874766817,-3.2789488,0.001419909107694739,1.0838552,0.0059224865,-3.27867
-1.0,7.777840542828623e-10,2445.911024694583,482.1130919467457,41.27682283342508,300.8565986758517,0.00048550561204054423,13149960228396626776,train,-3.3138057456444336,-3.307594,0.006211684746606494,1.0348428,0.0060626613,-3.3115184
-0.4,1.243555870393131e-09,2440.816535503744,483.6779599156501,38.81204244575611,302.5323056028984,0.0004648573013982947,4261926717090881150,train,-3.3326803432957925,-3.329766,0.002914308215836492,0.9646089,0.0062817917,-3.33266
-2.0,1.0060692139373963e-09,2527.3807724384133,522.7157534573084,43.167246359099664,298.50956140834,0.0005273439883392317,1367897570274288222,train,-3.277906000532371,-3.281974,0.004068076692360645,2.2249837,0.004108948,-3.2771213
-2.6,8.622252758820395e-10,2596.9228583838576,499.2028055441836,37.99663516660689,298.18972265332246,0.0005151719355699867,7681735671422946543,train,-3.288047803565691,-3.290741,0.0026931632311839593,0.7431726,0.0071649607,-3.2920406
-2.8000000000000003,1.000096056099185e-09,2446.239819629679,503.61049666576776,43.101977222602514,303.9832024614659,0.0005358971010825793,13944279034983237670,train,-3.2709185922514887,-3.2740865,0.0031678831208257208,1.9209901,0.004429207,-3.2725868
0.0,1.120623623770265e-09,2459.871490367434,512.0011452017391,38.21649432972869,303.56534322943094,0.0004412805074253,2671493380122846465,train,-3.355285256111838,-3.3551323,0.0001529147269501152,0.6247098,0.00781963,-3.3584735
-1.8,8.89459518994858e-10,2383.601346469497,502.4892009812192,38.55163090195673,309.2198732722366,0.0005061357484643532,3483175946691254694,train,-3.2957329873058883,-3.2973003,0.0015673514392289256,1.0195384,0.006108482,-3.2955222
-3.0,9.596807973870107e-10,2396.380469719385,547.2442070596833,39.34847113068841,298.5552181462747,0.0005297940864472322,16164245777420927440,train,-3.275892893599506,-3.2774234,0.001530488205913727,1.7001668,0.004713526,-3.2769122
-0.6000000000000001,9.50582857470194e-10,2403.738957653681,492.6388454667692,37.10727035463277,300.4554170460457,0.00047796825300478173,9184494546452176042,train,-3.320600948581855,-3.326115,0.005513944377739666,0.51615894,0.008607515,-3.3249466
-1.0,1.000096056099185e-09,2446.239819629679,503.61049666576776,43.101977222602514,303.9832024614659,0.0005015619941540898,13944279034983237670,train,-3.2996753795826503,-3.3020327,0.002357329539053765,1.5249716,0.0049814885,-3.3005729
-2.2,9.634928280602635e-10,2455.009212271192,512.2369330710814,40.30940301281442,306.6726054586492,0.0005168236785093606,9415233787243991652,train,-3.286657597160068,-3.2880247,0.0013670667651028978,1.4214288,0.005162529,-3.2861922
-1.0,1.032683367538443e-09,2526.170348943833,478.8149532207128,42.09307571557734,293.4443281911712,0.0004979460049762025,12981595077382156139,train,-3.30281774762629,-3.3034017,0.0005839609766153941,1.3684217,0.005263024,-3.3025463
-2.2,1.1064539714677527e-09,2488.434465234489,500.4335716276796,41.129719458135625,288.0815978442095,0.000516900041168426,4253972365711734043,train,-3.286593433242989,-3.2821062,0.004487272125435204,1.2421306,0.0055277436,-3.2840648
0.0,9.85546704036472e-10,2573.0239327697072,479.3922741661716,39.9154735600532,295.8292447353602,0.0004361026162093,12112510911978131146,train,-3.3604113079565794,-3.3568137,0.0035976387518674713,0.41606176,0.00959214,-3.358134
0.0,1.0050101529814667e-09,2449.206992526188,478.70441149946606,40.80112322251315,299.2329513672896,0.0004485623402762,15255519671477510073,train,-3.348177191066891,-3.3504035,0.0022263562200963705,0.6600141,0.0076062274,-3.349606
-2.4000000000000004,9.42387899986183e-10,2596.3418775504824,506.9916211367261,42.54178389838287,305.55199671356803,0.0005166635057531874,3392607520233113049,train,-3.286792213526431,-3.2843208,0.002471382227602792,1.389029,0.005223275,-3.2850895
-2.0,1.0732744646319759e-09,2458.1779927472685,500.451348042105,41.29986197643443,296.3385514465405,0.0005136152736960335,15854623793106210877,train,-3.2893620698627317,-3.2849445,0.004417535560973906,1.1897005,0.0056497785,-3.2869792
-1.4,1.0663734802785015e-09,2646.766281337793,486.2018595083384,41.79339850063371,299.641349014439,0.0005078103633758176,5637171177688138856,train,-3.294298440305531,-3.3014424,0.007143944414317538,1.198348,0.0056291027,-3.2978485
-2.2,1.0941860864671191e-09,2539.112215454232,503.69324532533454,39.339075937042885,294.39428351617613,0.000519120756775787,12823118457006761398,train,-3.2847316057330507,-3.2890556,0.00432398012815538,0.9394657,0.0063661295,-3.2880683
-1.6,9.58904338765352e-10,2486.667922677388,495.3304947031063,40.43386356777175,305.1954997344612,0.0005133597901690981,13052852389533457310,train,-3.2895781512305433,-3.2977157,0.008137512679368797,1.2719219,0.005461775,-3.2935958
-1.0,9.928313705154955e-10,2556.196978076177,523.0189213691006,40.51326020590248,298.8914974420704,0.0004950749556424276,903425415547655004,train,-3.3053290427684954,-3.3088117,0.0034826218128034547,1.2123284,0.0055961437,-3.303948
-2.0,8.220747042076196e-10,2489.354974528123,536.8974000619587,36.589080383233394,294.68809277779184,0.0004982916786082551,13344013943894260190,train,-3.302516365417128,-3.3017807,0.0007356647335341471,0.6471684,0.0076818564,-3.3014364
-2.4000000000000004,1.0025105539620802e-09,2526.9743060678943,509.1946075584183,40.75166342427999,301.0515477079729,0.0005199239250116059,15180030701036252205,train,-3.2840601974511103,-3.284303,0.00024275245428517778,1.3868843,0.005227371,-3.2836869
-0.8,9.928313705154955e-10,2556.196978076177,523.0189213691006,40.51326020590248,298.8914974420704,0.0004886652857902648,903425415547655004,train,-3.310988511647532,-3.3145359,0.003547344599416302,1.1239169,0.005814763,-3.3096774
-3.0,1.1762312017058683e-09,2610.23254556298,515.3751788116352,39.24041391228537,297.93305834844136,0.0005214899125053425,7155552337602576564,train,-3.2827540879769272,-3.2818618,0.0008923059029526392,0.97078913,0.006261563,-3.282346
-1.6,9.74908016407874e-10,2433.9347159425315,536.1873069142775,40.58953669016749,293.2225739384997,0.000520638257705441,18393380424088899902,train,-3.283463922089461,-3.2906642,0.007200273924943268,1.8873852,0.004469253,-3.2835824
-2.6,9.612679185080118e-10,2493.7557151613,504.62150372842615,37.39117268896573,297.8667082132286,0.0005083697792442561,433422742429117681,train,-3.2938202745963125,-3.2897227,0.004097593550780321,0.766173,0.0070557534,-3.2896647
-2.2,8.354324428057497e-10,2430.182491588309,507.603602235917,36.73791801396338,295.61725668807514,0.0005059629747589983,10829525609740651031,train,-3.2958812626981215,-3.2965624,0.0006811705446763128,0.6520981,0.0076525696,-3.2981472
-0.4,9.220148370062531e-10,2472.3739758500788,504.5088858703008,41.28793476116813,303.0641722996054,0.00046441420165166874,7538273554073210114,train,-3.3330945081310315,-3.3281102,0.004984290082935772,0.76185733,0.007075868,-3.334303
-1.2000000000000002,1.25959298622376e-09,2354.3009197629594,499.1918367180637,40.77134716523017,305.22981462209646,0.0005032564669798712,128968913270984251,train,-3.2982106356034864,-3.2985067,0.0002961011518847201,1.3499236,0.0052994727,-3.2984335
-2.0,1.0071535471770136e-09,2369.635821802133,538.5091665951578,40.65637295368661,296.23853018587084,0.0005253508748650067,6305389621858259219,train,-3.2795505401767433,-3.2827632,0.0032127025448143165,1.7652367,0.0046242583,-3.2802625
-1.6,1.0705485436227222e-09,2590.7468930890127,531.0534862964538,41.61731424149927,306.85396396460635,0.0005129275286848222,4155552024635161694,train,-3.2899439918387485,-3.2960901,0.006146134198849129,1.1462317,0.005757215,-3.2940135
-2.8000000000000003,9.63679966987411e-10,2457.046368424285,519.0454313677445,40.52844947169319,303.263443359763,0.0005303056177099498,17951410366048416543,train,-3.2754737722261296,-3.2795472,0.0040734422819270755,1.8095713,0.004566198,-3.275115
-1.4,1.0050101529814667e-09,2449.206992526188,478.70441149946606,40.80112322251315,299.2329513672896,0.0005073078894194767,15255519671477510073,train,-3.294728383681607,-3.29775,0.003021612503695703,1.4310331,0.005144918,-3.2951024
-1.8,1.120623623770265e-09,2459.871490367434,512.0011452017391,38.21649432972869,303.56534322943094,0.0005064618977677577,2671493380122846465,train,-3.2954532219950154,-3.2969007,0.0014475272115275217,1.0691314,0.005963586,-3.2982156
-3.0,1.006938037138553e-09,2476.033687734913,499.8883185243343,35.52248114367448,306.4489109295662,0.0005200837312226979,11533471517763731933,train,-3.283926731210201,-3.2918746,0.007947915930301974,0.6525476,0.0076499158,-3.2885602
-2.0,1.2307353848142815e-09,2445.249484887284,482.48119148575233,42.87746783295031,307.55593866537106,0.0005201153323585705,15038946426069692038,train,-3.283900343570727,-3.2851584,0.0012580521964848934,1.6804591,0.004741574,-3.2835832
-1.2000000000000002,9.808684991835892e-10,2440.440905080504,475.02919518003887,43.13862383173334,296.64614602139693,0.0005113382637818774,10893922623691634355,train,-3.2912917075129466,-3.2952156,0.0039238991765064846,1.9130892,0.0044385283,-3.292091
-2.4000000000000004,1.0073410050818803e-09,2574.374612551252,485.6872921198837,42.17824256593523,298.72995545788456,0.0005219701800569618,9029148243980292461,train,-3.2823543073552806,-3.2830486,0.0006943224054616337,1.2085116,0.0056050858,-3.2802856
-1.4,1.1064539714677527e-09,2488.434465234489,500.4335716276796,41.129719458135625,288.0815978442095,0.0005024255991992016,4253972365711734043,train,-3.298928240871732,-3.2936237,0.005304555034939984,1.1910099,0.0056466334,-3.296353
-2.4000000000000004,1.0732744646319759e-09,2458.1779927472685,500.451348042105,41.29986197643443,296.3385514465405,0.0005195783932640842,15854623793106210877,train,-3.284348917416732,-3.279464,0.004884910992781766,1.188792,0.005651964,-3.2818458
-0.8,1.0727510291740675e-09,2408.6350240081065,515.7307920217833,36.322106531247385,300.55707391972635,0.00046947029719492117,16501516911797089168,train,-3.32839187980343,-3.3209093,0.007482618099938776,0.55696565,0.008284448,-3.320258
-1.0,9.798133860644783e-10,2446.0111249981446,493.4775434169566,39.325337668236735,299.6111127589073,0.0004951280418368501,7157631882990673600,train,-3.305282476475758,-3.309483,0.004200574824290815,0.87225515,0.0066091535,-3.3064008
-1.4,1.0073410050818803e-09,2574.374612551252,485.6872921198837,42.17824256593523,298.72995545788456,0.0005036825576826699,9029148243980292461,train,-3.297843088319037,-3.2983763,0.0005332334735657085,1.2739415,0.005457387,-3.2955859
-1.2000000000000002,9.244750759855351e-10,2606.766252024905,514.7015322051607,39.36697999872778,300.425811364213,0.0004940170811099424,13867644369009061341,train,-3.3062580346724157,-3.3094893,0.0032312155106897222,0.7727524,0.0070254123,-3.3141837
-2.0,9.42387899986183e-10,2596.3418775504824,506.9916211367261,42.54178389838287,305.55199671356803,0.0005102455490162565,3392607520233113049,train,-3.292220775041309,-3.2897205,0.002500239762988521,1.4831806,0.0050522857,-3.2904394
-0.6000000000000001,9.920951194363948e-10,2484.0228854962547,482.5603784265586,38.422268984819695,304.0303353891022,0.0004701456149502604,2314355766595058403,train,-3.3277676102026628,-3.3266797,0.0010879036291764344,0.8764411,0.0065932083,-3.3246238
0.0,8.4981307882089e-10,2622.111610500832,493.1418777793542,40.32755095458103,299.70047987606006,0.0004405328213869,5127878088967066821,train,-3.3560217294398753,-3.3587167,0.002694996863225274,0.49904215,0.008754662,-3.3585427
-2.0,9.595802013951228e-10,2610.2949574222403,489.9218602044182,42.219532217947325,302.0841812978663,0.0005159253247734,11643629726484600332,train,-3.2874131537715763,-3.2906764,0.003263201590362197,1.2754706,0.005454071,-3.2868884
-2.4000000000000004,1.075576112436465e-09,2439.1914792405805,507.5653121861305,41.43318212059344,299.0815860986159,0.0005191214392005582,8793357247245534573,train,-3.2847310348194165,-3.2789936,0.005737428252033716,1.2396282,0.0055333925,-3.2820342
-2.0,1.0191682032973931e-09,2560.240612715575,475.6482256289376,41.11142736058992,291.8506686301862,0.0005108523385558564,14547390297170085011,train,-3.2917046141855235,-3.2894456,0.0022589755289073032,1.2320237,0.0055506635,-3.290514
-1.8,1.0671658198705112e-09,2444.626831258547,492.08006432381046,41.193035529790656,301.7038514591378,0.0005060865615725837,10743645008157788724,train,-3.2957751946263207,-3.2898533,0.005921860199440854,1.0824406,0.0059263986,-3.2903714
-0.6000000000000001,9.596807973870107e-10,2396.380469719385,547.2442070596833,39.34847113068841,298.5552181462747,0.00048118463409032593,16164245777420927440,train,-3.3176882496537456,-3.3188863,0.0011980304060688063,0.70078313,0.0073801014,-3.317746
-1.2000000000000002,8.354324428057497e-10,2430.182491588309,507.603602235917,36.73791801396338,295.61725668807514,0.0004870725611809537,10829525609740651031,train,-3.3124063353499076,-3.3117247,0.0006816725691458636,0.5315212,0.00848154,-3.315057
-2.6,9.63679966987411e-10,2457.046368424285,519.0454313677445,40.52844947169319,303.263443359763,0.0005277759944823728,17951410366048416543,train,-3.277550367243924,-3.2813585,0.00380811320956731,1.7317504,0.0046695727,-3.2772658
-2.6,1.000096056099185e-09,2446.239819629679,503.61049666576776,43.101977222602514,303.9832024614659,0.0005333061913130454,13944279034983237670,train,-3.273023374431724,-3.2756865,0.002663128024940953,1.8389935,0.004528824,-3.2745757
0.0,9.682475573035431e-10,2330.6047518253104,479.0686974559265,41.64371883461047,301.63426669668445,0.0004539241311067,13640118791446356878,train,-3.3430167290705177,-3.3443673,0.0013505366307762223,0.5285372,0.008505579,-3.3487067
-1.2000000000000002,1.0803651442869379e-09,2531.060987167743,511.9316238370674,40.66002705988115,288.1838349540611,0.0005078049385361545,17485459239320075305,train,-3.2943030798140662,-3.2995286,0.005225518971334164,1.3052913,0.0053905705,-3.2984896
-1.2000000000000002,9.89297888860932e-10,2413.8801533334354,510.75595836241,38.53132745549709,285.1813868750008,0.0004986062490554762,6508029577517650568,train,-3.30224228276505,-3.3028479,0.0006055794786021806,0.8935673,0.006529139,-3.303515
-1.6,9.725086180844783e-10,2468.017331565751,490.28733545372194,44.50977871149023,303.263152322465,0.0005158291856794607,3744802582600429992,train,-3.2874940890671156,-3.2874475,4.6636521949583454e-05,1.7869986,0.0045954906,-3.28739
-1.6,9.50582857470194e-10,2403.738957653681,492.6388454667692,37.10727035463277,300.4554170460457,0.0005057334301874155,9184494546452176042,train,-3.296078337516244,-3.302488,0.00640975109154418,0.61863095,0.007858203,-3.3007808
-2.2,8.75983736068783e-10,2627.978517028968,489.37942559949954,40.91913452211564,297.20307373531364,0.000511208237334102,5144607327742428380,train,-3.2914021568059875,-3.2902484,0.0011537627935362949,1.0616769,0.0059847175,-3.287801
-0.6000000000000001,8.758150413106088e-10,2554.792538970499,492.8309420700668,37.207464786418186,297.95471711920453,0.00046644029874630746,14100953261967155807,train,-3.331203935163508,-3.3296905,0.0015134787731270194,0.45962566,0.009124192,-3.3311563
-1.6,9.612679185080118e-10,2493.7557151613,504.62150372842615,37.39117268896573,297.8667082132286,0.0004927810534253211,433422742429117681,train,-3.307345998390335,-3.3035004,0.003845584495681731,0.7202258,0.007279072,-3.3037515
-1.0,9.603042271636284e-10,2438.0715583385486,503.6957420101608,43.08491203323523,298.5763734449834,0.0005032378930408231,2124884718484563516,train,-3.2982266646237317,-3.2988567,0.0006300706057604799,1.678059,0.004745024,-3.2969384
-1.2000000000000002,1.0728366895058958e-09,2396.471193900285,522.5703607996403,39.66536493364173,302.3426017448898,0.0005019821497921522,10539271283961051071,train,-3.2993117258521925,-3.302073,0.0027612760093798094,0.99570763,0.006181915,-3.3015275
-2.2,1.0060692139373963e-09,2527.3807724384133,522.7157534573084,43.167246359099664,298.50956140834,0.0005306572595484358,1367897570274288222,train,-3.2751858901165365,-3.2791507,0.003964834294474251,2.2668953,0.0040698876,-3.274705
-0.4,1.066709170571727e-09,2302.646144768272,474.8978179470865,37.69553984942066,294.1521471075916,0.00046790945595807747,3765765162242439701,train,-3.329838178084336,-3.3261175,0.0037206625203709542,0.47461584,0.008978251,-3.3298035
-1.2000000000000002,1.104689398918354e-09,2572.8324404304963,485.2307246352714,40.714467773434976,300.93677074401546,0.0004973069054937524,9216328605101287225,train,-3.303375510208737,-3.3053956,0.0020200929711946536,1.1346835,0.0057867854,-3.302829
-2.0,1.000072357945733e-09,2615.067429542859,502.8265147659643,41.97319841319997,303.92619603855775,0.0005159547676181924,2056914843148536795,train,-3.2873883701457993,-3.290788,0.0033995651111586866,1.2747654,0.0054555996,-3.2902896
-2.4000000000000004,1.0071535471770136e-09,2369.635821802133,538.5091665951578,40.65637295368661,296.23853018587084,0.0005314608243902811,6305389621858259219,train,-3.2745287431410204,-3.2772825,0.002753733284150517,1.8684775,0.004492255,-3.275613
-1.6,1.0191682032973931e-09,2560.240612715575,475.6482256289376,41.11142736058992,291.8506686301862,0.0005034896781359461,14547390297170085011,train,-3.298009428336879,-3.29544,0.002569469764491128,1.1999925,0.0056251963,-3.2969942
-2.2,1.0728366895058958e-09,2396.471193900285,522.5703607996403,39.66536493364173,302.3426017448898,0.0005214522680686988,10539271283961051071,train,-3.2827854392280713,-3.2858677,0.003082251811967751,1.0355061,0.006060698,-3.2851963
-1.6,1.0044736023004086e-09,2276.4853940628345,486.8441992232576,38.23677890677304,298.10055132439214,0.0005082237163302877,15363031408316951214,train,-3.293945072400469,-3.295463,0.0015180127740914706,0.7002995,0.0073826676,-3.2942266
-1.4,1.2225799825820127e-09,2598.953191343567,516.8045118894966,39.85430360518959,306.74502895459364,0.0004925724047884514,17234994038809733169,train,-3.307529922143275,-3.3028686,0.004661317483240612,1.0898263,0.005906056,-3.3073292
-1.6,9.143704143090119e-10,2444.5179463100326,473.4138143725302,40.94136333558407,299.94201571725745,0.0005026640516061188,11714911050137312102,train,-3.298722172554581,-3.2949653,0.003756905373184516,1.3193464,0.005361387,-3.295896
-2.0,1.0727510291740675e-09,2408.6350240081065,515.7307920217833,36.322106531247385,300.55707391972635,0.0004963592607234718,16501516911797089168,train,-3.3042038709465826,-3.298767,0.005436781102832633,0.70105857,0.0073786406,-3.2966657
-1.0,1.0942344693420075e-09,2360.838758300681,491.3731844386217,39.51420947268076,305.7035776891924,0.0004973363925898388,3134241803077969267,train,-3.303349760106874,-3.3081234,0.004773590036558417,0.82944554,0.006779072,-3.3049815
0.0,9.928313705154955e-10,2556.196978076177,523.0189213691006,40.51326020590248,298.8914974420704,0.0004461415699709,903425415547655004,train,-3.3505273087739376,-3.3535833,0.003056027102527281,0.50940865,0.00866466,-3.3499272
-1.0,9.979877857013674e-10,2496.537246315292,510.00187244466247,38.795972505421744,297.7961123434831,0.00048427322970102216,1378160361063041439,train,-3.314909537797283,-3.3112352,0.0036743483594166015,0.85005677,0.0066956654,-3.3140383
-1.6,1.0375673846448864e-09,2379.4103992541063,496.85223216497695,39.047727684139495,305.18782525816323,0.000502914559978882,3141391476646313355,train,-3.2985057908516313,-3.2973561,0.001149662159004361,0.9404973,0.006362603,-3.295423
-0.2,1.0455070732925304e-09,2552.705145034877,518.1497095238773,37.60227540602951,298.4772867617408,0.00044574039645888685,13753303497944442308,train,-3.350918004989045,-3.3458688,0.00504917907656921,0.4835013,0.008894962,-3.3461459
-1.0,1.0663734802785015e-09,2646.766281337793,486.2018595083384,41.79339850063371,299.641349014439,0.0004971293203384632,5637171177688138856,train,-3.3035306217218263,-3.3104217,0.006891083524145358,1.1499196,0.005747865,-3.3062286
-1.8,1.0050101529814667e-09,2449.206992526188,478.70441149946606,40.80112322251315,299.2329513672896,0.0005155893762818477,15255519671477510073,train,-3.2876960398634454,-3.2911575,0.0034614441911200444,1.4398636,0.0051288805,-3.288158
-1.6,1.0671658198705112e-09,2444.626831258547,492.08006432381046,41.193035529790656,301.7038514591378,0.0005022450891057717,10743645008157788724,train,-3.299084301040025,-3.2930367,0.00604760174498109,1.0665718,0.0059708166,-3.2934933
-3.0,9.920951194363948e-10,2484.0228854962547,482.5603784265586,38.422268984819695,304.0303353891022,0.0005193739464056516,2314355766595058403,train,-3.2845198398743185,-3.2848542,0.0003343337859598172,0.98420185,0.0062183165,-3.2817767
-1.6,8.758150413106088e-10,2554.792538970499,492.8309420700668,37.207464786418186,297.95471711920453,0.0004947515642316645,14100953261967155807,train,-3.305612824031912,-3.305815,0.00020215742865925534,0.49671775,0.008775228,-3.3060527
-0.4,8.589969950121182e-10,2505.474763633521,514.8627810246533,39.90795077029272,306.8673078749587,0.0004584981301350696,8372103036707258832,train,-3.338662431147018,-3.3347511,0.003911301996627259,0.73048854,0.007227374,-3.33638
-3.0,1.0050101529814667e-09,2449.206992526188,478.70441149946606,40.80112322251315,299.2329513672896,0.0005328799930736675,15255519671477510073,train,-3.273370584996123,-3.2772007,0.003830113856416073,1.5581495,0.004927312,-3.273999
-2.2,8.622252758820395e-10,2596.9228583838576,499.2028055441836,37.99663516660689,298.18972265332246,0.0005094747006224675,7681735671422946543,train,-3.292877377217629,-3.2960258,0.0031483758036112697,0.6874849,0.0074516507,-3.2970724
0.0,1.0025105539620802e-09,2526.9743060678943,509.1946075584183,40.75166342427999,301.0515477079729,0.0004423526315813,15180030701036252205,train,-3.3542313847419325,-3.3525167,0.0017147335883680448,0.5899563,0.008048106,-3.3546534
-0.2,1.1774606839117e-09,2487.5677489208106,509.6158544320055,42.33569419095241,299.8381908200232,0.000458843133683254,14988660033747214345,train,-3.3383357628716714,-3.331004,0.007331858529020074,1.1073002,0.005858737,-3.3383322
-2.2,9.980121445569454e-10,2387.75545073954,508.7275610680178,38.8972081784186,297.8606493603604,0.0005113846761498748,11032972375804727196,train,-3.291252289925758,-3.287589,0.0036632167446057906,0.9528279,0.006320894,-3.2885842
-2.4000000000000004,1.0050965165320695e-09,2414.3235243349927,515.5034020410067,40.79653471954481,301.4383600393062,0.0005250833649654553,18237334030368139870,train,-3.279771740269688,-3.2809296,0.0011578251599995149,1.4782962,0.0050607547,-3.280618
-2.4000000000000004,1.0147448677929011e-09,2607.8117384734032,505.1107398178068,40.31257836583995,298.21936914217434,0.0005200664520825484,833253205382390921,train,-3.2839411603481086,-3.2868636,0.0029224050968377213,1.0500593,0.006018097,-3.2870336
-0.2,9.85546704036472e-10,2573.0239327697072,479.3922741661716,39.9154735600532,295.8292447353602,0.000450437799850758,12112510911978131146,train,-3.3463651714920313,-3.341514,0.004851060926845729,0.49794808,0.008764324,-3.3439927
-2.4000000000000004,1.0941860864671191e-09,2539.112215454232,503.69324532533454,39.339075937042885,294.39428351617613,0.0005220213816336979,12823118457006761398,train,-3.282311708232692,-3.28629,0.003978222110935903,0.91915166,0.006436773,-3.2856364
-0.4,1.0073410050818803e-09,2574.374612551252,485.6872921198837,42.17824256593523,298.72995545788456,0.00047023054931214696,9029148243980292461,train,-3.3276891596289597,-3.3273304,0.0003588087531052331,0.9557018,0.006311289,-3.3245637
-1.2000000000000002,9.304065850268983e-10,2472.4930947482308,495.539662311,41.9345213676303,296.5403011366731,0.0005012609204431291,1906069974405082520,train,-3.2999361527527515,-3.2984254,0.0015107167328540783,1.0517004,0.0060133487,-3.3017259
-3.0,1.1396379394271226e-09,2408.4924726992253,490.0725825278824,43.06550150160359,292.35304316269765,0.0005421464027510932,10954724855113224492,train,-3.26588341951098,-3.2674477,0.0015642905262516216,1.868302,0.00449247,-3.267469
-2.2,1.0727510291740675e-09,2408.6350240081065,515.7307920217833,36.322106531247385,300.55707391972635,0.0004993933120784479,16501516911797089168,train,-3.301557278057707,-3.2962027,0.005354618450773341,0.6709484,0.007543567,-3.2942607
-0.6000000000000001,1.0073410050818803e-09,2574.374612551252,485.6872921198837,42.17824256593523,298.72995545788456,0.00047921143532095805,9029148243980292461,train,-3.319472827017878,-3.3195353,6.242841425097012e-05,1.0728458,0.0059531378,-3.3165576
0.0,9.16382362452114e-10,2549.3338723326283,483.7915671011157,41.484417545989686,302.7283665488111,0.0004373899467562,779010489516208886,train,-3.359131203279368,-3.3536918,0.0054393869494120395,0.5150129,0.008617138,-3.3568397
-2.2,9.143704143090119e-10,2444.5179463100326,473.4138143725302,40.94136333558407,299.94201571725745,0.0005131577379373941,11714911050137312102,train,-3.2897491179564216,-3.2860065,0.0037426673033453817,1.3505177,0.0052982904,-3.2869718
-1.4,9.220148370062531e-10,2472.3739758500788,504.5088858703008,41.28793476116813,303.0641722996054,0.0004973631510015957,7538273554073210114,train,-3.303326394195734,-3.2982326,0.005093838806329742,1.1398697,0.0057734502,-3.3038416
-1.4,8.220747042076196e-10,2489.354974528123,536.8974000619587,36.589080383233394,294.68809277779184,0.00048692298439809823,13344013943894260190,train,-3.3125397248139983,-3.3107383,0.0018013996949797217,0.5492566,0.008342716,-3.3112917
-1.6,1.0806933086411387e-09,2604.781653428076,466.5836923998952,39.33731057072893,297.69705044733973,0.0005067095258116253,3371631208540637995,train,-3.295240931176987,-3.3011873,0.005946345663223163,0.8578233,0.006665017,-3.2989564
-0.2,8.4981307882089e-10,2622.111610500832,493.1418777793542,40.32755095458103,299.70047987606006,0.0004555549137173928,5127878088967066821,train,-3.3414592646031793,-3.3445668,0.0031075574488226287,0.58979136,0.008049238,-3.3445537
-2.8000000000000003,9.89963136259949e-10,2542.7024133885266,503.0087467521194,39.0211226249472,305.0510216058231,0.0005146122380040213,380264510751012186,train,-3.2885198900370236,-3.2858229,0.0026970216898556387,1.0005875,0.0061666653,-3.2834094
-3.0,1.0455070732925304e-09,2552.705145034877,518.1497095238773,37.60227540602951,298.4772867617408,0.0005129552965450298,13753303497944442308,train,-3.2899204814959124,-3.2860007,0.0039197528887346955,0.77516526,0.0070143817,-3.2844982
0.0,1.2225799825820127e-09,2598.953191343567,516.8045118894966,39.85430360518959,306.74502895459364,0.0004341012587345,17234994038809733169,train,-3.362408954864698,-3.3552854,0.00712354875202692,0.8721698,0.00660948,-3.360276
-0.2,1.000072357945733e-09,2615.067429542859,502.8265147659643,41.97319841319997,303.92619603855775,0.00045869127197191775,2056914843148536795,train,-3.338479523592668,-3.3408835,0.0024039698307940505,0.8966788,0.0065176953,-3.3408985
-2.4000000000000004,8.979123523428992e-10,2531.360993910196,491.918494232159,35.793021097389925,308.86985058095934,0.000518574277816564,579736006479800074,train,-3.2851890287918404,-3.2956083,0.010419253297393016,0.6360997,0.0077488483,-3.2925303
0.0,9.123213222215395e-10,2625.69228411366,506.617977618184,38.92442853409919,306.1252360546967,0.0004283990484263,2928394120619732261,train,-3.3681515025079363,-3.3606787,0.007472829717408924,0.56714106,0.008209361,-3.3656352
-0.6000000000000001,9.344027379399094e-10,2510.734791451186,511.4018674256231,36.36815079533651,301.4558439858307,0.00045831973122933473,13370015301709921327,train,-3.3388314454400003,-3.331055,0.007776519521421221,0.43715468,0.009356846,-3.3368962
-0.6000000000000001,1.1762312017058683e-09,2610.23254556298,515.3751788116352,39.24041391228537,297.93305834844136,0.00047286150975314793,7155552337602576564,train,-3.3252660354921435,-3.3243024,0.0009636005708788531,0.92078894,0.0064309933,-3.3266673
-2.0,1.0574423663675307e-09,2585.038533860248,471.3266920396063,42.543125490608695,301.3994726877767,0.0005121463069860538,2832837163574657009,train,-3.2906059545711845,-3.2896402,0.0009657663540214578,1.3195353,0.005360998,-3.289646
-0.2,1.0663734802785015e-09,2646.766281337793,486.2018595083384,41.79339850063371,299.641349014439,0.0004624624199167742,5637171177688138856,train,-3.334923552624145,-3.3407545,0.0058309563480229976,0.8608889,0.0066530337,-3.3367963
-1.6,9.85546704036472e-10,2573.0239327697072,479.3922741661716,39.9154735600532,295.8292447353602,0.0004975649310116694,12112510911978131146,train,-3.303150236847843,-3.2992883,0.0038619639901771308,0.8088188,0.006865704,-3.3000147
-1.4,9.143704143090119e-10,2444.5179463100326,473.4138143725302,40.94136333558407,299.94201571725745,0.00049836519081963,11714911050137312102,train,-3.3024522993402465,-3.2984474,0.0040049288110717285,1.2678553,0.0054706438,-3.2997394
-1.4,1.018423641836786e-09,2420.2103352289205,495.3862399264609,39.18777263938059,307.5354074756815,0.0004935319424869796,9985116505034206452,train,-3.306684733578142,-3.302261,0.0044236194576585675,0.85632116,0.0066709123,-3.2992897
-2.0,1.0941860864671191e-09,2539.112215454232,503.69324532533454,39.339075937042885,294.39428351617613,0.0005159653629349619,12823118457006761398,train,-3.2873794518439445,-3.291941,0.004561475661548631,0.9661066,0.006276872,-3.290577
-0.2,8.89459518994858e-10,2383.601346469497,502.4892009812192,38.55163090195673,309.2198732722366,0.00045383164179487644,3483175946691254694,train,-3.343105227759478,-3.3433635,0.0002582957237984296,0.7862964,0.006964153,-3.341296
-2.2,1.0191682032973931e-09,2560.240612715575,475.6482256289376,41.11142736058992,291.8506686301862,0.0005140362660089819,14547390297170085011,train,-3.289006239814119,-3.286574,0.002432352942780991,1.1669095,0.0057053627,-3.2877417
0.0,9.634928280602635e-10,2455.009212271192,512.2369330710814,40.30940301281442,306.6726054586492,0.0004426434279722,9415233787243991652,train,-3.3539459794655877,-3.3519983,0.001947650302990045,0.6815976,0.007483992,-3.3533187
-1.2000000000000002,1.0147448677929011e-09,2607.8117384734032,505.1107398178068,40.31257836583995,298.21936914217434,0.0004969681613271223,833253205382390921,train,-3.3036714338076396,-3.3063908,0.00271932852146195,1.0891913,0.005907797,-3.306525
-3.0,1.013177684158949e-09,2549.0982526102403,506.5025106580401,39.7132385315927,304.62183232922587,0.000527456898300453,14934561482547682078,train,-3.277813023414284,-3.2829325,0.005119496498435794,0.93972415,0.006365245,-3.283466
-1.8,8.589969950121182e-10,2505.474763633521,514.8627810246533,39.90795077029272,306.8673078749587,0.0004998299140916692,8372103036707258832,train,-3.301177755540154,-3.2964735,0.004704252427361055,1.098987,0.005881109,-3.2986257
-1.0,9.50582857470194e-10,2403.738957653681,492.6388454667692,37.10727035463277,300.4554170460457,0.0004913527875509966,9184494546452176042,train,-3.3086065757581222,-3.3139403,0.005333710878230313,0.5790508,0.008123998,-3.3131
-3.0,9.63679966987411e-10,2457.046368424285,519.0454313677445,40.52844947169319,303.263443359763,0.0005326527468576169,17951410366048416543,train,-3.2735558290068645,-3.2783444,0.004788563769624776,1.8570688,0.0045063025,-3.2735877
-1.2000000000000002,1.0671658198705112e-09,2444.626831258547,492.08006432381046,41.193035529790656,301.7038514591378,0.0004931281870197068,10743645008157788724,train,-3.3070401726518788,-3.3006108,0.0064293919359363905,0.9969757,0.0061779413,-3.3011205
-1.0,9.595802013951228e-10,2610.2949574222403,489.9218602044182,42.219532217947325,302.0841812978663,0.0004930907212186728,11643629726484600332,train,-3.307073169769499,-3.3100812,0.0030080737455158157,1.2335243,0.0055472427,-3.3057191
-2.4000000000000004,1.1395831540373824e-09,2538.761869465952,510.72502895181066,40.87821813200619,300.974125232131,0.0005203076051480248,3684234868495982631,train,-3.2837398261322495,-3.2833312,0.00040867035527192286,1.3410074,0.005317309,-3.2838495
-2.0,9.980121445569454e-10,2387.75545073954,508.7275610680178,38.8972081784186,297.8606493603604,0.0005082762719281467,11032972375804727196,train,-3.293900164173362,-3.2903666,0.0035335145456762973,0.9604378,0.006295554,-3.291004
-0.2,8.622252758820395e-10,2596.9228583838576,499.2028055441836,37.99663516660689,298.18972265332246,0.0004504477520570458,7681735671422946543,train,-3.3463555760705828,-3.3478289,0.001473288980686771,0.4744254,0.008980062,-3.3513443
-2.2,1.0942344693420075e-09,2360.838758300681,491.3731844386217,39.51420947268076,305.7035776891924,0.0005223494963968953,3134241803077969267,train,-3.2820388196664294,-3.2871778,0.005138981465772741,0.82954407,0.006778666,-3.2853246
-1.8,1.243555870393131e-09,2440.816535503744,483.6779599156501,38.81204244575611,302.5323056028984,0.0005050901979002542,4261926717090881150,train,-3.2966310595991875,-3.2942379,0.002393207502629835,1.0951213,0.0058915983,-3.2951167
0.0,1.0455070732925304e-09,2552.705145034877,518.1497095238773,37.60227540602951,298.4772867617408,0.0004318379847613,13753303497944442308,train,-3.3646791594851533,-3.3602414,0.004437746368698203,0.39655507,0.00982622,-3.3596442
-2.6,8.75983736068783e-10,2627.978517028968,489.37942559949954,40.91913452211564,297.20307373531364,0.0005170096126807501,5144607327742428380,train,-3.286501382060031,-3.2849534,0.001548026270846492,1.1312892,0.0057955626,-3.282691
-1.8,8.979123523428992e-10,2531.360993910196,491.918494232159,35.793021097389925,308.86985058095934,0.0005086534648627726,579736006479800074,train,-3.293577992814404,-3.302722,0.00914398441948272,0.6677115,0.0075619565,-3.300133
-0.2,9.756514716409811e-10,2404.497548871577,500.9208966540563,41.62971960161597,300.52976098251094,0.0004676381706253879,7311808897764695838,train,-3.330090047092311,-3.3322544,0.0021643626977279062,0.7721868,0.007028005,-3.3335574
-0.6000000000000001,8.584521018906483e-10,2718.2749419682723,482.1832227724541,38.88005077046229,301.691940704981,0.0004654516241223641,3494250555080783753,train,-3.3321254499532347,-3.3327174,0.000591968717419622,0.7653057,0.0070597823,-3.3348503
-0.2,1.1396379394271226e-09,2408.4924726992253,490.0725825278824,43.06550150160359,292.35304316269765,0.0004728914515534509,10954724855113224492,train,-3.325238536643742,-3.3235514,0.0016871202466473,1.0481914,0.0060235155,-3.3242047
-0.2,1.0191682032973931e-09,2560.240612715575,475.6482256289376,41.11142736058992,291.8506686301862,0.0004558278145548354,14547390297170085011,train,-3.3411991777534427,-3.3367505,0.004448670398706334,0.6369457,0.0077436664,-3.3419235
-1.2000000000000002,9.634928280602635e-10,2455.009212271192,512.2369330710814,40.30940301281442,306.6726054586492,0.0004969125808699668,9415233787243991652,train,-3.3037200076150284,-3.3049254,0.0012054341269149838,1.2700318,0.0054658917,-3.303021
-1.4,8.589969950121182e-10,2505.474763633521,514.8627810246533,39.90795077029272,306.8673078749587,0.0004915024243584699,8372103036707258832,train,-3.308474335648918,-3.3035204,0.004953894593620056,0.9773498,0.0062402985,-3.3062391
-0.4,1.2225799825820127e-09,2598.953191343567,516.8045118894966,39.85430360518959,306.74502895459364,0.000459571788381265,17234994038809733169,train,-3.3376466390925303,-3.3343601,0.0032865164118662804,1.0195137,0.0061085564,-3.3376203
-0.6000000000000001,9.58904338765352e-10,2486.667922677388,495.3304947031063,40.43386356777175,305.1954997344612,0.00048426586780466466,13052852389533457310,train,-3.3149161399695086,-3.3239584,0.00904225694211247,1.1103263,0.0058506555,-3.3184898
-1.0,1.0789603531824067e-09,2367.1936347140645,478.9001778930339,37.12870103512795,297.3410066095633,0.0004943197430776442,4747465828158748725,train,-3.3059920435176857,-3.310938,0.0049458379520408435,0.636829,0.0077443807,-3.3112967
-2.8000000000000003,1.0044736023004086e-09,2276.4853940628345,486.8441992232576,38.23677890677304,298.10055132439214,0.0005260587406750944,15363031408316951214,train,-3.2789657590274106,-3.2803214,0.001355600606988805,0.76424783,0.0070647052,-3.2796407
-2.0,1.0705485436227222e-09,2590.7468930890127,531.0534862964538,41.61731424149927,306.85396396460635,0.0005207271157873839,4155552024635161694,train,-3.283389806748705,-3.2895887,0.006198883055372306,1.2610693,0.005485537,-3.287752
-0.4,1.1395831540373824e-09,2538.761869465952,510.72502895181066,40.87821813200619,300.974125232131,0.0004692717770964282,3684234868495982631,train,-3.3285755643041437,-3.3281107,0.0004648694188897906,1.074486,0.0059485417,-3.3295064
-2.8000000000000003,9.525981103063824e-10,2521.0178569100235,513.1122387074643,39.33447860201831,299.4635962010897,0.0005260371551593398,2217437892012799629,train,-3.278983579590003,-3.283059,0.004075302169640693,1.0436771,0.00603667,-3.282702
-0.4,9.808684991835892e-10,2440.440905080504,475.02919518003887,43.13862383173334,296.64614602139693,0.0004826467370895284,10893922623691634355,train,-3.316370625491284,-3.3190758,0.0027051973389160544,1.3332205,0.0053330315,-3.3178778
-1.6,1.1774606839117e-09,2487.5677489208106,509.6158544320055,42.33569419095241,299.8381908200232,0.0005066817576834584,14988660033747214345,train,-3.2952647315491332,-3.2892082,0.006056557797302187,1.563839,0.0049181944,-3.2930653
-2.2,9.596807973870107e-10,2396.380469719385,547.2442070596833,39.34847113068841,298.5552181462747,0.0005194975696140007,16164245777420927440,train,-3.28441647987908,-3.286,0.001583533472360621,1.4656318,0.0050829086,-3.2852592
-1.2000000000000002,9.162514515645111e-10,2366.748252214537,515.4599435910573,36.43861892729903,303.676124223718,0.0004760020435756879,17492872546512810480,train,-3.3223911827590458,-3.3116019,0.010789305546521355,0.471133,0.009011539,-3.3152587
-2.8000000000000003,9.595802013951228e-10,2610.2949574222403,489.9218602044182,42.219532217947325,302.0841812978663,0.0005277406444757041,11643629726484600332,train,-3.277579456909156,-3.2810283,0.003448813812279461,1.3381921,0.0053229774,-3.2771728
-2.2,1.1201765668553064e-09,2329.913862262383,487.444276821995,41.61971486534147,298.1037724082114,0.0005312052378225044,10813817281839957845,train,-3.2747376513618085,-3.2780807,0.0033430504661944305,1.260546,0.0054866904,-3.277445
-1.6,8.584521018906483e-10,2718.2749419682723,482.1832227724541,38.88005077046229,301.691940704981,0.0004949499087057017,3494250555080783753,train,-3.305438751517929,-3.3063736,0.0009348446734773752,0.8261122,0.006792852,-3.3086638
-0.4,1.018423641836786e-09,2420.2103352289205,495.3862399264609,39.18777263938059,307.5354074756815,0.0004612027636791662,9985116505034206452,train,-3.3361080989336798,-3.3328223,0.003285776088220782,0.807404,0.0068717673,-3.3272855
-0.2,1.006299553709699e-09,2596.53014928976,491.578961058072,40.01001805266426,305.28831051478386,0.00044868807199126574,6325844468188908084,train,-3.3480554756802743,-3.3450468,0.003008717028540886,0.7509282,0.0071275774,-3.3439872
-3.0,1.0728366895058958e-09,2396.471193900285,522.5703607996403,39.66536493364173,302.3426017448898,0.0005317545528743468,10539271283961051071,train,-3.2742887829866048,-3.2780306,0.0037418509397868505,1.2037649,0.005616265,-3.2767642
-1.8,7.516487326049726e-10,2475.0294016619155,481.8667099014746,36.16652897024234,304.10393187120707,0.0004965052157225634,4556256472297801959,train,-3.3040761849377223,-3.3041992,0.00012303381227773968,0.60955113,0.007916886,-3.3052166
-2.2,1.1762312017058683e-09,2610.23254556298,515.3751788116352,39.24041391228537,297.93305834844136,0.000511159772977932,7155552337602576564,train,-3.2914433314168066,-3.2907631,0.0006801916920751161,0.9462489,0.006343047,-3.2914577
-1.2000000000000002,1.2307353848142815e-09,2445.249484887284,482.48119148575233,42.87746783295031,307.55593866537106,0.0005033234922406957,15038946426069692038,train,-3.298152798765587,-3.2993262,0.0011733826461561847,1.5361989,0.0049629603,-3.2972693
-0.2,9.928313705154955e-10,2556.196978076177,523.0189213691006,40.51326020590248,298.8914974420704,0.00046099387547439896,903425415547655004,train,-3.3363048443833265,-3.3392236,0.002918778892430307,0.66464466,0.0075795036,-3.3355956
-2.6,1.0147448677929011e-09,2607.8117384734032,505.1107398178068,40.31257836583995,298.21936914217434,0.0005228200080064821,833253205382390921,train,-3.28164780058549,-3.2843788,0.002730966428059922,1.0680705,0.0059665795,-3.2844002
-0.8,1.0933784852654091e-09,2410.884334287086,539.0569290920441,39.62193192256099,289.3285700165644,0.0004902588904511418,16519722322841066187,train,-3.3095745220072184,-3.3070872,0.002487339008561129,0.8847433,0.006561918,-3.3076062
-2.4000000000000004,1.0705485436227222e-09,2590.7468930890127,531.0534862964538,41.61731424149927,306.85396396460635,0.0005272472899305563,4155552024635161694,train,-3.27798564387151,-3.2842453,0.006259608737742894,1.2498178,0.005510497,-3.2828405
-2.2,1.2225799825820127e-09,2598.953191343567,516.8045118894966,39.85430360518959,306.74502895459364,0.0005076112862288975,17234994038809733169,train,-3.2944687303668507,-3.2900245,0.004444211400175924,1.0394086,0.0060491874,-3.293879
-1.8,9.928313705154955e-10,2556.196978076177,523.0189213691006,40.51326020590248,298.8914974420704,0.0005139979530392432,903425415547655004,train,-3.28903861054856,-3.2932556,0.004216957002099342,1.4985104,0.005025974,-3.2873495
-0.6000000000000001,1.0933784852654091e-09,2410.884334287086,539.0569290920441,39.62193192256099,289.3285700165644,0.00048317638484217417,16519722322841066187,train,-3.3158942999319523,-3.313201,0.002693349309393689,0.7753543,0.0070135198,-3.3139963
-1.2000000000000002,1.0789603531824067e-09,2367.1936347140645,478.9001778930339,37.12870103512795,297.3410066095633,0.0004996098139247425,4747465828158748725,train,-3.3013690392900954,-3.3066797,0.005310686356877259,0.6506743,0.0076609943,-3.3066914
-1.2000000000000002,1.1396379394271226e-09,2408.4924726992253,490.0725825278824,43.06550150160359,292.35304316269765,0.0005119236113452848,10954724855113224492,train,-3.2907948391145605,-3.2902088,0.0005860225862401869,1.6036774,0.004855709,-3.2895737
-3.0,9.244750759855351e-10,2606.766252024905,514.7015322051607,39.36697999872778,300.425811364213,0.0005248718611536976,13867644369009061341,train,-3.279946709520386,-3.283776,0.003829335325195249,0.8776403,0.0065886616,-3.2868574
-2.6,1.1459805246638944e-09,2630.825732937456,497.4739907663986,41.26661222078493,300.2753689300697,0.0005145436218520156,12849312948239067464,train,-3.2885778008305038,-3.2830546,0.005523210605284046,1.0096744,0.0061385627,-3.2847118
0.0,9.612679185080118e-10,2493.7557151613,504.62150372842615,37.39117268896573,297.8667082132286,0.0004329078740276,433422742429117681,train,-3.3636045148668217,-3.3596838,0.003920762806885136,0.3580967,0.010342472,-3.3614733
-0.6000000000000001,1.006938037138553e-09,2476.033687734913,499.8883185243343,35.52248114367448,306.4489109295662,0.00047102079472845335,11533471517763731933,train,-3.3269599191206476,-3.3311298,0.004169870231769401,0.6787821,0.007499607,-3.3312955
-0.2,1.0705485436227222e-09,2590.7468930890127,531.0534862964538,41.61731424149927,306.85396396460635,0.00046273140084494635,4155552024635161694,train,-3.3346710283778473,-3.3402336,0.005562535998983709,0.8106569,0.0068578506,-3.3379712
-2.8000000000000003,1.0663734802785015e-09,2646.766281337793,486.2018595083384,41.79339850063371,299.641349014439,0.00053150990983445,5637171177688138856,train,-3.274488633781707,-3.2815387,0.007050091117585033,1.1636039,0.005713559,-3.2781374
-1.8,9.89297888860932e-10,2413.8801533334354,510.75595836241,38.53132745549709,285.1813868750008,0.0005112050257707961,6508029577517650568,train,-3.2914048851826085,-3.2940655,0.0026605902812586457,1.0049547,0.0061531113,-3.29213
-2.8000000000000003,1.018423641836786e-09,2420.2103352289205,495.3862399264609,39.18777263938059,307.5354074756815,0.0005160806527620195,9985116505034206452,train,-3.287282421798467,-3.2842016,0.0030807997891897365,0.8430148,0.0067238184,-3.2817214
-2.0,9.118663996020179e-10,2651.95019435956,481.7408591707263,38.899871401178025,300.40158819211445,0.0005024365640191399,17319768135093042826,train,-3.298918763032942,-3.2981064,0.0008123310718826104,0.88883084,0.0065466734,-3.2982318
-0.8,1.0040157435828723e-09,2421.1156291426087,502.3421578152334,38.33334239027114,293.10089722857373,0.0004900276267733324,12886194249589357920,train,-3.309779434630693,-3.31412,0.004340619614302099,0.82372963,0.006802753,-3.315262
-2.8000000000000003,9.118663996020179e-10,2651.95019435956,481.7408591707263,38.899871401178025,300.40158819211445,0.0005140547141214167,17319768135093042826,train,-3.2889906538132925,-3.2879038,0.001086868107726069,0.87561893,0.006596331,-3.2877269
-0.8,8.220747042076196e-10,2489.354974528123,536.8974000619587,36.589080383233394,294.68809277779184,0.0004707902665297778,13344013943894260190,train,-3.32717252466485,-3.323778,0.0033946106176085955,0.42885986,0.009447305,-3.3256402
-1.8,1.1064539714677527e-09,2488.434465234489,500.4335716276796,41.129719458135625,288.0815978442095,0.0005103966189210478,4253972365711734043,train,-3.292092211224189,-3.287721,0.004371292568793539,1.2430652,0.0055256383,-3.2894568
-2.2,9.725086180844783e-10,2468.017331565751,490.28733545372194,44.50977871149023,303.263152322465,0.0005266398760590848,3744802582600429992,train,-3.278486260124055,-3.2785845,9.822016158933522e-05,1.8655307,0.0044958713,-3.2782874
0.0,1.25959298622376e-09,2354.3009197629594,499.1918367180637,40.77134716523017,305.22981462209646,0.0004502219963531,128968913270984251,train,-3.346573290629572,-3.3448157,0.0017575595809882216,1.0232427,0.0060972976,-3.3470924
-1.0,1.006938037138553e-09,2476.033687734913,499.8883185243343,35.52248114367448,306.4489109295662,0.00048445438441613065,11533471517763731933,train,-3.3147471092819543,-3.3181322,0.0033850528121619483,0.7301587,0.0072290185,-3.3190467
-2.2,7.516487326049726e-10,2475.0294016619155,481.8667099014746,36.16652897024234,304.10393187120707,0.0005032853663874648,4556256472297801959,train,-3.2981856970409043,-3.2989514,0.000765690364491256,0.61633176,0.00787294,-3.2994013
-0.4,1.0050965165320695e-09,2414.3235243349927,515.5034020410067,40.79653471954481,301.4383600393062,0.0004740782052263737,18237334030368139870,train,-3.324150010020617,-3.3250997,0.0009496966291631104,0.94317335,0.0063534817,-3.325229
-2.8000000000000003,9.16382362452114e-10,2549.3338723326283,483.7915671011157,41.484417545989686,302.7283665488111,0.0005197784274439159,779010489516208886,train,-3.284181749145288,-3.2815566,0.0026251428525632114,1.1426375,0.0057663703,-3.2809896
-3.0,9.525981103063824e-10,2521.0178569100235,513.1122387074643,39.33447860201831,299.4635962010897,0.0005284089410975414,2217437892012799629,train,-3.2770298423889415,-3.281576,0.004546075808690375,1.0663451,0.0059714583,-3.2810097
-2.8000000000000003,1.1774606839117e-09,2487.5677489208106,509.6158544320055,42.33569419095241,299.8381908200232,0.0005255901131670363,14988660033747214345,train,-3.2793528128496923,-3.2736712,0.005681662642172736,1.7307851,0.0046708984,-3.2770648
-2.0,9.664729913030388e-10,2627.7330466636663,506.9906344590098,40.06029068650691,301.1540677406581,0.0005038824865130124,8813459275462154891,train,-3.2976707361926287,-3.2944179,0.0032528780688494408,1.0798978,0.0059334505,-3.2948556
-2.2,8.4981307882089e-10,2622.111610500832,493.1418777793542,40.32755095458103,299.70047987606006,0.0005160269883352054,5127878088967066821,train,-3.287327584073278,-3.2918248,0.004497233584192628,0.9307791,0.0063960557,-3.2911327
-3.0,1.0040157435828723e-09,2421.1156291426087,502.3421578152334,38.33334239027114,293.10089722857373,0.000531211666434803,12886194249589357920,train,-3.274732395589171,-3.2802587,0.005526259958924751,0.9907926,0.0061973874,-3.280002
-0.6000000000000001,7.516487326049726e-10,2475.0294016619155,481.8667099014746,36.16652897024234,304.10393187120707,0.0004643413271373896,4556256472297801959,train,-3.333162661694605,-3.3318546,0.0013080798617193246,0.5487394,0.008346669,-3.33435
-2.2,9.220148370062531e-10,2472.3739758500788,504.5088858703008,41.28793476116813,303.0641722996054,0.0005122534941389434,7538273554073210114,train,-3.2905150705449486,-3.285524,0.004991179095974019,1.2775252,0.005449625,-3.2905252
-2.2,9.664729913030388e-10,2627.7330466636663,506.9906344590098,40.06029068650691,301.1540677406581,0.0005071703592883048,8813459275462154891,train,-3.2948461359892693,-3.2914987,0.0033474749480095767,1.0504061,0.0060170926,-3.2921338
-2.2,9.50582857470194e-10,2403.738957653681,492.6388454667692,37.10727035463277,300.4554170460457,0.0005160785645413245,9184494546452176042,train,-3.2872841790907716,-3.2941577,0.006873564363207851,0.62696344,0.0078054727,-3.2923212
0.0,8.354324428057497e-10,2430.182491588309,507.603602235917,36.73791801396338,295.61725668807514,0.0004362320695397,10829525609740651031,train,-3.3602824104854876,-3.360986,0.0007035838535016659,0.29293978,0.011438828,-3.3641765
-1.0,9.725086180844783e-10,2468.017331565751,490.28733545372194,44.50977871149023,303.263152322465,0.000500759463085484,3744802582600429992,train,-3.300370834891151,-3.3001165,0.00025429588968606254,1.4933227,0.0050348327,-3.3001895
-2.6,1.25959298622376e-09,2354.3009197629594,499.1918367180637,40.77134716523017,305.22981462209646,0.0005282241123873622,128968913270984251,train,-3.277181777991338,-3.2779849,0.0008030795678659608,1.5840007,0.0048862784,-3.2775788
-0.4,1.0803651442869379e-09,2531.060987167743,511.9316238370674,40.66002705988115,288.1838349540611,0.00047987591606412646,17485459239320075305,train,-3.318871045822774,-3.3223052,0.003434156661356713,0.94747,0.0063389177,-3.3239694
-2.2,8.599648780937921e-10,2637.8899539670565,501.9551856304757,39.90381821426863,300.9815905741297,0.0005058269805982117,14435728251762431223,train,-3.2959980092889403,-3.2929444,0.0030535779840086263,0.85671693,0.0066693574,-3.2960963
-1.6,8.241763212999094e-10,2472.357675267654,473.84577322091,39.21856251436128,307.7679942040925,0.0004972767257806413,14456930291123660273,train,-3.303401866731128,-3.301644,0.0017577798933592348,1.0831254,0.0059245043,-3.3037357
-0.8,1.0308127820747194e-09,2437.7200106987866,482.5972990901911,40.648465379108416,299.4728047413536,0.0004957939411654573,18026431441542812131,train,-3.3046987848180693,-3.311682,0.006983201037033204,1.2138841,0.0055925115,-3.3075333
-2.4000000000000004,9.682475573035431e-10,2330.6047518253104,479.0686974559265,41.64371883461047,301.63426669668445,0.000530261473826278,13640118791446356878,train,-3.2755099254223823,-3.278406,0.0028959793475151763,1.3972224,0.005207715,-3.278574
-2.8000000000000003,9.74908016407874e-10,2433.9347159425315,536.1873069142775,40.58953669016749,293.2225739384997,0.0005394365301555437,18393380424088899902,train,-3.268059646856455,-3.2744446,0.006384933221669886,2.4130986,0.003941628,-3.2694528
-3.0,1.0025105539620802e-09,2526.9743060678943,509.1946075584183,40.75166342427999,301.0515477079729,0.0005276561932063588,15180030701036252205,train,-3.2776489600932384,-3.2787251,0.0010761871540760914,1.4225391,0.005160484,-3.277163
-1.4,1.0789603531824067e-09,2367.1936347140645,478.9001778930339,37.12870103512795,297.3410066095633,0.0005042943778869754,4747465828158748725,train,-3.2973158735348456,-3.3031375,0.005821667282415177,0.6694172,0.0075522494,-3.3025637
-2.4000000000000004,1.1762312017058683e-09,2610.23254556298,515.3751788116352,39.24041391228537,297.93305834844136,0.0005140456105328491,7155552337602576564,train,-3.2889983449659668,-3.2880254,0.000972965785058566,0.9422647,0.0063565746,-3.2889526
-2.4000000000000004,8.220747042076196e-10,2489.354974528123,536.8974000619587,36.589080383233394,294.68809277779184,0.0005042366811045321,13344013943894260190,train,-3.2973655644076105,-3.2962203,0.0011452618258234182,0.7041422,0.007362349,-3.2963989
-2.2,1.1395831540373824e-09,2538.761869465952,510.72502895181066,40.87821813200619,300.974125232131,0.0005173519836777148,3684234868495982631,train,-3.2862138813625976,-3.2859578,0.0002560680996581688,1.3587596,0.00528197,-3.2863815
-3.0,8.241763212999094e-10,2472.357675267654,473.84577322091,39.21856251436128,307.7679942040925,0.0005184244484051064,14456930291123660273,train,-3.285314525738809,-3.2858162,0.0005016668881441255,0.9746477,0.0062490306,-3.2862594
-3.0,1.1459805246638944e-09,2630.825732937456,497.4739907663986,41.26661222078493,300.2753689300697,0.0005194730347915441,12849312948239067464,train,-3.2844369912159053,-3.279799,0.004638006688317375,1.0366449,0.0060573323,-3.280688
-2.4000000000000004,9.979877857013674e-10,2496.537246315292,510.00187244466247,38.795972505421744,297.7961123434831,0.00051241313024607,1378160361063041439,train,-3.2903797502771686,-3.2878528,0.002526986147529886,0.9351839,0.0063808286,-3.2894337
-2.8000000000000003,8.75983736068783e-10,2627.978517028968,489.37942559949954,40.91913452211564,297.20307373531364,0.0005196092431503693,5144607327742428380,train,-3.2843231320149133,-3.2828577,0.0014654755360314908,1.1910049,0.0056466456,-3.2803705
-1.2000000000000002,1.0933784852654091e-09,2410.884334287086,539.0569290920441,39.62193192256099,289.3285700165644,0.0005015938268414597,16519722322841066187,train,-3.299647817044141,-3.2981741,0.001473674206616593,1.0856129,0.0059176357,-3.297597
-1.8,9.60969170700449e-10,2766.6918918406623,529.8468751484584,39.61181207182135,297.3307652107198,0.0005042489895364815,6563696386679920944,train,-3.2973549633961485,-3.3010135,0.0036585062998963913,0.7826082,0.0069806776,-3.2962492
-0.8,9.85546704036472e-10,2573.0239327697072,479.3922741661716,39.9154735600532,295.8292447353602,0.00047703488191445394,12112510911978131146,train,-3.32144986316306,-3.316548,0.004901754108494583,0.7158503,0.00730145,-3.3179865
-0.8,9.596807973870107e-10,2396.380469719385,547.2442070596833,39.34847113068841,298.5552181462747,0.0004884401421449303,16164245777420927440,train,-3.3111886510424005,-3.3122306,0.0010419359632147795,0.8668384,0.006629958,-3.311264
-1.2000000000000002,9.612679185080118e-10,2493.7557151613,504.62150372842615,37.39117268896573,297.8667082132286,0.0004840046887574366,433422742429117681,train,-3.3151504311415,-3.3105102,0.004640272602681517,0.6670492,0.0075657354,-3.3118722
-2.4000000000000004,1.0044736023004086e-09,2276.4853940628345,486.8441992232576,38.23677890677304,298.10055132439214,0.000521117053233357,15363031408316951214,train,-3.283064714582301,-3.2846007,0.0015360201283924901,0.7236413,0.0072617447,-3.2840002
-2.8000000000000003,1.0574423663675307e-09,2585.038533860248,471.3266920396063,42.543125490608695,301.3994726877767,0.0005238831856936402,2832837163574657009,train,-3.2807655402381664,-3.28018,0.0005855628211741681,1.3393227,0.005320699,-3.279218
-1.2000000000000002,1.0050965165320695e-09,2414.3235243349927,515.5034020410067,40.79653471954481,301.4383600393062,0.0005022428180880937,18237334030368139870,train,-3.2990862648077095,-3.2999523,0.0008660037927543662,1.3015071,0.0053985077,-3.2999742
-2.0,9.525981103063824e-10,2521.0178569100235,513.1122387074643,39.33447860201831,299.4635962010897,0.0005144794216985733,2217437892012799629,train,-3.2886319915944298,-3.2931035,0.004471464902762623,0.9680314,0.0062705656,-3.292281
-0.4,9.344027379399094e-10,2510.734791451186,511.4018674256231,36.36815079533651,301.4558439858307,0.00044983313733841583,13370015301709921327,train,-3.3469485550517204,-3.3390675,0.007881095945275085,0.3981444,0.009806507,-3.344937
-3.0,9.58904338765352e-10,2486.667922677388,495.3304947031063,40.43386356777175,305.1954997344612,0.0005350914447065486,13052852389533457310,train,-3.271571992674483,-3.281189,0.009616972169267157,1.3087815,0.0053832796,-3.2761638
0.0,1.0663734802785015e-09,2646.766281337793,486.2018595083384,41.79339850063371,299.641349014439,0.0004473117350032,5637171177688138856,train,-3.349389708175917,-3.3549104,0.005520665511827172,0.7362663,0.007198744,-3.3503928
-0.6000000000000001,9.136850961862703e-10,2400.1705034771794,499.3175315176618,39.85562670167986,300.93280864091923,0.00047341773850337636,689847661215077168,train,-3.3247554735091622,-3.3202486,0.004506869688361448,0.6694048,0.0075523197,-3.323183
-3.0,8.622252758820395e-10,2596.9228583838576,499.2028055441836,37.99663516660689,298.18972265332246,0.0005200568637119769,7681735671422946543,train,-3.2839491674302814,-3.2869143,0.002965181172013498,0.7755455,0.0070126485,-3.28784
-0.2,1.0692616090001279e-09,2445.881237248077,515.6238842072526,38.37558042728467,295.9516778251947,0.000458501052944238,2860266914913243763,train,-3.3386596626387863,-3.3398015,0.0011418872727126939,0.5825701,0.008099275,-3.3415244
0.0,1.075576112436465e-09,2439.1914792405805,507.5653121861305,41.43318212059344,299.0815860986159,0.0004436086988009,8793357247245534573,train,-3.352999946282594,-3.34651,0.006490012810914436,0.6408302,0.0077200057,-3.3500881
-0.4,1.0308127820747194e-09,2437.7200106987866,482.5972990901911,40.648465379108416,299.4728047413536,0.0004794468879776649,18026431441542812131,train,-3.3192594959715014,-3.326165,0.006905464889704671,0.9943385,0.0061862133,-3.3219745
-0.4,1.0849323731926979e-09,2551.147301026894,487.27717818808753,44.82712146868644,302.5978918999191,0.00047404372494593526,17938021924088880075,train,-3.3241815979315366,-3.3217463,0.0024352485968197612,1.0197299,0.006107902,-3.3236463
-1.8,9.634928280602635e-10,2455.009212271192,512.2369330710814,40.30940301281442,306.6726054586492,0.0005100803106431893,9415233787243991652,train,-3.2923614401309362,-3.2936897,0.0013282876522668907,1.4871536,0.0050454275,-3.2915044
-2.2,1.0732744646319759e-09,2458.1779927472685,500.451348042105,41.29986197643443,296.3385514465405,0.0005167240487558529,15854623793106210877,train,-3.286741325566941,-3.2821198,0.0046215745903785965,1.1857048,0.005659408,-3.284396
-2.0,9.920951194363948e-10,2484.0228854962547,482.5603784265586,38.422268984819695,304.0303353891022,0.0005057306933505946,2314355766595058403,train,-3.2960806877590287,-3.295259,0.0008216888881791284,1.0064329,0.006148544,-3.2929108
-1.0,1.0352580576007263e-09,2678.9547588546675,473.131828680381,34.826156523967086,290.8089263982084,0.00047104316638318586,603198139025932464,train,-3.326939292312693,-3.3223517,0.0045875982056373665,0.4963303,0.00877867,-3.3235207
-2.4000000000000004,9.123213222215395e-10,2625.69228411366,506.617977618184,38.92442853409919,306.1252360546967,0.0005056606444394451,2928394120619732261,train,-3.296140846185322,-3.2919512,0.004189666680927573,0.90831035,0.006475438,-3.2950864
-2.6,1.0060692139373963e-09,2527.3807724384133,522.7157534573084,43.167246359099664,298.50956140834,0.0005364875974089416,1367897570274288222,train,-3.270440313659109,-3.27427,0.0038297440191135124,2.3938906,0.0039578113,-3.2705603
-2.2,1.0025105539620802e-09,2526.9743060678943,509.1946075584183,40.75166342427999,301.0515477079729,0.0005169247488311222,15180030701036252205,train,-3.286572674596697,-3.286949,0.00037624469956742956,1.3949533,0.005212011,-3.286178
-2.8000000000000003,1.0692616090001279e-09,2445.881237248077,515.6238842072526,38.37558042728467,295.9516778251947,0.0005237003567668276,2860266914913243763,train,-3.2809171302386484,-3.2824035,0.0014863388470449657,1.0163474,0.0061181653,-3.2820709
-0.6000000000000001,8.622252758820395e-10,2596.9228583838576,499.2028055441836,37.99663516660689,298.18972265332246,0.0004703049174140123,7681735671422946543,train,-3.3276204803340694,-3.3295305,0.0019099971897342805,0.602032,0.007966483,-3.3323686
-0.8,1.0732744646319759e-09,2458.1779927472685,500.451348042105,41.29986197643443,296.3385514465405,0.00048570353947229066,15854623793106210877,train,-3.313628731676884,-3.308086,0.005542813250370315,1.0192394,0.006109387,-3.3111353
0.0,1.0705485436227222e-09,2590.7468930890127,531.0534862964538,41.61731424149927,306.85396396460635,0.0004474335851195,4155552024635161694,train,-3.349271420139611,-3.352037,0.002765532832801121,0.6797996,0.0074939523,-3.351479
-0.6000000000000001,1.0375673846448864e-09,2379.4103992541063,496.85223216497695,39.047727684139495,305.18782525816323,0.0004751403560036449,3141391476646313355,train,-3.3231780812512377,-3.3226564,0.0005216882000902423,0.80794615,0.006869442,-3.3197982
-1.8,1.0060692139373963e-09,2527.3807724384133,522.7157534573084,43.167246359099664,298.50956140834,0.0005237048744471725,1367897570274288222,train,-3.280913383830694,-3.2849736,0.00406023753771434,2.1800342,0.004152076,-3.2798915
-2.6,7.516487326049726e-10,2475.0294016619155,481.8667099014746,36.16652897024234,304.10393187120707,0.0005089919251786082,4556256472297801959,train,-3.2932891074042816,-3.2944636,0.0011745270866851953,0.6332853,0.007766161,-3.2943401
-2.6,9.756514716409811e-10,2404.497548871577,500.9208966540563,41.62971960161597,300.52976098251094,0.0005328572224618111,7311808897764695838,train,-3.2733891433253928,-3.2766972,0.003308015488083793,1.3780497,0.0052443426,-3.276637
-3.0,9.162514515645111e-10,2366.748252214537,515.4599435910573,36.43861892729903,303.676124223718,0.000504745343546916,17492872546512810480,train,-3.296927678884982,-3.2892678,0.007659900488375726,0.63950676,0.0077280425,-3.2899945
-1.8,1.0692616090001279e-09,2445.881237248077,515.6238842072526,38.37558042728467,295.9516778251947,0.0005090666224843413,2860266914913243763,train,-3.2932253770268383,-3.2954266,0.0022012301051197447,1.0405993,0.0060456875,-3.2944148
-0.4,9.603042271636284e-10,2438.0715583385486,503.6957420101608,43.08491203323523,298.5763734449834,0.000480085255492487,2124884718484563516,train,-3.318681631994972,-3.3185563,0.00012532324863423483,1.2889403,0.0054251165,-3.3177817
-1.0,1.0728366895058958e-09,2396.471193900285,522.5703607996403,39.66536493364173,302.3426017448898,0.0004965547461599353,10539271283961051071,train,-3.304032862688351,-3.3068542,0.0028213853585241644,0.92196804,0.00642684,-3.306219
-0.2,1.0040157435828723e-09,2421.1156291426087,502.3421578152334,38.33334239027114,293.10089722857373,0.0004633952449393108,12886194249589357920,train,-3.3340484269707598,-3.339036,0.0049875608832441465,0.5526615,0.008316831,-3.3404489
-1.8,1.0050965165320695e-09,2414.3235243349927,515.5034020410067,40.79653471954481,301.4383600393062,0.0005153770081684371,18237334030368139870,train,-3.2878749599572177,-3.2892387,0.0013637313727383749,1.4861096,0.0050472273,-3.2881632
-1.6,1.1459805246638944e-09,2630.825732937456,497.4739907663986,41.26661222078493,300.2753689300697,0.0004982636464397297,12849312948239067464,train,-3.3025407980116936,-3.297355,0.0051858614119622,1.1183035,0.005829509,-3.2989883
-2.0,9.928313705154955e-10,2556.196978076177,523.0189213691006,40.51326020590248,298.8914974420704,0.0005175922889294899,903425415547655004,train,-3.2860122023940654,-3.2902017,0.0041894615768818255,1.5180073,0.0049930844,-3.284596
-3.0,8.75983736068783e-10,2627.978517028968,489.37942559949954,40.91913452211564,297.20307373531364,0.0005220343011615086,5144607327742428380,train,-3.2823009599943944,-3.2813625,0.0009384264250584806,1.2065259,0.005609754,-3.2786798
-0.4,8.622252758820395e-10,2596.9228583838576,499.2028055441836,37.99663516660689,298.18972265332246,0.00046141987124765174,7681735671422946543,train,-3.3359037063312362,-3.337621,0.0017172672557999036,0.5428089,0.008392399,-3.3405576
-1.6,9.220148370062531e-10,2472.3739758500788,504.5088858703008,41.28793476116813,303.0641722996054,0.0005017068344022908,7538273554073210114,train,-3.2995499828411234,-3.2946067,0.004943297202695707,1.2101191,0.0056013144,-3.2997782
-0.4,1.0040157435828723e-09,2421.1156291426087,502.3421578152334,38.33334239027114,293.10089722857373,0.00047412321034269916,12886194249589357920,train,-3.3241087836031675,-3.3283317,0.004222925304913527,0.67592686,0.007515541,-3.3298223
-1.8,9.220148370062531e-10,2472.3739758500788,504.5088858703008,41.28793476116813,303.0641722996054,0.0005055869844684674,7538273554073210114,train,-3.296204114801386,-3.2913442,0.004859948999384134,1.2343854,0.0055452827,-3.2962396
-2.0,1.006299553709699e-09,2596.53014928976,491.578961058072,40.01001805266426,305.28831051478386,0.0005046656749650864,6325844468188908084,train,-3.2969962329722806,-3.2946208,0.0023754806376858895,0.8183289,0.006825356,-3.2944283
-0.8,1.0663734802785015e-09,2646.766281337793,486.2018595083384,41.79339850063371,299.641349014439,0.0004906075916252338,5637171177688138856,train,-3.3092657358372586,-3.3162396,0.006973859575949426,1.1224204,0.005818683,-3.3118958
-2.8000000000000003,9.58904338765352e-10,2486.667922677388,495.3304947031063,40.43386356777175,305.1954997344612,0.0005326969841906602,13052852389533457310,train,-3.273519761921876,-3.2823005,0.008780710337645381,1.2928896,0.0054167127,-3.277789
0.0,1.1396379394271226e-09,2408.4924726992253,490.0725825278824,43.06550150160359,292.35304316269765,0.0004583574547372,10954724855113224492,train,-3.338795700880053,-3.340044,0.0012483207263924712,0.91647536,0.0064462544,-3.337353
-1.6,9.42387899986183e-10,2596.3418775504824,506.9916211367261,42.54178389838287,305.55199671356803,0.0005025611151049155,3392607520233113049,train,-3.2988111173126224,-3.296239,0.0025722180816654117,1.4680383,0.005078677,-3.2969944
-1.8,1.1459805246638944e-09,2630.825732937456,497.4739907663986,41.26661222078493,300.2753689300697,0.0005021420135043439,12849312948239067464,train,-3.299173440307066,-3.294072,0.005101527541563122,1.1208427,0.005822825,-3.2956345
-1.4,1.0455070732925304e-09,2552.705145034877,518.1497095238773,37.60227540602951,298.4772867617408,0.00048817823263847584,13753303497944442308,train,-3.3114215892280314,-3.3070164,0.004405216547367363,0.7498632,0.007132677,-3.3063376
-3.0,1.0050965165320695e-09,2414.3235243349927,515.5034020410067,40.79653471954481,301.4383600393062,0.0005326255205326016,18237334030368139870,train,-3.273578028357177,-3.275586,0.00200786145910703,1.6047819,0.0048540095,-3.274583
-2.4000000000000004,9.634928280602635e-10,2455.009212271192,512.2369330710814,40.30940301281442,306.6726054586492,0.000519776430848803,9415233787243991652,train,-3.2841834173790194,-3.2855816,0.0013981713660977668,1.4404365,0.005127845,-3.2838285
-0.8,9.89297888860932e-10,2413.8801533334354,510.75595836241,38.53132745549709,285.1813868750008,0.00048731749771233534,6508029577517650568,train,-3.3121879944806323,-3.311152,0.0010360131268725148,0.8160026,0.0068351603,-3.313766
-3.0,1.104689398918354e-09,2572.8324404304963,485.2307246352714,40.714467773434976,300.93677074401546,0.0005281619659588727,9216328605101287225,train,-3.2772328764515457,-3.2803788,0.003145942060417184,1.1359253,0.005783584,-3.277241
-0.2,9.118663996020179e-10,2651.95019435956,481.7408591707263,38.899871401178025,300.40158819211445,0.0004460192878374484,17319768135093042826,train,-3.3506463600765386,-3.3480206,0.0026258064876714116,0.587828,0.008062751,-3.3501377
-2.6,1.0692616090001279e-09,2445.881237248077,515.6238842072526,38.37558042728467,295.9516778251947,0.0005212247292786007,2860266914913243763,train,-3.2829749875594887,-3.2845438,0.0015687651107993972,1.0058457,0.0061503574,-3.2843194
-2.2,9.123213222215395e-10,2625.69228411366,506.617977618184,38.92442853409919,306.1252360546967,0.0005026692443756075,2928394120619732261,train,-3.298717686099902,-3.2945044,0.00421328203190896,0.92082494,0.006430866,-3.2976687
-2.8000000000000003,1.0789603531824067e-09,2367.1936347140645,478.9001778930339,37.12870103512795,297.3410066095633,0.0005265104082245715,4747465828158748725,train,-3.2785930391227134,-3.284883,0.006289983185636228,0.68016005,0.0074919527,-3.2832975
-2.6,1.1395831540373824e-09,2538.761869465952,510.72502895181066,40.87821813200619,300.974125232131,0.0005230396957261419,3684234868495982631,train,-3.2814653494107238,-3.281002,0.0004633047329893891,1.3376426,0.005324086,-3.2813175
-3.0,1.1201765668553064e-09,2329.913862262383,487.444276821995,41.61971486534147,298.1037724082114,0.0005416088344021887,10813817281839957845,train,-3.2663142603110398,-3.2702973,0.003983028583613546,1.395685,0.0052106245,-3.270498
-2.2,8.589969950121182e-10,2505.474763633521,514.8627810246533,39.90795077029272,306.8673078749587,0.000506644396821705,8372103036707258832,train,-3.2952967560183213,-3.2907176,0.004579154242198236,1.0619117,0.0059840484,-3.2930427
0.0,1.000096056099185e-09,2446.239819629679,503.61049666576776,43.101977222602514,303.9832024614659,0.0004518656204944,13944279034983237670,train,-3.3449907000442196,-3.3438418,0.0011489088912655099,0.8010193,0.006899328,-3.345696
-3.0,8.89459518994858e-10,2383.601346469497,502.4892009812192,38.55163090195673,309.2198732722366,0.0005234954844699015,3483175946691254694,train,-3.2810870600754205,-3.2855692,0.004482130903583403,1.0395703,0.0060487115,-3.282716
-1.2000000000000002,9.664729913030388e-10,2627.7330466636663,506.9906344590098,40.06029068650691,301.1540677406581,0.0004869151713145446,8813459275462154891,train,-3.3125466934854435,-3.3086648,0.0038818947488712396,0.9915491,0.0061949985,-3.3095825
-2.4000000000000004,9.162514515645111e-10,2366.748252214537,515.4599435910573,36.43861892729903,303.676124223718,0.0004975713820103259,17492872546512810480,train,-3.303144606195876,-3.2943203,0.008824261270949041,0.55043936,0.008333697,-3.2966456
-1.2000000000000002,1.0060692139373963e-09,2527.3807724384133,522.7157534573084,43.167246359099664,298.50956140834,0.000510189252453887,1367897570274288222,train,-3.2922686943917205,-3.2956545,0.003385840901858561,1.721463,0.004683757,-3.2911112
-1.4,1.0732744646319759e-09,2458.1779927472685,500.451348042105,41.29986197643443,296.3385514465405,0.0005021365318543085,15854623793106210877,train,-3.299178181323138,-3.2943592,0.004818974169817469,1.1177453,0.0058309813,-3.2965477
-1.0,1.0732744646319759e-09,2458.1779927472685,500.451348042105,41.29986197643443,296.3385514465405,0.0004919062482365165,15854623793106210877,train,-3.30811766095885,-3.3026607,0.005456957299792453,1.0651668,0.005974797,-3.3055177
-2.2,1.243555870393131e-09,2440.816535503744,483.6779599156501,38.81204244575611,302.5323056028984,0.0005117144216163717,4261926717090881150,train,-3.290972343160477,-3.2887468,0.0022255093592074005,1.0342885,0.006064303,-3.2897286
-1.4,7.777840542828623e-10,2445.911024694583,482.1130919467457,41.27682283342508,300.8565986758517,0.0004959420456881015,13149960228396626776,train,-3.304569070905778,-3.2987034,0.005865638822648123,1.0940409,0.0058945394,-3.3022077
-2.6,1.0732744646319759e-09,2458.1779927472685,500.451348042105,41.29986197643443,296.3385514465405,0.0005222167263980641,15854623793106210877,train,-3.2821492220074333,-3.2770786,0.0050705934673942465,1.2002431,0.0056246016,-3.2794511
-1.0,9.682475573035431e-10,2330.6047518253104,479.0686974559265,41.64371883461047,301.63426669668445,0.0005018988582226497,13640118791446356878,train,-3.299383792299945,-3.3017747,0.0023909479191712713,1.1789967,0.0056756837,-3.302838
-1.4,1.0727510291740675e-09,2408.6350240081065,515.7307920217833,36.322106531247385,300.55707391972635,0.0004852398177470853,16501516911797089168,train,-3.3140435690620116,-3.307417,0.0066266531684568974,0.65645623,0.0076269526,-3.3061268
-1.8,9.808684991835892e-10,2440.440905080504,475.02919518003887,43.13862383173334,296.64614602139693,0.000524611720755039,10893922623691634355,train,-3.2801620107293212,-3.284987,0.004824962079516659,2.0129955,0.0043247123,-3.28118
-2.4000000000000004,1.104689398918354e-09,2572.8324404304963,485.2307246352714,40.714467773434976,300.93677074401546,0.0005205452083275208,9216328605101287225,train,-3.2835415468939284,-3.2859504,0.0024088753930588958,1.0700111,0.005961106,-3.2836215
-2.0,8.979123523428992e-10,2531.360993910196,491.918494232159,35.793021097389925,308.86985058095934,0.0005122703224182259,579736006479800074,train,-3.290500803568008,-3.3000963,0.009595469854233318,0.6515206,0.007655983,-3.2973428
-1.2000000000000002,1.1774606839117e-09,2487.5677489208106,509.6158544320055,42.33569419095241,299.8381908200232,0.0004975252014708432,14988660033747214345,train,-3.303184915757412,-3.2966928,0.006492067551845615,1.4714472,0.0050727003,-3.301895
-0.8,1.0806933086411387e-09,2604.781653428076,466.5836923998952,39.33731057072893,297.69705044733973,0.0004855840536081275,3371631208540637995,train,-3.313735583760866,-3.3187857,0.005050083658567406,0.82401234,0.0068015764,-3.3169324
-0.6000000000000001,1.0803651442869379e-09,2531.060987167743,511.9316238370674,40.66002705988115,288.1838349540611,0.0004886698308385775,17485459239320075305,train,-3.31098447231779,-3.3144617,0.003477235751057517,1.0847934,0.0059198956,-3.315952
-2.8000000000000003,1.066709170571727e-09,2302.646144768272,474.8978179470865,37.69553984942066,294.1521471075916,0.0005204175241162391,3765765162242439701,train,-3.2836480877852314,-3.2811036,0.002544476792799788,0.7703237,0.007036567,-3.2819736
-0.8,8.762920771795992e-10,2597.67569731618,502.646286170094,38.978559546027874,295.06946514256083,0.00047050856235323843,2033506848451370756,train,-3.3274324688383654,-3.319521,0.007911518520982597,0.643676,0.0077028074,-3.3246794
-2.4000000000000004,9.928313705154955e-10,2556.196978076177,523.0189213691006,40.51326020590248,298.8914974420704,0.000523861374071127,903425415547655004,train,-3.280783622254841,-3.2845752,0.0037916016678885,1.501359,0.005021129,-3.2797005
-2.0,1.2225799825820127e-09,2598.953191343567,516.8045118894966,39.85430360518959,306.74502895459364,0.0005043723286362098,17234994038809733169,train,-3.297248748130386,-3.292779,0.004469779319350664,1.056372,0.0059998916,-3.2965593
-0.4,9.16382362452114e-10,2549.3338723326283,483.7915671011157,41.484417545989686,302.7283665488111,0.00046305842846044185,779010489516208886,train,-3.3343642064831767,-3.3312695,0.0030947038434061547,0.7385255,0.0071876408,-3.331548
-1.8,1.066709170571727e-09,2302.646144768272,474.8978179470865,37.69553984942066,294.1521471075916,0.0005064447278085172,3765765162242439701,train,-3.295467945600065,-3.2937088,0.0017591443305335908,0.73523015,0.0072038537,-3.2941413
-0.2,1.0806933086411387e-09,2604.781653428076,466.5836923998952,39.33731057072893,297.69705044733973,0.00045823453004896464,3371631208540637995,train,-3.3389121878557115,-3.3436997,0.004787505824098037,0.63566595,0.007751509,-3.3421845
-1.2000000000000002,9.220148370062531e-10,2472.3739758500788,504.5088858703008,41.28793476116813,303.0641722996054,0.0004924786934880558,7538273554073210114,train,-3.3076125540003383,-3.3024137,0.005198851989229869,1.1760306,0.0056829243,-3.3083038
-2.0,1.243555870393131e-09,2440.816535503744,483.6779599156501,38.81204244575611,302.5323056028984,0.000508558838850713,4261926717090881150,train,-3.2936587931642434,-3.2914073,0.002251446438779503,1.0619769,0.005983863,-3.292243
-1.4,1.000096056099185e-09,2446.239819629679,503.61049666576776,43.101977222602514,303.9832024614659,0.0005121975366567539,13944279034983237670,train,-3.2905625145418402,-3.2928424,0.0022798736112359386,1.6830707,0.0047378293,-3.2916024
-2.2,9.525981103063824e-10,2521.0178569100235,513.1122387074643,39.33447860201831,299.4635962010897,0.0005177401374038587,2217437892012799629,train,-3.285888165369088,-3.2902398,0.004351645574515395,0.96736705,0.0062727397,-3.2897508
-0.4,9.928313705154955e-10,2556.196978076177,523.0189213691006,40.51326020590248,298.8914974420704,0.00047214099427850395,903425415547655004,train,-3.325928289727586,-3.3292754,0.003347079916578899,0.8411788,0.006731217,-3.3245773
-2.0,8.762920771795992e-10,2597.67569731618,502.646286170094,38.978559546027874,295.06946514256083,0.0004983738925527206,2033506848451370756,train,-3.302444716383528,-3.2961473,0.006297369886945958,0.73639715,0.0071980995,-3.2990127
-2.2,1.25959298622376e-09,2354.3009197629594,499.1918367180637,40.77134716523017,305.22981462209646,0.0005227044429915914,128968913270984251,train,-3.2817438083802855,-3.2823777,0.0006339114988649364,1.5121427,0.0050029107,-3.2821743
0.0,9.603042271636284e-10,2438.0715583385486,503.6957420101608,43.08491203323523,298.5763734449834,0.0004538594492497,2124884718484563516,train,-3.3430786182128855,-3.3426268,0.0004518081390330053,0.7609712,0.007080019,-3.3425024
-0.8,1.018423641836786e-09,2420.2103352289205,495.3862399264609,39.18777263938059,307.5354074756815,0.0004771802879021483,9985116505034206452,train,-3.3213175051361126,-3.3177376,0.003579925790409444,0.8514987,0.0066899434,-3.3133779
-2.4000000000000004,1.0455070732925304e-09,2552.705145034877,518.1497095238773,37.60227540602951,298.4772867617408,0.0005055792660839392,13753303497944442308,train,-3.2962107448719764,-3.2921877,0.0040230541371131245,0.7548682,0.007108807,-3.2911136
0.0,8.758150413106088e-10,2554.792538970499,492.8309420700668,37.207464786418186,297.95471711920453,0.000432869620059,14100953261967155807,train,-3.363642893058905,-3.3624392,0.0012037374802917888,0.30343324,0.011238687,-3.363192
0.0,9.89963136259949e-10,2542.7024133885266,503.0087467521194,39.0211226249472,305.0510216058231,0.0004335174212126,380264510751012186,train,-3.3629934453977435,-3.3573568,0.0056366586698382015,0.6200242,0.007849312,-3.3565035
-1.6,1.1396379394271226e-09,2408.4924726992253,490.0725825278824,43.06550150160359,292.35304316269765,0.0005211179407591377,10954724855113224492,train,-3.2830639749265584,-3.2835724,0.0005084604524698833,1.6864,0.004733068,-3.2822504
-1.0,1.0375673846448864e-09,2379.4103992541063,496.85223216497695,39.047727684139495,305.18782525816323,0.0004885181480757585,3141391476646313355,train,-3.311119297937512,-3.3097641,0.00135515113270257,0.8789758,0.006583608,-3.3078752
-2.4000000000000004,1.0849323731926979e-09,2551.147301026894,487.27717818808753,44.82712146868644,302.5978918999191,0.0005264240515277595,17938021924088880075,train,-3.278664276675322,-3.2778234,0.0008408284941694433,1.7061375,0.004705124,-3.2787137
-2.6,1.0849323731926979e-09,2551.147301026894,487.27717818808753,44.82712146868644,302.5978918999191,0.0005291831539516746,17938021924088880075,train,-3.2763939896211194,-3.275786,0.0006080666169689941,1.7947707,0.004585343,-3.2765727
-1.4,1.0849323731926979e-09,2551.147301026894,487.27717818808753,44.82712146868644,302.5978918999191,0.000508186286328206,17938021924088880075,train,-3.293977058790462,-3.2927344,0.001242674253719045,1.5143567,0.0049991943,-3.2941158
-2.2,8.762920771795992e-10,2597.67569731618,502.646286170094,38.978559546027874,295.06946514256083,0.0005015237526791938,2033506848451370756,train,-3.2997084935244794,-3.293194,0.0065144379672283925,0.74171096,0.0071720714,-3.2963269
-0.8,1.0705485436227222e-09,2590.7468930890127,531.0534862964538,41.61731424149927,306.85396396460635,0.000490940345658612,4155552024635161694,train,-3.308971275952878,-3.3161664,0.00719512495654584,1.0596116,0.005990612,-3.3128922
-0.4,1.000096056099185e-09,2446.239819629679,503.61049666576776,43.101977222602514,303.9832024614659,0.0004783494695348775,13944279034983237670,train,-3.3202547033114844,-3.3224509,0.002196172924477491,1.2768404,0.0054511055,-3.3212485
-0.8,1.0073410050818803e-09,2574.374612551252,485.6872921198837,42.17824256593523,298.72995545788456,0.0004867211276838009,9029148243980292461,train,-3.3127198014093837,-3.312827,0.00010730888114363069,1.1453966,0.005759338,-3.3098767
-1.4,1.075576112436465e-09,2439.1914792405805,507.5653121861305,41.43318212059344,299.0815860986159,0.0005013461723695455,8793357247245534573,train,-3.299862296420458,-3.2939517,0.005910546618822288,1.1861578,0.0056583136,-3.2970474
-0.2,9.136850961862703e-10,2400.1705034771794,499.3175315176618,39.85562670167986,300.93280864091923,0.0004539938287143018,689847661215077168,train,-3.3429500506088456,-3.3376582,0.00529188372346967,0.5048354,0.008704023,-3.341919
-0.2,1.1395831540373824e-09,2538.761869465952,510.72502895181066,40.87821813200619,300.974125232131,0.00045839157969394497,3684234868495982631,train,-3.3387633686280194,-3.3376954,0.0010680084443035476,0.9551777,0.0063130376,-3.3401842
-2.8000000000000003,1.0455070732925304e-09,2552.705145034877,518.1497095238773,37.60227540602951,298.4772867617408,0.0005106745514660564,13753303497944442308,train,-3.291855783877849,-3.2876027,0.004253120837687696,0.76386034,0.007066511,-3.2862797
-2.4000000000000004,1.000072357945733e-09,2615.067429542859,502.8265147659643,41.97319841319997,303.92619603855775,0.0005222728605263914,2056914843148536795,train,-3.282102541327209,-3.28531,0.0032074886563115967,1.1842747,0.0056628664,-3.2849228
-2.4000000000000004,8.89459518994858e-10,2383.601346469497,502.4892009812192,38.55163090195673,309.2198732722366,0.0005158779736284593,3483175946691254694,train,-3.287453014743151,-3.289792,0.0023390461088999004,0.9635871,0.0062851547,-3.288345
-0.4,1.0732744646319759e-09,2458.1779927472685,500.451348042105,41.29986197643443,296.3385514465405,0.00046975892576062145,15854623793106210877,train,-3.3281249592385977,-3.322362,0.005763013132640715,0.86356604,0.0066426205,-3.325502
-3.0,9.143704143090119e-10,2444.5179463100326,473.4138143725302,40.94136333558407,299.94201571725745,0.0005236781205837768,11714911050137312102,train,-3.280935570662636,-3.2778847,0.003050848906654746,1.4526666,0.005105887,-3.2777557
0.0,9.344027379399094e-10,2510.734791451186,511.4018674256231,36.36815079533651,301.4558439858307,0.000425737428557,13370015301709921327,train,-3.370858167297088,-3.3622575,0.00860068667574998,0.2836193,0.011625823,-3.368364
-1.6,9.682475573035431e-10,2330.6047518253104,479.0686974559265,41.64371883461047,301.63426669668445,0.0005166117521400391,13640118791446356878,train,-3.286835718504327,-3.2896113,0.0027756210647646995,1.3797427,0.005241078,-3.2899048
-1.8,9.525981103063824e-10,2521.0178569100235,513.1122387074643,39.33447860201831,299.4635962010897,0.0005109038130901398,2217437892012799629,train,-3.291660855983176,-3.2961082,0.004447389866433227,0.9865466,0.006210847,-3.2951438
-3.0,8.354324428057497e-10,2430.182491588309,507.603602235917,36.73791801396338,295.61725668807514,0.0005159622834435915,10829525609740651031,train,-3.287382043897978,-3.287473,9.091943515171508e-05,0.7338374,0.0072107385,-3.2890306
-1.2000000000000002,1.0044736023004086e-09,2276.4853940628345,486.8441992232576,38.23677890677304,298.10055132439214,0.0004994691045963008,15363031408316951214,train,-3.301491370537739,-3.3022447,0.0007532927007862789,0.62735075,0.007803047,-3.3018742
-1.8,9.798133860644783e-10,2446.0111249981446,493.4775434169566,39.325337668236735,299.6111127589073,0.0005135199346554037,7157631882990673600,train,-3.289442692587058,-3.2944052,0.004962529352028788,0.9355739,0.0063794856,-3.291039
-1.2000000000000002,1.1459805246638944e-09,2630.825732937456,497.4739907663986,41.26661222078493,300.2753689300697,0.0004890613325475689,12849312948239067464,train,-3.3106366731531014,-3.3050902,0.005546484172998856,1.0992118,0.0058805007,-3.3066092
-1.2000000000000002,1.0849323731926979e-09,2551.147301026894,487.27717818808753,44.82712146868644,302.5978918999191,0.0005031562378005325,17938021924088880075,train,-3.2982971388430613,-3.2968776,0.0014195162386911875,1.4731512,0.0050697206,-3.2982893
-1.8,7.777840542828623e-10,2445.911024694583,482.1130919467457,41.27682283342508,300.8565986758517,0.0005041866824413805,13149960228396626776,train,-3.2974086299380456,-3.2919247,0.005483914895931363,1.1299719,0.0057989797,-3.294941
-1.2000000000000002,9.525981103063824e-10,2521.0178569100235,513.1122387074643,39.33447860201831,299.4635962010897,0.0004976528949263799,2217437892012799629,train,-3.303073465226859,-3.3067558,0.0036823159468468702,0.87126017,0.0066129607,-3.3068752
-1.4,8.241763212999094e-10,2472.357675267654,473.84577322091,39.21856251436128,307.7679942040925,0.000492951985257572,14456930291123660273,train,-3.3071953800193175,-3.3053117,0.0018837001792295638,1.0501587,0.006017809,-3.3075726
-2.0,1.0671658198705112e-09,2444.626831258547,492.08006432381046,41.193035529790656,301.7038514591378,0.0005095536800627211,10743645008157788724,train,-3.292810057531927,-3.2868946,0.005915497671697523,1.08956,0.005906786,-3.2876492
-0.6000000000000001,9.60969170700449e-10,2766.6918918406623,529.8468751484584,39.61181207182135,297.3307652107198,0.00047099793582773905,6563696386679920944,train,-3.326980996184452,-3.329647,0.0026660680245322865,0.62621504,0.007810166,-3.325719
-1.0,9.920951194363948e-10,2484.0228854962547,482.5603784265586,38.422268984819695,304.0303353891022,0.0004837258310530895,2314355766595058403,train,-3.3154007205828413,-3.3137157,0.0016850242480024313,1.0014546,0.006163967,-3.3121881
-1.0,1.1395831540373824e-09,2538.761869465952,510.72502895181066,40.87821813200619,300.974125232131,0.0004919083983934389,3684234868495982631,train,-3.3081157626311724,-3.3075438,0.0005720080535356331,1.2907182,0.005421329,-3.308942
-3.0,1.0060692139373963e-09,2527.3807724384133,522.7157534573084,43.167246359099664,298.50956140834,0.0005414720095465176,1367897570274288222,train,-3.2664239885560793,-3.2713156,0.0048915860899167996,2.4431772,0.003916668,-3.267322
-0.4,9.50582857470194e-10,2403.738957653681,492.6388454667692,37.10727035463277,300.4554170460457,0.0004692747836802189,9184494546452176042,train,-3.328572781825779,-3.3339787,0.00540587112832247,0.48174718,0.008911222,-3.3327289
-1.8,9.603042271636284e-10,2438.0715583385486,503.6957420101608,43.08491203323523,298.5763734449834,0.0005222261057507157,2124884718484563516,train,-3.2821414218656257,-3.2837093,0.001567865777806876,2.0249815,0.0043116226,-3.281079
-2.4000000000000004,1.032683367538443e-09,2526.170348943833,478.8149532207128,42.09307571557734,293.4443281911712,0.0005265037184083365,12981595077382156139,train,-3.2785985572828262,-3.280615,0.0020165340410263077,1.5195895,0.0049904427,-3.2783005
-1.8,1.0806933086411387e-09,2604.781653428076,466.5836923998952,39.33731057072893,297.69705044733973,0.0005106096793948086,3371631208540637995,train,-3.291910956731319,-3.2980235,0.0061125055642130555,0.8631255,0.0066443305,-3.2957273
-2.4000000000000004,9.16382362452114e-10,2549.3338723326283,483.7915671011157,41.484417545989686,302.7283665488111,0.0005145255651706391,779010489516208886,train,-3.2885930416271054,-3.2856667,0.0029263374492489724,1.1204809,0.0058237757,-3.2860396
0.0,8.589969950121182e-10,2505.474763633521,514.8627810246533,39.90795077029272,306.8673078749587,0.0004327279798175,8372103036707258832,train,-3.3637850227872144,-3.3555057,0.00827931790745362,0.51628053,0.008606496,-3.3605504
-2.8000000000000003,1.2307353848142815e-09,2445.249484887284,482.48119148575233,42.87746783295031,307.55593866537106,0.0005315774670430562,15038946426069692038,train,-3.274433436582327,-3.2768736,0.0024401519796848348,1.8458891,0.0045201937,-3.2741284
-1.0,9.143704143090119e-10,2444.5179463100326,473.4138143725302,40.94136333558407,299.94201571725745,0.000488068291881326,11714911050137312102,train,-3.311519406046159,-3.3071563,0.00436308165956234,1.1903857,0.0056481324,-3.3091362
-2.0,1.0147448677929011e-09,2607.8117384734032,505.1107398178068,40.31257836583995,298.21936914217434,0.0005138421086935966,833253205382390921,train,-3.2891703087424493,-3.2925417,0.0033714335823797903,1.1073519,0.0058585987,-3.292265
-1.0,8.354324428057497e-10,2430.182491588309,507.603602235917,36.73791801396338,295.61725668807514,0.00048179697783212267,10829525609740651031,train,-3.317135928528105,-3.3159719,0.0011640771792280624,0.50026596,0.0087438915,-3.3198204
0.0,1.0732744646319759e-09,2458.1779927472685,500.451348042105,41.29986197643443,296.3385514465405,0.0004448055192419,15854623793106210877,train,-3.3518298325738622,-3.3476493,0.00418049671265619,0.5824567,0.008100067,-3.3495688
-2.2,1.0849323731926979e-09,2551.147301026894,487.27717818808753,44.82712146868644,302.5978918999191,0.0005234388205619069,17938021924088880075,train,-3.2811340712822763,-3.280246,0.0008880519188729785,1.658039,0.0047740852,-3.2809868
-0.6000000000000001,1.0705485436227222e-09,2590.7468930890127,531.0534862964538,41.61731424149927,306.85396396460635,0.0004832756999140542,4155552024635161694,train,-3.3158050415227263,-3.323503,0.00769797590281085,0.9957801,0.006181687,-3.3195407
-1.4,8.4981307882089e-10,2622.111610500832,493.1418777793542,40.32755095458103,299.70047987606006,0.0005006214177001821,5127878088967066821,train,-3.300490574244316,-3.3048115,0.00432090341681679,0.92403984,0.0064195623,-3.3037672
-2.6,1.2307353848142815e-09,2445.249484887284,482.48119148575233,42.87746783295031,307.55593866537106,0.0005290544382932872,15038946426069692038,train,-3.276499637919493,-3.2782838,0.0017841965379044034,1.788805,0.0045931265,-3.2763057
-1.6,9.798133860644783e-10,2446.0111249981446,493.4775434169566,39.325337668236735,299.6111127589073,0.0005096843216238967,7157631882990673600,train,-3.2926987255185156,-3.2975187,0.0048200046450586065,0.92362976,0.0064210007,-3.294159
-0.4,9.979877857013674e-10,2496.537246315292,510.00187244466247,38.795972505421744,297.7961123434831,0.0004621325304312838,1378160361063041439,train,-3.3352334595497926,-3.331399,0.0038344956215699,0.62306297,0.007830025,-3.3345137
-0.8,9.304065850268983e-10,2472.4930947482308,495.539662311,41.9345213676303,296.5403011366731,0.000489475912108776,1906069974405082520,train,-3.3102686756599082,-3.308436,0.0018327587592734673,0.95804393,0.006303493,-3.3123376
-2.4000000000000004,9.725086180844783e-10,2468.017331565751,490.28733545372194,44.50977871149023,303.263152322465,0.0005296192956010982,3744802582600429992,train,-3.2760362006445907,-3.276174,0.0001378678063370664,1.9444695,0.004401842,-3.276024
0.0,1.0727510291740675e-09,2408.6350240081065,515.7307920217833,36.322106531247385,300.55707391972635,0.0004305844216262,16501516911797089168,train,-3.365941686830612,-3.3586605,0.007281227312179173,0.41507506,0.009603583,-3.357516
-1.2000000000000002,1.0352580576007263e-09,2678.9547588546675,473.131828680381,34.826156523967086,290.8089263982084,0.0004763872260759088,603198139025932464,train,-3.3220398922755785,-3.3184664,0.003573467333561897,0.4654184,0.009066962,-3.3186
-0.2,8.589969950121182e-10,2505.474763633521,514.8627810246533,39.90795077029272,306.8673078749587,0.00044753147565102327,8372103036707258832,train,-3.349176414603185,-3.343654,0.005522497290562978,0.6288307,0.0077938,-3.3470287
-0.8,1.0352580576007263e-09,2678.9547588546675,473.131828680381,34.826156523967086,290.8089263982084,0.00046498101008054827,603198139025932464,train,-3.332564783423243,-3.3272097,0.005355072348413703,0.50157803,0.008732389,-3.3292758
-0.2,9.926993823896762e-10,2332.1716999604114,489.929360905385,39.90607827400121,296.137708789732,0.000456570639351496,8562678507013604755,train,-3.340492020085415,-3.3327703,0.00772167249020006,0.3773847,0.010073702,-3.3337562
-2.0,9.634928280602635e-10,2455.009212271192,512.2369330710814,40.30940301281442,306.6726054586492,0.0005136082337903168,9415233787243991652,train,-3.289368022592948,-3.2907329,0.0013648379722375203,1.4420413,0.005124948,-3.2886844
-3.0,9.725086180844783e-10,2468.017331565751,490.28733545372194,44.50977871149023,303.263152322465,0.0005372560229166456,3744802582600429992,train,-3.2698187071444718,-3.2718503,0.0020316403744491396,2.0610595,0.0042729084,-3.270395
-0.6000000000000001,1.2307353848142815e-09,2445.249484887284,482.48119148575233,42.87746783295031,307.55593866537106,0.00048388928950376985,15038946426069692038,train,-3.315253990540455,-3.317725,0.002470952620555522,1.3457975,0.0053077047,-3.3147163
-0.6000000000000001,1.1459805246638944e-09,2630.825732937456,497.4739907663986,41.26661222078493,300.2753689300697,0.00046995925772234525,12849312948239067464,train,-3.3279397908160373,-3.3227167,0.005223077864377146,1.0104293,0.006136245,-3.3236167
-2.2,1.0692616090001279e-09,2445.881237248077,515.6238842072526,38.37558042728467,295.9516778251947,0.0005156616987923543,2860266914913243763,train,-3.2876351249843414,-3.289725,0.0020899402469818362,1.0029013,0.006159473,-3.2890966
-1.0,9.634928280602635e-10,2455.009212271192,512.2369330710814,40.30940301281442,306.6726054586492,0.0004913414741852991,9415233787243991652,train,-3.3086165754751975,-3.310085,0.0014684827370827769,1.2886924,0.005425646,-3.3080726
-2.0,8.622252758820395e-10,2596.9228583838576,499.2028055441836,37.99663516660689,298.18972265332246,0.0005062406184083256,7681735671422946543,train,-3.295643011997025,-3.298917,0.0032740431329800757,0.686026,0.0074596265,-3.299761
-2.0,1.120623623770265e-09,2459.871490367434,512.0011452017391,38.21649432972869,303.56534322943094,0.0005099116023189249,2671493380122846465,train,-3.2925051061620416,-3.294058,0.001552978325873422,1.0257518,0.006089756,-3.2952135
-2.6,9.979877857013674e-10,2496.537246315292,510.00187244466247,38.795972505421744,297.7961123434831,0.0005151194335608676,1378160361063041439,train,-3.288092065477519,-3.2853823,0.002709794664530918,0.9646085,0.006281793,-3.2870731
-2.0,1.013177684158949e-09,2549.0982526102403,506.5025106580401,39.7132385315927,304.62183232922587,0.0005133583251739052,14934561482547682078,train,-3.2895793905956987,-3.2935433,0.003963948179936061,0.9518438,0.0063241934,-3.2948554
-0.6000000000000001,9.244750759855351e-10,2606.766252024905,514.7015322051607,39.36697999872778,300.425811364213,0.00047450034964257573,13867644369009061341,train,-3.3237634632202813,-3.327232,0.00346842078240428,0.62141246,0.007840483,-3.3319147
-3.0,9.808684991835892e-10,2440.440905080504,475.02919518003887,43.13862383173334,296.64614602139693,0.0005421194373084478,10893922623691634355,train,-3.265905021119207,-3.271626,0.005720974516779442,2.230552,0.004103696,-3.2681055
-0.6000000000000001,9.725086180844783e-10,2468.017331565751,490.28733545372194,44.50977871149023,303.263152322465,0.00048663202600640945,3744802582600429992,train,-3.3127993128729893,-3.3126974,0.00010190228949324975,1.2370344,0.0055392655,-3.313129
-0.4,9.162514515645111e-10,2366.748252214537,515.4599435910573,36.43861892729903,303.676124223718,0.00044954361285729145,17492872546512810480,train,-3.347228168436977,-3.3364623,0.010765909144374586,0.36116245,0.010298319,-3.3398569
-2.0,1.0050965165320695e-09,2414.3235243349927,515.5034020410067,40.79653471954481,301.4383600393062,0.0005189152765945802,18237334030368139870,train,-3.2849035437142677,-3.2862797,0.0013761346304588251,1.4881027,0.0050437935,-3.2853768
-0.8,9.664729913030388e-10,2627.7330466636663,506.9906344590098,40.06029068650691,301.1540677406581,0.00047492692646286825,8813459275462154891,train,-3.3233732069546575,-3.319593,0.0037802542263860595,0.9452723,0.0063463547,-3.3206751
-3.0,9.612679185080118e-10,2493.7557151613,504.62150372842615,37.39117268896573,297.8667082132286,0.0005130662605644413,433422742429117681,train,-3.289826543778573,-3.2859914,0.0038351134959802025,0.8034538,0.0068887803,-3.285564
-1.0,1.0050965165320695e-09,2414.3235243349927,515.5034020410067,40.79653471954481,301.4383600393062,0.0004967346572383295,18237334030368139870,train,-3.303875538168091,-3.304747,0.0008715664766842934,1.2747166,0.0054557053,-3.3048644
-0.8,9.926993823896762e-10,2332.1716999604114,489.929360905385,39.90607827400121,296.137708789732,0.00048231896404660397,8562678507013604755,train,-3.316665661945255,-3.3083744,0.008291257038028466,0.5878728,0.008062442,-3.309534
-1.2000000000000002,1.013177684158949e-09,2549.0982526102403,506.5025106580401,39.7132385315927,304.62183232922587,0.0004963320837812449,14934561482547682078,train,-3.3042276503340275,-3.3077548,0.0035271046861140576,0.94565976,0.006345042,-3.3092585
-0.8,1.1395831540373824e-09,2538.761869465952,510.72502895181066,40.87821813200619,300.974125232131,0.000485566616078209,3684234868495982631,train,-3.3137511797404784,-3.3133707,0.00038047508959948573,1.2395006,0.0055336813,-3.3147676
-2.2,1.0663734802785015e-09,2646.766281337793,486.2018595083384,41.79339850063371,299.641349014439,0.0005231108594789353,5637171177688138856,train,-3.281406264176684,-3.2885501,0.007143874296826613,1.1071619,0.0058591072,-3.2849123
-1.0,8.241763212999094e-10,2472.357675267654,473.84577322091,39.21856251436128,307.7679942040925,0.0004825674517455461,14456930291123660273,train,-3.316441973774107,-3.3148396,0.0016023722573832444,0.9863081,0.0062116054,-3.3170195
-2.4000000000000004,9.304065850268983e-10,2472.4930947482308,495.539662311,41.9345213676303,296.5403011366731,0.0005240215193782142,1906069974405082520,train,-3.2806508779870476,-3.2795458,0.0011050939904655444,1.234311,0.0055454522,-3.2824426
-2.2,1.000096056099185e-09,2446.239819629679,503.61049666576776,43.101977222602514,303.9832024614659,0.0005274854578263153,13944279034983237670,train,-3.277789508869781,-3.2802474,0.0024579410050971084,1.7442267,0.004652538,-3.279271
-0.2,1.0933784852654091e-09,2410.884334287086,539.0569290920441,39.62193192256099,289.3285700165644,0.0004642684137677882,16519722322841066187,train,-3.333230862301911,-3.3322482,0.000982651394928702,0.58013934,0.008116326,-3.3317335
-0.8,1.0025105539620802e-09,2526.9743060678943,509.1946075584183,40.75166342427999,301.0515477079729,0.0004848567742809111,15180030701036252205,train,-3.3143865321724912,-3.3144877,0.00010116352147848673,1.1902986,0.0056483415,-3.3143337
-2.0,9.596807973870107e-10,2396.380469719385,547.2442070596833,39.34847113068841,298.5552181462747,0.0005163703799352346,16164245777420927440,train,-3.287038677713948,-3.2888167,0.001778012730998313,1.4537483,0.0051039583,-3.2875652
-0.6000000000000001,9.798133860644783e-10,2446.0111249981446,493.4775434169566,39.325337668236735,299.6111127589073,0.00048157420683417844,7157631882990673600,train,-3.3173367819860444,-3.3218424,0.0045056500360503016,0.74657756,0.007148477,-3.3183386
-1.0,1.006299553709699e-09,2596.53014928976,491.578961058072,40.01001805266426,305.28831051478386,0.000482243006711357,6325844468188908084,train,-3.3167340615973795,-3.3142955,0.002438531278165623,0.90757555,0.0064780833,-3.3125882
-0.2,7.777840542828623e-10,2445.911024694583,482.1130919467457,41.27682283342508,300.8565986758517,0.00045201311499060327,13149960228396626776,train,-3.344848964114684,-3.3375232,0.007325742145079417,0.64350986,0.0077038086,-3.3430057
-2.6,9.85546704036472e-10,2573.0239327697072,479.3922741661716,39.9154735600532,295.8292447353602,0.0005137064692291827,12112510911978131146,train,-3.289284965066308,-3.2849174,0.004367610482567841,0.8030747,0.0068904194,-3.2858837
-1.2000000000000002,1.075576112436465e-09,2439.1914792405805,507.5653121861305,41.43318212059344,299.0815860986159,0.0004965305454368182,8793357247245534573,train,-3.3040540295319216,-3.2978852,0.006168850012268301,1.1905339,0.005647776,-3.3014376
0.0,9.63679966987411e-10,2457.046368424285,519.0454313677445,40.52844947169319,303.263443359763,0.000447676725345,17951410366048416543,train,-3.3490354839435335,-3.3508227,0.0017872032055143983,0.5877244,0.008063465,-3.349636
-0.6000000000000001,1.0060692139373963e-09,2527.3807724384133,522.7157534573084,43.167246359099664,298.50956140834,0.0004903872767704548,1367897570274288222,train,-3.3094608062303936,-3.3125658,0.0031049972974384055,1.4933401,0.005034803,-3.3090749
-2.0,1.0663734802785015e-09,2646.766281337793,486.2018595083384,41.79339850063371,299.641349014439,0.0005198246141885365,5637171177688138856,train,-3.284143160092475,-3.291456,0.007312824023125497,1.1359556,0.005783506,-3.2875798
-0.4,1.0455070732925304e-09,2552.705145034877,518.1497095238773,37.60227540602951,298.4772867617408,0.00045625030926803425,13753303497944442308,train,-3.3407968281500326,-3.3357525,0.0050443409674154616,0.53292227,0.008470322,-3.3354454
-1.2000000000000002,9.595802013951228e-10,2610.2949574222403,489.9218602044182,42.219532217947325,302.0841812978663,0.0004987888992759872,11643629726484600332,train,-3.3020832204638033,-3.3050575,0.0029743051709623103,1.2584234,0.0054913764,-3.3011746
-1.2000000000000002,1.1395831540373824e-09,2538.761869465952,510.72502895181066,40.87821813200619,300.974125232131,0.0004974489624428213,3684234868495982631,train,-3.303251470629772,-3.3026931,0.0005583420439565501,1.3201973,0.005359635,-3.303814
-1.8,1.104689398918354e-09,2572.8324404304963,485.2307246352714,40.714467773434976,300.93677074401546,0.0005106840762292459,9216328605101287225,train,-3.2918476837806203,-3.294473,0.002625249034931443,1.1810066,0.005670793,-3.29194
-0.6000000000000001,1.0147448677929011e-09,2607.8117384734032,505.1107398178068,40.31257836583995,298.21936914217434,0.00047755356512666413,833253205382390921,train,-3.320977908406462,-3.3236306,0.002652662958894325,0.89873654,0.00651016,-3.3243642
-1.0,9.136850961862703e-10,2400.1705034771794,499.3175315176618,39.85562670167986,300.93280864091923,0.0004869147391472252,689847661215077168,train,-3.312547078948819,-3.3077629,0.004784217696987891,0.80407155,0.0068861116,-3.3109434
-0.8,1.1064539714677527e-09,2488.434465234489,500.4335716276796,41.129719458135625,288.0815978442095,0.0004861782474302266,4253972365711734043,train,-3.3132044762461916,-3.305741,0.007463404545141827,1.0996449,0.005879329,-3.3110538
-2.6,1.0050101529814667e-09,2449.206992526188,478.70441149946606,40.80112322251315,299.2329513672896,0.0005280372388352196,15255519671477510073,train,-3.2773354485829245,-3.280434,0.0030984446208108807,1.4761777,0.005064441,-3.2777116
-2.8000000000000003,8.599648780937921e-10,2637.8899539670565,501.9551856304757,39.90381821426863,300.9815905741297,0.0005141992190461798,14435728251762431223,train,-3.2888685872890204,-3.2856948,0.003173749718829999,0.87240326,0.0066085877,-3.288421
-1.2000000000000002,8.599648780937921e-10,2637.8899539670565,501.9551856304757,39.90381821426863,300.9815905741297,0.00048559939659399503,14435728251762431223,train,-3.313721861586961,-3.310204,0.003517832503709073,0.8328693,0.006765004,-3.3136895
-2.6,1.1774606839117e-09,2487.5677489208106,509.6158544320055,42.33569419095241,299.8381908200232,0.0005230445660372511,14988660033747214345,train,-3.2814613054740787,-3.2754629,0.005998439644610887,1.6484692,0.0047881627,-3.2793322
-1.8,8.584521018906483e-10,2718.2749419682723,482.1832227724541,38.88005077046229,301.691940704981,0.0004989903737736746,3494250555080783753,train,-3.3019078324473505,-3.3030214,0.0011135985218877487,0.8337296,0.006761482,-3.3050923
-1.4,9.525981103063824e-10,2521.0178569100235,513.1122387074643,39.33447860201831,299.4635962010897,0.0005025707220822097,2217437892012799629,train,-3.2988028154022215,-3.302776,0.00397328284912124,0.90740484,0.0064786985,-3.302593
-1.0,1.1396379394271226e-09,2408.4924726992253,490.0725825278824,43.06550150160359,292.35304316269765,0.0005064274432641496,10954724855113224492,train,-3.2954827679684864,-3.2943494,0.0011333359769092333,1.4896477,0.0050411364,-3.29402
0.0,1.0203477325736783e-09,2420.870896846657,485.827773341465,41.83782044136868,301.83723728961854,0.0004556423772458,4106527973129540887,train,-3.3413758909403106,-3.3466992,0.005323346883175706,0.6618109,0.007595825,-3.3469472
-1.4,8.89459518994858e-10,2383.601346469497,502.4892009812192,38.55163090195673,309.2198732722366,0.0004979007927618386,3483175946691254694,train,-3.3028571822366555,-3.3039632,0.0011060021200339776,1.0245197,0.006093456,-3.3022988
-2.6,9.634928280602635e-10,2455.009212271192,512.2369330710814,40.30940301281442,306.6726054586492,0.0005225051708838881,9415233787243991652,train,-3.28190940727389,-3.2834768,0.0015674222549186823,1.4545971,0.0051024463,-3.281572
0.0,1.0044736023004086e-09,2276.4853940628345,486.8441992232576,38.23677890677304,298.10055132439214,0.0004483843586984,15363031408316951214,train,-3.3483495456075163,-3.3503337,0.001984145035794249,0.3699551,0.010174742,-3.3496492
-1.4,1.0933784852654091e-09,2410.884334287086,539.0569290920441,39.62193192256099,289.3285700165644,0.0005062759169128798,16519722322841066187,train,-3.2956127311172194,-3.2947755,0.0008372451247877777,1.1243962,0.0058135088,-3.2935758
-2.0,9.89963136259949e-10,2542.7024133885266,503.0087467521194,39.0211226249472,305.0510216058231,0.0005033035106246218,380264510751012186,train,-3.2981700403169794,-3.2951064,0.0030636293367547474,1.0389744,0.0060504647,-3.292913
-1.6,1.1064539714677527e-09,2488.434465234489,500.4335716276796,41.129719458135625,288.0815978442095,0.0005066326163256596,4253972365711734043,train,-3.2953068543514727,-3.290599,0.004707746609163177,1.229857,0.0055556134,-3.292704
-0.2,8.584521018906483e-10,2718.2749419682723,482.1832227724541,38.88005077046229,301.691940704981,0.00044505382767511274,3494250555080783753,train,-3.351587459471806,-3.3508441,0.0007433146506388155,0.5857289,0.008077273,-3.353894
-1.8,8.4981307882089e-10,2622.111610500832,493.1418777793542,40.32755095458103,299.70047987606006,0.000509111058748187,5127878088967066821,train,-3.293187469253858,-3.297884,0.004696518172899733,0.9463542,0.0063426904,-3.2968047
-0.4,9.612679185080118e-10,2493.7557151613,504.62150372842615,37.39117268896573,297.8667082132286,0.00045717156187546405,433422742429117681,train,-3.3399207925039707,-3.3350384,0.004882368965762662,0.5029045,0.008720805,-3.337073
-1.2000000000000002,8.762920771795992e-10,2597.67569731618,502.646286170094,38.978559546027874,295.06946514256083,0.00048207154859399156,2033506848451370756,train,-3.316888499409449,-3.3095493,0.007339167744409902,0.7080666,0.0073417686,-3.3137765
0.0,9.725086180844783e-10,2468.017331565751,490.28733545372194,44.50977871149023,303.263152322465,0.0004513728017942,3744802582600429992,train,-3.3454646135935824,-3.3416214,0.0038432146678011314,0.63394064,0.007762119,-3.3467011
-0.2,9.143704143090119e-10,2444.5179463100326,473.4138143725302,40.94136333558407,299.94201571725745,0.00045502139355648824,11714911050137312102,train,-3.341968183815174,-3.3370376,0.004930620491199189,0.650033,0.007664798,-3.3409655
-1.6,1.25959298622376e-09,2354.3009197629594,499.1918367180637,40.77134716523017,305.22981462209646,0.0005122907582266233,128968913270984251,train,-3.290483478766219,-3.2909286,0.00044512345240876883,1.4576794,0.005096967,-3.2904751
-3.0,1.0071535471770136e-09,2369.635821802133,538.5091665951578,40.65637295368661,296.23853018587084,0.0005389573968155724,6305389621858259219,train,-3.268445563308938,-3.27145,0.0030044794156713905,2.1548421,0.00417683,-3.2701123
-1.0,1.0574423663675307e-09,2585.038533860248,471.3266920396063,42.543125490608695,301.3994726877767,0.0004895787073451385,2832837163574657009,train,-3.3101774786966436,-3.308648,0.0015293692606084264,1.3210161,0.0053579514,-3.3090715
-1.2000000000000002,8.241763212999094e-10,2472.357675267654,473.84577322091,39.21856251436128,307.7679942040925,0.0004880874028725852,14456930291123660273,train,-3.3115024009759777,-3.30963,0.0018724838312023095,1.0163578,0.0061181337,-3.311955
-0.2,1.0574423663675307e-09,2585.038533860248,471.3266920396063,42.543125490608695,301.3994726877767,0.00045573547492723857,2832837163574657009,train,-3.341287164163879,-3.338514,0.002773074579528245,0.90955025,0.0064709806,-3.3404725
-0.4,1.1459805246638944e-09,2630.825732937456,497.4739907663986,41.26661222078493,300.2753689300697,0.0004611699116880393,12849312948239067464,train,-3.336139035319488,-3.33064,0.005498957728545584,0.95153356,0.0063252347,-3.3313687
-2.0,8.589969950121182e-10,2505.474763633521,514.8627810246533,39.90795077029272,306.8673078749587,0.000503392320070332,8372103036707258832,train,-3.2980934144859453,-3.2934701,0.004623270214094699,1.0975277,0.005885062,-3.2956386
0.0,1.1064539714677527e-09,2488.434465234489,500.4335716276796,41.129719458135625,288.0815978442095,0.0004459783555122,4253972365711734043,train,-3.3506862182154737,-3.3486526,0.0020336169734083143,0.65206796,0.0076527474,-3.3496165
-1.2000000000000002,9.603042271636284e-10,2438.0715583385486,503.6957420101608,43.08491203323523,298.5763734449834,0.0005088694909670703,2124884718484563516,train,-3.2933935862692434,-3.2942233,0.0008297222939890325,1.804492,0.0045727417,-3.2919495
-2.0,9.63679966987411e-10,2457.046368424285,519.0454313677445,40.52844947169319,303.263443359763,0.0005188185044927597,17951410366048416543,train,-3.284984542503573,-3.2889566,0.003972099647306049,1.7326758,0.004668303,-3.2842638
-0.2,1.0942344693420075e-09,2360.838758300681,491.3731844386217,39.51420947268076,305.7035776891924,0.00046409458664044897,3134241803077969267,train,-3.3333934973122625,-3.3376656,0.004272060549065593,0.71166915,0.0073230253,-3.3346019
-0.4,9.725086180844783e-10,2468.017331565751,490.28733545372194,44.50977871149023,303.263152322465,0.0004775027276268321,3744802582600429992,train,-3.3210241432636933,-3.3201253,0.0008988018482880555,1.0997691,0.0058789933,-3.3213952
-3.0,1.0933784852654091e-09,2410.884334287086,539.0569290920441,39.62193192256099,289.3285700165644,0.0005308620529268629,16519722322841066187,train,-3.2750183177808485,-3.273945,0.0010732246259412825,1.5473543,0.004944749,-3.2738154
0.0,1.032683367538443e-09,2526.170348943833,478.8149532207128,42.09307571557734,293.4443281911712,0.0004493822152347,12981595077382156139,train,-3.34738411922946,-3.349402,0.002017831606721643,0.6150357,0.007881284,-3.3484385
-0.2,1.25959298622376e-09,2354.3009197629594,499.1918367180637,40.77134716523017,305.22981462209646,0.0004646915623255115,128968913270984251,train,-3.332835213186591,-3.3326664,0.0001688160918642545,1.1206164,0.0058234194,-3.3343644
-1.0,8.979123523428992e-10,2531.360993910196,491.918494232159,35.793021097389925,308.86985058095934,0.000489643670635575,579736006479800074,train,-3.3101198550163873,-3.3184123,0.008292448908173267,0.74096394,0.007175714,-3.3160655
-2.0,9.344027379399094e-10,2510.734791451186,511.4018674256231,36.36815079533651,301.4558439858307,0.000492916856284313,13370015301709921327,train,-3.3072263300171363,-3.3010967,0.006129652236984917,0.5355589,0.00844933,-3.3050513
-2.6,1.1064539714677527e-09,2488.434465234489,500.4335716276796,41.129719458135625,288.0815978442095,0.00052238604036699,4253972365711734043,train,-3.2820084371552447,-3.2769482,0.005060223577974199,1.24228,0.005527407,-3.2790484
-1.8,1.0732744646319759e-09,2458.1779927472685,500.451348042105,41.29986197643443,296.3385514465405,0.0005101968664095698,15854623793106210877,train,-3.292262213121783,-3.2878957,0.004366533647905957,1.191541,0.0056453594,-3.2897453
-1.8,1.2307353848142815e-09,2445.249484887284,482.48119148575233,42.87746783295031,307.55593866537106,0.0005165535855706938,15038946426069692038,train,-3.2868846195256887,-3.288074,0.0011893970453562552,1.6412475,0.004798867,-3.286333
-0.6000000000000001,8.241763212999094e-10,2472.357675267654,473.84577322091,39.21856251436128,307.7679942040925,0.0004688304960123463,14456930291123660273,train,-3.3289841465225525,-3.3284276,0.0005565933456725958,0.9292691,0.0064013004,-3.32955
-2.2,1.0203477325736783e-09,2420.870896846657,485.827773341465,41.83782044136868,301.83723728961854,0.0005302371849738033,4106527973129540887,train,-3.275529818921569,-3.2825933,0.007063431353089289,1.1946963,0.005637807,-3.281436
-0.6000000000000001,9.85546704036472e-10,2573.0239327697072,479.3922741661716,39.9154735600532,295.8292447353602,0.00046982262846205285,12112510911978131146,train,-3.328066069764593,-3.323157,0.004908997697332218,0.66437,0.0075810803,-3.3248081
-0.6000000000000001,1.0941860864671191e-09,2539.112215454232,503.69324532533454,39.339075937042885,294.39428351617613,0.0004805471029236766,12823118457006761398,train,-3.3182640366380314,-3.321201,0.0029370494062801455,0.827073,0.006788872,-3.3213947
-3.0,1.066709170571727e-09,2302.646144768272,474.8978179470865,37.69553984942066,294.1521471075916,0.0005226214330192591,3765765162242439701,train,-3.2818127835655937,-3.2794921,0.0023206437493095144,0.7694126,0.0070407656,-3.2803671
-2.8000000000000003,7.516487326049726e-10,2475.0294016619155,481.8667099014746,36.16652897024234,304.10393187120707,0.0005115307551303467,4556256472297801959,train,-3.2911282497683176,-3.2926934,0.001565126772820058,0.6660872,0.007571235,-3.2919953
-0.8,1.0692616090001279e-09,2445.881237248077,515.6238842072526,38.37558042728467,295.9516778251947,0.00048477115317632584,2860266914913243763,train,-3.3144632312284887,-3.3150694,0.0006062057984888014,0.84227246,0.006726807,-3.316375
0.0,9.74908016407874e-10,2433.9347159425315,536.1873069142775,40.58953669016749,293.2225739384997,0.000457853081341,18393380424088899902,train,-3.339273858675211,-3.3481116,0.008837770810873113,0.5195688,0.008579073,-3.34136
-0.6000000000000001,9.525981103063824e-10,2521.0178569100235,513.1122387074643,39.33447860201831,299.4635962010897,0.0004783365178290393,2217437892012799629,train,-3.320266462351444,-3.3240108,0.0037443866475794785,0.6879602,0.007449058,-3.323937
-1.0,9.16382362452114e-10,2549.3338723326283,483.7915671011157,41.484417545989686,302.7283665488111,0.0004859446500164323,779010489516208886,train,-3.3134131948557766,-3.3104055,0.0030077020731837933,1.0567931,0.0059986827,-3.3105853
-2.8000000000000003,8.589969950121182e-10,2505.474763633521,514.8627810246533,39.90795077029272,306.8673078749587,0.0005149923758140014,8372103036707258832,train,-3.2881992004081644,-3.2843845,0.0038147113487161377,1.1338061,0.005789051,-3.285967
-1.4,9.595802013951228e-10,2610.2949574222403,489.9218602044182,42.219532217947325,302.0841812978663,0.0005038157749109706,11643629726484600332,train,-3.2977282384863154,-3.3008118,0.0030835290918096447,1.3042662,0.005392717,-3.2972832
-2.2,1.1396379394271226e-09,2408.4924726992253,490.0725825278824,43.06550150160359,292.35304316269765,0.0005317287815399153,10954724855113224492,train,-3.2743098314562418,-3.2751744,0.0008645478925131123,1.6833905,0.004737371,-3.2743373
-2.8000000000000003,1.1395831540373824e-09,2538.761869465952,510.72502895181066,40.87821813200619,300.974125232131,0.00052557508361213,3684234868495982631,train,-3.2793652319305022,-3.2791073,0.00025789970088796466,1.3763337,0.0052476577,-3.2789536
-0.8,9.725086180844783e-10,2468.017331565751,490.28733545372194,44.50977871149023,303.263152322465,0.0004942624543831807,3744802582600429992,train,-3.3060423785610897,-3.305964,7.838548857996841e-05,1.3757194,0.005248846,-3.3061247
-0.8,1.0789603531824067e-09,2367.1936347140645,478.9001778930339,37.12870103512795,297.3410066095633,0.00048826924273014734,4747465828158748725,train,-3.311340632122356,-3.316182,0.004841265994709243,0.579385,0.00812164,-3.3167005
-0.6000000000000001,1.018423641836786e-09,2420.2103352289205,495.3862399264609,39.18777263938059,307.5354074756815,0.00046989977379536705,9985116505034206452,train,-3.327994764041631,-3.3249233,0.0030714871403860755,0.82691616,0.0067895213,-3.319711
-1.4,1.0044736023004086e-09,2276.4853940628345,486.8441992232576,38.23677890677304,298.10055132439214,0.0005040942990560811,15363031408316951214,train,-3.2974882140922714,-3.2986243,0.0011360630225967228,0.65178984,0.0076543908,-3.297769
-1.4,9.603042271636284e-10,2438.0715583385486,503.6957420101608,43.08491203323523,298.5763734449834,0.0005138392476523762,2124884718484563516,train,-3.289172726874114,-3.2902994,0.0011266887142649118,1.9025028,0.0044511077,-3.287865
-2.4000000000000004,9.756514716409811e-10,2404.497548871577,500.9208966540563,41.62971960161597,300.52976098251094,0.0005301065946006773,7311808897764695838,train,-3.2756367930554635,-3.2789557,0.0033189049578421503,1.345721,0.005307858,-3.2789013
0.0,9.60969170700449e-10,2766.6918918406623,529.8468751484584,39.61181207182135,297.3307652107198,0.0004355565261771,6563696386679920944,train,-3.3609554746086636,-3.3632157,0.0022602102820834524,0.38189146,0.010013851,-3.359843
-2.8000000000000003,1.0073410050818803e-09,2574.374612551252,485.6872921198837,42.17824256593523,298.72995545788456,0.0005272816003369452,9029148243980292461,train,-3.2779573832514184,-3.2787962,0.0008388127324683303,1.3062807,0.0053885006,-3.2758157
-0.6000000000000001,1.066709170571727e-09,2302.646144768272,474.8978179470865,37.69553984942066,294.1521471075916,0.0004762071912967553,3765765162242439701,train,-3.3222040505167816,-3.3183548,0.0038492054697845113,0.54092926,0.00840705,-3.3219674
-1.8,1.000096056099185e-09,2446.239819629679,503.61049666576776,43.101977222602514,303.9832024614659,0.0005205961031659941,13944279034983237670,train,-3.283499087052445,-3.285959,0.002459918303389763,1.741522,0.0046562157,-3.2846715
-1.0,9.596807973870107e-10,2396.380469719385,547.2442070596833,39.34847113068841,298.5552181462747,0.0004946271818234715,16164245777420927440,train,-3.3057220210285605,-3.3066788,0.0009567509440957522,0.99454105,0.006185577,-3.3057563
-2.2,8.758150413106088e-10,2554.792538970499,492.8309420700668,37.207464786418186,297.95471711920453,0.0005053580297999744,14100953261967155807,train,-3.2964008292604894,-3.2970366,0.0006358185361414748,0.52424586,0.008540511,-3.2971182
-2.2,1.0308127820747194e-09,2437.7200106987866,482.5972990901911,40.648465379108416,299.4728047413536,0.0005278119231881535,18026431441542812131,train,-3.2775208033612624,-3.285142,0.007621141523991515,1.3458165,0.005307667,-3.2806132
-0.6000000000000001,9.980121445569454e-10,2387.75545073954,508.7275610680178,38.8972081784186,297.8606493603604,0.00047348170487737185,11032972375804727196,train,-3.324696797282262,-3.3198512,0.004845637232823385,0.7123404,0.007319549,-3.3219666
-1.4,9.344027379399094e-10,2510.734791451186,511.4018674256231,36.36815079533651,301.4558439858307,0.0004815199357237709,13370015301709921327,train,-3.317385727655549,-3.3101215,0.007264191400666142,0.48466426,0.008884231,-3.3154233
-0.6000000000000001,1.0040157435828723e-09,2421.1156291426087,502.3421578152334,38.33334239027114,293.10089722857373,0.00048280124101614166,12886194249589357920,train,-3.31623162224128,-3.3204465,0.004214869000175092,0.7238097,0.0072608935,-3.321874
-2.0,9.50582857470194e-10,2403.738957653681,492.6388454667692,37.10727035463277,300.4554170460457,0.0005129613899917565,9184494546452176042,train,-3.289915322499429,-3.2967982,0.006882906718100212,0.6216018,0.007839281,-3.294739
-2.0,8.354324428057497e-10,2430.182491588309,507.603602235917,36.73791801396338,295.61725668807514,0.0005029206086551114,10829525609740651031,train,-3.29850056751725,-3.2993212,0.0008206071043321828,0.6571033,0.007623171,-3.3007214
-1.4,1.013177684158949e-09,2549.0982526102403,506.5025106580401,39.7132385315927,304.62183232922587,0.0005013125660170111,14934561482547682078,train,-3.2998914091243305,-3.3034945,0.0036030443058452377,0.9802305,0.006231029,-3.3048997
-2.8000000000000003,8.241763212999094e-10,2472.357675267654,473.84577322091,39.21856251436128,307.7679942040925,0.0005160696563246002,14456930291123660273,train,-3.2872916756678885,-3.286821,0.0004707871486013815,0.96906674,0.006267181,-3.2878714
-3.0,8.589969950121182e-10,2505.474763633521,514.8627810246533,39.90795077029272,306.8673078749587,0.0005173978155377547,8372103036707258832,train,-3.286175409214183,-3.2833004,0.0028750094339096144,1.1641021,0.005712322,-3.284348
-2.2,9.118663996020179e-10,2651.95019435956,481.7408591707263,38.899871401178025,300.40158819211445,0.0005057033092607018,17319768135093042826,train,-3.296104204388101,-3.295194,0.0009102937893459284,0.86239254,0.006647179,-3.2954779
-1.8,9.118663996020179e-10,2651.95019435956,481.7408591707263,38.899871401178025,300.40158819211445,0.0004988535687714902,17319768135093042826,train,-3.302026916515278,-3.3011732,0.0008537063712350523,0.8934709,0.006529494,-3.3012912
-3.0,1.0671658198705112e-09,2444.626831258547,492.08006432381046,41.193035529790656,301.7038514591378,0.0005230843935097455,10743645008157788724,train,-3.2814282371771295,-3.276355,0.005073209024663683,1.1038702,0.005867937,-3.2765641
-3.0,9.136850961862703e-10,2400.1705034771794,499.3175315176618,39.85562670167986,300.93280864091923,0.0005225024392519681,689847661215077168,train,-3.281911677750503,-3.278653,0.003258771332656174,0.93880194,0.0063684015,-3.2810729
-1.2000000000000002,9.58904338765352e-10,2486.667922677388,495.3304947031063,40.43386356777175,305.1954997344612,0.0005039277772265945,13052852389533457310,train,-3.2976317020456047,-3.3056352,0.00800351180632397,1.2560616,0.005496605,-3.3010037
-0.4,9.74908016407874e-10,2433.9347159425315,536.1873069142775,40.58953669016749,293.2225739384997,0.00048336002715708627,18393380424088899902,train,-3.315729267670405,-3.3213334,0.00560414068530779,0.96843725,0.006269238,-3.3165975
-1.6,1.0050965165320695e-09,2414.3235243349927,515.5034020410067,40.79653471954481,301.4383600393062,0.000511465085951413,18237334030368139870,train,-3.2911840071056124,-3.2924147,0.0012306581165555386,1.4495332,0.0051114867,-3.2915366
-0.4,1.0147448677929011e-09,2607.8117384734032,505.1107398178068,40.31257836583995,298.21936914217434,0.00046860053414633063,833253205382390921,train,-3.3291972206970764,-3.3316176,0.0024203730681824354,0.80293363,0.00689103,-3.3326745
-2.8000000000000003,9.682475573035431e-10,2330.6047518253104,479.0686974559265,41.64371883461047,301.63426669668445,0.0005354807882263161,13640118791446356878,train,-3.2712561060029386,-3.2745185,0.0032623838347078937,1.4816837,0.0050548767,-3.2742758
-2.4000000000000004,9.60969170700449e-10,2766.6918918406623,529.8468751484584,39.61181207182135,297.3307652107198,0.0005142813308703376,6563696386679920944,train,-3.2887992408882365,-3.2918985,0.003099248110176589,0.8844535,0.0065630027,-3.287775
-1.0,1.0803651442869379e-09,2531.060987167743,511.9316238370674,40.66002705988115,288.1838349540611,0.0005022834081235839,17485459239320075305,train,-3.299051167608685,-3.3035161,0.0044649819121889145,1.238771,0.0055353316,-3.3034656
-1.6,1.0060692139373963e-09,2527.3807724384133,522.7157534573084,43.167246359099664,298.50956140834,0.0005196812684560866,1367897570274288222,train,-3.284262936732591,-3.2881725,0.003909546711622802,2.0973406,0.0042349813,-3.2830942
-0.4,1.120623623770265e-09,2459.871490367434,512.0011452017391,38.21649432972869,303.56534322943094,0.00046615896795304925,2671493380122846465,train,-3.3314659564178033,-3.3329673,0.0015013249237494364,0.85643584,0.0066704615,-3.3352787
-0.8,1.243555870393131e-09,2440.816535503744,483.6779599156501,38.81204244575611,302.5323056028984,0.00048065760169080797,4261926717090881150,train,-3.318164184848286,-3.3150892,0.0030749590792429338,0.98736787,0.006208237,-3.3183513
-2.6,9.89963136259949e-10,2542.7024133885266,503.0087467521194,39.0211226249472,305.0510216058231,0.0005121020753849879,380264510751012186,train,-3.290643464106198,-3.2876174,0.003026019114132694,1.0120842,0.006131173,-3.2856376
-1.0,9.60969170700449e-10,2766.6918918406623,529.8468751484584,39.61181207182135,297.3307652107198,0.0004850951878168554,6563696386679920944,train,-3.314173033588638,-3.3169062,0.00273318017173807,0.67295754,0.0075322194,-3.3127604
-0.2,1.1201765668553064e-09,2329.913862262383,487.444276821995,41.61971486534147,298.1037724082114,0.0004730066713807016,10813817281839957845,train,-3.325132733842753,-3.3276212,0.002488487699605191,0.79430825,0.006928654,-3.3278692
-1.2000000000000002,7.777840542828623e-10,2445.911024694583,482.1130919467457,41.27682283342508,300.8565986758517,0.0004910433621591947,13149960228396626776,train,-3.3088801553007614,-3.3027716,0.006108587002421562,1.0502943,0.0060174162,-3.3065646
-1.4,9.612679185080118e-10,2493.7557151613,504.62150372842615,37.39117268896573,297.8667082132286,0.0004886436125955067,433422742429117681,train,-3.3110077738253465,-3.3067727,0.004235064932524235,0.69167435,0.0074288878,-3.3076863
-1.2000000000000002,1.0073410050818803e-09,2574.374612551252,485.6872921198837,42.17824256593523,298.72995545788456,0.0004987305513230445,9029148243980292461,train,-3.3021340268796724,-3.3023977,0.0002637010866362033,1.2178406,0.005583305,-3.2994804
-2.8000000000000003,9.920951194363948e-10,2484.0228854962547,482.5603784265586,38.422268984819695,304.0303353891022,0.0005170414262021244,2314355766595058403,train,-3.2864746591299867,-3.2860932,0.0003814241141175678,0.9912727,0.006195871,-3.2834454
-1.6,8.589969950121182e-10,2505.474763633521,514.8627810246533,39.90795077029272,306.8673078749587,0.0004958910639673345,8372103036707258832,train,-3.304613717691232,-3.2997808,0.004832872049142178,1.04115,0.0060440716,-3.3021815
0.0,9.980121445569454e-10,2387.75545073954,508.7275610680178,38.8972081784186,297.8606493603604,0.0004404540945678,11032972375804727196,train,-3.3560993483524486,-3.3522515,0.0038478186588450924,0.4346614,0.009383764,-3.3540497
-0.8,9.525981103063824e-10,2521.0178569100235,513.1122387074643,39.33447860201831,299.4635962010897,0.00048574283287710853,2217437892012799629,train,-3.3135935986847134,-3.3171976,0.0036039625793247154,0.7907357,0.006944417,-3.3171992
-3.0,1.120623623770265e-09,2459.871490367434,512.0011452017391,38.21649432972869,303.56534322943094,0.0005232579727934677,2671493380122846465,train,-3.2812841456670987,-3.283676,0.0023917633752597034,0.9972704,0.006177019,-3.2838004
-3.0,9.16382362452114e-10,2549.3338723326283,483.7915671011157,41.484417545989686,302.7283665488111,0.0005221252989099223,779010489516208886,train,-3.282225263098826,-3.2803626,0.0018626570502418005,1.1588187,0.0057254867,-3.2792654
-1.0,1.1064539714677527e-09,2488.434465234489,500.4335716276796,41.129719458135625,288.0815978442095,0.000492319297515695,4253972365711734043,train,-3.3077531407855894,-3.3009193,0.006833846428289547,1.148488,0.0057514887,-3.305328
-0.2,1.0071535471770136e-09,2369.635821802133,538.5091665951578,40.65637295368661,296.23853018587084,0.0004702022477805377,6305389621858259219,train,-3.327715299081027,-3.3301523,0.002436974097073552,0.5787423,0.008126175,-3.3293464
-0.4,1.0050101529814667e-09,2449.206992526188,478.70441149946606,40.80112322251315,299.2329513672896,0.0004742214708036546,15255519671477510073,train,-3.324018786839368,-3.326459,0.0024401441298702586,1.0549006,0.00600412,-3.3247328
-1.4,9.928313705154955e-10,2556.196978076177,523.0189213691006,40.51326020590248,298.8914974420704,0.0005056080775700287,903425415547655004,train,-3.2961859964027513,-3.300028,0.003842089305866825,1.2899185,0.0054230317,-3.2946055
-1.2000000000000002,9.926993823896762e-10,2332.1716999604114,489.929360905385,39.90607827400121,296.137708789732,0.0004935339797597648,8562678507013604755,train,-3.3066829408380443,-3.2986794,0.008003589031403635,0.60633343,0.007937998,-3.2996573
-1.4,1.1762312017058683e-09,2610.23254556298,515.3751788116352,39.24041391228537,297.93305834844136,0.0004965436043904043,7155552337602576564,train,-3.304042607562106,-3.3033028,0.0007398426695277571,1.049471,0.006019802,-3.3045635
-0.2,1.120623623770265e-09,2459.871490367434,512.0011452017391,38.21649432972869,303.56534322943094,0.0004555260580432467,2671493380122846465,train,-3.3414867744743013,-3.3423162,0.0008293761909818897,0.7611209,0.0070793172,-3.3455093
-1.8,9.682475573035431e-10,2330.6047518253104,479.0686974559265,41.64371883461047,301.63426669668445,0.0005205311337108013,13640118791446356878,train,-3.2835532896031414,-3.2864923,0.0029390581141437444,1.4488817,0.005112653,-3.2866263
-0.8,9.58904338765352e-10,2486.667922677388,495.3304947031063,40.43386356777175,305.1954997344612,0.0004918405548899767,13052852389533457310,train,-3.3081756642130444,-3.31684,0.008664269182341311,1.1457783,0.0057583675,-3.3116572
-0.4,1.1064539714677527e-09,2488.434465234489,500.4335716276796,41.129719458135625,288.0815978442095,0.0004704224528958022,4253972365711734043,train,-3.3275119579012244,-3.3195243,0.007987669723734214,0.93521047,0.0063807373,-3.3254879
-0.8,1.120623623770265e-09,2459.871490367434,512.0011452017391,38.21649432972869,303.56534322943094,0.00048205197196244504,2671493380122846465,train,-3.316906136201571,-3.3180838,0.0011776269209877732,0.9452963,0.0063462737,-3.3207092
-1.8,1.0455070732925304e-09,2552.705145034877,518.1497095238773,37.60227540602951,298.4772867617408,0.0004961851998753013,13753303497944442308,train,-3.304356193929888,-3.3005989,0.0037573341429006923,0.79042196,0.006945806,-3.2990615
-3.0,1.0308127820747194e-09,2437.7200106987866,482.5972990901911,40.648465379108416,299.4728047413536,0.0005385151805667903,18026431441542812131,train,-3.268802049574053,-3.276989,0.008186933580244027,1.5013113,0.00502121,-3.2724962
-2.6,1.104689398918354e-09,2572.8324404304963,485.2307246352714,40.714467773434976,300.93677074401546,0.0005232871689313065,9216328605101287225,train,-3.2812599140863403,-3.2836041,0.0023442309637085046,1.085957,0.0059166877,-3.2811553
-1.4,9.42387899986183e-10,2596.3418775504824,506.9916211367261,42.54178389838287,305.55199671356803,0.000498071364366714,3392607520233113049,train,-3.302708426456766,-3.3000693,0.0026390943339631434,1.4457122,0.005118339,-3.3008087
-0.2,1.2225799825820127e-09,2598.953191343567,516.8045118894966,39.85430360518959,306.74502895459364,0.00044866498640109783,17234994038809733169,train,-3.3480778212762017,-3.3433497,0.0047281260705132055,1.0448296,0.0060333037,-3.3476481
-0.2,1.0308127820747194e-09,2437.7200106987866,482.5972990901911,40.648465379108416,299.4728047413536,0.0004685037817157134,18026431441542812131,train,-3.329286899180391,-3.3359,0.006613169102690275,0.85609674,0.006671794,-3.332617
0.0,9.304065850268983e-10,2472.4930947482308,495.539662311,41.9345213676303,296.5403011366731,0.0004477816224206,1906069974405082520,train,-3.348933734439667,-3.3479235,0.0010102172124941688,0.47787055,0.008947474,-3.3522508
-0.6000000000000001,1.0806933086411387e-09,2604.781653428076,466.5836923998952,39.33731057072893,297.69705044733973,0.00047815948327976,3371631208540637995,train,-3.320427226491905,-3.3255205,0.005093288949989727,0.78091526,0.0069883014,-3.3236077
-3.0,1.0203477325736783e-09,2420.870896846657,485.827773341465,41.83782044136868,301.83723728961854,0.0005407894756018722,4106527973129540887,train,-3.266971768864696,-3.275015,0.008043346873218837,1.3398682,0.005319601,-3.2733428
-1.0,9.74908016407874e-10,2433.9347159425315,536.1873069142775,40.58953669016749,293.2225739384997,0.0005059372323209015,18393380424088899902,train,-3.295903359341131,-3.3018994,0.005996073794855228,1.5933404,0.004871698,-3.296144
-0.6000000000000001,9.63679966987411e-10,2457.046368424285,519.0454313677445,40.52844947169319,303.263443359763,0.0004826072722042311,17951410366048416543,train,-3.316406138178635,-3.320804,0.004397980931472478,1.1769735,0.0056806197,-3.3164043
-0.6000000000000001,9.926993823896762e-10,2332.1716999604114,489.929360905385,39.90607827400121,296.137708789732,0.0004753404922091177,8562678507013604755,train,-3.3229951884531053,-3.314809,0.008186104514506631,0.5247612,0.008536293,-3.3157792
-0.6000000000000001,9.220148370062531e-10,2472.3739758500788,504.5088858703008,41.28793476116813,303.0641722996054,0.00047326104422211116,7538273554073210114,train,-3.3248992423641583,-3.3202932,0.004606054269065574,0.9643528,0.006282634,-3.3260267
0.0,9.220148370062531e-10,2472.3739758500788,504.5088858703008,41.28793476116813,303.0641722996054,0.0004388864733199,7538273554073210114,train,-3.3576478041016053,-3.3502944,0.00735345252384656,0.52012426,0.008574465,-3.359186
-2.6,8.584521018906483e-10,2718.2749419682723,482.1832227724541,38.88005077046229,301.691940704981,0.0005118345520331958,3494250555080783753,train,-3.29087039986569,-3.2917192,0.0008487983612388561,0.8265571,0.006791008,-3.2936354
-0.2,8.241763212999094e-10,2472.357675267654,473.84577322091,39.21856251436128,307.7679942040925,0.0004489811255404194,14456930291123660273,train,-3.3477719156691452,-3.345229,0.002543005222978234,0.7801707,0.0069916626,-3.3477316
-1.6,8.220747042076196e-10,2489.354974528123,536.8974000619587,36.589080383233394,294.68809277779184,0.0004911294630398624,13344013943894260190,train,-3.3088040115987623,-3.307587,0.0012171032583081498,0.59613,0.008006066,-3.3075972
-0.4,7.516487326049726e-10,2475.0294016619155,481.8667099014746,36.16652897024234,304.10393187120707,0.00045562210102569045,4556256472297801959,train,-3.3413952176028086,-3.3398752,0.0015199963503671476,0.5193142,0.008581186,-3.3423698
-2.8000000000000003,1.0203477325736783e-09,2420.870896846657,485.827773341465,41.83782044136868,301.83723728961854,0.0005384494069313226,4106527973129540887,train,-3.2688550970508325,-3.2761245,0.007269380335642062,1.2907497,0.005421262,-3.2747376
-2.4000000000000004,9.89963136259949e-10,2542.7024133885266,503.0087467521194,39.0211226249472,305.0510216058231,0.0005094018063733714,380264510751012186,train,-3.292939519331971,-3.2898347,0.0031047815542608603,1.0134168,0.0061270986,-3.2879446
0.0,1.0375673846448864e-09,2379.4103992541063,496.85223216497695,39.047727684139495,305.18782525816323,0.000441682691477,3141391476646313355,train,-3.354889619404307,-3.3517392,0.0031504512371927085,0.57648474,0.008142167,-3.3510861
-1.4,7.516487326049726e-10,2475.0294016619155,481.8667099014746,36.16652897024234,304.10393187120707,0.00048823300039768175,4556256472297801959,train,-3.311372869314066,-3.3104424,0.0009304216517125319,0.62666744,0.007807328,-3.3127952
-1.2000000000000002,9.143704143090119e-10,2444.5179463100326,473.4138143725302,40.94136333558407,299.94201571725745,0.0004935315620102911,11714911050137312102,train,-3.306685068387251,-3.3024306,0.004254438657026238,1.2030857,0.00561787,-3.3040938
0.0,9.596807973870107e-10,2396.380469719385,547.2442070596833,39.34847113068841,298.5552181462747,0.0004472898773463,16164245777420927440,train,-3.349410930269975,-3.3510592,0.0016482681095415508,0.35883537,0.0103317825,-3.3487117
-1.2000000000000002,1.0727510291740675e-09,2408.6350240081065,515.7307920217833,36.322106531247385,300.55707391972635,0.00048061592665057435,16501516911797089168,train,-3.3182018416431194,-3.3110566,0.007145227721000236,0.61036307,0.007911586,-3.310168
-1.0,9.89963136259949e-10,2542.7024133885266,503.0087467521194,39.0211226249472,305.0510216058231,0.0004812287410276235,380264510751012186,train,-3.3176484426435966,-3.3142807,0.0033676942762870254,1.0214186,0.0061027976,-3.3118482
-3.0,9.344027379399094e-10,2510.734791451186,511.4018674256231,36.36815079533651,301.4558439858307,0.0005062695509772205,13370015301709921327,train,-3.29561819198948,-3.2902832,0.005334988864480028,0.5858967,0.008076109,-3.2930107
-2.0,1.0789603531824067e-09,2367.1936347140645,478.9001778930339,37.12870103512795,297.3410066095633,0.0005155915819334136,4747465828158748725,train,-3.287694181989138,-3.2944655,0.006771359850461511,0.6941088,0.0074157557,-3.2926583
-1.6,1.1201765668553064e-09,2329.913862262383,487.444276821995,41.61971486534147,298.1037724082114,0.0005206617715382354,10813817281839957845,train,-3.2834443082845133,-3.2867079,0.0032635698282796888,1.2553141,0.0054982626,-3.2858052
-2.2,9.58904338765352e-10,2486.667922677388,495.3304947031063,40.43386356777175,305.1954997344612,0.0005242998267944072,13052852389533457310,train,-3.2804202857580402,-3.2887118,0.008291500512101369,1.2660094,0.005474683,-3.2849631
-0.2,1.0803651442869379e-09,2531.060987167743,511.9316238370674,40.66002705988115,288.1838349540611,0.00046906703005308067,17485459239320075305,train,-3.32876509182202,-3.3336766,0.004911484792359921,0.755941,0.0071037216,-3.3348463
-2.4000000000000004,1.0671658198705112e-09,2444.626831258547,492.08006432381046,41.193035529790656,301.7038514591378,0.0005156119061887511,10743645008157788724,train,-3.287677062745372,-3.2815752,0.0061018598034774385,1.0398095,0.0060480083,-3.2825181
-2.2,9.89297888860932e-10,2413.8801533334354,510.75595836241,38.53132745549709,285.1813868750008,0.0005176990261346749,6508029577517650568,train,-3.2859226519869185,-3.2884755,0.0025528614713334896,0.9881163,0.006205861,-3.2869997
-2.8000000000000003,1.0050101529814667e-09,2449.206992526188,478.70441149946606,40.80112322251315,299.2329513672896,0.0005305495276285567,15255519671477510073,train,-3.2752740678007624,-3.278517,0.0032429400269964326,1.5309039,0.0049716732,-3.2755218
-1.0,7.516487326049726e-10,2475.0294016619155,481.8667099014746,36.16652897024234,304.10393187120707,0.0004778983301230938,4556256472297801959,train,-3.3206644869924786,-3.3190677,0.0015967703939678835,0.59956586,0.007982952,-3.3219016
-0.6000000000000001,1.000096056099185e-09,2446.239819629679,503.61049666576776,43.101977222602514,303.9832024614659,0.000487472730764953,13944279034983237670,train,-3.3120496737286156,-3.3148565,0.0028068555072242596,1.4405978,0.0051275534,-3.3132966
-3.0,9.89963136259949e-10,2542.7024133885266,503.0087467521194,39.0211226249472,305.0510216058231,0.0005169530282397896,380264510751012186,train,-3.2865489162929378,-3.2846112,0.0019376911647639439,1.0008196,0.0061659426,-3.2817414
-2.4000000000000004,9.612679185080118e-10,2493.7557151613,504.62150372842615,37.39117268896573,297.8667082132286,0.0005057554373311524,433422742429117681,train,-3.296059439471202,-3.2921786,0.0038808086423447463,0.7572456,0.0070975516,-3.2921097
-1.8,1.0375673846448864e-09,2379.4103992541063,496.85223216497695,39.047727684139495,305.18782525816323,0.000506723286165846,3141391476646313355,train,-3.2952291375073193,-3.2942755,0.0009536152752636085,0.9272733,0.006408252,-3.2923439
-2.8000000000000003,1.0727510291740675e-09,2408.6350240081065,515.7307920217833,36.322106531247385,300.55707391972635,0.0005072064214651791,16501516911797089168,train,-3.294815256724827,-3.289627,0.005188181529514502,0.6571157,0.007623099,-3.2872796
-3.0,1.1064539714677527e-09,2488.434465234489,500.4335716276796,41.129719458135625,288.0815978442095,0.0005270958545178097,4253972365711734043,train,-3.278110399393314,-3.2733667,0.004743709711306998,1.3059,0.005389297,-3.2753427
-1.2000000000000002,8.589969950121182e-10,2505.474763633521,514.8627810246533,39.90795077029272,306.8673078749587,0.0004865853375865742,8372103036707258832,train,-3.3128409819263323,-3.307893,0.004947944130311743,1.0024459,0.0061608865,-3.3106282
-0.8,8.599648780937921e-10,2637.8899539670565,501.9551856304757,39.90381821426863,300.9815905741297,0.00047358080904590636,14435728251762431223,train,-3.3246059048795904,-3.3211594,0.003446542086621651,0.76301754,0.0070704436,-3.324682
-1.0,1.243555870393131e-09,2440.816535503744,483.6779599156501,38.81204244575611,302.5323056028984,0.0004867997098054165,4261926717090881150,train,-3.3126496893366806,-3.3093426,0.003307066579722573,1.0134538,0.0061269854,-3.312527
-3.0,9.928313705154955e-10,2556.196978076177,523.0189213691006,40.51326020590248,298.8914974420704,0.0005315317120754187,903425415547655004,train,-3.2744708196288985,-3.2786577,0.00418685516053019,1.6593298,0.0047721956,-3.2737498
-0.8,9.143704143090119e-10,2444.5179463100326,473.4138143725302,40.94136333558407,299.94201571725745,0.00048183874065217013,11714911050137312102,train,-3.317098284920757,-3.312843,0.004255200585429719,1.1299291,0.005799091,-3.314922
-0.6000000000000001,9.123213222215395e-10,2625.69228411366,506.617977618184,38.92442853409919,306.1252360546967,0.00046303755897688086,2928394120619732261,train,-3.3343837800515224,-3.330975,0.003408724356942283,0.8790797,0.0065832157,-3.3336716
0.0,9.798133860644783e-10,2446.0111249981446,493.4775434169566,39.325337668236735,299.6111127589073,0.0004474438551562,7157631882990673600,train,-3.349261451801899,-3.353573,0.004311632075664651,0.523569,0.008546059,-3.3500228
-0.4,1.006938037138553e-09,2476.033687734913,499.8883185243343,35.52248114367448,306.4489109295662,0.00046233278293832705,11533471517763731933,train,-3.335045310662217,-3.3391771,0.004131820990615154,0.6522539,0.007651649,-3.3391073
-0.6000000000000001,1.0203477325736783e-09,2420.870896846657,485.827773341465,41.83782044136868,301.83723728961854,0.00049076308109308,4106527973129540887,train,-3.309128115628459,-3.3164346,0.007306506182453987,1.0201145,0.0061067385,-3.3149421
-2.2,9.136850961862703e-10,2400.1705034771794,499.3175315176618,39.85562670167986,300.93280864091923,0.0005119822880747557,689847661215077168,train,-3.2907450630953625,-3.2867672,0.003977818756373264,0.87842596,0.0065856874,-3.2896726
-0.8,1.0849323731926979e-09,2551.147301026894,487.27717818808753,44.82712146868644,302.5978918999191,0.0004909021945535974,17938021924088880075,train,-3.309005026404129,-3.3076055,0.001399521414505056,1.2877685,0.005427618,-3.3087904
-0.8,1.0671658198705112e-09,2444.626831258547,492.08006432381046,41.193035529790656,301.7038514591378,0.0004814114570104034,10743645008157788724,train,-3.317483578254614,-3.3112214,0.006262217094335831,0.97916627,0.006234449,-3.3114889
-2.8000000000000003,8.4981307882089e-10,2622.111610500832,493.1418777793542,40.32755095458103,299.70047987606006,0.0005244560305276687,5127878088967066821,train,-3.280290916430687,-3.2845283,0.004237339031959664,0.995441,0.006182751,-3.283473
0.0,1.0849323731926979e-09,2551.147301026894,487.27717818808753,44.82712146868644,302.5978918999191,0.0004479341926845,17938021924088880075,train,-3.3487857847814433,-3.3435898,0.0051960020665995366,0.63394886,0.007762069,-3.3484251
-3.0,7.516487326049726e-10,2475.0294016619155,481.8667099014746,36.16652897024234,304.10393187120707,0.0005138917041891578,4556256472297801959,train,-3.2891283931222834,-3.291431,0.002302557042511477,0.6739398,0.00752669,-3.29029
-0.2,1.0728366895058958e-09,2396.471193900285,522.5703607996403,39.66536493364173,302.3426017448898,0.00046364776355065936,10539271283961051071,train,-3.33381183073694,-3.3366635,0.0028516538364242727,0.61264646,0.007896735,-3.336217
-2.4000000000000004,1.0050101529814667e-09,2449.206992526188,478.70441149946606,40.80112322251315,299.2329513672896,0.0005253184076721629,15255519671477510073,train,-3.279577380825716,-3.2827716,0.0031942065461101343,1.4311419,0.0051447195,-3.2801497
-2.6,1.0191682032973931e-09,2560.240612715575,475.6482256289376,41.11142736058992,291.8506686301862,0.0005196420550214765,14547390297170085011,train,-3.2842957083983295,-3.281328,0.0029677455229633054,1.2032565,0.005617466,-3.2823749
-1.8,1.006938037138553e-09,2476.033687734913,499.8883185243343,35.52248114367448,306.4489109295662,0.0005028711226928312,11533471517763731933,train,-3.2985433029657476,-3.303389,0.004845769452465287,0.69063985,0.0074344897,-3.3026173
-1.4,1.1395831540373824e-09,2538.761869465952,510.72502895181066,40.87821813200619,300.974125232131,0.0005023447641270769,3684234868495982631,train,-3.2989981199747094,-3.2986066,0.000391485834694727,1.3796152,0.0052413233,-3.2992675
-0.8,9.682475573035431e-10,2330.6047518253104,479.0686974559265,41.64371883461047,301.63426669668445,0.0004955982778365464,13640118791446356878,train,-3.3048702114311324,-3.307467,0.0025967723640336615,1.1169009,0.0058332104,-3.3086276
0.0,1.0728366895058958e-09,2396.471193900285,522.5703607996403,39.66536493364173,302.3426017448898,0.000449292684133,10539271283961051071,train,-3.3474706529995317,-3.3498147,0.002344000397074719,0.501187,0.008735811,-3.349628
-1.2000000000000002,1.006938037138553e-09,2476.033687734913,499.8883185243343,35.52248114367448,306.4489109295662,0.0004898867681149743,11533471517763731933,train,-3.3099042907177014,-3.3133447,0.003440426308055411,0.73476315,0.00720616,-3.3142776
-1.4,1.0671658198705112e-09,2444.626831258547,492.08006432381046,41.193035529790656,301.7038514591378,0.0004979534755066734,10743645008157788724,train,-3.3028112320888807,-3.2965589,0.006252375124769394,1.0404861,0.00604602,-3.2970645
-1.2000000000000002,8.4981307882089e-10,2622.111610500832,493.1418777793542,40.32755095458103,299.70047987606006,0.0004955950582526366,5127878088967066821,train,-3.304873032772792,-3.3089392,0.004066185748325957,0.9167752,0.00644519,-3.3077447
0.0,9.979877857013674e-10,2496.537246315292,510.00187244466247,38.795972505421744,297.7961123434831,0.0004372150808998,1378160361063041439,train,-3.359304866304661,-3.3561323,0.0031725973990215373,0.44544885,0.009268927,-3.3588338
-2.0,8.758150413106088e-10,2554.792538970499,492.8309420700668,37.207464786418186,297.95471711920453,0.0005021596188996167,14100953261967155807,train,-3.2991582139532043,-3.2998514,0.0006932035882996068,0.51764256,0.008595105,-3.29972
-2.8000000000000003,1.0671658198705112e-09,2444.626831258547,492.08006432381046,41.193035529790656,301.7038514591378,0.0005207745487671836,10743645008157788724,train,-3.2833502487103403,-3.2775347,0.005815525428479962,1.082649,0.0059258216,-3.278057
-2.8000000000000003,9.85546704036472e-10,2573.0239327697072,479.3922741661716,39.9154735600532,295.8292447353602,0.0005162242619916607,12112510911978131146,train,-3.2871615879334053,-3.2827754,0.0043861858643134966,0.8290438,0.006780728,-3.2833748
-0.6000000000000001,1.0692616090001279e-09,2445.881237248077,515.6238842072526,38.37558042728467,295.9516778251947,0.0004775961288076941,2860266914913243763,train,-3.3209392020718838,-3.3215685,0.0006292870028232755,0.78282803,0.0069796895,-3.3230007
-0.8,9.808684991835892e-10,2440.440905080504,475.02919518003887,43.13862383173334,296.64614602139693,0.0004992649300527579,10893922623691634355,train,-3.301668939091057,-3.3050866,0.003417673610358829,1.6510065,0.0047844183,-3.3026671
-2.4000000000000004,8.4981307882089e-10,2622.111610500832,493.1418777793542,40.32755095458103,299.70047987606006,0.0005190564662386674,5127878088967066821,train,-3.284785394286539,-3.2890673,0.0042818740850432135,0.92233354,0.0064255544,-3.288472
-1.8,9.58904338765352e-10,2486.667922677388,495.3304947031063,40.43386356777175,305.1954997344612,0.0005173670153647931,13052852389533457310,train,-3.2862012630985893,-3.2944531,0.008251880974897041,1.2825826,0.0054387264,-3.2903564
0.0,1.243555870393131e-09,2440.816535503744,483.6779599156501,38.81204244575611,302.5323056028984,0.0004401065727499,4261926717090881150,train,-3.3564421454391065,-3.3522449,0.0041972914657177895,0.8512671,0.0066908617,-3.3549328
-1.8,9.50582857470194e-10,2403.738957653681,492.6388454667692,37.10727035463277,300.4554170460457,0.0005095346503436373,9184494546452176042,train,-3.2928262769345924,-3.2995584,0.006732124173195686,0.6220295,0.007836568,-3.297487
0.0,1.0147448677929011e-09,2607.8117384734032,505.1107398178068,40.31257836583995,298.21936914217434,0.0004427378801959,833253205382390921,train,-3.3538533186440103,-3.3562934,0.002440121221102043,0.5767445,0.008140322,-3.3578832
-0.6000000000000001,1.0727510291740675e-09,2408.6350240081065,515.7307920217833,36.322106531247385,300.55707391972635,0.0004625610045913526,16501516911797089168,train,-3.3348309824703577,-3.3275197,0.007311327242696564,0.5457484,0.0083696395,-3.3267102
-0.6000000000000001,1.0025105539620802e-09,2526.9743060678943,509.1946075584183,40.75166342427999,301.0515477079729,0.0004773595086487957,15180030701036252205,train,-3.321154422187644,-3.3213756,0.00022118625656997182,1.0822246,0.0059269965,-3.3211753
-3.0,9.50582857470194e-10,2403.738957653681,492.6388454667692,37.10727035463277,300.4554170460457,0.0005263276201549472,9184494546452176042,train,-3.278743838863326,-3.2860055,0.007261658115433889,0.6825424,0.0074787736,-3.2837262
-0.8,8.75983736068783e-10,2627.978517028968,489.37942559949954,40.91913452211564,297.20307373531364,0.0004790731243741016,5144607327742428380,train,-3.319598192037727,-3.3174884,0.00210976010718511,0.8913866,0.0065371944,-3.3149505
-0.4,1.0060692139373963e-09,2527.3807724384133,522.7157534573084,43.167246359099664,298.50956140834,0.00048126613461076703,1367897570274288222,train,-3.317614697369233,-3.3202305,0.0026157866395561946,1.2489,0.0055125477,-3.317285
-1.2000000000000002,9.344027379399094e-10,2510.734791451186,511.4018674256231,36.36815079533651,301.4558439858307,0.000476809067655303,13370015301709921327,train,-3.3216554940496654,-3.3139393,0.007716161087629292,0.47562632,0.0089686625,-3.319639
-1.6,1.0203477325736783e-09,2420.870896846657,485.827773341465,41.83782044136868,301.83723728961854,0.000519521156809289,4106527973129540887,train,-3.2843967616805556,-3.2914803,0.0070835411301133355,1.2185981,0.0055815466,-3.2901218
-2.4000000000000004,1.1459805246638944e-09,2630.825732937456,497.4739907663986,41.26661222078493,300.2753689300697,0.0005118039317680766,12849312948239067464,train,-3.2908963821092065,-3.2854314,0.0054649970689233385,1.0012367,0.006164645,-3.2872427
-0.2,1.0203477325736783e-09,2420.870896846657,485.827773341465,41.83782044136868,301.83723728961854,0.00047055244448209805,4106527973129540887,train,-3.3273919661158144,-3.3333986,0.006006614435333013,0.81942284,0.0068207597,-3.333258
-1.4,1.243555870393131e-09,2440.816535503744,483.6779599156501,38.81204244575611,302.5323056028984,0.0004969681709662839,4261926717090881150,train,-3.303671425384093,-3.3006773,0.0029941258845811447,1.0655936,0.005973587,-3.302727
-1.8,1.0191682032973931e-09,2560.240612715575,475.6482256289376,41.11142736058992,291.8506686301862,0.0005073560810491042,14547390297170085011,train,-3.2946871299080502,-3.2923944,0.0022927302651059023,1.2588718,0.005490386,-3.2935205
-0.2,9.60969170700449e-10,2766.6918918406623,529.8468751484584,39.61181207182135,297.3307652107198,0.0004505921400585393,6563696386679920944,train,-3.346216388198021,-3.3482547,0.002038292435524003,0.4598266,0.009122189,-3.3453677
-2.2,9.63679966987411e-10,2457.046368424285,519.0454313677445,40.52844947169319,303.263443359763,0.0005220657899507036,17951410366048416543,train,-3.2822747644073815,-3.286169,0.0038942877166419088,1.7127199,0.004695912,-3.2818725
-3.0,9.42387899986183e-10,2596.3418775504824,506.9916211367261,42.54178389838287,305.55199671356803,0.0005246189433474647,3392607520233113049,train,-3.2801560316207365,-3.2794445,0.0007115755202726781,1.501693,0.0050205616,-3.2781591
-0.6000000000000001,9.89297888860932e-10,2413.8801533334354,510.75595836241,38.53132745549709,285.1813868750008,0.0004802643893617005,6508029577517650568,train,-3.318519614229379,-3.3170276,0.0014920454122404614,0.751114,0.0071266894,-3.3202677
-0.2,9.980121445569454e-10,2387.75545073954,508.7275610680178,38.8972081784186,297.8606493603604,0.000454342117316657,11032972375804727196,train,-3.342617002409693,-3.3377283,0.004888740462061225,0.50564396,0.0086970255,-3.3405015
-0.2,8.354324428057497e-10,2430.182491588309,507.603602235917,36.73791801396338,295.61725668807514,0.00044990738094063596,10829525609740651031,train,-3.3468768819722516,-3.3459132,0.0009637102040631618,0.35811746,0.010342171,-3.350912
-2.6,1.0941860864671191e-09,2539.112215454232,503.69324532533454,39.339075937042885,294.39428351617613,0.0005247043252829588,12823118457006761398,train,-3.2800853557773055,-3.2837422,0.0036568336300430992,0.90379614,0.006491741,-3.2832077
-0.8,1.1762312017058683e-09,2610.23254556298,515.3751788116352,39.24041391228537,297.93305834844136,0.00048011346311692513,7155552337602576564,train,-3.318656115577574,-3.317538,0.001118092582578889,0.9477739,0.006337892,-3.3199258
-1.8,8.762920771795992e-10,2597.67569731618,502.646286170094,38.978559546027874,295.06946514256083,0.0004949279155111943,2033506848451370756,train,-3.3054580499056323,-3.2991862,0.006271820199821754,0.75483394,0.0071089696,-3.3019826
-1.8,1.000072357945733e-09,2615.067429542859,502.8265147659643,41.97319841319997,303.92619603855775,0.0005123460242965606,2056914843148536795,train,-3.2904366294833456,-3.293894,0.0034574230221475766,1.3053105,0.00539053,-3.293272
-0.2,1.1762312017058683e-09,2610.23254556298,515.3751788116352,39.24041391228537,297.93305834844136,0.0004533516678499702,7155552337602576564,train,-3.3435647821912324,-3.3424878,0.0010769701489961037,0.81825215,0.0068256785,-3.3451161
-1.0,9.123213222215395e-10,2625.69228411366,506.617977618184,38.92442853409919,306.1252360546967,0.0004769168090162467,2928394120619732261,train,-3.3215573705114996,-3.3171723,0.004385081616846254,0.9650286,0.006280412,-3.3207846
-0.6000000000000001,9.612679185080118e-10,2493.7557151613,504.62150372842615,37.39117268896573,297.8667082132286,0.000465678727364643,433422742429117681,train,-3.3319136005881225,-3.3270772,0.004836450243273838,0.56175363,0.008248863,-3.328983
-2.4000000000000004,1.243555870393131e-09,2440.816535503744,483.6779599156501,38.81204244575611,302.5323056028984,0.0005146077200344902,4261926717090881150,train,-3.2885237028842607,-3.286278,0.002245693469587806,1.0483403,0.006023083,-3.2872887
-1.6,9.979877857013674e-10,2496.537246315292,510.00187244466247,38.795972505421744,297.7961123434831,0.0004988923712149533,1378160361063041439,train,-3.301993137000046,-3.2994583,0.0025348716954805006,0.95590556,0.0063106096,-3.3008695
0.0,9.756514716409811e-10,2404.497548871577,500.9208966540563,41.62971960161597,300.52976098251094,0.0004529119242795,7311808897764695838,train,-3.3439862450476343,-3.3459938,0.0020075122002904955,0.6100657,0.007913526,-3.347384
-0.6000000000000001,8.354324428057497e-10,2430.182491588309,507.603602235917,36.73791801396338,295.61725668807514,0.0004686920947730137,10829525609740651031,train,-3.3291123714753335,-3.3276274,0.0014849510499184149,0.47122264,0.009010677,-3.3322105
-2.8000000000000003,1.013177684158949e-09,2549.0982526102403,506.5025106580401,39.7132385315927,304.62183232922587,0.0005250509283779497,14934561482547682078,train,-3.2797985692782428,-3.2841454,0.004346785946366616,0.9442054,0.006349975,-3.2851605
-2.0,8.89459518994858e-10,2383.601346469497,502.4892009812192,38.55163090195673,309.2198732722366,0.0005096775877198429,3483175946691254694,train,-3.2927044634165976,-3.2945297,0.0018252130207803141,0.99679035,0.0061785216,-3.292859
-2.8000000000000003,9.50582857470194e-10,2403.738957653681,492.6388454667692,37.10727035463277,300.4554170460457,0.0005240399430843188,9184494546452176042,train,-3.28063560919951,-3.2874346,0.0067989687423843925,0.6595961,0.007608654,-3.2853541
-2.8000000000000003,9.612679185080118e-10,2493.7557151613,504.62150372842615,37.39117268896573,297.8667082132286,0.0005108001758455406,433422742429117681,train,-3.291748961900528,-3.2876027,0.0041462988603666595,0.78970903,0.0069489665,-3.2873163
-1.2000000000000002,1.120623623770265e-09,2459.871490367434,512.0011452017391,38.21649432972869,303.56534322943094,0.000493622849549468,2671493380122846465,train,-3.3066047452398695,-3.3074083,0.0008035875848375618,1.0135788,0.0061266036,-3.3101509
-1.6,9.63679966987411e-10,2457.046368424285,519.0454313677445,40.52844947169319,303.263443359763,0.0005113087943950435,17951410366048416543,train,-3.291316737442849,-3.2951803,0.0038635832968969552,1.6462948,0.004791378,-3.290391
-0.4,8.584521018906483e-10,2718.2749419682723,482.1832227724541,38.88005077046229,301.691940704981,0.00045626909444140877,3494250555080783753,train,-3.340778947331047,-3.3409758,0.00019681408252703037,0.70570314,0.007354142,-3.3430681
-1.0,1.0073410050818803e-09,2574.374612551252,485.6872921198837,42.17824256593523,298.72995545788456,0.0004931338866443042,9029148243980292461,train,-3.307035153062101,-3.3071437,0.00010853513980313423,1.1922545,0.0056436486,-3.3041162
-1.2000000000000002,1.000072357945733e-09,2615.067429542859,502.8265147659643,41.97319841319997,303.92619603855775,0.0004989332947206075,2056914843148536795,train,-3.3019575138379995,-3.3053954,0.0034378509233530252,1.3002839,0.005401081,-3.3043358
-0.8,9.136850961862703e-10,2400.1705034771794,499.3175315176618,39.85562670167986,300.93280864091923,0.0004806828398799175,689847661215077168,train,-3.3181413816751495,-3.3134732,0.004668157035256915,0.7465592,0.0071485653,-3.3165169
-2.8000000000000003,8.354324428057497e-10,2430.182491588309,507.603602235917,36.73791801396338,295.61725668807514,0.0005137326740036814,10829525609740651031,train,-3.289262811756223,-3.2891858,7.70493508275294e-05,0.71442944,0.00730876,-3.2908058
0.0,1.0050965165320695e-09,2414.3235243349927,515.5034020410067,40.79653471954481,301.4383600393062,0.0004484205180882,18237334030368139870,train,-3.3483145238901413,-3.3479955,0.0003190042520797576,0.5716283,0.0081768865,-3.349939
-1.0,1.0849323731926979e-09,2551.147301026894,487.27717818808753,44.82712146868644,302.5978918999191,0.0004974470031151843,17938021924088880075,train,-3.3032531812109993,-3.3017812,0.0014720036902473588,1.385825,0.0052293977,-3.3030086
-0.2,7.516487326049726e-10,2475.0294016619155,481.8667099014746,36.16652897024234,304.10393187120707,0.0004449275600414921,4556256472297801959,train,-3.351710692019473,-3.3492942,0.0024165063810452914,0.46432015,0.00907773,-3.3528366
0.0,9.808684991835892e-10,2440.440905080504,475.02919518003887,43.13862383173334,296.64614602139693,0.0004565372525907,10893922623691634355,train,-3.3405237790618005,-3.344069,0.003545224997037355,0.769623,0.007039795,-3.3429835
-3.0,1.25959298622376e-09,2354.3009197629594,499.1918367180637,40.77134716523017,305.22981462209646,0.0005329423523822434,128968913270984251,train,-3.2733197654505277,-3.2754498,0.002129987357089469,1.6692235,0.0047577852,-3.2738304
-2.8000000000000003,1.0849323731926979e-09,2551.147301026894,487.27717818808753,44.82712146868644,302.5978918999191,0.0005317436160262521,17938021924088880075,train,-3.2742977154190545,-3.2742777,2.002834630054906e-05,1.878284,0.004480282,-3.274573
-1.0,1.2225799825820127e-09,2598.953191343567,516.8045118894966,39.85430360518959,306.74502895459364,0.0004821522853903853,17234994038809733169,train,-3.3168157703521355,-3.3125546,0.004261172497521226,1.0854732,0.005918021,-3.3171287
-3.0,1.0147448677929011e-09,2607.8117384734032,505.1107398178068,40.31257836583995,298.21936914217434,0.0005277479640969436,833253205382390921,train,-3.2775734334029085,-3.2808104,0.0032369227372281983,1.1259321,0.0058094957,-3.2801054
-0.2,1.0073410050818803e-09,2574.374612551252,485.6872921198837,42.17824256593523,298.72995545788456,0.00045917288656120215,9029148243980292461,train,-3.338023764261003,-3.3371472,0.0008765283906417842,0.7778979,0.0070019513,-3.3353639
-1.4,1.006938037138553e-09,2476.033687734913,499.8883185243343,35.52248114367448,306.4489109295662,0.0004946995461981657,11533471517763731933,train,-3.3056584880262028,-3.3094606,0.003802151927410513,0.70233256,0.007371897,-3.3100245
-3.0,1.006299553709699e-09,2596.53014928976,491.578961058072,40.01001805266426,305.28831051478386,0.0005187321345108807,6325844468188908084,train,-3.2850568474209596,-3.284043,0.001013773766784798,0.80594283,0.006878046,-3.28264
-0.4,1.0025105539620802e-09,2526.9743060678943,509.1946075584183,40.75166342427999,301.0515477079729,0.0004683608648787855,15180030701036252205,train,-3.3294194006988462,-3.329273,0.00014641524047220855,0.89686215,0.006517023,-3.3294466
-1.4,9.634928280602635e-10,2455.009212271192,512.2369330710814,40.30940301281442,306.6726054586492,0.0005018196865536047,9415233787243991652,train,-3.2994523051698916,-3.300624,0.0011715885679013383,1.3423002,0.005314712,-3.2986815
-1.0,8.622252758820395e-10,2596.9228583838576,499.2028055441836,37.99663516660689,298.18972265332246,0.0004840696771254858,7681735671422946543,train,-3.31509212138624,-3.317074,0.0019819390538233783,0.65390134,0.0076419394,-3.319672
-2.0,9.756514716409811e-10,2404.497548871577,500.9208966540563,41.62971960161597,300.52976098251094,0.000523844952624696,7311808897764695838,train,-3.280797236267449,-3.2842996,0.003502375777839184,1.363179,0.0052732793,-3.2839227
-1.8,9.136850961862703e-10,2400.1705034771794,499.3175315176618,39.85562670167986,300.93280864091923,0.0005053014871123098,689847661215077168,train,-3.296449423622605,-3.2924771,0.003972292732712379,0.8753932,0.006597189,-3.2948897
-2.0,1.1762312017058683e-09,2610.23254556298,515.3751788116352,39.24041391228537,297.93305834844136,0.000508021155386678,7155552337602576564,train,-3.294118202132627,-3.2936554,0.00046280662481468227,0.98112804,0.0062281494,-3.2940497
-0.8,1.0147448677929011e-09,2607.8117384734032,505.1107398178068,40.31257836583995,298.21936914217434,0.0004850046558701236,833253205382390921,train,-3.3142540923070194,-3.3168373,0.0025832184839962302,1.0169517,0.006116328,-3.3174813
0.0,1.006299553709699e-09,2596.53014928976,491.578961058072,40.01001805266426,305.28831051478386,0.0004339352270768,6325844468188908084,train,-3.3625750921983664,-3.3574295,0.005145587803835117,0.6281695,0.007797927,-3.357464
-2.6,9.89297888860932e-10,2413.8801533334354,510.75595836241,38.53132745549709,285.1813868750008,0.0005231467773050283,6508029577517650568,train,-3.2813764456824015,-3.2830677,0.0016912575646688133,1.018078,0.006112908,-3.2824419
-2.4000000000000004,8.589969950121182e-10,2505.474763633521,514.8627810246533,39.90795077029272,306.8673078749587,0.0005096385557707275,8372103036707258832,train,-3.2927377236768915,-3.2882314,0.004506350843639595,1.0693536,0.005962959,-3.2905862
-0.6000000000000001,1.0942344693420075e-09,2360.838758300681,491.3731844386217,39.51420947268076,305.7035776891924,0.00048377702138640774,3134241803077969267,train,-3.3153547637585246,-3.3210306,0.005675853001729347,0.7883285,0.0069550984,-3.3168125
-2.8000000000000003,9.634928280602635e-10,2455.009212271192,512.2369330710814,40.30940301281442,306.6726054586492,0.0005250393308482145,9415233787243991652,train,-3.27980816225013,-3.2818313,0.0020231022457197767,1.4541616,0.005103222,-3.2794108
-1.6,9.60969170700449e-10,2766.6918918406623,529.8468751484584,39.61181207182135,297.3307652107198,0.000500240765573495,6563696386679920944,train,-3.3008209196782397,-3.3043544,0.003533509566755466,0.7592919,0.007087906,-3.299712
-0.6000000000000001,9.682475573035431e-10,2330.6047518253104,479.0686974559265,41.64371883461047,301.63426669668445,0.00048821277182160876,13640118791446356878,train,-3.311390863470457,-3.3141584,0.002767576165773278,1.0086604,0.00614168,-3.3153338
-0.4,8.979123523428992e-10,2531.360993910196,491.918494232159,35.793021097389925,308.86985058095934,0.000466779152945886,579736006479800074,train,-3.3308885484337365,-3.3404646,0.009576043546243973,0.67054164,0.0075458707,-3.3357477
-0.4,1.032683367538443e-09,2526.170348943833,478.8149532207128,42.09307571557734,293.4443281911712,0.0004751564125175591,12981595077382156139,train,-3.3231634052981605,-3.3227115,0.0004519375552405336,0.9889551,0.0062032016,-3.3233073
0.0,8.220747042076196e-10,2489.354974528123,536.8974000619587,36.589080383233394,294.68809277779184,0.0004308334090525,13344013943894260190,train,-3.3656906266262236,-3.3641188,0.001571812157839858,0.22503778,0.013055551,-3.3635778
-0.8,1.0455070732925304e-09,2552.705145034877,518.1497095238773,37.60227540602951,298.4772867617408,0.0004719727411462177,13753303497944442308,train,-3.3260830833820934,-3.3209937,0.005089421501600189,0.64960724,0.007667326,-3.3208077
-2.4000000000000004,9.63679966987411e-10,2457.046368424285,519.0454313677445,40.52844947169319,303.263443359763,0.0005250393160280334,17951410366048416543,train,-3.279808174508874,-3.2836092,0.0038009773313358863,1.6957773,0.0047197314,-3.2795603
-1.0,1.018423641836786e-09,2420.2103352289205,495.3862399264609,39.18777263938059,307.5354074756815,0.00048337306250097526,9985116505034206452,train,-3.31571755569327,-3.3115764,0.004141189268709322,0.8509367,0.0066921716,-3.307833
-1.2000000000000002,8.622252758820395e-10,2596.9228583838576,499.2028055441836,37.99663516660689,298.18972265332246,0.0004895956306687124,7681735671422946543,train,-3.310162466648719,-3.3124194,0.0022569478715448454,0.684968,0.0074654263,-3.3147786
-2.2,1.0375673846448864e-09,2379.4103992541063,496.85223216497695,39.047727684139495,305.18782525816323,0.0005132838165162051,3141391476646313355,train,-3.2896424285280728,-3.2888405,0.0008018962252163142,0.87690806,0.0065914365,-3.2873976
-0.2,1.0147448677929011e-09,2607.8117384734032,505.1107398178068,40.31257836583995,298.21936914217434,0.00045751194131718904,833253205382390921,train,-3.33959756612107,-3.341703,0.002105371958764035,0.66510415,0.0075768665,-3.3437884
-2.2,1.000072357945733e-09,2615.067429542859,502.8265147659643,41.97319841319997,303.92619603855775,0.0005192475050192774,2056914843148536795,train,-3.2846255815698755,-3.2879176,0.0032920324132788004,1.1965289,0.005633434,-3.2875855
-1.0,9.42387899986183e-10,2596.3418775504824,506.9916211367261,42.54178389838287,305.55199671356803,0.0004873596097314794,3392607520233113049,train,-3.3121504661188643,-3.3097792,0.002371298943571354,1.3602573,0.00527902,-3.3099525
-0.6000000000000001,1.1942019403763875e-09,2464.50260258804,490.2741317287723,40.32854625878799,294.3650499716886,0.00048390828861417966,11892504857466714026,train,-3.3152369390226593,-3.3156843,0.0004473795198212116,1.0840427,0.0059219683,-3.318092
-1.4,1.0352580576007263e-09,2678.9547588546675,473.131828680381,34.826156523967086,290.8089263982084,0.00048112252860133355,603198139025932464,train,-3.317744306747049,-3.3152282,0.0025160829463897194,0.45243979,0.009196706,-3.3142774
-0.6000000000000001,1.0849323731926979e-09,2551.147301026894,487.27717818808753,44.82712146868644,302.5978918999191,0.00048322676712206375,17938021924088880075,train,-3.3158490170784827,-3.314315,0.0015339364357824792,1.1615125,0.005718763,-3.315629
-2.0,1.0803651442869379e-09,2531.060987167743,511.9316238370674,40.66002705988115,288.1838349540611,0.000524519075228029,17485459239320075305,train,-3.2802387131603474,-3.2872763,0.007037554845023664,1.4226614,0.005160259,-3.2845085
-0.6000000000000001,1.1201765668553064e-09,2329.913862262383,487.444276821995,41.61971486534147,298.1037724082114,0.0004925062852194826,10813817281839957845,train,-3.3075882227933313,-3.3102205,0.002632257171878649,0.9588963,0.006300663,-3.309999
-1.4,1.006299553709699e-09,2596.53014928976,491.578961058072,40.01001805266426,305.28831051478386,0.0004927383945163771,6325844468188908084,train,-3.3073835958802853,-3.3047395,0.002644120630041158,0.91413915,0.0064545646,-3.3040552
-1.0,9.664729913030388e-10,2627.7330466636663,506.9906344590098,40.06029068650691,301.1540677406581,0.00048131021865013764,8813459275462154891,train,-3.3175749177611276,-3.3136303,0.003944575277607054,0.9725445,0.0062558525,-3.3147223
-1.6,1.075576112436465e-09,2439.1914792405805,507.5653121861305,41.43318212059344,299.0815860986159,0.0005056341772910347,8793357247245534573,train,-3.2961635785008885,-3.2905047,0.005658884515903129,1.2467877,0.0055172765,-3.2931356
-3.0,1.2307353848142815e-09,2445.249484887284,482.48119148575233,42.87746783295031,307.55593866537106,0.0005339179298300354,15038946426069692038,train,-3.2725254945841264,-3.276147,0.0036213941487837076,1.8715503,0.0044884933,-3.2725286
-1.2000000000000002,9.798133860644783e-10,2446.0111249981446,493.4775434169566,39.325337668236735,299.6111127589073,0.0005005796227513546,7157631882990673600,train,-3.300526833327006,-3.3048322,0.004305386750508511,0.8625144,0.0066467053,-3.3016775
-0.4,1.1942019403763875e-09,2464.50260258804,490.2741317287723,40.32854625878799,294.3650499716886,0.00047525373635324235,11892504857466714026,train,-3.3230744601096167,-3.3235002,0.0004256962929711783,0.9777427,0.006239032,-3.3259144
-0.4,1.0574423663675307e-09,2585.038533860248,471.3266920396063,42.543125490608695,301.3994726877767,0.0004668067451289738,2832837163574657009,train,-3.3308628772386446,-3.3291316,0.0017312739976778069,1.0747802,0.0059477184,-3.3297353
-1.8,8.758150413106088e-10,2554.792538970499,492.8309420700668,37.207464786418186,297.95471711920453,0.0004986449220491499,14100953261967155807,train,-3.302208599239282,-3.3027625,0.0005539091530519791,0.512757,0.008636174,-3.30263
-1.6,1.120623623770265e-09,2459.871490367434,512.0011452017391,38.21649432972869,303.56534322943094,0.0005026411036135837,2671493380122846465,train,-3.2987419997413383,-3.2999747,0.0012326802055611097,1.0452138,0.0060321824,-3.301826
-2.6,7.777840542828623e-10,2445.911024694583,482.1130919467457,41.27682283342508,300.8565986758517,0.0005164978513977081,13149960228396626776,train,-3.2869314807814565,-3.2811444,0.005787100211998464,1.1854138,0.005660111,-3.28431
-2.0,1.0203477325736783e-09,2420.870896846657,485.827773341465,41.83782044136868,301.83723728961854,0.0005270029586784041,4106527973129540887,train,-3.2781869465823346,-3.285347,0.00716003828094669,1.2221504,0.005573326,-3.2840836
-1.4,1.0025105539620802e-09,2526.9743060678943,509.1946075584183,40.75166342427999,301.0515477079729,0.0005017834736998785,15180030701036252205,train,-3.2994836463277855,-3.2996662,0.0001825199777565345,1.3484682,0.0053023724,-3.2989895
-1.8,1.25959298622376e-09,2354.3009197629594,499.1918367180637,40.77134716523017,305.22981462209646,0.0005161131262709248,128968913270984251,train,-3.2872550954068207,-3.287823,0.0005678664004302725,1.5140166,0.0049997647,-3.2873034
-1.4,9.682475573035431e-10,2330.6047518253104,479.0686974559265,41.64371883461047,301.63426669668445,0.0005122593674935831,13640118791446356878,train,-3.290510091074986,-3.2930655,0.002555456868129191,1.2891316,0.0054247086,-3.2936213
-2.4000000000000004,1.0728366895058958e-09,2396.471193900285,522.5703607996403,39.66536493364173,302.3426017448898,0.0005243317832899112,10539271283961051071,train,-3.280393815967259,-3.2833445,0.0029506912501480187,1.0462688,0.0060291076,-3.2828643
0.0,1.1395831540373824e-09,2538.761869465952,510.72502895181066,40.87821813200619,300.974125232131,0.0004438184110795,3684234868495982631,train,-3.352794685735413,-3.3513587,0.0014360336205450075,0.76640534,0.0070546754,-3.3537273
-2.6,1.006938037138553e-09,2476.033687734913,499.8883185243343,35.52248114367448,306.4489109295662,0.0005152374729532062,11533471517763731933,train,-3.28799255848797,-3.2944348,0.0064422273549253894,0.6363698,0.007747193,-3.2923024
-2.6,1.0671658198705112e-09,2444.626831258547,492.08006432381046,41.193035529790656,301.7038514591378,0.0005182905379586917,10743645008157788724,train,-3.285426719676459,-3.2793336,0.00609312821527741,1.0556186,0.0060020555,-3.2801738
-2.6,1.1201765668553064e-09,2329.913862262383,487.444276821995,41.61971486534147,298.1037724082114,0.0005368061796414109,10813817281839957845,train,-3.2701824932699193,-3.2733057,0.0031231612558375588,1.3194585,0.005361156,-3.2734196
-1.6,9.16382362452114e-10,2549.3338723326283,483.7915671011157,41.484417545989686,302.7283665488111,0.0005008347168774903,779010489516208886,train,-3.3003055743149092,-3.2974935,0.0028121165207197762,1.0989004,0.005881343,-3.2977164
-2.8000000000000003,1.25959298622376e-09,2354.3009197629594,499.1918367180637,40.77134716523017,305.22981462209646,0.0005306710457750296,128968913270984251,train,-3.2751746074962456,-3.2764072,0.0012326343250435023,1.6395403,0.0048014075,-3.2754214
-1.0,1.0191682032973931e-09,2560.240612715575,475.6482256289376,41.11142736058992,291.8506686301862,0.0004889053752602058,14547390297170085011,train,-3.3107751878680665,-3.3065681,0.004207042116113335,1.0956047,0.0058902833,-3.3096418
-2.6,1.0040157435828723e-09,2421.1156291426087,502.3421578152334,38.33334239027114,293.10089722857373,0.0005264365674985516,12886194249589357920,train,-3.2786539512496145,-3.2841747,0.005520729460224416,0.9612875,0.006292743,-3.2838643
-2.8000000000000003,1.243555870393131e-09,2440.816535503744,483.6779599156501,38.81204244575611,302.5323056028984,0.0005197522893839622,4261926717090881150,train,-3.2842035890294285,-3.2822757,0.0019279123021336275,1.1559136,0.0057327636,-3.2826936
-1.8,8.220747042076196e-10,2489.354974528123,536.8974000619587,36.589080383233394,294.68809277779184,0.0004948944128243848,13344013943894260190,train,-3.3054874491858857,-3.3046417,0.0008457255530731622,0.6358213,0.007750556,-3.3042839
-1.2000000000000002,9.118663996020179e-10,2651.95019435956,481.7408591707263,38.899871401178025,300.40158819211445,0.0004854958773591131,17319768135093042826,train,-3.313814453599004,-3.312141,0.0016735119791309039,0.87596714,0.006595008,-3.3129418
-2.8000000000000003,1.0806933086411387e-09,2604.781653428076,466.5836923998952,39.33731057072893,297.69705044733973,0.0005255383739372718,3371631208540637995,train,-3.2793955670177666,-3.2848144,0.005418790739801782,0.7918092,0.006939669,-3.2828143
-0.8,1.013177684158949e-09,2549.0982526102403,506.5025106580401,39.7132385315927,304.62183232922587,0.0004842992342147985,14934561482547682078,train,-3.314886217669443,-3.318982,0.004095668240591266,0.90842384,0.0064750295,-3.3200603
-2.0,9.85546704036472e-10,2573.0239327697072,479.3922741661716,39.9154735600532,295.8292447353602,0.0005048778467756164,12112510911978131146,train,-3.2968136850267964,-3.2931201,0.0036935392290669,0.8305684,0.0067744483,-3.2937896
-0.6000000000000001,9.162514515645111e-10,2366.748252214537,515.4599435910573,36.43861892729903,303.676124223718,0.00045786823585010816,17492872546512810480,train,-3.3392594841716177,-3.3286176,0.010641911387193836,0.40595105,0.009711364,-3.3320026
-2.8000000000000003,9.798133860644783e-10,2446.0111249981446,493.4775434169566,39.325337668236735,299.6111127589073,0.0005281861883808924,7157631882990673600,train,-3.277212959411543,-3.2816923,0.0044793070526902845,0.9418952,0.0063578337,-3.2792127
-1.2000000000000002,9.928313705154955e-10,2556.196978076177,523.0189213691006,40.51326020590248,298.8914974420704,0.0005006640497124745,903425415547655004,train,-3.300453592088268,-3.3040519,0.0035982839798474053,1.2212518,0.005575402,-3.2989917
-2.8000000000000003,9.664729913030388e-10,2627.7330466636663,506.9906344590098,40.06029068650691,301.1540677406581,0.0005155604319281576,8813459275462154891,train,-3.2877204211376174,-3.2843456,0.003374794306562734,1.0620836,0.005983559,-3.2843413
-1.0,9.89297888860932e-10,2413.8801533334354,510.75595836241,38.53132745549709,285.1813868750008,0.000493341551583232,6508029577517650568,train,-3.3068523046405423,-3.3065543,0.00029798716617701615,0.8427859,0.0067247394,-3.3082838
-2.2,9.244750759855351e-10,2606.766252024905,514.7015322051607,39.36697999872778,300.425811364213,0.0005141938988842637,13867644369009061341,train,-3.2888730807398665,-3.2925253,0.003652210703004588,0.79149115,0.006941075,-3.296251
-2.2,1.0705485436227222e-09,2590.7468930890127,531.0534862964538,41.61731424149927,306.85396396460635,0.0005241195667130212,4155552024635161694,train,-3.2805696266800215,-3.2867713,0.006201670774812484,1.2402142,0.005532068,-3.285258
-1.2000000000000002,8.584521018906483e-10,2718.2749419682723,482.1832227724541,38.88005077046229,301.691940704981,0.0004853649419339556,3494250555080783753,train,-3.3139315961015052,-3.3143399,0.0004082800734215297,0.8162118,0.006834277,-3.3167996
-2.2,1.013177684158949e-09,2549.0982526102403,506.5025106580401,39.7132385315927,304.62183232922587,0.0005166527302191313,14934561482547682078,train,-3.2868012712665835,-3.2907522,0.003950901203509272,0.9346882,0.006382537,-3.292246
-0.2,9.220148370062531e-10,2472.3739758500788,504.5088858703008,41.28793476116813,303.0641722996054,0.00045352307038033676,7538273554073210114,train,-3.3434006158055767,-3.3373332,0.006067413443516134,0.64537954,0.0076925666,-3.34535
-0.2,9.798133860644783e-10,2446.0111249981446,493.4775434169566,39.325337668236735,299.6111127589073,0.00046193097708360363,7157631882990673600,train,-3.335422912996191,-3.3395429,0.004119952756982848,0.60180575,0.00796799,-3.336531
-0.4,1.1762312017058683e-09,2610.23254556298,515.3751788116352,39.24041391228537,297.93305834844136,0.00046413161418825674,7155552337602576564,train,-3.3333588487326695,-3.332322,0.0010369664847447169,0.897271,0.0065155244,-3.3346448
-1.2000000000000002,9.50582857470194e-10,2403.738957653681,492.6388454667692,37.10727035463277,300.4554170460457,0.0004967287062191306,9184494546452176042,train,-3.303880741167809,-3.3094437,0.005562971066688238,0.60143644,0.007970451,-3.3085477
-2.2,9.979877857013674e-10,2496.537246315292,510.00187244466247,38.795972505421744,297.7961123434831,0.0005094817567207198,1378160361063041439,train,-3.292871362388413,-3.2905538,0.0023175541761326635,0.9234003,0.0064218063,-3.291894
-1.8,1.0942344693420075e-09,2360.838758300681,491.3731844386217,39.51420947268076,305.7035776891924,0.0005157228021815518,3134241803077969267,train,-3.28758366626112,-3.2925828,0.004999084059314374,0.870732,0.006614984,-3.2902055
-0.6000000000000001,1.000072357945733e-09,2615.067429542859,502.8265147659643,41.97319841319997,303.92619603855775,0.0004792118570205213,2056914843148536795,train,-3.3194724448447923,-3.3238335,0.004361020731379561,1.2042999,0.005615001,-3.321876
-2.0,1.0933784852654091e-09,2410.884334287086,539.0569290920441,39.62193192256099,289.3285700165644,0.0005176405940711804,16519722322841066187,train,-3.2859716730468174,-3.2859519,1.9820248355451042e-05,1.2590624,0.0054899645,-3.284147
-0.2,9.123213222215395e-10,2625.69228411366,506.617977618184,38.92442853409919,306.1252360546967,0.0004430585768088264,2928394120619732261,train,-3.353538851873811,-3.34845,0.005088906423981854,0.70860577,0.007338954,-3.3524408
-1.0,1.0692616090001279e-09,2445.881237248077,515.6238842072526,38.37558042728467,295.9516778251947,0.0004909034961218606,2860266914913243763,train,-3.3090038749259496,-3.309731,0.0007271316963648466,0.86371845,0.006642029,-3.3108175
-0.6000000000000001,9.928313705154955e-10,2556.196978076177,523.0189213691006,40.51326020590248,298.8914974420704,0.0004811506164771237,903425415547655004,train,-3.31771895342709,-3.3213325,0.0036135012543065947,0.99762505,0.006175909,-3.3164513
-0.2,1.000096056099185e-09,2446.239819629679,503.61049666576776,43.101977222602514,303.9832024614659,0.0004670250888095172,13944279034983237670,train,-3.330659788301429,-3.3312848,0.0006249731274041714,1.0529509,0.0060097375,-3.3318748
-0.8,9.980121445569454e-10,2387.75545073954,508.7275610680178,38.8972081784186,297.8606493603604,0.00048064549119193037,11032972375804727196,train,-3.3181751273343236,-3.3132775,0.004897644347873431,0.77267313,0.0070257755,-3.3154182
-2.4000000000000004,1.2225799825820127e-09,2598.953191343567,516.8045118894966,39.85430360518959,306.74502895459364,0.0005105915039106728,17234994038809733169,train,-3.2919264160014334,-3.2875383,0.00438812597762972,1.0306385,0.0060751475,-3.291328
-0.4,8.599648780937921e-10,2637.8899539670565,501.9551856304757,39.90381821426863,300.9815905741297,0.0004571372495486593,14435728251762431223,train,-3.3399533890490622,-3.3363051,0.0036482476000876396,0.66282487,0.0075899726,-3.339924
-1.4,1.032683367538443e-09,2526.170348943833,478.8149532207128,42.09307571557734,293.4443281911712,0.0005084115175743709,12981595077382156139,train,-3.2937846194824356,-3.2953794,0.0015947807708602824,1.5052905,0.0050144643,-3.2936547
-1.2000000000000002,9.920951194363948e-10,2484.0228854962547,482.5603784265586,38.422268984819695,304.0303353891022,0.0004891977089584035,2314355766595058403,train,-3.3105155855463266,-3.3088179,0.0016977220819711647,1.0003178,0.006167505,-3.3072212
-0.8,1.0803651442869379e-09,2531.060987167743,511.9316238370674,40.66002705988115,288.1838349540611,0.0004959980039111143,17485459239320075305,train,-3.3045200712761993,-3.3083906,0.00387054609440618,1.1978558,0.005630274,-3.3092663
-2.6,8.599648780937921e-10,2637.8899539670565,501.9551856304757,39.90381821426863,300.9815905741297,0.0005116195972570457,14435728251762431223,train,-3.2910528285061487,-3.2877405,0.0033123595272668283,0.8476106,0.006705405,-3.2909622
-0.8,7.777840542828623e-10,2445.911024694583,482.1130919467457,41.27682283342508,300.8565986758517,0.0004791808629148214,13149960228396626776,train,-3.3195005347265325,-3.3133793,0.006121247006805941,0.9767895,0.006242106,-3.3172655
-2.8000000000000003,1.0732744646319759e-09,2458.1779927472685,500.451348042105,41.29986197643443,296.3385514465405,0.0005246653710408834,15854623793106210877,train,-3.280117599156254,-3.2751105,0.005007115986698452,1.2277976,0.0055603306,-3.277301
-1.0,1.0671658198705112e-09,2444.626831258547,492.08006432381046,41.193035529790656,301.7038514591378,0.0004876649179138255,10743645008157788724,train,-3.3118784859595003,-3.3054304,0.006448073667019827,0.962001,0.006290386,-3.3059452
-1.6,7.516487326049726e-10,2475.0294016619155,481.8667099014746,36.16652897024234,304.10393187120707,0.0004925866976714045,4556256472297801959,train,-3.30751732048293,-3.3071368,0.0003805464198194386,0.6150815,0.007880989,-3.308813
-1.8,9.920951194363948e-10,2484.0228854962547,482.5603784265586,38.422268984819695,304.0303353891022,0.0005022347440212584,2314355766595058403,train,-3.2990932465916845,-3.298136,0.0009572507268162944,1.025046,0.0060918746,-3.295773
-2.4000000000000004,9.525981103063824e-10,2521.0178569100235,513.1122387074643,39.33447860201831,299.4635962010897,0.0005207300871485414,2217437892012799629,train,-3.2833873285945363,-3.2875457,0.004158352405219556,0.9864749,0.006211075,-3.2873392
-0.8,8.4981307882089e-10,2622.111610500832,493.1418777793542,40.32755095458103,299.70047987606006,0.0004834536748642104,5127878088967066821,train,-3.315645134227759,-3.3196812,0.004036033374779979,0.86719203,0.006628594,-3.318495
-1.2000000000000002,1.0941860864671191e-09,2539.112215454232,503.69324532533454,39.339075937042885,294.39428351617613,0.0004995507923842545,12823118457006761398,train,-3.3014203478169035,-3.3049908,0.0035704206157136653,0.9350321,0.0063813515,-3.304254
-2.8000000000000003,1.0308127820747194e-09,2437.7200106987866,482.5972990901911,40.648465379108416,299.4728047413536,0.0005361200007123656,18026431441542812131,train,-3.2707379905046188,-3.2783,0.007562056416157592,1.4621313,0.0050890828,-3.2738857
-0.8,9.798133860644783e-10,2446.0111249981446,493.4775434169566,39.325337668236735,299.6111127589073,0.0004888873711982851,7157631882990673600,train,-3.310791181164751,-3.3151145,0.004323316973676938,0.8350216,0.0067562037,-3.3118699
-1.2000000000000002,1.0942344693420075e-09,2360.838758300681,491.3731844386217,39.51420947268076,305.7035776891924,0.0005027958759492268,3134241803077969267,train,-3.298608293157598,-3.3032138,0.004605541604975283,0.8439201,0.0067201797,-3.30037
-0.2,9.16382362452114e-10,2549.3338723326283,483.7915671011157,41.484417545989686,302.7283665488111,0.00045207491936346666,779010489516208886,train,-3.344789586494112,-3.3405821,0.004207454154634416,0.6275193,0.0078019924,-3.3426433
-3.0,9.756514716409811e-10,2404.497548871577,500.9208966540563,41.62971960161597,300.52976098251094,0.0005377539179157227,7311808897764695838,train,-3.269416416788049,-3.2736964,0.0042800057888552345,1.47278,0.005070369,-3.2732131
-1.6,1.0727510291740675e-09,2408.6350240081065,515.7307920217833,36.322106531247385,300.55707391972635,0.0004893547569086844,16501516911797089168,train,-3.3103761856446026,-3.304283,0.006093281973337916,0.703342,0.007366566,-3.3024902
-0.8,9.979877857013674e-10,2496.537246315292,510.00187244466247,38.795972505421744,297.7961123434831,0.0004780685056082659,1378160361063041439,train,-3.3205098659906116,-3.316776,0.003733828774425074,0.79852337,0.0069101914,-3.319683
-0.8,9.89963136259949e-10,2542.7024133885266,503.0087467521194,39.0211226249472,305.0510216058231,0.00047492511313217394,380264510751012186,train,-3.3233748651487374,-3.3204198,0.002955076788141664,1.0016145,0.00616347,-3.3176475
-2.6,1.0803651442869379e-09,2531.060987167743,511.9316238370674,40.66002705988115,288.1838349540611,0.0005334021023180748,17485459239320075305,train,-3.2729452769413436,-3.2791579,0.0062126000270401605,1.4318919,0.005143352,-3.2770379
-1.6,1.0849323731926979e-09,2551.147301026894,487.27717818808753,44.82712146868644,302.5978918999191,0.0005126420189386064,17938021924088880075,train,-3.290185799546089,-3.2891374,0.0010484361122511388,1.5457311,0.004947387,-3.2901273
-1.2000000000000002,1.1201765668553064e-09,2329.913862262383,487.444276821995,41.61971486534147,298.1037724082114,0.0005114931343662972,10813817281839957845,train,-3.2911601913298134,-3.2938187,0.002658520904683659,1.1508965,0.0057453956,-3.2931535
-1.4,1.0040157435828723e-09,2421.1156291426087,502.3421578152334,38.33334239027114,293.10089722857373,0.0005063609475238365,12886194249589357920,train,-3.2955397961362505,-3.301259,0.005719244696269055,0.9018431,0.0064988327,-3.3007388
-1.4,9.89297888860932e-10,2413.8801533334354,510.75595836241,38.53132745549709,285.1813868750008,0.0005032751154874564,6508029577517650568,train,-3.298194542826902,-3.299701,0.0015064325911886556,0.9322032,0.006391121,-3.299242
-2.0,9.123213222215395e-10,2625.69228411366,506.617977618184,38.92442853409919,306.1252360546967,0.0004994121942923035,2928394120619732261,train,-3.3015408575609593,-3.2973087,0.004232174165573532,0.9936312,0.0061884373,-3.300401
-2.6,1.013177684158949e-09,2549.0982526102403,506.5025106580401,39.7132385315927,304.62183232922587,0.0005224653912898055,14934561482547682078,train,-3.2819424724315818,-3.2859545,0.004012002971250261,0.9409813,0.0063609504,-3.2874062
-2.0,9.89297888860932e-10,2413.8801533334354,510.75595836241,38.53132745549709,285.1813868750008,0.0005146033960655125,6508029577517650568,train,-3.2885273520400804,-3.2912831,0.002755778605671555,0.9941917,0.006186675,-3.2894115
-3.0,1.0806933086411387e-09,2604.781653428076,466.5836923998952,39.33731057072893,297.69705044733973,0.0005278953632610272,3371631208540637995,train,-3.2774521525832307,-3.28327,0.005817729618917689,0.7981351,0.006911886,-3.2811022
-0.6000000000000001,1.0732744646319759e-09,2458.1779927472685,500.451348042105,41.29986197643443,296.3385514465405,0.0004784525078622224,15854623793106210877,train,-3.3201611646729354,-3.3145888,0.005572379501426639,0.93154687,0.006393394,-3.3176568
-1.6,9.634928280602635e-10,2455.009212271192,512.2369330710814,40.30940301281442,306.6726054586492,0.0005061768769002095,9415233787243991652,train,-3.295697698103118,-3.2969449,0.0012471585405586794,1.4406842,0.0051273974,-3.2948492
-2.4000000000000004,1.1396379394271226e-09,2408.4924726992253,490.0725825278824,43.06550150160359,292.35304316269765,0.0005346576351803065,10954724855113224492,train,-3.271924226852224,-3.27265,0.0007257765810035899,1.7336679,0.004666943,-3.2723367
-2.6,1.075576112436465e-09,2439.1914792405805,507.5653121861305,41.43318212059344,299.0815860986159,0.0005218386200261896,8793357247245534573,train,-3.282463782952155,-3.2766821,0.005781644509161854,1.2577301,0.00549291,-3.279653
0.0,1.0071535471770136e-09,2369.635821802133,538.5091665951578,40.65637295368661,296.23853018587084,0.0004558446210023,6305389621858259219,train,-3.341183165538725,-3.3452706,0.004087468158784802,0.41639262,0.009588311,-3.3434093
-2.8000000000000003,1.032683367538443e-09,2526.170348943833,478.8149532207128,42.09307571557734,293.4443281911712,0.0005317551633023768,12981595077382156139,train,-3.274288284438221,-3.2762413,0.0019530180520135332,1.5867732,0.004881937,-3.2739217
-0.6000000000000001,9.304065850268983e-10,2472.4930947482308,495.539662311,41.9345213676303,296.5403011366731,0.0004821200252013009,1906069974405082520,train,-3.316844829409325,-3.314958,0.0018867338587877924,0.87892634,0.0065837954,-3.3190248
-2.8000000000000003,1.006299553709699e-09,2596.53014928976,491.578961058072,40.01001805266426,305.28831051478386,0.0005163274621216332,6325844468188908084,train,-3.287074775338779,-3.2852235,0.0018512912994723685,0.79499304,0.0069256444,-3.2844064
0.0,8.762920771795992e-10,2597.67569731618,502.646286170094,38.978559546027874,295.06946514256083,0.0004299720189996,2033506848451370756,train,-3.3665598057912667,-3.3602846,0.006275238911994219,0.36723173,0.010212543,-3.3646235
-1.8,9.16382362452114e-10,2549.3338723326283,483.7915671011157,41.484417545989686,302.7283665488111,0.0005047731593029453,779010489516208886,train,-3.29690374622932,-3.2941856,0.0027181078015856563,1.135779,0.0057839607,-3.2943351
-0.4,9.58904338765352e-10,2486.667922677388,495.3304947031063,40.43386356777175,305.1954997344612,0.0004751869964045418,13052852389533457310,train,-3.323135452427163,-3.3318572,0.008721752010092843,0.9875009,0.006207814,-3.32661
-2.8000000000000003,9.926993823896762e-10,2332.1716999604114,489.929360905385,39.90607827400121,296.137708789732,0.000520295257410748,8562678507013604755,train,-3.2837501327619094,-3.2760391,0.007711009226753163,0.7675332,0.0070494493,-3.2779775
-0.2,1.0732744646319759e-09,2458.1779927472685,500.451348042105,41.29986197643443,296.3385514465405,0.00045906650952406926,15854623793106210877,train,-3.3381243893499106,-3.3325179,0.005606527029964337,0.7176055,0.0072924485,-3.3359857
-1.0,9.58904338765352e-10,2486.667922677388,495.3304947031063,40.43386356777175,305.1954997344612,0.0004982989330244798,13052852389533457310,train,-3.302510042754845,-3.3107271,0.008217076690955949,1.1796923,0.0056739897,-3.3057978
-0.8,1.1942019403763875e-09,2464.50260258804,490.2741317287723,40.32854625878799,294.3650499716886,0.0004911044848734401,11892504857466714026,train,-3.3088260997782037,-3.3092928,0.000466693495722037,1.1227164,0.005817907,-3.3114254
-2.8000000000000003,7.777840542828623e-10,2445.911024694583,482.1130919467457,41.27682283342508,300.8565986758517,0.0005190054468135879,13149960228396626776,train,-3.284828084331364,-3.2792697,0.005558389049381773,1.2047489,0.005613942,-3.2819118
-2.4000000000000004,1.0806933086411387e-09,2604.781653428076,466.5836923998952,39.33731057072893,297.69705044733973,0.0005202813368795063,3371631208540637995,train,-3.283761752492618,-3.289405,0.005643355005550799,0.766094,0.00705612,-3.287712
-2.4000000000000004,1.0933784852654091e-09,2410.884334287086,539.0569290920441,39.62193192256099,289.3285700165644,0.0005235883410922715,16519722322841066187,train,-3.281010032586647,-3.2803714,0.0006386050506361762,1.2886415,0.0054257545,-3.2795093
-1.8,9.244750759855351e-10,2606.766252024905,514.7015322051607,39.36697999872778,300.425811364213,0.0005073411044558733,13867644369009061341,train,-3.294699949992488,-3.2985115,0.0038115551344652943,0.7940974,0.006929581,-3.3020835
-1.8,1.0352580576007263e-09,2678.9547588546675,473.131828680381,34.826156523967086,290.8089263982084,0.0004890860382186526,603198139025932464,train,-3.3106147346662307,-3.309615,0.000999837891938693,0.46646208,0.009056764,-3.3068247
-2.0,1.075576112436465e-09,2439.1914792405805,507.5653121861305,41.43318212059344,299.0815860986159,0.0005129837963739002,8793357247245534573,train,-3.2898963527371934,-3.284397,0.005499465911631862,1.2899214,0.0054230257,-3.2869482
-1.4,9.808684991835892e-10,2440.440905080504,475.02919518003887,43.13862383173334,296.64614602139693,0.0005162698655818295,10893922623691634355,train,-3.287123223768323,-3.2914162,0.004292944444567404,1.9887359,0.0043515647,-3.2881474
-2.6,9.304065850268983e-10,2472.4930947482308,495.539662311,41.9345213676303,296.5403011366731,0.000526751817026125,1906069974405082520,train,-3.2783939576219816,-3.277171,0.0012230610918302354,1.2738179,0.005457655,-3.2799766
-1.2000000000000002,9.60969170700449e-10,2766.6918918406623,529.8468751484584,39.61181207182135,297.3307652107198,0.0004907728874324623,6563696386679920944,train,-3.3091194377211424,-3.3120747,0.0029552235337404476,0.7040394,0.00736289,-3.3078177
-0.2,1.066709170571727e-09,2302.646144768272,474.8978179470865,37.69553984942066,294.1521471075916,0.00045767336709170954,3765765162242439701,train,-3.3394443592826426,-3.3365715,0.00287290428081155,0.42118722,0.009533345,-3.3403592
0.0,8.241763212999094e-10,2472.357675267654,473.84577322091,39.21856251436128,307.7679942040925,0.0004342911321436,14456930291123660273,train,-3.3622190384720336,-3.3568008,0.005418243870593198,0.62973094,0.0077881906,-3.3606467
-2.2,1.0789603531824067e-09,2367.1936347140645,478.9001778930339,37.12870103512795,297.3410066095633,0.0005186649227231721,4747465828158748725,train,-3.2851131223223735,-3.2918143,0.006701204917616721,0.67990875,0.0074933465,-3.2902384
-1.6,1.013177684158949e-09,2549.0982526102403,506.5025106580401,39.7132385315927,304.62183232922587,0.0005057547977415448,14934561482547682078,train,-3.296059988690039,-3.2998269,0.0037668717378176453,0.97257876,0.006255741,-3.3010645
-1.2000000000000002,1.0574423663675307e-09,2585.038533860248,471.3266920396063,42.543125490608695,301.3994726877767,0.0004951820636174127,2832837163574657009,train,-3.305235094628203,-3.3037312,0.0015038915489795635,1.35247,0.0052944114,-3.3042147
-0.8,8.584521018906483e-10,2718.2749419682723,482.1832227724541,38.88005077046229,301.691940704981,0.00047310240606590755,3494250555080783753,train,-3.325044843246109,-3.325511,0.000466135452621419,0.8113783,0.0068547754,-3.3278818
-0.2,1.0025105539620802e-09,2526.9743060678943,509.1946075584183,40.75166342427999,301.0515477079729,0.0004572121596089777,15180030701036252205,train,-3.339882228012412,-3.3388689,0.0010133715823581468,0.70495653,0.007358064,-3.3405187
-1.8,1.0803651442869379e-09,2531.060987167743,511.9316238370674,40.66002705988115,288.1838349540611,0.0005209878655702519,17485459239320075305,train,-3.28317239181996,-3.2901478,0.0069753895521103,1.4158374,0.005172864,-3.287351
-0.8,9.220148370062531e-10,2472.3739758500788,504.5088858703008,41.28793476116813,303.0641722996054,0.0004806472753304703,7538273554073210114,train,-3.3181735152520324,-3.3133395,0.004834043435015811,1.0869921,0.005913838,-3.3191175
-1.2000000000000002,1.066709170571727e-09,2302.646144768272,474.8978179470865,37.69553984942066,294.1521471075916,0.0004941651999982986,3765765162242439701,train,-3.306127841655216,-3.3029835,0.0031443192400546494,0.65782845,0.0076189395,-3.3054538
-2.8000000000000003,9.42387899986183e-10,2596.3418775504824,506.9916211367261,42.54178389838287,305.55199671356803,0.0005221586213471687,3392607520233113049,train,-3.2821975469761435,-3.280456,0.0017414808445517238,1.4645141,0.005084878,-3.279988
-3.0,1.075576112436465e-09,2439.1914792405805,507.5653121861305,41.43318212059344,299.0815860986159,0.0005266985061190081,8793357247245534573,train,-3.2784379134351744,-3.2735434,0.00489455558605334,1.3669064,0.005265982,-3.2759666
-0.8,9.16382362452114e-10,2549.3338723326283,483.7915671011157,41.484417545989686,302.7283665488111,0.00047954435551341974,779010489516208886,train,-3.3191712165145697,-3.3164024,0.002768781211835325,0.98993057,0.006200113,-3.316447
-0.2,1.0789603531824067e-09,2367.1936347140645,478.9001778930339,37.12870103512795,297.3410066095633,0.0004623378818230582,4747465828158748725,train,-3.3350405210271887,-3.3404572,0.005416679976839589,0.44611168,0.009262008,-3.3413088
-0.8,9.50582857470194e-10,2403.738957653681,492.6388454667692,37.10727035463277,300.4554170460457,0.00048519808832941133,9184494546452176042,train,-3.3140809189135094,-3.3194535,0.005372558945987649,0.53727573,0.008435745,-3.3185034
-2.6,9.525981103063824e-10,2521.0178569100235,513.1122387074643,39.33447860201831,299.4635962010897,0.0005234856767419403,2217437892012799629,train,-3.281095196691993,-3.285107,0.0040117006621329665,1.0033171,0.0061581833,-3.2849834
-1.2000000000000002,9.89963136259949e-10,2542.7024133885266,503.0087467521194,39.0211226249472,305.0510216058231,0.00048673700539568916,380264510751012186,train,-3.312705634179331,-3.3091908,0.0035148840572607476,1.046708,0.006027829,-3.306843
-0.2,1.0060692139373963e-09,2527.3807724384133,522.7157534573084,43.167246359099664,298.50956140834,0.00047003796840871,1367897570274288222,train,-3.327867059501764,-3.3299518,0.002084703651312303,0.97880906,0.006235598,-3.3281937
0.0,1.0789603531824067e-09,2367.1936347140645,478.9001778930339,37.12870103512795,297.3410066095633,0.0004484997485832,4747465828158748725,train,-3.3482377960735334,-3.3549857,0.006747917885206789,0.3919467,0.009884052,-3.3548324
-1.0,8.589969950121182e-10,2505.474763633521,514.8627810246533,39.90795077029272,306.8673078749587,0.0004810442267890851,8372103036707258832,train,-3.3178149931324743,-3.3131373,0.004677700270535823,0.97487843,0.0062482837,-3.3155537
-0.6000000000000001,9.16382362452114e-10,2549.3338723326283,483.7915671011157,41.484417545989686,302.7283665488111,0.0004720348758321828,779010489516208886,train,-3.3260259127601555,-3.3233993,0.0026266074165275377,0.8712761,0.0066128997,-3.3232994
-1.4,8.599648780937921e-10,2637.8899539670565,501.9551856304757,39.90381821426863,300.9815905741297,0.000490562440672186,14435728251762431223,train,-3.3093057060954805,-3.3060055,0.003300228190207033,0.8539357,0.006680306,-3.309292
-0.6000000000000001,1.0308127820747194e-09,2437.7200106987866,482.5972990901911,40.648465379108416,299.4728047413536,0.0004883434482777874,18026431441542812131,train,-3.3112746344956094,-3.3183684,0.0070938004103964225,1.1239661,0.005814634,-3.3141055
-2.6,9.980121445569454e-10,2387.75545073954,508.7275610680178,38.8972081784186,297.8606493603604,0.0005168739109221613,11032972375804727196,train,-3.28661538818148,-3.282548,0.004067437436851229,0.9837946,0.0062196166,-3.2840056
-1.2000000000000002,1.1064539714677527e-09,2488.434465234489,500.4335716276796,41.129719458135625,288.0815978442095,0.0004976882307852691,4253972365711734043,train,-3.3030426292287496,-3.2969775,0.006065109239735911,1.177868,0.005678436,-3.3004272
0.0,1.2307353848142815e-09,2445.249484887284,482.48119148575233,42.87746783295031,307.55593866537106,0.0004487948216414,15038946426069692038,train,-3.3479521627713686,-3.3449,0.003052269964361809,1.2020111,0.005620412,-3.3451343
-0.8,1.1459805246638944e-09,2630.825732937456,497.4739907663986,41.26661222078493,300.2753689300697,0.0004772817871842198,12849312948239067464,train,-3.321225137760944,-3.3158262,0.005398960163898181,1.0777977,0.005939293,-3.3170679
-0.6000000000000001,8.89459518994858e-10,2383.601346469497,502.4892009812192,38.55163090195673,309.2198732722366,0.00047372532057368943,3483175946691254694,train,-3.3244734016525723,-3.3268685,0.0023951324355624415,0.89830786,0.006511728,-3.3235228
-1.8,1.1201765668553064e-09,2329.913862262383,487.444276821995,41.61971486534147,298.1037724082114,0.0005245345553828376,10813817281839957845,train,-3.2802258959971122,-3.2836666,0.0034407147206612088,1.2817378,0.0054405425,-3.2826285
-2.6,1.0308127820747194e-09,2437.7200106987866,482.5972990901911,40.648465379108416,299.4728047413536,0.0005335532157852353,18026431441542812131,train,-3.2728222582089668,-3.2802088,0.007386567856096704,1.4096376,0.0051843952,-3.275895
-2.0,7.777840542828623e-10,2445.911024694583,482.1130919467457,41.27682283342508,300.8565986758517,0.000507688379228406,13149960228396626776,train,-3.2944027772980506,-3.2889128,0.005490004165726425,1.1411157,0.00577026,-3.2920344
0.0,9.664729913030388e-10,2627.7330466636663,506.9906344590098,40.06029068650691,301.1540677406581,0.0004330223564406,8813459275462154891,train,-3.3634896809488426,-3.358113,0.005376630488027168,0.5388034,0.008423711,-3.361316
-1.6,9.123213222215395e-10,2625.69228411366,506.617977618184,38.92442853409919,306.1252360546967,0.0004918800058682133,2928394120619732261,train,-3.3081408304546653,-3.3036954,0.004445390162306939,1.0233973,0.006096832,-3.3070292
-2.6,1.1762312017058683e-09,2610.23254556298,515.3751788116352,39.24041391228537,297.93305834844136,0.0005167125546851462,7155552337602576564,train,-3.2867509861720836,-3.285531,0.0012199421657359544,0.95260555,0.0063216393,-3.286475
-0.4,9.136850961862703e-10,2400.1705034771794,499.3175315176618,39.85562670167986,300.93280864091923,0.0004647124523139217,689847661215077168,train,-3.332815690123311,-3.3280814,0.004734320723286611,0.57663125,0.008141126,-3.3311803
-2.0,1.0073410050818803e-09,2574.374612551252,485.6872921198837,42.17824256593523,298.72995545788456,0.0005156895302128057,9029148243980292461,train,-3.287611685767926,-3.288575,0.0009632482378112428,1.1852566,0.005660491,-3.2854624
-0.2,8.220747042076196e-10,2489.354974528123,536.8974000619587,36.589080383233394,294.68809277779184,0.0004446190395376957,13344013943894260190,train,-3.3520119438207585,-3.3487484,0.0032634983098942527,0.26199085,0.012097539,-3.3511224
0.0,9.118663996020179e-10,2651.95019435956,481.7408591707263,38.899871401178025,300.40158819211445,0.0004314625352501,17319768135093042826,train,-3.36505690896508,-3.3619483,0.003108657240836976,0.5041798,0.008709711,-3.3639004
-1.8,1.0705485436227222e-09,2590.7468930890127,531.0534862964538,41.61731424149927,306.85396396460635,0.0005170192717619207,4155552024635161694,train,-3.2864932683879355,-3.2926798,0.006186518294193366,1.2023107,0.005619703,-3.2906168
-1.0,1.1201765668553064e-09,2329.913862262383,487.444276821995,41.61971486534147,298.1037724082114,0.000506030033031361,10813817281839957845,train,-3.2958237068899856,-3.298316,0.002492295002104239,1.0799152,0.005933402,-3.2978985
-2.6,1.0806933086411387e-09,2604.781653428076,466.5836923998952,39.33731057072893,297.69705044733973,0.0005230069675530001,3371631208540637995,train,-3.28149252537811,-3.286919,0.005426591595766972,0.77810156,0.0070010275,-3.2851815
-2.6,1.0705485436227222e-09,2590.7468930890127,531.0534862964538,41.61731424149927,306.85396396460635,0.0005301445590684327,4155552024635161694,train,-3.2756056914456146,-3.2820892,0.006483541952822858,1.2870388,0.005429177,-3.280452
-0.8,1.104689398918354e-09,2572.8324404304963,485.2307246352714,40.714467773434976,300.93677074401546,0.0004852896010618794,9216328605101287225,train,-3.313999014783685,-3.316115,0.0021158877126530307,1.1038427,0.0058680107,-3.3132267
-3.0,1.2225799825820127e-09,2598.953191343567,516.8045118894966,39.85430360518959,306.74502895459364,0.0005182807900297149,17234994038809733169,train,-3.285434887897305,-3.2826164,0.002818511020473924,1.1112422,0.0058482164,-3.2847123
-0.2,9.162514515645111e-10,2366.748252214537,515.4599435910573,36.43861892729903,303.676124223718,0.00043940948537515286,17492872546512810480,train,-3.3571305723549147,-3.3457727,0.011357829129817087,0.3001633,0.011299929,-3.3503082
-2.4000000000000004,8.762920771795992e-10,2597.67569731618,502.646286170094,38.978559546027874,295.06946514256083,0.0005044294453573136,2033506848451370756,train,-3.2971995700312475,-3.2903626,0.006836973519406708,0.7892232,0.0069511225,-3.2937737
-2.2,1.006299553709699e-09,2596.53014928976,491.578961058072,40.01001805266426,305.28831051478386,0.0005079418953561722,6325844468188908084,train,-3.2941859648212977,-3.2918081,0.0023778364643640693,0.7896824,0.006949085,-3.2918262
-1.4,9.89963136259949e-10,2542.7024133885266,503.0087467521194,39.0211226249472,305.0510216058231,0.0004916047962353598,380264510751012186,train,-3.3083838886651815,-3.3049507,0.003433174553853391,1.0706189,0.005959395,-3.302639
-2.4000000000000004,1.1064539714677527e-09,2488.434465234489,500.4335716276796,41.129719458135625,288.0815978442095,0.0005197517239798401,4253972365711734043,train,-3.2842040614699135,-3.2794185,0.004785592994571708,1.2271298,0.0055618626,-3.2814848
-1.2000000000000002,1.0455070732925304e-09,2552.705145034877,518.1497095238773,37.60227540602951,298.4772867617408,0.00048343720503021245,13753303497944442308,train,-3.315659929605754,-3.3108454,0.0048145545447186855,0.71020716,0.0073306146,-3.3104765
-2.4000000000000004,1.1942019403763875e-09,2464.50260258804,490.2741317287723,40.32854625878799,294.3650499716886,0.0005249235494067178,11892504857466714026,train,-3.279903943238769,-3.2813473,0.0014433315415045556,1.1654254,0.005709038,-3.281861
-1.4,9.980121445569454e-10,2387.75545073954,508.7275610680178,38.8972081784186,297.8606493603604,0.0004968609194910073,11032972375804727196,train,-3.3037651612678913,-3.2995882,0.004176957837715545,0.93033624,0.0063975924,-3.3009038
-0.2,1.1064539714677527e-09,2488.434465234489,500.4335716276796,41.129719458135625,288.0815978442095,0.0004598987253264068,4253972365711734043,train,-3.3373377941321483,-3.33086,0.0064778946112742375,0.7998681,0.0069043324,-3.336018
-1.8,9.979877857013674e-10,2496.537246315292,510.00187244466247,38.795972505421744,297.7961123434831,0.0005027781078148282,1378160361063041439,train,-3.2986236408154497,-3.2963533,0.0022703006665238945,0.9641408,0.0062833317,-3.297355
-0.6000000000000001,9.74908016407874e-10,2433.9347159425315,536.1873069142775,40.58953669016749,293.2225739384997,0.0004922484916044628,18393380424088899902,train,-3.307815605995049,-3.313491,0.0056755000382762155,1.1874089,0.005655295,-3.308599
-0.4,9.525981103063824e-10,2521.0178569100235,513.1122387074643,39.33447860201831,299.4635962010897,0.00046944193113464684,2217437892012799629,train,-3.328418121283906,-3.3319857,0.0035675907674854734,0.6127154,0.007896287,-3.3320029
-2.2,7.777840542828623e-10,2445.911024694583,482.1130919467457,41.27682283342508,300.8565986758517,0.0005108729447898584,13149960228396626776,train,-3.291687096416575,-3.2860801,0.005606974422556643,1.1520616,0.005742455,-3.289418
-1.2000000000000002,1.0705485436227222e-09,2590.7468930890127,531.0534862964538,41.61731424149927,306.85396396460635,0.0005032640289896041,4155552024635161694,train,-3.298204109876266,-3.3044329,0.006228759081253532,1.1149209,0.005838448,-3.3022885
-3.0,9.220148370062531e-10,2472.3739758500788,504.5088858703008,41.28793476116813,303.0641722996054,0.0005226801881670566,7538273554073210114,train,-3.2817639612238283,-3.2777553,0.004008700756299,1.3261026,0.0053475234,-3.2813737
-2.6,1.0044736023004086e-09,2276.4853940628345,486.8441992232576,38.23677890677304,298.10055132439214,0.000523684523507914,15363031408316951214,train,-3.2809302606496495,-3.2822845,0.001354237565072136,0.7423011,0.007169198,-3.2817328
-2.0,1.018423641836786e-09,2420.2103352289205,495.3862399264609,39.18777263938059,307.5354074756815,0.0005050443795600769,9985116505034206452,train,-3.2966704576215236,-3.2926986,0.003971835871645624,0.8315396,0.006770457,-3.290413
-2.4000000000000004,9.664729913030388e-10,2627.7330466636663,506.9906344590098,40.06029068650691,301.1540677406581,0.0005101895208279039,8813459275462154891,train,-3.2922684659405657,-3.2887826,0.0034858693524308926,1.0154856,0.0061207884,-3.289543
-1.2000000000000002,8.75983736068783e-10,2627.978517028968,489.37942559949954,40.91913452211564,297.20307373531364,0.0004910595988128454,5144607327742428380,train,-3.30886579532148,-3.3071072,0.0017585851621784165,0.95736456,0.0063057514,-3.3046145
-2.2,1.0050101529814667e-09,2449.206992526188,478.70441149946606,40.80112322251315,299.2329513672896,0.000522363380402227,15255519671477510073,train,-3.282027276309328,-3.2853904,0.0033631007353496223,1.425317,0.005155378,-3.2827272
-0.8,8.89459518994858e-10,2383.601346469497,502.4892009812192,38.55163090195673,309.2198732722366,0.0004811542737362243,3483175946691254694,train,-3.3177156523372537,-3.3195937,0.001878015646755049,0.92730147,0.0064081536,-3.316972
-1.4,1.120623623770265e-09,2459.871490367434,512.0011452017391,38.21649432972869,303.56534322943094,0.0004983869501265762,2671493380122846465,train,-3.3024333378621615,-3.3034084,0.000975046460958584,1.033661,0.0060661635,-3.305842
-1.0,1.104689398918354e-09,2572.8324404304963,485.2307246352714,40.714467773434976,300.93677074401546,0.0004917062889530514,9216328605101287225,train,-3.3082942370217348,-3.3102653,0.001971065636346303,1.1223019,0.005818994,-3.3074634
-2.2,1.0806933086411387e-09,2604.781653428076,466.5836923998952,39.33731057072893,297.69705044733973,0.0005173345897421089,3371631208540637995,train,-3.286228483060246,-3.2921352,0.005906755587214985,0.7932277,0.0069334107,-3.290256
-0.4,1.25959298622376e-09,2354.3009197629594,499.1918367180637,40.77134716523017,305.22981462209646,0.00047553470328334926,128968913270984251,train,-3.3228177838905806,-3.3238735,0.001055736006880359,1.1574624,0.005728881,-3.3242047
-0.2,9.920951194363948e-10,2484.0228854962547,482.5603784265586,38.422268984819695,304.0303353891022,0.0004506821415004967,2314355766595058403,train,-3.3461296507185763,-3.3439643,0.0021653124159639603,0.6679333,0.0075606923,-3.3435102
-3.0,9.85546704036472e-10,2573.0239327697072,479.3922741661716,39.9154735600532,295.8292447353602,0.0005185671344759693,12112510911978131146,train,-3.285195011222714,-3.2812037,0.003991264427059882,0.8442093,0.0067190183,-3.2815619
-2.4000000000000004,1.0789603531824067e-09,2367.1936347140645,478.9001778930339,37.12870103512795,297.3410066095633,0.0005214858200436336,4747465828158748725,train,-3.282757496174227,-3.2892697,0.0065121895710120725,0.673153,0.007531118,-3.2878861
-1.4,1.0147448677929011e-09,2607.8117384734032,505.1107398178068,40.31257836583995,298.21936914217434,0.0005019199115614994,833253205382390921,train,-3.299365575169195,-3.30238,0.0030145098222602584,1.098406,0.005882682,-3.3023617
-1.8,9.595802013951228e-10,2610.2949574222403,489.9218602044182,42.219532217947325,302.0841812978663,0.0005122948998531274,11643629726484600332,train,-3.2904799677166108,-3.2937708,0.00329082238348688,1.2926633,0.0054171938,-3.290057
-0.4,1.0071535471770136e-09,2369.635821802133,538.5091665951578,40.65637295368661,296.23853018587084,0.0004809717562399413,6305389621858259219,train,-3.317880425641307,-3.319969,0.002088513186207841,0.7737148,0.0070210067,-3.3186765
-0.6000000000000001,9.634928280602635e-10,2455.009212271192,512.2369330710814,40.30940301281442,306.6726054586492,0.0004775143197388569,9415233787243991652,train,-3.321013600226163,-3.3234708,0.002457230691195189,1.1532725,0.005739403,-3.32071
-0.2,1.243555870393131e-09,2440.816535503744,483.6779599156501,38.81204244575611,302.5323056028984,0.00045427504249337565,4261926717090881150,train,-3.3426811223206236,-3.3391604,0.0035206799683287215,0.9297571,0.006399604,-3.3426125
-1.8,8.75983736068783e-10,2627.978517028968,489.37942559949954,40.91913452211564,297.20307373531364,0.0005043760846260228,5144607327742428380,train,-3.297245514012486,-3.2963035,0.000942003346592557,1.0533452,0.0060086004,-3.2937565
-0.8,1.25959298622376e-09,2354.3009197629594,499.1918367180637,40.77134716523017,305.22981462209646,0.000491629200783426,128968913270984251,train,-3.3083623296861537,-3.3093152,0.0009528749342075926,1.2663403,0.0054739583,-3.309561
-0.2,1.0044736023004086e-09,2276.4853940628345,486.8441992232576,38.23677890677304,298.10055132439214,0.00046224103017584604,15363031408316951214,train,-3.335131507606172,-3.335994,0.0008624975970752402,0.4174743,0.009575829,-3.3361073
-0.6000000000000001,1.0191682032973931e-09,2560.240612715575,475.6482256289376,41.11142736058992,291.8506686301862,0.0004753418440034586,14547390297170085011,train,-3.3229939533889823,-3.3180387,0.004955251377873893,0.93460244,0.006382833,-3.3224792
-1.8,9.42387899986183e-10,2596.3418775504824,506.9916211367261,42.54178389838287,305.55199671356803,0.000506592964813529,3392607520233113049,train,-3.2953408456624835,-3.2928278,0.0025130010427325544,1.4919171,0.005037241,-3.293497
-1.6,8.75983736068783e-10,2627.978517028968,489.37942559949954,40.91913452211564,297.20307373531364,0.0005004278841394163,5144607327742428380,train,-3.3006584991574974,-3.2995656,0.0010929454923362947,1.0272305,0.0060853246,-3.2971675
-0.8,9.63679966987411e-10,2457.046368424285,519.0454313677445,40.52844947169319,303.263443359763,0.0004900885423669908,17951410366048416543,train,-3.3097254506090947,-3.3138337,0.004108262922399408,1.2893429,0.0054242583,-3.309583
-2.8000000000000003,9.725086180844783e-10,2468.017331565751,490.28733545372194,44.50977871149023,303.263152322465,0.0005348992614278208,3744802582600429992,train,-3.2717280017648136,-3.2726457,0.0009177101339901128,2.0780115,0.0042550648,-3.2718806
-0.2,9.596807973870107e-10,2396.380469719385,547.2442070596833,39.34847113068841,298.5552181462747,0.0004616486583267606,16164245777420927440,train,-3.335688422276285,-3.336707,0.001018692897055029,0.44099197,0.009315862,-3.3358798
-0.4,9.89297888860932e-10,2413.8801533334354,510.75595836241,38.53132745549709,285.1813868750008,0.00047178307054139155,6508029577517650568,train,-3.326257647389317,-3.3248963,0.0013613117875101999,0.6546504,0.007637536,-3.3281915
-2.2,9.756514716409811e-10,2404.497548871577,500.9208966540563,41.62971960161597,300.52976098251094,0.0005271148450829551,7311808897764695838,train,-3.2780947526205106,-3.2815208,0.0034260908853487315,1.3431622,0.0053129825,-3.2813516
-3.0,1.000096056099185e-09,2446.239819629679,503.61049666576776,43.101977222602514,303.9832024614659,0.0005383057507300656,13944279034983237670,train,-3.2689709805837293,-3.2731602,0.004189238608775625,1.9749584,0.004367033,-3.2711725
-0.4,1.006299553709699e-09,2596.53014928976,491.578961058072,40.01001805266426,305.28831051478386,0.0004596293580640968,6325844468188908084,train,-3.33759223925696,-3.335879,0.0017131518088397968,0.79583555,0.0069219475,-3.333265
-3.0,9.979877857013674e-10,2496.537246315292,510.00187244466247,38.795972505421744,297.7961123434831,0.0005199626003884064,1378160361063041439,train,-3.284027892959558,-3.2817223,0.0023055857543576863,0.98369116,0.006219947,-3.283198
-3.0,9.304065850268983e-10,2472.4930947482308,495.539662311,41.9345213676303,296.5403011366731,0.0005316418510415371,1906069974405082520,train,-3.2743808385626676,-3.2739117,0.00046912400883458716,1.3112293,0.005378184,-3.2761376
0.0,8.599648780937921e-10,2637.8899539670565,501.9551856304757,39.90381821426863,300.9815905741297,0.0004314238624252,14435728251762431223,train,-3.365095837367498,-3.359869,0.00522683407159974,0.47547805,0.008970068,-3.3645103
-1.4,9.920951194363948e-10,2484.0228854962547,482.5603784265586,38.422268984819695,304.0303353891022,0.0004940420014875383,2314355766595058403,train,-3.306236127515911,-3.3047478,0.0014883076153981989,1.004298,0.006155144,-3.3028846
-2.2,9.926993823896762e-10,2332.1716999604114,489.929360905385,39.90607827400121,296.137708789732,0.0005124080759351874,8562678507013604755,train,-3.2903840340669905,-3.2830787,0.007305363565281553,0.7142371,0.0073097516,-3.2845182
-2.0,9.58904338765352e-10,2486.667922677388,495.3304947031063,40.43386356777175,305.1954997344612,0.0005209949483595916,13052852389533457310,train,-3.2831664876605333,-3.291468,0.008301417384022347,1.2862493,0.005430865,-3.287478
-0.2,9.725086180844783e-10,2468.017331565751,490.28733545372194,44.50977871149023,303.263152322465,0.00046632139706911984,3744802582600429992,train,-3.331314656568135,-3.3288784,0.00243625385817392,0.8375543,0.0067458926,-3.3323624
-2.6,1.243555870393131e-09,2440.816535503744,483.6779599156501,38.81204244575611,302.5323056028984,0.0005172774570942791,4261926717090881150,train,-3.2862764476935404,-3.2840788,0.0021976112525003977,1.1146543,0.005839154,-3.2849083
-2.6,1.0073410050818803e-09,2574.374612551252,485.6872921198837,42.17824256593523,298.72995545788456,0.000524731089108063,9029148243980292461,train,-3.2800632040919315,-3.2806966,0.0006334263859737455,1.2470859,0.005516608,-3.277965
-0.6000000000000001,1.1395831540373824e-09,2538.761869465952,510.72502895181066,40.87821813200619,300.974125232131,0.00047814385984867755,3684234868495982631,train,-3.320441416905348,-3.3202357,0.00020568768781892288,1.128575,0.0058026095,-3.3214796
-2.4000000000000004,1.013177684158949e-09,2549.0982526102403,506.5025106580401,39.7132385315927,304.62183232922587,0.0005196760124785655,14934561482547682078,train,-3.284267329143317,-3.2881982,0.0039309035074399645,0.9321941,0.0063911523,-3.2897701
-1.6,9.664729913030388e-10,2627.7330466636663,506.9906344590098,40.06029068650691,301.1540677406581,0.0004963025546976527,8813459275462154891,train,-3.304253489283358,-3.3008282,0.0034252708232749285,1.0715356,0.005956817,-3.3013678
-1.2000000000000002,1.243555870393131e-09,2440.816535503744,483.6779599156501,38.81204244575611,302.5323056028984,0.0004921838378471439,4261926717090881150,train,-3.3078726516024273,-3.3046124,0.003260253454844264,1.0361761,0.0060587176,-3.3073587
-0.2,1.104689398918354e-09,2572.8324404304963,485.2307246352714,40.714467773434976,300.93677074401546,0.00045775484520523837,9216328605101287225,train,-3.339367050117992,-3.3405528,0.0011857567362558719,0.860108,0.00665608,-3.338419
-2.8000000000000003,1.0728366895058958e-09,2396.471193900285,522.5703607996403,39.66536493364173,302.3426017448898,0.0005294589674063896,10539271283961051071,train,-3.276167691683958,-3.2792766,0.0031089177368182064,1.1442529,0.00576225,-3.2783165
-0.4,1.0191682032973931e-09,2560.240612715575,475.6482256289376,41.11142736058992,291.8506686301862,0.0004665885544556016,14547390297170085011,train,-3.331065918773601,-3.3258862,0.005179669231364592,0.7791489,0.006996283,-3.3307896
-3.0,1.018423641836786e-09,2420.2103352289205,495.3862399264609,39.18777263938059,307.5354074756815,0.0005183380166812271,9985116505034206452,train,-3.285386937351099,-3.283233,0.002154010028711184,0.86110663,0.0066521848,-3.2802
-2.6,8.4981307882089e-10,2622.111610500832,493.1418777793542,40.32755095458103,299.70047987606006,0.0005218570989779139,5127878088967066821,train,-3.282448404319054,-3.2865899,0.00414145659708387,0.95654094,0.0063084927,-3.285882
-2.6,9.682475573035431e-10,2330.6047518253104,479.0686974559265,41.64371883461047,301.63426669668445,0.0005329753905705796,13640118791446356878,train,-3.2732928434802613,-3.276237,0.002944167475549264,1.4468415,0.005116311,-3.2763062
-1.2000000000000002,1.0663734802785015e-09,2646.766281337793,486.2018595083384,41.79339850063371,299.641349014439,0.0005028115963831254,5637171177688138856,train,-3.2985947147030146,-3.3055596,0.006964920459338941,1.171906,0.0056930385,-3.3016932
-2.0,1.0849323731926979e-09,2551.147301026894,487.27717818808753,44.82712146868644,302.5978918999191,0.0005201877752256005,17938021924088880075,train,-3.283839858242507,-3.2829568,0.0008830196347187069,1.617772,0.0048341537,-3.2835004
-1.2000000000000002,9.63679966987411e-10,2457.046368424285,519.0454313677445,40.52844947169319,303.263443359763,0.0005020160862626537,17951410366048416543,train,-3.2992823663944755,-3.3029323,0.0036498960261788227,1.4411324,0.005126588,-3.2988162
-0.4,1.104689398918354e-09,2572.8324404304963,485.2307246352714,40.714467773434976,300.93677074401546,0.0004687988835833336,9216328605101287225,train,-3.3290134312352198,-3.3309243,0.0019108413020116899,0.9286343,0.006403509,-3.3278315
0.0,8.979123523428992e-10,2531.360993910196,491.918494232159,35.793021097389925,308.86985058095934,0.0004407821655303,579736006479800074,train,-3.3557759857725817,-3.3610554,0.005279388372926075,0.5182665,0.008589902,-3.3582394
-2.2,1.018423641836786e-09,2420.2103352289205,495.3862399264609,39.18777263938059,307.5354074756815,0.000508168680175388,9985116505034206452,train,-3.2939921052166996,-3.2901065,0.003885570258813864,0.81748724,0.0068288986,-3.288106
-2.8000000000000003,8.584521018906483e-10,2718.2749419682723,482.1832227724541,38.88005077046229,301.691940704981,0.0005144574362269034,3494250555080783753,train,-3.2886505508849364,-3.2896442,0.0009936904480714048,0.8403706,0.0067344806,-3.29103
-2.0,1.0455070732925304e-09,2552.705145034877,518.1497095238773,37.60227540602951,298.4772867617408,0.0004996028840505714,13753303497944442308,train,-3.301375063244993,-3.2976797,0.0036954005405251955,0.7781273,0.007000911,-3.2961664
-3.0,8.584521018906483e-10,2718.2749419682723,482.1832227724541,38.88005077046229,301.691940704981,0.0005169006868492793,3494250555080783753,train,-3.2865928907484365,-3.2881367,0.0015438299089121088,0.84251773,0.006725819,-3.2891018
-2.6,9.118663996020179e-10,2651.95019435956,481.7408591707263,38.899871401178025,300.40158819211445,0.0005114798201031192,17319768135093042826,train,-3.2911714962445795,-3.289987,0.001184408994823638,0.8503364,0.0066945544,-3.2902675
-3.0,1.032683367538443e-09,2526.170348943833,478.8149532207128,42.09307571557734,293.4443281911712,0.0005340946922488798,12981595077382156139,train,-3.2723817379613567,-3.274889,0.002507254348213639,1.6123831,0.004842362,-3.2724683
-0.6000000000000001,1.032683367538443e-09,2526.170348943833,478.8149532207128,42.09307571557734,293.4443281911712,0.00048412214022009896,12981595077382156139,train,-3.315045055438959,-3.3149672,7.789998241625185e-05,1.177671,0.005678917,-3.315233
-0.4,9.123213222215395e-10,2625.69228411366,506.617977618184,38.92442853409919,306.1252360546967,0.0004540489055789554,2928394120619732261,train,-3.3428973667922683,-3.339209,0.0036882870498367026,0.804466,0.0068844086,-3.3418386
-2.6,9.74908016407874e-10,2433.9347159425315,536.1873069142775,40.58953669016749,293.2225739384997,0.0005369343702952643,18393380424088899902,train,-3.2700787950462322,-3.2765584,0.00647960415420723,2.3299506,0.004013104,-3.2713437
-1.0,1.0705485436227222e-09,2590.7468930890127,531.0534862964538,41.61731424149927,306.85396396460635,0.000497504039947206,4155552024635161694,train,-3.3032033882455822,-3.3097866,0.006583169905662878,1.0969167,0.0058867196,-3.307196
-1.6,1.0574423663675307e-09,2585.038533860248,471.3266920396063,42.543125490608695,301.3994726877767,0.0005045730040857177,2832837163574657009,train,-3.2970759890349277,-3.2959545,0.001121523168838845,1.4368768,0.005134288,-3.2962713
-2.4000000000000004,1.1774606839117e-09,2487.5677489208106,509.6158544320055,42.33569419095241,299.8381908200232,0.0005203002945887258,14988660033747214345,train,-3.283745928210783,-3.2777135,0.006032390994596515,1.5802362,0.0048921914,-3.2817597
-0.4,8.220747042076196e-10,2489.354974528123,536.8974000619587,36.589080383233394,294.68809277779184,0.0004550892663107704,13344013943894260190,train,-3.341903407598367,-3.3381867,0.0037166667231227635,0.31574184,0.01101675,-3.3405159
-1.4,1.0806933086411387e-09,2604.781653428076,466.5836923998952,39.33731057072893,297.69705044733973,0.0005023511147047093,3371631208540637995,train,-3.2989926297146597,-3.3046253,0.005632643036194818,0.84391636,0.0067201946,-3.3025088
-2.6,1.0574423663675307e-09,2585.038533860248,471.3266920396063,42.543125490608695,301.3994726877767,0.0005212790491251633,2832837163574657009,train,-3.2829297295755273,-3.281962,0.0009678116983300455,1.3204826,0.0053590485,-3.2815511
-3.0,9.634928280602635e-10,2455.009212271192,512.2369330710814,40.30940301281442,306.6726054586492,0.0005274008864094216,9415233787243991652,train,-3.2778591446176755,-3.2808044,0.002945251057983711,1.4678478,0.0050790114,-3.2777724
-1.0,1.075576112436465e-09,2439.1914792405805,507.5653121861305,41.43318212059344,299.0815860986159,0.0004910710459927011,8793357247245534573,train,-3.3088556715216146,-3.3025458,0.006309885617683975,1.1516275,0.00574355,-3.306331
-0.8,8.241763212999094e-10,2472.357675267654,473.84577322091,39.21856251436128,307.7679942040925,0.0004762397085287349,14456930291123660273,train,-3.3221743962559014,-3.3211207,0.0010536572727470883,0.9680511,0.0062705013,-3.3228145
-1.0,8.89459518994858e-10,2383.601346469497,502.4892009812192,38.55163090195673,309.2198732722366,0.0004875040212646889,3483175946691254694,train,-3.3120217975944457,-3.31335,0.0013281646400513658,0.98077786,0.0062292726,-3.3113925
-0.2,9.63679966987411e-10,2457.046368424285,519.0454313677445,40.52844947169319,303.263443359763,0.0004625244335292121,17951410366048416543,train,-3.3348653200781913,-3.3379176,0.0030522462212472234,0.7356598,0.007201734,-3.335475
-1.6,9.756514716409811e-10,2404.497548871577,500.9208966540563,41.62971960161597,300.52976098251094,0.0005162854019947126,7311808897764695838,train,-3.2871101544855525,-3.2904236,0.0033134771825382714,1.302967,0.005395442,-3.2899692
-1.0,9.85546704036472e-10,2573.0239327697072,479.3922741661716,39.9154735600532,295.8292447353602,0.00048318215173024124,12112510911978131146,train,-3.315889116498329,-3.311063,0.004826065274574187,0.7496459,0.0071337186,-3.3121548
-2.8000000000000003,1.0060692139373963e-09,2527.3807724384133,522.7157534573084,43.167246359099664,298.50956140834,0.0005390725111627964,1367897570274288222,train,-3.2683528135148787,-3.2724628,0.004110031333754094,2.4392154,0.0039199293,-3.2686915
-1.4,1.0941860864671191e-09,2539.112215454232,503.69324532533454,39.339075937042885,294.39428351617613,0.0005043742179325362,12823118457006761398,train,-3.297247121337269,-3.3012784,0.004031231400157598,0.965838,0.006277753,-3.3001301
0.0,1.0191682032973931e-09,2560.240612715575,475.6482256289376,41.11142736058992,291.8506686301862,0.000441526505938,14547390297170085011,train,-3.355043219522255,-3.353371,0.0016723145997694644,0.5351282,0.008452749,-3.356205
-0.2,1.1942019403763875e-09,2464.50260258804,490.2741317287723,40.32854625878799,294.3650499716886,0.0004645392880543702,11892504857466714026,train,-3.332977549993978,-3.3339767,0.0009991956114907552,0.8700774,0.0066174944,-3.3362875
-3.0,9.603042271636284e-10,2438.0715583385486,503.6957420101608,43.08491203323523,298.5763734449834,0.0005396446261419705,2124884718484563516,train,-3.2678921433481154,-3.2703223,0.0024301794973435875,2.2563393,0.0040796236,-3.26839
-1.0,1.0147448677929011e-09,2607.8117384734032,505.1107398178068,40.31257836583995,298.21936914217434,0.0004913797229803732,833253205382390921,train,-3.3085827688559926,-3.3111315,0.0025487084999644694,1.0403355,0.006046463,-3.3115664
-0.4,9.920951194363948e-10,2484.0228854962547,482.5603784265586,38.422268984819695,304.0303353891022,0.0004614042553193167,2314355766595058403,train,-3.3359184044981154,-3.3346515,0.0012669343137892142,0.7642204,0.0070648333,-3.3327296
0.0,9.89297888860932e-10,2413.8801533334354,510.75595836241,38.53132745549709,285.1813868750008,0.0004475996737192,6508029577517650568,train,-3.349110238725463,-3.3549817,0.005871422117432523,0.45761418,0.009144318,-3.3523612
-1.6,1.104689398918354e-09,2572.8324404304963,485.2307246352714,40.714467773434976,300.93677074401546,0.0005066980159577796,9216328605101287225,train,-3.2952507962427315,-3.2977176,0.0024667750158133828,1.1762435,0.0056824037,-3.2952845
0.0,8.622252758820395e-10,2596.9228583838576,499.2028055441836,37.99663516660689,298.18972265332246,0.0004358747172135,7681735671422946543,train,-3.360638321377152,-3.3623533,0.001715003512984925,0.37713698,0.010077023,-3.3648221
-2.8000000000000003,8.622252758820395e-10,2596.9228583838576,499.2028055441836,37.99663516660689,298.18972265332246,0.0005177023304259838,7681735671422946543,train,-3.285919880046409,-3.2885637,0.0026438482861106394,0.7614088,0.007077968,-3.2896352
-2.2,1.1942019403763875e-09,2464.50260258804,490.2741317287723,40.32854625878799,294.3650499716886,0.000522052302264369,11892504857466714026,train,-3.2822859846473005,-3.2840304,0.001744452822181941,1.1742983,0.005687166,-3.2843564
-0.6000000000000001,8.220747042076196e-10,2489.354974528123,536.8974000619587,36.589080383233394,294.68809277779184,0.0004636668145843427,13344013943894260190,train,-3.3337939861801966,-3.33022,0.0035740021256311927,0.3792376,0.010048966,-3.3323808
-2.6,9.136850961862703e-10,2400.1705034771794,499.3175315176618,39.85562670167986,300.93280864091923,0.0005176366290223024,689847661215077168,train,-3.285974999689788,-3.2818732,0.004101773524016306,0.9048253,0.0064880135,-3.2850094
-1.4,9.664729913030388e-10,2627.7330466636663,506.9906344590098,40.06029068650691,301.1540677406581,0.0004918771813782896,8813459275462154891,train,-3.3081433242822156,-3.3044798,0.0036634868646130414,1.0298777,0.006077415,-3.305224
-3.0,1.1774606839117e-09,2487.5677489208106,509.6158544320055,42.33569419095241,299.8381908200232,0.0005279586359569588,14988660033747214345,train,-3.2774001018588854,-3.272521,0.0048790828769518235,1.7817538,0.004602376,-3.275442
-2.6,1.120623623770265e-09,2459.871490367434,512.0011452017391,38.21649432972869,303.56534322943094,0.0005185505771998913,2671493380122846465,train,-3.2852088779874133,-3.2867339,0.001524987750501694,0.95988756,0.0062973765,-3.287706
-0.4,1.075576112436465e-09,2439.1914792405805,507.5653121861305,41.43318212059344,299.0815860986159,0.00046879529424364734,8793357247245534573,train,-3.3290167564060797,-3.3225477,0.006469082227002598,0.92163813,0.0064280014,-3.3262336
-0.2,9.634928280602635e-10,2455.009212271192,512.2369330710814,40.30940301281442,306.6726054586492,0.0004574891302793776,9415233787243991652,train,-3.3396192201019392,-3.3401663,0.0005471102355851798,0.8293112,0.0067796255,-3.3396642
-0.6000000000000001,1.25959298622376e-09,2354.3009197629594,499.1918367180637,40.77134716523017,305.22981462209646,0.00048431775515277994,128968913270984251,train,-3.31486960936863,-3.316211,0.0013413758150857547,1.2132502,0.005593991,-3.3163438
-0.6000000000000001,1.104689398918354e-09,2572.8324404304963,485.2307246352714,40.714467773434976,300.93677074401546,0.0004777763276575978,9216328605101287225,train,-3.3207753720042343,-3.3230107,0.0022353110554580446,1.0384401,0.0060520377,-3.3198936
-2.2,9.920951194363948e-10,2484.0228854962547,482.5603784265586,38.422268984819695,304.0303353891022,0.000508913718808566,2314355766595058403,train,-3.2933558416742534,-3.2925727,0.0007831049341411322,0.9850939,0.006215472,-3.290366
-2.0,9.304065850268983e-10,2472.4930947482308,495.539662311,41.9345213676303,296.5403011366731,0.0005178494854305506,1906069974405082520,train,-3.285796450960738,-3.2850466,0.0007498735071247431,1.1946075,0.0056380187,-3.2877872
-2.8000000000000003,1.0705485436227222e-09,2590.7468930890127,531.0534862964538,41.61731424149927,306.85396396460635,0.0005328348906050308,4155552024635161694,train,-3.2734073448341636,-3.280424,0.007016773207828564,1.340072,0.00531919,-3.2782252
-1.8,1.0040157435828723e-09,2421.1156291426087,502.3421578152334,38.33334239027114,293.10089722857373,0.0005143626504115989,12886194249589357920,train,-3.288730574510448,-3.2951608,0.006430195905811953,0.97112393,0.0062604723,-3.2935832
-0.6000000000000001,1.0574423663675307e-09,2585.038533860248,471.3266920396063,42.543125490608695,301.3994726877767,0.00047574647074867613,2832837163574657009,train,-3.322624424775173,-3.3213723,0.0012521541910666123,1.1951443,0.0056367368,-3.3216946
-0.2,9.304065850268983e-10,2472.4930947482308,495.539662311,41.9345213676303,296.5403011366731,0.0004623966774402318,1906069974405082520,train,-3.334985295207245,-3.3328176,0.0021677407333680065,0.5972945,0.00799821,-3.338088
-2.2,1.0040157435828723e-09,2421.1156291426087,502.3421578152334,38.33334239027114,293.10089722857373,0.00052090409143631,12886194249589357920,train,-3.283242231391964,-3.289462,0.006219858146610413,0.9447737,0.006348046,-3.288444
-0.4,1.0933784852654091e-09,2410.884334287086,539.0569290920441,39.62193192256099,289.3285700165644,0.0004746937210083415,16519722322841066187,train,-3.323586512856033,-3.321051,0.002535630516555365,0.6953275,0.0074092066,-3.321575
-0.2,1.0050965165320695e-09,2414.3235243349927,515.5034020410067,40.79653471954481,301.4383600393062,0.0004630743689209869,18237334030368139870,train,-3.3343492564585713,-3.3345416,0.00019230276078907593,0.73693436,0.0071954555,-3.3360374
-2.2,1.075576112436465e-09,2439.1914792405805,507.5653121861305,41.43318212059344,299.0815860986159,0.0005161805156995049,8793357247245534573,train,-3.2871983928256507,-3.2815964,0.005601970630216169,1.2680905,0.0054701297,-3.2844727
-2.6,9.596807973870107e-10,2396.380469719385,547.2442070596833,39.34847113068841,298.5552181462747,0.0005250271333693202,16164245777420927440,train,-3.279818251702479,-3.2809258,0.0011074990299428933,1.6032604,0.0048563513,-3.2806625
-0.2,9.89963136259949e-10,2542.7024133885266,503.0087467521194,39.0211226249472,305.0510216058231,0.0004479375924295399,380264510751012186,train,-3.3487824885720188,-3.344908,0.0038744895333224783,0.74849933,0.0071392227,-3.3431485
-0.2,9.244750759855351e-10,2606.766252024905,514.7015322051607,39.36697999872778,300.425811364213,0.0004543141919043611,13867644369009061341,train,-3.342643696446472,-3.3451867,0.0025430139111941585,0.49217895,0.008815804,-3.351126
-0.4,1.0663734802785015e-09,2646.766281337793,486.2018595083384,41.79339850063371,299.641349014439,0.0004738192789703808,5637171177688138856,train,-3.324387272485956,-3.330979,0.006591836324469025,0.941091,0.006360576,-3.3263252
-1.6,1.0803651442869379e-09,2531.060987167743,511.9316238370674,40.66002705988115,288.1838349540611,0.000517074929819138,17485459239320075305,train,-3.2864465183198868,-3.293068,0.006621413809019483,1.3754332,0.0052494,-3.29064
-2.8000000000000003,1.1459805246638944e-09,2630.825732937456,497.4739907663986,41.26661222078493,300.2753689300697,0.000517094073480694,12849312948239067464,train,-3.2864304397359194,-3.2811177,0.005312762047320785,1.0271955,0.0060854293,-3.2823768
-0.4,1.0044736023004086e-09,2276.4853940628345,486.8441992232576,38.23677890677304,298.10055132439214,0.00047269261240305945,15363031408316951214,train,-3.3254211851260203,-3.326086,0.000664859185503186,0.49490774,0.008791341,-3.325707
-1.6,9.344027379399094e-10,2510.734791451186,511.4018674256231,36.36815079533651,301.4558439858307,0.0004857253104203228,13370015301709921327,train,-3.313609265500645,-3.3068368,0.006772422010044465,0.5205227,0.008571166,-3.3115249
-0.4,8.4981307882089e-10,2622.111610500832,493.1418777793542,40.32755095458103,299.70047987606006,0.0004668089568383954,5127878088967066821,train,-3.3308608195757428,-3.3346481,0.0037873127484759905,0.6687159,0.007556236,-3.3335648
-1.8,1.1396379394271226e-09,2408.4924726992253,490.0725825278824,43.06550150160359,292.35304316269765,0.0005250101933138941,10954724855113224492,train,-3.27983226448547,-3.280659,0.0008266958569373983,1.6342499,0.004809306,-3.2791235
-1.4,1.0728366895058958e-09,2396.471193900285,522.5703607996403,39.66536493364173,302.3426017448898,0.0005067779376237493,10539271283961051071,train,-3.2951823002148495,-3.2980752,0.0028928989123477855,1.0311565,0.006073605,-3.2974179
-0.8,1.0941860864671191e-09,2539.112215454232,503.69324532533454,39.339075937042885,294.39428351617613,0.00048785729814187167,12823118457006761398,train,-3.311707193760972,-3.3147125,0.00300533065309061,0.88880104,0.0065467837,-3.3147721
-0.8,1.1201765668553064e-09,2329.913862262383,487.444276821995,41.61971486534147,298.1037724082114,0.0004997975991225025,10813817281839957845,train,-3.3012058344247612,-3.303746,0.002540150606366698,1.0305985,0.0060752663,-3.3035722
-1.4,1.1396379394271226e-09,2408.4924726992253,490.0725825278824,43.06550150160359,292.35304316269765,0.0005167829776345754,10954724855113224492,train,-3.2866918000461114,-3.2866967,4.8723934638061905e-06,1.6763152,0.0047475346,-3.2857747
-1.0,8.599648780937921e-10,2637.8899539670565,501.9551856304757,39.90381821426863,300.9815905741297,0.00047999076617564286,14435728251762431223,train,-3.3187671172859505,-3.3151824,0.00358466985247885,0.8203353,0.006816933,-3.3187702
0.0,8.89459518994858e-10,2383.601346469497,502.4892009812192,38.55163090195673,309.2198732722366,0.0004391055663899,3483175946691254694,train,-3.3574310574592765,-3.3544602,0.0029708180488761116,0.6522372,0.007651748,-3.3540056
-2.8000000000000003,9.304065850268983e-10,2472.4930947482308,495.539662311,41.9345213676303,296.5403011366731,0.0005292844593796666,1906069974405082520,train,-3.276310857387419,-3.2752292,0.0010816417654706534,1.3033329,0.005394674,-3.2777257
-2.4000000000000004,1.0352580576007263e-09,2678.9547588546675,473.131828680381,34.826156523967086,290.8089263982084,0.0004984560254872238,603198139025932464,train,-3.302373149750801,-3.3014493,0.0009238508921582955,0.4741361,0.008982815,-3.298226
-2.4000000000000004,9.118663996020179e-10,2651.95019435956,481.7408591707263,38.899871401178025,300.40158819211445,0.0005087052151377097,17319768135093042826,train,-3.29353381005113,-3.2924604,0.0010733684617747485,0.8572039,0.006667446,-3.2928693
-3.0,1.0375673846448864e-09,2379.4103992541063,496.85223216497695,39.047727684139495,305.18782525816323,0.0005234979486923941,3141391476646313355,train,-3.281085015748882,-3.281594,0.0005090222607617712,0.9035871,0.0064924993,-3.2791839
-1.4,8.622252758820395e-10,2596.9228583838576,499.2028055441836,37.99663516660689,298.18972265332246,0.0004944584527080256,7681735671422946543,train,-3.3058701944969178,-3.3085067,0.002636532721710161,0.6947508,0.0074123037,-3.31037
-1.0,1.25959298622376e-09,2354.3009197629594,499.1918367180637,40.77134716523017,305.22981462209646,0.0004978472107999223,128968913270984251,train,-3.3029039216733986,-3.3034084,0.0005044626497214821,1.296653,0.00540874,-3.303598
-1.8,1.0789603531824067e-09,2367.1936347140645,478.9001778930339,37.12870103512795,297.3410066095633,0.0005122148542740105,4747465828158748725,train,-3.2905478311083294,-3.2971945,0.006646649787666714,0.70601934,0.0073524835,-3.2954059
-1.4,1.0942344693420075e-09,2360.838758300681,491.3731844386217,39.51420947268076,305.7035776891924,0.0005076089547089653,3134241803077969267,train,-3.2944707251384284,-3.2991412,0.0046704434559319274,0.86459166,0.0066386443,-3.2965941
-1.8,9.85546704036472e-10,2573.0239327697072,479.3922741661716,39.9154735600532,295.8292447353602,0.000501397601066288,12112510911978131146,train,-3.299817748252086,-3.296136,0.003681845847300913,0.8246337,0.0067989915,-3.2967155
-2.8000000000000003,9.123213222215395e-10,2625.69228411366,506.617977618184,38.92442853409919,306.1252360546967,0.0005109896291629911,2928394120619732261,train,-3.291587914039438,-3.2879133,0.00367459159070771,0.9641275,0.0062833754,-3.2901614
-1.6,1.1762312017058683e-09,2610.23254556298,515.3751788116352,39.24041391228537,297.93305834844136,0.0005007850246813499,7155552337602576564,train,-3.300348666609719,-3.2998476,0.0005010637654807581,1.072922,0.005952924,-3.3004968
-3.0,9.980121445569454e-10,2387.75545073954,508.7275610680178,38.8972081784186,297.8606493603604,0.000521588826208088,11032972375804727196,train,-3.2826717208960514,-3.2790217,0.003649980936334618,1.0358732,0.0060596126,-3.2802105
-1.2000000000000002,1.006299553709699e-09,2596.53014928976,491.578961058072,40.01001805266426,305.28831051478386,0.00048781164665252476,6325844468188908084,train,-3.3117478349846867,-3.3090918,0.0026560285729435584,0.92495805,0.0064163445,-3.3078895
-1.8,9.926993823896762e-10,2332.1716999604114,489.929360905385,39.90607827400121,296.137708789732,0.0005059956497599781,8562678507013604755,train,-3.2958532169415404,-3.2887301,0.007123072440808009,0.7121998,0.007320277,-3.2896118
-0.8,1.032683367538443e-09,2526.170348943833,478.8149532207128,42.09307571557734,293.4443281911712,0.0004915821645344692,12981595077382156139,train,-3.308403882467392,-3.3086386,0.00023469022547928375,1.2700408,0.0054658726,-3.308463
-2.2,1.0147448677929011e-09,2607.8117384734032,505.1107398178068,40.31257836583995,298.21936914217434,0.0005170864407456913,833253205382390921,train,-3.2864368503279735,-3.2896152,0.0031783039383839196,1.0668572,0.0059700087,-3.2896273
-2.4000000000000004,1.0060692139373963e-09,2527.3807724384133,522.7157534573084,43.167246359099664,298.50956140834,0.0005336925309617327,1367897570274288222,train,-3.272708875114349,-3.2765489,0.003839987342926232,2.3359487,0.0040078214,-3.272556
-1.0,1.0071535471770136e-09,2369.635821802133,538.5091665951578,40.65637295368661,296.23853018587084,0.0005032757949741844,6305389621858259219,train,-3.2981939564733787,-3.3003156,0.0021216620416359966,1.3079795,0.0053849528,-3.2984354
-0.2,9.344027379399094e-10,2510.734791451186,511.4018674256231,36.36815079533651,301.4558439858307,0.00043950096057536524,13370015301709921327,train,-3.357040171393111,-3.34881,0.008230213888838378,0.34377873,0.0105564315,-3.3554761
-3.0,9.926993823896762e-10,2332.1716999604114,489.929360905385,39.90607827400121,296.137708789732,0.0005225674701799435,8562678507013604755,train,-3.2818576285946435,-3.2745953,0.007262367974526285,0.78708637,0.006960629,-3.2765677
-0.6000000000000001,9.603042271636284e-10,2438.0715583385486,503.6957420101608,43.08491203323523,298.5763734449834,0.0004891914347519518,2124884718484563516,train,-3.3105211556270207,-3.3109517,0.00043055412029380236,1.4817939,0.0050546858,-3.3097317
-0.6000000000000001,1.013177684158949e-09,2549.0982526102403,506.5025106580401,39.7132385315927,304.62183232922587,0.00047683357395844454,14934561482547682078,train,-3.3216331734197686,-3.3261518,0.0045186744195868656,0.84190935,0.00672827,-3.326854
-0.2,9.525981103063824e-10,2521.0178569100235,513.1122387074643,39.33447860201831,299.4635962010897,0.0004584493453787003,2217437892012799629,train,-3.338708643064446,-3.3419015,0.0031928976917794394,0.50214267,0.008727452,-3.342864
-2.0,9.612679185080118e-10,2493.7557151613,504.62150372842615,37.39117268896573,297.8667082132286,0.0004998605457899838,433422742429117681,train,-3.3011511409467627,-3.297617,0.0035341823285985896,0.74286294,0.0071664653,-3.2972383
-0.2,1.0352580576007263e-09,2678.9547588546675,473.131828680381,34.826156523967086,290.8089263982084,0.00043898968623471037,603198139025932464,train,-3.3575456830926633,-3.3522964,0.005249330706188715,0.389066,0.009920724,-3.3545783
-2.0,1.1396379394271226e-09,2408.4924726992253,490.0725825278824,43.06550150160359,292.35304316269765,0.0005285281668704902,10954724855113224492,train,-3.2769318628684543,-3.2778633,0.0009314012154080231,1.629352,0.0048166527,-3.276521
-1.8,1.0663734802785015e-09,2646.766281337793,486.2018595083384,41.79339850063371,299.641349014439,0.0005162252650077991,5637171177688138856,train,-3.2871607441064428,-3.2945395,0.007378707492678327,1.1524975,0.0057413555,-3.290676
-2.4000000000000004,1.1201765668553064e-09,2329.913862262383,487.444276821995,41.61971486534147,298.1037724082114,0.0005341186932591747,10813817281839957845,train,-3.2723622221858113,-3.2755497,0.0031874280064494442,1.2826936,0.005438488,-3.2753327
-2.4000000000000004,9.50582857470194e-10,2403.738957653681,492.6388454667692,37.10727035463277,300.4554170460457,0.0005189395953020904,9184494546452176042,train,-3.2848831911953043,-3.2916572,0.006774018201058052,0.6294059,0.0077902144,-3.2899766
-2.6,1.0203477325736783e-09,2420.870896846657,485.827773341465,41.83782044136868,301.83723728961854,0.0005359275618290172,4106527973129540887,train,-3.2708939073668173,-3.2778683,0.006974363507206149,1.2316997,0.005551403,-3.2767465
-2.2,1.0671658198705112e-09,2444.626831258547,492.08006432381046,41.193035529790656,301.7038514591378,0.0005127118967077849,10743645008157788724,train,-3.290126605292971,-3.2841249,0.006001754066164544,1.0517164,0.006013302,-3.2850416
-3.0,1.0044736023004086e-09,2276.4853940628345,486.8441992232576,38.23677890677304,298.10055132439214,0.0005282623922543042,15363031408316951214,train,-3.277150306250024,-3.2788866,0.0017362503753424186,0.7825437,0.0069809677,-3.2781591
-2.8000000000000003,1.0050965165320695e-09,2414.3235243349927,515.5034020410067,40.79653471954481,301.4383600393062,0.0005303012228522851,18237334030368139870,train,-3.2754773714154988,-3.2768178,0.0013404271990031802,1.5552996,0.004931898,-3.2760978
-1.8,9.123213222215395e-10,2625.69228411366,506.617977618184,38.92442853409919,306.1252360546967,0.0004958376707769264,2928394120619732261,train,-3.304660481220765,-3.3003533,0.004307192570252472,1.0307292,0.0060748775,-3.3034847
-0.2,1.0671658198705112e-09,2444.626831258547,492.08006432381046,41.193035529790656,301.7038514591378,0.00045460584398358415,10743645008157788724,train,-3.3423649856952764,-3.335163,0.007201869240198278,0.7464937,0.0071488814,-3.3358982
-1.2000000000000002,1.0732744646319759e-09,2458.1779927472685,500.451348042105,41.29986197643443,296.3385514465405,0.0004973369556114204,15854623793106210877,train,-3.303349268453677,-3.2981646,0.005184662359316583,1.1073812,0.00585852,-3.300629
-2.0,1.0942344693420075e-09,2360.838758300681,491.3731844386217,39.51420947268076,305.7035776891924,0.000519189733093378,3134241803077969267,train,-3.284673904237307,-3.2897704,0.005096460524045554,0.8466331,0.006709309,-3.2876258
-1.8,1.006299553709699e-09,2596.53014928976,491.578961058072,40.01001805266426,305.28831051478386,0.0005010823033917012,6325844468188908084,train,-3.3000909348648775,-3.2976668,0.0024241467636811898,0.8480818,0.006703526,-3.2973247
-2.2,8.241763212999094e-10,2472.357675267654,473.84577322091,39.21856251436128,307.7679942040925,0.0005078714997668915,14456930291123660273,train,-3.2942461577980207,-3.2928636,0.0013825503914044468,0.95919156,0.0062996834,-3.2948658
-2.4000000000000004,9.244750759855351e-10,2606.766252024905,514.7015322051607,39.36697999872778,300.425811364213,0.000517187243724049,13867644369009061341,train,-3.2863521954091524,-3.2897954,0.0034432033030058484,0.81857216,0.006824333,-3.2936196
-2.8000000000000003,1.0352580576007263e-09,2678.9547588546675,473.131828680381,34.826156523967086,290.8089263982084,0.0005036122034754973,603198139025932464,train,-3.2979037546605716,-3.2964482,0.001455523917163415,0.51471287,0.008619662,-3.2929857
-0.4,9.60969170700449e-10,2766.6918918406623,529.8468751484584,39.61181207182135,297.3307652107198,0.00046188472905574955,6563696386679920944,train,-3.3354663962649407,-3.3378484,0.002382028646558343,0.5512414,0.008327598,-3.3341172
-2.4000000000000004,1.0308127820747194e-09,2437.7200106987866,482.5972990901911,40.648465379108416,299.4728047413536,0.0005307935217791979,18026431441542812131,train,-3.2750743862460263,-3.2825356,0.0074611667324893105,1.3579123,0.0052836407,-3.2781525
-2.6,9.603042271636284e-10,2438.0715583385486,503.6957420101608,43.08491203323523,298.5763734449834,0.0005347585603761436,2124884718484563516,train,-3.271842254546307,-3.2731962,0.0013539658516421582,2.2145045,0.004118886,-3.2715633
-1.6,1.006299553709699e-09,2596.53014928976,491.578961058072,40.01001805266426,305.28831051478386,0.0004971316784816093,6325844468188908084,train,-3.303528561641914,-3.300998,0.002530589153510565,0.8773599,0.0065897238,-3.3005512
-2.0,1.032683367538443e-09,2526.170348943833,478.8149532207128,42.09307571557734,293.4443281911712,0.000520295316503331,12981595077382156139,train,-3.283750083436875,-3.2861085,0.002358410368056507,1.4558749,0.0051001725,-3.2834854
-0.6000000000000001,1.0728366895058958e-09,2396.471193900285,522.5703607996403,39.66536493364173,302.3426017448898,0.0004830543260160853,10539271283961051071,train,-3.3160040241920576,-3.3194683,0.003464235619343725,0.77991605,0.006992813,-3.3181107
-0.4,9.926993823896762e-10,2332.1716999604114,489.929360905385,39.90607827400121,296.137708789732,0.00046694916256572773,8562678507013604755,train,-3.3307303991319386,-3.3225799,0.00815053844468272,0.4616779,0.009103794,-3.3233929
-2.6,8.241763212999094e-10,2472.357675267654,473.84577322091,39.21856251436128,307.7679942040925,0.0005135412275422632,14456930291123660273,train,-3.289424685123416,-3.2884266,0.0009980474738799927,0.9523381,0.0063225357,-3.290076
-2.8000000000000003,1.1064539714677527e-09,2488.434465234489,500.4335716276796,41.129719458135625,288.0815978442095,0.0005248275497331078,4253972365711734043,train,-3.2799833756464394,-3.274862,0.005121324636307545,1.2762567,0.0054523684,-3.2768664
-1.4,1.1201765668553064e-09,2329.913862262383,487.444276821995,41.61971486534147,298.1037724082114,0.0005163388695787235,10813817281839957845,train,-3.287065180379565,-3.2900298,0.002964583795849851,1.2094011,0.0056029977,-3.2892678
-0.4,1.013177684158949e-09,2549.0982526102403,506.5025106580401,39.7132385315927,304.62183232922587,0.00046790753986847636,14934561482547682078,train,-3.3298399565242325,-3.3341715,0.004331577060362246,0.7825543,0.0069809197,-3.3350134
-2.2,1.0044736023004086e-09,2276.4853940628345,486.8441992232576,38.23677890677304,298.10055132439214,0.0005183281602104759,15363031408316951214,train,-3.285395195768232,-3.2871342,0.0017389747639944275,0.7240135,0.007259864,-3.2863107
-0.6000000000000001,1.0050965165320695e-09,2414.3235243349927,515.5034020410067,40.79653471954481,301.4383600393062,0.00048299282724847774,18237334030368139870,train,-3.316059318750634,-3.3173144,0.0012550676171638742,1.0841638,0.005921634,-3.3172154
-1.6,9.89297888860932e-10,2413.8801533334354,510.75595836241,38.53132745549709,285.1813868750008,0.0005074501076081408,6508029577517650568,train,-3.2946066510613203,-3.296838,0.002231394058918923,0.9889544,0.0062032035,-3.2953937
-0.6000000000000001,9.143704143090119e-10,2444.5179463100326,473.4138143725302,40.94136333558407,299.94201571725745,0.00047456502362060643,11714911050137312102,train,-3.3237042733001423,-3.3195739,0.004130394058198927,0.9994701,0.006170147,-3.3217204
-0.8,9.612679185080118e-10,2493.7557151613,504.62150372842615,37.39117268896573,297.8667082132286,0.000472745120368289,433422742429117681,train,-3.32537294520754,-3.3204448,0.0049281228961386425,0.5937517,0.008022184,-3.3223062
-2.6,9.798133860644783e-10,2446.0111249981446,493.4775434169566,39.325337668236735,299.6111127589073,0.0005257011749157502,7157631882990673600,train,-3.2792610523541126,-3.2836752,0.0044141414325085115,0.92850524,0.0064039584,-3.281368
-0.8,1.0728366895058958e-09,2396.471193900285,522.5703607996403,39.66536493364173,302.3426017448898,0.0004903383964778684,10539271283961051071,train,-3.3095040975236483,-3.3126333,0.003129178462069504,0.85104495,0.006691742,-3.311715
-2.6,1.0071535471770136e-09,2369.635821802133,538.5091665951578,40.65637295368661,296.23853018587084,0.0005341529276253266,6305389621858259219,train,-3.272334386949855,-3.2748744,0.0025400618263899943,2.0065122,0.004331841,-3.2734601
-1.6,1.243555870393131e-09,2440.816535503744,483.6779599156501,38.81204244575611,302.5323056028984,0.0005012478739934424,4261926717090881150,train,-3.2999474563964486,-3.2972865,0.0026609459289193005,1.0880499,0.0059109298,-3.2986112
-2.6,1.006299553709699e-09,2596.53014928976,491.578961058072,40.01001805266426,305.28831051478386,0.000513742644369053,6325844468188908084,train,-3.289254383184585,-3.2870119,0.0022425213834376123,0.76711076,0.007051405,-3.2868419
-0.2,1.0375673846448864e-09,2379.4103992541063,496.85223216497695,39.047727684139495,305.18782525816323,0.000455932305424818,3141391476646313355,train,-3.3410996344471564,-3.3394816,0.0016180422688116813,0.6897509,0.007439313,-3.337929
-2.8000000000000003,9.220148370062531e-10,2472.3739758500788,504.5088858703008,41.28793476116813,303.0641722996054,0.0005203553157331736,7538273554073210114,train,-3.2837000045080575,-3.27892,0.004780069281617116,1.3286077,0.00534241,-3.2831495
-2.6,1.0025105539620802e-09,2526.9743060678943,509.1946075584183,40.75166342427999,301.0515477079729,0.0005226957864719187,15180030701036252205,train,-3.281751000800223,-3.2819543,0.00020328768244315398,1.3851001,0.0052307853,-3.2811985
-1.4,9.63679966987411e-10,2457.046368424285,519.0454313677445,40.52844947169319,303.263443359763,0.0005069245149605706,17951410366048416543,train,-3.2950567057096083,-3.2987776,0.0037208745516221775,1.5174246,0.004994058,-3.2943428
0.0,9.244750759855351e-10,2606.766252024905,514.7015322051607,39.36697999872778,300.425811364213,0.0004394353828734,13867644369009061341,train,-3.3571049770741244,-3.3590915,0.0019865432353238788,0.40126425,0.009768152,-3.3647902
-0.8,9.634928280602635e-10,2455.009212271192,512.2369330710814,40.30940301281442,306.6726054586492,0.0004849633524723603,9415233787243991652,train,-3.314291078759333,-3.3162804,0.0019892862309012216,1.254935,0.0054991036,-3.3138776
-1.2000000000000002,9.42387899986183e-10,2596.3418775504824,506.9916211367261,42.54178389838287,305.55199671356803,0.0004930376606436523,3392607520233113049,train,-3.3071199059052474,-3.3045077,0.0026121735138899815,1.4181544,0.0051685744,-3.3049614
-1.6,1.0071535471770136e-09,2369.635821802133,538.5091665951578,40.65637295368661,296.23853018587084,0.0005179553815376929,6305389621858259219,train,-3.2857076502674536,-3.2887719,0.003064217484621601,1.6241634,0.004824471,-3.2859712
0.0,1.0040157435828723e-09,2421.1156291426087,502.3421578152334,38.33334239027114,293.10089722857373,0.0004492201885135,12886194249589357920,train,-3.3475407342382937,-3.354983,0.007442357116076437,0.47160825,0.009006974,-3.3539898
-1.0,9.244750759855351e-10,2606.766252024905,514.7015322051607,39.36697999872778,300.425811364213,0.0004884286734393481,13867644369009061341,train,-3.3111988485130732,-3.314373,0.003174167844348652,0.72659725,0.0072468473,-3.3191257
-2.8000000000000003,1.0803651442869379e-09,2531.060987167743,511.9316238370674,40.66002705988115,288.1838349540611,0.0005359199762200432,17485459239320075305,train,-3.270900054487564,-3.2769945,0.006094412294052276,1.4700347,0.0050751744,-3.2749271
-0.2,1.032683367538443e-09,2526.170348943833,478.8149532207128,42.09307571557734,293.4443281911712,0.00046407973819828305,12981595077382156139,train,-3.333407392539324,-3.3332605,0.00014685634547628723,0.81718063,0.0068301903,-3.3342636
-0.8,9.123213222215395e-10,2625.69228411366,506.617977618184,38.92442853409919,306.1252360546967,0.00047052832179574923,2928394120619732261,train,-3.32741423062264,-3.3235424,0.0038718741315513228,0.92645854,0.006411096,-3.3267314
-0.2,8.979123523428992e-10,2531.360993910196,491.918494232159,35.793021097389925,308.86985058095934,0.0004556604739056481,579736006479800074,train,-3.3413586424932022,-3.3495352,0.008176584328697167,0.60770833,0.007928956,-3.3458183
0.0,1.104689398918354e-09,2572.8324404304963,485.2307246352714,40.714467773434976,300.93677074401546,0.0004429722632006,9216328605101287225,train,-3.3536234663639433,-3.3542457,0.0006221963252657225,0.7181712,0.0072895545,-3.352056
-0.4,1.1774606839117e-09,2487.5677489208106,509.6158544320055,42.33569419095241,299.8381908200232,0.00046969404168674666,14988660033747214345,train,-3.32818494903323,-3.321448,0.006736861340969291,1.1829417,0.0056660953,-3.327876
-0.2,1.0849323731926979e-09,2551.147301026894,487.27717818808753,44.82712146868644,302.5978918999191,0.000462831330355371,17938021924088880075,train,-3.334577250109422,-3.3305974,0.003979849444138761,0.8547893,0.0066769402,-3.3343625
-1.6,9.136850961862703e-10,2400.1705034771794,499.3175315176618,39.85562670167986,300.93280864091923,0.0005014541341945768,689847661215077168,train,-3.2997687838342697,-3.2956126,0.004156210210612521,0.83804,0.00674392,-3.2982142
-2.6,8.979123523428992e-10,2531.360993910196,491.918494232159,35.793021097389925,308.86985058095934,0.0005213593905363203,579736006479800074,train,-3.2828627996978716,-3.2937872,0.010924441284184017,0.64124423,0.0077174967,-3.2903125
-1.4,1.0803651442869379e-09,2531.060987167743,511.9316238370674,40.66002705988115,288.1838349540611,0.0005127056833133729,17485459239320075305,train,-3.2901318684032588,-3.296133,0.006001172978577163,1.323547,0.005352755,-3.2943382
-2.8000000000000003,9.808684991835892e-10,2440.440905080504,475.02919518003887,43.13862383173334,296.64614602139693,0.0005397485755313326,10893922623691634355,train,-3.267808495153432,-3.272753,0.004944505105967334,2.237902,0.004096793,-3.2695153
-0.8,9.756514716409811e-10,2404.497548871577,500.9208966540563,41.62971960161597,300.52976098251094,0.0004950264701227834,7311808897764695838,train,-3.305371577791883,-3.308342,0.0029704021885859078,1.127935,0.0058042747,-3.3085153
-2.6,1.0663734802785015e-09,2646.766281337793,486.2018595083384,41.79339850063371,299.641349014439,0.0005289221599127995,5637171177688138856,train,-3.276608237242234,-3.2834742,0.006865969682204653,1.1474302,0.0057541714,-3.280246
-2.4000000000000004,1.006938037138553e-09,2476.033687734913,499.8883185243343,35.52248114367448,306.4489109295662,0.000512526607545957,11533471517763731933,train,-3.290283583520146,-3.2963297,0.0060461531894486775,0.6356531,0.0077515882,-3.294636
-1.2000000000000002,1.1762312017058683e-09,2610.23254556298,515.3751788116352,39.24041391228537,297.93305834844136,0.0004917627005864353,7155552337602576564,train,-3.308244414889301,-3.3072336,0.0010108428830752914,1.0094169,0.006139354,-3.3090625
-0.8,1.0191682032973931e-09,2560.240612715575,475.6482256289376,41.11142736058992,291.8506686301862,0.00048265596626081736,14547390297170085011,train,-3.3163623209912565,-3.311734,0.004628359885909816,1.0732723,0.0059519415,-3.315557
-3.0,1.0663734802785015e-09,2646.766281337793,486.2018595083384,41.79339850063371,299.641349014439,0.0005339175272610267,5637171177688138856,train,-3.2725258220381326,-3.280233,0.007707084303420153,1.187017,0.0056562405,-3.276613
-3.0,1.0803651442869379e-09,2531.060987167743,511.9316238370674,40.66002705988115,288.1838349540611,0.000538257947082617,17485459239320075305,train,-3.269009549337919,-3.2754102,0.006400625985567121,1.4930588,0.005035285,-3.2734714
-2.2,9.85546704036472e-10,2573.0239327697072,479.3922741661716,39.9154735600532,295.8292447353602,0.000508062135669761,12112510911978131146,train,-3.294083170534379,-3.2902098,0.003873400331742438,0.7903175,0.006946269,-3.2911603
-1.6,1.0455070732925304e-09,2552.705145034877,518.1497095238773,37.60227540602951,298.4772867617408,0.0004924014350920584,13753303497944442308,train,-3.3076806899981266,-3.3036697,0.004010998912311159,0.782979,0.006979011,-3.3024962
-2.4000000000000004,7.516487326049726e-10,2475.0294016619155,481.8667099014746,36.16652897024234,304.10393187120707,0.00050625292200323,4556256472297801959,train,-3.2956324570983284,-3.2965877,0.0009552485138542011,0.62315667,0.007829432,-3.2968202
-1.0,9.63679966987411e-10,2457.046368424285,519.0454313677445,40.52844947169319,303.263443359763,0.0004964633937596923,17951410366048416543,train,-3.3041127682647975,-3.307885,0.0037721632995335597,1.3760318,0.005248242,-3.3038113
-1.2000000000000002,1.032683367538443e-09,2526.170348943833,478.8149532207128,42.09307571557734,293.4443281911712,0.0005034995959917769,12981595077382156139,train,-3.2980008735882427,-3.2990654,0.0010644778979633784,1.4252768,0.005155452,-3.2977126
-1.2000000000000002,9.85546704036472e-10,2573.0239327697072,479.3922741661716,39.9154735600532,295.8292447353602,0.0004885535696604464,12112510911978131146,train,-3.3110878091562945,-3.3065283,0.004559479307051362,0.78096384,0.0069880825,-3.307435
-2.4000000000000004,9.344027379399094e-10,2510.734791451186,511.4018674256231,36.36815079533651,301.4558439858307,0.0004988924161591365,13370015301709921327,train,-3.301993097875355,-3.2959538,0.006039347265003325,0.53717184,0.008436565,-3.2998412
-1.8,1.018423641836786e-09,2420.2103352289205,495.3862399264609,39.18777263938059,307.5354074756815,0.0005016023927170911,9985116505034206452,train,-3.299640400523929,-3.2955384,0.0041019750783721776,0.8445043,0.006717834,-3.292982
-1.2000000000000002,9.979877857013674e-10,2496.537246315292,510.00187244466247,38.795972505421744,297.7961123434831,0.0004897206542486941,1378160361063041439,train,-3.3100515789773404,-3.3066711,0.0033804363992153696,0.87034667,0.0066164616,-3.3092408
-1.8,9.74908016407874e-10,2433.9347159425315,536.1873069142775,40.58953669016749,293.2225739384997,0.0005245413938417274,18393380424088899902,train,-3.2802202340524977,-3.2876105,0.0073902968007737435,2.0074513,0.0043308064,-3.2805207
-0.8,9.595802013951228e-10,2610.2949574222403,489.9218602044182,42.219532217947325,302.0841812978663,0.00048658113007458216,11643629726484600332,train,-3.3128447372946095,-3.3160722,0.0032274882760692236,1.2058942,0.005611242,-3.3114443
-2.8000000000000003,1.2225799825820127e-09,2598.953191343567,516.8045118894966,39.85430360518959,306.74502895459364,0.0005159026509786985,17234994038809733169,train,-3.287432240487881,-3.2836971,0.003735112191982637,1.0741122,0.0059495885,-3.2864587
-2.0,1.0352580576007263e-09,2678.9547588546675,473.131828680381,34.826156523967086,290.8089263982084,0.0004924810093244274,603198139025932464,train,-3.3076105117747443,-3.3069026,0.0007078647563116824,0.46476716,0.009073342,-3.303745
-2.6,1.0455070732925304e-09,2552.705145034877,518.1497095238773,37.60227540602951,298.4772867617408,0.0005082226815451274,13753303497944442308,train,-3.293945956660546,-3.2897227,0.004223275615013566,0.7570758,0.007098354,-3.2886548
-2.6,1.0050965165320695e-09,2414.3235243349927,515.5034020410067,40.79653471954481,301.4383600393062,0.0005277953818459792,18237334030368139870,train,-3.277534414130335,-3.278658,0.0011234990776727294,1.5024022,0.005019358,-3.2782679
-0.6000000000000001,9.595802013951228e-10,2610.2949574222403,489.9218602044182,42.219532217947325,302.0841812978663,0.00047899776265413624,11643629726484600332,train,-3.3196665151224556,-3.3230474,0.003380884398418438,1.1249323,0.005812107,-3.3182626
-1.2000000000000002,9.74908016407874e-10,2433.9347159425315,536.1873069142775,40.58953669016749,293.2225739384997,0.0005114321551197322,18393380424088899902,train,-3.2912119701852145,-3.2975872,0.00637518611056187,1.7231846,0.0046813744,-3.2914038
-0.4,9.85546704036472e-10,2573.0239327697072,479.3922741661716,39.9154735600532,295.8292447353602,0.0004611441108275485,12112510911978131146,train,-3.336163333272395,-3.3311157,0.005047610616145004,0.5960778,0.008006419,-3.3329804
-1.2000000000000002,1.1942019403763875e-09,2464.50260258804,490.2741317287723,40.32854625878799,294.3650499716886,0.0005026578264812826,11892504857466714026,train,-3.2987275510058502,-3.2996974,0.0009698481335540521,1.1821944,0.005667908,-3.300653
-0.2,9.595802013951228e-10,2610.2949574222403,489.9218602044182,42.219532217947325,302.0841812978663,0.00045872502285225925,11643629726484600332,train,-3.3384475690237747,-3.340272,0.0018243807442916982,0.81454104,0.006841342,-3.3371727
-0.8,8.979123523428992e-10,2531.360993910196,491.918494232159,35.793021097389925,308.86985058095934,0.0004832615626443591,579736006479800074,train,-3.315817746130104,-3.3247151,0.008897391351585515,0.7441378,0.007160276,-3.3216105
-1.4,1.0574423663675307e-09,2585.038533860248,471.3266920396063,42.543125490608695,301.3994726877767,0.0005001468777436956,2832837163574657009,train,-3.3009024380112417,-3.2995768,0.0013256786728628178,1.3917254,0.0052181394,-3.3000953
-1.0,9.118663996020179e-10,2651.95019435956,481.7408591707263,38.899871401178025,300.40158819211445,0.00047988818628347474,17319768135093042826,train,-3.318859941242926,-3.3170323,0.001827604054205345,0.8657606,0.0066341204,-3.3180184
-2.4000000000000004,1.0375673846448864e-09,2379.4103992541063,496.85223216497695,39.047727684139495,305.18782525816323,0.0005161455634948047,3141391476646313355,train,-3.287227801265374,-3.2864516,0.0007762231251153828,0.87426007,0.006601502,-3.2851715
-2.0,9.725086180844783e-10,2468.017331565751,490.28733545372194,44.50977871149023,303.263152322465,0.0005233839341657891,3744802582600429992,train,-3.281179612628946,-3.2812822,0.00010257387923262584,1.8379238,0.004530167,-3.2808206
-1.0,1.0060692139373963e-09,2527.3807724384133,522.7157534573084,43.167246359099664,298.50956140834,0.0005045167618774131,1367897570274288222,train,-3.2971244003488978,-3.300348,0.003223643092874706,1.6822091,0.004739064,-3.2961953
-1.6,1.0147448677929011e-09,2607.8117384734032,505.1107398178068,40.31257836583995,298.21936914217434,0.0005063313733699982,833253205382390921,train,-3.2955651619686113,-3.2988505,0.0032853743778242794,1.103793,0.0058681443,-3.2986312
-1.6,7.777840542828623e-10,2445.911024694583,482.1130919467457,41.27682283342508,300.8565986758517,0.0005002970036000495,13149960228396626776,train,-3.3007720982036606,-3.295151,0.005621102949143975,1.133624,0.005789521,-3.2983205
-0.2,8.762920771795992e-10,2597.67569731618,502.646286170094,38.978559546027874,295.06946514256083,0.0004440828276401098,2033506848451370756,train,-3.3525360203533108,-3.3447704,0.0077655888347560875,0.45679513,0.009152551,-3.3509192
-1.4,1.1774606839117e-09,2487.5677489208106,509.6158544320055,42.33569419095241,299.8381908200232,0.0005023625960536546,14988660033747214345,train,-3.2989827039289588,-3.2927003,0.006282413249027119,1.5022248,0.005019659,-3.2972074
-1.8,1.0574423663675307e-09,2585.038533860248,471.3266920396063,42.543125490608695,301.3994726877767,0.0005085464396606042,2832837163574657009,train,-3.2936693818416565,-3.2926788,0.0009905488338439739,1.4102842,0.005183189,-3.2927692
-0.8,8.622252758820395e-10,2596.9228583838576,499.2028055441836,37.99663516660689,298.18972265332246,0.000477722468590489,7681735671422946543,train,-3.3208243321824416,-3.3227258,0.001901440675224464,0.643727,0.0077025006,-3.325488
-2.2,1.0803651442869379e-09,2531.060987167743,511.9316238370674,40.66002705988115,288.1838349540611,0.0005277338647335986,17485459239320075305,train,-3.2775850362093846,-3.284439,0.0068540507046779275,1.4017736,0.005199131,-3.2819214
-3.0,9.664729913030388e-10,2627.7330466636663,506.9906344590098,40.06029068650691,301.1540677406581,0.0005179650902490966,8813459275462154891,train,-3.2856995097974,-3.2829285,0.0027710430005249975,1.0687706,0.005964603,-3.2824616
-1.0,1.013177684158949e-09,2549.0982526102403,506.5025106580401,39.7132385315927,304.62183232922587,0.0004907081187052161,14934561482547682078,train,-3.309176756611081,-3.312852,0.003675149211673112,0.95995367,0.006297157,-3.3142798
-1.4,1.0071535471770136e-09,2369.635821802133,538.5091665951578,40.65637295368661,296.23853018587084,0.0005136155892260588,6305389621858259219,train,-3.289361803062047,-3.2920973,0.0027355270313367264,1.5367692,0.0049620243,-3.2896676
-0.2,9.612679185080118e-10,2493.7557151613,504.62150372842615,37.39117268896573,297.8667082132286,0.0004467563920125128,433422742429117681,train,-3.3499292250653996,-3.3451822,0.004747044660736499,0.44299284,0.009294704,-3.3478496
-2.8000000000000003,9.89297888860932e-10,2413.8801533334354,510.75595836241,38.53132745549709,285.1813868750008,0.0005255612563635392,6508029577517650568,train,-3.2793766578465036,-3.2807488,0.0013721863002249535,1.0578755,0.005995579,-3.2802634
-1.0,9.612679185080118e-10,2493.7557151613,504.62150372842615,37.39117268896573,297.8667082132286,0.0004787574252636694,433422742429117681,train,-3.3198844773031513,-3.31498,0.004904447243336829,0.6385981,0.0077335755,-3.3166428
-0.8,1.0060692139373963e-09,2527.3807724384133,522.7157534573084,43.167246359099664,298.50956140834,0.0004980114024204552,1367897570274288222,train,-3.3027607135623844,-3.3059602,0.003199464812859709,1.6197797,0.004831106,-3.302125
-1.8,9.612679185080118e-10,2493.7557151613,504.62150372842615,37.39117268896573,297.8667082132286,0.0004964970135237618,433422742429117681,train,-3.304083359482903,-3.30049,0.0035934569865649912,0.7267717,0.007245971,-3.3002129
-0.6000000000000001,1.120623623770265e-09,2459.871490367434,512.0011452017391,38.21649432972869,303.56534322943094,0.0004748086800992818,2671493380122846465,train,-3.3234813501960425,-3.3250334,0.0015520760887475227,0.8863719,0.0065558315,-3.327405
-2.4000000000000004,9.926993823896762e-10,2332.1716999604114,489.929360905385,39.90607827400121,296.137708789732,0.0005152346698128312,8562678507013604755,train,-3.287994921265859,-3.2804458,0.007549107133168587,0.7216709,0.0072717257,-3.282169
-2.0,9.926993823896762e-10,2332.1716999604114,489.929360905385,39.90607827400121,296.137708789732,0.0005093443767845384,8562678507013604755,train,-3.2929884841358974,-3.2858534,0.007135098210604429,0.7168446,0.007296346,-3.2869973
-0.2,9.603042271636284e-10,2438.0715583385486,503.6957420101608,43.08491203323523,298.5763734449834,0.00046883682755965485,2124884718484563516,train,-3.328978281423089,-3.3282151,0.0007631592001886567,1.047173,0.0060264757,-3.3284512
-2.8000000000000003,8.220747042076196e-10,2489.354974528123,536.8974000619587,36.589080383233394,294.68809277779184,0.0005093287160361646,13344013943894260190,train,-3.293001837539751,-3.2913568,0.0016450355530568395,0.83148915,0.0067706644,-3.2914922
-1.4,9.756514716409811e-10,2404.497548871577,500.9208966540563,41.62971960161597,300.52976098251094,0.000511880298730195,7311808897764695838,train,-3.29083158527182,-3.293911,0.003079394952789194,1.2518295,0.00550601,-3.2936854
-2.0,9.979877857013674e-10,2496.537246315292,510.00187244466247,38.795972505421744,297.7961123434831,0.0005062870709308392,1378160361063041439,train,-3.295603163063658,-3.2933977,0.002205498039854259,0.9485074,0.006335416,-3.294446
-1.0,1.0050101529814667e-09,2449.206992526188,478.70441149946606,40.80112322251315,299.2329513672896,0.0004969067991761484,15255519671477510073,train,-3.3037250607620527,-3.306352,0.0026268393386552624,1.3197079,0.005360643,-3.3040977
-2.0,8.241763212999094e-10,2472.357675267654,473.84577322091,39.21856251436128,307.7679942040925,0.0005046669144294471,14456930291123660273,train,-3.2969951663416417,-3.295515,0.0014801059168370045,1.0025377,0.006160602,-3.2974834
-1.8,9.664729913030388e-10,2627.7330466636663,506.9906344590098,40.06029068650691,301.1540677406581,0.0005002796884214266,8813459275462154891,train,-3.3007871293084023,-3.2975144,0.003272690679251955,1.0885565,0.0059095384,-3.2979076
-1.2000000000000002,9.123213222215395e-10,2625.69228411366,506.617977618184,38.92442853409919,306.1252360546967,0.0004825103191564272,2928394120619732261,train,-3.3164933942273973,-3.3118787,0.0046147130445359785,0.961908,0.006290693,-3.3156161
-0.6000000000000001,8.4981307882089e-10,2622.111610500832,493.1418777793542,40.32755095458103,299.70047987606006,0.00047589211396216344,5127878088967066821,train,-3.3224914918625017,-3.3266125,0.004120980671677987,0.7686069,0.0070444844,-3.3253396
0.0,1.1201765668553064e-09,2329.913862262383,487.444276821995,41.61971486534147,298.1037724082114,0.0004586495972403,10813817281839957845,train,-3.338518983528655,-3.3421052,0.0035861666941232606,0.64074373,0.00772053,-3.3413866
-0.4,1.0806933086411387e-09,2604.781653428076,466.5836923998952,39.33731057072893,297.69705044733973,0.0004692304837628255,3371631208540637995,train,-3.328613781509754,-3.33352,0.00490615409815609,0.7341386,0.007209248,-3.3315513
-1.0,1.066709170571727e-09,2302.646144768272,474.8978179470865,37.69553984942066,294.1521471075916,0.0004890082946392229,3765765162242439701,train,-3.3106837742393815,-3.3070745,0.0036092274254166945,0.65773886,0.0076194615,-3.3101263
-0.8,9.118663996020179e-10,2651.95019435956,481.7408591707263,38.899871401178025,300.40158819211445,0.0004734912367570806,17319768135093042826,train,-3.3246880543867094,-3.3229332,0.001754857365225071,0.8093022,0.006863636,-3.323953
-2.8000000000000003,1.000072357945733e-09,2615.067429542859,502.8265147659643,41.97319841319997,303.92619603855775,0.0005276617263620999,2056914843148536795,train,-3.2776444059793333,-3.2812674,0.00362299857694115,1.2555454,0.0054977494,-3.2799819
-2.4000000000000004,9.220148370062531e-10,2472.3739758500788,504.5088858703008,41.28793476116813,303.0641722996054,0.0005151661428559641,7538273554073210114,train,-3.2880526869021183,-3.2829561,0.00509656355006749,1.3098924,0.0053809653,-3.2880042
-0.6000000000000001,1.075576112436465e-09,2439.1914792405805,507.5653121861305,41.43318212059344,299.0815860986159,0.00047752001836186264,8793357247245534573,train,-3.3210084174166514,-3.3148003,0.006208154965479551,0.99801594,0.0061746873,-3.3184195
-0.6000000000000001,9.118663996020179e-10,2651.95019435956,481.7408591707263,38.899871401178025,300.40158819211445,0.0004660031550958273,17319768135093042826,train,-3.3316111428892508,-3.3299453,0.0016658170378103243,0.7611792,0.0070790444,-3.3308969
-0.6000000000000001,9.808684991835892e-10,2440.440905080504,475.02919518003887,43.13862383173334,296.64614602139693,0.000491704835860803,10893922623691634355,train,-3.3082955204522944,-3.311492,0.0031964457952642356,1.5040773,0.0050165183,-3.3096647
-2.8000000000000003,8.762920771795992e-10,2597.67569731618,502.646286170094,38.978559546027874,295.06946514256083,0.0005096384057579856,2033506848451370756,train,-3.2927378515120305,-3.285493,0.007244954478339061,0.84996843,0.006696016,-3.288781
-3.0,1.0352580576007263e-09,2678.9547588546675,473.131828680381,34.826156523967086,290.8089263982084,0.0005059367706690966,603198139025932464,train,-3.2959037556213615,-3.294492,0.0014117493194816255,0.53264993,0.0084724985,-3.291093
-0.8,1.0574423663675307e-09,2585.038533860248,471.3266920396063,42.543125490608695,301.3994726877767,0.00048319485862528827,2832837163574657009,train,-3.3158776954186835,-3.3145196,0.0013580516351141547,1.2501272,0.0055098063,-3.3149467
-1.0,9.304065850268983e-10,2472.4930947482308,495.539662311,41.9345213676303,296.5403011366731,0.0004957676636909259,1906069974405082520,train,-3.304721803382189,-3.30297,0.0017518708260366722,1.0045763,0.0061542825,-3.3066156
-0.2,9.979877857013674e-10,2496.537246315292,510.00187244466247,38.795972505421744,297.7961123434831,0.0004514594041375347,1378160361063041439,train,-3.3453812959633553,-3.3415291,0.0038521650276863717,0.52443725,0.008538944,-3.3452377
-0.8,1.2225799825820127e-09,2598.953191343567,516.8045118894966,39.85430360518959,306.74502895459364,0.00047582159671893996,17234994038809733169,train,-3.3225558499763403,-3.3189008,0.003655026383200699,1.0553527,0.00600282,-3.3230112
-1.4,8.354324428057497e-10,2430.182491588309,507.603602235917,36.73791801396338,295.61725668807514,0.0004917319005374196,10829525609740651031,train,-3.308271616444488,-3.3081725,9.915207376032242e-05,0.566602,0.008213288,-3.310862
-1.8,1.013177684158949e-09,2549.0982526102403,506.5025106580401,39.7132385315927,304.62183232922587,0.0005097456593295547,14934561482547682078,train,-3.292646463710192,-3.296551,0.0039045254408089924,0.95440775,0.0063156085,-3.2977417
-2.2,1.032683367538443e-09,2526.170348943833,478.8149532207128,42.09307571557734,293.4443281911712,0.0005235366114950692,12981595077382156139,train,-3.281052942229052,-3.2832825,0.0022295761577888484,1.4637856,0.005086162,-3.280768
-2.6,9.220148370062531e-10,2472.3739758500788,504.5088858703008,41.28793476116813,303.0641722996054,0.0005178574114008632,7538273554073210114,train,-3.2857898038964364,-3.2807105,0.005079345140943214,1.3177977,0.00536458,-3.285543
-2.2,9.74908016407874e-10,2433.9347159425315,536.1873069142775,40.58953669016749,293.2225739384997,0.0005312842535176653,18393380424088899902,train,-3.2746730557479506,-3.2817965,0.007123399635350136,2.0964231,0.0042359284,-3.2756374
-2.0,1.0044736023004086e-09,2276.4853940628345,486.8441992232576,38.23677890677304,298.10055132439214,0.0005152817477725878,15363031408316951214,train,-3.2879552407759474,-3.289797,0.001841826866264551,0.7435819,0.0071629733,-3.2886431
-1.0,9.980121445569454e-10,2387.75545073954,508.7275610680178,38.8972081784186,297.8606493603604,0.0004867605175801857,11032972375804727196,train,-3.312684655775698,-3.307828,0.004856706251772369,0.8215278,0.0068119415,-3.3099375
-0.4,8.89459518994858e-10,2383.601346469497,502.4892009812192,38.55163090195673,309.2198732722366,0.00046482784005463595,3483175946691254694,train,-3.332707868526463,-3.3347957,0.0020878448982197817,0.8884593,0.0065480545,-3.3312593
-2.0,1.0025105539620802e-09,2526.9743060678943,509.1946075584183,40.75166342427999,301.0515477079729,0.0005136650258543439,15180030701036252205,train,-3.2893200032761474,-3.2898037,0.0004837400862793828,1.412357,0.0051793284,-3.2887778
-1.0,9.344027379399094e-10,2510.734791451186,511.4018674256231,36.36815079533651,301.4558439858307,0.0004714926958481884,13370015301709921327,train,-3.326525030768429,-3.3185563,0.00796872202209098,0.4598144,0.009122311,-3.324454
-1.6,9.244750759855351e-10,2606.766252024905,514.7015322051607,39.36697999872778,300.425811364213,0.0005033743514327827,13867644369009061341,train,-3.298108916946161,-3.301784,0.003675121597540354,0.80435765,0.0068848766,-3.3056853
-2.0,9.244750759855351e-10,2606.766252024905,514.7015322051607,39.36697999872778,300.425811364213,0.0005109279853241649,13867644369009061341,train,-3.2916403088287995,-3.29544,0.0037996497435881516,0.78120005,0.006987017,-3.2990153
-2.4000000000000004,1.018423641836786e-09,2420.2103352289205,495.3862399264609,39.18777263938059,307.5354074756815,0.0005110242810652489,9985116505034206452,train,-3.291558464088135,-3.2877734,0.003785093345336943,0.8161237,0.006834649,-3.2859137
-0.6000000000000001,1.243555870393131e-09,2440.816535503744,483.6779599156501,38.81204244575611,302.5323056028984,0.00047346810576035994,4261926717090881150,train,-3.3247092710615713,-3.3219192,0.0027900682570058954,0.9709386,0.0062610763,-3.32495
-2.4000000000000004,7.777840542828623e-10,2445.911024694583,482.1130919467457,41.27682283342508,300.8565986758517,0.0005137962028674772,13149960228396626776,train,-3.2892091096449847,-3.2834604,0.005748730998134111,1.1708552,0.0056956243,-3.2868588
-1.6,9.89963136259949e-10,2542.7024133885266,503.0087467521194,39.0211226249472,305.0510216058231,0.0004959354245078787,380264510751012186,train,-3.3045748690857364,-3.301313,0.003261945654339904,1.054806,0.0060043926,-3.2989848
0.0,1.0671658198705112e-09,2444.626831258547,492.08006432381046,41.193035529790656,301.7038514591378,0.000440197339132,10743645008157788724,train,-3.3563525869616395,-3.3485296,0.007823009706390494,0.6349167,0.007756111,-3.3492115
-3.0,1.0942344693420075e-09,2360.838758300681,491.3731844386217,39.51420947268076,305.7035776891924,0.0005327560505986823,3134241803077969267,train,-3.2734716092314082,-3.2801404,0.006668790701453098,0.8498655,0.0066964254,-3.2771544
-0.4,8.354324428057497e-10,2430.182491588309,507.603602235917,36.73791801396338,295.61725668807514,0.00046022390587496136,10829525609740651031,train,-3.337030826084738,-3.3355286,0.0015022139478970686,0.42624125,0.009476409,-3.3402736
-2.0,1.1395831540373824e-09,2538.761869465952,510.72502895181066,40.87821813200619,300.974125232131,0.0005141357665467178,3684234868495982631,train,-3.2889221828017674,-3.2887955,0.00012671161036115208,1.3768822,0.0052465973,-3.2889595
-0.4,9.143704143090119e-10,2444.5179463100326,473.4138143725302,40.94136333558407,299.94201571725745,0.0004658296315806569,11714911050137312102,train,-3.3317728893035596,-3.3273726,0.004400338339204168,0.8091223,0.0068644052,-3.329936
-1.6,1.0352580576007263e-09,2678.9547588546675,473.131828680381,34.826156523967086,290.8089263982084,0.00048532827079110274,603198139025932464,train,-3.3139644099190635,-3.3123488,0.0016155672982138825,0.46152446,0.0091053145,-3.3103507
-0.4,9.118663996020179e-10,2651.95019435956,481.7408591707263,38.899871401178025,300.40158819211445,0.00045700927343967897,17319768135093042826,train,-3.3400749873200417,-3.3380828,0.0019921969452858512,0.6836256,0.0074728047,-3.3391798
-2.4000000000000004,1.0574423663675307e-09,2585.038533860248,471.3266920396063,42.543125490608695,301.3994726877767,0.0005184720249801128,2832837163574657009,train,-3.2852746717234123,-3.2842176,0.0010570756693351058,1.2954774,0.0054112272,-3.2840745
-1.2000000000000002,1.2225799825820127e-09,2598.953191343567,516.8045118894966,39.85430360518959,306.74502895459364,0.00048768727490279133,17234994038809733169,train,-3.311858576193545,-3.3072705,0.004588049307558517,1.0879083,0.005911319,-3.311955
-2.2,9.808684991835892e-10,2440.440905080504,475.02919518003887,43.13862383173334,296.64614602139693,0.0005314568133814555,10893922623691634355,train,-3.2745320208343016,-3.2793272,0.004795133325244283,2.009481,0.0043285727,-3.2757843
-2.0,1.0728366895058958e-09,2396.471193900285,522.5703607996403,39.66536493364173,302.3426017448898,0.0005183149219533178,10539271283961051071,train,-3.2854062879216124,-3.2885926,0.003186289058978442,1.0489814,0.006021222,-3.2875683
-2.4000000000000004,1.120623623770265e-09,2459.871490367434,512.0011452017391,38.21649432972869,303.56534322943094,0.0005159124706402262,2671493380122846465,train,-3.287423974230242,-3.2889302,0.0015062034583568362,0.96087706,0.0062941005,-3.290131
-1.0,8.4981307882089e-10,2622.111610500832,493.1418777793542,40.32755095458103,299.70047987606006,0.0004899232835869422,5127878088967066821,train,-3.3098719202231153,-3.3138208,0.003948918705107385,0.88566583,0.006558468,-3.3125973
-0.4,1.0789603531824067e-09,2367.1936347140645,478.9001778930339,37.12870103512795,297.3410066095633,0.00047271272171087224,4747465828158748725,train,-3.3254027097459815,-3.3303928,0.0049901277784325515,0.48086068,0.008919474,-3.330852
-2.6,8.354324428057497e-10,2430.182491588309,507.603602235917,36.73791801396338,295.61725668807514,0.000511337412240133,10829525609740651031,train,-3.2912924307527565,-3.2913833,9.083569621815002e-05,0.6902585,0.0074365577,-3.2931771
-1.6,1.1942019403763875e-09,2464.50260258804,490.2741317287723,40.32854625878799,294.3650499716886,0.0005116909661469503,11892504857466714026,train,-3.2909922503860276,-3.292783,0.0017907715408522762,1.2590337,0.0054900283,-3.2928877
-1.8,9.596807973870107e-10,2396.380469719385,547.2442070596833,39.34847113068841,298.5552181462747,0.0005129326127038342,16164245777420927440,train,-3.2899396872336397,-3.291758,0.0018183732216825454,1.4047633,0.0051935143,-3.2901938
0.0,1.0803651442869379e-09,2531.060987167743,511.9316238370674,40.66002705988115,288.1838349540611,0.0004547673907048,17485459239320075305,train,-3.342210684144152,-3.3514109,0.009200181639539284,0.5843321,0.008086979,-3.348923
-1.6,9.525981103063824e-10,2521.0178569100235,513.1122387074643,39.33447860201831,299.4635962010897,0.0005069578482924239,2217437892012799629,train,-3.295028149177574,-3.2992928,0.004264653633094806,0.97237366,0.0062564076,-3.2985938
-0.6000000000000001,1.0789603531824067e-09,2367.1936347140645,478.9001778930339,37.12870103512795,297.3410066095633,0.0004811854437772814,4747465828158748725,train,-3.3176875188692274,-3.3226018,0.004914276327305789,0.53447586,0.0084579345,-3.3230946
-2.4000000000000004,8.599648780937921e-10,2637.8899539670565,501.9551856304757,39.90381821426863,300.9815905741297,0.00050883798715112,14435728251762431223,train,-3.293420474021814,-3.2902,0.0032204789809204826,0.84345603,0.006722044,-3.293526
-2.6,9.50582857470194e-10,2403.738957653681,492.6388454667692,37.10727035463277,300.4554170460457,0.0005215840327978259,9184494546452176042,train,-3.2826757120881314,-3.289374,0.006698400994754383,0.63369864,0.007763611,-3.2876093
-2.2,1.0073410050818803e-09,2574.374612551252,485.6872921198837,42.17824256593523,298.72995545788456,0.0005189685993733557,9029148243980292461,train,-3.2848589187053654,-3.2857075,0.0008485550495174188,1.1868743,0.0056565846,-3.2827473
-0.8,1.1396379394271226e-09,2408.4924726992253,490.0725825278824,43.06550150160359,292.35304316269765,0.0005001276142205612,10954724855113224492,train,-3.30091916550328,-3.2993672,0.0015519760959312734,1.3803526,0.005239903,-3.29962
-0.8,9.603042271636284e-10,2438.0715583385486,503.6957420101608,43.08491203323523,298.5763734449834,0.0004967747501381426,2124884718484563516,train,-3.3038404864110924,-3.3044071,0.0005666333398841594,1.6010749,0.00485972,-3.3029096
-2.8000000000000003,9.980121445569454e-10,2387.75545073954,508.7275610680178,38.8972081784186,297.8606493603604,0.0005193171754879621,11032972375804727196,train,-3.2845673136531732,-3.2805114,0.004055934411229867,1.0196884,0.006108028,-3.281832
-2.4000000000000004,9.58904338765352e-10,2486.667922677388,495.3304947031063,40.43386356777175,305.1954997344612,0.0005273282150467686,13052852389533457310,train,-3.277918990831834,-3.2862058,0.008286777753371055,1.2575002,0.005493419,-3.2825062
-1.2000000000000002,9.682475573035431e-10,2330.6047518253104,479.0686974559265,41.64371883461047,301.63426669668445,0.0005073943038173397,13640118791446356878,train,-3.2946544126258828,-3.2970414,0.002387003542330124,1.2140387,0.005592151,-3.2978306
-1.4,1.2307353848142815e-09,2445.249484887284,482.48119148575233,42.87746783295031,307.55593866537106,0.0005082333242629141,15038946426069692038,train,-3.293936862172283,-3.2950058,0.0010689361675608744,1.5699923,0.004908389,-3.2931902
-1.0,1.0455070732925304e-09,2552.705145034877,518.1497095238773,37.60227540602951,298.4772867617408,0.0004780825103848683,13753303497944442308,train,-3.3204971437383786,-3.3154185,0.005078661911596338,0.6696163,0.0075511187,-3.315195
-2.0,7.516487326049726e-10,2475.0294016619155,481.8667099014746,36.16652897024234,304.10393187120707,0.0005000521386053066,4556256472297801959,train,-3.3009847110078616,-3.301491,0.0005063111021237354,0.61945045,0.00785297,-3.3021202
-2.0,1.1459805246638944e-09,2630.825732937456,497.4739907663986,41.26661222078493,300.2753689300697,0.0005056475670639024,12849312948239067464,train,-3.2961520780372378,-3.2910023,0.005149804477667441,1.0729821,0.0059527555,-3.2926645
-2.6,1.1396379394271226e-09,2408.4924726992253,490.0725825278824,43.06550150160359,292.35304316269765,0.0005373511059044748,10954724855113224492,train,-3.2697418529790054,-3.2704058,0.0006639163691390948,1.7944143,0.0045858067,-3.2704449
-1.8,1.1942019403763875e-09,2464.50260258804,490.2741317287723,40.32854625878799,294.3650499716886,0.0005154957070416167,11892504857466714026,train,-3.287774947094141,-3.2897568,0.001981827808202663,1.2428917,0.0055260295,-3.2896185
0.0,9.595802013951228e-10,2610.2949574222403,489.9218602044182,42.219532217947325,302.0841812978663,0.000443650817951,11643629726484600332,train,-3.35295871344341,-3.3536081,0.0006494179652816179,0.6550372,0.0076352656,-3.3512394
-0.6000000000000001,1.2225799825820127e-09,2598.953191343567,516.8045118894966,39.85430360518959,306.74502895459364,0.0004684306649478825,17234994038809733169,train,-3.329354682383327,-3.3262699,0.00308481734731636,1.0079306,0.006143926,-3.32977
0.0,1.000072357945733e-09,2615.067429542859,502.8265147659643,41.97319841319997,303.92619603855775,0.0004434349086352,2056914843148536795,train,-3.353170120804581,-3.353628,0.0004577993461758467,0.748794,0.007137807,-3.3547633
0.0,1.006938037138553e-09,2476.033687734913,499.8883185243343,35.52248114367448,306.4489109295662,0.000437252248887,11533471517763731933,train,-3.3592679481690046,-3.3604012,0.0011332053954484778,0.48821247,0.008851725,-3.3619823
-1.0,1.0806933086411387e-09,2604.781653428076,466.5836923998952,39.33731057072893,297.69705044733973,0.0004919174000303641,3371631208540637995,train,-3.308107815368047,-3.3131735,0.005065717117914925,0.84587336,0.0067123477,-3.3111773
-2.2,9.344027379399094e-10,2510.734791451186,511.4018674256231,36.36815079533651,301.4558439858307,0.0004960313160257888,13370015301709921327,train,-3.304490904260067,-3.298452,0.006039003777889462,0.5338419,0.008462982,-3.302404
-0.4,1.0942344693420075e-09,2360.838758300681,491.3731844386217,39.51420947268076,305.7035776891924,0.00047499474006924483,3134241803077969267,train,-3.3233111995783973,-3.328799,0.005487809744722849,0.76348555,0.007068259,-3.3244352
-3.0,1.0849323731926979e-09,2551.147301026894,487.27717818808753,44.82712146868644,302.5978918999191,0.0005341258703901537,17938021924088880075,train,-3.2723563864652543,-3.273482,0.0011256978090377068,1.8782456,0.004480329,-3.273113
-1.6,1.0942344693420075e-09,2360.838758300681,491.3731844386217,39.51420947268076,305.7035776891924,0.0005118874574281455,3134241803077969267,train,-3.2908255116618657,-3.2956643,0.004838798793456611,0.87924576,0.0065825884,-3.2932243
-1.0,1.1459805246638944e-09,2630.825732937456,497.4739907663986,41.26661222078493,300.2753689300697,0.00048355692710305107,12849312948239067464,train,-3.3155523909265963,-3.3099737,0.005578674190756416,1.1048923,0.005865191,-3.3113413
-0.6000000000000001,8.599648780937921e-10,2637.8899539670565,501.9551856304757,39.90381821426863,300.9815905741297,0.0004660881996392812,14435728251762431223,train,-3.331531892339714,-3.3282084,0.0033234458370285935,0.72482324,0.007255777,-3.3316262
-1.0,1.000072357945733e-09,2615.067429542859,502.8265147659643,41.97319841319997,303.92619603855775,0.0004932837157864127,2056914843148536795,train,-3.306903221170403,-3.3105567,0.003653428991340135,1.2930598,0.005416352,-3.3090959
-0.6000000000000001,1.0044736023004086e-09,2276.4853940628345,486.8441992232576,38.23677890677304,298.10055132439214,0.00048117483408668385,15363031408316951214,train,-3.3176970947633855,-3.3183472,0.0006501208890803412,0.542331,0.008396117,-3.3180978
-1.0,1.0044736023004086e-09,2276.4853940628345,486.8441992232576,38.23677890677304,298.10055132439214,0.0004942375411211548,15363031408316951214,train,-3.3060642696936657,-3.3065836,0.0005193732659289907,0.6350698,0.0077551706,-3.3065388
-0.8,1.006938037138553e-09,2476.033687734913,499.8883185243343,35.52248114367448,306.4489109295662,0.0004782573482167069,11533471517763731933,train,-3.3203383485030686,-3.3240478,0.0037094553757155424,0.6980739,0.007394512,-3.324686
-0.4,9.634928280602635e-10,2455.009212271192,512.2369330710814,40.30940301281442,306.6726054586492,0.000468580080229418,9415233787243991652,train,-3.3292161776048776,-3.331361,0.002144877769267861,1.0520018,0.0060124774,-3.3288617
-2.4000000000000004,1.0692616090001279e-09,2445.881237248077,515.6238842072526,38.37558042728467,295.9516778251947,0.0005185537410080714,2860266914913243763,train,-3.285206228255057,-3.2870312,0.0018249454509975394,1.0012996,0.006164449,-3.286672
-3.0,8.599648780937921e-10,2637.8899539670565,501.9551856304757,39.90381821426863,300.9815905741297,0.000516598282999228,14435728251762431223,train,-3.2868470416106303,-3.2842376,0.002609418395908669,0.888467,0.0065480256,-3.2865205
0.0,7.777840542828623e-10,2445.911024694583,482.1130919467457,41.27682283342508,300.8565986758517,0.0004373745705414,13149960228396626776,train,-3.359146470943085,-3.3511984,0.007948036113373025,0.5085535,0.00867198,-3.35678
-2.6,9.595802013951228e-10,2610.2949574222403,489.9218602044182,42.219532217947325,302.0841812978663,0.0005251165150530213,11643629726484600332,train,-3.279744322822051,-3.2828577,0.0031133336568309744,1.2905424,0.005421703,-3.2793398
-0.8,9.42387899986183e-10,2596.3418775504824,506.9916211367261,42.54178389838287,305.55199671356803,0.00048088857520704005,3392607520233113049,train,-3.317955540629413,-3.3160436,0.0019119252882262572,1.3275123,0.005344644,-3.315996
-3.0,1.1395831540373824e-09,2538.761869465952,510.72502895181066,40.87821813200619,300.974125232131,0.0005279340848880652,3684234868495982631,train,-3.277420297838149,-3.2778215,0.0004012429943704987,1.4179823,0.0051688924,-3.2772722
-0.2,1.0941860864671191e-09,2539.112215454232,503.69324532533454,39.339075937042885,294.39428351617613,0.0004609186866577253,12823118457006761398,train,-3.336375684264669,-3.339726,0.003350286957255033,0.62948364,0.0077897306,-3.339896
-1.0,9.808684991835892e-10,2440.440905080504,475.02919518003887,43.13862383173334,296.64614602139693,0.0005057253384719226,10893922623691634355,train,-3.2960852862668935,-3.2997,0.003614735476880959,1.7747575,0.004611608,-3.296777
-1.6,8.4981307882089e-10,2622.111610500832,493.1418777793542,40.32755095458103,299.70047987606006,0.0005051005155727017,5127878088967066821,train,-3.2966221881887687,-3.3011909,0.004568664930127753,0.92017883,0.006433145,-3.3001459
-0.2,9.664729913030388e-10,2627.7330466636663,506.9906344590098,40.06029068650691,301.1540677406581,0.0004477050915109025,8813459275462154891,train,-3.349007966589269,-3.344422,0.0045858646147816096,0.64872706,0.0076725604,-3.347208
-1.2000000000000002,1.0308127820747194e-09,2437.7200106987866,482.5972990901911,40.648465379108416,299.4728047413536,0.0005077866023215827,18026431441542812131,train,-3.2943187619391887,-3.3013883,0.007069501763203867,1.2984202,0.0054050083,-3.296856
-1.8,1.0933784852654091e-09,2410.884334287086,539.0569290920441,39.62193192256099,289.3285700165644,0.0005142306848565453,16519722322841066187,train,-3.2888420119672355,-3.288811,3.1043568187616444e-05,1.2255472,0.0055654985,-3.2867398
-1.4,1.25959298622376e-09,2354.3009197629594,499.1918367180637,40.77134716523017,305.22981462209646,0.000508032173030712,128968913270984251,train,-3.2941087835285563,-3.2944255,0.0003167039897542523,1.3948182,0.005212267,-3.2941525
-1.6,1.006938037138553e-09,2476.033687734913,499.8883185243343,35.52248114367448,306.4489109295662,0.000498999567175013,11533471517763731933,train,-3.3018998310771814,-3.3062155,0.004315693596280479,0.7070442,0.0073471135,-3.306092
-2.0,1.000096056099185e-09,2446.239819629679,503.61049666576776,43.101977222602514,303.9832024614659,0.0005241957542081933,13944279034983237670,train,-3.2805065009999117,-3.282983,0.002476563651577557,1.7260485,0.004677419,-3.2818713
0.0,1.1774606839117e-09,2487.5677489208106,509.6158544320055,42.33569419095241,299.8381908200232,0.0004444019038443,14988660033747214345,train,-3.352224089183684,-3.3449936,0.007230497875090336,0.94148386,0.006359236,-3.3515577
-1.4,9.304065850268983e-10,2472.4930947482308,495.539662311,41.9345213676303,296.5403011366731,0.0005061121790247339,1906069974405082520,train,-3.295753211753461,-3.2945716,0.001181573646161116,1.0916256,0.0059011313,-3.2976305
-1.6,1.2225799825820127e-09,2598.953191343567,516.8045118894966,39.85430360518959,306.74502895459364,0.0004969216072324254,17234994038809733169,train,-3.3037121187751106,-3.299109,0.004603136688928977,1.0997553,0.0058790306,-3.3031926
-0.8,1.0203477325736783e-09,2420.870896846657,485.827773341465,41.83782044136868,301.83723728961854,0.0004982815352891005,4106527973129540887,train,-3.302525206087288,-3.3096607,0.007135467054191658,1.098092,0.0058835326,-3.3084629
-2.6,1.000072357945733e-09,2615.067429542859,502.8265147659643,41.97319841319997,303.92619603855775,0.0005250680093003248,2056914843148536795,train,-3.279784441068441,-3.2830493,0.0032649039480383557,1.2227927,0.0055718436,-3.2823617
-1.0,1.1942019403763875e-09,2464.50260258804,490.2741317287723,40.32854625878799,294.3650499716886,0.000497261611257585,11892504857466714026,train,-3.303415067135207,-3.3040307,0.0006155896793682558,1.1317673,0.005794324,-3.3056006
-1.6,9.595802013951228e-10,2610.2949574222403,489.9218602044182,42.219532217947325,302.0841812978663,0.0005082853993666129,11643629726484600332,train,-3.2938923653427117,-3.2971117,0.0032193843063361705,1.3216407,0.005356667,-3.2935688
-0.6000000000000001,1.1774606839117e-09,2487.5677489208106,509.6158544320055,42.33569419095241,299.8381908200232,0.00047847459339999207,14988660033747214345,train,-3.320141117948013,-3.3137605,0.006380598920303182,1.2779974,0.005448605,-3.3198934
-1.2000000000000002,9.136850961862703e-10,2400.1705034771794,499.3175315176618,39.85562670167986,300.93280864091923,0.0004923644657048399,689847661215077168,train,-3.307713297952693,-3.3030343,0.0046789923801831,0.80662763,0.006875101,-3.3062623
-0.2,9.58904338765352e-10,2486.667922677388,495.3304947031063,40.43386356777175,305.1954997344612,0.00046393675523403153,13052852389533457310,train,-3.3335412192833775,-3.3408742,0.00733297581549941,0.75097424,0.0071273576,-3.337503
-2.4000000000000004,9.74908016407874e-10,2433.9347159425315,536.1873069142775,40.58953669016749,293.2225739384997,0.000534226601675049,18393380424088899902,train,-3.27227449019514,-3.2790601,0.0067856351558122086,2.1997921,0.004132957,-3.2734153
-2.6,9.808684991835892e-10,2440.440905080504,475.02919518003887,43.13862383173334,296.64614602139693,0.000537199595799897,10893922623691634355,train,-3.269864322775363,-3.2745342,0.004669902688504202,2.1959248,0.004136679,-3.2714648
-0.4,9.664729913030388e-10,2627.7330466636663,506.9906344590098,40.06029068650691,301.1540677406581,0.0004586419220779569,8813459275462154891,train,-3.3385262511869365,-3.3346813,0.0038449786802225994,0.74186206,0.007171335,-3.3359869
-0.4,8.241763212999094e-10,2472.357675267654,473.84577322091,39.21856251436128,307.7679942040925,0.0004599427478945136,14456930291123660273,train,-3.3372962244508955,-3.3364303,0.0008659132478925358,0.87559056,0.006596439,-3.3374987
-0.4,8.75983736068783e-10,2627.978517028968,489.37942559949954,40.91913452211564,297.20307373531364,0.00046270251803472975,5144607327742428380,train,-3.334698137055943,-3.3322084,0.002489742051670518,0.6627806,0.0075902278,-3.3301558
0.0,1.0073410050818803e-09,2574.374612551252,485.6872921198837,42.17824256593523,298.72995545788456,0.0004443689473254,9029148243980292461,train,-3.3522562973378753,-3.3515677,0.0006885521291351004,0.64434445,0.007698784,-3.3493438
0.0,9.926993823896762e-10,2332.1716999604114,489.929360905385,39.90607827400121,296.137708789732,0.0004427131165617,8562678507013604755,train,-3.3538776106934343,-3.3478515,0.006026095877150084,0.3311137,0.0107571315,-3.3474345
-2.2,9.304065850268983e-10,2472.4930947482308,495.539662311,41.9345213676303,296.5403011366731,0.0005210658877985304,1906069974405082520,train,-3.2831073575102407,-3.2822049,0.0009024911009389847,1.1974,0.005631359,-3.285066
-1.6,9.808684991835892e-10,2440.440905080504,475.02919518003887,43.13862383173334,296.64614602139693,0.0005206605887809385,10893922623691634355,train,-3.2834452948473434,-3.2880661,0.004620853910591194,2.0210748,0.0043158764,-3.284504
-2.8000000000000003,1.120623623770265e-09,2459.871490367434,512.0011452017391,38.21649432972869,303.56534322943094,0.000520990960104748,2671493380122846465,train,-3.283169812229622,-3.2849286,0.001758748027336221,0.97213274,0.006257191,-3.2854524
-1.6,1.0308127820747194e-09,2437.7200106987866,482.5972990901911,40.648465379108416,299.4728047413536,0.0005170933251950971,18026431441542812131,train,-3.28643106820288,-3.2940216,0.0075905382424323875,1.3612559,0.005277056,-3.2892294
-2.6,1.0728366895058958e-09,2396.471193900285,522.5703607996403,39.66536493364173,302.3426017448898,0.000526991529938474,10539271283961051071,train,-3.2781963649213117,-3.281104,0.002907722908278121,1.0843822,0.005921031,-3.2805173
0.0,1.013177684158949e-09,2549.0982526102403,506.5025106580401,39.7132385315927,304.62183232922587,0.0004420545291213,14934561482547682078,train,-3.354524155456769,-3.355963,0.0014388362577086866,0.5773698,0.008135886,-3.3591552
-3.0,1.0727510291740675e-09,2408.6350240081065,515.7307920217833,36.322106531247385,300.55707391972635,0.0005094649849377745,16501516911797089168,train,-3.2928856592942033,-3.2882106,0.004675028877333176,0.6701799,0.007547921,-3.285543
-0.4,9.63679966987411e-10,2457.046368424285,519.0454313677445,40.52844947169319,303.263443359763,0.000473635743878704,17951410366048416543,train,-3.324555530137508,-3.3286638,0.004108295851261712,1.017447,0.0061148233,-3.3245287
0.0,7.516487326049726e-10,2475.0294016619155,481.8667099014746,36.16652897024234,304.10393187120707,0.0004305286276418,4556256472297801959,train,-3.3659979652010366,-3.3619878,0.0040101359926625335,0.36720932,0.010212856,-3.3659158
-1.6,9.162514515645111e-10,2366.748252214537,515.4599435910573,36.43861892729903,303.676124223718,0.00048473010440264,17492872546512810480,train,-3.3145000073662647,-3.3046317,0.009868297313774477,0.5250888,0.008533616,-3.3075957
-1.6,1.1395831540373824e-09,2538.761869465952,510.72502895181066,40.87821813200619,300.974125232131,0.0005067030030512566,3684234868495982631,train,-3.2952465217903932,-3.2950435,0.00020305331505143798,1.404607,0.005193807,-3.2953022
-1.4,9.58904338765352e-10,2486.667922677388,495.3304947031063,40.43386356777175,305.1954997344612,0.0005089076053858144,13052852389533457310,train,-3.293361058750578,-3.3013773,0.008016237697175743,1.2812735,0.0054415413,-3.2971263
-1.8,9.143704143090119e-10,2444.5179463100326,473.4138143725302,40.94136333558407,299.94201571725745,0.0005065106971064661,11714911050137312102,train,-3.2954113782498933,-3.2917924,0.0036189855191803844,1.3352255,0.00532897,-3.2925234
-2.6,8.220747042076196e-10,2489.354974528123,536.8974000619587,36.589080383233394,294.68809277779184,0.0005068748526352543,13344013943894260190,train,-3.2950992547080586,-3.2936392,0.001460071663625051,0.76528305,0.0070598875,-3.2939098
-2.4000000000000004,1.25959298622376e-09,2354.3009197629594,499.1918367180637,40.77134716523017,305.22981462209646,0.0005255782800016026,128968913270984251,train,-3.2793625906902073,-3.2800171,0.0006545468372585184,1.5354598,0.004964174,-3.2798495
-0.8,8.758150413106088e-10,2554.792538970499,492.8309420700668,37.207464786418186,297.95471711920453,0.0004737718514932316,14100953261967155807,train,-3.3244307458595905,-3.322984,0.0014467656807575224,0.46452472,0.009075721,-3.3245018
0.0,1.0806933086411387e-09,2604.781653428076,466.5836923998952,39.33731057072893,297.69705044733973,0.0004436032024254,3371631208540637995,train,-3.3530053272869447,-3.3583975,0.005392156538738924,0.5648012,0.008226448,-3.3557494
-3.0,1.0191682032973931e-09,2560.240612715575,475.6482256289376,41.11142736058992,291.8506686301862,0.000524436930480169,14547390297170085011,train,-3.280306733192821,-3.2777069,0.0025998716968493873,1.2443973,0.005522642,-3.2781513
-1.0,1.0933784852654091e-09,2410.884334287086,539.0569290920441,39.62193192256099,289.3285700165644,0.0004963097211359844,16519722322841066187,train,-3.304247218265563,-3.3021789,0.0020683585548697536,1.003961,0.006156188,-3.3021946
-2.8000000000000003,9.143704143090119e-10,2444.5179463100326,473.4138143725302,40.94136333558407,299.94201571725745,0.0005213211289224159,11714911050137312102,train,-3.2828946729466466,-3.2791739,0.0037208219334630144,1.4424344,0.005124239,-3.2794461
-0.2,9.682475573035431e-10,2330.6047518253104,479.0686974559265,41.64371883461047,301.63426669668445,0.0004685025753024932,13640118791446356878,train,-3.329288017504937,-3.331044,0.0017559411590033491,0.68857884,0.007445687,-3.334399
-0.8,1.000096056099185e-09,2446.239819629679,503.61049666576776,43.101977222602514,303.9832024614659,0.0004950713507353362,13944279034983237670,train,-3.3053322051117724,-3.3079815,0.002649285977094795,1.4788946,0.005059715,-3.3065116
-1.8,1.1395831540373824e-09,2538.761869465952,510.72502895181066,40.87821813200619,300.974125232131,0.0005106079884368344,3684234868495982631,train,-3.2919123949628353,-3.2918112,0.00010116716437336137,1.3851358,0.0052307174,-3.2918699
-1.6,1.0025105539620802e-09,2526.9743060678943,509.1946075584183,40.75166342427999,301.0515477079729,0.0005061653656971272,15180030701036252205,train,-3.295707574707627,-3.2960865,0.0003789750512841472,1.396096,0.0052098464,-3.2951233
-2.2,1.120623623770265e-09,2459.871490367434,512.0011452017391,38.21649432972869,303.56534322943094,0.0005130458229370186,2671493380122846465,train,-3.289843843933121,-3.2913964,0.0015525355377041805,0.98217565,0.006224793,-3.292621
0.0,1.0060692139373963e-09,2527.3807724384133,522.7157534573084,43.167246359099664,298.50956140834,0.0004550068232473,1367897570274288222,train,-3.341982090647432,-3.34443,0.002447879140165643,0.6885433,0.00744588,-3.3425004
-2.2,1.104689398918354e-09,2572.8324404304963,485.2307246352714,40.714467773434976,300.93677074401546,0.0005175578727951517,9216328605101287225,train,-3.2860410807883116,-3.2885926,0.0025514961922792345,1.0787257,0.005936709,-3.2862403
-0.6000000000000001,1.0455070732925304e-09,2552.705145034877,518.1497095238773,37.60227540602951,298.4772867617408,0.00046482742259741725,13753303497944442308,train,-3.332708258562154,-3.3277297,0.004978556566304526,0.5740543,0.0081594875,-3.327447
-1.6,9.926993823896762e-10,2332.1716999604114,489.929360905385,39.90607827400121,296.137708789732,0.0005022965262674658,8562678507013604755,train,-3.2990398252808006,-3.2917397,0.0073001230560691965,0.6952873,0.0074094227,-3.2925754
-2.4000000000000004,9.808684991835892e-10,2440.440905080504,475.02919518003887,43.13862383173334,296.64614602139693,0.0005344463560961896,10893922623691634355,train,-3.272095879642442,-3.2767763,0.004680434139296086,2.1037948,0.0042283363,-3.2735577
-0.8,1.0375673846448864e-09,2379.4103992541063,496.85223216497695,39.047727684139495,305.18782525816323,0.0004823571698995504,3141391476646313355,train,-3.3166312616101874,-3.3156867,0.0009445588819159134,0.8463862,0.0067102965,-3.3133373
-0.4,1.1396379394271226e-09,2408.4924726992253,490.0725825278824,43.06550150160359,292.35304316269765,0.0004838606963489075,10954724855113224492,train,-3.3152796538823557,-3.31301,0.0022696765416574394,1.2214236,0.005575005,-3.3140285
-2.8000000000000003,1.0040157435828723e-09,2421.1156291426087,502.3421578152334,38.33334239027114,293.10089722857373,0.0005289078751564558,12886194249589357920,train,-3.2766199665194335,-3.2819564,0.005336467730444383,0.97772866,0.006239077,-3.2816408
-1.6,1.0050101529814667e-09,2449.206992526188,478.70441149946606,40.80112322251315,299.2329513672896,0.000511668812600874,15255519671477510073,train,-3.2910110534756485,-3.2943046,0.00329355582305757,1.4450097,0.0051196017,-3.291448
0.0,1.1762312017058683e-09,2610.23254556298,515.3751788116352,39.24041391228537,297.93305834844136,0.0004391155922059,7155552337602576564,train,-3.357421141604886,-3.3571193,0.00030181978176591073,0.7072694,0.0073459353,-3.3582387
-2.4000000000000004,1.000096056099185e-09,2446.239819629679,503.61049666576776,43.101977222602514,303.9832024614659,0.0005305110551596103,13944279034983237670,train,-3.275305561536835,-3.2777855,0.0024799780902400315,1.7832989,0.0046003447,-3.276816
-0.8,9.920951194363948e-10,2484.0228854962547,482.5603784265586,38.422268984819695,304.0303353891022,0.00047746808487445066,2314355766595058403,train,-3.3210556524072334,-3.319656,0.0013997571740791415,0.93917084,0.0063671386,-3.3179126
0.0,1.1942019403763875e-09,2464.50260258804,490.2741317287723,40.32854625878799,294.3650499716886,0.0004503152425647,11892504857466714026,train,-3.3464833525047486,-3.349684,0.0032006475105101906,0.79010594,0.0069472063,-3.3495772
-2.6,9.16382362452114e-10,2549.3338723326283,483.7915671011157,41.484417545989686,302.7283665488111,0.0005172533750754043,779010489516208886,train,-3.286296666883896,-3.2833824,0.0029142511124118364,1.1272136,0.0058061536,-3.2834196
-0.4,1.0375673846448864e-09,2379.4103992541063,496.85223216497695,39.047727684139495,305.18782525816323,0.00046651864598167155,3141391476646313355,train,-3.331130993535662,-3.330479,0.0006520869041923838,0.7497057,0.007133432,-3.3275604
-1.8,1.0203477325736783e-09,2420.870896846657,485.827773341465,41.83782044136868,301.83723728961854,0.0005234504142861352,4106527973129540887,train,-3.281124452135781,-3.2882977,0.007173201062461221,1.2462509,0.00551848,-3.2869353
-2.2,1.066709170571727e-09,2302.646144768272,474.8978179470865,37.69553984942066,294.1521471075916,0.0005127396089786515,3765765162242439701,train,-3.290103132147231,-3.2882676,0.0018355196899557669,0.7444745,0.0071586445,-3.288973
-1.6,9.596807973870107e-10,2396.380469719385,547.2442070596833,39.34847113068841,298.5552181462747,0.0005091143927633979,16164245777420927440,train,-3.2931846251992205,-3.2948613,0.0016766914816876977,1.2915539,0.005419551,-3.2933896
-1.4,9.123213222215395e-10,2625.69228411366,506.617977618184,38.92442853409919,306.1252360546967,0.00048746466471052936,2928394120619732261,train,-3.31205685991912,-3.3074687,0.0045882071939002955,0.97763085,0.0062393923,-3.3110793
-3.0,1.0789603531824067e-09,2367.1936347140645,478.9001778930339,37.12870103512795,297.3410066095633,0.0005287611422446985,4747465828158748725,train,-3.2767404679111736,-3.2833502,0.006609761352132093,0.6831749,0.0074752863,-3.2816815
-0.2,1.1459805246638944e-09,2630.825732937456,497.4739907663986,41.26661222078493,300.2753689300697,0.0004502911161650484,12849312948239067464,train,-3.346506621188426,-3.3403597,0.006146933383250008,0.9585229,0.0063019022,-3.3415904
-2.8000000000000003,1.075576112436465e-09,2439.1914792405805,507.5653121861305,41.43318212059344,299.0815860986159,0.0005243572319085081,8793357247245534573,train,-3.2803727378507332,-3.2748046,0.005568145718164885,1.3086512,0.0053835516,-3.2774825
-2.6,1.0789603531824067e-09,2367.1936347140645,478.9001778930339,37.12870103512795,297.3410066095633,0.0005240919648439974,4747465828158748725,train,-3.280592498665397,-3.2869148,0.006322326774056197,0.6702412,0.007547573,-3.2855313
-1.4,1.0375673846448864e-09,2379.4103992541063,496.85223216497695,39.047727684139495,305.18782525816323,0.0004986658967448517,3141391476646313355,train,-3.3021903317254186,-3.300822,0.001368312148392281,0.9156101,0.0064493287,-3.2990294
-2.8000000000000003,1.0147448677929011e-09,2607.8117384734032,505.1107398178068,40.31257836583995,298.21936914217434,0.0005253737771887194,833253205382390921,train,-3.27953160780889,-3.2823007,0.0027691028692107267,1.1153674,0.005837266,-3.281897
-1.8,9.63679966987411e-10,2457.046368424285,519.0454313677445,40.52844947169319,303.263443359763,0.0005152514819062172,17951410366048416543,train,-3.2879807504798175,-3.2919466,0.003965899071574075,1.7175328,0.0046892096,-3.2870474
-0.4,9.304065850268983e-10,2472.4930947482308,495.539662311,41.9345213676303,296.5403011366731,0.0004733049360463137,1906069974405082520,train,-3.3248589662979087,-3.3227122,0.0021467832992514424,0.73340446,0.007212883,-3.327155
-2.8000000000000003,9.344027379399094e-10,2510.734791451186,511.4018674256231,36.36815079533651,301.4558439858307,0.0005039879375075224,13370015301709921327,train,-3.2975798578731492,-3.291728,0.005851838158793754,0.5844915,0.00808587,-3.29485
-2.8000000000000003,8.89459518994858e-10,2383.601346469497,502.4892009812192,38.55163090195673,309.2198732722366,0.0005211418536840515,3483175946691254694,train,-3.2830440465912365,-3.2864351,0.0033910806670642835,1.0208099,0.006104636,-3.284214
-1.6,9.920951194363948e-10,2484.0228854962547,482.5603784265586,38.422268984819695,304.0303353891022,0.0004983619571767578,2314355766595058403,train,-3.302455117269423,-3.3012557,0.0011994142970110921,1.0035571,0.006157439,-3.2990801
-2.4000000000000004,8.354324428057497e-10,2430.182491588309,507.603602235917,36.73791801396338,295.61725668807514,0.0005087563826339818,10829525609740651031,train,-3.2934901292648457,-3.2938879,0.0003977243575907785,0.65916777,0.0076111425,-3.2956464
-1.2000000000000002,1.0375673846448864e-09,2379.4103992541063,496.85223216497695,39.047727684139495,305.18782525816323,0.000493901357669837,3141391476646313355,train,-3.3063597800184312,-3.3048768,0.0014829756666245864,0.8695903,0.0066193645,-3.3031445
-2.6,9.123213222215395e-10,2625.69228411366,506.617977618184,38.92442853409919,306.1252360546967,0.0005084246987643943,2928394120619732261,train,-3.2937733600131125,-3.2897153,0.004058069943532416,0.943716,0.006351637,-3.2925668
-2.2,1.006938037138553e-09,2476.033687734913,499.8883185243343,35.52248114367448,306.4489109295662,0.0005095864074041742,11533471517763731933,train,-3.2927821647937643,-3.2984815,0.00569929959222204,0.645814,0.007689961,-3.2970827
-2.6,1.0727510291740675e-09,2408.6350240081065,515.7307920217833,36.322106531247385,300.55707391972635,0.0005047871152618035,16501516911797089168,train,-3.296891739029602,-3.2915337,0.00535803045721428,0.6629512,0.0075892447,-3.2895658
-2.8000000000000003,1.0375673846448864e-09,2379.4103992541063,496.85223216497695,39.047727684139495,305.18782525816323,0.0005212263578290865,3141391476646313355,train,-3.282973630621982,-3.2826874,0.0002862050085785661,0.8752004,0.0065979226,-3.2807713
-1.4,9.162514515645111e-10,2366.748252214537,515.4599435910573,36.43861892729903,303.676124223718,0.00048061517670357624,17492872546512810480,train,-3.318202519311251,-3.3078372,0.010365271462740466,0.49526754,0.008788131,-3.311213
-2.8000000000000003,1.1942019403763875e-09,2464.50260258804,490.2741317287723,40.32854625878799,294.3650499716886,0.0005300372063923832,11892504857466714026,train,-3.2756936436751363,-3.2768404,0.001146804704380333,1.2085433,0.0056050112,-3.2771997
-1.8,1.1774606839117e-09,2487.5677489208106,509.6158544320055,42.33569419095241,299.8381908200232,0.0005105716999370231,14988660033747214345,train,-3.291943261019829,-3.286033,0.0059103459044727025,1.5830475,0.0048877737,-3.2895823
-2.6,1.0942344693420075e-09,2360.838758300681,491.3731844386217,39.51420947268076,305.7035776891924,0.0005279347365692744,3134241803077969267,train,-3.2774197617458856,-3.282776,0.005356355578943539,0.8018268,0.006895824,-3.2807608
-3.0,9.74908016407874e-10,2433.9347159425315,536.1873069142775,40.58953669016749,293.2225739384997,0.0005417571697935941,18393380424088899902,train,-3.2661953323732766,-3.2729123,0.006716931496962619,2.4117932,0.003942722,-3.2681043
-2.6,9.162514515645111e-10,2366.748252214537,515.4599435910573,36.43861892729903,303.676124223718,0.000500141906531044,17492872546512810480,train,-3.3009067547050943,-3.2922328,0.008674002858780838,0.57901275,0.008124266,-3.29417
-0.2,9.50582857470194e-10,2403.738957653681,492.6388454667692,37.10727035463277,300.4554170460457,0.00045859090262297374,9184494546452176042,train,-3.3385745649131686,-3.3437037,0.005129181882485678,0.4220927,0.0095230695,-3.3432138
-1.6,8.762920771795992e-10,2597.67569731618,502.646286170094,38.978559546027874,295.06946514256083,0.0004911163168917092,2033506848451370756,train,-3.308815636590629,-3.3023431,0.006472506478934825,0.762547,0.007072642,-3.3054044
-2.4000000000000004,9.85546704036472e-10,2573.0239327697072,479.3922741661716,39.9154735600532,295.8292447353602,0.0005109940717834805,12112510911978131146,train,-3.2915841382344775,-3.2874432,0.004140977223735298,0.7725945,0.007026136,-3.288542
-2.8000000000000003,9.136850961862703e-10,2400.1705034771794,499.3175315176618,39.85562670167986,300.93280864091923,0.0005201573090858612,689847661215077168,train,-3.2838652945646984,-3.279972,0.00389321814868282,0.9295041,0.006400483,-3.2827396
-0.8,1.0942344693420075e-09,2360.838758300681,491.3731844386217,39.51420947268076,305.7035776891924,0.0004910861886799235,3134241803077969267,train,-3.3088422798053596,-3.3140638,0.005221507654967539,0.8385639,0.0067417948,-3.3104577
-2.4000000000000004,8.75983736068783e-10,2627.978517028968,489.37942559949954,40.91913452211564,297.20307373531364,0.0005142174623346609,5144607327742428380,train,-3.2888531792162743,-3.2874649,0.001388322114833862,1.0863891,0.0059154974,-3.2851646
-2.6,1.018423641836786e-09,2420.2103352289205,495.3862399264609,39.18777263938059,307.5354074756815,0.0005136510768358686,9985116505034206452,train,-3.289331797078924,-3.285767,0.003564718679265777,0.8300178,0.0067767147,-3.2837782
-2.4000000000000004,1.006299553709699e-09,2596.53014928976,491.578961058072,40.01001805266426,305.28831051478386,0.0005109562503345572,6325844468188908084,train,-3.291616283919482,-3.2892475,0.0023687711020992097,0.77384555,0.0070204083,-3.2893505
-2.6,9.928313705154955e-10,2556.196978076177,523.0189213691006,40.51326020590248,298.8914974420704,0.0005266189377228838,903425415547655004,train,-3.2785035273023677,-3.2821288,0.0036252835802006445,1.5542846,0.004933534,-3.2773528
-0.4,9.682475573035431e-10,2330.6047518253104,479.0686974559265,41.64371883461047,301.63426669668445,0.00047937952184233545,13640118791446356878,train,-3.319320522118861,-3.3217883,0.0024677888857778107,0.83985835,0.0067365523,-3.323396
-1.2000000000000002,1.000096056099185e-09,2446.239819629679,503.61049666576776,43.101977222602514,303.9832024614659,0.000507217683452031,13944279034983237670,train,-3.2948056137782102,-3.2970424,0.0022367560643190565,1.6312823,0.0048137535,-3.2956839
-2.4000000000000004,9.920951194363948e-10,2484.0228854962547,482.5603784265586,38.422268984819695,304.0303353891022,0.0005118357883038536,2314355766595058403,train,-3.2908693508843845,-3.2900932,0.0007761673669284264,0.9893924,0.0062018163,-3.2879572
-1.8,9.725086180844783e-10,2468.017331565751,490.28733545372194,44.50977871149023,303.263152322465,0.0005198009660984358,3744802582600429992,train,-3.2841629176575733,-3.2842276,6.46919768261256e-05,1.8160441,0.0045578983,-3.283841
-0.4,1.0705485436227222e-09,2590.7468930890127,531.0534862964538,41.61731424149927,306.85396396460635,0.00047408918061741476,4155552024635161694,train,-3.3241399557794837,-3.3314562,0.007316228607723296,0.9452248,0.006346516,-3.3274438
-1.8,1.2225799825820127e-09,2598.953191343567,516.8045118894966,39.85430360518959,306.74502895459364,0.0005008292793784126,17234994038809733169,train,-3.300310289420681,-3.295789,0.004521286048488449,1.0861402,0.005916183,-3.2996101
0.0,9.162514515645111e-10,2366.748252214537,515.4599435910573,36.43861892729903,303.676124223718,0.0004258660467626,17492872546512810480,train,-3.370726983761539,-3.3584793,0.012247722363223357,0.25603783,0.0122377435,-3.3631847
-1.8,1.0073410050818803e-09,2574.374612551252,485.6872921198837,42.17824256593523,298.72995545788456,0.0005120875987635423,9029148243980292461,train,-3.2906557413571207,-3.2916105,0.0009547379977377091,1.2399135,0.0055327476,-3.288529
-0.2,9.808684991835892e-10,2440.440905080504,475.02919518003887,43.13862383173334,296.64614602139693,0.00047144028549004117,10893922623691634355,train,-3.3265733089171667,-3.3290074,0.0024340782440881448,0.9925967,0.0061916946,-3.3287559
-1.8,1.0044736023004086e-09,2276.4853940628345,486.8441992232576,38.23677890677304,298.10055132439214,0.0005119319908648614,15363031408316951214,train,-3.290787730340422,-3.2925603,0.0017726086335771996,0.74510366,0.007155598,-3.291212
-1.0,8.584521018906483e-10,2718.2749419682723,482.1832227724541,38.88005077046229,301.691940704981,0.00047963750928607484,3494250555080783753,train,-3.319086860938126,-3.3194096,0.0003227479028162783,0.820181,0.0068175793,-3.321868
-1.6,1.032683367538443e-09,2526.170348943833,478.8149532207128,42.09307571557734,293.4443281911712,0.0005127955745885225,12981595077382156139,train,-3.2900557314223082,-3.2920995,0.002043744438287476,1.5504028,0.004939807,-3.2899218
-0.6000000000000001,9.89963136259949e-10,2542.7024133885266,503.0087467521194,39.0211226249472,305.0510216058231,0.0004675393292231671,380264510751012186,train,-3.3301818505750402,-3.3276196,0.002562297962735549,0.93475276,0.0063823145,-3.324362
-3.0,9.595802013951228e-10,2610.2949574222403,489.9218602044182,42.219532217947325,302.0841812978663,0.0005301866742969138,11643629726484600332,train,-3.2755711920160637,-3.2798471,0.00427595306450268,1.3635185,0.0052726134,-3.275583
-0.2,8.599648780937921e-10,2637.8899539670565,501.9551856304757,39.90381821426863,300.9815905741297,0.00044615234559321345,14435728251762431223,train,-3.350516819420086,-3.346106,0.004410767021404194,0.59244686,0.008031067,-3.3508654
-2.4000000000000004,1.0040157435828723e-09,2421.1156291426087,502.3421578152334,38.33334239027114,293.10089722857373,0.0005237773445788251,12886194249589357920,train,-3.280853290441502,-3.286725,0.005871753808986302,0.95210457,0.006323319,-3.286144
-1.4,1.0203477325736783e-09,2420.870896846657,485.827773341465,41.83782044136868,301.83723728961854,0.0005151454408405386,4106527973129540887,train,-3.2880701394304737,-3.295005,0.006934943653632786,1.2172408,0.0055846977,-3.2937627
-0.2,8.75983736068783e-10,2627.978517028968,489.37942559949954,40.91913452211564,297.20307373531364,0.00045165655266746435,5144607327742428380,train,-3.345191684608626,-3.3424194,0.0027722986985918574,0.54924875,0.008342776,-3.3412936
-1.0,1.0025105539620802e-09,2526.9743060678943,509.1946075584183,40.75166342427999,301.0515477079729,0.0004912665642222403,15180030701036252205,train,-3.308682793096848,-3.3086398,4.3028311081272363e-05,1.2579402,0.0054924455,-3.3085065
-1.4,8.762920771795992e-10,2597.67569731618,502.646286170094,38.978559546027874,295.06946514256083,0.00048685859978785687,2033506848451370756,train,-3.3125971542857444,-3.3057315,0.006865619327858674,0.7343462,0.007208221,-3.3093483
-1.6,1.0073410050818803e-09,2574.374612551252,485.6872921198837,42.17824256593523,298.72995545788456,0.0005081073792658302,9029148243980292461,train,-3.29404449776603,-3.2948422,0.0007977454285499341,1.2878546,0.005427434,-3.2919316
-1.8,1.075576112436465e-09,2439.1914792405805,507.5653121861305,41.43318212059344,299.0815860986159,0.0005094879840750601,8793357247245534573,train,-3.2928660540744983,-3.287356,0.005510154263707268,1.2898062,0.005423271,-3.2897632
-3.0,8.758150413106088e-10,2554.792538970499,492.8309420700668,37.207464786418186,297.95471711920453,0.0005158380099517185,14100953261967155807,train,-3.2874866596697974,-3.2880387,0.0005520709515405287,0.6019529,0.007967009,-3.2882073
-1.8,1.0941860864671191e-09,2539.112215454232,503.69324532533454,39.339075937042885,294.39428351617613,0.0005125028247005412,12823118457006761398,train,-3.2903037366166425,-3.2949064,0.004602641175715849,0.96795464,0.0062708165,-3.293345
-3.0,1.0941860864671191e-09,2539.112215454232,503.69324532533454,39.339075937042885,294.39428351617613,0.0005295144706585093,12823118457006761398,train,-3.2761221669233196,-3.2799242,0.0038019873582966213,0.9124437,0.0064606154,-3.2792795
-1.6,9.304065850268983e-10,2472.4930947482308,495.539662311,41.9345213676303,296.5403011366731,0.0005104378960941463,1906069974405082520,train,-3.2920570900595902,-3.2911663,0.0008907845175980533,1.1620953,0.0057173115,-3.2939446
-0.4,1.0352580576007263e-09,2678.9547588546675,473.131828680381,34.826156523967086,290.8089263982084,0.00044944089892287706,603198139025932464,train,-3.3473274095129697,-3.3413,0.006027398831817354,0.4371352,0.009357056,-3.343934
-1.6,1.2307353848142815e-09,2445.249484887284,482.48119148575233,42.87746783295031,307.55593866537106,0.0005126152088924757,15038946426069692038,train,-3.2902085127828857,-3.2913175,0.0011089501382568479,1.6199745,0.0048308107,-3.289532
-0.6000000000000001,8.762920771795992e-10,2597.67569731618,502.646286170094,38.978559546027874,295.06946514256083,0.0004633479556475977,2033506848451370756,train,-3.334092748803278,-3.3261428,0.007949960869928496,0.5808753,0.008111153,-3.3316536
-1.0,1.1762312017058683e-09,2610.23254556298,515.3751788116352,39.24041391228537,297.93305834844136,0.0004863300850473917,7155552337602576564,train,-3.313068863547331,-3.3118966,0.0011723009710369325,0.9765298,0.006242945,-3.3141067
-2.2,1.0352580576007263e-09,2678.9547588546675,473.131828680381,34.826156523967086,290.8089263982084,0.0004955866152382398,603198139025932464,train,-3.304880431526545,-3.3041704,0.0007100614246162706,0.46117344,0.009108796,-3.300941
0.0,1.018423641836786e-09,2420.2103352289205,495.3862399264609,39.18777263938059,307.5354074756815,0.0004362216730268,9985116505034206452,train,-3.3602927609441156,-3.3531423,0.0071504994389886,0.71624845,0.007299405,-3.349836
-0.6000000000000001,9.979877857013674e-10,2496.537246315292,510.00187244466247,38.795972505421744,297.7961123434831,0.00047081870134266235,1378160361063041439,train,-3.3271462949182036,-3.3234477,0.003698590603018026,0.7164831,0.0072982004,-3.3264313
-3.0,8.220747042076196e-10,2489.354974528123,536.8974000619587,36.589080383233394,294.68809277779184,0.0005116167321314349,13344013943894260190,train,-3.29105526060948,-3.2895539,0.0015013799179515175,0.8674189,0.006627719,-3.289663
-2.4000000000000004,1.0803651442869379e-09,2531.060987167743,511.9316238370674,40.66002705988115,288.1838349540611,0.0005306825704819114,17485459239320075305,train,-3.275165175924095,-3.2816944,0.006529236307350139,1.3998928,0.0052026734,-3.2794046
-0.6000000000000001,8.589969950121182e-10,2505.474763633521,514.8627810246533,39.90795077029272,306.8673078749587,0.000467352591463805,8372103036707258832,train,-3.330355344810551,-3.3267379,0.0036174641037640676,0.85266465,0.0066853273,-3.3282251
-2.4000000000000004,9.798133860644783e-10,2446.0111249981446,493.4775434169566,39.325337668236735,299.6111127589073,0.0005230247657066324,7157631882990673600,train,-3.281477746400254,-3.2860475,0.004569712248427837,0.9265946,0.006410621,-3.2837012
-2.6,9.58904338765352e-10,2486.667922677388,495.3304947031063,40.43386356777175,305.1954997344612,0.0005301173531837396,13052852389533457310,train,-3.2756279790812703,-3.2840278,0.008399835783841958,1.2614714,0.0054846513,-3.2800622
-2.8000000000000003,9.756514716409811e-10,2404.497548871577,500.9208966540563,41.62971960161597,300.52976098251094,0.0005353977263180477,7311808897764695838,train,-3.271323477470383,-3.2748837,0.0035602696304470882,1.4279388,0.0051505724,-3.274615
-0.8,1.0050965165320695e-09,2414.3235243349927,515.5034020410067,40.79653471954481,301.4383600393062,0.0004904144583384479,18237334030368139870,train,-3.3094367344846587,-3.3105154,0.0010786692628999006,1.17368,0.005688682,-3.3105612
-1.0,9.220148370062531e-10,2472.3739758500788,504.5088858703008,41.28793476116813,303.0641722996054,0.0004869573625154405,7538273554073210114,train,-3.3125090634977217,-3.307385,0.005124095693766595,1.1447375,0.0057610157,-3.313276
-2.0,1.0040157435828723e-09,2421.1156291426087,502.3421578152334,38.33334239027114,293.10089722857373,0.0005177818354904981,12886194249589357920,train,-3.2858531892905165,-3.2922869,0.006433683573253024,0.96244055,0.006288935,-3.2908516
-1.0,1.120623623770265e-09,2459.871490367434,512.0011452017391,38.21649432972869,303.56534322943094,0.00048823443620844815,2671493380122846465,train,-3.3113715921292473,-3.312227,0.0008554185976814566,0.9841464,0.0062184935,-3.3150141
-2.6,1.032683367538443e-09,2526.170348943833,478.8149532207128,42.09307571557734,293.4443281911712,0.000529233257546153,12981595077382156139,train,-3.2763528721282587,-3.2782156,0.001862774615515761,1.5731409,0.004903394,-3.2760098
-1.2000000000000002,1.0025105539620802e-09,2526.9743060678943,509.1946075584183,40.75166342427999,301.0515477079729,0.0004968570948976955,15180030701036252205,train,-3.3037685042681124,-3.30377,1.5610395047715997e-06,1.2907299,0.005421304,-3.3034203
-0.4,1.2307353848142815e-09,2445.249484887284,482.48119148575233,42.87746783295031,307.55593866537106,0.00047488841969279964,15038946426069692038,train,-3.3234084206998,-3.3252978,0.0018894117892136464,1.2790923,0.0054462412,-3.3225117
-1.2000000000000002,9.725086180844783e-10,2468.017331565751,490.28733545372194,44.50977871149023,303.263152322465,0.0005064126026033149,3744802582600429992,train,-3.2954954949872,-3.2951958,0.0002996770398122628,1.6239936,0.004824728,-3.2953622
-1.0,9.162514515645111e-10,2366.748252214537,515.4599435910573,36.43861892729903,303.676124223718,0.0004707930485077074,17492872546512810480,train,-3.3271699583541596,-3.3161893,0.010980669261142051,0.44343746,0.009290022,-3.3199522
-1.4,1.0692616090001279e-09,2445.881237248077,515.6238842072526,38.37558042728467,295.9516778251947,0.0005010173232691847,2860266914913243763,train,-3.3001472576254716,-3.3016796,0.0015323535805831234,0.98111993,0.006228175,-3.3018267
-1.6,1.0789603531824067e-09,2367.1936347140645,478.9001778930339,37.12870103512795,297.3410066095633,0.0005084719225702069,4747465828158748725,train,-3.293733023487524,-3.3000443,0.006311274684473123,0.68977517,0.007439181,-3.2987306
-1.2000000000000002,1.018423641836786e-09,2420.2103352289205,495.3862399264609,39.18777263938059,307.5354074756815,0.0004887646237231079,9985116505034206452,train,-3.3109002354124666,-3.3064787,0.004421496627676547,0.8653744,0.006635614,-3.3031085
-1.2000000000000002,8.220747042076196e-10,2489.354974528123,536.8974000619587,36.589080383233394,294.68809277779184,0.0004822003061822609,13344013943894260190,train,-3.3167725181949312,-3.3143024,0.0024700737369234282,0.52095795,0.008567565,-3.31532
-0.8,1.1774606839117e-09,2487.5677489208106,509.6158544320055,42.33569419095241,299.8381908200232,0.00048578824105628693,14988660033747214345,train,-3.313553001894361,-3.3070886,0.006464388384229025,1.3741872,0.0052518137,-3.3130872
0.0,1.0941860864671191e-09,2539.112215454232,503.69324532533454,39.339075937042885,294.39428351617613,0.0004465537471836,12823118457006761398,train,-3.3501262619703467,-3.3554127,0.005286459663564447,0.5415403,0.008402279,-3.3534253
-1.0,1.2307353848142815e-09,2445.249484887284,482.48119148575233,42.87746783295031,307.55593866537106,0.0004977673706649877,15038946426069692038,train,-3.302973575394339,-3.3044968,0.0015231897423797491,1.4800321,0.00505774,-3.3020532
-3.0,1.0732744646319759e-09,2458.1779927472685,500.451348042105,41.29986197643443,296.3385514465405,0.0005269436082678321,15854623793106210877,train,-3.2782358590351013,-3.2737489,0.004486984370794644,1.2551135,0.0054987078,-3.2757905
-0.4,1.0941860864671191e-09,2539.112215454232,503.69324532533454,39.339075937042885,294.39428351617613,0.00047174994549660737,12823118457006761398,train,-3.3262881413390226,-3.329143,0.0028549059937410526,0.7303944,0.007227843,-3.3293102
-1.8,9.162514515645111e-10,2366.748252214537,515.4599435910573,36.43861892729903,303.676124223718,0.0004884206125965214,17492872546512810480,train,-3.311206016004741,-3.3017752,0.009430798948466546,0.53692585,0.008438508,-3.3043962
0.0,9.136850961862703e-10,2400.1705034771794,499.3175315176618,39.85562670167986,300.93280864091923,0.0004397447068302,689847661215077168,train,-3.3567993794049436,-3.3512669,0.005532518443029488,0.4262716,0.00947607,-3.3555856
-2.0,1.006938037138553e-09,2476.033687734913,499.8883185243343,35.52248114367448,306.4489109295662,0.0005063821053348845,11533471517763731933,train,-3.295521649933099,-3.300834,0.0053122905728826275,0.6736535,0.0075283004,-3.2996614
-1.8,9.89963136259949e-10,2542.7024133885266,503.0087467521194,39.0211226249472,305.0510216058231,0.000499810230946472,380264510751012186,train,-3.3011948582573454,-3.2980752,0.0031196591301481114,1.057227,0.0059974384,-3.2957602
-1.6,1.0692616090001279e-09,2445.881237248077,515.6238842072526,38.37558042728467,295.9516778251947,0.0005052576656063045,2860266914913243763,train,-3.2964870887869004,-3.298436,0.0019488376504774862,1.0373329,0.006055302,-3.29786
-1.8,8.354324428057497e-10,2430.182491588309,507.603602235917,36.73791801396338,295.61725668807514,0.0004995791677960704,10829525609740651031,train,-3.30139567978518,-3.3021345,0.0007388340698004647,0.65041757,0.007662516,-3.303627
-2.8000000000000003,8.979123523428992e-10,2531.360993910196,491.918494232159,35.793021097389925,308.86985058095934,0.0005239459290561169,579736006479800074,train,-3.280713529665548,-3.2923617,0.011648206632059566,0.6440797,0.007700377,-3.2882342
-0.2,1.0727510291740675e-09,2408.6350240081065,515.7307920217833,36.322106531247385,300.55707391972635,0.0004440714369881276,16501516911797089168,train,-3.3525471600786902,-3.3450675,0.007479659010575013,0.44347516,0.009289625,-3.3447824
-2.4000000000000004,9.603042271636284e-10,2438.0715583385486,503.6957420101608,43.08491203323523,298.5763734449834,0.0005320218105428371,2124884718484563516,train,-3.2740705631857043,-3.2754312,0.0013605929727429356,2.1676292,0.0041642115,-3.2735639
-2.4000000000000004,8.622252758820395e-10,2596.9228583838576,499.2028055441836,37.99663516660689,298.18972265332246,0.0005124397976500164,7681735671422946543,train,-3.2903571489729853,-3.293273,0.0029158231339483365,0.7212496,0.0072738654,-3.2945154
-0.4,9.244750759855351e-10,2606.766252024905,514.7015322051607,39.36697999872778,300.425811364213,0.00046546886894760004,13867644369009061341,train,-3.332109359787645,-3.3353121,0.003202768279371604,0.58943594,0.0080516795,-3.3401961
-1.6,1.0933784852654091e-09,2410.884334287086,539.0569290920441,39.62193192256099,289.3285700165644,0.0005104632060921328,16519722322841066187,train,-3.2920355561569603,-3.2917182,0.0003173116043480029,1.1707441,0.0056958976,-3.2899046
-1.4,9.725086180844783e-10,2468.017331565751,490.28733545372194,44.50977871149023,303.263152322465,0.0005113959800944997,3744802582600429992,train,-3.2912426901337706,-3.2910447,0.00019797806712018584,1.7342603,0.0046661315,-3.2912543
-0.2,9.89297888860932e-10,2413.8801533334354,510.75595836241,38.53132745549709,285.1813868750008,0.00046132939808129597,6508029577517650568,train,-3.335988869220746,-3.3366394,0.0006505350761289996,0.52462286,0.008537425,-3.338785
-0.8,9.162514515645111e-10,2366.748252214537,515.4599435910573,36.43861892729903,303.676124223718,0.0004648394132832992,17492872546512810480,train,-3.332697055648353,-3.3218336,0.010863445113685088,0.4181304,0.009568281,-3.325483
-0.6000000000000001,1.0071535471770136e-09,2369.635821802133,538.5091665951578,40.65637295368661,296.23853018587084,0.0004897302685642047,6305389621858259219,train,-3.3100430528856775,-3.3121858,0.002142711427066679,0.9690549,0.00626722,-3.3107028
-2.2,9.42387899986183e-10,2596.3418775504824,506.9916211367261,42.54178389838287,305.55199671356803,0.0005135857782289828,3392607520233113049,train,-3.2893870108780487,-3.286876,0.0025110476669891746,1.4271079,0.005152094,-3.2877254
-2.0,8.584521018906483e-10,2718.2749419682723,482.1832227724541,38.88005077046229,301.691940704981,0.0005026363136976489,3494250555080783753,train,-3.298746138368196,-3.299895,0.001148909773283524,0.8138599,0.0068442286,-3.3019042
-2.0,9.682475573035431e-10,2330.6047518253104,479.0686974559265,41.64371883461047,301.63426669668445,0.0005240793712844884,13640118791446356878,train,-3.2806029345802403,-3.2835958,0.002992865819539947,1.4165454,0.0051715523,-3.283747
-1.0,9.926993823896762e-10,2332.1716999604114,489.929360905385,39.90607827400121,296.137708789732,0.0004882946862883762,8562678507013604755,train,-3.3113180017617356,-3.3030555,0.008262476935685825,0.59649163,0.008003624,-3.304124
0.0,8.584521018906483e-10,2718.2749419682723,482.1832227724541,38.88005077046229,301.691940704981,0.0004301809219551,3494250555080783753,train,-3.366348853998182,-3.364452,0.001896968774793173,0.5028622,0.008721174,-3.3674343
-0.6000000000000001,1.006299553709699e-09,2596.53014928976,491.578961058072,40.01001805266426,305.28831051478386,0.00046848431988171164,6325844468188908084,train,-3.3293049403211517,-3.3278117,0.0014932223340911044,0.8772018,0.006590323,-3.3252134
-2.4000000000000004,1.2307353848142815e-09,2445.249484887284,482.48119148575233,42.87746783295031,307.55593866537106,0.0005263241755974845,15038946426069692038,train,-3.278746681118105,-3.2802107,0.0014640522955913227,1.7267625,0.004676434,-3.2786498
-2.0,9.136850961862703e-10,2400.1705034771794,499.3175315176618,39.85562670167986,300.93280864091923,0.0005087909455040892,689847661215077168,train,-3.2934606260400674,-3.2895415,0.003919143114652357,0.88805836,0.006549546,-3.2921169
-0.8,1.006299553709699e-09,2596.53014928976,491.578961058072,40.01001805266426,305.28831051478386,0.0004758899150361839,6325844468188908084,train,-3.3224934985854486,-3.3205397,0.0019537856795648345,0.8954903,0.0065220594,-3.3184364
-1.4,1.0191682032973931e-09,2560.240612715575,475.6482256289376,41.11142736058992,291.8506686301862,0.0004991847251662017,14547390297170085011,train,-3.30173871234311,-3.2986825,0.0030562610949411706,1.1406869,0.005771357,-3.300769
-1.8,1.1762312017058683e-09,2610.23254556298,515.3751788116352,39.24041391228537,297.93305834844136,0.0005045838038293143,7155552337602576564,train,-3.2970666936132185,-3.2966712,0.0003955414983503047,1.0312138,0.006073435,-3.2969959
-1.6,1.0663734802785015e-09,2646.766281337793,486.2018595083384,41.79339850063371,299.641349014439,0.0005122481937557068,5637171177688138856,train,-3.2905195642948737,-3.297831,0.007311494207323577,1.1917644,0.005644824,-3.294161
-0.4,7.777840542828623e-10,2445.911024694583,482.1130919467457,41.27682283342508,300.8565986758517,0.00046292159265381327,13149960228396626776,train,-3.3344925613824685,-3.3279917,0.006500837368186296,0.7516159,0.007124291,-3.3321428
-1.6,1.0941860864671191e-09,2539.112215454232,503.69324532533454,39.339075937042885,294.39428351617613,0.0005086649243078975,12823118457006761398,train,-3.2935682087117346,-3.297982,0.004413768751033942,0.9595235,0.0062985825,-3.2965276
-2.8000000000000003,9.603042271636284e-10,2438.0715583385486,503.6957420101608,43.08491203323523,298.5763734449834,0.0005372911041521473,2124884718484563516,train,-3.2697903499200778,-3.2714307,0.0016403808996243718,2.251371,0.00408423,-3.2697284
-3.0,9.60969170700449e-10,2766.6918918406623,529.8468751484584,39.61181207182135,297.3307652107198,0.0005221967132007466,6563696386679920944,train,-3.282165866031403,-3.2853324,0.0031665752985530204,1.0227436,0.006098801,-3.2809415
-1.6,1.0040157435828723e-09,2421.1156291426087,502.3421578152334,38.33334239027114,293.10089722857373,0.0005105822607726566,12886194249589357920,train,-3.2919342780205625,-3.2981136,0.0061793064978701295,0.95194924,0.0063238395,-3.2968726
-2.0,9.808684991835892e-10,2440.440905080504,475.02919518003887,43.13862383173334,296.64614602139693,0.0005281931059507222,10893922623691634355,train,-3.2772072715635865,-3.2820804,0.004873140347424254,1.9991021,0.004340031,-3.2782705
-3.0,1.1942019403763875e-09,2464.50260258804,490.2741317287723,40.32854625878799,294.3650499716886,0.0005323238738615357,11892504857466714026,train,-3.273824055988014,-3.275356,0.0015319983180162033,1.2400293,0.005532486,-3.2756462
0.0,1.066709170571727e-09,2302.646144768272,474.8978179470865,37.69553984942066,294.1521471075916,0.0004441125599674,3765765162242439701,train,-3.3525069443507527,-3.3520625,0.00044448059037671683,0.36965495,0.010178887,-3.3540454
-0.4,1.0671658198705112e-09,2444.626831258547,492.08006432381046,41.193035529790656,301.7038514591378,0.00046534542699918925,10743645008157788724,train,-3.332224549589903,-3.3257906,0.006433905897886394,0.8430564,0.006723651,-3.3256116
-1.6,9.603042271636284e-10,2438.0715583385486,503.6957420101608,43.08491203323523,298.5763734449834,0.0005182630099007439,2124884718484563516,train,-3.28544978704947,-3.2868552,0.0014054337452078514,1.9939611,0.0043457397,-3.2842832
-2.4000000000000004,8.584521018906483e-10,2718.2749419682723,482.1832227724541,38.88005077046229,301.691940704981,0.0005090109103334476,3494250555080783753,train,-3.2932729087303723,-3.2941952,0.000922266440526176,0.82184887,0.006810599,-3.2963302
-1.6,8.89459518994858e-10,2383.601346469497,502.4892009812192,38.55163090195673,309.2198732722366,0.0005022343086922542,3483175946691254694,train,-3.2990936230313244,-3.3004,0.0013063956606922389,1.0347683,0.0060628816,-3.298644
-0.6000000000000001,9.42387899986183e-10,2596.3418775504824,506.9916211367261,42.54178389838287,305.55199671356803,0.0004733319224731521,3392607520233113049,train,-3.324834204835982,-3.3232434,0.0015908252430865133,1.2454995,0.005520166,-3.3230197
-2.0,9.162514515645111e-10,2366.748252214537,515.4599435910573,36.43861892729903,303.676124223718,0.000491753158744148,17492872546512810480,train,-3.3082528417375583,-3.299131,0.009121925142099307,0.5276485,0.008512779,-3.301623
-2.6,1.0352580576007263e-09,2678.9547588546675,473.131828680381,34.826156523967086,290.8089263982084,0.0005011238335677886,603198139025932464,train,-3.300054941618274,-3.2988288,0.0012261013625365358,0.49016723,0.008833967,-3.2955635
0.0,1.0308127820747194e-09,2437.7200106987866,482.5972990901911,40.648465379108416,299.4728047413536,0.0004538819519842,18026431441542812131,train,-3.343057086059764,-3.3499866,0.006929467132374523,0.67543703,0.007518285,-3.3464735
-0.4,1.000072357945733e-09,2615.067429542859,502.8265147659643,41.97319841319997,303.92619603855775,0.00047006931960885846,2056914843148536795,train,-3.3278380933328933,-3.331735,0.003896802373283492,1.027607,0.0060841977,-3.3300276
-1.8,9.980121445569454e-10,2387.75545073954,508.7275610680178,38.8972081784186,297.8606493603604,0.000504863932327874,11032972375804727196,train,-3.296825654359944,-3.2932544,0.0035712789021804525,0.9710929,0.0062605734,-3.293736
-2.0,1.1774606839117e-09,2487.5677489208106,509.6158544320055,42.33569419095241,299.8381908200232,0.0005141026367049713,14988660033747214345,train,-3.2889501687385234,-3.2830663,0.005883896002927713,1.568066,0.0049114525,-3.286716
-2.6,9.344027379399094e-10,2510.734791451186,511.4018674256231,36.36815079533651,301.4558439858307,0.0005015357512895843,13370015301709921327,train,-3.29969810345238,-3.2936718,0.006026257062609286,0.5545376,0.008302669,-3.297296
-1.6,8.354324428057497e-10,2430.182491588309,507.603602235917,36.73791801396338,295.61725668807514,0.0004958742466911008,10829525609740651031,train,-3.3046284462771007,-3.3050444,0.00041596633581431064,0.6172911,0.007866781,-3.3070266
-0.4,1.0727510291740675e-09,2408.6350240081065,515.7307920217833,36.322106531247385,300.55707391972635,0.0004542560175064407,16501516911797089168,train,-3.342699310904832,-3.3353608,0.007338545447678868,0.5254976,0.008530277,-3.3344347
-3.0,9.798133860644783e-10,2446.0111249981446,493.4775434169566,39.325337668236735,299.6111127589073,0.0005304993669690813,7157631882990673600,train,-3.275315129994495,-3.2802732,0.004958069086925754,0.9516076,0.006324986,-3.2776794
-1.4,9.136850961862703e-10,2400.1705034771794,499.3175315176618,39.85562670167986,300.93280864091923,0.0004971727897359713,689847661215077168,train,-3.303492648314569,-3.2990663,0.0044263431540465525,0.78133655,0.006986402,-3.302072
-0.8,1.075576112436465e-09,2439.1914792405805,507.5653121861305,41.43318212059344,299.0815860986159,0.00048481885543190644,8793357247245534573,train,-3.314420498060437,-3.3081532,0.0062673455946167245,1.0600188,0.005989448,-3.3119311
-1.4,1.066709170571727e-09,2302.646144768272,474.8978179470865,37.69553984942066,294.1521471075916,0.0004987303901490207,3765765162242439701,train,-3.3021341672300086,-3.29956,0.0025740971921668354,0.65490097,0.007636065,-3.3012412
-1.2000000000000002,9.596807973870107e-10,2396.380469719385,547.2442070596833,39.34847113068841,298.5552181462747,0.0005000436930934316,16164245777420927440,train,-3.300992045983347,-3.3020964,0.0011043208989773845,1.1034366,0.005869103,-3.3011067
-2.0,9.798133860644783e-10,2446.0111249981446,493.4775434169566,39.325337668236735,299.6111127589073,0.0005169795083926017,7157631882990673600,train,-3.2865266707714142,-3.2914705,0.004943856877511532,0.9532006,0.0063196463,-3.2884035
-1.6,9.928313705154955e-10,2556.196978076177,523.0189213691006,40.51326020590248,298.8914974420704,0.0005100254326900677,903425415547655004,train,-3.292408167036255,-3.2964933,0.004085124818603347,1.408711,0.005186125,-3.2906916
-3.0,8.4981307882089e-10,2622.111610500832,493.1418777793542,40.32755095458103,299.70047987606006,0.0005268735530078885,5127878088967066821,train,-3.278293600764852,-3.2830606,0.004766949924845054,1.0087869,0.0061412905,-3.281739
-1.4,9.118663996020179e-10,2651.95019435956,481.7408591707263,38.899871401178025,300.40158819211445,0.0004904626354349196,17319768135093042826,train,-3.309394072570538,-3.3080282,0.0013658514401670985,0.88924223,0.0065451446,-3.308606
-2.6,1.1942019403763875e-09,2464.50260258804,490.2741317287723,40.32854625878799,294.3650499716886,0.0005275767884020279,11892504857466714026,train,-3.277714320196692,-3.2789009,0.0011865415434204607,1.1745427,0.005686567,-3.2794173
-2.0,9.143704143090119e-10,2444.5179463100326,473.4138143725302,40.94136333558407,299.94201571725745,0.0005099851092378818,11714911050137312102,train,-3.2924425044319285,-3.2888176,0.003624860312665845,1.3554016,0.0052886014,-3.2895877
-2.4000000000000004,9.89297888860932e-10,2413.8801533334354,510.75595836241,38.53132745549709,285.1813868750008,0.000520535322919527,6508029577517650568,train,-3.2835497944367735,-3.2856987,0.0021488578306825268,0.9962551,0.0061801984,-3.284691
-2.6,9.725086180844783e-10,2468.017331565751,490.28733545372194,44.50977871149023,303.263152322465,0.0005323620131447312,3744802582600429992,train,-3.2737929413081917,-3.2741473,0.0003543308017937008,2.028588,0.0043077064,-3.2738924
0.0,8.75983736068783e-10,2627.978517028968,489.37942559949954,40.91913452211564,297.20307373531364,0.0004368630923493,5144607327742428380,train,-3.35965464438657,-3.3573694,0.0022852214739721433,0.46629336,0.009058409,-3.3555994
-2.2,9.162514515645111e-10,2366.748252214537,515.4599435910573,36.43861892729903,303.676124223718,0.0004947873169580143,17492872546512810480,train,-3.3055814413099824,-3.296642,0.008939376261764664,0.53311044,0.008468818,-3.2991116
-2.8000000000000003,1.0942344693420075e-09,2360.838758300681,491.3731844386217,39.51420947268076,305.7035776891924,0.0005304288987771217,3134241803077969267,train,-3.2753728227677974,-3.281162,0.005789200776514125,0.82229215,0.0068087475,-3.2786527
-2.0,9.74908016407874e-10,2433.9347159425315,536.1873069142775,40.58953669016749,293.2225739384997,0.0005280711397058085,18393380424088899902,train,-3.2773075670485428,-3.2846618,0.007354202818400601,2.0616944,0.0042722365,-3.2779675
-1.6,1.018423641836786e-09,2420.2103352289205,495.3862399264609,39.18777263938059,307.5354074756815,0.0004977858850256428,9985116505034206452,train,-3.302957422195857,-3.2986822,0.004275209366267241,0.85614645,0.006671599,-3.2959561
-0.8,1.066709170571727e-09,2302.646144768272,474.8978179470865,37.69553984942066,294.1521471075916,0.000483111809844812,3765765162242439701,train,-3.3159523458963327,-3.3121178,0.0038345308786325027,0.60094285,0.007973744,-3.3155587
-0.4,1.0692616090001279e-09,2445.881237248077,515.6238842072526,38.37558042728467,295.9516778251947,0.00046901283859914525,2860266914913243763,train,-3.3288152688916344,-3.3294666,0.0006513124529701209,0.7090241,0.007336773,-3.330936
-0.8,1.000072357945733e-09,2615.067429542859,502.8265147659643,41.97319841319997,303.92619603855775,0.0004868056191668356,2056914843148536795,train,-3.3126444173789795,-3.3167086,0.004064147379321259,1.2532359,0.0055028787,-3.3150074
-1.4,1.000072357945733e-09,2615.067429542859,502.8265147659643,41.97319841319997,303.92619603855775,0.000503918921533393,2056914843148536795,train,-3.2976393341164263,-3.301045,0.0034056068320600374,1.287117,0.0054290094,-3.300395
-2.2,1.0574423663675307e-09,2585.038533860248,471.3266920396063,42.543125490608695,301.3994726877767,0.0005154387475594474,2832837163574657009,train,-3.2878229369323173,-3.2868083,0.0010146845977225816,1.2774553,0.005449776,-3.2867687
-0.8,1.0044736023004086e-09,2276.4853940628345,486.8441992232576,38.23677890677304,298.10055132439214,0.0004882311527346274,15363031408316951214,train,-3.311374512855954,-3.3118966,0.0005220497203399788,0.6027387,0.007961783,-3.3118372
-1.4,1.104689398918354e-09,2572.8324404304963,485.2307246352714,40.714467773434976,300.93677074401546,0.0005022652738212338,9216328605101287225,train,-3.2990668475405514,-3.301294,0.0022272408230961105,1.1601992,0.005722038,-3.2989361
0.0,1.0692616090001279e-09,2445.881237248077,515.6238842072526,38.37558042728467,295.9516778251947,0.0004444980267908,2860266914913243763,train,-3.3521301626032596,-3.3549013,0.0027711511784787035,0.46776775,0.009044054,-3.354932
-2.4000000000000004,9.596807973870107e-10,2396.380469719385,547.2442070596833,39.34847113068841,298.5552181462747,0.0005223700163960602,16164245777420927440,train,-3.282021759159187,-3.2833397,0.001317979686638271,1.5351539,0.004964676,-3.282966
-0.4,9.798133860644783e-10,2446.0111249981446,493.4775434169566,39.325337668236735,299.6111127589073,0.0004727900171481749,7157631882990673600,train,-3.325331702057496,-3.3297272,0.004395470794066547,0.7271359,0.0072441427,-3.3260949
-2.6,8.758150413106088e-10,2554.792538970499,492.8309420700668,37.207464786418186,297.95471711920453,0.0005109956551656837,14100953261967155807,train,-3.291582792518106,-3.2918494,0.0002665822530123485,0.57681215,0.008139841,-3.2922614
-2.2,9.60969170700449e-10,2766.6918918406623,529.8468751484584,39.61181207182135,297.3307652107198,0.000511215545419132,6563696386679920944,train,-3.2913959483021253,-3.2947872,0.0033912202006822767,0.83906454,0.006739766,-3.2904387
-1.0,1.0203477325736783e-09,2420.870896846657,485.827773341465,41.83782044136868,301.83723728961854,0.0005046754836862989,4106527973129540887,train,-3.2969877920730646,-3.3038797,0.006891945780939324,1.1036859,0.0058684326,-3.3028245
-1.2000000000000002,8.89459518994858e-10,2383.601346469497,502.4892009812192,38.55163090195673,309.2198732722366,0.0004930335962568055,3483175946691254694,train,-3.3071234860537766,-3.3081994,0.0010759196163894202,0.99355847,0.006188666,-3.30652
-2.2,9.16382362452114e-10,2549.3338723326283,483.7915671011157,41.484417545989686,302.7283665488111,0.0005115641344350388,779010489516208886,train,-3.2910999113453805,-3.2882762,0.002823715819257444,1.1087047,0.005854982,-3.2887206
-1.8,1.0849323731926979e-09,2551.147301026894,487.27717818808753,44.82712146868644,302.5978918999191,0.0005166138715974981,17938021924088880075,train,-3.2868339367663255,-3.285912,0.0009218998705735615,1.5840168,0.0048862533,-3.2865155
-2.8000000000000003,1.0071535471770136e-09,2369.635821802133,538.5091665951578,40.65637295368661,296.23853018587084,0.0005366443530545854,6305389621858259219,train,-3.270313436228305,-3.272868,0.0025544817862215297,2.1275141,0.004204175,-3.2715013
-1.6,9.980121445569454e-10,2387.75545073954,508.7275610680178,38.8972081784186,297.8606493603604,0.0005010834740330334,11032972375804727196,train,-3.3000899202561524,-3.2962894,0.00380047628642588,0.96723366,0.006273177,-3.2970192
-3.0,1.000072357945733e-09,2615.067429542859,502.8265147659643,41.97319841319997,303.92619603855775,0.0005300770770363767,2056914843148536795,train,-3.275660976252472,-3.2801344,0.004473463215911799,1.2665133,0.0054735793,-3.2782435
-2.8000000000000003,9.979877857013674e-10,2496.537246315292,510.00187244466247,38.795972505421744,297.7961123434831,0.0005176288300765303,1378160361063041439,train,-3.285981543014659,-3.2832797,0.002701885650767455,0.9872243,0.0062086927,-3.2848542
-1.4,8.979123523428992e-10,2531.360993910196,491.918494232159,35.793021097389925,308.86985058095934,0.0005001953199837817,579736006479800074,train,-3.300860376009609,-3.3091288,0.008268385281894997,0.6918524,0.0074279252,-3.3070552
0.0,1.0574423663675307e-09,2585.038533860248,471.3266920396063,42.543125490608695,301.3994726877767,0.00044084783453,2832837163574657009,train,-3.3557112881460207,-3.3520339,0.003677434615136921,0.7484307,0.007139553,-3.354395
-0.8,7.516487326049726e-10,2475.0294016619155,481.8667099014746,36.16652897024234,304.10393187120707,0.0004716493188677455,4556256472297801959,train,-3.3263807884110816,-3.3248842,0.001496612156809185,0.5870013,0.008068461,-3.3276148
0.0,9.920951194363948e-10,2484.0228854962547,482.5603784265586,38.422268984819695,304.0303353891022,0.0004362736131289,2314355766595058403,train,-3.3602410533873734,-3.3566658,0.003575203701704499,0.5830285,0.00809607,-3.3570607
-1.0,1.0727510291740675e-09,2408.6350240081065,515.7307920217833,36.322106531247385,300.55707391972635,0.00047539947495236584,16501516911797089168,train,-3.322941302257431,-3.3154683,0.007472990947616331,0.59702086,0.008000054,-3.3147914
-0.8,8.589969950121182e-10,2505.474763633521,514.8627810246533,39.90795077029272,306.8673078749587,0.0004747305452806202,8372103036707258832,train,-3.3235528238534937,-3.3194323,0.004120565247536678,0.91824496,0.0064399806,-3.3213866
-2.4000000000000004,9.143704143090119e-10,2444.5179463100326,473.4138143725302,40.94136333558407,299.94201571725745,0.000516082105892259,11714911050137312102,train,-3.2872811989555784,-3.2833931,0.0038880543480344087,1.375187,0.0052498765,-3.2843904
-0.6000000000000001,1.0352580576007263e-09,2678.9547588546675,473.131828680381,34.826156523967086,290.8089263982084,0.0004579399509654208,603198139025932464,train,-3.3391914666994844,-3.3333662,0.005825311075094763,0.47512898,0.008973378,-3.3359675
-3.0,9.118663996020179e-10,2651.95019435956,481.7408591707263,38.899871401178025,300.40158819211445,0.0005164510799899522,17319768135093042826,train,-3.2869708100526256,-3.2863808,0.0005900422303599662,0.8945606,0.0065254793,-3.2858453
-0.2,1.006938037138553e-09,2476.033687734913,499.8883185243343,35.52248114367448,306.4489109295662,0.0004515815729328486,11533471517763731933,train,-3.3452637880421503,-3.3483493,0.003085544767297943,0.58072954,0.008112176,-3.3492534
-1.8,1.0728366895058958e-09,2396.471193900285,522.5703607996403,39.66536493364173,302.3426017448898,0.0005148680263582252,10539271283961051071,train,-3.2883040773072465,-3.2914937,0.003189576943852135,1.0509262,0.0060155876,-3.2903116
-0.4,9.42387899986183e-10,2596.3418775504824,506.9916211367261,42.54178389838287,305.55199671356803,0.0004642639399442079,3392607520233113049,train,-3.3332350473082517,-3.3310895,0.0021455506957028803,1.0657475,0.005973151,-3.3313363
-2.2,9.682475573035431e-10,2330.6047518253104,479.0686974559265,41.64371883461047,301.63426669668445,0.0005273083096222474,13640118791446356878,train,-3.277935384756809,-3.2808893,0.002953887933010435,1.3770272,0.0052463175,-3.281066
-2.4000000000000004,1.0663734802785015e-09,2646.766281337793,486.2018595083384,41.79339850063371,299.641349014439,0.0005261316223428332,5637171177688138856,train,-3.278905594807524,-3.2858584,0.0069527979079300195,1.1222067,0.005819244,-3.2825096
-1.4,9.74908016407874e-10,2433.9347159425315,536.1873069142775,40.58953669016749,293.2225739384997,0.0005162949335333984,18393380424088899902,train,-3.287102136717805,-3.293927,0.006824817551604134,1.7706631,0.004617036,-3.287244
-2.2,9.595802013951228e-10,2610.2949574222403,489.9218602044182,42.219532217947325,302.0841812978663,0.0005192414699967829,11643629726484600332,train,-3.284630629244007,-3.2877948,0.0031641991709099315,1.2699615,0.0054660453,-3.2841272
-2.8000000000000003,9.244750759855351e-10,2606.766252024905,514.7015322051607,39.36697999872778,300.425811364213,0.0005224995492710072,13867644369009061341,train,-3.281914079856523,-3.2852685,0.003354465294233666,0.8653922,0.0066355453,-3.2886708
-2.8000000000000003,1.0025105539620802e-09,2526.9743060678943,509.1946075584183,40.75166342427999,301.0515477079729,0.0005252660621420762,15180030701036252205,train,-3.2796206584022287,-3.2800364,0.00041579103014433016,1.408956,0.0051856674,-3.2788415
-1.8,8.599648780937921e-10,2637.8899539670565,501.9551856304757,39.90381821426863,300.9815905741297,0.0004989580350536616,14435728251762431223,train,-3.3019359792483955,-3.2990055,0.002930470825543985,0.868739,0.006622636,-3.301892
-0.6000000000000001,9.664729913030388e-10,2627.7330466636663,506.9906344590098,40.06029068650691,301.1540677406581,0.00046750540760274204,8813459275462154891,train,-3.3302133613081506,-3.3266208,0.003592544123702357,0.84356785,0.006721595,-3.3276324
-3.0,9.682475573035431e-10,2330.6047518253104,479.0686974559265,41.64371883461047,301.63426669668445,0.0005378034274761628,13640118791446356878,train,-3.269376434300815,-3.273429,0.004052482630337195,1.4897528,0.0050409557,-3.2728584
-1.2000000000000002,1.0692616090001279e-09,2445.881237248077,515.6238842072526,38.37558042728467,295.9516778251947,0.000496267106867365,2860266914913243763,train,-3.3042845093672715,-3.3053572,0.0010727084214248173,0.9229559,0.006423367,-3.3060718
-3.0,1.243555870393131e-09,2440.816535503744,483.6779599156501,38.81204244575611,302.5323056028984,0.0005220537876748727,4261926717090881150,train,-3.2822847489384173,-3.2810342,0.0012505177525041766,1.1907336,0.005647297,-3.281055
-1.2000000000000002,9.16382362452114e-10,2549.3338723326283,483.7915671011157,41.484417545989686,302.7283665488111,0.0004915210532900494,779010489516208886,train,-3.30845787532549,-3.3053906,0.003067278935719564,1.0569797,0.0059981477,-3.305599
-0.4,9.756514716409811e-10,2404.497548871577,500.9208966540563,41.62971960161597,300.52976098251094,0.0004786318443837299,7311808897764695838,train,-3.3199984102356215,-3.3227634,0.002765032757542585,0.9311163,0.0063948864,-3.3228943
0.0,9.143704143090119e-10,2444.5179463100326,473.4138143725302,40.94136333558407,299.94201571725745,0.0004405174116579,11714911050137312102,train,-3.356036921219009,-3.35099,0.005046864227431946,0.5479433,0.008352765,-3.355057
-1.4,1.0308127820747194e-09,2437.7200106987866,482.5972990901911,40.648465379108416,299.4728047413536,0.0005127154474370662,18026431441542812131,train,-3.290123597645199,-3.2974586,0.007335051036441609,1.3340291,0.0053313924,-3.2928202
-1.8,9.344027379399094e-10,2510.734791451186,511.4018674256231,36.36815079533651,301.4558439858307,0.0004895014844891794,13370015301709921327,train,-3.3102459867934657,-3.3038733,0.006372686241097547,0.541998,0.00839871,-3.3080387
-0.2,9.74908016407874e-10,2433.9347159425315,536.1873069142775,40.58953669016749,293.2225739384997,0.0004723871119919166,18393380424088899902,train,-3.3257019596341917,-3.331995,0.006293050741784878,0.70740604,0.0073452205,-3.3272712
-2.0,1.1201765668553064e-09,2329.913862262383,487.444276821995,41.61971486534147,298.1037724082114,0.0005280276489259149,10813817281839957845,train,-3.277343336061698,-3.2808,0.003456768079537209,1.2700617,0.0054658265,-3.2798324
-1.0,8.220747042076196e-10,2489.354974528123,536.8974000619587,36.589080383233394,294.68809277779184,0.0004768704001503204,13344013943894260190,train,-3.32159963384698,-3.3185525,0.0030471397979079384,0.48235616,0.008905567,-3.319988
-1.6,8.979123523428992e-10,2531.360993910196,491.918494232159,35.793021097389925,308.86985058095934,0.0005046481314682794,579736006479800074,train,-3.297011330445056,-3.3056822,0.008670851866955598,0.69073784,0.0074339584,-3.3033583
-1.2000000000000002,1.0071535471770136e-09,2369.635821802133,538.5091665951578,40.65637295368661,296.23853018587084,0.000508753437465935,6305389621858259219,train,-3.2934926433835416,-3.2958617,0.002369077655276719,1.4621329,0.00508908,-3.293746
-2.2,8.89459518994858e-10,2383.601346469497,502.4892009812192,38.55163090195673,309.2198732722366,0.0005129115808103835,3483175946691254694,train,-3.289957495074886,-3.292025,0.0020675941890297977,0.9665233,0.006275505,-3.2905278
-0.4,1.1201765668553064e-09,2329.913862262383,487.444276821995,41.61971486534147,298.1037724082114,0.00048376121367048563,10813817281839957845,train,-3.3153689548334575,-3.3178499,0.0024809196630024566,0.8851477,0.0065604053,-3.3176413
-0.2,1.0050101529814667e-09,2449.206992526188,478.70441149946606,40.80112322251315,299.2329513672896,0.00046320613781459434,15255519671477510073,train,-3.3342256945281408,-3.336229,0.00200339139410044,0.7992774,0.0069069043,-3.3356009
-0.6000000000000001,7.777840542828623e-10,2445.911024694583,482.1130919467457,41.27682283342508,300.8565986758517,0.00047178337650124666,13149960228396626776,train,-3.3262573657415806,-3.3201876,0.006069797077029815,0.8771038,0.0065906947,-3.3240342
-2.0,1.0375673846448864e-09,2379.4103992541063,496.85223216497695,39.047727684139495,305.18782525816323,0.0005101595524289222,3141391476646313355,train,-3.2922939770340807,-3.2914543,0.0008396618485337903,0.91018164,0.0064687147,-3.2897277
-1.2000000000000002,1.0050101529814667e-09,2449.206992526188,478.70441149946606,40.80112322251315,299.2329513672896,0.0005024259166541138,15255519671477510073,train,-3.2989279664651865,-3.301684,0.002755936275292026,1.3938868,0.0052140336,-3.2991455
-1.8,9.756514716409811e-10,2404.497548871577,500.9208966540563,41.62971960161597,300.52976098251094,0.0005202527028695446,7311808897764695838,train,-3.2837856548197872,-3.2872562,0.003470586024939326,1.3730528,0.005254014,-3.28671
-1.2000000000000002,9.980121445569454e-10,2387.75545073954,508.7275610680178,38.8972081784186,297.8606493603604,0.0004921181294765913,11032972375804727196,train,-3.3079306353995457,-3.3033488,0.004581855721200956,0.8722834,0.006609046,-3.305197
0.0,9.58904338765352e-10,2486.667922677388,495.3304947031063,40.43386356777175,305.1954997344612,0.0004488668781944,13052852389533457310,train,-3.3478824399271705,-3.3531833,0.005300829573561927,0.6412201,0.0077176425,-3.3515098
-2.6,9.42387899986183e-10,2596.3418775504824,506.9916211367261,42.54178389838287,305.55199671356803,0.0005195130764869222,3392607520233113049,train,-3.284403516490558,-3.2821383,0.0022651688648256396,1.4034811,0.005195921,-3.2824736
-0.6000000000000001,1.0663734802785015e-09,2646.766281337793,486.2018595083384,41.79339850063371,299.641349014439,0.00048297770931200507,5637171177688138856,train,-3.3160729126153323,-3.3230858,0.007012872296777051,1.0675217,0.00596813,-3.3185115
-2.2,9.603042271636284e-10,2438.0715583385486,503.6957420101608,43.08491203323523,298.5763734449834,0.0005290492670528148,2124884718484563516,train,-3.2765038829499007,-3.2779863,0.0014824051207780187,2.0973427,0.004234979,-3.2757583
-0.2,9.42387899986183e-10,2596.3418775504824,506.9916211367261,42.54178389838287,305.55199671356803,0.00045302329503353253,3392607520233113049,train,-3.3438794654388184,-3.3399277,0.003951792098974671,0.8671446,0.0066287764,-3.3424017
-1.8,1.032683367538443e-09,2526.170348943833,478.8149532207128,42.09307571557734,293.4443281911712,0.0005167339951217245,12981595077382156139,train,-3.28673296595943,-3.2890415,0.0023085532056090763,1.5057175,0.005013742,-3.2865179
-2.4000000000000004,9.980121445569454e-10,2387.75545073954,508.7275610680178,38.8972081784186,297.8606493603604,0.000514238565849819,11032972375804727196,train,-3.2888353561107024,-3.284953,0.003882238740096966,0.9684642,0.00626915,-3.286258
-1.0,8.758150413106088e-10,2554.792538970499,492.8309420700668,37.207464786418186,297.95471711920453,0.00048004422936895184,14100953261967155807,train,-3.3187187466120256,-3.3174527,0.0012660774683488363,0.4771577,0.008954188,-3.3188808
-1.6,9.118663996020179e-10,2651.95019435956,481.7408591707263,38.899871401178025,300.40158819211445,0.0004948878249722787,17319768135093042826,train,-3.305493230392515,-3.3044398,0.001053447296201604,0.9025262,0.00649635,-3.3047404
-2.6,8.762920771795992e-10,2597.67569731618,502.646286170094,38.978559546027874,295.06946514256083,0.000507126385714321,2033506848451370756,train,-3.2948837925836276,-3.2877479,0.00713593262879364,0.8207534,0.0068151816,-3.291258
-2.8000000000000003,1.104689398918354e-09,2572.8324404304963,485.2307246352714,40.714467773434976,300.93677074401546,0.0005258168186414108,9216328605101287225,train,-3.279165526775984,-3.2816887,0.002523163409562823,1.1080496,0.005856733,-3.278881
0.0,1.0933784852654091e-09,2410.884334287086,539.0569290920441,39.62193192256099,289.3285700165644,0.0004504467020199,16519722322841066187,train,-3.346356588454078,-3.3494792,0.0031226100017325287,0.45117855,0.009209611,-3.3449495
-2.0,1.0050101529814667e-09,2449.206992526188,478.70441149946606,40.80112322251315,299.2329513672896,0.0005191355885367007,15255519671477510073,train,-3.284719197714643,-3.2881973,0.0034780812617976054,1.460778,0.005091476,-3.2853231
-0.8,9.60969170700449e-10,2766.6918918406623,529.8468751484584,39.61181207182135,297.3307652107198,0.0004785928434849137,6563696386679920944,train,-3.320033799784949,-3.322714,0.002680290562341092,0.6576979,0.007619701,-3.3187006
-0.4,8.758150413106088e-10,2554.792538970499,492.8309420700668,37.207464786418186,297.95471711920453,0.00045767536502300813,14100953261967155807,train,-3.339442463413871,-3.3377266,0.001715870396292729,0.4260217,0.0094788615,-3.339114
-3.0,8.762920771795992e-10,2597.67569731618,502.646286170094,38.978559546027874,295.06946514256083,0.0005119827397144783,2033506848451370756,train,-3.2907446799872795,-3.283781,0.006963628351537299,0.8569386,0.006668487,-3.286918
-0.8,1.0050101529814667e-09,2449.206992526188,478.70441149946606,40.80112322251315,299.2329513672896,0.0004905768776062755,15255519671477510073,train,-3.3092929252789456,-3.311977,0.0026839843585055867,1.2960008,0.0054101194,-3.3099654
-2.0,1.25959298622376e-09,2354.3009197629594,499.1918367180637,40.77134716523017,305.22981462209646,0.0005195652254822234,128968913270984251,train,-3.2843599239703942,-3.284987,0.0006270488384436668,1.5097456,0.005006944,-3.2845898
-1.0,9.525981103063824e-10,2521.0178569100235,513.1122387074643,39.33447860201831,299.4635962010897,0.0004920913458571154,2217437892012799629,train,-3.30795427259963,-3.3114848,0.0035305410905555057,0.8439571,0.0067200307,-3.3116157
-2.2,1.0933784852654091e-09,2410.884334287086,539.0569290920441,39.62193192256099,289.3285700165644,0.0005207454727074209,16519722322841066187,train,-3.283374497062851,-3.283121,0.00025338805406205367,1.2526238,0.0055042407,-3.2818239
-1.4,8.758150413106088e-10,2554.792538970499,492.8309420700668,37.207464786418186,297.95471711920453,0.000490408932595123,14100953261967155807,train,-3.3094416279238987,-3.3091328,0.00030881351655009937,0.49951607,0.008750486,-3.3099747
-2.2,1.1459805246638944e-09,2630.825732937456,497.4739907663986,41.26661222078493,300.2753689300697,0.000508850609876522,12849312948239067464,train,-3.293409700628057,-3.2881107,0.005298967595830373,1.0183581,0.006112058,-3.2899137
-1.6,1.000096056099185e-09,2446.239819629679,503.61049666576776,43.101977222602514,303.9832024614659,0.0005166237570453995,13944279034983237670,train,-3.2868256265860616,-3.2892087,0.0023830240029276695,1.725196,0.0046785953,-3.2879107
-3.0,1.0073410050818803e-09,2574.374612551252,485.6872921198837,42.17824256593523,298.72995545788456,0.0005296471844766913,9029148243980292461,train,-3.276013332018032,-3.2775311,0.0015178149851418077,1.335041,0.0053293435,-3.2742877
-2.4000000000000004,1.0727510291740675e-09,2408.6350240081065,515.7307920217833,36.322106531247385,300.55707391972635,0.0005021906237922555,16501516911797089168,train,-3.2991314000924277,-3.2937665,0.00536490152675384,0.6671896,0.007564934,-3.2919025
-0.2,1.013177684158949e-09,2549.0982526102403,506.5025106580401,39.7132385315927,304.62183232922587,0.0004568857855278229,14934561482547682078,train,-3.340192353353485,-3.3434014,0.003209078683868327,0.6962052,0.0074045015,-3.345724
-1.6,1.066709170571727e-09,2302.646144768272,474.8978179470865,37.69553984942066,294.1521471075916,0.0005027989928921404,3765765162242439701,train,-3.2986056008783313,-3.2965355,0.002070108934971948,0.6900104,0.007437904,-3.2974296
-3.0,1.0705485436227222e-09,2590.7468930890127,531.0534862964538,41.61731424149927,306.85396396460635,0.0005353364201643179,4155552024635161694,train,-3.2713732095619354,-3.279413,0.008039775286087014,1.3850111,0.0052309562,-3.276627
-3.0,1.0574423663675307e-09,2585.038533860248,471.3266920396063,42.543125490608695,301.3994726877767,0.0005263032019665855,2832837163574657009,train,-3.278763987778297,-3.279051,0.00028707766664926027,1.3702718,0.005259419,-3.2775445
-2.6,9.920951194363948e-10,2484.0228854962547,482.5603784265586,38.422268984819695,304.0303353891022,0.0005145356606252523,2314355766595058403,train,-3.2885845204621424,-3.2878935,0.0006909867554774074,0.9963046,0.0061800433,-3.2856598
-1.4,9.60969170700449e-10,2766.6918918406623,529.8468751484584,39.61181207182135,297.3307652107198,0.0004957811704464198,6563696386679920944,train,-3.3047099715708295,-3.3079758,0.003265797472139287,0.73814553,0.007189505,-3.3035693
-1.8,8.622252758820395e-10,2596.9228583838576,499.2028055441836,37.99663516660689,298.18972265332246,0.0005026965478475547,7681735671422946543,train,-3.298694097178739,-3.3019185,0.0032244094435753823,0.7083481,0.0073402985,-3.3027666
-2.6,1.066709170571727e-09,2302.646144768272,474.8978179470865,37.69553984942066,294.1521471075916,0.0005180495210826509,3765765162242439701,train,-3.2856287234498036,-3.2832189,0.002409862823582909,0.76187176,0.0070758006,-3.2842035
-1.2000000000000002,1.0040157435828723e-09,2421.1156291426087,502.3421578152334,38.33334239027114,293.10089722857373,0.0005016077810065154,12886194249589357920,train,-3.299635735291408,-3.304794,0.00515833781345032,0.8821015,0.006571827,-3.3049982
-1.6,8.599648780937921e-10,2637.8899539670565,501.9551856304757,39.90381821426863,300.9815905741297,0.0004949871568539542,14435728251762431223,train,-3.305406069308488,-3.3023381,0.003067945986954701,0.8671752,0.0066286586,-3.3053594
-1.6,8.622252758820395e-10,2596.9228583838576,499.2028055441836,37.99663516660689,298.18972265332246,0.0004987922683270216,7681735671422946543,train,-3.302080287047815,-3.3050747,0.0029944047246459604,0.71545935,0.007303459,-3.3063009
-2.4000000000000004,1.0191682032973931e-09,2560.240612715575,475.6482256289376,41.11142736058992,291.8506686301862,0.0005169541555194308,14547390297170085011,train,-3.286547969261453,-3.2838316,0.002716372886941265,1.159052,0.005724903,-3.285008
0.0,9.525981103063824e-10,2521.0178569100235,513.1122387074643,39.33447860201831,299.4635962010897,0.0004438151828521,2217437892012799629,train,-3.3527978446995528,-3.3560374,0.0032395336116044504,0.42442548,0.0094967475,-3.3567038
-2.0,9.220148370062531e-10,2472.3739758500788,504.5088858703008,41.28793476116813,303.0641722996054,0.000509079152548196,7538273554073210114,train,-3.2932146875210253,-3.2883298,0.004884847814604409,1.2558095,0.0054971636,-3.2932231
-1.4,1.0705485436227222e-09,2590.7468930890127,531.0534862964538,41.61731424149927,306.85396396460635,0.0005083714914652853,4155552024635161694,train,-3.2938188118679546,-3.2999434,0.006124635245082555,1.0668619,0.005969996,-3.2979288
-2.8000000000000003,1.1201765668553064e-09,2329.913862262383,487.444276821995,41.61971486534147,298.1037724082114,0.0005392957711742197,10813817281839957845,train,-3.2681729851687296,-3.271493,0.0033199729001180955,1.3598477,0.0052798265,-3.2717037
-0.6000000000000001,8.75983736068783e-10,2627.978517028968,489.37942559949954,40.91913452211564,297.20307373531364,0.00047163259835417793,5144607327742428380,train,-3.3263961849254113,-3.3242342,0.002161937717769735,0.7944997,0.006927812,-3.321877
-2.0,8.599648780937921e-10,2637.8899539670565,501.9551856304757,39.90381821426863,300.9815905741297,0.0005025500778994879,14435728251762431223,train,-3.2988206553566646,-3.2958884,0.002932231436986843,0.87027615,0.006616732,-3.298841
-1.6,1.0732744646319759e-09,2458.1779927472685,500.451348042105,41.29986197643443,296.3385514465405,0.0005063970780398954,15854623793106210877,train,-3.295508808904625,-3.2909985,0.004510350042320255,1.1522403,0.005742004,-3.2929413
-2.2,8.220747042076196e-10,2489.354974528123,536.8974000619587,36.589080383233394,294.68809277779184,0.0005013881911560014,13344013943894260190,train,-3.2998258988903273,-3.2989633,0.0008625905559767055,0.66005814,0.0076059722,-3.2988844
-2.6,1.0375673846448864e-09,2379.4103992541063,496.85223216497695,39.047727684139495,305.18782525816323,0.0005187832026002002,3141391476646313355,train,-3.285014094145673,-3.2843606,0.0006534469441348278,0.86694866,0.0066295327,-3.2829437
-1.4,9.16382362452114e-10,2549.3338723326283,483.7915671011157,41.484417545989686,302.7283665488111,0.0004964454411773979,779010489516208886,train,-3.3041284730448397,-3.3011646,0.0029638459696443853,1.0485628,0.006022437,-3.301443
0.0,9.42387899986183e-10,2596.3418775504824,506.9916211367261,42.54178389838287,305.55199671356803,0.000437844254618,3392607520233113049,train,-3.358680344720881,-3.3521004,0.006579972406427714,0.7230241,0.007264867,-3.3565044
-0.4,9.980121445569454e-10,2387.75545073954,508.7275610680178,38.8972081784186,297.8606493603604,0.00046486518848765036,11032972375804727196,train,-3.3326729748188053,-3.327699,0.004974028819659804,0.6423592,0.007710751,-3.3298876
-2.4000000000000004,9.136850961862703e-10,2400.1705034771794,499.3175315176618,39.85562670167986,300.93280864091923,0.000514919959356678,689847661215077168,train,-3.288260273699147,-3.2841825,0.004077725176197866,0.89091676,0.006538934,-3.2873473
-2.8000000000000003,1.0368980362030106e-09,2588.682974046272,505.298163800807,40.78433779833217,301.9145433801493,0.0005266146152294337,3703347433873037581,train,-3.278507092010401,-3.2817974,0.0032903170472162735,1.1808554,0.0056711603,-3.2829163
-1.8,1.0160850161999514e-09,2298.443581617521,494.46825331908406,37.50931802222772,308.1655826328421,0.0004973888149939332,4552925917595615164,train,-3.3033039851316874,-3.2970421,0.006261853707737242,0.7622856,0.0070738643,-3.2939808
-1.6,8.939439783837784e-10,2330.6189292196764,529.359956175692,38.57283152042447,302.4090006102026,0.000503328680800859,13197426831660621428,train,-3.298148321820902,-3.2975118,0.0006365057961215115,0.9763596,0.0062434943,-3.2997413
-0.8,9.431291378149591e-10,2617.847164727645,540.4486468445567,38.69622270488729,301.9657628923453,0.00047263320502219255,11854955608364436255,train,-3.3254757701109074,-3.3220527,0.003423052902045143,0.7278694,0.007240464,-3.3214703
-2.2,1.1037395013588123e-09,2531.0169366346463,492.6438219382251,36.10636397779454,299.96382807834965,0.0005024071795098378,5857788625354206728,train,-3.2989441630622087,-3.2976038,0.0013403174658952466,0.569388,0.008193051,-3.2931247
-1.6,1.0285344586119835e-09,2525.852161033123,522.4809638175516,38.89567254871546,292.9930878390376,0.0004998211269410339,3933886296999063760,train,-3.3011853906265514,-3.2988615,0.002323887025477145,1.0344,0.0060639726,-3.2961454
0.0,8.97240116378001e-10,2315.448379676966,519.850638103925,40.31160828282909,292.8565689112594,0.000450752294558,222992878073105781,train,-3.3460620538205545,-3.345876,0.00018607535070591652,0.27551696,0.011796023,-3.3511877
-1.0,1.0285344586119835e-09,2525.852161033123,522.4809638175516,38.89567254871546,292.9930878390376,0.0004853318517052257,3933886296999063760,train,-3.3139612055611063,-3.3100355,0.003925738413279145,0.86210907,0.0066482816,-3.309137
-0.2,1.016175641189933e-09,2547.6570837434488,498.1799092392847,42.56757336192149,293.18283111534566,0.0004604516420908771,9151669764478585745,train,-3.3368159738837915,-3.331648,0.005167862540407686,0.8110186,0.0068563083,-3.332291
-3.0,9.570305915597544e-10,2609.011101819734,467.3507151496423,38.45876893881996,290.3471581734896,0.0005203385489739392,14219469232104377133,train,-3.2837139984620194,-3.2846897,0.0009756663786788522,0.87552863,0.0065966747,-3.2833998
-2.8000000000000003,9.371440517713595e-10,2524.6000862506294,475.6202290123848,40.994373738605006,302.9961192294562,0.0005193582516232511,10395993465976512970,train,-3.28453296386798,-3.282214,0.002319037552672487,1.4510059,0.0051088524,-3.278725
-2.4000000000000004,8.939439783837784e-10,2330.6189292196764,529.359956175692,38.57283152042447,302.4090006102026,0.000516704336493652,13197426831660621428,train,-3.2867578935784705,-3.2864697,0.00028819562619997185,1.0640191,0.0059780544,-3.2886684
-1.2000000000000002,1.0368980362030106e-09,2588.682974046272,505.298163800807,40.78433779833217,301.9145433801493,0.0004979159398404734,3703347433873037581,train,-3.3028439703826002,-3.3058002,0.002956229126066745,1.1964611,0.0056335954,-3.308039
-1.8,8.931040101417876e-10,2540.0923303514373,529.7791096206541,38.25394170360681,296.3367780179062,0.0005079172317398363,7126979072579706712,train,-3.2942070529273053,-3.2994907,0.00528363730401793,0.8918183,0.006535597,-3.2981796
-2.4000000000000004,1.2225745089622023e-09,2432.279761567632,478.07469592026655,37.79561575023349,300.3431374384869,0.0005149090075329866,2216844718377656366,train,-3.288269510799188,-3.2881815,8.796744896821806e-05,0.9027038,0.0064957044,-3.2903268
-0.8,9.570305915597544e-10,2609.011101819734,467.3507151496423,38.45876893881996,290.3471581734896,0.0004785156133632396,14219469232104377133,train,-3.320103887172669,-3.3191705,0.000933412166565617,0.69405484,0.0074160458,-3.3208349
0.0,1.0109417900146311e-09,2546.474062846718,483.0790058826933,38.96317500489286,311.33012415162744,0.0004277475316408,11587428247216890986,train,-3.3688124879186514,-3.3573518,0.011460707980907259,0.9046054,0.00648881,-3.3485398
-3.0,1.2225745089622023e-09,2432.279761567632,478.07469592026655,37.79561575023349,300.3431374384869,0.0005221480408120353,2216844718377656366,train,-3.2822063472034917,-3.282626,0.0004195664165034252,1.0020002,0.006162271,-3.2837925
-1.4,1.0109417900146311e-09,2546.474062846718,483.0790058826933,38.96317500489286,311.33012415162744,0.0004859658659275026,11587428247216890986,train,-3.3133942343589884,-3.305409,0.00798527973862706,0.9892568,0.0062022456,-3.2982924
-2.8000000000000003,1.0109417900146311e-09,2546.474062846718,483.0790058826933,38.96317500489286,311.33012415162744,0.0005089107496701203,11587428247216890986,train,-3.2933583754715494,-3.2873347,0.006023694914298439,0.9415547,0.006358994,-3.2805104
-0.6000000000000001,1.0368980362030106e-09,2588.682974046272,505.298163800807,40.78433779833217,301.9145433801493,0.00047822388628375863,3703347433873037581,train,-3.3203687355766776,-3.3237486,0.003379852985334164,1.0343945,0.006063989,-3.325985
-1.0,8.8914003988915e-10,2578.309809077789,484.4641187531683,42.13424050837239,300.34884642744885,0.0004908245905080742,59563343903943478,train,-3.309073687072916,-3.3091333,5.960417159078801e-05,1.0756758,0.005945214,-3.3104613
-2.0,8.931040101417876e-10,2540.0923303514373,529.7791096206541,38.25394170360681,296.3367780179062,0.0005114332594133386,7126979072579706712,train,-3.2912110324496866,-3.2965012,0.005290127218282148,0.9096054,0.0064707827,-3.295258
-0.4,1.0676002138658572e-09,2409.8209682971515,478.7831941058398,39.56928699408093,298.75903253628616,0.0004709631485156489,3193110456536102066,train,-3.327013073810458,-3.327037,2.4022213101382306e-05,0.7688551,0.007043338,-3.3249488
-3.0,1.0160850161999514e-09,2298.443581617521,494.46825331908406,37.50931802222772,308.1655826328421,0.0005138675878401492,4552925917595615164,train,-3.289148774543072,-3.2859006,0.0032481817391167844,0.74499416,0.007156128,-3.2814605
-1.6,9.570305915597544e-10,2609.011101819734,467.3507151496423,38.45876893881996,290.3471581734896,0.0004993138800208056,14219469232104377133,train,-3.3016263611776964,-3.3032696,0.0016432635323866407,0.7935947,0.006931794,-3.3020673
-2.0,1.0109417900146311e-09,2546.474062846718,483.0790058826933,38.96317500489286,311.33012415162744,0.0004976589914220411,11587428247216890986,train,-3.3030681449358807,-3.295405,0.00766323389462098,0.914234,0.0064542266,-3.289421
-1.6,1.2225745089622023e-09,2432.279761567632,478.07469592026655,37.79561575023349,300.3431374384869,0.0005019514868191744,2216844718377656366,train,-3.2993382550160364,-3.2990506,0.00028768548173463415,1.0113822,0.006133323,-3.3021767
0.0,8.931040101417876e-10,2540.0923303514373,529.7791096206541,38.25394170360681,296.3367780179062,0.0004414639931764,7126979072579706712,train,-3.355104712703629,-3.3598993,0.0047945697518154695,0.28225607,0.011653946,-3.359889
-1.4,8.981476672986597e-10,2648.7144938153992,484.4392889131667,39.21209704786501,303.00410991721293,0.0004895607465176078,10990274489596691850,train,-3.3101934116431857,-3.307825,0.002368323142209139,0.85220534,0.0066871447,-3.3064318
-1.2000000000000002,9.431291378149591e-10,2617.847164727645,540.4486468445567,38.69622270488729,301.9657628923453,0.00048450460078803577,11854955608364436255,train,-3.314702094593877,-3.3110595,0.0036426196488088536,0.8094421,0.006863038,-3.3107157
-1.0,8.981476672986597e-10,2648.7144938153992,484.4392889131667,39.21209704786501,303.00410991721293,0.00047911520071268156,10990274489596691850,train,-3.3195600502211398,-3.3171835,0.002376555653268664,0.83052754,0.0067746164,-3.315412
-2.2,1.0285344586119835e-09,2525.852161033123,522.4809638175516,38.89567254871546,292.9930878390376,0.0005102480594989919,3933886296999063760,train,-3.2922186382541896,-3.2899582,0.0022603996525050185,1.0386239,0.006051496,-3.287396
-3.0,9.67689959245767e-10,2498.119875502734,535.4265253830317,42.346830624956574,300.5747457097431,0.0005260492565826721,7167329586276071870,train,-3.2789735888110747,-3.2725677,0.006405839787637202,2.4249563,0.0039317333,-3.2687147
-2.2,1.0676002138658572e-09,2409.8209682971515,478.7831941058398,39.56928699408093,298.75903253628616,0.0005180820619126042,3193110456536102066,train,-3.2856014444765114,-3.2866366,0.0010351464811302336,0.9575526,0.006305126,-3.284435
-1.8,8.939439783837784e-10,2330.6189292196764,529.359956175692,38.57283152042447,302.4090006102026,0.0005071667464912835,13197426831660621428,train,-3.294849229670456,-3.294469,0.0003801115521699927,1.0234686,0.0060966173,-3.2964494
-3.0,9.297325788733188e-10,2376.6983706631413,516.0358029995954,38.08606385532588,297.3563844788412,0.0005368259180978971,3212080770719938515,train,-3.2701665244799543,-3.2815843,0.011417738367946129,0.9016244,0.006499628,-3.2841282
-0.8,1.0686494239643995e-09,2589.61306441484,507.5353543611665,40.55316862193092,296.6314874710408,0.0004923040763459458,9728360064296503812,train,-3.3077665681938884,-3.314446,0.006679404248738585,1.0702006,0.005960573,-3.315744
-0.4,9.570305915597544e-10,2609.011101819734,467.3507151496423,38.45876893881996,290.3471581734896,0.0004625464396849268,14219469232104377133,train,-3.334844657548923,-3.3334723,0.0013724056568329424,0.58160555,0.008106028,-3.3360176
-2.0,1.0368980362030106e-09,2588.682974046272,505.298163800807,40.78433779833217,301.9145433801493,0.0005148925591731241,3703347433873037581,train,-3.2882833842135546,-3.2915847,0.0033013459347608354,1.2206122,0.0055768816,-3.2933495
-0.6000000000000001,1.0511173572717443e-09,2495.130349883853,523.8477826070769,41.27631172344517,301.59948365785385,0.0004730535946917908,7136007211031035799,train,-3.325089653003559,-3.3182585,0.006831129062518926,0.997234,0.006177133,-3.3202248
-0.2,1.0109417900146311e-09,2546.474062846718,483.0790058826933,38.96317500489286,311.33012415162744,0.00044227723613024836,11587428247216890986,train,-3.354305413055076,-3.346728,0.007577326583518396,0.9596339,0.0062982165,-3.336055
-1.2000000000000002,8.981476672986597e-10,2648.7144938153992,484.4392889131667,39.21209704786501,303.00410991721293,0.0004846684046326172,10990274489596691850,train,-3.3145552908630767,-3.3120933,0.0024620329590239187,0.85487026,0.0066766213,-3.3104913
0.0,8.8914003988915e-10,2578.309809077789,484.4641187531683,42.13424050837239,300.34884642744885,0.0004414217541588,59563343903943478,train,-3.3551462677345807,-3.3531537,0.0019925621376568614,0.54542494,0.008372135,-3.3564994
-1.0,9.297325788733188e-10,2376.6983706631413,516.0358029995954,38.08606385532588,297.3563844788412,0.0005008656044110807,3212080770719938515,train,-3.300278791283863,-3.3102498,0.00997101416657653,0.5793527,0.008121868,-3.3144507
-2.8000000000000003,1.2225745089622023e-09,2432.279761567632,478.07469592026655,37.79561575023349,300.3431374384869,0.0005199084605383956,2216844718377656366,train,-3.2840731151779954,-3.2840066,6.651956642311774e-05,0.9783967,0.0062369253,-3.285501
-2.6,1.0160850161999514e-09,2298.443581617521,494.46825331908406,37.50931802222772,308.1655826328421,0.0005091900215544802,4552925917595615164,train,-3.2931201156748804,-3.2881658,0.004954307950881365,0.7266573,0.0072465455,-3.2849593
-1.2000000000000002,1.0109417900146311e-09,2546.474062846718,483.0790058826933,38.96317500489286,311.33012415162744,0.0004810958706831189,11587428247216890986,train,-3.3177683706950907,-3.3099804,0.007787978239035986,1.0111924,0.0061339047,-3.3019073
-2.6,8.931040101417876e-10,2540.0923303514373,529.7791096206541,38.25394170360681,296.3367780179062,0.0005203455700305517,7126979072579706712,train,-3.2837081384588,-3.2882483,0.004540162093568334,0.9993099,0.0061706468,-3.2876046
-2.8000000000000003,1.0676002138658572e-09,2409.8209682971515,478.7831941058398,39.56928699408093,298.75903253628616,0.0005261013637403478,3193110456536102066,train,-3.2789305724394118,-3.279723,0.0007923565614427197,0.9584271,0.0063022203,-3.27761
-0.2,9.67689959245767e-10,2498.119875502734,535.4265253830317,42.346830624956574,300.5747457097431,0.00045594997262207563,7167329586276071870,train,-3.341082806033083,-3.331977,0.009105915469118209,0.82296443,0.0068059424,-3.3300161
-2.6,1.117839944989197e-09,2400.8118901118505,474.17775422532,39.11984591644459,301.1260229250646,0.0005224383391840109,5355939635520617484,train,-3.281964959824306,-3.2830892,0.0011242010948833148,0.9305668,0.0063967924,-3.2836711
-1.0,1.0686494239643995e-09,2589.61306441484,507.5353543611665,40.55316862193092,296.6314874710408,0.0004987042805364659,9728360064296503812,train,-3.3021569040788328,-3.308886,0.006729147099145738,1.1063983,0.005861152,-3.309866
-2.4000000000000004,9.34880998874723e-10,2658.424632928369,469.5577205631138,37.334947088248434,294.43440760000914,0.0005056319486873378,2804036452383970560,train,-3.296165492676125,-3.2952437,0.0009217525943379101,0.58518606,0.008081041,-3.296187
-1.6,1.0572981218607252e-09,2430.584690541649,514.3340907827966,41.04225055349912,296.5414644902,0.0005041503636279532,16130397955524846863,train,-3.2974399152316467,-3.2903085,0.007131439737261935,1.4421437,0.005124763,-3.289965
-2.6,9.67689959245767e-10,2498.119875502734,535.4265253830317,42.346830624956574,300.5747457097431,0.0005210543772607167,7167329586276071870,train,-3.2831169513416323,-3.2755845,0.007532492036822713,2.301619,0.004038331,-3.2721353
-2.0,1.0676002138658572e-09,2409.8209682971515,478.7831941058398,39.56928699408093,298.75903253628616,0.0005149208687273151,3193110456536102066,train,-3.2882595067172233,-3.2894015,0.001142024502259087,0.9800608,0.006231574,-3.286816
-0.2,9.371440517713595e-10,2524.6000862506294,475.6202290123848,40.994373738605006,302.9961192294562,0.0004519301571228114,10395993465976512970,train,-3.3449286774007385,-3.3409882,0.003940518221051015,0.68897945,0.0074435067,-3.340974
-0.8,1.0160850161999514e-09,2298.443581617521,494.46825331908406,37.50931802222772,308.1655826328421,0.00047362909151417573,4552925917595615164,train,-3.3245616299843475,-3.317952,0.006609712336032025,0.7443016,0.007159482,-3.3145978
-1.6,1.016175641189933e-09,2547.6570837434488,498.1799092392847,42.56757336192149,293.18283111534566,0.0005088330906918974,9151669764478585745,train,-3.2934246531819915,-3.2905376,0.0028870574330901455,1.4332036,0.0051409625,-3.289008
-2.4000000000000004,8.981476672986597e-10,2648.7144938153992,484.4392889131667,39.21209704786501,303.00410991721293,0.0005075423344132011,10990274489596691850,train,-3.294527727138396,-3.2921734,0.0023543415182789573,0.8119256,0.006852445,-3.291172
-2.8000000000000003,8.981476672986597e-10,2648.7144938153992,484.4392889131667,39.21209704786501,303.00410991721293,0.0005128324943862876,10990274489596691850,train,-3.2900244646016463,-3.287831,0.002193396562705896,0.84100425,0.0067319213,-3.2861078
-1.6,8.8914003988915e-10,2578.309809077789,484.4641187531683,42.13424050837239,300.34884642744885,0.0005059775178635931,59563343903943478,train,-3.295868779770278,-3.2964907,0.000621889480210136,1.1681701,0.005702246,-3.2976513
-0.4,1.0511173572717443e-09,2495.130349883853,523.8477826070769,41.27631172344517,301.59948365785385,0.000464284416218057,7136007211031035799,train,-3.333215893254109,-3.326084,0.007131994709797418,0.8595232,0.006658364,-3.328298
-3.0,1.089765313742217e-09,2571.102793798516,524.9230612365601,38.57048554783602,303.1708876105774,0.0005233261761630441,4835108955857078241,train,-3.281227541815176,-3.2845082,0.003280686486825779,1.0476464,0.006025099,-3.2818003
-1.6,9.371440517713595e-10,2524.6000862506294,475.6202290123848,40.994373738605006,302.9961192294562,0.0005003697436816267,10395993465976512970,train,-3.3007089590693113,-3.2980068,0.0027021860743161596,1.3800851,0.005240418,-3.29546
-0.6000000000000001,8.931040101417876e-10,2540.0923303514373,529.7791096206541,38.25394170360681,296.3367780179062,0.00047571535302964597,7126979072579706712,train,-3.3226528321233846,-3.3264189,0.003766044524564638,0.534093,0.008460982,-3.3268316
-1.6,9.297325788733188e-10,2376.6983706631413,516.0358029995954,38.08606385532588,297.3563844788412,0.0005155779573323842,3212080770719938515,train,-3.287705658451195,-3.2989132,0.011207581981544479,0.74344546,0.0071636355,-3.3019876
-2.4000000000000004,1.0572981218607252e-09,2430.584690541649,514.3340907827966,41.04225055349912,296.5414644902,0.0005174917291027318,16130397955524846863,train,-3.2860965869990615,-3.2787788,0.007317795571449182,1.4616356,0.005089959,-3.2791533
-0.2,1.089765313742217e-09,2571.102793798516,524.9230612365601,38.57048554783602,303.1708876105774,0.00045298253234203254,4835108955857078241,train,-3.3439185446841457,-3.345001,0.0010824376004001657,0.66432893,0.007581317,-3.3439639
-2.0,9.431291378149591e-10,2617.847164727645,540.4486468445567,38.69622270488729,301.9657628923453,0.0005012952271863996,11854955608364436255,train,-3.299906430269207,-3.2969108,0.0029956674823417018,1.0431516,0.006038207,-3.2958775
-1.8,9.570305915597544e-10,2609.011101819734,467.3507151496423,38.45876893881996,290.3471581734896,0.0005031921898060951,14219469232104377133,train,-3.2982661083228013,-3.3002694,0.00200325698786763,0.81405455,0.006843403,-3.2987006
-0.6000000000000001,1.0686494239643995e-09,2589.61306441484,507.5353543611665,40.55316862193092,296.6314874710408,0.00048479995629875286,9728360064296503812,train,-3.3144374279903084,-3.3211048,0.00666733694804611,0.9695891,0.0062654754,-3.3226054
-0.8,1.0285344586119835e-09,2525.852161033123,522.4809638175516,38.89567254871546,292.9930878390376,0.00047915047047410224,3933886296999063760,train,-3.3195280810851675,-3.315269,0.004259087707481957,0.7922778,0.0069375997,-3.3146956
-0.4,8.931040101417876e-10,2540.0923303514373,529.7791096206541,38.25394170360681,296.3367780179062,0.0004668816041960708,7126979072579706712,train,-3.3307932375567235,-3.3344452,0.003652000556679802,0.4546711,0.009174006,-3.334996
-2.4000000000000004,9.431291378149591e-10,2617.847164727645,540.4486468445567,38.69622270488729,301.9657628923453,0.0005075255590958048,11854955608364436255,train,-3.2945420817009325,-3.2913272,0.003214843618046803,1.0798801,0.0059335,-3.290627
-2.4000000000000004,1.117839944989197e-09,2400.8118901118505,474.17775422532,39.11984591644459,301.1260229250646,0.0005197928274538222,5355939635520617484,train,-3.284169717560512,-3.2853408,0.0011710684197128174,0.9272097,0.006408474,-3.2860045
-2.2,1.117839944989197e-09,2400.8118901118505,474.17775422532,39.11984591644459,301.1260229250646,0.0005169330444221443,5355939635520617484,train,-3.2865657051093486,-3.287855,0.0012892047875019408,0.94421947,0.006349927,-3.2883883
-2.8000000000000003,9.570305915597544e-10,2609.011101819734,467.3507151496423,38.45876893881996,290.3471581734896,0.0005180210231694641,14219469232104377133,train,-3.2856526146539586,-3.286519,0.0008664359441858949,0.8641089,0.006640515,-3.285253
-1.4,1.016175641189933e-09,2547.6570837434488,498.1799092392847,42.56757336192149,293.18283111534566,0.0005044559458315817,9151669764478585745,train,-3.297176754734593,-3.2938209,0.003355896732883945,1.4320582,0.0051430487,-3.2926946
-1.8,8.8914003988915e-10,2578.309809077789,484.4641187531683,42.13424050837239,300.34884642744885,0.0005100126788695158,59563343903943478,train,-3.29241902724594,-3.2931964,0.0007774124971020591,1.2035315,0.005616816,-3.2942164
-2.8000000000000003,9.297325788733188e-10,2376.6983706631413,516.0358029995954,38.08606385532588,297.3563844788412,0.0005344752092781821,3212080770719938515,train,-3.272072433997535,-3.2831447,0.011072278450585227,0.8805657,0.0065776077,-3.2859185
-2.4000000000000004,9.371440517713595e-10,2524.6000862506294,475.6202290123848,40.994373738605006,302.9961192294562,0.0005140593733919059,10395993465976512970,train,-3.288986717488545,-3.2862997,0.0026870119831738926,1.3997068,0.005203024,-3.283768
-0.8,1.016175641189933e-09,2547.6570837434488,498.1799092392847,42.56757336192149,293.18283111534566,0.00048763808008376046,9151669764478585745,train,-3.3119023872938147,-3.3070595,0.004842860850333253,1.2284867,0.005558751,-3.3068674
-0.4,1.0160850161999514e-09,2298.443581617521,494.46825331908406,37.50931802222772,308.1655826328421,0.00045816927934972166,4552925917595615164,train,-3.338974033994671,-3.3327181,0.006255900068279363,0.7062494,0.007351277,-3.3285532
-2.6,9.34880998874723e-10,2658.424632928369,469.5577205631138,37.334947088248434,294.43440760000914,0.000508332634542415,2804036452383970560,train,-3.2938520080491496,-3.292608,0.0012439853593302352,0.6029374,0.007960462,-3.2935433
-1.8,9.297325788733188e-10,2376.6983706631413,516.0358029995954,38.08606385532588,297.3563844788412,0.0005194860392518341,3212080770719938515,train,-3.284426119247056,-3.2959244,0.011498305878065995,0.7758726,0.007011158,-3.2986498
-2.6,1.0109417900146311e-09,2546.474062846718,483.0790058826933,38.96317500489286,311.33012415162744,0.0005064204615058813,11587428247216890986,train,-3.2954887553217223,-3.2887232,0.006765524959783775,0.9165036,0.006446154,-3.282595
-0.2,8.981476672986597e-10,2648.7144938153992,484.4392889131667,39.21209704786501,303.00410991721293,0.00044537464820625637,10990274489596691850,train,-3.351274507682504,-3.3482738,0.0030007535626310755,0.5893294,0.008052411,-3.3473308
-2.0,1.0285344586119835e-09,2525.852161033123,522.4809638175516,38.89567254871546,292.9930878390376,0.0005070984437723625,3933886296999063760,train,-3.2949077222506133,-3.2928581,0.0020495984713164717,1.0419837,0.006041627,-3.2898817
-0.2,9.570305915597544e-10,2609.011101819734,467.3507151496423,38.45876893881996,290.3471581734896,0.0004518729252914784,14219469232104377133,train,-3.344983679356483,-3.3446476,0.0003360334061657255,0.4900288,0.008835222,-3.3471243
0.0,9.371440517713595e-10,2524.6000862506294,475.6202290123848,40.994373738605006,302.9961192294562,0.0004371452288996,10395993465976512970,train,-3.3593742572364347,-3.3540018,0.005372496753646594,0.57320136,0.008165591,-3.35537
-2.2,8.97240116378001e-10,2315.448379676966,519.850638103925,40.31160828282909,292.8565689112594,0.0005218646492153548,222992878073105781,train,-3.282442120984509,-3.2801762,0.002265958264782597,1.1610645,0.0057198796,-3.2845578
-0.8,9.67689959245767e-10,2498.119875502734,535.4265253830317,42.346830624956574,300.5747457097431,0.000483251292005086,7167329586276071870,train,-3.3158269761821217,-3.3079438,0.007883155228752603,1.432203,0.0051427847,-3.3041277
-1.0,8.939439783837784e-10,2330.6189292196764,529.359956175692,38.57283152042447,302.4090006102026,0.0004889145511478303,13197426831660621428,train,-3.310767037006636,-3.3094869,0.0012801710093217622,0.75935733,0.007087598,-3.3120935
-0.2,1.0368980362030106e-09,2588.682974046272,505.298163800807,40.78433779833217,301.9145433801493,0.000457874230174913,3703347433873037581,train,-3.339253798507182,-3.3412306,0.0019768323674518307,0.7720267,0.00702874,-3.3452752
-0.4,8.97240116378001e-10,2315.448379676966,519.850638103925,40.31160828282909,292.8565689112594,0.0004754874771165332,222992878073105781,train,-3.322860916562119,-3.319043,0.003817995495834836,0.47260177,0.008997456,-3.3259296
-2.4000000000000004,8.8914003988915e-10,2578.309809077789,484.4641187531683,42.13424050837239,300.34884642744885,0.0005200580417255995,59563343903943478,train,-3.2839481836835565,-3.2845736,0.0006253713091193269,1.1319581,0.00579383,-3.2856584
-2.0,1.0686494239643995e-09,2589.61306441484,507.5353543611665,40.55316862193092,296.6314874710408,0.00052118211425459,9728360064296503812,train,-3.2830104966697733,-3.2906816,0.007671103900905418,1.2193135,0.0055798884,-3.2906704
-2.8000000000000003,1.1037395013588123e-09,2531.0169366346463,492.6438219382251,36.10636397779454,299.96382807834965,0.0005104055963903303,5857788625354206728,train,-3.2920845723979553,-3.2908247,0.0012599206798156182,0.5711954,0.008180002,-3.286148
-3.0,9.34880998874723e-10,2658.424632928369,469.5577205631138,37.334947088248434,294.43440760000914,0.0005131709607825323,2804036452383970560,train,-3.2897379273725744,-3.2884731,0.0012647981001134845,0.670843,0.0075441636,-3.289015
-2.6,1.016175641189933e-09,2547.6570837434488,498.1799092392847,42.56757336192149,293.18283111534566,0.0005251729764365945,9151669764478585745,train,-3.2796976292817486,-3.2766786,0.0030190671174419315,1.5213094,0.0049875765,-3.2753499
-2.4000000000000004,1.0676002138658572e-09,2409.8209682971515,478.7831941058398,39.56928699408093,298.75903253628616,0.0005209764679201132,3193110456536102066,train,-3.2831818929831056,-3.2840345,0.0008525976022215609,0.94089276,0.0063612526,-3.2820618
-0.6000000000000001,1.2225745089622023e-09,2432.279761567632,478.07469592026655,37.79561575023349,300.3431374384869,0.00047464492664514823,2216844718377656366,train,-3.3236311568252925,-3.3227577,0.0008734358780269069,0.9255461,0.006414286,-3.3284733
-2.8000000000000003,1.117839944989197e-09,2400.8118901118505,474.17775422532,39.11984591644459,301.1260229250646,0.0005248964984299268,5355939635520617484,train,-3.2799263243887142,-3.28123,0.0013036484506412371,0.9479625,0.006337255,-3.2814295
-0.2,1.0160850161999514e-09,2298.443581617521,494.46825331908406,37.50931802222772,308.1655826328421,0.00044790559938874536,4552925917595615164,train,-3.3488135082888824,-3.341338,0.007475589053652865,0.68894446,0.007443697,-3.3386722
-1.2000000000000002,1.0572981218607252e-09,2430.584690541649,514.3340907827966,41.04225055349912,296.5414644902,0.0004951430147588503,16130397955524846863,train,-3.3052693433899027,-3.2974706,0.007798773779307044,1.3083469,0.0053841863,-3.2982166
-0.8,1.089765313742217e-09,2571.102793798516,524.9230612365601,38.57048554783602,303.1708876105774,0.0004804870785893271,4835108955857078241,train,-3.3183182870231334,-3.3203015,0.0019832457222279665,0.9047157,0.0064884103,-3.3185952
-1.0,8.931040101417876e-10,2540.0923303514373,529.7791096206541,38.25394170360681,296.3367780179062,0.000489371731504364,7126979072579706712,train,-3.3103611212250246,-3.3142848,0.003923680258129725,0.6824083,0.007479514,-3.3143427
-0.4,8.8914003988915e-10,2578.309809077789,484.4641187531683,42.13424050837239,300.34884642744885,0.00046763451059122043,59563343903943478,train,-3.3300934461708356,-3.3296432,0.0004501966591168305,0.76710355,0.0070514386,-3.3313437
-2.6,9.570305915597544e-10,2609.011101819734,467.3507151496423,38.45876893881996,290.3471581734896,0.0005155248777731004,14219469232104377133,train,-3.287750372050914,-3.2888699,0.0011194857371719102,0.82234365,0.0068085324,-3.2877955
-1.4,9.570305915597544e-10,2609.011101819734,467.3507151496423,38.45876893881996,290.3471581734896,0.000495001561944421,14219469232104377133,train,-3.305393430676991,-3.3064306,0.0010371475548205389,0.75411385,0.0071123894,-3.305798
-0.6000000000000001,8.939439783837784e-10,2330.6189292196764,529.359956175692,38.57283152042447,302.4090006102026,0.0004754841043806632,13197426831660621428,train,-3.322863997118059,-3.3219764,0.000887573854509327,0.590614,0.008043596,-3.3242028
-0.2,8.8914003988915e-10,2578.309809077789,484.4641187531683,42.13424050837239,300.34884642744885,0.00045643608788289227,59563343903943478,train,-3.340620025628039,-3.339254,0.0013661231927364348,0.64916503,0.0076699546,-3.3423538
-2.2,1.2225745089622023e-09,2432.279761567632,478.07469592026655,37.79561575023349,300.3431374384869,0.0005121022633766201,2216844718377656366,train,-3.290643304677605,-3.290678,3.471961438705762e-05,0.92761606,0.0064070565,-3.2928526
-2.4000000000000004,1.089765313742217e-09,2571.102793798516,524.9230612365601,38.57048554783602,303.1708876105774,0.0005155918781021678,4835108955857078241,train,-3.2876939325195518,-3.2900674,0.00237350179136131,0.9930375,0.006190306,-3.2882335
-2.0,1.089765313742217e-09,2571.102793798516,524.9230612365601,38.57048554783602,303.1708876105774,0.0005093071443341599,4835108955857078241,train,-3.2930202316912074,-3.295438,0.002417819532547494,0.99047655,0.006198386,-3.2933109
-0.8,8.97240116378001e-10,2315.448379676966,519.850638103925,40.31160828282909,292.8565689112594,0.0004912009674051481,222992878073105781,train,-3.3087407865364655,-3.3049765,0.003764323218594434,0.67441684,0.007524009,-3.311413
-0.8,1.0676002138658572e-09,2409.8209682971515,478.7831941058398,39.56928699408093,298.75903253628616,0.0004869499302251334,3193110456536102066,train,-3.3125156920601984,-3.3126,8.42053244451968e-05,0.88437927,0.0065632807,-3.3107476
-0.8,1.1037395013588123e-09,2531.0169366346463,492.6438219382251,36.10636397779454,299.96382807834965,0.0004716614311168046,5857788625354206728,train,-3.326369635600769,-3.3227103,0.003659359950744623,0.5719771,0.0081743775,-3.3195946
-1.4,9.67689959245767e-10,2498.119875502734,535.4265253830317,42.346830624956574,300.5747457097431,0.0005000574977176664,7167329586276071870,train,-3.300980056652296,-3.2932134,0.00776668919013801,1.7638661,0.004626088,-3.2889533
-2.2,9.570305915597544e-10,2609.011101819734,467.3507151496423,38.45876893881996,290.3471581734896,0.0005098974350971137,14219469232104377133,train,-3.292517172629451,-3.294399,0.0018818504265794012,0.80190617,0.0068954797,-3.2930465
-0.2,1.117839944989197e-09,2400.8118901118505,474.17775422532,39.11984591644459,301.1260229250646,0.00045942465800003033,5355939635520617484,train,-3.3377856992890917,-3.3380396,0.0002539373228467312,0.74898326,0.007136898,-3.3404367
0.0,1.0572981218607252e-09,2430.584690541649,514.3340907827966,41.04225055349912,296.5414644902,0.0004428197214009,16130397955524846863,train,-3.3537730456414168,-3.3468812,0.006891894442075941,0.5810799,0.008109716,-3.3477824
-0.8,8.981476672986597e-10,2648.7144938153992,484.4392889131667,39.21209704786501,303.00410991721293,0.0004727516676293031,10990274489596691850,train,-3.3253669305084608,-3.3233075,0.002059416317786944,0.8124991,0.006850006,-3.3213294
-1.4,1.0511173572717443e-09,2495.130349883853,523.8477826070769,41.27631172344517,301.59948365785385,0.0004969441753138953,7136007211031035799,train,-3.3036923954011432,-3.2965336,0.007158810806416671,1.2920618,0.0054184715,-3.2985282
-0.2,1.0686494239643995e-09,2589.61306441484,507.5353543611665,40.55316862193092,296.6314874710408,0.0004646645498774629,9728360064296503812,train,-3.332860459390881,-3.3393056,0.006445179876086726,0.704875,0.007358493,-3.3418946
-0.6000000000000001,1.0676002138658572e-09,2409.8209682971515,478.7831941058398,39.56928699408093,298.75903253628616,0.00047968037833795294,3193110456536102066,train,-3.3190480462909115,-3.3192198,0.0001717813610659924,0.8023243,0.006893668,-3.3171747
-1.2000000000000002,1.0285344586119835e-09,2525.852161033123,522.4809638175516,38.89567254871546,292.9930878390376,0.0004907527018614322,3933886296999063760,train,-3.3091373006932527,-3.3057408,0.0033964674107820336,0.93974173,0.006365185,-3.3043659
0.0,9.570305915597544e-10,2609.011101819734,467.3507151496423,38.45876893881996,290.3471581734896,0.0004377196346672,14219469232104377133,train,-3.358803971923865,-3.361515,0.0027110732421506967,0.4097129,0.00966649,-3.3612702
-1.4,1.0285344586119835e-09,2525.852161033123,522.4809638175516,38.89567254871546,292.9930878390376,0.0004955509419278944,3933886296999063760,train,-3.304911694032398,-3.3021038,0.0028079361741215614,1.0000461,0.0061683515,-3.3000822
0.0,9.67689959245767e-10,2498.119875502734,535.4265253830317,42.346830624956574,300.5747457097431,0.000441288545103,7167329586276071870,train,-3.355277345752728,-3.3457608,0.009516523456585269,0.59693325,0.008000645,-3.3442776
-2.0,1.016175641189933e-09,2547.6570837434488,498.1799092392847,42.56757336192149,293.18283111534566,0.0005162797078978577,9151669764478585745,train,-3.2871149443333207,-3.284543,0.0025719069187699617,1.385832,0.005229384,-3.2824903
-1.6,9.67689959245767e-10,2498.119875502734,535.4265253830317,42.346830624956574,300.5747457097431,0.000504439687637828,7167329586276071870,train,-3.297190751908531,-3.2896297,0.007561054108848442,1.8756466,0.004483493,-3.2850726
-0.2,1.0511173572717443e-09,2495.130349883853,523.8477826070769,41.27631172344517,301.59948365785385,0.0004534934867469092,7136007211031035799,train,-3.343428946068472,-3.3355267,0.007902241280263844,0.7163539,0.0072988635,-3.3391824
-2.6,1.0572981218607252e-09,2430.584690541649,514.3340907827966,41.04225055349912,296.5414644902,0.0005201791016922388,16130397955524846863,train,-3.283847099664281,-3.276387,0.007460123422215581,1.4962958,0.00502975,-3.2768595
-2.4000000000000004,1.016175641189933e-09,2547.6570837434488,498.1799092392847,42.56757336192149,293.18283111534566,0.0005224472160501025,9151669764478585745,train,-3.2819575806928003,-3.2790606,0.002896978504689951,1.4602718,0.0050923713,-3.2775435
-1.2000000000000002,8.8914003988915e-10,2578.309809077789,484.4641187531683,42.13424050837239,300.34884642744885,0.000496487388988739,59563343903943478,train,-3.3040917783109145,-3.3042479,0.00015607782922222313,1.1071646,0.0058591,-3.305536
-2.6,1.0676002138658572e-09,2409.8209682971515,478.7831941058398,39.56928699408093,298.75903253628616,0.0005236399244012398,3193110456536102066,train,-3.2809672485113897,-3.2816844,0.0007171501397333913,0.9425779,0.006355508,-3.279741
0.0,8.981476672986597e-10,2648.7144938153992,484.4392889131667,39.21209704786501,303.00410991721293,0.0004306890715001,10990274489596691850,train,-3.3658361480828085,-3.3614259,0.004410271465376869,0.50374395,0.008713498,-3.3610795
0.0,1.0511173572717443e-09,2495.130349883853,523.8477826070769,41.27631172344517,301.59948365785385,0.0004390190953355,7136007211031035799,train,-3.3575165895107686,-3.3489716,0.00854498420986527,0.54970247,0.008339313,-3.3531296
-1.8,9.371440517713595e-10,2524.6000862506294,475.6202290123848,40.994373738605006,302.9961192294562,0.0005042912829527745,10395993465976512970,train,-3.297318538876814,-3.2947326,0.002585968228620672,1.4221123,0.00516127,-3.292045
-2.4000000000000004,9.570305915597544e-10,2609.011101819734,467.3507151496423,38.45876893881996,290.3471581734896,0.000512826550321193,14219469232104377133,train,-3.2900294983888174,-3.2915473,0.001517800042579065,0.7905547,0.0069452184,-3.2904313
-1.0,1.0676002138658572e-09,2409.8209682971515,478.7831941058398,39.56928699408093,298.75903253628616,0.0004931443474717982,3193110456536102066,train,-3.30702594049003,-3.3070776,5.170576546298378e-05,0.9442177,0.006349933,-3.30526
-0.2,1.2225745089622023e-09,2432.279761567632,478.07469592026655,37.79561575023349,300.3431374384869,0.00045557849034871833,2216844718377656366,train,-3.341436788858479,-3.340309,0.0011278842106516862,0.86247,0.006646878,-3.3462691
-1.4,8.8914003988915e-10,2578.309809077789,484.4641187531683,42.13424050837239,300.34884642744885,0.0005014976695705803,59563343903943478,train,-3.2997310807791345,-3.3001122,0.0003811666879065534,1.1150901,0.0058379997,-3.3014133
-2.8000000000000003,1.089765313742217e-09,2571.102793798516,524.9230612365601,38.57048554783602,303.1708876105774,0.0005209347481780648,4835108955857078241,train,-3.2832166726332095,-3.285853,0.002636236454925278,1.0210568,0.00610389,-3.283508
-0.4,8.981476672986597e-10,2648.7144938153992,484.4392889131667,39.21209704786501,303.00410991721293,0.0004563822391680073,10990274489596691850,train,-3.340671265177172,-3.3386755,0.001995766214769823,0.6703339,0.0075470475,-3.3364382
-1.0,9.431291378149591e-10,2617.847164727645,540.4486468445567,38.69622270488729,301.9657628923453,0.0004789631723949206,11854955608364436255,train,-3.31969787831935,-3.3160422,0.003655693489637901,0.7922175,0.006937866,-3.3156176
-2.0,8.939439783837784e-10,2330.6189292196764,529.359956175692,38.57283152042447,302.4090006102026,0.0005106413097154533,13197426831660621428,train,-3.2918840546790955,-3.2916343,0.00024973346632695126,1.0277642,0.0060837273,-3.2936304
-1.4,1.0676002138658572e-09,2409.8209682971515,478.7831941058398,39.56928699408093,298.75903253628616,0.0005033345460213875,3193110456536102066,train,-3.2981432610759716,-3.2987025,0.0005592173328419214,0.95395577,0.0063171196,-3.2962852
-2.4000000000000004,1.0686494239643995e-09,2589.61306441484,507.5353543611665,40.55316862193092,296.6314874710408,0.0005274363196941368,9728360064296503812,train,-3.2778299676414666,-3.285016,0.007186092234021668,1.1507941,0.005745654,-3.2853813
-2.6,9.371440517713595e-10,2524.6000862506294,475.6202290123848,40.994373738605006,302.9961192294562,0.0005168083432757451,10395993465976512970,train,-3.2866704837719336,-3.2840323,0.0026381389538183697,1.4041982,0.005194574,-3.2811491
-2.0,9.297325788733188e-10,2376.6983706631413,516.0358029995954,38.08606385532588,297.3563844788412,0.0005230273506269306,3212080770719938515,train,-3.2814756000127,-3.2930672,0.011591616860469056,0.78271836,0.0069801826,-3.2958064
-0.6000000000000001,9.431291378149591e-10,2617.847164727645,540.4486468445567,38.69622270488729,301.9657628923453,0.0004652336815274731,11854955608364436255,train,-3.3323288511834646,-3.3291636,0.0031652998528981513,0.65478617,0.007636739,-3.3283904
-2.2,9.67689959245767e-10,2498.119875502734,535.4265253830317,42.346830624956574,300.5747457097431,0.0005152500515248191,7167329586276071870,train,-3.287981956119456,-3.2804947,0.007487266178049623,2.0428028,0.0042923717,-3.2766125
-1.0,1.016175641189933e-09,2547.6570837434488,498.1799092392847,42.56757336192149,293.18283111534566,0.0004939770584730244,9151669764478585745,train,-3.306293220327224,-3.301837,0.004456252858962451,1.3177252,0.0053647296,-3.30114
-1.0,1.0109417900146311e-09,2546.474062846718,483.0790058826933,38.96317500489286,311.33012415162744,0.0004755841756813486,11587428247216890986,train,-3.3227726042816963,-3.3155382,0.007234436328205085,0.99357736,0.006188607,-3.3062148
-3.0,9.431291378149591e-10,2617.847164727645,540.4486468445567,38.69622270488729,301.9657628923453,0.0005152134988151529,11854955608364436255,train,-3.2880127667970545,-3.2854033,0.002609515149105235,1.1802872,0.0056725414,-3.283639
-0.8,9.34880998874723e-10,2658.424632928369,469.5577205631138,37.334947088248434,294.43440760000914,0.00047128111937950074,2804036452383970560,train,-3.3267199587414167,-3.3237073,0.0030126165935895344,0.53388166,0.008462666,-3.3274078
-0.4,9.67689959245767e-10,2498.119875502734,535.4265253830317,42.346830624956574,300.5747457097431,0.0004669453770773666,7167329586276071870,train,-3.330733919907865,-3.3224761,0.008257771302518258,1.0842462,0.0059214067,-3.3191655
0.0,9.297325788733188e-10,2376.6983706631413,516.0358029995954,38.08606385532588,297.3563844788412,0.0004532308887747,3212080770719938515,train,-3.343680499586954,-3.3547757,0.011095167603597744,0.27603295,0.0117849605,-3.3589
-2.4000000000000004,1.0160850161999514e-09,2298.443581617521,494.46825331908406,37.50931802222772,308.1655826328421,0.0005065949576417667,4552925917595615164,train,-3.2953391372443552,-3.289985,0.005354195761811287,0.7307113,0.0072262636,-3.287047
-2.8000000000000003,1.0160850161999514e-09,2298.443581617521,494.46825331908406,37.50931802222772,308.1655826328421,0.0005116073834854121,4552925917595615164,train,-3.291063196437651,-3.2867544,0.004308826701933111,0.73458594,0.007207036,-3.282954
-2.6,1.0285344586119835e-09,2525.852161033123,522.4809638175516,38.89567254871546,292.9930878390376,0.0005158174612702809,3933886296999063760,train,-3.2875039603660254,-3.2845562,0.002947809929624068,1.0714095,0.0059571713,-3.282574
-1.0,1.0368980362030106e-09,2588.682974046272,505.298163800807,40.78433779833217,301.9145433801493,0.0004922703540532768,3703347433873037581,train,-3.3077963179114858,-3.310779,0.00298277678455916,1.1727937,0.0056908573,-3.3131704
-0.4,1.117839944989197e-09,2400.8118901118505,474.17775422532,39.11984591644459,301.1260229250646,0.00047013771275828135,5355939635520617484,train,-3.3277749098713274,-3.3284957,0.0007208310191755274,0.8259516,0.0067935186,-3.3300948
-1.6,1.1037395013588123e-09,2531.0169366346463,492.6438219382251,36.10636397779454,299.96382807834965,0.0004921270658579323,5857788625354206728,train,-3.307922749110391,-3.3058517,0.002071051188638151,0.5941934,0.008019183,-3.3015807
-2.0,1.0572981218607252e-09,2430.584690541649,514.3340907827966,41.04225055349912,296.5414644902,0.0005114205667177122,16130397955524846863,train,-3.2912218108571785,-3.2842598,0.00696201471460034,1.4831398,0.0050523565,-3.2839649
-0.4,1.0686494239643995e-09,2589.61306441484,507.5353543611665,40.55316862193092,296.6314874710408,0.0004757987096647365,9728360064296503812,train,-3.322576740075643,-3.3290422,0.006465456198160524,0.83615816,0.006751571,-3.330844
-0.8,9.297325788733188e-10,2376.6983706631413,516.0358029995954,38.08606385532588,297.3563844788412,0.0004945892426516712,3212080770719938515,train,-3.305755333805343,-3.3156302,0.009874863719681493,0.5386874,0.008424623,-3.319994
-0.8,1.0511173572717443e-09,2495.130349883853,523.8477826070769,41.27631172344517,301.59948365785385,0.00048037358454111644,7136007211031035799,train,-3.318420882208861,-3.3113866,0.007034296973265075,1.1107202,0.0058496064,-3.3135138
-3.0,1.0511173572717443e-09,2495.130349883853,523.8477826070769,41.27631172344517,301.59948365785385,0.0005220390133976705,7136007211031035799,train,-3.282297039775126,-3.2758873,0.006409788874857547,1.5167476,0.00499519,-3.2762709
0.0,9.34880998874723e-10,2658.424632928369,469.5577205631138,37.334947088248434,294.43440760000914,0.0004306210087671,2804036452383970560,train,-3.365904786010319,-3.364652,0.001252867599064178,0.3279974,0.010808287,-3.3674
-2.2,8.981476672986597e-10,2648.7144938153992,484.4392889131667,39.21209704786501,303.00410991721293,0.000504574708462331,10990274489596691850,train,-3.2970745220517514,-3.2948427,0.0022318020200131627,0.80516654,0.0068813884,-3.2937555
-3.0,8.981476672986597e-10,2648.7144938153992,484.4392889131667,39.21209704786501,303.00410991721293,0.0005152043008541574,10990274489596691850,train,-3.288020520202919,-3.2864478,0.001572756759925742,0.84407973,0.0067195385,-3.284289
-1.4,1.089765313742217e-09,2571.102793798516,524.9230612365601,38.57048554783602,303.1708876105774,0.0004973877380185114,4835108955857078241,train,-3.3033049254925784,-3.3051918,0.0018868298022214347,0.9704068,0.006262809,-3.3038175
-1.6,1.0160850161999514e-09,2298.443581617521,494.46825331908406,37.50931802222772,308.1655826328421,0.0004936694235478171,4552925917595615164,train,-3.3065637708879994,-3.2999213,0.00664249670281869,0.7760417,0.0070103877,-3.2969253
-1.2000000000000002,9.570305915597544e-10,2609.011101819734,467.3507151496423,38.45876893881996,290.3471581734896,0.000490179283107571,14219469232104377133,train,-3.309645047678373,-3.3099494,0.0003043503623985089,0.72753656,0.0072421324,-3.309976
-2.2,9.431291378149591e-10,2617.847164727645,540.4486468445567,38.69622270488729,301.9657628923453,0.0005045425192393613,11854955608364436255,train,-3.297102228648237,-3.2940228,0.00307943011002898,1.0546231,0.006004919,-3.2932098
-1.0,1.0511173572717443e-09,2495.130349883853,523.8477826070769,41.27631172344517,301.59948365785385,0.00048662851787735403,7136007211031035799,train,-3.3128024437121057,-3.3055313,0.007271180360665319,1.1942166,0.005638953,-3.3077722
-1.2000000000000002,8.939439783837784e-10,2330.6189292196764,529.359956175692,38.57283152042447,302.4090006102026,0.0004942989528647828,13197426831660621428,train,-3.3060103095584994,-3.3047938,0.0012164748722200969,0.8299173,0.006777128,-3.3074648
0.0,1.016175641189933e-09,2547.6570837434488,498.1799092392847,42.56757336192149,293.18283111534566,0.0004459244967077,9151669764478585745,train,-3.3507386691781913,-3.3479128,0.0028258807870780167,0.6228457,0.007831399,-3.3462913
-2.8000000000000003,8.939439783837784e-10,2330.6189292196764,529.359956175692,38.57283152042447,302.4090006102026,0.000521840442229655,13197426831660621428,train,-3.282462266445906,-3.2823992,6.308889463646494e-05,1.219663,0.0055790786,-3.2838476
-1.8,1.1037395013588123e-09,2531.0169366346463,492.6438219382251,36.10636397779454,299.96382807834965,0.0004959008984115118,5857788625354206728,train,-3.3046051049075014,-3.3029585,0.0016466164431458985,0.59300834,0.008027242,-3.2983546
0.0,1.0686494239643995e-09,2589.61306441484,507.5353543611665,40.55316862193092,296.6314874710408,0.0004498524486095,9728360064296503812,train,-3.3469299112530364,-3.3543875,0.007457610490738009,0.5983652,0.007991007,-3.3559663
-2.4000000000000004,8.97240116378001e-10,2315.448379676966,519.850638103925,40.31160828282909,292.8565689112594,0.000524706953987876,222992878073105781,train,-3.280083180020169,-3.2774804,0.0026028161743436584,1.1881142,0.005653596,-3.2821245
-0.2,1.0676002138658572e-09,2409.8209682971515,478.7831941058398,39.56928699408093,298.75903253628616,0.0004602650743315348,3193110456536102066,train,-3.336991978833082,-3.336908,8.387679755950117e-05,0.68726104,0.007452873,-3.3353655
-1.8,1.0686494239643995e-09,2589.61306441484,507.5353543611665,40.55316862193092,296.6314874710408,0.0005175956095947331,9728360064296503812,train,-3.286009416143196,-3.2937193,0.007709875543815858,1.2225201,0.0055724727,-3.293631
-1.8,1.089765313742217e-09,2571.102793798516,524.9230612365601,38.57048554783602,303.1708876105774,0.0005057193793854951,4835108955857078241,train,-3.2960904036960654,-3.29841,0.00231953511619043,1.0198663,0.006107489,-3.296267
-1.6,1.0676002138658572e-09,2409.8209682971515,478.7831941058398,39.56928699408093,298.75903253628616,0.0005076075986142849,3193110456536102066,train,-3.2944718853725377,-3.295358,0.0008860572086391016,1.0168399,0.0061166678,-3.2926602
0.0,1.0285344586119835e-09,2525.852161033123,522.4809638175516,38.89567254871546,292.9930878390376,0.000438646668565,3933886296999063760,train,-3.357885164673893,-3.3565211,0.0013640350657389,0.40580288,0.009713145,-3.35404
-2.6,8.939439783837784e-10,2330.6189292196764,529.359956175692,38.57283152042447,302.4090006102026,0.0005193729747081059,13197426831660621428,train,-3.284520652397318,-3.2842412,0.0002794529039098492,1.1445243,0.005761558,-3.2862191
-1.8,9.67689959245767e-10,2498.119875502734,535.4265253830317,42.346830624956574,300.5747457097431,0.0005083874733371945,7167329586276071870,train,-3.293805158998353,-3.286374,0.007431066896302241,1.9989096,0.0043402445,-3.281787
-1.4,9.371440517713595e-10,2524.6000862506294,475.6202290123848,40.994373738605006,302.9961192294562,0.0004960063290666625,10395993465976512970,train,-3.304512781854177,-3.3016462,0.0028665492491963818,1.3447713,0.0053097582,-3.299219
-1.8,9.431291378149591e-10,2617.847164727645,540.4486468445567,38.69622270488729,301.9657628923453,0.0004977345152059849,11854955608364436255,train,-3.3030022422301393,-3.2999706,0.003031615399084586,1.0141318,0.0061249156,-3.298903
-0.2,1.1037395013588123e-09,2531.0169366346463,492.6438219382251,36.10636397779454,299.96382807834965,0.00044531686561272556,5857788625354206728,train,-3.3513308563984543,-3.3472703,0.004060606078019724,0.52634525,0.008523368,-3.3438816
-0.8,8.939439783837784e-10,2330.6189292196764,529.359956175692,38.57283152042447,302.4090006102026,0.00048273767031697826,13197426831660621428,train,-3.316288809794414,-3.31519,0.0010987329664109424,0.69040614,0.0074357567,-3.317588
-0.4,1.0368980362030106e-09,2588.682974046272,505.298163800807,40.78433779833217,301.9145433801493,0.000469134651590613,3703347433873037581,train,-3.3287024876693447,-3.331706,0.003003559388760735,0.8907723,0.006539469,-3.3342552
-0.8,1.0368980362030106e-09,2588.682974046272,505.298163800807,40.78433779833217,301.9145433801493,0.0004857969208586478,3703347433873037581,train,-3.3135452422240466,-3.316747,0.003201707925489572,1.1366291,0.005781772,-3.3190935
-3.0,1.0109417900146311e-09,2546.474062846718,483.0790058826933,38.96317500489286,311.33012415162744,0.000511229839124742,11587428247216890986,train,-3.291383805497108,-3.2865677,0.004816117508826601,0.9660989,0.006276897,-3.2789524
-1.8,1.0572981218607252e-09,2430.584690541649,514.3340907827966,41.04225055349912,296.5414644902,0.000507962542396339,16130397955524846863,train,-3.294168311791583,-3.2872083,0.006959993081256055,1.4831085,0.0050524105,-3.286659
-0.4,9.371440517713595e-10,2524.6000862506294,475.6202290123848,40.994373738605006,302.9961192294562,0.0004629279874796131,10395993465976512970,train,-3.334486562054679,-3.331694,0.0027926743441075708,0.8901261,0.006541864,-3.3297303
-3.0,1.0285344586119835e-09,2525.852161033123,522.4809638175516,38.89567254871546,292.9930878390376,0.0005206062348486922,3933886296999063760,train,-3.2834906350278428,-3.2805822,0.002908445467906251,1.1662079,0.005707099,-3.2786322
0.0,1.0676002138658572e-09,2409.8209682971515,478.7831941058398,39.56928699408093,298.75903253628616,0.0004460799052001,3193110456536102066,train,-3.350587340213382,-3.3511734,0.0005860606655243572,0.5857257,0.0080772955,-3.348893
-1.6,8.97240116378001e-10,2315.448379676966,519.850638103925,40.31160828282909,292.8565689112594,0.0005116061911227734,222992878073105781,train,-3.2910642086144386,-3.2888665,0.0021976886864600864,0.949187,0.0063331258,-3.2930129
-3.0,8.939439783837784e-10,2330.6189292196764,529.359956175692,38.57283152042447,302.4090006102026,0.0005241303661999031,13197426831660621428,train,-3.2805606781317542,-3.281111,0.0005503238366295626,1.2382991,0.0055364,-3.2820833
-0.4,9.297325788733188e-10,2376.6983706631413,516.0358029995954,38.08606385532588,297.3563844788412,0.0004784610134703381,3212080770719938515,train,-3.3201534441452436,-3.3300238,0.00987032141872124,0.4225788,0.009517566,-3.3345582
-1.4,1.0686494239643995e-09,2589.61306441484,507.5353543611665,40.55316862193092,296.6314874710408,0.0005092212967904046,9728360064296503812,train,-3.2930934414576134,-3.3003643,0.0072708144475379655,1.1750647,0.0056852885,-3.3007739
-2.0,1.2225745089622023e-09,2432.279761567632,478.07469592026655,37.79561575023349,300.3431374384869,0.0005090438323203161,2216844718377656366,train,-3.2932448201873177,-3.2933252,8.036558843915742e-05,0.9652954,0.006279535,-3.2954712
-3.0,8.8914003988915e-10,2578.309809077789,484.4641187531683,42.13424050837239,300.34884642744885,0.0005278730042781545,59563343903943478,train,-3.277470547494809,-3.2791028,0.0016322547818021782,1.2044336,0.005614686,-3.2790384
-2.2,9.297325788733188e-10,2376.6983706631413,516.0358029995954,38.08606385532588,297.3563844788412,0.0005262567979062937,3212080770719938515,train,-3.2788022811341877,-3.2903028,0.011500472314298626,0.78800595,0.006956533,-3.2932723
-2.2,1.089765313742217e-09,2571.102793798516,524.9230612365601,38.57048554783602,303.1708876105774,0.0005125843487933639,4835108955857078241,train,-3.290234658659869,-3.2926517,0.0024169946299257283,0.982227,0.0062246285,-3.2907238
-3.0,1.016175641189933e-09,2547.6570837434488,498.1799092392847,42.56757336192149,293.18283111534566,0.0005300500390634514,9151669764478585745,train,-3.2756831291476627,-3.273419,0.0022642257968326085,1.587539,0.00488074,-3.2719517
-2.2,1.0160850161999514e-09,2298.443581617521,494.46825331908406,37.50931802222772,308.1655826328421,0.0005037926966539662,4552925917595615164,train,-3.2977481326415425,-3.292102,0.00564603417657672,0.7330797,0.0072144927,-3.289193
-0.6000000000000001,1.0572981218607252e-09,2430.584690541649,514.3340907827966,41.04225055349912,296.5414644902,0.00047632583218506033,16130397955524846863,train,-3.322095865116139,-3.3139138,0.008182042942066925,1.0257578,0.006089738,-3.3153675
-0.6000000000000001,1.0109417900146311e-09,2546.474062846718,483.0790058826933,38.96317500489286,311.33012415162744,0.0004618762788620253,11587428247216890986,train,-3.3354743417670223,-3.3299642,0.005510180847832835,0.9430975,0.00635374,-3.3182871
-2.0,1.0160850161999514e-09,2298.443581617521,494.46825331908406,37.50931802222772,308.1655826328421,0.0005007420294638612,4552925917595615164,train,-3.3003859548400025,-3.2944565,0.0059294729064087726,0.7387281,0.0071866475,-3.2914562
-2.8000000000000003,8.97240116378001e-10,2315.448379676966,519.850638103925,40.31160828282909,292.8565689112594,0.0005297681197752064,222992878073105781,train,-3.2759141800937024,-3.2729187,0.002995478921827388,1.3490568,0.005301199,-3.2776072
-1.6,1.0109417900146311e-09,2546.474062846718,483.0790058826933,38.96317500489286,311.33012415162744,0.0004902965160349117,11587428247216890986,train,-3.309541192766852,-3.301585,0.007956233736700735,0.9535669,0.00631842,-3.2950087
-2.6,1.2225745089622023e-09,2432.279761567632,478.07469592026655,37.79561575023349,300.3431374384869,0.000517502073604767,2216844718377656366,train,-3.286087905671424,-3.285915,0.00017300775272266478,0.9373132,0.0063735065,-3.2878296
-1.4,1.2225745089622023e-09,2432.279761567632,478.07469592026655,37.79561575023349,300.3431374384869,0.0004977831530679331,2216844718377656366,train,-3.302959805705413,-3.3023,0.0006598293565360791,1.0144718,0.006123878,-3.3063939
-3.0,1.1037395013588123e-09,2531.0169366346463,492.6438219382251,36.10636397779454,299.96382807834965,0.0005127209213730177,5857788625354206728,train,-3.2901189609846506,-3.2893307,0.0007882400831613623,0.57714784,0.00813746,-3.2845638
-1.6,1.089765313742217e-09,2571.102793798516,524.9230612365601,38.57048554783602,303.1708876105774,0.0005017698816383912,4835108955857078241,train,-3.299495410440317,-3.3016183,0.0021229271909084524,1.0244205,0.006093754,-3.2998264
-2.2,9.34880998874723e-10,2658.424632928369,469.5577205631138,37.334947088248434,294.43440760000914,0.00050270881664092,2804036452383970560,train,-3.2986834979330086,-3.2980592,0.0006242728506111739,0.5750257,0.008152551,-3.2988536
-1.4,9.34880998874723e-10,2658.424632928369,469.5577205631138,37.334947088248434,294.43440760000914,0.00048785139141967497,2804036452383970560,train,-3.311712452004305,-3.3102622,0.0014502487877523507,0.52412164,0.008541528,-3.3121693
-3.0,8.931040101417876e-10,2540.0923303514373,529.7791096206541,38.25394170360681,296.3367780179062,0.0005252473676638336,7126979072579706712,train,-3.2796361154321216,-3.2843306,0.004694491028449654,1.1134748,0.005842282,-3.2832527
-1.4,1.0368980362030106e-09,2588.682974046272,505.298163800807,40.78433779833217,301.9145433801493,0.0005028911165373828,3703347433873037581,train,-3.2985260360292425,-3.301606,0.0030799038358697572,1.2116688,0.0055976864,-3.3036928
-1.6,1.0368980362030106e-09,2588.682974046272,505.298163800807,40.78433779833217,301.9145433801493,0.0005073168353419577,3703347433873037581,train,-3.2947207253530166,-3.2979548,0.003234072391734344,1.2324396,0.005549715,-3.2998328
-1.2000000000000002,1.0676002138658572e-09,2409.8209682971515,478.7831941058398,39.56928699408093,298.75903253628616,0.0004985502734426863,3193110456536102066,train,-3.302291041208149,-3.3025248,0.00023376386082052392,0.93866795,0.0063688606,-3.3004296
-0.4,9.34880998874723e-10,2658.424632928369,469.5577205631138,37.334947088248434,294.43440760000914,0.00045526133480579105,2804036452383970560,train,-3.3417392326119493,-3.338366,0.0033732009652207573,0.46538177,0.00906732,-3.3425274
-2.8000000000000003,1.0285344586119835e-09,2525.852161033123,522.4809638175516,38.89567254871546,292.9930878390376,0.0005182986233275706,3933886296999063760,train,-3.2854199447048127,-3.282301,0.0031189956081330017,1.1258008,0.0058098384,-3.2802706
-2.6,1.0686494239643995e-09,2589.61306441484,507.5353543611665,40.55316862193092,296.6314874710408,0.0005301867671856034,9728360064296503812,train,-3.27557111592769,-3.2825232,0.006952039284712441,1.1697578,0.0056983274,-3.2827303
-2.2,1.016175641189933e-09,2547.6570837434488,498.1799092392847,42.56757336192149,293.18283111534566,0.0005194953927570465,9151669764478585745,train,-3.2844182997123172,-3.2817192,0.0026990919486453713,1.4124261,0.0051791994,-3.2798882
-3.0,8.97240116378001e-10,2315.448379676966,519.850638103925,40.31160828282909,292.8565689112594,0.0005320306944752712,222992878073105781,train,-3.2740633112074127,-3.2713995,0.0026638132215728305,1.3986626,0.005204994,-3.2760992
-0.4,1.0285344586119835e-09,2525.852161033123,522.4809638175516,38.89567254871546,292.9930878390376,0.0004632292169970814,3933886296999063760,train,-3.3342040564040105,-3.3296456,0.004558422706500753,0.60969085,0.007915974,-3.329318
-2.0,1.1037395013588123e-09,2531.0169366346463,492.6438219382251,36.10636397779454,299.96382807834965,0.0004993029260995062,5857788625354206728,train,-3.3016358888114126,-3.3002272,0.0014087235892445982,0.57851875,0.008127755,-3.2956061
-3.0,1.0686494239643995e-09,2589.61306441484,507.5353543611665,40.55316862193092,296.6314874710408,0.0005350858885630025,9728360064296503812,train,-3.2715765022121226,-3.2789345,0.00735797654764303,1.1917629,0.005644827,-3.2784739
-1.2000000000000002,9.371440517713595e-10,2524.6000862506294,475.6202290123848,40.994373738605006,302.9961192294562,0.000491112765791332,10395993465976512970,train,-3.3088187768423807,-3.3058434,0.0029754235708963073,1.3039569,0.0053933654,-3.3033774
-1.2000000000000002,1.2225745089622023e-09,2432.279761567632,478.07469592026655,37.79561575023349,300.3431374384869,0.0004931035713934726,2216844718377656366,train,-3.3070618519996655,-3.3060536,0.0010082135414135607,1.0017722,0.0061629796,-3.3109694
-0.6000000000000001,8.97240116378001e-10,2315.448379676966,519.850638103925,40.31160828282909,292.8565689112594,0.0004840684733257722,222992878073105781,train,-3.315093201404774,-3.311254,0.0038391768991585806,0.6005664,0.007976258,-3.3179605
-2.2,1.0368980362030106e-09,2588.682974046272,505.298163800807,40.78433779833217,301.9145433801493,0.0005181857305363725,3703347433873037581,train,-3.2855145505061936,-3.288709,0.0031943747409988177,1.207242,0.0056080692,-3.290673
-1.0,1.0160850161999514e-09,2298.443581617521,494.46825331908406,37.50931802222772,308.1655826328421,0.00047962499884998303,4552925917595615164,train,-3.3190981888349533,-3.3120234,0.007074787574577357,0.7638505,0.007066557,-3.3091877
-1.8,1.0511173572717443e-09,2495.130349883853,523.8477826070769,41.27631172344517,301.59948365785385,0.0005050939091448834,7136007211031035799,train,-3.2966278685510364,-3.2897067,0.006921161550303978,1.3642455,0.005271188,-3.290778
-1.8,8.97240116378001e-10,2315.448379676966,519.850638103925,40.31160828282909,292.8565689112594,0.0005153736440091575,222992878073105781,train,-3.2878777948539177,-3.2858815,0.0019962755362907814,1.0465661,0.006028242,-3.2897167
-2.6,9.431291378149591e-10,2617.847164727645,540.4486468445567,38.69622270488729,301.9657628923453,0.0005102810647172835,11854955608364436255,train,-3.2921905469751795,-3.2889023,0.0032882642603357937,1.123638,0.005815493,-3.2880483
-2.2,1.0572981218607252e-09,2430.584690541649,514.3340907827966,41.04225055349912,296.5414644902,0.0005145827434014078,16130397955524846863,train,-3.2885447820028726,-3.2814362,0.00710857709259427,1.4689809,0.0050770226,-3.2815528
-1.8,1.0109417900146311e-09,2546.474062846718,483.0790058826933,38.96317500489286,311.33012415162744,0.0004941698434041378,11587428247216890986,train,-3.306123760841636,-3.2982981,0.007825640342978613,0.92137927,0.0064289127,-3.292039
-1.0,1.0572981218607252e-09,2430.584690541649,514.3340907827966,41.04225055349912,296.5414644902,0.0004897394320008706,16130397955524846863,train,-3.310034926794636,-3.3019693,0.008065637014972982,1.2557893,0.0054972083,-3.3031247
-0.4,1.0109417900146311e-09,2546.474062846718,483.0790058826933,38.96317500489286,311.33012415162744,0.0004530536201203164,11587428247216890986,train,-3.3438503950196563,-3.3382003,0.005650064285403378,0.94121087,0.006360167,-3.3260274
-0.2,8.97240116378001e-10,2315.448379676966,519.850638103925,40.31160828282909,292.8565689112594,0.00046485990560644815,222992878073105781,train,-3.3326779103124675,-3.3297071,0.0029707646215495487,0.36941874,0.010182153,-3.3368592
-1.6,8.981476672986597e-10,2648.7144938153992,484.4392889131667,39.21209704786501,303.00410991721293,0.0004939105162696047,10990274489596691850,train,-3.306351726806183,-3.3041303,0.002221411025543407,0.8512753,0.006690829,-3.3027692
-0.2,8.939439783837784e-10,2330.6189292196764,529.359956175692,38.57283152042447,302.4090006102026,0.00045602580940425243,13197426831660621428,train,-3.3410105771499268,-3.339187,0.0018236703353515793,0.39087895,0.009897598,-3.3429108
-2.2,9.371440517713595e-10,2524.6000862506294,475.6202290123848,40.994373738605006,302.9961192294562,0.0005110829604517325,10395993465976512970,train,-3.2915085982174235,-3.2888856,0.002623004803116835,1.4013059,0.0052000107,-3.2864122
-1.6,9.34880998874723e-10,2658.424632928369,469.5577205631138,37.334947088248434,294.43440760000914,0.0004921673372377956,2804036452383970560,train,-3.307887211697991,-3.3069868,0.0009004029211356901,0.5382216,0.008428288,-3.3082101
-2.6,8.97240116378001e-10,2315.448379676966,519.850638103925,40.31160828282909,292.8565689112594,0.0005273331590977757,222992878073105781,train,-3.2779149190527335,-3.27501,0.0029048101049795605,1.2629086,0.0054814885,-3.2797594
-1.2000000000000002,1.0160850161999514e-09,2298.443581617521,494.46825331908406,37.50931802222772,308.1655826328421,0.0004848679003869456,4552925917595615164,train,-3.314376566443904,-3.307182,0.007194492850764345,0.755794,0.007104418,-3.3044715
-3.0,9.371440517713595e-10,2524.6000862506294,475.6202290123848,40.994373738605006,302.9961192294562,0.00052173181636766,10395993465976512970,train,-3.2825526782257097,-3.2810159,0.0015368052703874646,1.4772215,0.005062624,-3.2769969
-2.4000000000000004,9.297325788733188e-10,2376.6983706631413,516.0358029995954,38.08606385532588,297.3563844788412,0.0005292181182716779,3212080770719938515,train,-3.2763652957568077,-3.287661,0.011295779835233333,0.8151963,0.006838569,-3.2907727
-0.6000000000000001,1.0160850161999514e-09,2298.443581617521,494.46825331908406,37.50931802222772,308.1655826328421,0.0004665880126919956,4552925917595615164,train,-3.3310664230403235,-3.3249497,0.00611668167679813,0.71451944,0.007308297,-3.3209555
-2.0,1.117839944989197e-09,2400.8118901118505,474.17775422532,39.11984591644459,301.1260229250646,0.0005138191644947622,5355939635520617484,train,-3.289189701394887,-3.2905476,0.0013579079343366551,0.9662785,0.006276308,-3.2908792
-0.8,1.0109417900146311e-09,2546.474062846718,483.0790058826933,38.96317500489286,311.33012415162744,0.00046927211379729636,11587428247216890986,train,-3.328575252699475,-3.3222396,0.006335615324597033,0.94985205,0.0063308864,-3.3116891
-3.0,1.0368980362030106e-09,2588.682974046272,505.298163800807,40.78433779833217,301.9145433801493,0.0005290305657376439,3703347433873037581,train,-3.2765192350579975,-3.2804997,0.003980461673569913,1.1890076,0.0056514447,-3.2810621
-1.0,1.2225745089622023e-09,2432.279761567632,478.07469592026655,37.79561575023349,300.3431374384869,0.0004878142131216873,2216844718377656366,train,-3.3117455500854414,-3.3105712,0.0011743563903729992,0.9619357,0.0062906016,-3.3160467
-3.0,1.0676002138658572e-09,2409.8209682971515,478.7831941058398,39.56928699408093,298.75903253628616,0.0005283848473474901,3193110456536102066,train,-3.2770496452735,-3.2783287,0.0012790118767687098,0.9856813,0.0062136003,-3.276109
-1.6,1.0511173572717443e-09,2495.130349883853,523.8477826070769,41.27631172344517,301.59948365785385,0.0005012490403099716,7136007211031035799,train,-3.299946445869981,-3.2929502,0.006996292519151126,1.3265398,0.0053466302,-3.29442
-2.8000000000000003,1.0572981218607252e-09,2430.584690541649,514.3340907827966,41.04225055349912,296.5414644902,0.0005226697575692083,16130397955524846863,train,-3.281772628084351,-3.2744071,0.00736547972314483,1.5499663,0.0049405135,-3.274811
-2.4000000000000004,9.67689959245767e-10,2498.119875502734,535.4265253830317,42.346830624956574,300.5747457097431,0.0005182661731772182,7167329586276071870,train,-3.2854471362924245,-3.2778778,0.007569328675236964,2.157146,0.004174548,-3.2742984
-2.8000000000000003,9.34880998874723e-10,2658.424632928369,469.5577205631138,37.334947088248434,294.43440760000914,0.000510838508968079,2804036452383970560,train,-3.291716371389131,-3.2902904,0.0014260157067580437,0.64263934,0.0077090594,-3.2909503
-1.2000000000000002,1.016175641189933e-09,2547.6570837434488,498.1799092392847,42.56757336192149,293.18283111534566,0.0004995356860795721,9151669764478585745,train,-3.3014334809838664,-3.2975063,0.003927148586405416,1.3735121,0.005253122,-3.2965863
-1.2000000000000002,1.117839944989197e-09,2400.8118901118505,474.17775422532,39.11984591644459,301.1260229250646,0.0004975722217152879,5355939635520617484,train,-3.303143873278074,-3.3036766,0.0005327319465355806,0.98929757,0.0062021166,-3.3051949
-2.0,9.371440517713595e-10,2524.6000862506294,475.6202290123848,40.994373738605006,302.9961192294562,0.0005078426254690513,10395993465976512970,train,-3.2942708496830946,-3.291705,0.0025659565709119647,1.4113207,0.005181257,-3.2890687
-0.2,9.34880998874723e-10,2658.424632928369,469.5577205631138,37.334947088248434,294.43440760000914,0.0004446412054441848,2804036452383970560,train,-3.351990293171399,-3.3490672,0.0029230820202759134,0.4012681,0.009768104,-3.3535156
-1.8,1.0368980362030106e-09,2588.682974046272,505.298163800807,40.78433779833217,301.9145433801493,0.0005112905098230384,3703347433873037581,train,-3.2913322682352013,-3.2946534,0.0033211474447303324,1.2330787,0.005548258,-3.296373
-1.4,8.931040101417876e-10,2540.0923303514373,529.7791096206541,38.25394170360681,296.3367780179062,0.0004997209608722237,7126979072579706712,train,-3.3012724336268096,-3.3059666,0.004694182050070328,0.7884326,0.0069546355,-3.3054328
-2.0,9.570305915597544e-10,2609.011101819734,467.3507151496423,38.45876893881996,290.3471581734896,0.0005067013177886973,14219469232104377133,train,-3.295247966229133,-3.2973206,0.002072638095207857,0.8193519,0.0068210573,-3.295746
-2.8000000000000003,9.67689959245767e-10,2498.119875502734,535.4265253830317,42.346830624956574,300.5747457097431,0.000523641419687588,7167329586276071870,train,-3.2809660083582757,-3.2737536,0.007212365322387004,2.40363,0.0039495816,-3.2701492
0.0,8.939439783837784e-10,2330.6189292196764,529.359956175692,38.57283152042447,302.4090006102026,0.0004417013717516,13197426831660621428,train,-3.3548712519908155,-3.3522882,0.0025830058360303276,0.30792034,0.011156241,-3.3562548
-1.8,1.117839944989197e-09,2400.8118901118505,474.17775422532,39.11984591644459,301.1260229250646,0.0005103954451087711,5355939635520617484,train,-3.292093210017602,-3.293395,0.0013018324018316818,0.97898924,0.0062350184,-3.2936761
-2.4000000000000004,1.1037395013588123e-09,2531.0169366346463,492.6438219382251,36.10636397779454,299.96382807834965,0.0005052696559673471,5857788625354206728,train,-3.2964767825882935,-3.2951047,0.0013720405381225653,0.5570216,0.00828403,-3.2907207
-3.0,1.117839944989197e-09,2400.8118901118505,474.17775422532,39.11984591644459,301.1260229250646,0.0005271860829579278,5355939635520617484,train,-3.2780360630846723,-3.2799344,0.0018983431958452535,0.9632243,0.00628635,-3.2797759
-0.6000000000000001,9.67689959245767e-10,2498.119875502734,535.4265253830317,42.346830624956574,300.5747457097431,0.0004758402079856465,7167329586276071870,train,-3.32253886333173,-3.3147268,0.007812033802921281,1.3098907,0.005380969,-3.3110027
-2.8000000000000003,8.931040101417876e-10,2540.0923303514373,529.7791096206541,38.25394170360681,296.3367780179062,0.000522884871113947,7126979072579706712,train,-3.281593923645161,-3.2860258,0.0044318389128226165,1.0751745,0.0059466157,-3.2851217
-0.6000000000000001,1.117839944989197e-09,2400.8118901118505,474.17775422532,39.11984591644459,301.1260229250646,0.0004788263038730668,5355939635520617484,train,-3.3198220000510346,-3.320688,0.0008660092110504003,0.86672306,0.006630403,-3.3222785
-1.4,1.117839944989197e-09,2400.8118901118505,474.17775422532,39.11984591644459,301.1260229250646,0.0005023423401060729,5355939635520617484,train,-3.299000215630046,-3.2997992,0.0007989882426344685,1.0083939,0.0061425,-3.3008153
-2.4000000000000004,1.0109417900146311e-09,2546.474062846718,483.0790058826933,38.96317500489286,311.33012415162744,0.0005037368301675838,11587428247216890986,train,-3.297796295015226,-3.290591,0.007205293504605859,0.905642,0.0064850603,-3.2847958
-1.0,8.97240116378001e-10,2315.448379676966,519.850638103925,40.31160828282909,292.8565689112594,0.0004973050826301973,222992878073105781,train,-3.30337710210506,-3.2998428,0.0035342676324039424,0.75182223,0.0071233055,-3.3058379
-1.6,8.931040101417876e-10,2540.0923303514373,529.7791096206541,38.25394170360681,296.3367780179062,0.0005040391800995044,7126979072579706712,train,-3.297535703555142,-3.302606,0.005070402249301331,0.85233676,0.0066866246,-3.3016112
-1.0,1.089765313742217e-09,2571.102793798516,524.9230612365601,38.57048554783602,303.1708876105774,0.0004868918327991446,4835108955857078241,train,-3.312567510317553,-3.3142984,0.0017308810246099426,0.95771754,0.006304578,-3.312913
-2.2,1.0109417900146311e-09,2546.474062846718,483.0790058826933,38.96317500489286,311.33012415162744,0.0005008299578832235,11587428247216890986,train,-3.300309701055128,-3.2928362,0.0074735117851085775,0.9114667,0.0064641098,-3.2870576
-1.2000000000000002,1.0511173572717443e-09,2495.130349883853,523.8477826070769,41.27631172344517,301.59948365785385,0.0004921023634044571,7136007211031035799,train,-3.3079445491885378,-3.3006482,0.007296336755676425,1.2491338,0.005512025,-3.302887
-1.0,9.34880998874723e-10,2658.424632928369,469.5577205631138,37.334947088248434,294.43440760000914,0.00047752977707572454,2804036452383970560,train,-3.3209995421609295,-3.318345,0.0026544722756756123,0.5367372,0.008439999,-3.3215582
-2.8000000000000003,1.0686494239643995e-09,2589.61306441484,507.5353543611665,40.55316862193092,296.6314874710408,0.0005327282769282114,9728360064296503812,train,-3.2734942504876314,-3.280435,0.00694083480899943,1.1925182,0.0056430167,-3.2802403
-1.2000000000000002,8.97240116378001e-10,2315.448379676966,519.850638103925,40.31160828282909,292.8565689112594,0.0005026552012694275,222992878073105781,train,-3.298729819184996,-3.2956243,0.0031055630509628784,0.817667,0.0068281414,-3.3010843
-1.2000000000000002,8.931040101417876e-10,2540.0923303514373,529.7791096206541,38.25394170360681,296.3367780179062,0.0004948702180032918,7126979072579706712,train,-3.3055086818647794,-3.3097718,0.004263094334561401,0.7327129,0.0072163115,-3.3095791
-1.0,9.371440517713595e-10,2524.6000862506294,475.6202290123848,40.994373738605006,302.9961192294562,0.00048557334834492424,10395993465976512970,train,-3.3137451583915642,-3.3108356,0.0029095584922722573,1.2487793,0.0055128178,-3.3084283
-0.6000000000000001,9.34880998874723e-10,2658.424632928369,469.5577205631138,37.334947088248434,294.43440760000914,0.00046398663140633824,2804036452383970560,train,-3.3334945323548144,-3.3302794,0.0032151820740526915,0.502872,0.008721088,-3.3342934
-1.0,9.67689959245767e-10,2498.119875502734,535.4265253830317,42.346830624956574,300.5747457097431,0.0004895999164394195,7167329586276071870,train,-3.3101586649840273,-3.302154,0.008004600805560536,1.5586807,0.004926459,-3.2982416
-1.2000000000000002,9.67689959245767e-10,2498.119875502734,535.4265253830317,42.346830624956574,300.5747457097431,0.000495150626450006,7167329586276071870,train,-3.3052626671570575,-3.2973108,0.007951837994459865,1.6842875,0.0047360873,-3.2932856
-2.6,8.8914003988915e-10,2578.309809077789,484.4641187531683,42.13424050837239,300.34884642744885,0.0005228683772796855,59563343903943478,train,-3.2816076232080675,-3.2822309,0.0006232308263562913,1.153214,0.0057395506,-3.2831228
-1.8,1.0676002138658572e-09,2409.8209682971515,478.7831941058398,39.56928699408093,298.75903253628616,0.0005114478755180862,3193110456536102066,train,-3.2911986210493342,-3.2922964,0.001097788557599344,1.0225463,0.0060993955,-3.289488
-0.2,8.931040101417876e-10,2540.0923303514373,529.7791096206541,38.25394170360681,296.3367780179062,0.0004559548730521521,7126979072579706712,train,-3.3410781383755936,-3.3448417,0.0037635802981124122,0.3634667,0.010265501,-3.346034
-1.8,1.0285344586119835e-09,2525.852161033123,522.4809638175516,38.89567254871546,292.9930878390376,0.0005036445686334877,3933886296999063760,train,-3.297875845174301,-3.2958162,0.0020596620840911406,1.0485991,0.0060223313,-3.2927325
-2.2,8.931040101417876e-10,2540.0923303514373,529.7791096206541,38.25394170360681,296.3367780179062,0.0005146487109835212,7126979072579706712,train,-3.288489110643795,-3.2936,0.005110971753666149,0.9194105,0.0064358586,-3.2926674
-1.2000000000000002,9.297325788733188e-10,2376.6983706631413,516.0358029995954,38.08606385532588,297.3563844788412,0.0005063659746367758,3212080770719938515,train,-3.295535484515098,-3.3058445,0.010309060849281959,0.6320659,0.007773698,-3.3097875
-0.4,1.2225745089622023e-09,2432.279761567632,478.07469592026655,37.79561575023349,300.3431374384869,0.00046609243684254183,2216844718377656366,train,-3.3315279441907766,-3.3306005,0.0009274440839650566,0.89147556,0.006536865,-3.336231
-0.8,8.8914003988915e-10,2578.309809077789,484.4641187531683,42.13424050837239,300.34884642744885,0.0004843328745143611,59563343903943478,train,-3.31485605183797,-3.31497,0.00011396464152202412,1.0417513,0.006042308,-3.3163216
0.0,9.431291378149591e-10,2617.847164727645,540.4486468445567,38.69622270488729,301.9657628923453,0.0004310119332489,11854955608364436255,train,-3.3655107055413467,-3.3605223,0.004988435338709962,0.36106843,0.010299665,-3.3615408
-1.4,8.97240116378001e-10,2315.448379676966,519.850638103925,40.31160828282909,292.8565689112594,0.0005073920412905815,222992878073105781,train,-3.2946563491968486,-3.2920508,0.0026055107263895927,0.87076014,0.0066148764,-3.296856
-2.4000000000000004,1.0368980362030106e-09,2588.682974046272,505.298163800807,40.78433779833217,301.9145433801493,0.0005212159970647835,3703347433873037581,train,-3.2829822634691492,-3.2860546,0.0030723477369054564,1.1772095,0.0056800433,-3.2880847
0.0,1.117839944989197e-09,2400.8118901118505,474.17775422532,39.11984591644459,301.1260229250646,0.000445159227202,5355939635520617484,train,-3.351484620195555,-3.3515425,5.785264380042676e-05,0.66322523,0.0075876657,-3.353543
-1.8,1.2225745089622023e-09,2432.279761567632,478.07469592026655,37.79561575023349,300.3431374384869,0.0005056817373093994,2216844718377656366,train,-3.2961227306248646,-3.2961006,2.2114169786480176e-05,1.0017309,0.006163108,-3.2984953
-0.2,1.0285344586119835e-09,2525.852161033123,522.4809638175516,38.89567254871546,292.9930878390376,0.0004526015497047142,3933886296999063760,train,-3.3442839633573094,-3.3404346,0.003849412118295703,0.4946181,0.008793929,-3.3401186
-1.2000000000000002,1.089765313742217e-09,2571.102793798516,524.9230612365601,38.57048554783602,303.1708876105774,0.0004924725427125951,4835108955857078241,train,-3.3076179781223534,-3.3093343,0.0017162999843360893,0.9602093,0.0062963106,-3.3080907
-0.6000000000000001,9.371440517713595e-10,2524.6000862506294,475.6202290123848,40.994373738605006,302.9961192294562,0.00047181098846963706,10395993465976512970,train,-3.326231948621778,-3.3238158,0.002416126020459597,1.0702558,0.005960417,-3.3213732
0.0,1.0160850161999514e-09,2298.443581617521,494.46825331908406,37.50931802222772,308.1655826328421,0.0004341353619695,4552925917595615164,train,-3.3623748377900897,-3.352681,0.009693916235524291,0.5766258,0.008141164,-3.3514647
-1.6,1.0686494239643995e-09,2589.61306441484,507.5353543611665,40.55316862193092,296.6314874710408,0.0005136310043684019,9728360064296503812,train,-3.2893487687793352,-3.29691,0.007561278751792688,1.213783,0.005592747,-3.2970357
-2.4000000000000004,1.0511173572717443e-09,2495.130349883853,523.8477826070769,41.27631172344517,301.59948365785385,0.0005145887550315455,7136007211031035799,train,-3.2885397083726757,-3.2812586,0.007281125303828073,1.3763744,0.0052475794,-3.2827232
-2.6,1.0368980362030106e-09,2588.682974046272,505.298163800807,40.78433779833217,301.9145433801493,0.0005240169641674565,3703347433873037581,train,-3.280654653235623,-3.2837064,0.00305177338486029,1.1514528,0.005743991,-3.2854583
-2.6,1.089765313742217e-09,2571.102793798516,524.9230612365601,38.57048554783602,303.1708876105774,0.0005183651327785942,4835108955857078241,train,-3.285364218462927,-3.2877607,0.002396516095178658,1.0007149,0.0061662686,-3.2858167
-2.0,8.981476672986597e-10,2648.7144938153992,484.4392889131667,39.21209704786501,303.00410991721293,0.0005013474822432364,10990274489596691850,train,-3.2998611617350764,-3.2977266,0.0021345305705255946,0.84030944,0.006734728,-3.2964244
-0.2,9.297325788733188e-10,2376.6983706631413,516.0358029995954,38.08606385532588,297.3563844788412,0.000467606711238745,3212080770719938515,train,-3.330119264334326,-3.340141,0.010021793633813836,0.3434497,0.010561505,-3.3452802
-1.4,9.431291378149591e-10,2617.847164727645,540.4486468445567,38.69622270488729,301.9657628923453,0.0004894146792222806,11854955608364436255,train,-3.3103230088100806,-3.3068802,0.003442773138083499,0.8604908,0.006654586,-3.3064501
-3.0,1.0572981218607252e-09,2430.584690541649,514.3340907827966,41.04225055349912,296.5414644902,0.0005249848008898766,16130397955524846863,train,-3.2798532698992022,-3.2730272,0.006826088273836017,1.6029986,0.004856754,-3.273391
-0.6000000000000001,8.8914003988915e-10,2578.309809077789,484.4641187531683,42.13424050837239,300.34884642744885,0.00047672767218298856,59563343903943478,train,-3.3217296382395785,-3.3218129,8.322987870768017e-05,0.92179424,0.006427452,-3.323141
-0.2,9.431291378149591e-10,2617.847164727645,540.4486468445567,38.69622270488729,301.9657628923453,0.0004455605898998308,11854955608364436255,train,-3.3510932297417657,-3.347067,0.004026112050725672,0.4453808,0.009269639,-3.3478043
-0.8,1.117839944989197e-09,2400.8118901118505,474.17775422532,39.11984591644459,301.1260229250646,0.0004860413225751585,5355939635520617484,train,-3.313326806039212,-3.3139622,0.0006354151064180691,0.8869144,0.0065538078,-3.3157167
-2.4000000000000004,1.0285344586119835e-09,2525.852161033123,522.4809638175516,38.89567254871546,292.9930878390376,0.0005131425973978019,3933886296999063760,train,-3.289761931852261,-3.2871575,0.002604396299282552,1.0467434,0.0060277255,-3.2849863
-1.6,9.431291378149591e-10,2617.847164727645,540.4486468445567,38.69622270488729,301.9657628923453,0.000493798109175096,11854955608364436255,train,-3.3064505773777486,-3.3032522,0.003198357223940018,0.94875,0.006334598,-3.3024714
-1.4,1.0160850161999514e-09,2298.443581617521,494.46825331908406,37.50931802222772,308.1655826328421,0.0004895184770627715,4552925917595615164,train,-3.310230910939581,-3.3032312,0.006999671620733228,0.77398205,0.0070197843,-3.3004007
-0.6000000000000001,1.1037395013588123e-09,2531.0169366346463,492.6438219382251,36.10636397779454,299.96382807834965,0.00046451609969643405,5857788625354206728,train,-3.3329992291662447,-3.3294065,0.003592729303573794,0.6054731,0.007943671,-3.3260076
-2.2,8.939439783837784e-10,2330.6189292196764,529.359956175692,38.57283152042447,302.4090006102026,0.0005138057115543233,13197426831660621428,train,-3.289201072349278,-3.2889607,0.00024037708255431056,1.0213072,0.0061031333,-3.2911224
-2.8000000000000003,9.431291378149591e-10,2617.847164727645,540.4486468445567,38.69622270488729,301.9657628923453,0.0005128365654651415,11854955608364436255,train,-3.2900210170040713,-3.2868717,0.0031493453274356042,1.1634284,0.005713995,-3.2855368
-2.0,9.34880998874723e-10,2658.424632928369,469.5577205631138,37.334947088248434,294.43440760000914,0.0004995261765399783,2804036452383970560,train,-3.301441748621188,-3.3009646,0.00047715473385911977,0.57118195,0.008180099,-3.3016195
0.0,1.1037395013588123e-09,2531.0169366346463,492.6438219382251,36.10636397779454,299.96382807834965,0.000431249126152,5857788625354206728,train,-3.365271771936638,-3.361103,0.004168714075309943,0.4652969,0.009068151,-3.3569727
-1.6,1.117839944989197e-09,2400.8118901118505,474.17775422532,39.11984591644459,301.1260229250646,0.000506593472071686,5355939635520617484,train,-3.29534041079796,-3.2964382,0.0010978063651259085,1.0125176,0.0061298474,-3.2969675
-2.8000000000000003,8.8914003988915e-10,2578.309809077789,484.4641187531683,42.13424050837239,300.34884642744885,0.0005254648221063759,59563343903943478,train,-3.2794563530448015,-3.280347,0.0008907557961408408,1.196241,0.00563412,-3.280758
-0.2,1.0572981218607252e-09,2430.584690541649,514.3340907827966,41.04225055349912,296.5414644902,0.0004570353581771723,16130397955524846863,train,-3.3400501997830516,-3.331831,0.008219221389496933,0.763108,0.0070700212,-3.3339329
-1.2000000000000002,1.0686494239643995e-09,2589.61306441484,507.5353543611665,40.55316862193092,296.6314874710408,0.0005042849362984878,9728360064296503812,train,-3.2973240046351426,-3.304273,0.006948885455799747,1.1421665,0.005767573,-3.3048794
0.0,1.2225745089622023e-09,2432.279761567632,478.07469592026655,37.79561575023349,300.3431374384869,0.0004415904710704,2216844718377656366,train,-3.3549803066696944,-3.3540199,0.000960426374894574,0.7956134,0.0069229216,-3.358666
-2.0,1.0511173572717443e-09,2495.130349883853,523.8477826070769,41.27631172344517,301.59948365785385,0.0005085545977538944,7136007211031035799,train,-3.2936624149528844,-3.2866898,0.006972656652103115,1.3860282,0.005229009,-3.287789
-0.4,8.939439783837784e-10,2330.6189292196764,529.359956175692,38.57283152042447,302.4090006102026,0.0004667723126153437,13197426831660621428,train,-3.330894912770184,-3.3297951,0.0010997906235776789,0.4941907,0.00879775,-3.332195
-0.6000000000000001,1.089765313742217e-09,2571.102793798516,524.9230612365601,38.57048554783602,303.1708876105774,0.000473002089467641,4835108955857078241,train,-3.325136940779604,-3.3273969,0.0022599288798197392,0.81243587,0.0068502747,-3.3253145
-0.6000000000000001,1.0285344586119835e-09,2525.852161033123,522.4809638175516,38.89567254871546,292.9930878390376,0.0004719245813484706,3933886296999063760,train,-3.326127400775375,-3.3216841,0.004443278689803876,0.71720403,0.0072945044,-3.3212903
-2.4000000000000004,8.931040101417876e-10,2540.0923303514373,529.7791096206541,38.25394170360681,296.3367780179062,0.0005176085705659186,7126979072579706712,train,-3.285998541229098,-3.2908192,0.004820626861722133,0.963822,0.0062843813,-3.2901413
0.0,1.089765313742217e-09,2571.102793798516,524.9230612365601,38.57048554783602,303.1708876105774,0.0004382552078335,4835108955857078241,train,-3.358272914435734,-3.3580365,0.00023639633881034072,0.54286,0.008392002,-3.3573546
-1.4,1.1037395013588123e-09,2531.0169366346463,492.6438219382251,36.10636397779454,299.96382807834965,0.00048790099523884163,5857788625354206728,train,-3.3116682959965753,-3.3090386,0.0026296569279717907,0.5997517,0.007981707,-3.3053608
-2.2,1.0511173572717443e-09,2495.130349883853,523.8477826070769,41.27631172344517,301.59948365785385,0.0005117010547152835,7136007211031035799,train,-3.290983687861661,-3.283863,0.007120620234708053,1.3738606,0.005252447,-3.2852354
-2.2,8.8914003988915e-10,2578.309809077789,484.4641187531683,42.13424050837239,300.34884642744885,0.0005170038466165291,59563343903943478,train,-3.2865062256524444,-3.2872353,0.0007290343573211899,1.1363013,0.005782616,-3.2883403
-0.6000000000000001,9.297325788733188e-10,2376.6983706631413,516.0358029995954,38.08606385532588,297.3563844788412,0.00048726431883382344,3212080770719938515,train,-3.3122353897698162,-3.3221605,0.00992509263679997,0.49929732,0.008752413,-3.326583
-2.0,8.8914003988915e-10,2578.309809077789,484.4641187531683,42.13424050837239,300.34884642744885,0.0005136700095417771,59563343903943478,train,-3.289315789679069,-3.2901218,0.0008060040678792291,1.1878382,0.0056542605,-3.2911797
-2.6,9.297325788733188e-10,2376.6983706631413,516.0358029995954,38.08606385532588,297.3563844788412,0.0005319474885229405,3212080770719938515,train,-3.27413123719802,-3.2852294,0.011098207305764163,0.854418,0.006678404,-3.2883048
-2.8000000000000003,1.016175641189933e-09,2547.6570837434488,498.1799092392847,42.56757336192149,293.18283111534566,0.0005277002649409417,9151669764478585745,train,-3.2776126877778506,-3.2747314,0.002881290149066462,1.5586913,0.0049264417,-3.2733452
-2.6,1.0511173572717443e-09,2495.130349883853,523.8477826070769,41.27631172344517,301.59948365785385,0.0005172572654093414,7136007211031035799,train,-3.286293400507514,-3.2789643,0.007329119425360631,1.3984162,0.0052054594,-3.280213
-2.0,8.97240116378001e-10,2315.448379676966,519.850638103925,40.31160828282909,292.8565689112594,0.0005187706170010759,222992878073105781,train,-3.285024630189487,-3.2829924,0.002032267213412986,1.1315006,0.005795015,-3.286983
0.0,1.0368980362030106e-09,2588.682974046272,505.298163800807,40.78433779833217,301.9145433801493,0.0004428621989964,3703347433873037581,train,-3.3537313878296913,-3.3546386,0.000907188677877091,0.65051186,0.007661957,-3.3591523
-2.6,8.981476672986597e-10,2648.7144938153992,484.4392889131667,39.21209704786501,303.00410991721293,0.0005102858338682066,10990274489596691850,train,-3.2921864880233715,-3.289795,0.002391566148371549,0.82364804,0.0068030935,-3.2885911
-1.2000000000000002,1.1037395013588123e-09,2531.0169366346463,492.6438219382251,36.10636397779454,299.96382807834965,0.0004831469766425675,5857788625354206728,train,-3.315920733772476,-3.312732,0.00318875249501005,0.5967858,0.0080016395,-3.3095245
-1.8,1.016175641189933e-09,2547.6570837434488,498.1799092392847,42.56757336192149,293.18283111534566,0.0005127482048263886,9151669764478585745,train,-3.2900958514576133,-3.2874773,0.0026185965900595853,1.395039,0.0052118483,-3.2855458
-1.2000000000000002,9.34880998874723e-10,2658.424632928369,469.5577205631138,37.334947088248434,294.43440760000914,0.0004830053146873749,2804036452383970560,train,-3.3160480905182577,-3.313958,0.002090160907051608,0.5281362,0.008508826,-3.3165393
-0.8,9.371440517713595e-10,2524.6000862506294,475.6202290123848,40.994373738605006,302.9961192294562,0.00047922942113633556,10395993465976512970,train,-3.319456527336329,-3.3168201,0.002636382683008698,1.2212197,0.0055754767,-3.3144019
-2.2,1.0686494239643995e-09,2589.61306441484,507.5353543611665,40.55316862193092,296.6314874710408,0.0005244470322609748,9728360064296503812,train,-3.280298367829602,-3.2877674,0.007469042448718266,1.1730329,0.00569027,-3.288013
-1.4,1.0572981218607252e-09,2430.584690541649,514.3340907827966,41.04225055349912,296.5414644902,0.0004999081537917085,16130397955524846863,train,-3.3011097795949467,-3.2936664,0.0074434168324954975,1.353692,0.005291987,-3.2938514
-0.4,1.016175641189933e-09,2547.6570837434488,498.1799092392847,42.56757336192149,293.18283111534566,0.0004713664484298097,9151669764478585745,train,-3.3266413335222746,-3.321082,0.005559218348934802,0.976575,0.0062427986,-3.3215091
-2.6,1.1037395013588123e-09,2531.0169366346463,492.6438219382251,36.10636397779454,299.96382807834965,0.0005079276580584628,5857788625354206728,train,-3.294198137998084,-3.2928042,0.0013938968176638866,0.55890507,0.008269979,-3.288358
-0.4,1.0572981218607252e-09,2430.584690541649,514.3340907827966,41.04225055349912,296.5414644902,0.000467689251537589,16130397955524846863,train,-3.3300426109586194,-3.3216953,0.008347283199830358,0.9281965,0.0064050336,-3.3232524
-0.8,1.0572981218607252e-09,2430.584690541649,514.3340907827966,41.04225055349912,296.5414644902,0.0004835503312969372,16130397955524846863,train,-3.3155583148242282,-3.3074005,0.008157849812631568,1.1621768,0.0057171085,-3.3087761
-0.4,1.1037395013588123e-09,2531.0169366346463,492.6438219382251,36.10636397779454,299.96382807834965,0.0004559202971965328,5857788625354206728,train,-3.3411110729346203,-3.3373733,0.003737816251270676,0.59133035,0.008038692,-3.3336573
-0.6000000000000001,9.570305915597544e-10,2609.011101819734,467.3507151496423,38.45876893881996,290.3471581734896,0.0004712419389750213,14219469232104377133,train,-3.326756065727497,-3.325468,0.0012880023730046375,0.6369261,0.0077437866,-3.3277638
-1.8,9.34880998874723e-10,2658.424632928369,469.5577205631138,37.334947088248434,294.43440760000914,0.00049603390776742,2804036452383970560,train,-3.3044886350965847,-3.3039272,0.0005614519453396305,0.5554276,0.008295977,-3.3046901
-1.4,9.297325788733188e-10,2376.6983706631413,516.0358029995954,38.08606385532588,297.3563844788412,0.0005112334975560992,3212080770719938515,train,-3.291380697636916,-3.3021529,0.010772174448655303,0.6908428,0.00743339,-3.3057268
-0.4,9.431291378149591e-10,2617.847164727645,540.4486468445567,38.69622270488729,301.9657628923453,0.0004563987916593156,11854955608364436255,train,-3.3406555140706202,-3.3373206,0.0033349478932520604,0.5443392,0.008380529,-3.3367016
-2.8000000000000003,1.0511173572717443e-09,2495.130349883853,523.8477826070769,41.27631172344517,301.59948365785385,0.0005197340185264117,7136007211031035799,train,-3.28421885605614,-3.2771149,0.007103987892077335,1.461309,0.0050905365,-3.2778916
-0.8,1.2225745089622023e-09,2432.279761567632,478.07469592026655,37.79561575023349,300.3431374384869,0.000481757715975575,2216844718377656366,train,-3.3171713208265743,-3.3160982,0.0010731076307735066,0.9451805,0.0063466663,-3.3218236
-0.6000000000000001,8.981476672986597e-10,2648.7144938153992,484.4392889131667,39.21209704786501,303.00410991721293,0.0004653098216427445,10990274489596691850,train,-3.332257780391234,-3.3305092,0.0017485946002184782,0.7487639,0.0071379514,-3.3282268
-1.0,1.117839944989197e-09,2400.8118901118505,474.17775422532,39.11984591644459,301.1260229250646,0.000492190347862703,5355939635520617484,train,-3.3078669073155993,-3.3083215,0.0004545686670667237,0.95480573,0.0063142795,-3.3101108
-0.6000000000000001,1.016175641189933e-09,2547.6570837434488,498.1799092392847,42.56757336192149,293.18283111534566,0.00048023901596529786,9151669764478585745,train,-3.3185425595432347,-3.313364,0.005178530612570675,1.157389,0.0057290643,-3.3135808
-0.4,1.089765313742217e-09,2571.102793798516,524.9230612365601,38.57048554783602,303.1708876105774,0.0004640420501427398,4835108955857078241,train,-3.333442663157406,-3.335479,0.002036357914981579,0.76008,0.0070842016,-3.3333473
-1.0,9.570305915597544e-10,2609.011101819734,467.3507151496423,38.45876893881996,290.3471581734896,0.00048473904923589177,14219469232104377133,train,-3.3144919933068007,-3.3140955,0.0003964961754530094,0.70924187,0.007335638,-3.3149872
-2.0,9.67689959245767e-10,2498.119875502734,535.4265253830317,42.346830624956574,300.5747457097431,0.0005119719401087574,7167329586276071870,train,-3.290753840957514,-3.2833393,0.007414578948846895,2.0172138,0.0043200925,-3.2790573
-0.8,8.931040101417876e-10,2540.0923303514373,529.7791096206541,38.25394170360681,296.3367780179062,0.0004830738921985708,7126979072579706712,train,-3.3159864333900786,-3.319771,0.00378461801678176,0.6112282,0.007905949,-3.3200274
-1.8,8.981476672986597e-10,2648.7144938153992,484.4392889131667,39.21209704786501,303.00410991721293,0.000497813422837562,10990274489596691850,train,-3.3029333974307353,-3.3008063,0.0021271134799296654,0.84964776,0.006697291,-3.2994099
-1.0,1.1037395013588123e-09,2531.0169366346463,492.6438219382251,36.10636397779454,299.96382807834965,0.0004777784224903496,5857788625354206728,train,-3.320773467823852,-3.3172023,0.0035711381882319593,0.57990485,0.0081179775,-3.3141882
-1.4,8.939439783837784e-10,2330.6189292196764,529.359956175692,38.57283152042447,302.4090006102026,0.0004990651715423051,13197426831660621428,train,-3.3018427373564245,-3.3008857,0.0009570600187780443,0.8973865,0.006515101,-3.3034322
-0.6000000000000001,1.0272364839515192e-09,2572.148319494551,521.8227614311556,39.43236728729266,296.39638250989714,0.0004797578805884717,12816177013697617925,validation,-3.3189778827353194,-3.3231559,0.004177997239045883,0.60155654,0.007826189,-3.3250732
-1.8,9.32148229008894e-10,2545.124905053194,512.7371789301767,40.07870713980076,299.5411124372077,0.0005016815896109958,7464429288297915064,validation,-3.299571836139998,-3.2950206,0.004551255848249891,0.9223649,0.0063089677,-3.2967005
-2.6,1.08604047901988e-09,2575.5622449220923,476.6697423761544,40.75046782180591,305.2870639056014,0.0005224094354191619,17451691503515762550,validation,-3.281988987717916,-3.285463,0.0034741069933876823,1.0961103,0.0057817535,-3.2831893
-0.6000000000000001,8.688108546297864e-10,2646.5653288453154,498.36187777461095,39.94029005251662,299.6218359156308,0.00046564990950325494,6517130074721695667,validation,-3.331940477112025,-3.327794,0.00414640209981787,0.69277805,0.007289039,-3.3279796
-0.4,1.020786601528739e-09,2414.9946347184086,525.5036010755978,41.93453001893169,295.92616711681853,0.0004760745708442458,12935788499417564366,validation,-3.3223250154105233,-3.317691,0.004633927687744954,0.8930857,0.0064126025,-3.319132
-1.8,8.688108546297864e-10,2646.5653288453154,498.36187777461095,39.94029005251662,299.6218359156308,0.0004979168928227558,6517130074721695667,validation,-3.3028431391689006,-3.2990015,0.003841683861893763,0.8164115,0.0067098476,-3.2991292
-1.6,9.54751015148706e-10,2385.841355900724,509.52056648049273,41.08562699346509,303.58650370690776,0.0005030485280283918,7884238669149658161,validation,-3.2983901174522967,-3.2921987,0.006191459462794757,1.4168073,0.0050763134,-3.2917788
-2.6,9.308015570351787e-10,2751.659002613549,471.438867720947,38.31893407640898,299.3638589999156,0.0005211396079123817,13806398585976261423,validation,-3.283045918113047,-3.2926364,0.00959047638768551,0.73262274,0.0070864786,-3.294833
-2.4000000000000004,9.32148229008894e-10,2545.124905053194,512.7371789301767,40.07870713980076,299.5411124372077,0.0005113149527741931,7464429288297915064,validation,-3.2913115066820935,-3.2863653,0.004946236067469467,0.96052796,0.006181044,-3.288611
-0.2,9.308015570351787e-10,2751.659002613549,471.438867720947,38.31893407640898,299.3638589999156,0.0004537316180505422,13806398585976261423,validation,-3.3432009560956097,-3.3513358,0.00813480783566467,0.5484649,0.008198657,-3.3554976
-1.8,1.1421949243104863e-09,2464.085688286918,515.1290966367517,40.96326376678826,298.8654192354596,0.0005079297556599722,12882774050561771087,validation,-3.294196344485041,-3.2885196,0.005676723589655097,1.4280726,0.005055931,-3.2887135
0.0,1.011801650795657e-09,2503.197375042157,521.464297637573,42.04226242943757,288.6545802497056,0.0004550106762044,14082706842164037214,validation,-3.3419784130961574,-3.3460865,0.004108088979037916,0.51048666,0.00849996,-3.3480976
-2.0,1.08604047901988e-09,2575.5622449220923,476.6697423761544,40.75046782180591,305.2870639056014,0.0005132537575358329,17451691503515762550,validation,-3.2896678624715365,-3.2929654,0.003297549668356048,1.1805487,0.0055685085,-3.291062
-2.8000000000000003,8.64757430416121e-10,2613.398572092139,483.2695161383806,39.73131063338137,294.42197627514213,0.0005228167177876489,1633077101789385956,validation,-3.281650533702735,-3.2845864,0.0029358958932124146,0.769257,0.0069142645,-3.2858236
-0.8,8.688108546297864e-10,2646.5653288453154,498.36187777461095,39.94029005251662,299.6218359156308,0.00047303256081144624,6517130074721695667,validation,-3.325108963925963,-3.3208337,0.004275280912046764,0.76735026,0.006922924,-3.3211308
-2.0,1.020786601528739e-09,2414.9946347184086,525.5036010755978,41.93453001893169,295.92616711681853,0.0005202427257000675,12935788499417564366,validation,-3.2837939836015004,-3.280551,0.0032430268754262137,1.6305926,0.0047261515,-3.2800503
-2.8000000000000003,1.08604047901988e-09,2575.5622449220923,476.6697423761544,40.75046782180591,305.2870639056014,0.0005250157810999656,17451691503515762550,validation,-3.2798276422290376,-3.2837346,0.003906917783779829,1.1365818,0.0056765927,-3.280756
-2.6,9.91880560193061e-10,2562.543459042286,488.1664551370801,40.47383155665718,295.6008889602198,0.0005275165865024337,16069905982438259650,validation,-3.2777638804601605,-3.283012,0.0052480328394000075,0.99506634,0.0060716504,-3.279442
-0.4,9.54751015148706e-10,2385.841355900724,509.52056648049273,41.08562699346509,303.58650370690776,0.00046621781425997737,7884238669149658161,validation,-3.33141113603424,-3.3253212,0.00608993852447437,0.87955934,0.0064622117,-3.325789
-0.8,9.308015570351787e-10,2751.659002613549,471.438867720947,38.31893407640898,299.3638589999156,0.0004821014827763929,13806398585976261423,validation,-3.3168615327762443,-3.3258348,0.008973218352906098,0.73109734,0.007093928,-3.3293958
-1.0,9.55415883814233e-10,2578.1734587821948,522.0121395253278,38.42173874228168,293.06092698472065,0.0004843080495514666,7069279127234648490,validation,-3.3148783126038186,-3.3135781,0.0013001837891213341,0.7026927,0.007237033,-3.3147745
-0.2,8.64757430416121e-10,2613.398572092139,483.2695161383806,39.73131063338137,294.42197627514213,0.00045450399906667486,1633077101789385956,validation,-3.3424622911769997,-3.343841,0.00137878472021713,0.42321548,0.009339841,-3.347294
-1.2000000000000002,1.0272364839515192e-09,2572.148319494551,521.8227614311556,39.43236728729266,296.39638250989714,0.0004989401339464632,12816177013697617925,validation,-3.301951560702132,-3.3063908,0.0044392016269694246,0.7616417,0.006949041,-3.3078825
-0.4,1.011801650795657e-09,2503.197375042157,521.464297637573,42.04226242943757,288.6545802497056,0.0004804984147090595,14082706842164037214,validation,-3.318308040845058,-3.3171427,0.0011653158542133113,0.8882345,0.0064302646,-3.3228667
-2.0,1.0882818479532783e-09,2447.508764517909,466.8571183944717,43.278933930679706,307.8168200832177,0.0005205668213593718,3262830124868165494,validation,-3.283523515365709,-3.2866466,0.0031230891722549003,1.3701491,0.0051633785,-3.2807372
-0.6000000000000001,9.581806245172891e-10,2592.420375814081,497.997415088655,37.83724802001972,293.41915116225954,0.0004773449251807273,17533524623644286140,validation,-3.321167690209631,-3.3272977,0.006129997320886371,0.53439564,0.008306532,-3.3287296
-2.8000000000000003,1.020786601528739e-09,2414.9946347184086,525.5036010755978,41.93453001893169,295.92616711681853,0.000531378307523522,12935788499417564366,validation,-3.2745961787837126,-3.2708342,0.0037619712489225243,1.8526919,0.0044282647,-3.2714481
-2.6,1.1421949243104863e-09,2464.085688286918,515.1290966367517,40.96326376678826,298.8654192354596,0.0005199981562338656,12882774050561771087,validation,-3.283998196247658,-3.277773,0.006225292805275284,1.4922081,0.004944298,-3.2786841
-0.6000000000000001,1.0882818479532783e-09,2447.508764517909,466.8571183944717,43.278933930679706,307.8168200832177,0.00048378760137881237,3262830124868165494,validation,-3.3153452660315264,-3.3193955,0.004050276113249041,1.1984627,0.005526178,-3.3106184
-1.8,9.91880560193061e-10,2562.543459042286,488.1664551370801,40.47383155665718,295.6008889602198,0.0005148800494817738,16069905982438259650,validation,-3.2882939358438437,-3.2941985,0.005904577187162197,0.9758109,0.006131925,-3.2900531
-1.0,1.0272364839515192e-09,2572.148319494551,521.8227614311556,39.43236728729266,296.39638250989714,0.0004934496506933284,12816177013697617925,validation,-3.3067571541221894,-3.3109617,0.004204569205447317,0.71321964,0.0071830037,-3.3126452
0.0,9.581806245172891e-10,2592.420375814081,497.997415088655,37.83724802001972,293.41915116225954,0.0004431586934112,17533524623644286140,validation,-3.3534407267534734,-3.362008,0.008567368034124279,0.35748196,0.010166047,-3.3616567
0.0,8.836751126639038e-10,2477.068135205752,531.0701614185327,43.11434944357355,296.9231984392292,0.0004527352556018,18058330792975761325,validation,-3.344155684614229,-3.3426054,0.0015503322124956753,0.4467358,0.009089459,-3.347498
-0.4,8.688108546297864e-10,2646.5653288453154,498.36187777461095,39.94029005251662,299.6218359156308,0.00045677500395163224,6517130074721695667,validation,-3.3402976699611933,-3.3358788,0.004418820931652245,0.62055856,0.0077046175,-3.3362002
-2.8000000000000003,9.32148229008894e-10,2545.124905053194,512.7371789301767,40.07870713980076,299.5411124372077,0.0005165614495896511,7464429288297915064,validation,-3.2868780078707953,-3.281892,0.004985946637274807,0.9942958,0.0060740295,-3.2837992
-1.6,8.64757430416121e-10,2613.398572092139,483.2695161383806,39.73131063338137,294.42197627514213,0.0005034128966401291,1633077101789385956,validation,-3.298075662709192,-3.3014452,0.003369583033606016,0.67141926,0.007404952,-3.302608
0.0,1.0882818479532783e-09,2447.508764517909,466.8571183944717,43.278933930679706,307.8168200832177,0.0004483845932534,3262830124868165494,validation,-3.3483493184231516,-3.34635,0.0019993638180491047,0.95872504,0.0061869156,-3.341593
-1.2000000000000002,1.1421949243104863e-09,2464.085688286918,515.1290966367517,40.96326376678826,298.8654192354596,0.0004950662033937874,12882774050561771087,validation,-3.30533672056929,-3.2990327,0.006304032428420925,1.320737,0.0052605416,-3.3006933
-0.8,1.011801650795657e-09,2503.197375042157,521.464297637573,42.04226242943757,288.6545802497056,0.000496768669857078,14082706842164037214,validation,-3.303845801996625,-3.3033922,0.00045363013688382026,1.2366482,0.005439023,-3.308015
-2.2,1.011801650795657e-09,2503.197375042157,521.464297637573,42.04226242943757,288.6545802497056,0.0005282960413312455,14082706842164037214,validation,-3.2771226435898675,-3.2795262,0.002403590083228213,1.5799772,0.0048026284,-3.280041
-1.4,9.91880560193061e-10,2562.543459042286,488.1664551370801,40.47383155665718,295.6008889602198,0.000506532198890977,16069905982438259650,validation,-3.2953929424928243,-3.300755,0.0053620814634744995,0.9221268,0.0063097905,-3.2968445
-1.6,1.0272364839515192e-09,2572.148319494551,521.8227614311556,39.43236728729266,296.39638250989714,0.0005081139883431193,12816177013697617925,validation,-3.2940388488279373,-3.2991085,0.005069656421086144,0.80536103,0.006756142,-3.2996635
-1.2000000000000002,8.64757430416121e-10,2613.398572092139,483.2695161383806,39.73131063338137,294.42197627514213,0.0004939532714661189,1633077101789385956,validation,-3.306314133878573,-3.3086593,0.002345181230679838,0.6302275,0.0076448745,-3.3102186
-2.8000000000000003,1.011801650795657e-09,2503.197375042157,521.464297637573,42.04226242943757,288.6545802497056,0.0005363812044144976,14082706842164037214,validation,-3.270526448870559,-3.27243,0.0019034942141575861,1.7520076,0.004556323,-3.273389
-2.2,8.64757430416121e-10,2613.398572092139,483.2695161383806,39.73131063338137,294.42197627514213,0.0005143635539013994,1633077101789385956,validation,-3.288729811662893,-3.29226,0.0035301199014381446,0.7026697,0.0072371527,-3.2936726
-1.2000000000000002,8.836751126639038e-10,2477.068135205752,531.0701614185327,43.11434944357355,296.9231984392292,0.0005079872331256693,18058330792975761325,validation,-3.2941472023868412,-3.2934167,0.0007304638767093863,1.5437526,0.004859642,-3.2955036
-0.8,8.836751126639038e-10,2477.068135205752,531.0701614185327,43.11434944357355,296.9231984392292,0.0004958275380355409,18058330792975761325,validation,-3.304669356380711,-3.303479,0.0011904001581766188,1.3088231,0.0052847844,-3.3064547
-1.0,8.688108546297864e-10,2646.5653288453154,498.36187777461095,39.94029005251662,299.6218359156308,0.00047932308440166375,6517130074721695667,validation,-3.3193716546993404,-3.314959,0.004412605474486853,0.79516757,0.006799696,-3.31526
-1.0,1.011801650795657e-09,2503.197375042157,521.464297637573,42.04226242943757,288.6545802497056,0.0005030689125295023,14082706842164037214,validation,-3.2983725193549116,-3.2985246,0.00015209879389210812,1.2987759,0.005305486,-3.3022244
-2.6,8.688108546297864e-10,2646.5653288453154,498.36187777461095,39.94029005251662,299.6218359156308,0.0005104456449863647,6517130074721695667,validation,-3.2920504971408175,-3.2876427,0.004407779779367349,0.79787785,0.0067880345,-3.2882688
-2.2,9.581806245172891e-10,2592.420375814081,497.997415088655,37.83724802001972,293.41915116225954,0.0005165822155490636,17533524623644286140,validation,-3.2868605494245213,-3.2954438,0.008583223845131993,0.65230197,0.0075134803,-3.2944434
-1.2000000000000002,8.688108546297864e-10,2646.5653288453154,498.36187777461095,39.94029005251662,299.6218359156308,0.0004848155689123405,6517130074721695667,validation,-3.314423442092283,-3.3100693,0.004354119506223331,0.80600655,0.0067534116,-3.3103247
-0.4,9.775160845782078e-10,2577.8004715918664,488.1533623282412,40.35879763032958,294.16913853899604,0.00047323107338442176,6898913632721408619,validation,-3.324926746384929,-3.3293118,0.0043851013018385565,0.6161016,0.0077326274,-3.3262053
-0.2,1.0882818479532783e-09,2447.508764517909,466.8571183944717,43.278933930679706,307.8168200832177,0.0004634999301468232,3262830124868165494,validation,-3.3339503269711592,-3.3351405,0.0011901397189042484,1.0868515,0.0058066305,-3.3284824
-2.0,9.581806245172891e-10,2592.420375814081,497.997415088655,37.83724802001972,293.41915116225954,0.000513318732362702,17533524623644286140,validation,-3.2896128868919505,-3.2983515,0.00873863936842545,0.652493,0.0075123725,-3.2970414
-0.2,1.0272364839515192e-09,2572.148319494551,521.8227614311556,39.43236728729266,296.39638250989714,0.00045991443719579586,12816177013697617925,validation,-3.337322957253411,-3.3415074,0.004184477591559599,0.45847014,0.008971797,-3.3440447
-3.0,1.08604047901988e-09,2575.5622449220923,476.6697423761544,40.75046782180591,305.2870639056014,0.000527439824612764,17451691503515762550,validation,-3.2778270816783563,-3.2826319,0.004804792406116309,1.1797708,0.0055703684,-3.2789853
-0.2,9.54751015148706e-10,2385.841355900724,509.52056648049273,41.08562699346509,303.58650370690776,0.00045544840967454755,7884238669149658161,validation,-3.341560810046826,-3.3344064,0.007154434161816159,0.6499989,0.0075268764,-3.3367803
-0.6000000000000001,1.020786601528739e-09,2414.9946347184086,525.5036010755978,41.93453001893169,295.92616711681853,0.00048483572698060693,12935788499417564366,validation,-3.31440538500753,-3.3099802,0.004425230970054539,1.0581552,0.0058857864,-3.311235
-1.4,9.775160845782078e-10,2577.8004715918664,488.1533623282412,40.35879763032958,294.16913853899604,0.0005064987411777819,6898913632721408619,validation,-3.295421629672353,-3.3012757,0.00585410046070356,0.8931928,0.006412214,-3.297766
-0.4,1.08604047901988e-09,2575.5622449220923,476.6697423761544,40.75046782180591,305.2870639056014,0.0004675754785313038,17451691503515762550,validation,-3.3301482729973437,-3.3338737,0.003725475781953147,1.0526723,0.005901276,-3.3304157
-2.0,9.55415883814233e-10,2578.1734587821948,522.0121395253278,38.42173874228168,293.06092698472065,0.0005062425888473101,7069279127234648490,validation,-3.295641321597082,-3.2962542,0.0006128364229374128,0.8334791,0.0066401577,-3.2949357
-1.2000000000000002,1.08604047901988e-09,2575.5622449220923,476.6697423761544,40.75046782180591,305.2870639056014,0.0004962358903149597,17451691503515762550,validation,-3.3043118285320427,-3.307357,0.0030452442981574457,1.2764654,0.005352322,-3.3050082
-1.6,9.32148229008894e-10,2545.124905053194,512.7371789301767,40.07870713980076,299.5411124372077,0.0004978035355442945,7464429288297915064,validation,-3.302942023231795,-3.2982566,0.004685387565901422,0.86050946,0.006534047,-3.3002386
-3.0,9.581806245172891e-10,2592.420375814081,497.997415088655,37.83724802001972,293.41915116225954,0.0005272980202710646,17533524623644286140,validation,-3.2779438592146506,-3.2858582,0.00791429508222441,0.7230019,0.0071338555,-3.2850878
-1.0,9.775160845782078e-10,2577.8004715918664,488.1533623282412,40.35879763032958,294.16913853899604,0.0004960443349392606,6898913632721408619,validation,-3.3044795058505283,-3.3094935,0.005014035867000999,0.8148042,0.006716523,-3.3058372
-0.2,8.688108546297864e-10,2646.5653288453154,498.36187777461095,39.94029005251662,299.6218359156308,0.0004458200174079293,6517130074721695667,validation,-3.3508404355089128,-3.3458588,0.004981623176759431,0.56180906,0.008100101,-3.3471138
-2.8000000000000003,9.775160845782078e-10,2577.8004715918664,488.1533623282412,40.35879763032958,294.16913853899604,0.0005298673635417154,6898913632721408619,validation,-3.2758328294387593,-3.2813601,0.005527319944785614,0.99850935,0.0060610566,-3.2779708
-1.4,1.011801650795657e-09,2503.197375042157,521.464297637573,42.04226242943757,288.6545802497056,0.0005134152656439324,14082706842164037214,validation,-3.289531222368202,-3.291123,0.0015916909923938682,1.3552227,0.005192172,-3.2927916
-1.8,1.020786601528739e-09,2414.9946347184086,525.5036010755978,41.93453001893169,295.92616711681853,0.0005167770402709133,12935788499417564366,validation,-3.286696789721081,-3.2834885,0.0032082776818964653,1.6283013,0.004729537,-3.282675
-1.2000000000000002,1.011801650795657e-09,2503.197375042157,521.464297637573,42.04226242943757,288.6545802497056,0.0005085628464358359,14082706842164037214,validation,-3.293655370816397,-3.2945285,0.0008731135280855007,1.3126181,0.0052770264,-3.297234
-3.0,9.54751015148706e-10,2385.841355900724,509.52056648049273,41.08562699346509,303.58650370690776,0.0005239019490253591,7884238669149658161,validation,-3.2807499858823,-3.2758245,0.004925439068335091,1.5741909,0.004811604,-3.2746618
-1.6,8.688108546297864e-10,2646.5653288453154,498.36187777461095,39.94029005251662,299.6218359156308,0.0004940132629822049,6517130074721695667,validation,-3.306261391232905,-3.3023133,0.003948063443598215,0.8092034,0.0067399377,-3.3024833
-2.8000000000000003,9.308015570351787e-10,2751.659002613549,471.438867720947,38.31893407640898,299.3638589999156,0.0005237825677971079,13806398585976261423,validation,-3.2808489595868155,-3.2904565,0.009607573845191286,0.7458344,0.0070229145,-3.2921948
-2.8000000000000003,9.54751015148706e-10,2385.841355900724,509.52056648049273,41.08562699346509,303.58650370690776,0.0005216051641569616,7884238669149658161,validation,-3.282658117518142,-3.2769272,0.00573088477583239,1.5370126,0.0048704706,-3.276218
-3.0,8.64757430416121e-10,2613.398572092139,483.2695161383806,39.73131063338137,294.42197627514213,0.0005252390493439102,1633077101789385956,validation,-3.2796429933895763,-3.2829168,0.0032737908969227014,0.7803321,0.006864598,-3.283985
-1.4,8.64757430416121e-10,2613.398572092139,483.2695161383806,39.73131063338137,294.42197627514213,0.0004989535255828857,1633077101789385956,validation,-3.301939904322223,-3.3048413,0.002901375661297667,0.6443156,0.0075602396,-3.3062181
-0.8,1.08604047901988e-09,2575.5622449220923,476.6697423761544,40.75046782180591,305.2870639056014,0.0004841352092852284,17451691503515762550,validation,-3.3150333316490546,-3.3187222,0.0036889164283380182,1.2143025,0.0054895286,-3.3154833
-1.0,1.0882818479532783e-09,2447.508764517909,466.8571183944717,43.278933930679706,307.8168200832177,0.00049786739665944,3262830124868165494,validation,-3.30288631299851,-3.3061256,0.003239327870630415,1.2763431,0.0053525823,-3.298622
-0.6000000000000001,9.775160845782078e-10,2577.8004715918664,488.1533623282412,40.35879763032958,294.16913853899604,0.00048218011974249296,6898913632721408619,validation,-3.316790699524967,-3.3213756,0.0045849089192468995,0.74755895,0.0070147417,-3.3181036
-3.0,1.020786601528739e-09,2414.9946347184086,525.5036010755978,41.93453001893169,295.92616711681853,0.0005336555835779136,12935788499417564366,validation,-3.2727389422399686,-3.2695324,0.0032065001470731325,1.8987306,0.0043731094,-3.2701256
-2.8000000000000003,1.0272364839515192e-09,2572.148319494551,521.8227614311556,39.43236728729266,296.39638250989714,0.0005267362406544635,12816177013697617925,validation,-3.278406800163882,-3.2825172,0.004110394584042609,0.87272054,0.0064877304,-3.2834914
-1.0,1.1421949243104863e-09,2464.085688286918,515.1290966367517,40.96326376678826,298.8654192354596,0.0004896307887923232,12882774050561771087,validation,-3.310131280849845,-3.3036854,0.0064458541378087375,1.2930863,0.0053173155,-3.3057504
-2.4000000000000004,8.836751126639038e-10,2477.068135205752,531.0701614185327,43.11434944357355,296.9231984392292,0.0005313232562936645,18058330792975761325,validation,-3.2746411743801898,-3.274512,0.0001291218441790143,2.128712,0.004124747,-3.27585
-0.8,1.1421949243104863e-09,2464.085688286918,515.1290966367517,40.96326376678826,298.8654192354596,0.00048340664484090157,12882774050561771087,validation,-3.315687384135438,-3.309291,0.006396498210145207,1.2164944,0.0054845135,-3.311557
-0.8,9.91880560193061e-10,2562.543459042286,488.1664551370801,40.47383155665718,295.6008889602198,0.000489556306494484,16069905982438259650,validation,-3.31019735045221,-3.3145876,0.004390242626403307,0.85626954,0.0065503595,-3.3103664
-0.4,1.0882818479532783e-09,2447.508764517909,466.8571183944717,43.278933930679706,307.8168200832177,0.0004747183908511709,3262830124868165494,validation,-3.3235639431489923,-3.3269398,0.0033758780942938493,1.1896265,0.005546939,-3.318354
-2.2,9.775160845782078e-10,2577.8004715918664,488.1533623282412,40.35879763032958,294.16913853899604,0.0005216035744336754,6898913632721408619,validation,-3.2826594411421213,-3.2888503,0.006190866322478339,0.9142534,0.006337181,-3.2851596
-1.6,9.308015570351787e-10,2751.659002613549,471.438867720947,38.31893407640898,299.3638589999156,0.000504090049683929,13806398585976261423,validation,-3.297491875087167,-3.3073328,0.009840879047964712,0.7273892,0.0071121342,-3.3100555
-0.4,9.581806245172891e-10,2592.420375814081,497.997415088655,37.83724802001972,293.41915116225954,0.00046853415419796787,17533524623644286140,validation,-3.3292587453545024,-3.3353274,0.00606864150157671,0.5050556,0.008545798,-3.3368835
-1.2000000000000002,9.32148229008894e-10,2545.124905053194,512.7371789301767,40.07870713980076,299.5411124372077,0.0004885834311691227,7464429288297915064,validation,-3.3110612648980533,-3.305838,0.005223156835309162,0.8330325,0.006641954,-3.3086114
-0.8,8.64757430416121e-10,2613.398572092139,483.2695161383806,39.73131063338137,294.42197627514213,0.00048187631743860443,1633077101789385956,validation,-3.317064417252368,-3.3185925,0.0015281311179933255,0.5915736,0.007892386,-3.32096
-2.2,9.91880560193061e-10,2562.543459042286,488.1664551370801,40.47383155665718,295.6008889602198,0.0005217455162071428,16069905982438259650,validation,-3.282541274499908,-3.2882743,0.005733013677582388,0.9655229,0.006164863,-3.2844014
-1.8,8.836751126639038e-10,2477.068135205752,531.0701614185327,43.11434944357355,296.9231984392292,0.0005213814354720478,18058330792975761325,validation,-3.282844436565436,-3.282936,9.165962597013078e-05,1.9347847,0.0043312875,-3.2835832
-2.4000000000000004,8.64757430416121e-10,2613.398572092139,483.2695161383806,39.73131063338137,294.42197627514213,0.0005174055860852988,1633077101789385956,validation,-3.2861688868043912,-3.2894256,0.003256724691580448,0.69987106,0.0072517213,-3.2910187
-1.6,1.1421949243104863e-09,2464.085688286918,515.1290966367517,40.96326376678826,298.8654192354596,0.0005041224460589124,12882774050561771087,validation,-3.2974639651635087,-3.291667,0.005796980605403235,1.3823488,0.005140191,-3.292146
-1.8,9.581806245172891e-10,2592.420375814081,497.997415088655,37.83724802001972,293.41915116225954,0.0005097440411883086,17533524623644286140,validation,-3.292647842340724,-3.30131,0.008662220067723325,0.6302769,0.0076445728,-3.2999249
-0.4,8.64757430416121e-10,2613.398572092139,483.2695161383806,39.73131063338137,294.42197627514213,0.0004654959691912918,1633077101789385956,validation,-3.3320840752960836,-3.3331945,0.0011104189513528873,0.4904738,0.008672606,-3.336195
-2.6,1.0272364839515192e-09,2572.148319494551,521.8227614311556,39.43236728729266,296.39638250989714,0.0005242542874166488,12816177013697617925,validation,-3.2804580091339046,-3.2846835,0.004225456823736984,0.8341764,0.006637356,-3.285853
-2.4000000000000004,9.55415883814233e-10,2578.1734587821948,522.0121395253278,38.42173874228168,293.06092698472065,0.0005123390059704908,7069279127234648490,validation,-3.290442578668108,-3.2904806,3.803504038790706e-05,0.8844546,0.006444127,-3.2897117
-1.0,9.91880560193061e-10,2562.543459042286,488.1664551370801,40.47383155665718,295.6008889602198,0.0004959998079975398,16069905982438259650,validation,-3.3045184916259824,-3.3091211,0.0046026402709902214,0.87207896,0.0064901398,-3.304853
-0.8,9.55415883814233e-10,2578.1734587821948,522.0121395253278,38.42173874228168,293.06092698472065,0.0004780733686855995,7069279127234648490,validation,-3.3205054482201786,-3.3188531,0.0016523083428592322,0.63776124,0.007599267,-3.3205245
-2.2,9.55415883814233e-10,2578.1734587821948,522.0121395253278,38.42173874228168,293.06092698472065,0.0005094188422423546,7069279127234648490,validation,-3.2929249955118958,-3.2933207,0.0003956603108581369,0.86037946,0.006534545,-3.2922566
0.0,9.91880560193061e-10,2562.543459042286,488.1664551370801,40.47383155665718,295.6008889602198,0.0004470974175332,16069905982438259650,validation,-3.3495978386408476,-3.354876,0.005278202771505924,0.46400705,0.008917833,-3.3503397
-1.8,1.011801650795657e-09,2503.197375042157,521.464297637573,42.04226242943757,288.6545802497056,0.0005216115223042689,14082706842164037214,validation,-3.2826528236835504,-3.2851484,0.002495558503339268,1.5765182,0.004807988,-3.2853544
-1.0,1.08604047901988e-09,2575.5622449220923,476.6697423761544,40.75046782180591,305.2870639056014,0.0004905947209059551,17451691503515762550,validation,-3.3092771293741263,-3.3125277,0.0032505271810494563,1.262651,0.00538194,-3.309612
-0.8,1.020786601528739e-09,2414.9946347184086,525.5036010755978,41.93453001893169,295.92616711681853,0.0004921569668670573,12935788499417564366,validation,-3.3078963627364613,-3.30354,0.00435637135767708,1.204131,0.0055129807,-3.304615
-1.2000000000000002,9.775160845782078e-10,2577.8004715918664,488.1533623282412,40.35879763032958,294.16913853899604,0.000501605821084132,6898913632721408619,validation,-3.2996374322051545,-3.3050494,0.005411987197921686,0.85414267,0.006558588,-3.3015249
-2.4000000000000004,8.688108546297864e-10,2646.5653288453154,498.36187777461095,39.94029005251662,299.6218359156308,0.0005076810633057537,6517130074721695667,validation,-3.2944090356404923,-3.2901459,0.004263161617054756,0.78875464,0.0068275267,-3.2908783
-1.2000000000000002,9.91880560193061e-10,2562.543459042286,488.1664551370801,40.47383155665718,295.6008889602198,0.0005016039325904195,16069905982438259650,validation,-3.2996390672817584,-3.304593,0.004954018960917406,0.9066257,0.0063640554,-3.3005738
-3.0,1.0272364839515192e-09,2572.148319494551,521.8227614311556,39.43236728729266,296.39638250989714,0.0005290435040633076,12816177013697617925,validation,-3.276508613791299,-3.2809098,0.004401162896323196,0.90043175,0.0063861283,-3.2817607
-1.6,8.836751126639038e-10,2477.068135205752,531.0701614185327,43.11434944357355,296.9231984392292,0.0005174030030772098,18058330792975761325,validation,-3.28617105490808,-3.2860937,7.734305505247008e-05,1.78713,0.0045104325,-3.2870102
-1.0,9.54751015148706e-10,2385.841355900724,509.52056648049273,41.08562699346509,303.58650370690776,0.0004885191720767058,7884238669149658161,validation,-3.31111838759775,-3.3047898,0.006328606027315331,1.2030091,0.005515585,-3.305128
-1.2000000000000002,1.020786601528739e-09,2414.9946347184086,525.5036010755978,41.93453001893169,295.92616711681853,0.000503846325622422,12935788499417564366,validation,-3.297701904251062,-3.2937016,0.004000255538903819,1.3970834,0.005112589,-3.2940576
-0.8,9.32148229008894e-10,2545.124905053194,512.7371789301767,40.07870713980076,299.5411124372077,0.0004766776436903099,7464429288297915064,validation,-3.321775216123332,-3.3163903,0.0053849401681316245,0.7474897,0.0070150695,-3.3191876
-0.2,9.91880560193061e-10,2562.543459042286,488.1664551370801,40.47383155665718,295.6008889602198,0.0004618999524672485,16069905982438259650,validation,-3.3354520824454057,-3.3394806,0.004028556058622623,0.5316705,0.008327919,-3.3361082
-2.2,9.308015570351787e-10,2751.659002613549,471.438867720947,38.31893407640898,299.3638589999156,0.0005152072494984484,13806398585976261423,validation,-3.2880180346330623,-3.2979865,0.009968472782709181,0.72972816,0.0071006343,-3.3003523
-0.6000000000000001,9.91880560193061e-10,2562.543459042286,488.1664551370801,40.47383155665718,295.6008889602198,0.00048203094786505304,16069905982438259650,validation,-3.3169250778284747,-3.3211658,0.004240722266129815,0.7915881,0.0068151886,-3.317081
-0.8,9.775160845782078e-10,2577.8004715918664,488.1533623282412,40.35879763032958,294.16913853899604,0.0004896513531119116,6898913632721408619,validation,-3.310113041018563,-3.3148687,0.00475564756481095,0.8074093,0.0067474893,-3.3113654
-0.6000000000000001,8.836751126639038e-10,2477.068135205752,531.0701614185327,43.11434944357355,296.9231984392292,0.00048823142878623926,18058330792975761325,validation,-3.311374267300837,-3.3099775,0.001396735867731369,1.1403854,0.005666997,-3.3134315
-3.0,1.1421949243104863e-09,2464.085688286918,515.1290966367517,40.96326376678826,298.8654192354596,0.000524737171505242,12882774050561771087,validation,-3.2800581700158555,-3.274533,0.005525136644883855,1.6039768,0.0047659175,-3.275029
-0.4,9.55415883814233e-10,2578.1734587821948,522.0121395253278,38.42173874228168,293.06092698472065,0.00046209033715302296,7069279127234648490,validation,-3.335273112989623,-3.3333464,0.0019267461072987047,0.4832439,0.008737594,-3.3357213
-2.4000000000000004,1.08604047901988e-09,2575.5622449220923,476.6697423761544,40.75046782180591,305.2870639056014,0.0005195991360222182,17451691503515762550,validation,-3.284331579733527,-3.2876525,0.003320912789666508,1.1016892,0.005766915,-3.2857776
-1.2000000000000002,1.0882818479532783e-09,2447.508764517909,466.8571183944717,43.278933930679706,307.8168200832177,0.0005035287524642282,3262830124868165494,validation,-3.297975725348632,-3.300919,0.0029433305900887774,1.3257699,0.0052503985,-3.29418
0.0,9.55415883814233e-10,2578.1734587821948,522.0121395253278,38.42173874228168,293.06092698472065,0.0004372707057869,7069279127234648490,validation,-3.35924961650661,-3.3602362,0.0009865514011049292,0.31417015,0.010846794,-3.36107
-1.2000000000000002,9.54751015148706e-10,2385.841355900724,509.52056648049273,41.08562699346509,303.58650370690776,0.0004939564342873095,7884238669149658161,validation,-3.306311353066152,-3.2998774,0.006433947899525894,1.2307229,0.005452282,-3.3001633
-2.6,1.020786601528739e-09,2414.9946347184086,525.5036010755978,41.93453001893169,295.92616711681853,0.0005289258238121956,12935788499417564366,validation,-3.276605228849129,-3.2727575,0.0038476986367266264,1.7753003,0.004525738,-3.273316
-2.4000000000000004,9.581806245172891e-10,2592.420375814081,497.997415088655,37.83724802001972,293.41915116225954,0.0005195785186437147,17533524623644286140,validation,-3.284348812617002,-3.2926216,0.008272799931825947,0.67284596,0.0073970384,-3.2919261
-2.6,9.55415883814233e-10,2578.1734587821948,522.0121395253278,38.42173874228168,293.06092698472065,0.000515039565331072,7069279127234648490,validation,-3.28815940718222,-3.2878304,0.00032905439901709244,0.9171885,0.006326929,-3.2872036
-2.6,1.0882818479532783e-09,2447.508764517909,466.8571183944717,43.278933930679706,307.8168200832177,0.0005297184717209476,3262830124868165494,validation,-3.2759548825928007,-3.2797735,0.003818591146823369,1.5194432,0.004899034,-3.2738512
-3.0,9.32148229008894e-10,2545.124905053194,512.7371789301767,40.07870713980076,299.5411124372077,0.0005189220662384391,7464429288297915064,validation,-3.284897861311563,-3.2804444,0.004453477690347096,1.0110989,0.0060227793,-3.2820425
-1.4,9.55415883814233e-10,2578.1734587821948,522.0121395253278,38.42173874228168,293.06092698472065,0.0004945998109410567,7069279127234648490,validation,-3.3057460539821446,-3.305583,0.00016305379903913675,0.7312678,0.0070930943,-3.3056402
-0.6000000000000001,9.308015570351787e-10,2751.659002613549,471.438867720947,38.31893407640898,299.3638589999156,0.0004743732965352852,13806398585976261423,validation,-3.323879766300163,-3.332885,0.009005260631599565,0.7190393,0.0071536438,-3.3363717
-2.6,9.54751015148706e-10,2385.841355900724,509.52056648049273,41.08562699346509,303.58650370690776,0.0005191314453818319,7884238669149658161,validation,-3.2847226637773,-3.2786522,0.006070472615190781,1.4979774,0.004934607,-3.2784193
-1.8,9.775160845782078e-10,2577.8004715918664,488.1533623282412,40.35879763032958,294.16913853899604,0.0005147890852797976,6898913632721408619,validation,-3.2883706697183244,-3.2947853,0.006414591435850436,0.93837833,0.006254344,-3.2908962
-2.4000000000000004,9.308015570351787e-10,2751.659002613549,471.438867720947,38.31893407640898,299.3638589999156,0.0005182923868309937,13806398585976261423,validation,-3.285425170441913,-3.2951896,0.009764448622417987,0.7284909,0.0071067107,-3.2975652
-0.2,9.32148229008894e-10,2545.124905053194,512.7371789301767,40.07870713980076,299.5411124372077,0.0004493905744569822,7464429288297915064,validation,-3.347376040738095,-3.3410847,0.006291322033871172,0.48372048,0.008733265,-3.3454227
-0.4,9.91880560193061e-10,2562.543459042286,488.1664551370801,40.47383155665718,295.6008889602198,0.0004730357393533385,16069905982438259650,validation,-3.3251060456943633,-3.3290865,0.003980496435153302,0.6423191,0.007572064,-3.3251698
-2.2,9.54751015148706e-10,2385.841355900724,509.52056648049273,41.08562699346509,303.58650370690776,0.0005135537244985137,7884238669149658161,validation,-3.289414116754582,-3.283326,0.006088206186344536,1.4700696,0.0049820095,-3.2831755
-1.8,1.0272364839515192e-09,2572.148319494551,521.8227614311556,39.43236728729266,296.39638250989714,0.0005119892031609942,12816177013697617925,validation,-3.290739197338706,-3.2959452,0.005205970202797783,0.8382807,0.0066209356,-3.2961695
-0.6000000000000001,9.55415883814233e-10,2578.1734587821948,522.0121395253278,38.42173874228168,293.06092698472065,0.0004707938791478547,7069279127234648490,validation,-3.3271691921106576,-3.3253222,0.001847040926575616,0.57084745,0.008035314,-3.3274033
-2.8000000000000003,9.55415883814233e-10,2578.1734587821948,522.0121395253278,38.42173874228168,293.06092698472065,0.0005175466231584728,7069279127234648490,validation,-3.2860505207147197,-3.2855172,0.000533304985959937,0.9553526,0.0061979434,-3.2847404
-1.4,1.020786601528739e-09,2414.9946347184086,525.5036010755978,41.93453001893169,295.92616711681853,0.0005086530834669217,12935788499417564366,validation,-3.2935783184549177,-3.2899208,0.003657511570152039,1.4663652,0.0049884026,-3.2897122
-2.6,9.581806245172891e-10,2592.420375814081,497.997415088655,37.83724802001972,293.41915116225954,0.0005223442672592511,17533524623644286140,validation,-3.2820431673244763,-3.2899811,0.007937959460802002,0.67806715,0.0073682894,-3.2893665
-3.0,8.836751126639038e-10,2477.068135205752,531.0701614185327,43.11434944357355,296.9231984392292,0.0005391396497442472,18058330792975761325,validation,-3.268298727841313,-3.2691677,0.0008689338255569723,2.3618464,0.003910699,-3.2701287
-1.4,9.32148229008894e-10,2545.124905053194,512.7371789301767,40.07870713980076,299.5411124372077,0.0004934699401583271,7464429288297915064,validation,-3.306739297342827,-3.3017976,0.004941668940117161,0.81530166,0.006714455,-3.3042545
-3.0,9.308015570351787e-10,2751.659002613549,471.438867720947,38.31893407640898,299.3638589999156,0.0005262478694612002,13806398585976261423,validation,-3.2788096494139802,-3.2888212,0.010011570983968987,0.7718291,0.006902635,-3.2902217
-0.2,1.1421949243104863e-09,2464.085688286918,515.1290966367517,40.96326376678826,298.8654192354596,0.00045673699295791306,12882774050561771087,validation,-3.340333811719351,-3.3335667,0.006767146069937002,0.9182775,0.006323138,-3.3366368
0.0,1.08604047901988e-09,2575.5622449220923,476.6697423761544,40.75046782180591,305.2870639056014,0.000441478887236,17451691503515762550,validation,-3.355090060775307,-3.3552296,0.00013955538985399585,0.795523,0.006798163,-3.3547542
-1.0,9.32148229008894e-10,2545.124905053194,512.7371789301767,40.07870713980076,299.5411124372077,0.00048302977350827566,7464429288297915064,validation,-3.3160260989134325,-3.3106263,0.0053998305265916535,0.8118576,0.006728811,-3.3134463
-2.2,1.08604047901988e-09,2575.5622449220923,476.6697423761544,40.75046782180591,305.2870639056014,0.0005165585960079823,17451691503515762550,validation,-3.286880407001037,-3.2901793,0.003298845623474822,1.1246781,0.005706935,-3.2883842
0.0,8.64757430416121e-10,2613.398572092139,483.2695161383806,39.73131063338137,294.42197627514213,0.0004398337084557,1633077101789385956,validation,-3.356711489765327,-3.3596056,0.0028940610006640277,0.34479597,0.010352107,-3.3614402
-2.6,1.011801650795657e-09,2503.197375042157,521.464297637573,42.04226242943757,288.6545802497056,0.0005338985680013892,14082706842164037214,validation,-3.2725412439855615,-3.2744439,0.001902620836826241,1.6715579,0.0046668,-3.275383
0.0,1.020786601528739e-09,2414.9946347184086,525.5036010755978,41.93453001893169,295.92616711681853,0.0004509208507405,12935788499417564366,validation,-3.345899682297825,-3.3431296,0.0027700474406473496,0.54903215,0.008194394,-3.3436546
-2.0,9.775160845782078e-10,2577.8004715918664,488.1533623282412,40.35879763032958,294.16913853899604,0.0005183533493375185,6898913632721408619,validation,-3.2853740909278737,-3.291772,0.006397797805036465,0.9217876,0.0063109635,-3.2879193
-2.0,1.0272364839515192e-09,2572.148319494551,521.8227614311556,39.43236728729266,296.39638250989714,0.0005154855145653688,12816177013697617925,validation,-3.287783534129673,-3.2929213,0.0051377705730857315,0.8360053,0.006630024,-3.293245
-1.4,8.688108546297864e-10,2646.5653288453154,498.36187777461095,39.94029005251662,299.6218359156308,0.0004896745359591536,6517130074721695667,validation,-3.3100924795634925,-3.305937,0.004155427790421218,0.7961913,0.0067952843,-3.3061879
-2.0,9.54751015148706e-10,2385.841355900724,509.52056648049273,41.08562699346509,303.58650370690776,0.0005103837633072699,7884238669149658161,validation,-3.292103150153312,-3.2860606,0.006042578482779781,1.4916736,0.004945199,-3.285613
-1.8,8.64757430416121e-10,2613.398572092139,483.2695161383806,39.73131063338137,294.42197627514213,0.0005074202952988155,1633077101789385956,validation,-3.294632166282573,-3.298276,0.003643781288227732,0.7016789,0.0072423005,-3.2992957
-1.8,1.0882818479532783e-09,2447.508764517909,466.8571183944717,43.278933930679706,307.8168200832177,0.0005169510552830366,3262830124868165494,validation,-3.286550573785629,-3.289579,0.003028340856705114,1.4108595,0.0050871726,-3.2835343
-1.6,1.0882818479532783e-09,2447.508764517909,466.8571183944717,43.278933930679706,307.8168200832177,0.0005129619495389914,3262830124868165494,validation,-3.2899148487636882,-3.2928464,0.002931592505232672,1.3861299,0.0051330663,-3.2867155
-1.0,9.308015570351787e-10,2751.659002613549,471.438867720947,38.31893407640898,299.3638589999156,0.0004887221883229337,13806398585976261423,validation,-3.310937943256537,-3.3199294,0.008991418086846892,0.749876,0.007003805,-3.3233817
-3.0,9.91880560193061e-10,2562.543459042286,488.1664551370801,40.47383155665718,295.6008889602198,0.0005324684483811279,16069905982438259650,validation,-3.2737061214102434,-3.2793763,0.005670146976597401,1.0476853,0.00591547,-3.2757282
-2.4000000000000004,9.54751015148706e-10,2385.841355900724,509.52056648049273,41.08562699346509,303.58650370690776,0.0005164573199486492,7884238669149658161,validation,-3.286965562772945,-3.2808287,0.00613684840221751,1.4746529,0.004974133,-3.2807853
-2.4000000000000004,1.0882818479532783e-09,2447.508764517909,466.8571183944717,43.278933930679706,307.8168200832177,0.0005269103294660304,3262830124868165494,validation,-3.278263287504027,-3.2816908,0.00342754844873161,1.440465,0.0050337845,-3.275967
-1.0,1.020786601528739e-09,2414.9946347184086,525.5036010755978,41.93453001893169,295.92616711681853,0.0004984030137698647,12935788499417564366,validation,-3.302419340225964,-3.2981627,0.004256641480236301,1.3147352,0.0052727135,-3.2989333
-1.8,9.55415883814233e-10,2578.1734587821948,522.0121395253278,38.42173874228168,293.06092698472065,0.0005027595126241643,7069279127234648490,validation,-3.2986397034441013,-3.2992413,0.0006016009534817179,0.8064583,0.0067515024,-3.2979715
-0.6000000000000001,9.32148229008894e-10,2545.124905053194,512.7371789301767,40.07870713980076,299.5411124372077,0.00046926708796320816,7464429288297915064,validation,-3.328579903953269,-3.3232317,0.00534820687074955,0.66366076,0.0074484325,-3.3260472
-2.0,8.688108546297864e-10,2646.5653288453154,498.36187777461095,39.94029005251662,299.6218359156308,0.0005014577867679004,6517130074721695667,validation,-3.2997656204608847,-3.2958834,0.003882203331368128,0.818191,0.0067024804,-3.2961628
-0.6000000000000001,1.08604047901988e-09,2575.5622449220923,476.6697423761544,40.75046782180591,305.2870639056014,0.0004765903918020098,17451691503515762550,validation,-3.3218547174017115,-3.3259187,0.004063957067282686,1.1484972,0.005646691,-3.3223572
-1.2000000000000002,9.581806245172891e-10,2592.420375814081,497.997415088655,37.83724802001972,293.41915116225954,0.0004965319718109774,17533524623644286140,validation,-3.3040527819439487,-3.311238,0.0071852685168667385,0.60018176,0.007835207,-3.3112817
-0.4,1.0272364839515192e-09,2572.148319494551,521.8227614311556,39.43236728729266,296.39638250989714,0.0004708754336340008,12816177013697617925,validation,-3.327093966842263,-3.3311517,0.0040577570194311186,0.539794,0.008264643,-3.3331733
-2.6,9.775160845782078e-10,2577.8004715918664,488.1533623282412,40.35879763032958,294.16913853899604,0.0005273261572343979,6898913632721408619,validation,-3.2779206855985383,-3.2835195,0.005598820855929443,0.973285,0.0061399634,-3.280198
-1.4,1.0272364839515192e-09,2572.148319494551,521.8227614311556,39.43236728729266,296.39638250989714,0.0005037908423708054,12816177013697617925,validation,-3.297749731129238,-3.3025253,0.0047755507768898475,0.76356405,0.006940213,-3.3036222
-1.4,1.1421949243104863e-09,2464.085688286918,515.1290966367517,40.96326376678826,298.8654192354596,0.0004998623715806184,12882774050561771087,validation,-3.301149554645631,-3.2951076,0.006041951572510751,1.3342626,0.005233412,-3.2961593
-2.2,1.0882818479532783e-09,2447.508764517909,466.8571183944717,43.278933930679706,307.8168200832177,0.0005238711862613674,3262830124868165494,validation,-3.280775487774272,-3.2840085,0.003233015185933219,1.3828722,0.005139203,-3.2782454
-1.2000000000000002,9.308015570351787e-10,2751.659002613549,471.438867720947,38.31893407640898,299.3638589999156,0.0004944915014059084,13806398585976261423,validation,-3.305841168018742,-3.3150418,0.009200612453059698,0.74257505,0.0070384387,-3.3183045
-1.0,9.581806245172891e-10,2592.420375814081,497.997415088655,37.83724802001972,293.41915116225954,0.0004909995293249543,17533524623644286140,validation,-3.3089189241940846,-3.3155518,0.006632833618415379,0.60265744,0.0078189885,-3.3162048
-1.0,8.64757430416121e-10,2613.398572092139,483.2695161383806,39.73131063338137,294.42197627514213,0.0004883052473624512,1633077101789385956,validation,-3.311308608731825,-3.3131545,0.001845850267808924,0.609342,0.0077756927,-3.3150961
-2.4000000000000004,9.91880560193061e-10,2562.543459042286,488.1664551370801,40.47383155665718,295.6008889602198,0.0005247485725328099,16069905982438259650,validation,-3.280048734149977,-3.2855182,0.005469435253099064,0.9847039,0.0061038686,-3.2818325
-2.4000000000000004,9.775160845782078e-10,2577.8004715918664,488.1533623282412,40.35879763032958,294.16913853899604,0.0005245821168193883,6898913632721408619,validation,-3.2801865187381156,-3.286066,0.005879536559735943,0.9433069,0.0062378114,-3.2826056
-1.4,9.308015570351787e-10,2751.659002613549,471.438867720947,38.31893407640898,299.3638589999156,0.000499569031876519,13806398585976261423,validation,-3.3014044912386398,-3.3109293,0.009524807162239135,0.7409054,0.007046431,-3.3140008
-1.6,9.55415883814233e-10,2578.1734587821948,522.0121395253278,38.42173874228168,293.06092698472065,0.0004989037908806929,7069279127234648490,validation,-3.301983196096273,-3.3023136,0.00033037011161285434,0.7616113,0.0069491807,-3.3015912
-0.4,9.308015570351787e-10,2751.659002613549,471.438867720947,38.31893407640898,299.3638589999156,0.0004651303264062094,13806398585976261423,validation,-3.332425343650162,-3.341142,0.008716595513046155,0.65681064,0.0074874596,-3.3446116
-0.4,9.32148229008894e-10,2545.124905053194,512.7371789301767,40.07870713980076,299.5411124372077,0.00046035308912228864,7464429288297915064,validation,-3.336908938242348,-3.3311992,0.005709769083412475,0.5520147,0.008172091,-3.3343005
-0.8,9.54751015148706e-10,2385.841355900724,509.52056648049273,41.08562699346509,303.58650370690776,0.00048227890909544296,7884238669149658161,validation,-3.3167017301240405,-3.3106873,0.006014426580949639,1.117582,0.005725253,-3.3108876
-0.4,1.1421949243104863e-09,2464.085688286918,515.1290966367517,40.96326376678826,298.8654192354596,0.00046741255078362385,12882774050561771087,validation,-3.33029963027736,-3.32375,0.006549611203873873,1.0431871,0.0059283595,-3.3261297
-0.2,9.581806245172891e-10,2592.420375814081,497.997415088655,37.83724802001972,293.41915116225954,0.00045762023053045285,17533524623644286140,validation,-3.3394947844476977,-3.3461132,0.006618420508357037,0.42970714,0.009268689,-3.3477857
-2.8000000000000003,8.688108546297864e-10,2646.5653288453154,498.36187777461095,39.94029005251662,299.6218359156308,0.0005130158473616585,6517130074721695667,validation,-3.289869219068654,-3.2855475,0.004321724180348152,0.8435214,0.006600142,-3.2857933
0.0,9.32148229008894e-10,2545.124905053194,512.7371789301767,40.07870713980076,299.5411124372077,0.00043492845924,7464429288297915064,validation,-3.3615821736487397,-3.3552299,0.006352319064999445,0.38670188,0.009772832,-3.3595119
0.0,1.1421949243104863e-09,2464.085688286918,515.1290966367517,40.96326376678826,298.8654192354596,0.0004424656977026,12882774050561771087,validation,-3.3541203924823626,-3.3478675,0.006252903621278616,0.72965133,0.007101011,-3.3500893
-2.6,8.64757430416121e-10,2613.398572092139,483.2695161383806,39.73131063338137,294.42197627514213,0.0005202134386154229,1633077101789385956,validation,-3.283818432914584,-3.2868187,0.003000309837491333,0.7325947,0.007086615,-3.288356
-1.8,9.54751015148706e-10,2385.841355900724,509.52056648049273,41.08562699346509,303.58650370690776,0.0005069008555022637,7884238669149658161,validation,-3.2950769758123077,-3.2890048,0.006072173108450318,1.4818858,0.004961777,-3.2884164
-0.2,1.020786601528739e-09,2414.9946347184086,525.5036010755978,41.93453001893169,295.92616711681853,0.0004653006528121926,12935788499417564366,validation,-3.3322663381554625,-3.3278482,0.004418142125799385,0.73570454,0.007071499,-3.3296983
-0.2,9.55415883814233e-10,2578.1734587821948,522.0121395253278,38.42173874228168,293.06092698472065,0.00045143410230547406,7069279127234648490,validation,-3.345405636477426,-3.3441782,0.0012274367093594307,0.40347093,0.0095666945,-3.3468645
-1.6,9.91880560193061e-10,2562.543459042286,488.1664551370801,40.47383155665718,295.6008889602198,0.0005109239272163294,16069905982438259650,validation,-3.291643758279387,-3.2973535,0.005709747808869903,0.96775514,0.0061576716,-3.293297
-0.6000000000000001,9.54751015148706e-10,2385.841355900724,509.52056648049273,41.08562699346509,303.58650370690776,0.0004749629510585353,7884238669149658161,validation,-3.3233402656980155,-3.3175821,0.005758135265886644,1.0269812,0.0059754946,-3.317656
-1.6,9.581806245172891e-10,2592.420375814081,497.997415088655,37.83724802001972,293.41915116225954,0.0005058037858431756,17533524623644286140,validation,-3.2960179243695356,-3.304352,0.008334120689668545,0.6326041,0.007630399,-3.3032076
-1.6,1.08604047901988e-09,2575.5622449220923,476.6697423761544,40.75046782180591,305.2870639056014,0.0005056517499712328,17451691503515762550,validation,-3.2961484854043914,-3.2993052,0.0031567151723908005,1.2409263,0.0054295086,-3.2974577
-2.2,1.1421949243104863e-09,2464.085688286918,515.1290966367517,40.96326376678826,298.8654192354596,0.000514484593250314,12882774050561771087,validation,-3.2886276260843608,-3.2827423,0.005885364197764087,1.4371908,0.005039608,-3.2833602
-2.0,1.1421949243104863e-09,2464.085688286918,515.1290966367517,40.96326376678826,298.8654192354596,0.0005113614764518763,12882774050561771087,validation,-3.2912719927636496,-3.2855554,0.005716630062233552,1.4527837,0.0050120493,-3.2858396
-1.6,1.011801650795657e-09,2503.197375042157,521.464297637573,42.04226242943757,288.6545802497056,0.0005177369434580156,14082706842164037214,validation,-3.2858908445458286,-3.2880561,0.002165290631783723,1.5017567,0.0049282894,-3.288757
-2.2,8.688108546297864e-10,2646.5653288453154,498.36187777461095,39.94029005251662,299.6218359156308,0.0005046967339973254,6517130074721695667,validation,-3.2969695056715627,-3.2929218,0.004047724131645669,0.803698,0.006763191,-3.2934852
-2.8000000000000003,1.0882818479532783e-09,2447.508764517909,466.8571183944717,43.278933930679706,307.8168200832177,0.0005323221192400835,3262830124868165494,validation,-3.2738254874918553,-3.2783844,0.0045589596059230075,1.5905932,0.004786288,-3.2719257
-1.8,1.08604047901988e-09,2575.5622449220923,476.6697423761544,40.75046782180591,305.2870639056014,0.0005096386170891945,17451691503515762550,validation,-3.2927376714236427,-3.2959921,0.003254464577944205,1.2086958,0.0055024195,-3.2940583
-2.0,8.64757430416121e-10,2613.398572092139,483.2695161383806,39.73131063338137,294.42197627514213,0.0005110505884278202,1633077101789385956,validation,-3.291536107325941,-3.295224,0.003687844013780861,0.71137697,0.007192375,-3.296345
-1.4,1.08604047901988e-09,2575.5622449220923,476.6697423761544,40.75046782180591,305.2870639056014,0.0005012156826919062,17451691503515762550,validation,-3.2999753486914534,-3.3030279,0.003052519579420654,1.2628286,0.0053815558,-3.3011293
-1.6,1.020786601528739e-09,2414.9946347184086,525.5036010755978,41.93453001893169,295.92616711681853,0.000512936445825611,12935788499417564366,validation,-3.289936441783117,-3.2865775,0.0033589786330927573,1.5732769,0.004813026,-3.2858615
-2.6,9.32148229008894e-10,2545.124905053194,512.7371789301767,40.07870713980076,299.5411124372077,0.0005140327825200178,7464429288297915064,validation,-3.2890091829238974,-3.2839248,0.0050843648849570044,0.9733381,0.0061397944,-3.286173
-2.8000000000000003,9.581806245172891e-10,2592.420375814081,497.997415088655,37.83724802001972,293.41915116225954,0.0005249095304195858,17533524623644286140,validation,-3.279915541975503,-3.2876644,0.00774887147664538,0.7073859,0.0072127967,-3.286889
-1.4,9.54751015148706e-10,2385.841355900724,509.52056648049273,41.08562699346509,303.58650370690776,0.0004987609345817768,7884238669149658161,validation,-3.302107569948861,-3.295759,0.006348607317635313,1.3031771,0.005296388,-3.29573
-0.6000000000000001,1.1421949243104863e-09,2464.085688286918,515.1290966367517,40.96326376678826,298.8654192354596,0.0004761220371013613,12882774050561771087,validation,-3.322281716929124,-3.315954,0.006327746973679549,1.0964801,0.0057807663,-3.3182144
-2.6,8.836751126639038e-10,2477.068135205752,531.0701614185327,43.11434944357355,296.9231984392292,0.0005341266212143126,18058330792975761325,validation,-3.272355775975147,-3.2722042,0.00015161528483931264,2.2270634,0.004030388,-3.2736413
-3.0,1.011801650795657e-09,2503.197375042157,521.464297637573,42.04226242943757,288.6545802497056,0.0005386851031401349,14082706842164037214,validation,-3.268665034317591,-3.2710326,0.0023675374750116163,1.7897526,0.0045070597,-3.271994
-2.2,1.020786601528739e-09,2414.9946347184086,525.5036010755978,41.93453001893169,295.92616711681853,0.000523392207266451,12935788499417564366,validation,-3.281172747814544,-3.277743,0.0034296466945487047,1.631467,0.004724861,-3.277659
-1.6,9.775160845782078e-10,2577.8004715918664,488.1533623282412,40.35879763032958,294.16913853899604,0.0005108602575273271,6898913632721408619,validation,-3.291697882026939,-3.2979176,0.006219722419471996,0.928457,0.006288021,-3.2941933
-1.8,9.308015570351787e-10,2751.659002613549,471.438867720947,38.31893407640898,299.3638589999156,0.000508157022551432,13806398585976261423,validation,-3.2940020682467455,-3.3040466,0.010044562612629537,0.7235222,0.007131269,-3.3064582
-2.4000000000000004,1.1421949243104863e-09,2464.085688286918,515.1290966367517,40.96326376678826,298.8654192354596,0.0005173509545284904,12882774050561771087,validation,-3.2862147452894557,-3.2801173,0.006097471958767198,1.4521568,0.0050131488,-3.2809968
-0.6000000000000001,1.011801650795657e-09,2503.197375042157,521.464297637573,42.04226242943757,288.6545802497056,0.0004893829733548215,14082706842164037214,validation,-3.310351144724077,-3.3094144,0.0009367579748094101,1.0873387,0.005805313,-3.3147879
-1.2000000000000002,9.55415883814233e-10,2578.1734587821948,522.0121395253278,38.42173874228168,293.06092698472065,0.0004897676235423063,7069279127234648490,validation,-3.3100099276262975,-3.309249,0.0007610033709264385,0.73076135,0.0070955716,-3.3099368
-2.8000000000000003,1.1421949243104863e-09,2464.085688286918,515.1290966367517,40.96326376678826,298.8654192354596,0.0005224533785335884,12882774050561771087,validation,-3.2819524580379054,-3.2758512,0.006101208343081144,1.5568314,0.0048388294,-3.2765412
-2.2,1.0272364839515192e-09,2572.148319494551,521.8227614311556,39.43236728729266,296.39638250989714,0.0005186636395639344,12816177013697617925,validation,-3.285114196753362,-3.290003,0.004888864541193527,0.83284706,0.0066427,-3.2906992
-1.4,8.836751126639038e-10,2477.068135205752,531.0701614185327,43.11434944357355,296.9231984392292,0.0005129720325923379,18058330792975761325,validation,-3.2899063121238936,-3.2895277,0.0003786574760664685,1.6455079,0.004704287,-3.291036
-2.2,8.836751126639038e-10,2477.068135205752,531.0701614185327,43.11434944357355,296.9231984392292,0.0005282884282321887,18058330792975761325,validation,-3.277128902108719,-3.277131,2.178518722306677e-06,2.0496073,0.004205478,-3.2782288
0.0,9.54751015148706e-10,2385.841355900724,509.52056648049273,41.08562699346509,303.58650370690776,0.0004409922512404,7884238669149658161,validation,-3.3555690415369264,-3.347143,0.008426106737732031,0.5173413,0.008443139,-3.350975
-2.8000000000000003,9.91880560193061e-10,2562.543459042286,488.1664551370801,40.47383155665718,295.6008889602198,0.0005300812624817154,16069905982438259650,validation,-3.2756575471122256,-3.2809021,0.005244600180865255,1.0232595,0.0059864763,-3.2772584
-1.4,1.0882818479532783e-09,2447.508764517909,466.8571183944717,43.278933930679706,307.8168200832177,0.0005085204987999904,3262830124868165494,validation,-3.29369153568856,-3.296565,0.0028735201586078674,1.3445238,0.005213103,-3.2902792
-0.6000000000000001,8.64757430416121e-10,2613.398572092139,483.2695161383806,39.73131063338137,294.42197627514213,0.0004744126287405003,1633077101789385956,validation,-3.323843758684028,-3.325176,0.0013322419110646244,0.53853005,0.008274395,-3.3278992
-0.8,1.0272364839515192e-09,2572.148319494551,521.8227614311556,39.43236728729266,296.39638250989714,0.0004871500128137346,12816177013697617925,validation,-3.3123372816907133,-3.316493,0.004155752672079682,0.6578018,0.0074817752,-3.31831
-2.0,8.836751126639038e-10,2477.068135205752,531.0701614185327,43.11434944357355,296.9231984392292,0.0005249893094866821,18058330792975761325,validation,-3.2798495401715937,-3.2799551,0.00010560852530572262,1.9924018,0.004266808,-3.280762
-2.4000000000000004,1.011801650795657e-09,2503.197375042157,521.464297637573,42.04226242943757,288.6545802497056,0.0005312131012450989,14082706842164037214,validation,-3.2747312225551584,-3.2768648,0.0021335445194266,1.6090839,0.0047582113,-3.2776158
0.0,9.775160845782078e-10,2577.8004715918664,488.1533623282412,40.35879763032958,294.16913853899604,0.0004474969731868,6898913632721408619,validation,-3.3492098978513454,-3.3557744,0.006564504767062829,0.43742165,0.009186197,-3.3514595
-2.8000000000000003,8.836751126639038e-10,2477.068135205752,531.0701614185327,43.11434944357355,296.9231984392292,0.0005367246447445306,18058330792975761325,validation,-3.2702484627885604,-3.2703586,0.00011009968092201561,2.3411405,0.003928418,-3.2716074
0.0,1.0272364839515192e-09,2572.148319494551,521.8227614311556,39.43236728729266,296.39638250989714,0.0004453575797291,12816177013697617925,validation,-3.3512911518438173,-3.356616,0.005324868358819401,0.36972308,0.009995656,-3.357942
-0.8,1.0882818479532783e-09,2447.508764517909,466.8571183944717,43.278933930679706,307.8168200832177,0.0004913762697608377,3262830124868165494,validation,-3.3085858209140824,-3.3123226,0.0037367956630660615,1.2185062,0.005479922,-3.3040047
-2.2,9.32148229008894e-10,2545.124905053194,512.7371789301767,40.07870713980076,299.5411124372077,0.0005083787794081707,7464429288297915064,validation,-3.293812585927386,-3.2890775,0.004735065556902729,0.9336127,0.0062704533,-3.2910862
-0.8,9.581806245172891e-10,2592.420375814081,497.997415088655,37.83724802001972,293.41915116225954,0.0004846890576508235,17533524623644286140,validation,-3.314536784806865,-3.320823,0.006286169370991246,0.5764147,0.007996168,-3.3219275
-2.4000000000000004,1.0272364839515192e-09,2572.148319494551,521.8227614311556,39.43236728729266,296.39638250989714,0.0005215735303659961,12816177013697617925,validation,-3.2826844569764426,-3.2872257,0.004541266290158941,0.82890016,0.0066586435,-3.2882688
-1.4,9.581806245172891e-10,2592.420375814081,497.997415088655,37.83724802001972,293.41915116225954,0.0005014290179995646,17533524623644286140,validation,-3.299790536767059,-3.3075943,0.007803762549347226,0.61370903,0.0077477894,-3.3069654
0.0,8.688108546297864e-10,2646.5653288453154,498.36187777461095,39.94029005251662,299.6218359156308,0.000431094223638,6517130074721695667,validation,-3.3654277963503545,-3.3600454,0.005382363305920901,0.46509525,0.00890734,-3.3609118
-0.4,8.836751126639038e-10,2477.068135205752,531.0701614185327,43.11434944357355,296.9231984392292,0.00047911459899094945,18058330792975761325,validation,-3.3195605956527845,-3.317636,0.0019245826217786366,0.8828794,0.00644993,-3.3217535
-3.0,9.775160845782078e-10,2577.8004715918664,488.1533623282412,40.35879763032958,294.16913853899604,0.0005322316506326288,6898913632721408619,validation,-3.2738993024896685,-3.2797797,0.005880370133012125,1.0097446,0.0060268627,-3.2764003
-2.0,9.91880560193061e-10,2562.543459042286,488.1664551370801,40.47383155665718,295.6008889602198,0.0005184701847753551,16069905982438259650,validation,-3.285276213160851,-3.2911816,0.005905351170203854,0.965213,0.006165863,-3.28714
-3.0,1.0882818479532783e-09,2447.508764517909,466.8571183944717,43.278933930679706,307.8168200832177,0.000534743114851244,3262830124868165494,validation,-3.2718547985308373,-3.2776892,0.005834419990280892,1.6321733,0.00472382,-3.2705433
-0.2,1.011801650795657e-09,2503.197375042157,521.464297637573,42.04226242943757,288.6545802497056,0.0004695209516921161,14082706842164037214,validation,-3.3283450232035143,-3.3283734,2.840895590949799e-05,0.71403927,0.007178847,-3.3337905
-2.0,1.011801650795657e-09,2503.197375042157,521.464297637573,42.04226242943757,288.6545802497056,0.000525111190099075,14082706842164037214,validation,-3.2797487268157828,-3.2823083,0.002559613256849058,1.5844424,0.0047957357,-3.2825763
-2.4000000000000004,1.020786601528739e-09,2414.9946347184086,525.5036010755978,41.93453001893169,295.92616711681853,0.0005262738255140091,12935788499417564366,validation,-3.2787882292939714,-3.275111,0.003677269287257534,1.6882317,0.0046432596,-3.2753952
-1.0,8.836751126639038e-10,2477.068135205752,531.0701614185327,43.11434944357355,296.9231984392292,0.0005023242528814441,18058330792975761325,validation,-3.29901585302041,-3.297995,0.0010207625357909755,1.4234595,0.005064248,-3.3005276
0.0,9.308015570351787e-10,2751.659002613549,471.438867720947,38.31893407640898,299.3638589999156,0.0004385943484486,13806398585976261423,validation,-3.3579369687674805,-3.3656292,0.007692227399511697,0.4565306,0.008990932,-3.3691328
-3.0,8.688108546297864e-10,2646.5653288453154,498.36187777461095,39.94029005251662,299.6218359156308,0.0005154107696434564,6517130074721695667,validation,-3.287846510992993,-3.2840357,0.0038108283147701982,0.86660445,0.0065108067,-3.2839947
-3.0,9.55415883814233e-10,2578.1734587821948,522.0121395253278,38.42173874228168,293.06092698472065,0.0005198798461651177,7069279127234648490,validation,-3.2840970182443034,-3.2837281,0.0003688955331218047,0.97793585,0.0061251866,-3.282914
-0.2,1.08604047901988e-09,2575.5622449220923,476.6697423761544,40.75046782180591,305.2870639056014,0.00045643943797455425,17451691503515762550,validation,-3.340616838060224,-3.342915,0.0022982200757621918,0.94742143,0.0062241084,-3.3411453
-2.0,9.308015570351787e-10,2751.659002613549,471.438867720947,38.31893407640898,299.3638589999156,0.0005118441668036476,13806398585976261423,validation,-3.2908622417557765,-3.3009467,0.010084470738120022,0.7324963,0.0070870947,-3.3032455
-0.2,8.836751126639038e-10,2477.068135205752,531.0701614185327,43.11434944357355,296.9231984392292,0.0004678057625836025,18058330792975761325,validation,-3.3299344327131726,-3.3275912,0.0023432519117809747,0.64281654,0.007569113,-3.3328638
-2.0,9.32148229008894e-10,2545.124905053194,512.7371789301767,40.07870713980076,299.5411124372077,0.0005051848427595515,7464429288297915064,validation,-3.2965496882129823,-3.291973,0.004576574199310457,0.9304276,0.0062812893,-3.2937176
-0.2,9.775160845782078e-10,2577.8004715918664,488.1533623282412,40.35879763032958,294.16913853899604,0.0004621703163720787,6898913632721408619,validation,-3.3351979512190617,-3.3399224,0.004724476912041808,0.51409984,0.0084698675,-3.3371801
-0.4,1.0991618704794608e-09,2475.161456337068,505.0064403774024,34.84085283436253,301.39850617403,0.00045138356096731483,4837710515318421738,test,-3.345454261632175,-3.3392758,0.006178424687595108,0.54369116,0.008275492,-3.34136
-2.6,1.0976147775803618e-09,2495.918019735696,486.14991613464105,39.05845567786759,297.2376267822416,0.0005195138192802067,3779633422659776445,test,-3.2844028955421956,-3.2842813,0.0001216417274982895,0.852188,0.006599441,-3.2815304
-1.0,1.0976147775803618e-09,2495.918019735696,486.14991613464105,39.05845567786759,297.2376267822416,0.0004890231650392767,3779633422659776445,test,-3.3106705678488844,-3.3098848,0.0007857812430493993,0.85709393,0.006580359,-3.3070066
-0.6000000000000001,1.1425395479879979e-09,2554.3812528255967,503.27354733950745,40.19858533526689,297.9110382121584,0.00047562463714934073,13161242281976296834,test,-3.3227356572054028,-3.3209062,0.0018294949434398688,1.0171516,0.006035446,-3.3215482
0.0,1.0727653122619132e-09,2512.3283017034155,474.34077412964,42.74916053103488,290.5746947786968,0.0004503627785054,4757004652079025251,test,-3.3464375101587067,-3.3468163,0.0003787911871184768,0.7584512,0.006998782,-3.3450596
-3.0,9.973807555784963e-10,2483.6702561944007,499.2076886794748,40.248277237816566,302.09732544564235,0.0005286342470648422,7286060296444835846,test,-3.276844704939656,-3.2797017,0.002857004807658381,1.0476251,0.005946075,-3.2791882
-0.6000000000000001,9.973807555784963e-10,2483.6702561944007,499.2076886794748,40.248277237816566,302.09732544564235,0.0004788936367976517,7286060296444835846,test,-3.3197609335191522,-3.3220365,0.0022755712263311523,0.9055289,0.0064003435,-3.3219965
-0.6000000000000001,1.050818199825069e-09,2510.995503216453,520.189852554912,38.50508417894045,294.1262317171733,0.0004747567102174998,17608710593314742079,test,-3.323528888223725,-3.322606,0.0009228014927677997,0.7063583,0.007254228,-3.3227127
-2.4000000000000004,8.058950792540601e-10,2412.212725535436,472.1154567367515,38.858183000543626,295.7855807653235,0.000514421507259847,7296031158140813817,test,-3.288680882445784,-3.2871509,0.0015300226130201544,0.92185664,0.0063428706,-3.2886212
-0.8,8.595939611542648e-10,2643.7199291480506,484.396762738386,41.95641496228942,305.9180523366615,0.0004839754871105329,15230833052760599040,test,-3.3151766343932456,-3.3208938,0.005717130102603996,1.1512091,0.005669201,-3.3164923
-0.8,8.920412889937107e-10,2700.220283946353,481.8164609958477,41.48473029075561,294.1535226587993,0.00047900828838118217,2447368541047246097,test,-3.3196569718316398,-3.317694,0.00196302308591223,0.8239043,0.0067127473,-3.3203504
-0.6000000000000001,8.595939611542648e-10,2643.7199291480506,484.396762738386,41.95641496228942,305.9180523366615,0.000476257313375722,15230833052760599040,test,-3.322158342267855,-3.3282213,0.00606297883810214,1.0893571,0.0058298013,-3.3234723
0.0,8.920412889937107e-10,2700.220283946353,481.8164609958477,41.48473029075561,294.1535226587993,0.0004366679984841,2447368541047246097,test,-3.359848634483562,-3.3588269,0.001021758796916572,0.45182776,0.0090821795,-3.3613951
-2.4000000000000004,9.973807555784963e-10,2483.6702561944007,499.2076886794748,40.248277237816566,302.09732544564235,0.0005209938827051058,7286060296444835846,test,-3.2831673759768933,-3.285139,0.0019717078854113446,1.0250316,0.006011956,-3.2856545
-1.6,1.0991618704794608e-09,2475.161456337068,505.0064403774024,34.84085283436253,301.39850617403,0.0004866292192634076,4837710515318421738,test,-3.3128018177564496,-3.308523,0.004278878074442716,0.64842063,0.0075736605,-3.3080297
-1.0,9.454134520298419e-10,2570.8338282332857,490.849029568548,38.28868089781682,299.0569098093356,0.0004916186791582925,8778145279652222064,test,-3.3083716243591033,-3.315295,0.006923356643704359,0.68466914,0.007369062,-3.3150284
-0.4,9.973807555784963e-10,2483.6702561944007,499.2076886794748,40.248277237816566,302.09732544564235,0.0004699828564809443,7286060296444835846,test,-3.32791798349304,-3.3299212,0.002003262081911039,0.75409037,0.0070191487,-3.330117
-1.2000000000000002,1.0727653122619132e-09,2512.3283017034155,474.34077412964,42.74916053103488,290.5746947786968,0.0005037209581634256,4757004652079025251,test,-3.2978099792090516,-3.296063,0.0017470328894715337,1.6353989,0.004744475,-3.294885
-0.2,1.050818199825069e-09,2510.995503216453,520.189852554912,38.50508417894045,294.1262317171733,0.0004553763207393986,17608710593314742079,test,-3.34162955615299,-3.3411896,0.00043993327396174564,0.48639387,0.008751949,-3.341535
0.0,1.0976147775803618e-09,2495.918019735696,486.14991613464105,39.05845567786759,297.2376267822416,0.0004422673483714,3779633422659776445,test,-3.3543151224562338,-3.3548143,0.0004991685441324556,0.5485978,0.008238192,-3.3508863
-0.4,8.058950792540601e-10,2412.212725535436,472.1154567367515,38.858183000543626,295.7855807653235,0.0004641143057643145,7296031158140813817,test,-3.333375044770482,-3.3297822,0.0035927972271472264,0.55395126,0.00819806,-3.3336687
-2.2,1.0284216851224184e-09,2501.257472196243,454.39559500401634,39.58517778577758,297.0863250737395,0.0005172639996020982,5302328922938549098,test,-3.2862877464473157,-3.2895763,0.003288545590648173,0.6601815,0.0075054388,-3.284991
-1.2000000000000002,9.973807555784963e-10,2483.6702561944007,499.2076886794748,40.248277237816566,302.09732544564235,0.0004982037204577531,7286060296444835846,test,-3.3025930335874705,-3.3043773,0.0017842838411183948,1.0197102,0.0060277893,-3.3045473
-1.0,8.058950792540601e-10,2412.212725535436,472.1154567367515,38.858183000543626,295.7855807653235,0.0004864426810215751,7296031158140813817,test,-3.3129683265829,-3.3100383,0.0029299984121236022,0.8286205,0.0066934526,-3.312951
-3.0,1.1154637147520875e-09,2350.383805501934,499.6014506673355,39.64774721352306,306.8220229508652,0.0005322851430675079,15425818973916266975,test,-3.273855655513973,-3.2798548,0.005999118961124594,0.9143194,0.006369211,-3.277914
-2.6,1.058962492367367e-09,2306.068264987093,513.3151002778768,40.55455133934368,303.4784744400111,0.0005334113296153695,11723817789070393620,test,-3.2729377641669855,-3.2771187,0.004180918694342672,1.3716565,0.0051877205,-3.2760592
-0.2,9.663377701466595e-10,2642.527368087266,478.3559331791431,43.40306406282464,301.888862689621,0.000456674870590183,13304175874445473708,test,-3.3403928856215552,-3.3394408,0.0009520630202368707,0.9673847,0.0061903484,-3.337797
-2.0,1.0976147775803618e-09,2495.918019735696,486.14991613464105,39.05845567786759,297.2376267822416,0.0005107650641611564,3779633422659776445,test,-3.291778815717371,-3.292238,0.00045918133768285685,0.8938029,0.006442583,-3.2887688
0.0,1.1425395479879979e-09,2554.3812528255967,503.27354733950745,40.19858533526689,297.9110382121584,0.0004415571043773,13161242281976296834,test,-3.355013123315751,-3.3535295,0.0014836700381630763,0.706248,0.0072547984,-3.353719
-1.4,9.973807555784963e-10,2483.6702561944007,499.2076886794748,40.248277237816566,302.09732544564235,0.0005030885930867965,7286060296444835846,test,-3.2983555296542195,-3.3002827,0.0019271870968791127,1.061188,0.0059075374,-3.300358
-0.6000000000000001,1.0727653122619132e-09,2512.3283017034155,474.34077412964,42.74916053103488,290.5746947786968,0.00048461866837722805,4757004652079025251,test,-3.314599860076649,-3.3111787,0.0034211758420297222,1.3447387,0.0052401223,-3.3123567
-2.8000000000000003,1.1425395479879979e-09,2554.3812528255967,503.27354733950745,40.19858533526689,297.9110382121584,0.0005223495017691188,13161242281976296834,test,-3.282038815199828,-3.2803636,0.0016752554769277062,1.0672743,0.005890482,-3.2799184
-0.6000000000000001,1.1065063764088472e-09,2603.202340784687,488.6799605874269,40.68035124967265,296.73843693227377,0.00048182059453564895,2359625090975412513,test,-3.317114640821616,-3.3217285,0.00461382711966829,1.0292753,0.005999417,-3.317011
-1.0,1.1065063764088472e-09,2603.202340784687,488.6799605874269,40.68035124967265,296.73843693227377,0.0004957278474268396,2359625090975412513,test,-3.304756683991527,-3.309512,0.004755215956592895,1.0883313,0.0058325795,-3.304914
0.0,9.454134520298419e-10,2570.8338282332857,490.849029568548,38.28868089781682,299.0569098093356,0.0004430485839494,8778145279652222064,test,-3.353548647176004,-3.3601372,0.0065885770213838235,0.41263834,0.009505606,-3.3600686
-2.4000000000000004,1.0727653122619132e-09,2512.3283017034155,474.34077412964,42.74916053103488,290.5746947786968,0.0005262816478025931,4757004652079025251,test,-3.278781774191406,-3.2783928,0.0003889824433591649,1.7137654,0.004632825,-3.27586
-0.4,9.454134520298419e-10,2570.8338282332857,490.849029568548,38.28868089781682,299.0569098093356,0.00046877957233237204,8778145279652222064,test,-3.3290313215134777,-3.3358386,0.006807234776195159,0.5549802,0.008190414,-3.3355293
-1.8,1.1065063764088472e-09,2603.202340784687,488.6799605874269,40.68035124967265,296.73843693227377,0.0005148295672503208,2359625090975412513,test,-3.2883365190230536,-3.294351,0.006014581898577287,1.1406707,0.0056956415,-3.2897794
-1.6,9.973807555784963e-10,2483.6702561944007,499.2076886794748,40.248277237816566,302.09732544564235,0.0005074282072349194,7286060296444835846,test,-3.294625394611368,-3.296728,0.0021025011253263948,1.0655075,0.005895418,-3.2967176
-2.2,1.050818199825069e-09,2510.995503216453,520.189852554912,38.50508417894045,294.1262317171733,0.0005129515524965031,17608710593314742079,test,-3.28992365141259,-3.2907887,0.0008649991001052904,0.97790396,0.006156627,-3.2886887
-2.6,1.0284216851224184e-09,2501.257472196243,454.39559500401634,39.58517778577758,297.0863250737395,0.0005229138106180355,5302328922938549098,test,-3.281569887915995,-3.2844472,0.0028773052297568213,0.68225086,0.0073822034,-3.2804575
-1.4,8.920412889937107e-10,2700.220283946353,481.8164609958477,41.48473029075561,294.1535226587993,0.0004960820172516001,2447368541047246097,test,-3.304446515656717,-3.3038104,0.0006361576092315246,0.9192431,0.006351968,-3.305919
-1.2000000000000002,1.0284216851224184e-09,2501.257472196243,454.39559500401634,39.58517778577758,297.0863250737395,0.0004974256526621005,5302328922938549098,test,-3.30327182155438,-3.3056228,0.00235099453143528,0.62635803,0.0077067735,-3.3004313
-1.8,1.050818199825069e-09,2510.995503216453,520.189852554912,38.50508417894045,294.1262317171733,0.0005063458543395413,17608710593314742079,test,-3.295552741416448,-3.2965996,0.001046885124689645,1.0008582,0.006084891,-3.2940853
-2.6,1.050818199825069e-09,2510.995503216453,520.189852554912,38.50508417894045,294.1262317171733,0.0005185416202129795,17608710593314742079,test,-3.2852163796733773,-3.2854443,0.00022787997017736927,0.9842626,0.006136505,-3.2838423
-1.8,9.454134520298419e-10,2570.8338282332857,490.849029568548,38.28868089781682,299.0569098093356,0.0005103900331061194,8778145279652222064,test,-3.292097815104445,-3.3001027,0.008004895619432073,0.701396,0.0072800317,-3.2987292
-2.6,1.1154637147520875e-09,2350.383805501934,499.6014506673355,39.64774721352306,306.8220229508652,0.0005275203033417021,15425818973916266975,test,-3.277760820467093,-3.282343,0.004582090299508401,0.8594336,0.0065713157,-3.2815979
-0.4,8.920412889937107e-10,2700.220283946353,481.8164609958477,41.48473029075561,294.1535226587993,0.0004623950711701282,2447368541047246097,test,-3.334986803858773,-3.3322155,0.0027712562971276,0.6665035,0.007469513,-3.3357673
-3.0,1.1621717411232646e-09,2521.3696634346124,503.94444076752967,42.25069338145754,304.38892783295006,0.0005329482516114318,4374302465450070181,test,-3.2733149581979366,-3.2763882,0.003073210137024329,1.6970507,0.004655992,-3.2741911
-0.6000000000000001,1.0284216851224184e-09,2501.257472196243,454.39559500401634,39.58517778577758,297.0863250737395,0.00047829604169135546,5302328922938549098,test,-3.3203032132712837,-3.3222332,0.0019299868019584387,0.55718476,0.008174101,-3.3167107
-1.6,1.0727653122619132e-09,2512.3283017034155,474.34077412964,42.74916053103488,290.5746947786968,0.0005128171696400492,4757004652079025251,test,-3.29003744262516,-3.2894766,0.0005608095532605439,1.7393776,0.004597972,-3.2871027
-1.0,9.663377701466595e-10,2642.527368087266,478.3559331791431,43.40306406282464,301.888862689621,0.0004916097498131771,13304175874445473708,test,-3.3083795125877113,-3.3095877,0.0012082044685630677,1.6406952,0.004736679,-3.3056347
-1.8,1.1621717411232646e-09,2521.3696634346124,503.94444076752967,42.25069338145754,304.38892783295006,0.0005151404029653135,4374302465450070181,test,-3.2880743866428834,-3.2894695,0.0013950938716429384,1.4807451,0.0049901255,-3.2881696
-0.4,9.663377701466595e-10,2642.527368087266,478.3559331791431,43.40306406282464,301.888862689621,0.00046804700244812794,13304175874445473708,test,-3.3297105318000932,-3.330176,0.0004655832359174994,1.2230935,0.00549802,-3.326689
-1.6,1.058962492367367e-09,2306.068264987093,513.3151002778768,40.55455133934368,303.4784744400111,0.000517440379997854,11723817789070393620,test,-3.2861396828364042,-3.2902846,0.004144950800070379,1.3586698,0.005212809,-3.288623
-1.8,1.1154637147520875e-09,2350.383805501934,499.6014506673355,39.64774721352306,306.8220229508652,0.0005152997648719414,15425818973916266975,test,-3.287940055704735,-3.2920036,0.004063575887061965,0.89171547,0.0064501897,-3.291035
-1.8,8.920412889937107e-10,2700.220283946353,481.8164609958477,41.48473029075561,294.1535226587993,0.0005045037853072363,2447368541047246097,test,-3.2971355708901475,-3.2971394,3.8353140761060445e-06,1.0081234,0.0060626958,-3.298575
-2.8000000000000003,1.0976147775803618e-09,2495.918019735696,486.14991613464105,39.05845567786759,297.2376267822416,0.0005219939649689209,3779633422659776445,test,-3.2823345180625787,-3.2822008,0.0001337047691216675,0.8501976,0.00660723,-3.2793322
-2.0,1.0284216851224184e-09,2501.257472196243,454.39559500401634,39.58517778577758,297.0863250737395,0.0005140516821890246,5302328922938549098,test,-3.2889932153215415,-3.2924104,0.0034171583662025995,0.68103796,0.0073888204,-3.2874305
-2.2,1.1154637147520875e-09,2350.383805501934,499.6014506673355,39.64774721352306,306.8220229508652,0.0005219439458418089,15425818973916266975,test,-3.2823761355394154,-3.2866411,0.004264985371229102,0.8615168,0.006563295,-3.2860506
-3.0,1.1065063764088472e-09,2603.202340784687,488.6799605874269,40.68035124967265,296.73843693227377,0.0005324844894642348,2359625090975412513,test,-3.2736930381018077,-3.2796683,0.005975293044432561,1.1381168,0.0057021044,-3.275417
-1.8,1.0727653122619132e-09,2512.3283017034155,474.34077412964,42.74916053103488,290.5746947786968,0.0005166621200137575,4757004652079025251,test,-3.2867933783460637,-3.2865536,0.0002397570539494076,1.7010093,0.004650475,-3.28366
-2.8000000000000003,1.0284216851224184e-09,2501.257472196243,454.39559500401634,39.58517778577758,297.0863250737395,0.000525416839172903,5302328922938549098,test,-3.2794960125497963,-3.2823849,0.0028888598867271575,0.70752496,0.0072482005,-3.2784443
-1.4,8.595939611542648e-10,2643.7199291480506,484.396762738386,41.95641496228942,305.9180523366615,0.0005014355610110885,15230833052760599040,test,-3.299784869812897,-3.304654,0.004869013167449587,1.1922263,0.005569635,-3.3022332
0.0,8.595939611542648e-10,2643.7199291480506,484.396762738386,41.95641496228942,305.9180523366615,0.0004401098938912,15230833052760599040,test,-3.3564388681694917,-3.3572578,0.0008189748480864623,0.68211216,0.007382959,-3.356407
-2.4000000000000004,1.1154637147520875e-09,2350.383805501934,499.6014506673355,39.64774721352306,306.8220229508652,0.0005248471936303635,15425818973916266975,test,-3.2799671206374734,-3.2843306,0.004363485823097868,0.85947144,0.00657117,-3.2838187
0.0,9.973807555784963e-10,2483.6702561944007,499.2076886794748,40.248277237816566,302.09732544564235,0.0004442655288113,7286060296444835846,test,-3.352357382972991,-3.352656,0.00029850463076863676,0.56368023,0.008126595,-3.3547888
-1.8,8.058950792540601e-10,2412.212725535436,472.1154567367515,38.858183000543626,295.7855807653235,0.0005048732624256817,7296031158140813817,test,-3.2968176284894213,-3.295619,0.0011986175641283126,0.90874296,0.0063889083,-3.296456
-2.0,1.0991618704794608e-09,2475.161456337068,505.0064403774024,34.84085283436253,301.39850617403,0.0004937055453568354,4837710515318421738,test,-3.3065319947080596,-3.303314,0.003218024142263687,0.6264453,0.0077062338,-3.3016074
-0.2,9.454134520298419e-10,2570.8338282332857,490.849029568548,38.28868089781682,299.0569098093356,0.0004577214599322789,8778145279652222064,test,-3.3393987255196342,-3.3458874,0.006488697042011271,0.4818587,0.008793245,-3.3463347
-1.4,1.0976147775803618e-09,2495.918019735696,486.14991613464105,39.05845567786759,297.2376267822416,0.0004991945213746825,3779633422659776445,test,-3.3017301896513542,-3.3015814,0.00014880689988938656,0.8948402,0.006438813,-3.2981298
-2.6,1.1065063764088472e-09,2603.202340784687,488.6799605874269,40.68035124967265,296.73843693227377,0.0005275227607715242,2359625090975412513,test,-3.2777587973303177,-3.2832096,0.005450764971318023,1.0783843,0.0058597215,-3.2791378
-1.8,8.595939611542648e-10,2643.7199291480506,484.396762738386,41.95641496228942,305.9180523366615,0.0005100654529245043,15230833052760599040,test,-3.2923740905294765,-3.2973094,0.004935308121646553,1.2080431,0.0055325967,-3.295165
-0.6000000000000001,1.0991618704794608e-09,2475.161456337068,505.0064403774024,34.84085283436253,301.39850617403,0.00045971510641341446,4837710515318421738,test,-3.3375112249331935,-3.33141,0.006101293750332193,0.5959072,0.007902475,-3.3334713
-2.2,8.920412889937107e-10,2700.220283946353,481.8164609958477,41.48473029075561,294.1535226587993,0.0005113739312213256,2447368541047246097,test,-3.2912614151741675,-3.2910802,0.00018117873923095829,1.0122404,0.0060502244,-3.292306
0.0,1.0284216851224184e-09,2501.257472196243,454.39559500401634,39.58517778577758,297.0863250737395,0.0004442757944297,5302328922938549098,test,-3.3523473478709467,-3.3551338,0.0027864240254156236,0.3788516,0.009922153,-3.3484416
-0.2,1.1621717411232646e-09,2521.3696634346124,503.94444076752967,42.25069338145754,304.38892783295006,0.0004622672398998715,4374302465450070181,test,-3.3351068831893054,-3.3354669,0.0003599785355481444,1.1407541,0.005695431,-3.335485
-1.0,1.058962492367367e-09,2306.068264987093,513.3151002778768,40.55455133934368,303.4784744400111,0.0005029916273239591,11723817789070393620,test,-3.298439244044007,-3.3025348,0.0040955746052850905,1.1433282,0.0056889397,-3.3015242
-0.4,1.1154637147520875e-09,2350.383805501934,499.6014506673355,39.64774721352306,306.8220229508652,0.00047472768901025725,15425818973916266975,test,-3.3235554368435394,-3.3284795,0.004924091583584644,0.83332384,0.0066743735,-3.3257241
-0.8,1.0284216851224184e-09,2501.257472196243,454.39559500401634,39.58517778577758,297.0863250737395,0.00048566340647292943,5302328922938549098,test,-3.313664618300878,-3.315631,0.0019662944798835014,0.6100858,0.0078095337,-3.310416
-0.6000000000000001,9.454134520298419e-10,2570.8338282332857,490.849029568548,38.28868089781682,299.0569098093356,0.0004777412544621028,8778145279652222064,test,-3.3208072544008704,-3.3277936,0.006986343774178394,0.59636563,0.0078994185,-3.3274288
-0.6000000000000001,1.058962492367367e-09,2306.068264987093,513.3151002778768,40.55455133934368,303.4784744400111,0.0004894130983387299,11723817789070393620,test,-3.3103244116493102,-3.3151126,0.004788179140484683,0.96646005,0.006193339,-3.3137152
-3.0,1.050818199825069e-09,2510.995503216453,520.189852554912,38.50508417894045,294.1262317171733,0.0005233491392335501,17608710593314742079,test,-3.2812084857914727,-3.28151,0.00030162887832707597,1.0506353,0.0059374576,-3.2798398
-3.0,8.595939611542648e-10,2643.7199291480506,484.396762738386,41.95641496228942,305.9180523366615,0.0005282972842877853,15230833052760599040,test,-3.2771216217981274,-3.2836611,0.006539505292326719,1.2040199,0.005541949,-3.2800121
-2.8000000000000003,8.058950792540601e-10,2412.212725535436,472.1154567367515,38.858183000543626,295.7855807653235,0.0005196210150775065,7296031158140813817,test,-3.284313293034655,-3.2825146,0.001798720891100114,0.9987673,0.0060913227,-3.2839482
-1.2000000000000002,1.050818199825069e-09,2510.995503216453,520.189852554912,38.50508417894045,294.1262317171733,0.0004935454588760924,17608710593314742079,test,-3.306672839691808,-3.306537,0.00013592677371709883,0.8936666,0.006443079,-3.305768
-1.2000000000000002,1.1065063764088472e-09,2603.202340784687,488.6799605874269,40.68035124967265,296.73843693227377,0.0005013595634411928,2359625090975412513,test,-3.2998506964698127,-3.3048973,0.005046611879796714,1.1125138,0.005768114,-3.300631
-0.2,1.058962492367367e-09,2306.068264987093,513.3151002778768,40.55455133934368,303.4784744400111,0.0004697750598424757,11723817789070393620,test,-3.328110043455182,-3.3318472,0.0037371474017517947,0.6857772,0.007363064,-3.3322575
-2.6,8.595939611542648e-10,2643.7199291480506,484.396762738386,41.95641496228942,305.9180523366615,0.0005231381003164754,15230833052760599040,test,-3.2813836490135952,-3.286465,0.005081280567093227,1.1674818,0.005629075,-3.2841735
-1.8,9.973807555784963e-10,2483.6702561944007,499.2076886794748,40.248277237816566,302.09732544564235,0.0005113174931940754,7286060296444835846,test,-3.2913093489364815,-3.2935169,0.0022075253768729652,1.0493563,0.0059411144,-3.293489
-1.2000000000000002,1.058962492367367e-09,2306.068264987093,513.3151002778768,40.55455133934368,303.4784744400111,0.0005084263578485894,11723817789070393620,test,-3.2937719428318917,-3.297741,0.0039689934474052,1.175637,0.0056092786,-3.296605
-2.2,1.1065063764088472e-09,2603.202340784687,488.6799605874269,40.68035124967265,296.73843693227377,0.0005217304388674973,2359625090975412513,test,-3.2825538248713437,-3.2884197,0.005865898639398459,1.0825896,0.005848201,-3.283972
-2.0,8.595939611542648e-10,2643.7199291480506,484.396762738386,41.95641496228942,305.9180523366615,0.0005137688543110626,15230833052760599040,test,-3.2892322270662295,-3.294163,0.004930761596490196,1.194271,0.0055648056,-3.2921588
-1.4,1.1425395479879979e-09,2554.3812528255967,503.27354733950745,40.19858533526689,297.9110382121584,0.0004994945283164293,13161242281976296834,test,-3.3014692648654203,-3.3000357,0.001433549762270836,1.1492392,0.005674116,-3.2998102
-0.4,1.058962492367367e-09,2306.068264987093,513.3151002778768,40.55455133934368,303.4784744400111,0.00048064562541069527,11723817789070393620,test,-3.318175006058951,-3.3227873,0.0046122787921230035,0.91467035,0.006367977,-3.3215954
-1.4,1.0727653122619132e-09,2512.3283017034155,474.34077412964,42.74916053103488,290.5746947786968,0.0005085368096348125,4757004652079025251,test,-3.2936776058824417,-3.292587,0.0010905640275833406,1.7043084,0.0046458915,-3.2908604
-1.4,8.058950792540601e-10,2412.212725535436,472.1154567367515,38.858183000543626,295.7855807653235,0.000496728625136976,7296031158140813817,test,-3.303880812058689,-3.3019352,0.0019456161358375468,0.8167138,0.0067424844,-3.3037982
-0.2,1.1065063764088472e-09,2603.202340784687,488.6799605874269,40.68035124967265,296.73843693227377,0.00046180377828708663,2359625090975412513,test,-3.3355425181868803,-3.3398883,0.004345816087411691,0.7822186,0.006890784,-3.3355951
-2.2,9.663377701466595e-10,2642.527368087266,478.3559331791431,43.40306406282464,301.888862689621,0.0005180109333581428,13304175874445473708,test,-3.285661073754767,-3.287365,0.0017038859620299718,1.8477949,0.004458505,-3.2830694
-2.8000000000000003,1.1065063764088472e-09,2603.202340784687,488.6799605874269,40.68035124967265,296.73843693227377,0.0005300952588066885,2359625090975412513,test,-3.275646080103513,-3.2811425,0.005496393117311982,1.1034912,0.0057919193,-3.2769668
-1.4,1.058962492367367e-09,2306.068264987093,513.3151002778768,40.55455133934368,303.4784744400111,0.0005131978090495016,11723817789070393620,test,-3.2897152063885797,-3.2937374,0.004022205110443711,1.266775,0.0054011643,-3.2923243
-2.4000000000000004,8.595939611542648e-10,2643.7199291480506,484.396762738386,41.95641496228942,305.9180523366615,0.0005202618593107273,15230833052760599040,test,-3.2837780113095008,-3.2886899,0.004911840451363503,1.1526803,0.0056655384,-3.2867072
-2.6,1.1621717411232646e-09,2521.3696634346124,503.94444076752967,42.25069338145754,304.38892783295006,0.000527929002773148,4374302465450070181,test,-3.277424478559098,-3.2790542,0.0016296863273765894,1.5508857,0.0048741885,-3.2779338
-2.0,1.1154637147520875e-09,2350.383805501934,499.6014506673355,39.64774721352306,306.8220229508652,0.0005187757765808864,15425818973916266975,test,-3.2850203108124365,-3.2892041,0.004183809823549822,0.88290435,0.006482592,-3.2883983
-0.2,1.0976147775803618e-09,2495.918019735696,486.14991613464105,39.05845567786759,297.2376267822416,0.00045641339396374674,3779633422659776445,test,-3.340641619207388,-3.3400493,0.0005923523922022333,0.6261235,0.0077082263,-3.3373432
-2.6,9.454134520298419e-10,2570.8338282332857,490.849029568548,38.28868089781682,299.0569098093356,0.0005230130050635947,8778145279652222064,test,-3.281487511979505,-3.2891004,0.007612896574572314,0.7358119,0.0071064704,-3.2883797
0.0,1.1154637147520875e-09,2350.383805501934,499.6014506673355,39.64774721352306,306.8220229508652,0.0004495588854154,15425818973916266975,test,-3.3472134141954433,-3.348877,0.0016635389295567293,0.71000963,0.007235414,-3.34868
-0.4,8.595939611542648e-10,2643.7199291480506,484.396762738386,41.95641496228942,305.9180523366615,0.00046701974068370463,15230833052760599040,test,-3.330664761642013,-3.3362024,0.005537621399368753,0.9925071,0.006110702,-3.3316975
-1.0,9.973807555784963e-10,2483.6702561944007,499.2076886794748,40.248277237816566,302.09732544564235,0.0004926590489034099,7286060296444835846,test,-3.307453535907387,-3.3092542,0.0018006335567242182,1.001958,0.0060815155,-3.309514
-0.8,1.1425395479879979e-09,2554.3812528255967,503.27354733950745,40.19858533526689,297.9110382121584,0.00048293638993239936,13161242281976296834,test,-3.3161100686700653,-3.314207,0.0019029916436981154,1.0651456,0.005896431,-3.3148434
-1.4,1.0284216851224184e-09,2501.257472196243,454.39559500401634,39.58517778577758,297.0863250737395,0.0005022830860578489,5302328922938549098,test,-3.2990514460797917,-3.30181,0.002758580089031515,0.6303491,0.007682178,-3.296552
-0.2,8.595939611542648e-10,2643.7199291480506,484.396762738386,41.95641496228942,305.9180523366615,0.00045556985756452955,15230833052760599040,test,-3.341445018408684,-3.3451273,0.0036823257227855954,0.8268651,0.006700615,-3.3425097
-1.4,9.454134520298419e-10,2570.8338282332857,490.849029568548,38.28868089781682,299.0569098093356,0.0005020830050034823,8778145279652222064,test,-3.299224478801162,-3.3066845,0.0074600152173927015,0.7259808,0.0071547907,-3.3058019
-0.6000000000000001,8.058950792540601e-10,2412.212725535436,472.1154567367515,38.858183000543626,295.7855807653235,0.00047289781824602406,7296031158140813817,test,-3.325232689634179,-3.321891,0.0033416202219473945,0.649623,0.007566601,-3.3254888
-0.4,1.0727653122619132e-09,2512.3283017034155,474.34077412964,42.74916053103488,290.5746947786968,0.0004758031980439177,4757004652079025251,test,-3.322572643239991,-3.3188186,0.003754074056641521,1.1529927,0.005664761,-3.3203812
0.0,1.1621717411232646e-09,2521.3696634346124,503.94444076752967,42.25069338145754,304.38892783295006,0.0004474004517509,4374302465450070181,test,-3.349303581721678,-3.3479593,0.0013443017076397723,0.99805266,0.0060935263,-3.3486493
-2.8000000000000003,1.0991618704794608e-09,2475.161456337068,505.0064403774024,34.84085283436253,301.39850617403,0.0005045913955026709,4837710515318421738,test,-3.2970601595211213,-3.294719,0.0023411787319367328,0.61537915,0.00777566,-3.2915685
-3.0,8.058950792540601e-10,2412.212725535436,472.1154567367515,38.858183000543626,295.7855807653235,0.0005219545572793073,7296031158140813817,test,-3.282367306158519,-3.2809172,0.001450138494944575,1.0035833,0.0060765375,-3.2822223
-1.6,8.595939611542648e-10,2643.7199291480506,484.396762738386,41.95641496228942,305.9180523366615,0.0005059793461518923,15230833052760599040,test,-3.295867210502757,-3.300767,0.004899734382497023,1.1952285,0.0055625485,-3.298568
-1.6,9.663377701466595e-10,2642.527368087266,478.3559331791431,43.40306406282464,301.888862689621,0.0005069586157472755,13304175874445473708,test,-3.295027491724186,-3.296643,0.0016155269983482157,1.7636434,0.0045656497,-3.2928646
-0.4,1.1065063764088472e-09,2603.202340784687,488.6799605874269,40.68035124967265,296.73843693227377,0.0004728421428526408,2359625090975412513,test,-3.3252838231743627,-3.3296523,0.0043684862433619465,0.87115985,0.0065265414,-3.3249533
-2.4000000000000004,1.0284216851224184e-09,2501.257472196243,454.39559500401634,39.58517778577758,297.0863250737395,0.0005202059585678769,5302328922938549098,test,-3.2838246775951085,-3.2868912,0.003066544405013527,0.6630424,0.007489118,-3.2826586
0.0,1.1065063764088472e-09,2603.202340784687,488.6799605874269,40.68035124967265,296.73843693227377,0.0004470841787919,2359625090975412513,test,-3.349610698472269,-3.354937,0.005326378096334405,0.64860713,0.0075725643,-3.3493528
-1.2000000000000002,1.1154637147520875e-09,2350.383805501934,499.6014506673355,39.64774721352306,306.8220229508652,0.00050241858136124,15425818973916266975,test,-3.298934307102418,-3.3027132,0.0037788486440417657,0.8840487,0.006478356,-3.301399
-0.2,8.920412889937107e-10,2700.220283946353,481.8164609958477,41.48473029075561,294.1535226587993,0.0004513309683671034,2447368541047246097,test,-3.345504866059919,-3.3428462,0.002658710893292948,0.54619193,0.008256419,-3.346936
-1.0,1.0284216851224184e-09,2501.257472196243,454.39559500401634,39.58517778577758,297.0863250737395,0.0004919412016984305,5302328922938549098,test,-3.3080868023218937,-3.3101466,0.0020597678837948052,0.6224123,0.0077313213,-3.3050315
-1.6,1.0976147775803618e-09,2495.918019735696,486.14991613464105,39.05845567786759,297.2376267822416,0.0005034607495376432,3779633422659776445,test,-3.2980343819597593,-3.2982454,0.00021104803291649432,0.8804423,0.0064917323,-3.2946079
-0.8,1.0976147775803618e-09,2495.918019735696,486.14991613464105,39.05845567786759,297.2376267822416,0.00048285633477455713,3779633422659776445,test,-3.316182066548055,-3.3153615,0.0008205667616780765,0.8148292,0.0067503434,-3.3125648
-1.0,1.1154637147520875e-09,2350.383805501934,499.6014506673355,39.64774721352306,306.8220229508652,0.0004969976098283641,15425818973916266975,test,-3.303645699880045,-3.3076868,0.004041105845052684,0.87344813,0.006517909,-3.3061268
-2.0,9.663377701466595e-10,2642.527368087266,478.3559331791431,43.40306406282464,301.888862689621,0.0005146796937588653,13304175874445473708,test,-3.2884629661241096,-3.2902238,0.0017608707746941121,1.8038597,0.0045135156,-3.2858264
0.0,1.0991618704794608e-09,2475.161456337068,505.0064403774024,34.84085283436253,301.39850617403,0.0004277916509926,4837710515318421738,test,-3.368767695601858,-3.3622565,0.0065111686548364744,0.43938243,0.009210499,-3.3643968
-2.6,1.0991618704794608e-09,2475.161456337068,505.0064403774024,34.84085283436253,301.39850617403,0.0005021799761056776,4837710515318421738,test,-3.2991406083100445,-3.296518,0.002622520922959559,0.60554624,0.0078389365,-3.293902
-3.0,1.0976147775803618e-09,2495.918019735696,486.14991613464105,39.05845567786759,297.2376267822416,0.00052429708809037,3779633422659776445,test,-3.2804225543209817,-3.2806706,0.0002480885318014714,0.8605336,0.006567077,-3.2777715
-2.2,1.1425395479879979e-09,2554.3812528255967,503.27354733950745,40.19858533526689,297.9110382121584,0.0005142505464769507,13161242281976296834,test,-3.288825238122693,-3.2875457,0.0012795571229369251,1.0557438,0.0059229173,-3.2873695
-1.2000000000000002,8.058950792540601e-10,2412.212725535436,472.1154567367515,38.858183000543626,295.7855807653235,0.0004919001770691799,7296031158140813817,test,-3.3081230211077677,-3.305641,0.002482085209940532,0.8186247,0.0067345435,-3.3081222
-1.8,1.0976147775803618e-09,2495.918019735696,486.14991613464105,39.05845567786759,297.2376267822416,0.0005072945819204808,3779633422659776445,test,-3.294739776071327,-3.2951696,0.0004298158323594592,0.9002505,0.006419256,-3.2914944
-0.8,1.0727653122619132e-09,2512.3283017034155,474.34077412964,42.74916053103488,290.5746947786968,0.0004919627690826982,4757004652079025251,test,-3.3080677626670973,-3.3051083,0.0029594538749830868,1.4637971,0.005019375,-3.3054888
-2.6,9.663377701466595e-10,2642.527368087266,478.3559331791431,43.40306406282464,301.888862689621,0.0005238687828701656,13304175874445473708,test,-3.280777480214319,-3.2825277,0.0017502049510862427,1.9599853,0.0043264707,-3.2782056
-0.6000000000000001,1.0976147775803618e-09,2495.918019735696,486.14991613464105,39.05845567786759,297.2376267822416,0.0004756396711236796,3779633422659776445,test,-3.3227219298489987,-3.32197,0.0007519438870846606,0.770164,0.0069449362,-3.3190584
0.0,8.058950792540601e-10,2412.212725535436,472.1154567367515,38.858183000543626,295.7855807653235,0.0004389993362607,7296031158140813817,test,-3.3575361363832394,-3.3553152,0.002220927948180851,0.38361225,0.009860151,-3.3583243
-3.0,1.1425395479879979e-09,2554.3812528255967,503.27354733950745,40.19858533526689,297.9110382121584,0.0005246793064408103,13161242281976296834,test,-3.280106064209879,-3.2789066,0.0011994804238684154,1.0814995,0.005851181,-3.2782025
-0.8,1.0991618704794608e-09,2475.161456337068,505.0064403774024,34.84085283436253,301.39850617403,0.0004666908621579872,4837710515318421738,test,-3.330970702550058,-3.3247952,0.0061754564257903155,0.6035888,0.007851716,-3.3267808
-1.0,1.1425395479879979e-09,2554.3812528255967,503.27354733950745,40.19858533526689,297.9110382121584,0.0004892010201550286,13161242281976296834,test,-3.310512645979093,-3.3086016,0.0019110281659826533,1.0837818,0.0058449474,-3.3090715
-0.4,1.1621717411232646e-09,2521.3696634346124,503.94444076752967,42.25069338145754,304.38892783295006,0.0004732993420006275,4374302465450070181,test,-3.3248640993048673,-3.3265378,0.0016737482140536386,1.2311428,0.005479787,-3.3251383
-0.2,9.973807555784963e-10,2483.6702561944007,499.2076886794748,40.248277237816566,302.09732544564235,0.0004589649159188617,7286060296444835846,test,-3.338220511423939,-3.3393703,0.001149739277965356,0.6566579,0.007525686,-3.3409872
-2.2,8.595939611542648e-10,2643.7199291480506,484.396762738386,41.95641496228942,305.9180523366615,0.0005171513308348584,15230833052760599040,test,-3.2863823533670873,-3.2912822,0.0048998236043482635,1.1608728,0.0056452705,-3.2893784
-2.8000000000000003,9.663377701466595e-10,2642.527368087266,478.3559331791431,43.40306406282464,301.888862689621,0.0005264672003796743,13304175874445473708,test,-3.278628680770686,-3.280784,0.002155210907170524,1.9778147,0.0043065217,-3.2759628
-3.0,1.058962492367367e-09,2306.068264987093,513.3151002778768,40.55455133934368,303.4784744400111,0.0005381548196970008,11723817789070393620,test,-3.269092765843753,-3.274351,0.005258115732785118,1.5094749,0.004941666,-3.2726824
-0.8,8.058950792540601e-10,2412.212725535436,472.1154567367515,38.858183000543626,295.7855807653235,0.00048020476557328773,7296031158140813817,test,-3.318573534299999,-3.3153903,0.003183185865550886,0.73511773,0.00710985,-3.3186808
-1.0,1.050818199825069e-09,2510.995503216453,520.189852554912,38.50508417894045,294.1262317171733,0.00048815107127608967,17608710593314742079,test,-3.3114457532672774,-3.310866,0.0005796357898604221,0.8214929,0.006722676,-3.3105333
-0.8,1.1065063764088472e-09,2603.202340784687,488.6799605874269,40.68035124967265,296.73843693227377,0.0004893126173642503,2359625090975412513,test,-3.3104135854233427,-3.3150728,0.004659189463742219,1.068367,0.0058874357,-3.310319
-0.2,8.058950792540601e-10,2412.212725535436,472.1154567367515,38.858183000543626,295.7855807653235,0.0004533143020348675,7296031158140813817,test,-3.3436005787643013,-3.3401308,0.0034697727950629975,0.4676245,0.008926731,-3.344548
-2.2,9.454134520298419e-10,2570.8338282332857,490.849029568548,38.28868089781682,299.0569098093356,0.0005172440155286501,8778145279652222064,test,-3.286304525385127,-3.2942722,0.007967658986821391,0.71843886,0.007192529,-3.2933176
-3.0,1.0727653122619132e-09,2512.3283017034155,474.34077412964,42.74916053103488,290.5746947786968,0.0005338464054917488,4757004652079025251,test,-3.272583677133325,-3.2729025,0.00031881157517110736,1.8688831,0.004432788,-3.2703907
-1.2000000000000002,8.595939611542648e-10,2643.7199291480506,484.396762738386,41.95641496228942,305.9180523366615,0.0004963412849109145,15230833052760599040,test,-3.3042195993477335,-3.3091626,0.004943017382002868,1.2034308,0.0055433223,-3.3060925
-2.4000000000000004,9.663377701466595e-10,2642.527368087266,478.3559331791431,43.40306406282464,301.888862689621,0.0005210605758166127,13304175874445473708,test,-3.283111784927671,-3.2847683,0.0016565580441305627,1.9078723,0.0043863617,-3.2805736
-2.4000000000000004,1.1065063764088472e-09,2603.202340784687,488.6799605874269,40.68035124967265,296.73843693227377,0.0005247441748325322,2359625090975412513,test,-3.280052373807266,-3.2856832,0.005630781252548456,1.074181,0.0058713034,-3.2814739
-1.8,9.663377701466595e-10,2642.527368087266,478.3559331791431,43.40306406282464,301.888862689621,0.0005110161368790702,13304175874445473708,test,-3.291565385487827,-3.2933064,0.0017409652201809678,1.7519952,0.004581082,-3.2890902
-1.2000000000000002,1.1621717411232646e-09,2521.3696634346124,503.94444076752967,42.25069338145754,304.38892783295006,0.0005017262946564131,4374302465450070181,test,-3.299533137710665,-3.3006845,0.001151314346219845,1.4405309,0.0050603626,-3.2995164
-1.4,1.1065063764088472e-09,2603.202340784687,488.6799605874269,40.68035124967265,296.73843693227377,0.0005063604697252968,2359625090975412513,test,-3.295540205933586,-3.3009884,0.00544822981165316,1.1418443,0.005692679,-3.296814
-2.2,9.973807555784963e-10,2483.6702561944007,499.2076886794748,40.248277237816566,302.09732544564235,0.0005180434764918398,7286060296444835846,test,-3.285633790818159,-3.2877293,0.002095472487504857,1.036744,0.005977535,-3.2880661
-2.0,1.058962492367367e-09,2306.068264987093,513.3151002778768,40.55455133934368,303.4784744400111,0.0005247139397941207,11723817789070393620,test,-3.2800773979795754,-3.2843337,0.004256307922524183,1.3804219,0.0051709875,-3.2828953
-1.6,8.920412889937107e-10,2700.220283946353,481.8164609958477,41.48473029075561,294.1535226587993,0.0005005212375942678,2447368541047246097,test,-3.3005774902639464,-3.3003569,0.00022062533474720425,0.9637541,0.0062021147,-3.3021553
-2.8000000000000003,1.1621717411232646e-09,2521.3696634346124,503.94444076752967,42.25069338145754,304.38892783295006,0.0005305301564832336,4374302465450070181,test,-3.2752899248219625,-3.277393,0.0021031778239115617,1.6469197,0.0047275657,-3.2757423
-2.0,8.920412889937107e-10,2700.220283946353,481.8164609958477,41.48473029075561,294.1535226587993,0.0005081010305629638,2447368541047246097,test,-3.2940499242250034,-3.2940543,4.345565645991201e-06,1.0071396,0.0060656876,-3.2953072
-2.4000000000000004,8.920412889937107e-10,2700.220283946353,481.8164609958477,41.48473029075561,294.1535226587993,0.0005143720538901388,2447368541047246097,test,-3.288722634895261,-3.2882638,0.0004588371352514109,1.0636266,0.005900686,-3.2895396
-1.4,1.1621717411232646e-09,2521.3696634346124,503.94444076752967,42.25069338145754,304.38892783295006,0.0005067022788878976,4374302465450070181,test,-3.2952471424703056,-3.2964284,0.0011812995310371832,1.4724437,0.0050043897,-3.2952785
-2.8000000000000003,9.973807555784963e-10,2483.6702561944007,499.2076886794748,40.248277237816566,302.09732544564235,0.0005262642817402916,7286060296444835846,test,-3.278796105129029,-3.2809741,0.0021780445749506328,1.0453398,0.0059526414,-3.280876
-1.2000000000000002,8.920412889937107e-10,2700.220283946353,481.8164609958477,41.48473029075561,294.1535226587993,0.0004911018158945723,2447368541047246097,test,-3.308828460021248,-3.3076854,0.0011430848076248168,0.928135,0.006321175,-3.309867
-2.0,1.1621717411232646e-09,2521.3696634346124,503.94444076752967,42.25069338145754,304.38892783295006,0.0005187664747267835,4374302465450070181,test,-3.2850280979534485,-3.2864637,0.0014356395343444461,1.4852931,0.004982361,-3.285342
-2.6,1.1425395479879979e-09,2554.3812528255967,503.27354733950745,40.19858533526689,297.9110382121584,0.0005198500574708565,13161242281976296834,test,-3.284121903679452,-3.282403,0.0017189114309168474,1.0626159,0.005903523,-3.2823274
-3.0,9.454134520298419e-10,2570.8338282332857,490.849029568548,38.28868089781682,299.0569098093356,0.0005279585784637773,8778145279652222064,test,-3.277400149152312,-3.2854311,0.008030997469392176,0.7698284,0.006946462,-3.2842677
-0.4,1.1425395479879979e-09,2554.3812528255967,503.27354733950745,40.19858533526689,297.9110382121584,0.00046684505659459215,13161242281976296834,test,-3.3308272355613293,-3.328824,0.0020031922874035324,0.94788706,0.006254325,-3.3295515
-1.4,1.050818199825069e-09,2510.995503216453,520.189852554912,38.50508417894045,294.1262317171733,0.0004983044865007277,17608710593314742079,test,-3.3025052026267807,-3.3028815,0.0003762766365249526,0.94905007,0.006250454,-3.3014865
-2.8000000000000003,1.058962492367367e-09,2306.068264987093,513.3151002778768,40.55455133934368,303.4784744400111,0.0005358698032387315,11723817789070393620,test,-3.2709407151644205,-3.2754312,0.004490440994026734,1.4497201,0.005044057,-3.2740762
-2.4000000000000004,1.058962492367367e-09,2306.068264987093,513.3151002778768,40.55455133934368,303.4784744400111,0.0005307537805736188,11723817789070393620,test,-3.275106903659536,-3.2792435,0.004136565578745088,1.3281385,0.0052732253,-3.278272
-1.6,8.058950792540601e-10,2412.212725535436,472.1154567367515,38.858183000543626,295.7855807653235,0.000501026609036545,7296031158140813817,test,-3.3001392085621624,-3.2986603,0.0014789302418498629,0.8703039,0.006529779,-3.2998736
-2.2,1.058962492367367e-09,2306.068264987093,513.3151002778768,40.55455133934368,303.4784744400111,0.0005278664472409105,11723817789070393620,test,-3.2774759421688238,-3.2816763,0.00420035025060983,1.3389488,0.005251598,-3.280573
-0.6000000000000001,9.663377701466595e-10,2642.527368087266,478.3559331791431,43.40306406282464,301.888862689621,0.00047728350209058266,13304175874445473708,test,-3.3212235773137357,-3.322442,0.0012184774347994143,1.3784913,0.005174659,-3.318401
-1.0,8.920412889937107e-10,2700.220283946353,481.8164609958477,41.48473029075561,294.1535226587993,0.00048546596099719857,2447368541047246097,test,-3.3138412157443096,-3.31223,0.0016111055758525339,0.8985842,0.00642526,-3.3145034
-3.0,1.0991618704794608e-09,2475.161456337068,505.0064403774024,34.84085283436253,301.39850617403,0.0005068359247173557,4837710515318421738,test,-3.2951326097444684,-3.293381,0.00175163402120182,0.6120896,0.0077966596,-3.2898216
-1.6,9.454134520298419e-10,2570.8338282332857,490.849029568548,38.28868089781682,299.0569098093356,0.0005064504706283064,8778145279652222064,test,-3.295463020954457,-3.3032486,0.007785622920664981,0.72800565,0.0071447585,-3.3020082
-2.8000000000000003,1.1154637147520875e-09,2350.383805501934,499.6014506673355,39.64774721352306,306.8220229508652,0.0005299917565795423,15425818973916266975,test,-3.2757308853046045,-3.280798,0.005067073069418893,0.8791883,0.006496403,-3.279464
-2.0,9.973807555784963e-10,2483.6702561944007,499.2076886794748,40.248277237816566,302.09732544564235,0.0005148347372490777,7286060296444835846,test,-3.288332157792074,-3.290531,0.002198762236612417,1.0398768,0.005968427,-3.2906165
-0.8,9.454134520298419e-10,2570.8338282332857,490.849029568548,38.28868089781682,299.0569098093356,0.0004852216078179017,8778145279652222064,test,-3.3140598674362756,-3.3209765,0.006916628306522288,0.6595234,0.007509208,-3.3206933
-1.2000000000000002,1.0976147775803618e-09,2495.918019735696,486.14991613464105,39.05845567786759,297.2376267822416,0.0004944170336464291,3779633422659776445,test,-3.305906575356097,-3.3053753,0.0005312377553892134,0.8860439,0.006470991,-3.3021696
-1.8,1.1425395479879979e-09,2554.3812528255967,503.27354733950745,40.19858533526689,297.9110382121584,0.0005076141552311307,13161242281976296834,test,-3.294466275755712,-3.293418,0.0010483451526845933,1.134277,0.005711862,-3.2927923
-1.6,1.1065063764088472e-09,2603.202340784687,488.6799605874269,40.68035124967265,296.73843693227377,0.0005108259248194605,2359625090975412513,test,-3.2917270700610706,-3.2975368,0.005809779914515367,1.1628078,0.005640514,-3.2931676
-1.6,1.1621717411232646e-09,2521.3696634346124,503.94444076752967,42.25069338145754,304.38892783295006,0.0005111433763850851,4374302465450070181,test,-3.2914572626069836,-3.2927527,0.0012954801603504151,1.4909343,0.0049727797,-3.291506
-2.6,9.973807555784963e-10,2483.6702561944007,499.2076886794748,40.248277237816566,302.09732544564235,0.0005237245407281235,7286060296444835846,test,-3.2808970754147304,-3.2828438,0.0019467527865635326,1.0223782,0.0060198354,-3.283217
-2.6,8.058950792540601e-10,2412.212725535436,472.1154567367515,38.858183000543626,295.7855807653235,0.000517116349775232,7296031158140813817,test,-3.286411730831853,-3.2846541,0.001757590359440897,0.9583754,0.0062196683,-3.2862532
-1.6,1.1154637147520875e-09,2350.383805501934,499.6014506673355,39.64774721352306,306.8220229508652,0.0005114627345784499,15425818973916266975,test,-3.291186003704556,-3.295091,0.0039049100680270676,0.9113639,0.0063796276,-3.2940888
-1.8,1.0284216851224184e-09,2501.257472196243,454.39559500401634,39.58517778577758,297.0863250737395,0.0005105233986354337,5302328922938549098,test,-3.291984348258019,-3.2953582,0.0033738327417367486,0.67785424,0.0074062743,-3.290081
-1.2000000000000002,9.663377701466595e-10,2642.527368087266,478.3559331791431,43.40306406282464,301.888862689621,0.0004973590514832192,13304175874445473708,test,-3.3033299738850284,-3.3045807,0.001250714591534141,1.7417369,0.0045948,-3.3009856
-1.0,1.0991618704794608e-09,2475.161456337068,505.0064403774024,34.84085283436253,301.39850617403,0.0004726492085533949,4837710515318421738,test,-3.3254610649916905,-3.3193917,0.0060693375441807085,0.5899574,0.007942469,-3.321059
-0.2,1.0284216851224184e-09,2501.257472196243,454.39559500401634,39.58517778577758,297.0863250737395,0.0004586077133676415,5302328922938549098,test,-3.3385586451036104,-3.3402958,0.0017371465223661176,0.4440002,0.009162258,-3.3347814
-2.8000000000000003,8.595939611542648e-10,2643.7199291480506,484.396762738386,41.95641496228942,305.9180523366615,0.0005258089866760788,15230833052760599040,test,-3.2791719955775465,-3.2847333,0.005561299863127367,1.1906544,0.0055733556,-3.2817824
-1.2000000000000002,1.0991618704794608e-09,2475.161456337068,505.0064403774024,34.84085283436253,301.39850617403,0.0004778659202136388,4837710515318421738,test,-3.3206939407931113,-3.3150556,0.005638332043721661,0.60821694,0.007821598,-3.3162246
-0.2,1.1425395479879979e-09,2554.3812528255967,503.27354733950745,40.19858533526689,297.9110382121584,0.00045599104617137325,13161242281976296834,test,-3.341043685047281,-3.3388934,0.002150271503579937,0.8208633,0.006725276,-3.3401883
-2.0,8.058950792540601e-10,2412.212725535436,472.1154567367515,38.858183000543626,295.7855807653235,0.0005083451211286586,7296031158140813817,test,-3.2938413402530395,-3.292698,0.0011434337588989152,0.91568846,0.0063644024,-3.2935753
-2.8000000000000003,9.454134520298419e-10,2570.8338282332857,490.849029568548,38.28868089781682,299.0569098093356,0.0005255750529435873,8778145279652222064,test,-3.2793652572726075,-3.2869966,0.007631345739477435,0.75323504,0.007023164,-3.286003
-0.6000000000000001,8.920412889937107e-10,2700.220283946353,481.8164609958477,41.48473029075561,294.1535226587993,0.0004714451953491228,2447368541047246097,test,-3.326568785940094,-3.3242605,0.0023083126887510907,0.75761855,0.0070026573,-3.3273737
-0.4,1.0976147775803618e-09,2495.918019735696,486.14991613464105,39.05845567786759,297.2376267822416,0.00046700372416902863,3779633422659776445,test,-3.330679656094252,-3.3298812,0.0007984648405900963,0.7117927,0.007226279,-3.326868
-2.2,1.0727653122619132e-09,2512.3283017034155,474.34077412964,42.74916053103488,290.5746947786968,0.0005233441240413746,4757004652079025251,test,-3.2812126476034646,-3.2809863,0.00022633855195097752,1.6537122,0.0047176788,-3.278127
-2.0,1.1065063764088472e-09,2603.202340784687,488.6799605874269,40.68035124967265,296.73843693227377,0.0005184428196539943,2359625090975412513,test,-3.285299136050535,-3.291322,0.0060228568236104785,1.0979453,0.0058066966,-3.286718
-2.8000000000000003,1.050818199825069e-09,2510.995503216453,520.189852554912,38.50508417894045,294.1262317171733,0.0005210324356433511,17608710593314742079,test,-3.283135239881952,-3.2832131,7.789869837004915e-05,1.0188278,0.0060304264,-3.2815266
-2.2,1.1621717411232646e-09,2521.3696634346124,503.94444076752967,42.25069338145754,304.38892783295006,0.0005220788085355873,4374302465450070181,test,-3.282263934682101,-3.283698,0.0014341472881138628,1.4480293,0.0050470456,-3.2828298
-1.0,8.595939611542648e-10,2643.7199291480506,484.396762738386,41.95641496228942,305.9180523366615,0.000490576582657135,15230833052760599040,test,-3.309293186389545,-3.314521,0.005227887905498996,1.1870447,0.0055819284,-3.3106625
-1.2000000000000002,1.1425395479879979e-09,2554.3812528255967,503.27354733950745,40.19858533526689,297.9110382121584,0.0004946742779030802,13161242281976296834,test,-3.3056806715140974,-3.3039572,0.0017234476218854766,1.1288664,0.0057256953,-3.3040218
-0.6000000000000001,1.1154637147520875e-09,2350.383805501934,499.6014506673355,39.64774721352306,306.8220229508652,0.0004834463670440262,15425818973916266975,test,-3.315651699013866,-3.3207245,0.005072788290821695,0.8329471,0.0066758962,-3.3180726
-2.4000000000000004,1.050818199825069e-09,2510.995503216453,520.189852554912,38.50508417894045,294.1262317171733,0.0005158561644765708,17608710593314742079,test,-3.2874713752761053,-3.2880175,0.0005461360916925173,0.97972846,0.0061508333,-3.2862444
-0.8,1.1621717411232646e-09,2521.3696634346124,503.94444076752967,42.25069338145754,304.38892783295006,0.0004896948939590167,4374302465450070181,test,-3.3100744243399287,-3.3117957,0.001721287177405273,1.3695996,0.0051916707,-3.310608
0.0,9.663377701466595e-10,2642.527368087266,478.3559331791431,43.40306406282464,301.888862689621,0.0004414108789407,13304175874445473708,test,-3.355156967491326,-3.3528147,0.0023422931138847858,0.70188886,0.0072774566,-3.3522527
-2.4000000000000004,1.1425395479879979e-09,2554.3812528255967,503.27354733950745,40.19858533526689,297.9110382121584,0.0005171598047193531,13161242281976296834,test,-3.2863752372080324,-3.2848437,0.0015315539652345223,1.059557,0.005912133,-3.2848628
-2.8000000000000003,8.920412889937107e-10,2700.220283946353,481.8164609958477,41.48473029075561,294.1535226587993,0.0005196917139830213,2447368541047246097,test,-3.284254207556857,-3.2835734,0.0006808185035120928,1.1508944,0.005669985,-3.284458
-3.0,9.663377701466595e-10,2642.527368087266,478.3559331791431,43.40306406282464,301.888862689621,0.0005288813344456043,13304175874445473708,test,-3.2766417600566835,-3.279717,0.0030752084796934476,1.9487234,0.004339211,-3.274323
-1.8,1.0991618704794608e-09,2475.161456337068,505.0064403774024,34.84085283436253,301.39850617403,0.0004903452009900135,4837710515318421738,test,-3.3094980707845774,-3.305833,0.0036649695119943537,0.6514639,0.0075558303,-3.3045769
-0.8,1.1154637147520875e-09,2350.383805501934,499.6014506673355,39.64774721352306,306.8220229508652,0.0004907603706754464,15425818973916266975,test,-3.309130514184336,-3.3137002,0.004569684942861141,0.88565874,0.006472411,-3.3116775
-3.0,8.920412889937107e-10,2700.220283946353,481.8164609958477,41.48473029075561,294.1535226587993,0.0005220689261712211,2447368541047246097,test,-3.2822721554657504,-3.2820451,0.00022702950444664083,1.1427033,0.0056905136,-3.2826476
0.0,1.058962492367367e-09,2306.068264987093,513.3151002778768,40.55455133934368,303.4784744400111,0.0004552753702759,11723817789070393620,test,-3.3417258437453925,-3.3445668,0.002840978306609454,0.54925996,0.008233196,-3.3461826
0.0,1.050818199825069e-09,2510.995503216453,520.189852554912,38.50508417894045,294.1262317171733,0.0004411819710331,17608710593314742079,test,-3.3553822433778615,-3.356889,0.0015067660978465014,0.40417814,0.009604996,-3.3553374
-1.4,9.663377701466595e-10,2642.527368087266,478.3559331791431,43.40306406282464,301.888862689621,0.0005024353415174699,13304175874445473708,test,-3.298919819736242,-3.3003411,0.0014213095667363618,1.7855632,0.004537017,-3.2968788
-2.4000000000000004,9.454134520298419e-10,2570.8338282332857,490.849029568548,38.28868089781682,299.0569098093356,0.0005202462668262619,8778145279652222064,test,-3.2837910275076307,-3.2915692,0.007778205433043084,0.7343045,0.007113816,-3.2908413
-1.8,1.058962492367367e-09,2306.068264987093,513.3151002778768,40.55455133934368,303.4784744400111,0.0005212555224760086,11723817789070393620,test,-3.282949330832283,-3.2871895,0.004240152810295328,1.3979874,0.0051379264,-3.285478
-0.8,1.058962492367367e-09,2306.068264987093,513.3151002778768,40.55455133934368,303.4784744400111,0.0004967353774616633,11723817789070393620,test,-3.303874908478199,-3.3083177,0.004442752807201522,1.0634173,0.0059012733,-3.3071415
-2.0,1.0727653122619132e-09,2512.3283017034155,474.34077412964,42.74916053103488,290.5746947786968,0.000520151532792589,4757004652079025251,test,-3.2838701173869085,-3.2837267,0.00014342518720145137,1.6527854,0.004719024,-3.2806697
-1.6,1.1425395479879979e-09,2554.3812528255967,503.27354733950745,40.19858533526689,297.9110382121584,0.0005037764398938007,13161242281976296834,test,-3.2977621470073624,-3.2965875,0.0011746798137588499,1.1530243,0.0056646825,-3.2961028
-1.6,1.0284216851224184e-09,2501.257472196243,454.39559500401634,39.58517778577758,297.0863250737395,0.000506622738364477,5302328922938549098,test,-3.295315321997885,-3.298453,0.003137770577188448,0.6526326,0.0075490167,-3.2931237
-0.2,1.0727653122619132e-09,2512.3283017034155,474.34077412964,42.74916053103488,290.5746947786968,0.00046487051315293257,4757004652079025251,test,-3.3326680003454237,-3.3297021,0.0029658614446668174,0.94098914,0.006277432,-3.3310766
-1.4,1.1154637147520875e-09,2350.383805501934,499.6014506673355,39.64774721352306,306.8220229508652,0.000507198373963633,15425818973916266975,test,-3.2948221474365633,-3.2985945,0.003772327355917149,0.89192307,0.0064494316,-3.2975066
-2.6,1.0727653122619132e-09,2512.3283017034155,474.34077412964,42.74916053103488,290.5746947786968,0.0005289951075608238,4757004652079025251,test,-3.2765483445416814,-3.2760637,0.0004846638928777125,1.8115522,0.0045037405,-3.2737536
-1.0,1.0727653122619132e-09,2512.3283017034155,474.34077412964,42.74916053103488,290.5746947786968,0.0004982468742036866,4757004652079025251,test,-3.3025554172041907,-3.3001494,0.002405976438809798,1.5451946,0.0048833014,-3.2996094
-0.8,9.663377701466595e-10,2642.527368087266,478.3559331791431,43.40306406282464,301.888862689621,0.00048501294740485655,13304175874445473708,test,-3.31424666776592,-3.3155413,0.001294599629099391,1.5357852,0.004898479,-3.3113937
-0.2,1.1154637147520875e-09,2350.383805501934,499.6014506673355,39.64774721352306,306.8220229508652,0.00046400823618396157,15425818973916266975,test,-3.333474310614298,-3.337173,0.0036986744626061885,0.7736797,0.006929013,-3.335843
-0.8,1.050818199825069e-09,2510.995503216453,520.189852554912,38.50508417894045,294.1262317171733,0.00048197288587571295,17608710593314742079,test,-3.3169773929764577,-3.316147,0.0008303039719410599,0.775549,0.00692059,-3.3161
-0.2,1.0991618704794608e-09,2475.161456337068,505.0064403774024,34.84085283436253,301.39850617403,0.00044126031431939035,4837710515318421738,test,-3.3553051299902004,-3.3489301,0.006375009522060715,0.51122177,0.008535684,-3.3516886
-1.4,1.0991618704794608e-09,2475.161456337068,505.0064403774024,34.84085283436253,301.39850617403,0.0004824932078095308,4837710515318421738,test,-3.3165087959608175,-3.3115244,0.004984404786501084,0.6267907,0.007704096,-3.311938
-2.2,1.0991618704794608e-09,2475.161456337068,505.0064403774024,34.84085283436253,301.39850617403,0.0004967684027889658,4837710515318421738,test,-3.3038460354780135,-3.3009067,0.0029393773054060546,0.60718226,0.007828302,-3.298957
-1.2000000000000002,9.454134520298419e-10,2570.8338282332857,490.849029568548,38.28868089781682,299.0569098093356,0.0004971851761297017,8778145279652222064,test,-3.3034818285843857,-3.3106139,0.007132042036341879,0.71031207,0.007233862,-3.3101377
-2.4000000000000004,1.0976147775803618e-09,2495.918019735696,486.14991613464105,39.05845567786759,297.2376267822416,0.0005168349206944051,3779633422659776445,test,-3.2866481502906018,-3.286732,8.380809868047123e-05,0.85854626,0.006574741,-3.2839093
-1.6,1.050818199825069e-09,2510.995503216453,520.189852554912,38.50508417894045,294.1262317171733,0.0005025409860063755,17608710593314742079,test,-3.298828512473598,-3.2996352,0.0008066594166606933,0.9862514,0.006130251,-3.2975368
-2.8000000000000003,1.0727653122619132e-09,2512.3283017034155,474.34077412964,42.74916053103488,290.5746947786968,0.0005315094965103794,4757004652079025251,test,-3.2744889715071746,-3.2741652,0.0003238180037565819,1.8663545,0.004435849,-3.2718012
-2.6,8.920412889937107e-10,2700.220283946353,481.8164609958477,41.48473029075561,294.1535226587993,0.000517134402057219,2447368541047246097,test,-3.2863965700858935,-3.285711,0.00068552005232414,1.1123685,0.0057684947,-3.286927
-2.4000000000000004,1.1621717411232646e-09,2521.3696634346124,503.94444076752967,42.25069338145754,304.38892783295006,0.0005251213834914496,4374302465450070181,test,-3.27974029642775,-3.2811995,0.0014591588334806893,1.4725169,0.0050042635,-3.280343
-1.0,1.1621717411232646e-09,2521.3696634346124,503.94444076752967,42.25069338145754,304.38892783295006,0.0004961050629921974,4374302465450070181,test,-3.304426340755886,-3.305749,0.0013225987582741183,1.392072,0.0051489905,-3.3046303
-3.0,1.0284216851224184e-09,2501.257472196243,454.39559500401634,39.58517778577758,297.0863250737395,0.000527739467094879,5302328922938549098,test,-3.277580425814188,-3.280887,0.0033064626898404725,0.72007245,0.0071843043,-3.2770214
-2.0,9.454134520298419e-10,2570.8338282332857,490.849029568548,38.28868089781682,299.0569098093356,0.0005139716081326584,8778145279652222064,test,-3.2890608708332816,-3.2971249,0.008063991837616857,0.7027814,0.0072728,-3.2958853
-2.4000000000000004,1.0991618704794608e-09,2475.161456337068,505.0064403774024,34.84085283436253,301.39850617403,0.000499581232908954,4837710515318421738,test,-3.301393884543637,-3.2986193,0.002774614218929994,0.5988562,0.0078828735,-3.296392
-0.8,9.973807555784963e-10,2483.6702561944007,499.2076886794748,40.248277237816566,302.09732544564235,0.00048631192749299827,7286060296444835846,test,-3.3130850786101744,-3.3151238,0.0020387178528382677,1.0036783,0.006076247,-3.3152568
-2.0,1.1425395479879979e-09,2554.3812528255967,503.27354733950745,40.19858533526689,297.9110382121584,0.0005110848711005003,13161242281976296834,test,-3.2915069746401766,-3.2904155,0.001091449203775241,1.1008673,0.005798897,-3.2899334
-2.2,1.0976147775803618e-09,2495.918019735696,486.14991613464105,39.05845567786759,297.2376267822416,0.0005139301638847251,3779633422659776445,test,-3.289095891705283,-3.2894142,0.0003182756988917568,0.87933534,0.006495855,-3.2863197
-0.4,1.050818199825069e-09,2510.995503216453,520.189852554912,38.50508417894045,294.1262317171733,0.00046609365907291896,17608710593314742079,test,-3.3315268053454092,-3.330561,0.0009658827227285727,0.60643685,0.007833142,-3.3307643
-2.0,1.050818199825069e-09,2510.995503216453,520.189852554912,38.50508417894045,294.1262317171733,0.0005097960207290036,17608710593314742079,test,-3.292603558788643,-3.2936616,0.0010580356022260595,0.99011064,0.006118169,-3.2912104
-2.2,8.058950792540601e-10,2412.212725535436,472.1154567367515,38.858183000543626,295.7855807653235,0.0005115102787278637,7296031158140813817,test,-3.2911456347769623,-3.2898636,0.0012820483511810643,0.9085869,0.006389462,-3.2910414
-0.4,1.0284216851224184e-09,2501.257472196243,454.39559500401634,39.58517778577758,297.0863250737395,0.0004694451924125626,5302328922938549098,test,-3.328415104190653,-3.330127,0.0017118966180627027,0.5192978,0.008468698,-3.3243728
-0.6000000000000001,1.1621717411232646e-09,2521.3696634346124,503.94444076752967,42.25069338145754,304.38892783295006,0.00048222726637255526,4374302465450070181,test,-3.316748237134928,-3.3187983,0.0020500664691978088,1.3006518,0.0053294185,-3.3173063
