task,task_key,primary_task,seed,model,rmse_target,mae_target,r2_target,rmse_raw,mae_raw,medape_percent,p95ape_percent,group_macro_rmse_target,group_macro_mae_target,param_count,train_time_s,epochs_completed,best_val_loss,checkpoint,wall_time_s,reused,train_groups,validation_groups,calibration_groups,test_groups,train_rows,test_rows,source_prediction,method_variant,stored_training_values,selected_degree,local_basis_terms,neighbors,best_validation_mse,candidate_validation,selected_hidden,best_epoch,best_validation_mse_scaled,constraint_axis,monotonic_sign,test_axis_gradient_abs_p95_scaled,test_axis_curvature_abs_p95_scaled,test_monotonic_violation_fraction,stored_curve_points,stored_curves,selected_neighbor_curves,selected_distance_power,boundary_hold_evaluations
APD_I_dark,dark_current,True,42,bkan,0.0971589030258047,0.06629769896143119,0.9936606154183303,2.074907924674534e-07,3.594411507136423e-08,9.676183285004734,50.62507712670166,0.09551068100113258,0.06629769896143119,1664,182.08278089994565,300.0,-1.4949477513631184,<REPO_ROOT>/artifacts\results\apd_second_device\predictions\seed_42\dark_current\bkan\model_checkpoint.pt,182.57104460010305,True,51,8,11,8,4029,632,<REPO_ROOT>/artifacts/results/compact_framework_eight_models_apd/predictions/seed_42/dark_current/bkan/test_predictions.csv,,,,,,,,,,,,,,,,,,,,
APD_I_dark,dark_current,True,42,dkan,0.1303229133414719,0.10164812827251657,0.988594260359822,2.0978577701803384e-07,4.843043067048107e-08,17.944023903660504,72.27333733118657,0.1245744877159067,0.10164812827251657,952,5.789738900028169,,,,5.824392999988049,True,51,8,11,8,4029,632,<REPO_ROOT>/artifacts/results/compact_framework_eight_models_apd/predictions/seed_42/dark_current/dkan/test_predictions.csv,,,,,,,,,,,,,,,,,,,,
APD_I_dark,dark_current,True,42,mlp_l,0.27654559335490225,0.21405823215220718,0.9486411395743746,4.3165470585004155e-07,1.0779580743707712e-07,43.62017853954393,117.5406520106214,0.2743632596157592,0.21405823215220718,2561,1.301170599879697,,,,1.3046101999934763,True,51,8,11,8,4029,632,<REPO_ROOT>/artifacts/results/compact_framework_eight_models_apd/predictions/seed_42/dark_current/mlp_l/test_predictions.csv,,,,,,,,,,,,,,,,,,,,
APD_I_dark,dark_current,True,42,spline_ridge,0.1392818777519374,0.09659373037719347,0.9869721988805411,1.5371079006806616e-07,3.940524650107728e-08,15.569983525991129,64.8938476234623,0.13855142525126377,0.09659373037719347,43,,,,,0.0048958000261336565,True,51,8,11,8,4029,632,<REPO_ROOT>/artifacts/results/compact_framework_eight_models_apd/predictions/seed_42/dark_current/spline_ridge/test_predictions.csv,,,,,,,,,,,,,,,,,,,,
APD_I_dark,dark_current,True,42,gmls,0.17316389955642966,0.13571328855631576,0.9798629147618352,2.3308814419418794e-07,5.981379387639378e-08,24.6425667438508,82.77724176955643,0.16913772648060887,0.13571328855631576,28203,0.14677999999548774,,,,0.14679840000462718,True,51,8,11,8,4029,632,<REPO_ROOT>/artifacts/results/compact_framework_eight_models_apd/predictions/seed_42/dark_current/gmls/test_predictions.csv,validation_selected_gaussian_gmls_adapted,28203.0,2.0,28.0,112.0,0.03539115502113037,"[{""degree"": 1, ""neighbor_factor"": 4, ""neighbors"": 48, ""validation_mse"": 0.07635168598654192}, {""degree"": 2, ""neighbor_factor"": 4, ""neighbors"": 112, ""validation_mse"": 0.03539115502113037}, {""degree"": 2, ""neighbor_factor"": 8, ""neighbors"": 224, ""validation_mse"": 0.04726180739313529}]",,,,,,,,,,,,,
APD_I_dark,dark_current,True,42,autopinn,0.1799353876104597,0.13002443744413417,0.9782572205154191,3.5666611248510594e-07,7.894198454586628e-08,21.177432130926857,87.32194643482535,0.17818705864210294,0.13002443744413414,769,1.7912901999952737,,,,1.7913892999931704,True,51,8,11,8,4029,632,<REPO_ROOT>/artifacts/results/compact_framework_eight_models_apd/predictions/seed_42/dark_current/autopinn/test_predictions.csv,autopinn_adapted_smooth_monotone_architecture_search,,,,,,"[{""best_epoch"": 300, ""hidden"": ""16x16"", ""param_count"": 401, ""validation_mse_scaled"": 0.041182637214660645}, {""best_epoch"": 300, ""hidden"": ""32x16"", ""param_count"": 769, ""validation_mse_scaled"": 0.022557692602276802}, {""best_epoch"": 300, ""hidden"": ""32x32"", ""param_count"": 1313, ""validation_mse_scaled"": 0.024370675906538963}]",32x16,300.0,0.022557692602276802,bias_v,-1.0,4.389456748962402,7.738687515258789,0.0,,,,,
APD_I_dark,dark_current,True,42,curve_lut,0.15066561078226323,0.12570763518861394,0.9847556059323124,2.629944150143411e-07,8.046908728529707e-08,30.458158729186955,74.3330044185683,0.13706557152661492,0.12570763518861394,4284,0.03558858600001713,,,,0.035649250999995274,True,51,8,11,8,4029,632,<REPO_ROOT>/artifacts/results/compact_framework_eight_models_apd/predictions/seed_42/dark_current/curve_lut/test_predictions.csv,curve_object_pchip_lut_condition_idw,4284.0,,,,0.011954272829961806,"[{""boundary_hold_evaluations"": 0, ""distance_power"": 1.0, ""neighbor_curves"": 1, ""validation_mse"": 0.011954272829961806}, {""boundary_hold_evaluations"": 0, ""distance_power"": 1.0, ""neighbor_curves"": 2, ""validation_mse"": 0.021653241234215363}, {""boundary_hold_evaluations"": 0, ""distance_power"": 1.0, ""neighbor_curves"": 4, ""validation_mse"": 0.027185141986714886}, {""boundary_hold_evaluations"": 0, ""distance_power"": 2.0, ""neighbor_curves"": 4, ""validation_mse"": 0.025252390840167886}, {""boundary_hold_evaluations"": 0, ""distance_power"": 2.0, ""neighbor_curves"": 8, ""validation_mse"": 0.022785737286379785}]",,,,,,,,,4029.0,51.0,1.0,1.0,0.0
APD_I_dark,dark_current,True,43,bkan,0.10005663862877534,0.06631982298015021,0.9930040492817347,3.5906300300722596e-07,5.517321716063956e-08,9.655463530702857,48.785017202215336,0.09905314002619398,0.0663198229801502,1664,177.34633970004506,300.0,-1.5213563044865925,<REPO_ROOT>/artifacts\results\apd_second_device\predictions\seed_43\dark_current\bkan\model_checkpoint.pt,177.66262690001167,True,51,8,11,8,4029,632,<REPO_ROOT>/artifacts/results/compact_framework_eight_models_apd/predictions/seed_43/dark_current/bkan/test_predictions.csv,,,,,,,,,,,,,,,,,,,,
APD_I_dark,dark_current,True,43,dkan,0.10633696340321264,0.07702969251780169,0.9920982473189757,3.7331162933418243e-07,6.446693423946716e-08,12.997607103012328,46.12996756893574,0.1047150911743985,0.07702969251780167,952,5.562811099924147,,,,5.594274899922311,True,51,8,11,8,4029,632,<REPO_ROOT>/artifacts/results/compact_framework_eight_models_apd/predictions/seed_43/dark_current/dkan/test_predictions.csv,,,,,,,,,,,,,,,,,,,,
APD_I_dark,dark_current,True,43,mlp_l,0.2772248789008321,0.20217426209804487,0.9462944301893509,6.356200315017701e-07,1.4438487221055044e-07,39.14878073831164,82.77986707270148,0.2756245472136176,0.20217426209804487,2561,1.2366276001557708,,,,1.2401052999775857,True,51,8,11,8,4029,632,<REPO_ROOT>/artifacts/results/compact_framework_eight_models_apd/predictions/seed_43/dark_current/mlp_l/test_predictions.csv,,,,,,,,,,,,,,,,,,,,
APD_I_dark,dark_current,True,43,spline_ridge,0.14802721107365668,0.11225764242006515,0.9846877843257693,3.517915573996048e-07,7.445272771203739e-08,20.221820785351277,66.0176817743512,0.1460823561924841,0.11225764242006515,43,,,,,0.004617099883034825,True,51,8,11,8,4029,632,<REPO_ROOT>/artifacts/results/compact_framework_eight_models_apd/predictions/seed_43/dark_current/spline_ridge/test_predictions.csv,,,,,,,,,,,,,,,,,,,,
APD_I_dark,dark_current,True,43,gmls,0.16512345242716714,0.12248003959517861,0.9809466017723454,3.592844138248792e-07,7.786422649869671e-08,23.018573318752317,72.9084278652724,0.16155541256764228,0.12248003959517864,28203,0.16871290000563022,,,,0.16873520000081044,True,51,8,11,8,4029,632,<REPO_ROOT>/artifacts/results/compact_framework_eight_models_apd/predictions/seed_43/dark_current/gmls/test_predictions.csv,validation_selected_gaussian_gmls_adapted,28203.0,2.0,28.0,112.0,0.041440364214879254,"[{""degree"": 1, ""neighbor_factor"": 4, ""neighbors"": 48, ""validation_mse"": 0.07637062927312324}, {""degree"": 2, ""neighbor_factor"": 4, ""neighbors"": 112, ""validation_mse"": 0.041440364214879254}, {""degree"": 2, ""neighbor_factor"": 8, ""neighbors"": 224, ""validation_mse"": 0.0523371070268011}]",,,,,,,,,,,,,
APD_I_dark,dark_current,True,43,autopinn,0.1665013828737806,0.12144986529299549,0.9806272794584929,5.43552328148221e-07,1.0661120384251892e-07,22.741274630484945,63.100654907048614,0.16482103728075512,0.12144986529299549,769,1.3007688999932725,,,,1.3008677000034368,True,51,8,11,8,4029,632,<REPO_ROOT>/artifacts/results/compact_framework_eight_models_apd/predictions/seed_43/dark_current/autopinn/test_predictions.csv,autopinn_adapted_smooth_monotone_architecture_search,,,,,,"[{""best_epoch"": 300, ""hidden"": ""16x16"", ""param_count"": 401, ""validation_mse_scaled"": 0.0447450652718544}, {""best_epoch"": 300, ""hidden"": ""32x16"", ""param_count"": 769, ""validation_mse_scaled"": 0.021532520651817322}, {""best_epoch"": 300, ""hidden"": ""32x32"", ""param_count"": 1313, ""validation_mse_scaled"": 0.03388074040412903}]",32x16,300.0,0.021532520651817322,bias_v,-1.0,4.385810375213623,8.72426700592041,0.0,,,,,
APD_I_dark,dark_current,True,43,curve_lut,0.09022360877007657,0.06079841939852351,0.9943115320962542,2.920113284467667e-07,6.463508625658009e-08,8.48971322295825,44.20002886519561,0.07512529647477621,0.060798419398523505,4284,0.035911955000017315,,,,0.03595903699999781,True,51,8,11,8,4029,632,<REPO_ROOT>/artifacts/results/compact_framework_eight_models_apd/predictions/seed_43/dark_current/curve_lut/test_predictions.csv,curve_object_pchip_lut_condition_idw,4284.0,,,,0.01057261111287446,"[{""boundary_hold_evaluations"": 0, ""distance_power"": 1.0, ""neighbor_curves"": 1, ""validation_mse"": 0.033967336796628375}, {""boundary_hold_evaluations"": 0, ""distance_power"": 1.0, ""neighbor_curves"": 2, ""validation_mse"": 0.01487075526137616}, {""boundary_hold_evaluations"": 0, ""distance_power"": 1.0, ""neighbor_curves"": 4, ""validation_mse"": 0.011393412647818601}, {""boundary_hold_evaluations"": 0, ""distance_power"": 2.0, ""neighbor_curves"": 4, ""validation_mse"": 0.01057261111287446}, {""boundary_hold_evaluations"": 0, ""distance_power"": 2.0, ""neighbor_curves"": 8, ""validation_mse"": 0.018106271813964247}]",,,,,,,,,4029.0,51.0,4.0,2.0,0.0
APD_I_dark,dark_current,True,44,bkan,0.08487657057490088,0.05472689782028564,0.9951039658155657,1.8763202212661715e-07,3.673106271563274e-08,7.744222053393556,40.05635372182209,0.08408279441409686,0.05472689782028564,1664,175.51378949987702,300.0,-1.6386645237604778,<REPO_ROOT>/artifacts\results\apd_second_device\predictions\seed_44\dark_current\bkan\model_checkpoint.pt,175.8259771000594,True,51,8,11,8,4029,632,<REPO_ROOT>/artifacts/results/compact_framework_eight_models_apd/predictions/seed_44/dark_current/bkan/test_predictions.csv,,,,,,,,,,,,,,,,,,,,
APD_I_dark,dark_current,True,44,dkan,0.10138362738571852,0.06568210907750954,0.99301438823362,2.3113481253473965e-07,4.670163651999289e-08,9.244792096540529,54.620446339973356,0.09756342947989927,0.06568210907750954,952,5.540253299986944,,,,5.573643499985337,True,51,8,11,8,4029,632,<REPO_ROOT>/artifacts/results/compact_framework_eight_models_apd/predictions/seed_44/dark_current/dkan/test_predictions.csv,,,,,,,,,,,,,,,,,,,,
APD_I_dark,dark_current,True,44,mlp_l,0.29531145367020645,0.2317084612692936,0.9407307574618726,5.534730369623067e-07,1.452794057546877e-07,50.78319449030957,119.3617600454799,0.2943657111035325,0.23170846126929356,2561,1.232449600007385,,,,1.2357061000075191,True,51,8,11,8,4029,632,<REPO_ROOT>/artifacts/results/compact_framework_eight_models_apd/predictions/seed_44/dark_current/mlp_l/test_predictions.csv,,,,,,,,,,,,,,,,,,,,
APD_I_dark,dark_current,True,44,spline_ridge,0.14659237061560462,0.10485308433464853,0.9853953373315523,2.108431114396363e-07,5.644200231972714e-08,17.497695307243113,80.11643225480063,0.1442750479034724,0.10485308433464854,43,,,,,0.004999500000849366,True,51,8,11,8,4029,632,<REPO_ROOT>/artifacts/results/compact_framework_eight_models_apd/predictions/seed_44/dark_current/spline_ridge/test_predictions.csv,,,,,,,,,,,,,,,,,,,,
APD_I_dark,dark_current,True,44,gmls,0.16811430424149756,0.11536077396866926,0.9807921776978907,2.9416652361570267e-07,5.977640587555182e-08,16.324852604934165,65.91770131431521,0.165660599689978,0.11536077396866926,28203,0.16991739999502897,,,,0.16993530000036117,True,51,8,11,8,4029,632,<REPO_ROOT>/artifacts/results/compact_framework_eight_models_apd/predictions/seed_44/dark_current/gmls/test_predictions.csv,validation_selected_gaussian_gmls_adapted,28203.0,2.0,28.0,112.0,0.047446590084951765,"[{""degree"": 1, ""neighbor_factor"": 4, ""neighbors"": 48, ""validation_mse"": 0.06527274438158406}, {""degree"": 2, ""neighbor_factor"": 4, ""neighbors"": 112, ""validation_mse"": 0.047446590084951765}, {""degree"": 2, ""neighbor_factor"": 8, ""neighbors"": 224, ""validation_mse"": 0.05665373488338029}]",,,,,,,,,,,,,
APD_I_dark,dark_current,True,44,autopinn,0.1675041665829734,0.1170195524404862,0.9809313466891952,4.3717989804744544e-07,9.897923667993256e-08,19.63119055524575,71.36180772629939,0.16675861952025062,0.1170195524404862,1313,1.3123537999927066,,,,1.3124500999983866,True,51,8,11,8,4029,632,<REPO_ROOT>/artifacts/results/compact_framework_eight_models_apd/predictions/seed_44/dark_current/autopinn/test_predictions.csv,autopinn_adapted_smooth_monotone_architecture_search,,,,,,"[{""best_epoch"": 300, ""hidden"": ""16x16"", ""param_count"": 401, ""validation_mse_scaled"": 0.053227413445711136}, {""best_epoch"": 300, ""hidden"": ""32x16"", ""param_count"": 769, ""validation_mse_scaled"": 0.028913458809256554}, {""best_epoch"": 300, ""hidden"": ""32x32"", ""param_count"": 1313, ""validation_mse_scaled"": 0.023806927725672722}]",32x32,300.0,0.023806927725672722,bias_v,-1.0,4.399777412414551,7.18187141418457,0.0,,,,,
APD_I_dark,dark_current,True,44,curve_lut,0.13263923919746143,0.1074742750913903,0.9880432585449797,1.8368733080254818e-07,6.428151216109677e-08,22.27849359861535,51.44454544698318,0.11562771763661253,0.10747427509139032,4284,0.04021200500000077,,,,0.04025464900001907,True,51,8,11,8,4029,632,<REPO_ROOT>/artifacts/results/compact_framework_eight_models_apd/predictions/seed_44/dark_current/curve_lut/test_predictions.csv,curve_object_pchip_lut_condition_idw,4284.0,,,,0.022171728701232445,"[{""boundary_hold_evaluations"": 0, ""distance_power"": 1.0, ""neighbor_curves"": 1, ""validation_mse"": 0.0316614840284133}, {""boundary_hold_evaluations"": 0, ""distance_power"": 1.0, ""neighbor_curves"": 2, ""validation_mse"": 0.030193176689989016}, {""boundary_hold_evaluations"": 0, ""distance_power"": 1.0, ""neighbor_curves"": 4, ""validation_mse"": 0.02594475996347046}, {""boundary_hold_evaluations"": 0, ""distance_power"": 2.0, ""neighbor_curves"": 4, ""validation_mse"": 0.026131708351267994}, {""boundary_hold_evaluations"": 0, ""distance_power"": 2.0, ""neighbor_curves"": 8, ""validation_mse"": 0.022171728701232445}]",,,,,,,,,4029.0,51.0,8.0,2.0,0.0
APD_I_dark,dark_current,True,45,bkan,0.1550213317223727,0.08250833408885992,0.9835042237761276,2.1393270454902193e-07,3.337325491984772e-08,9.505374203759528,79.80309370949062,0.14781111850398898,0.08250833408885991,1664,175.81320050009526,300.0,-1.451264222462972,<REPO_ROOT>/artifacts\results\apd_second_device\predictions\seed_45\dark_current\bkan\model_checkpoint.pt,176.1153084000107,True,51,8,11,8,4029,632,<REPO_ROOT>/artifacts/results/compact_framework_eight_models_apd/predictions/seed_45/dark_current/bkan/test_predictions.csv,,,,,,,,,,,,,,,,,,,,
APD_I_dark,dark_current,True,45,dkan,0.1745040821712519,0.134033925953023,0.9790973662333405,2.6812283008957955e-07,6.447573803355924e-08,23.59340720312903,85.97511101156896,0.17157020263277592,0.13403392595302302,952,5.47530319984071,,,,5.507490999996662,True,51,8,11,8,4029,632,<REPO_ROOT>/artifacts/results/compact_framework_eight_models_apd/predictions/seed_45/dark_current/dkan/test_predictions.csv,,,,,,,,,,,,,,,,,,,,
APD_I_dark,dark_current,True,45,mlp_l,0.2918218936279556,0.22643652205825468,0.9415444740780291,4.3112966145602736e-07,1.101239408867972e-07,49.48479743804801,114.21676694898211,0.29101874746496315,0.22643652205825465,2561,1.1823525000363588,,,,1.185758400009945,True,51,8,11,8,4029,632,<REPO_ROOT>/artifacts/results/compact_framework_eight_models_apd/predictions/seed_45/dark_current/mlp_l/test_predictions.csv,,,,,,,,,,,,,,,,,,,,
APD_I_dark,dark_current,True,45,spline_ridge,0.14846696343302168,0.10513521609511854,0.9848696323209388,2.203938913723831e-07,4.928629691781688e-08,17.711503838061944,68.90202165289588,0.14706454065757402,0.10513521609511856,43,,,,,0.007859899895265698,True,51,8,11,8,4029,632,<REPO_ROOT>/artifacts/results/compact_framework_eight_models_apd/predictions/seed_45/dark_current/spline_ridge/test_predictions.csv,,,,,,,,,,,,,,,,,,,,
APD_I_dark,dark_current,True,45,gmls,0.21361609376131663,0.1581548592453542,0.9686774026250597,2.598157255583721e-07,7.595930754504842e-08,28.158242822671046,113.98639379026271,0.20925874130827082,0.1581548592453542,28203,0.17783719999715686,,,,0.1778545999986818,True,51,8,11,8,4029,632,<REPO_ROOT>/artifacts/results/compact_framework_eight_models_apd/predictions/seed_45/dark_current/gmls/test_predictions.csv,validation_selected_gaussian_gmls_adapted,28203.0,2.0,28.0,112.0,0.04007907359930833,"[{""degree"": 1, ""neighbor_factor"": 4, ""neighbors"": 48, ""validation_mse"": 0.07341120445142645}, {""degree"": 2, ""neighbor_factor"": 4, ""neighbors"": 112, ""validation_mse"": 0.04007907359930833}, {""degree"": 2, ""neighbor_factor"": 8, ""neighbors"": 224, ""validation_mse"": 0.06343735611286153}]",,,,,,,,,,,,,
APD_I_dark,dark_current,True,45,autopinn,0.20423497167054608,0.1471950397170667,0.9713681079094613,3.75017733245242e-07,8.968369867991738e-08,23.48898021998832,122.05273690085713,0.20054182827841233,0.1471950397170667,1313,1.3084396999911405,,,,1.30852180000511,True,51,8,11,8,4029,632,<REPO_ROOT>/artifacts/results/compact_framework_eight_models_apd/predictions/seed_45/dark_current/autopinn/test_predictions.csv,autopinn_adapted_smooth_monotone_architecture_search,,,,,,"[{""best_epoch"": 300, ""hidden"": ""16x16"", ""param_count"": 401, ""validation_mse_scaled"": 0.032987985759973526}, {""best_epoch"": 300, ""hidden"": ""32x16"", ""param_count"": 769, ""validation_mse_scaled"": 0.027665307745337486}, {""best_epoch"": 300, ""hidden"": ""32x32"", ""param_count"": 1313, ""validation_mse_scaled"": 0.02135399915277958}]",32x32,300.0,0.02135399915277958,bias_v,-1.0,4.346072673797607,7.287222862243652,0.0,,,,,
APD_I_dark,dark_current,True,45,curve_lut,0.12889503465482902,0.10979623107359261,0.9885958688040724,1.5884211453635686e-07,5.2218775757453744e-08,21.146519326445087,72.7179086307365,0.12157785508438596,0.1097962310735926,4284,0.03984580299999152,,,,0.039888705999999274,True,51,8,11,8,4029,632,<REPO_ROOT>/artifacts/results/compact_framework_eight_models_apd/predictions/seed_45/dark_current/curve_lut/test_predictions.csv,curve_object_pchip_lut_condition_idw,4284.0,,,,0.013836248607721764,"[{""boundary_hold_evaluations"": 0, ""distance_power"": 1.0, ""neighbor_curves"": 1, ""validation_mse"": 0.02039726316524259}, {""boundary_hold_evaluations"": 0, ""distance_power"": 1.0, ""neighbor_curves"": 2, ""validation_mse"": 0.022129655510027078}, {""boundary_hold_evaluations"": 0, ""distance_power"": 1.0, ""neighbor_curves"": 4, ""validation_mse"": 0.013836248607721764}, {""boundary_hold_evaluations"": 0, ""distance_power"": 2.0, ""neighbor_curves"": 4, ""validation_mse"": 0.013908742934156322}, {""boundary_hold_evaluations"": 0, ""distance_power"": 2.0, ""neighbor_curves"": 8, ""validation_mse"": 0.02019054673074911}]",,,,,,,,,4029.0,51.0,4.0,1.0,0.0
APD_I_dark,dark_current,True,46,bkan,0.1109480336891282,0.07444356279015019,0.9915429552187186,4.926162332681583e-07,7.496524586030939e-08,10.46136351881077,52.457989004648624,0.10652212055624632,0.07444356279015019,1664,174.80781279993244,300.0,-1.346992055575053,<REPO_ROOT>/artifacts\results\apd_second_device\predictions\seed_46\dark_current\bkan\model_checkpoint.pt,175.1227634998504,True,51,8,11,8,4029,632,<REPO_ROOT>/artifacts/results/compact_framework_eight_models_apd/predictions/seed_46/dark_current/bkan/test_predictions.csv,,,,,,,,,,,,,,,,,,,,
APD_I_dark,dark_current,True,46,dkan,0.11750440461860288,0.08851453365562742,0.990513899893271,4.4417182858265247e-07,7.718730790252565e-08,15.797517828971523,45.633847808096554,0.11494227931599815,0.08851453365562742,952,5.56931439996697,,,,5.600847099907696,True,51,8,11,8,4029,632,<REPO_ROOT>/artifacts/results/compact_framework_eight_models_apd/predictions/seed_46/dark_current/dkan/test_predictions.csv,,,,,,,,,,,,,,,,,,,,
APD_I_dark,dark_current,True,46,mlp_l,0.2928843813629384,0.21821486445121235,0.9410651969959928,7.329866657361325e-07,1.7235437427700907e-07,42.77973612108205,97.93736805464597,0.2909497026373099,0.21821486445121235,2561,1.180861899862066,,,,1.1843213001266122,True,51,8,11,8,4029,632,<REPO_ROOT>/artifacts/results/compact_framework_eight_models_apd/predictions/seed_46/dark_current/mlp_l/test_predictions.csv,,,,,,,,,,,,,,,,,,,,
APD_I_dark,dark_current,True,46,spline_ridge,0.14379067955584465,0.10449256331305849,0.9857950116066456,3.288516134060396e-07,6.737427675521598e-08,16.179563011198084,67.173678416717,0.14199684047549088,0.10449256331305848,43,,,,,0.0058280001394450665,True,51,8,11,8,4029,632,<REPO_ROOT>/artifacts/results/compact_framework_eight_models_apd/predictions/seed_46/dark_current/spline_ridge/test_predictions.csv,,,,,,,,,,,,,,,,,,,,
APD_I_dark,dark_current,True,46,gmls,0.20110844926683394,0.16224956052342368,0.9722131033848528,4.330784451633375e-07,1.0359970773926899e-07,32.520241686639835,106.1218539734319,0.1941860343855093,0.16224956052342365,28203,0.16440229999716394,,,,0.1644215999986045,True,51,8,11,8,4029,632,<REPO_ROOT>/artifacts/results/compact_framework_eight_models_apd/predictions/seed_46/dark_current/gmls/test_predictions.csv,validation_selected_gaussian_gmls_adapted,28203.0,2.0,28.0,112.0,0.04661269411702246,"[{""degree"": 1, ""neighbor_factor"": 4, ""neighbors"": 48, ""validation_mse"": 0.08629443798461375}, {""degree"": 2, ""neighbor_factor"": 4, ""neighbors"": 112, ""validation_mse"": 0.04661269411702246}, {""degree"": 2, ""neighbor_factor"": 8, ""neighbors"": 224, ""validation_mse"": 0.0725451874245496}]",,,,,,,,,,,,,
APD_I_dark,dark_current,True,46,autopinn,0.1821740617244256,0.1253533370805242,0.9771990735529487,6.205732292434453e-07,1.2108913667040124e-07,19.392735836855422,75.03193448148711,0.17991345693256322,0.1253533370805242,769,1.312612599998829,,,,1.3126835000002757,True,51,8,11,8,4029,632,<REPO_ROOT>/artifacts/results/compact_framework_eight_models_apd/predictions/seed_46/dark_current/autopinn/test_predictions.csv,autopinn_adapted_smooth_monotone_architecture_search,,,,,,"[{""best_epoch"": 300, ""hidden"": ""16x16"", ""param_count"": 401, ""validation_mse_scaled"": 0.046484384685754776}, {""best_epoch"": 300, ""hidden"": ""32x16"", ""param_count"": 769, ""validation_mse_scaled"": 0.021239131689071655}, {""best_epoch"": 300, ""hidden"": ""32x32"", ""param_count"": 1313, ""validation_mse_scaled"": 0.026092369109392166}]",32x16,300.0,0.021239131689071655,bias_v,-1.0,4.246644496917725,7.306650161743164,0.0,,,,,
APD_I_dark,dark_current,True,46,curve_lut,0.13187168272888622,0.11241844632267914,0.9880523495855235,3.2725593212072135e-07,9.487675970005962e-08,25.07421630645968,75.59174342720371,0.12295122349540466,0.11241844632267914,4284,0.03228928400000086,,,,0.032346430999950826,True,51,8,11,8,4029,632,<REPO_ROOT>/artifacts/results/compact_framework_eight_models_apd/predictions/seed_46/dark_current/curve_lut/test_predictions.csv,curve_object_pchip_lut_condition_idw,4284.0,,,,0.009442552257347631,"[{""boundary_hold_evaluations"": 0, ""distance_power"": 1.0, ""neighbor_curves"": 1, ""validation_mse"": 0.009442552257347631}, {""boundary_hold_evaluations"": 0, ""distance_power"": 1.0, ""neighbor_curves"": 2, ""validation_mse"": 0.014218896961548178}, {""boundary_hold_evaluations"": 0, ""distance_power"": 1.0, ""neighbor_curves"": 4, ""validation_mse"": 0.012294764050288736}, {""boundary_hold_evaluations"": 0, ""distance_power"": 2.0, ""neighbor_curves"": 4, ""validation_mse"": 0.010217186906687131}, {""boundary_hold_evaluations"": 0, ""distance_power"": 2.0, ""neighbor_curves"": 8, ""validation_mse"": 0.014579605978754052}]",,,,,,,,,4029.0,51.0,1.0,1.0,0.0
APD_I_dark,dark_current,True,47,bkan,0.11338177486125788,0.07172548935417501,0.9913609777265927,2.450563859434325e-07,4.496087365720511e-08,9.477022812611978,58.74662333600168,0.10772808415933822,0.07172548935417503,1664,175.56272440007888,300.0,-1.4907846450805664,<REPO_ROOT>/artifacts\results\apd_second_device\predictions\seed_47\dark_current\bkan\model_checkpoint.pt,175.8714141000528,True,51,8,11,8,4029,632,<REPO_ROOT>/artifacts/results/compact_framework_eight_models_apd/predictions/seed_47/dark_current/bkan/test_predictions.csv,,,,,,,,,,,,,,,,,,,,
APD_I_dark,dark_current,True,47,dkan,0.1236362704602794,0.09118658269381491,0.9897276482238831,3.00767463292068e-07,6.667270081600551e-08,14.881590099034058,53.1683001470454,0.12151428340593437,0.09118658269381491,952,5.499343799892813,,,,5.532926199957728,True,51,8,11,8,4029,632,<REPO_ROOT>/artifacts/results/compact_framework_eight_models_apd/predictions/seed_47/dark_current/dkan/test_predictions.csv,,,,,,,,,,,,,,,,,,,,
APD_I_dark,dark_current,True,47,mlp_l,0.3167113712191473,0.23959152178720003,0.9325929370249262,5.059706400654464e-07,1.3489576425239584e-07,45.95237588470417,124.98378344342524,0.31488124761521286,0.23959152178720006,2561,1.1918822000734508,,,,1.19523789989762,True,51,8,11,8,4029,632,<REPO_ROOT>/artifacts/results/compact_framework_eight_models_apd/predictions/seed_47/dark_current/mlp_l/test_predictions.csv,,,,,,,,,,,,,,,,,,,,
APD_I_dark,dark_current,True,47,spline_ridge,0.15055922595223276,0.10617822591284601,0.9847667405779864,1.6551229365326316e-07,4.46015932663149e-08,16.734325072694254,66.63981893009644,0.14615593175017122,0.10617822591284598,43,,,,,0.00621100002899766,True,51,8,11,8,4029,632,<REPO_ROOT>/artifacts/results/compact_framework_eight_models_apd/predictions/seed_47/dark_current/spline_ridge/test_predictions.csv,,,,,,,,,,,,,,,,,,,,
APD_I_dark,dark_current,True,47,gmls,0.2198211312750355,0.1680481134296503,0.9675274070450182,3.55623135214228e-07,9.653095734029977e-08,29.69887008786027,77.38536098121688,0.2107966608836688,0.1680481134296503,28203,0.17227359999378677,,,,0.1722963000065647,True,51,8,11,8,4029,632,<REPO_ROOT>/artifacts/results/compact_framework_eight_models_apd/predictions/seed_47/dark_current/gmls/test_predictions.csv,validation_selected_gaussian_gmls_adapted,28203.0,2.0,28.0,112.0,0.0436618498083023,"[{""degree"": 1, ""neighbor_factor"": 4, ""neighbors"": 48, ""validation_mse"": 0.059814370107506676}, {""degree"": 2, ""neighbor_factor"": 4, ""neighbors"": 112, ""validation_mse"": 0.0436618498083023}, {""degree"": 2, ""neighbor_factor"": 8, ""neighbors"": 224, ""validation_mse"": 0.0521258906534959}]",,,,,,,,,,,,,
APD_I_dark,dark_current,True,47,autopinn,0.18834759284151678,0.13202503043432892,0.9761604397650702,4.154114445174237e-07,1.03189087148742e-07,21.55204602102154,78.98201281435213,0.18705491975672495,0.1320250304343289,1313,1.3304332999978215,,,,1.330522000003839,True,51,8,11,8,4029,632,<REPO_ROOT>/artifacts/results/compact_framework_eight_models_apd/predictions/seed_47/dark_current/autopinn/test_predictions.csv,autopinn_adapted_smooth_monotone_architecture_search,,,,,,"[{""best_epoch"": 300, ""hidden"": ""16x16"", ""param_count"": 401, ""validation_mse_scaled"": 0.05297139286994934}, {""best_epoch"": 300, ""hidden"": ""32x16"", ""param_count"": 769, ""validation_mse_scaled"": 0.030109921470284462}, {""best_epoch"": 300, ""hidden"": ""32x32"", ""param_count"": 1313, ""validation_mse_scaled"": 0.024322420358657837}]",32x32,300.0,0.024322420358657837,bias_v,-1.0,4.555196762084961,7.442024230957031,0.0,,,,,
APD_I_dark,dark_current,True,47,curve_lut,0.16622373886091835,0.13564900867194302,0.9814320403009946,2.4527871980819426e-07,8.079417487835097e-08,26.564803576103778,59.667709393312286,0.1489940639581714,0.13564900867194302,4284,0.030261596000002555,,,,0.03030399499999703,True,51,8,11,8,4029,632,<REPO_ROOT>/artifacts/results/compact_framework_eight_models_apd/predictions/seed_47/dark_current/curve_lut/test_predictions.csv,curve_object_pchip_lut_condition_idw,4284.0,,,,0.017762148257466574,"[{""boundary_hold_evaluations"": 0, ""distance_power"": 1.0, ""neighbor_curves"": 1, ""validation_mse"": 0.01969442109670695}, {""boundary_hold_evaluations"": 0, ""distance_power"": 1.0, ""neighbor_curves"": 2, ""validation_mse"": 0.017762148257466574}, {""boundary_hold_evaluations"": 0, ""distance_power"": 1.0, ""neighbor_curves"": 4, ""validation_mse"": 0.024279795736408077}, {""boundary_hold_evaluations"": 0, ""distance_power"": 2.0, ""neighbor_curves"": 4, ""validation_mse"": 0.02328276854350277}, {""boundary_hold_evaluations"": 0, ""distance_power"": 2.0, ""neighbor_curves"": 8, ""validation_mse"": 0.022276164519745366}]",,,,,,,,,4029.0,51.0,2.0,1.0,0.0
APD_I_dark,dark_current,True,48,bkan,0.09608003228945412,0.056439099696547076,0.9936890776876779,2.2033452385754779e-07,4.228007627824442e-08,5.912954315844148,52.5065554889726,0.09361543875149786,0.05643909969654709,1664,173.1845780001022,300.0,-1.6765856345494587,<REPO_ROOT>/artifacts\results\apd_second_device\predictions\seed_48\dark_current\bkan\model_checkpoint.pt,173.48132189991884,True,51,8,11,8,4029,632,<REPO_ROOT>/artifacts/results/compact_framework_eight_models_apd/predictions/seed_48/dark_current/bkan/test_predictions.csv,,,,,,,,,,,,,,,,,,,,
APD_I_dark,dark_current,True,48,dkan,0.14230852307302308,0.10312490947608605,0.9861551461311592,2.416653396923142e-07,5.822133429033414e-08,16.76421481482548,85.58627416450601,0.13775440871609781,0.10312490947608605,952,5.425415500067174,,,,5.457199700176716,True,51,8,11,8,4029,632,<REPO_ROOT>/artifacts/results/compact_framework_eight_models_apd/predictions/seed_48/dark_current/dkan/test_predictions.csv,,,,,,,,,,,,,,,,,,,,
APD_I_dark,dark_current,True,48,mlp_l,0.25326556550781765,0.18643065244850957,0.956149066219733,5.222414336675418e-07,1.4434594242399948e-07,38.4947123038081,82.00340771171976,0.2504668480943686,0.1864306524485096,2561,1.2155627999454737,,,,1.2186671001836658,True,51,8,11,8,4029,632,<REPO_ROOT>/artifacts/results/compact_framework_eight_models_apd/predictions/seed_48/dark_current/mlp_l/test_predictions.csv,,,,,,,,,,,,,,,,,,,,
APD_I_dark,dark_current,True,48,spline_ridge,0.14421973753310474,0.1023271025060684,0.985780774062431,1.8113119149792576e-07,5.4897400387635126e-08,16.408142400802287,66.37218219308326,0.14135877317632042,0.10232710250606841,43,,,,,0.0041699998546391726,True,51,8,11,8,4029,632,<REPO_ROOT>/artifacts/results/compact_framework_eight_models_apd/predictions/seed_48/dark_current/spline_ridge/test_predictions.csv,,,,,,,,,,,,,,,,,,,,
APD_I_dark,dark_current,True,48,gmls,0.20314891361516382,0.13800061096149877,0.9717865911969352,2.799869354597341e-07,7.68353075882599e-08,18.9947006552664,81.09924890631481,0.1883271129024311,0.13800061096149874,28203,0.17902650000178255,,,,0.17904529999941587,True,51,8,11,8,4029,632,<REPO_ROOT>/artifacts/results/compact_framework_eight_models_apd/predictions/seed_48/dark_current/gmls/test_predictions.csv,validation_selected_gaussian_gmls_adapted,28203.0,2.0,28.0,112.0,0.03763903990461675,"[{""degree"": 1, ""neighbor_factor"": 4, ""neighbors"": 48, ""validation_mse"": 0.07419886085733171}, {""degree"": 2, ""neighbor_factor"": 4, ""neighbors"": 112, ""validation_mse"": 0.03763903990461675}, {""degree"": 2, ""neighbor_factor"": 8, ""neighbors"": 224, ""validation_mse"": 0.044323793690705694}]",,,,,,,,,,,,,
APD_I_dark,dark_current,True,48,autopinn,0.186866556092134,0.12979987493905723,0.9761279499258859,4.760165074652316e-07,1.2449656257759746e-07,20.39605052256477,74.75728523927745,0.18538722401488605,0.12979987493905723,1313,1.318268300005002,,,,1.3183360999973956,True,51,8,11,8,4029,632,<REPO_ROOT>/artifacts/results/compact_framework_eight_models_apd/predictions/seed_48/dark_current/autopinn/test_predictions.csv,autopinn_adapted_smooth_monotone_architecture_search,,,,,,"[{""best_epoch"": 300, ""hidden"": ""16x16"", ""param_count"": 401, ""validation_mse_scaled"": 0.03391193971037865}, {""best_epoch"": 300, ""hidden"": ""32x16"", ""param_count"": 769, ""validation_mse_scaled"": 0.03516005352139473}, {""best_epoch"": 300, ""hidden"": ""32x32"", ""param_count"": 1313, ""validation_mse_scaled"": 0.02540004625916481}]",32x32,300.0,0.02540004625916481,bias_v,-1.0,4.251944541931152,7.5536932945251465,0.0,,,,,
APD_I_dark,dark_current,True,48,curve_lut,0.09274644350778102,0.07067067290299377,0.9941194075325342,1.2907026045131373e-07,4.105602417647e-08,12.454589844496848,39.46348257027806,0.0814251788627432,0.07067067290299377,4284,0.03901212400000986,,,,0.039059299999962604,True,51,8,11,8,4029,632,<REPO_ROOT>/artifacts/results/compact_framework_eight_models_apd/predictions/seed_48/dark_current/curve_lut/test_predictions.csv,curve_object_pchip_lut_condition_idw,4284.0,,,,0.010750302119803651,"[{""boundary_hold_evaluations"": 0, ""distance_power"": 1.0, ""neighbor_curves"": 1, ""validation_mse"": 0.013575377147699434}, {""boundary_hold_evaluations"": 0, ""distance_power"": 1.0, ""neighbor_curves"": 2, ""validation_mse"": 0.013134614762882869}, {""boundary_hold_evaluations"": 0, ""distance_power"": 1.0, ""neighbor_curves"": 4, ""validation_mse"": 0.011338056132478663}, {""boundary_hold_evaluations"": 0, ""distance_power"": 2.0, ""neighbor_curves"": 4, ""validation_mse"": 0.010750302119803651}, {""boundary_hold_evaluations"": 0, ""distance_power"": 2.0, ""neighbor_curves"": 8, ""validation_mse"": 0.01679338203302121}]",,,,,,,,,4029.0,51.0,4.0,2.0,0.0
APD_I_dark,dark_current,True,49,bkan,0.11551334842370814,0.08049484887486176,0.9912340134784604,4.581155835738718e-07,7.214281867773653e-08,13.911242338455938,55.03848192712718,0.11338819343203191,0.08049484887486177,1664,171.14876580005512,300.0,-1.540267825126648,<REPO_ROOT>/artifacts\results\apd_second_device\predictions\seed_49\dark_current\bkan\model_checkpoint.pt,171.46928969980218,True,51,8,11,8,4029,632,<REPO_ROOT>/artifacts/results/compact_framework_eight_models_apd/predictions/seed_49/dark_current/bkan/test_predictions.csv,,,,,,,,,,,,,,,,,,,,
APD_I_dark,dark_current,True,49,dkan,0.12170953230987307,0.08930697581883461,0.9902683688569809,3.191092445147493e-07,5.863166865310236e-08,14.824517659122431,55.074276670708365,0.11796534440104423,0.08930697581883461,952,5.320284199900925,,,,5.350936699891463,True,51,8,11,8,4029,632,<REPO_ROOT>/artifacts/results/compact_framework_eight_models_apd/predictions/seed_49/dark_current/dkan/test_predictions.csv,,,,,,,,,,,,,,,,,,,,
APD_I_dark,dark_current,True,49,mlp_l,0.22590819157159753,0.16243425894430966,0.9664725587330321,6.264452521118749e-07,1.3604977277195636e-07,29.956815365078835,83.47638835639574,0.2248592081191168,0.16243425894430966,2561,1.1292591001838446,,,,1.1322476000059396,True,51,8,11,8,4029,632,<REPO_ROOT>/artifacts/results/compact_framework_eight_models_apd/predictions/seed_49/dark_current/mlp_l/test_predictions.csv,,,,,,,,,,,,,,,,,,,,
APD_I_dark,dark_current,True,49,spline_ridge,0.1387721799816023,0.10145597689050614,0.9873485217322612,2.416536546170294e-07,5.4698486457962214e-08,17.16608269908894,70.17771867500764,0.13714792380759122,0.10145597689050616,43,,,,,0.004122699843719602,True,51,8,11,8,4029,632,<REPO_ROOT>/artifacts/results/compact_framework_eight_models_apd/predictions/seed_49/dark_current/spline_ridge/test_predictions.csv,,,,,,,,,,,,,,,,,,,,
APD_I_dark,dark_current,True,49,gmls,0.18810594786452572,0.1407415281888474,0.9767543599565166,3.512807119897304e-07,8.003853172191412e-08,23.69796858702657,89.80066616736282,0.1826851928289595,0.1407415281888474,28203,0.1818219999986468,,,,0.1818392999994103,True,51,8,11,8,4029,632,<REPO_ROOT>/artifacts/results/compact_framework_eight_models_apd/predictions/seed_49/dark_current/gmls/test_predictions.csv,validation_selected_gaussian_gmls_adapted,28203.0,2.0,28.0,112.0,0.038263782998317994,"[{""degree"": 1, ""neighbor_factor"": 4, ""neighbors"": 48, ""validation_mse"": 0.0664997933984718}, {""degree"": 2, ""neighbor_factor"": 4, ""neighbors"": 112, ""validation_mse"": 0.038263782998317994}, {""degree"": 2, ""neighbor_factor"": 8, ""neighbors"": 224, ""validation_mse"": 0.04857904062645618}]",,,,,,,,,,,,,
APD_I_dark,dark_current,True,49,autopinn,0.20592107600768175,0.14601061793938636,0.9721427622834888,5.819807572209536e-07,1.3848290397127474e-07,24.174119990888173,122.79754334621146,0.203983206735331,0.14601061793938636,1313,1.311591599995154,,,,1.3116995000018505,True,51,8,11,8,4029,632,<REPO_ROOT>/artifacts/results/compact_framework_eight_models_apd/predictions/seed_49/dark_current/autopinn/test_predictions.csv,autopinn_adapted_smooth_monotone_architecture_search,,,,,,"[{""best_epoch"": 300, ""hidden"": ""16x16"", ""param_count"": 401, ""validation_mse_scaled"": 0.03709975257515907}, {""best_epoch"": 300, ""hidden"": ""32x16"", ""param_count"": 769, ""validation_mse_scaled"": 0.027454107999801636}, {""best_epoch"": 300, ""hidden"": ""32x32"", ""param_count"": 1313, ""validation_mse_scaled"": 0.02563776634633541}]",32x32,300.0,0.02563776634633541,bias_v,-1.0,4.334680557250977,7.6804609298706055,0.0,,,,,
APD_I_dark,dark_current,True,49,curve_lut,0.13016203888607125,0.10614878103650673,0.9888697443908782,2.7282643224603175e-07,8.48932194300593e-08,19.840479884664305,78.10752698368056,0.1191349668650085,0.10614878103650674,4284,0.03160127699999293,,,,0.03164369799998212,True,51,8,11,8,4029,632,<REPO_ROOT>/artifacts/results/compact_framework_eight_models_apd/predictions/seed_49/dark_current/curve_lut/test_predictions.csv,curve_object_pchip_lut_condition_idw,4284.0,,,,0.02035830901752896,"[{""boundary_hold_evaluations"": 0, ""distance_power"": 1.0, ""neighbor_curves"": 1, ""validation_mse"": 0.02569855275870632}, {""boundary_hold_evaluations"": 0, ""distance_power"": 1.0, ""neighbor_curves"": 2, ""validation_mse"": 0.029054146828094013}, {""boundary_hold_evaluations"": 0, ""distance_power"": 1.0, ""neighbor_curves"": 4, ""validation_mse"": 0.02140983799471622}, {""boundary_hold_evaluations"": 0, ""distance_power"": 2.0, ""neighbor_curves"": 4, ""validation_mse"": 0.02035830901752896}, {""boundary_hold_evaluations"": 0, ""distance_power"": 2.0, ""neighbor_curves"": 8, ""validation_mse"": 0.027457089934889548}]",,,,,,,,,4029.0,51.0,4.0,2.0,0.0
APD_I_dark,dark_current,True,50,bkan,0.10039010101805815,0.06680284567460752,0.9931171695149611,3.8591195898029707e-07,6.143599061819021e-08,9.955302410794495,48.550034548286845,0.10010413665741207,0.06680284567460752,1664,171.82618630002253,300.0,-1.518627683321635,<REPO_ROOT>/artifacts\results\apd_second_device\predictions\seed_50\dark_current\bkan\model_checkpoint.pt,172.13604459981434,True,51,8,11,8,4029,632,<REPO_ROOT>/artifacts/results/compact_framework_eight_models_apd/predictions/seed_50/dark_current/bkan/test_predictions.csv,,,,,,,,,,,,,,,,,,,,
APD_I_dark,dark_current,True,50,dkan,0.15697801850033502,0.11896829005596482,0.9831708191817163,4.1687056536685403e-07,8.931886105325428e-08,21.682324548509747,67.26128337793921,0.14994858997009855,0.11896829005596482,952,5.2834912000689656,,,,5.314275200013071,True,51,8,11,8,4029,632,<REPO_ROOT>/artifacts/results/compact_framework_eight_models_apd/predictions/seed_50/dark_current/dkan/test_predictions.csv,,,,,,,,,,,,,,,,,,,,
APD_I_dark,dark_current,True,50,mlp_l,0.2478149390570769,0.1853815807923881,0.9580588573745714,6.093180805679793e-07,1.422465526544085e-07,37.78346796548747,90.12848730334782,0.2474242255890386,0.1853815807923881,2561,1.1954093999229372,,,,1.198360800044611,True,51,8,11,8,4029,632,<REPO_ROOT>/artifacts/results/compact_framework_eight_models_apd/predictions/seed_50/dark_current/mlp_l/test_predictions.csv,,,,,,,,,,,,,,,,,,,,
APD_I_dark,dark_current,True,50,spline_ridge,0.13927628240152026,0.10315159758384443,0.9867523262862146,2.501993947236333e-07,5.865569933767298e-08,17.902096817844303,71.93384058702499,0.13895901095131746,0.10315159758384441,43,,,,,0.004392600152641535,True,51,8,11,8,4029,632,<REPO_ROOT>/artifacts/results/compact_framework_eight_models_apd/predictions/seed_50/dark_current/spline_ridge/test_predictions.csv,,,,,,,,,,,,,,,,,,,,
APD_I_dark,dark_current,True,50,gmls,0.16889228040588128,0.1232154880841707,0.980519285105498,3.6462156450233797e-07,7.571257526481144e-08,19.820483425180825,82.29261545098555,0.16399540173030125,0.12321548808417071,28203,0.18134069998632185,,,,0.18135840000468306,True,51,8,11,8,4029,632,<REPO_ROOT>/artifacts/results/compact_framework_eight_models_apd/predictions/seed_50/dark_current/gmls/test_predictions.csv,validation_selected_gaussian_gmls_adapted,28203.0,2.0,28.0,112.0,0.04734878582079022,"[{""degree"": 1, ""neighbor_factor"": 4, ""neighbors"": 48, ""validation_mse"": 0.08293290738379756}, {""degree"": 2, ""neighbor_factor"": 4, ""neighbors"": 112, ""validation_mse"": 0.04734878582079022}, {""degree"": 2, ""neighbor_factor"": 8, ""neighbors"": 224, ""validation_mse"": 0.05325601577962973}]",,,,,,,,,,,,,
APD_I_dark,dark_current,True,50,autopinn,0.18927046615036475,0.13214335321791046,0.9755346747049097,5.451282420131402e-07,1.1121214628410236e-07,20.334535873600075,83.59812990153657,0.18877034083037114,0.1321433532179105,401,1.3152935999969486,,,,1.3153665999998339,True,51,8,11,8,4029,632,<REPO_ROOT>/artifacts/results/compact_framework_eight_models_apd/predictions/seed_50/dark_current/autopinn/test_predictions.csv,autopinn_adapted_smooth_monotone_architecture_search,,,,,,"[{""best_epoch"": 300, ""hidden"": ""16x16"", ""param_count"": 401, ""validation_mse_scaled"": 0.027813881635665894}, {""best_epoch"": 300, ""hidden"": ""32x16"", ""param_count"": 769, ""validation_mse_scaled"": 0.04336632043123245}, {""best_epoch"": 300, ""hidden"": ""32x32"", ""param_count"": 1313, ""validation_mse_scaled"": 0.03743302822113037}]",16x16,300.0,0.027813881635665894,bias_v,-1.0,3.816603183746338,5.351480960845947,0.0,,,,,
APD_I_dark,dark_current,True,50,curve_lut,0.1363521565048639,0.11757312979197766,0.9873027604526108,2.649178222467488e-07,8.343073445778474e-08,22.72962565059826,78.98321462920352,0.12385829537953308,0.11757312979197765,4284,0.03239066100002219,,,,0.03243371199999956,True,51,8,11,8,4029,632,<REPO_ROOT>/artifacts/results/compact_framework_eight_models_apd/predictions/seed_50/dark_current/curve_lut/test_predictions.csv,curve_object_pchip_lut_condition_idw,4284.0,,,,0.01625086224407469,"[{""boundary_hold_evaluations"": 0, ""distance_power"": 1.0, ""neighbor_curves"": 1, ""validation_mse"": 0.03753388777340646}, {""boundary_hold_evaluations"": 0, ""distance_power"": 1.0, ""neighbor_curves"": 2, ""validation_mse"": 0.01998513972785014}, {""boundary_hold_evaluations"": 0, ""distance_power"": 1.0, ""neighbor_curves"": 4, ""validation_mse"": 0.020360645951463648}, {""boundary_hold_evaluations"": 0, ""distance_power"": 2.0, ""neighbor_curves"": 4, ""validation_mse"": 0.02085319115908666}, {""boundary_hold_evaluations"": 0, ""distance_power"": 2.0, ""neighbor_curves"": 8, ""validation_mse"": 0.01625086224407469}]",,,,,,,,,4029.0,51.0,8.0,2.0,0.0
APD_I_dark,dark_current,True,51,bkan,0.09791990405735841,0.05969573187766267,0.9934564669183225,2.354415517841973e-07,3.943653558290469e-08,8.583800189230367,55.92197743218613,0.09682800949561932,0.05969573187766267,1664,172.60300419991836,300.0,-1.5652572711308796,<REPO_ROOT>/artifacts\results\apd_second_device\predictions\seed_51\dark_current\bkan\model_checkpoint.pt,172.91348210000433,True,51,8,11,8,4029,632,<REPO_ROOT>/artifacts/results/compact_framework_eight_models_apd/predictions/seed_51/dark_current/bkan/test_predictions.csv,,,,,,,,,,,,,,,,,,,,
APD_I_dark,dark_current,True,51,dkan,0.10010012369369299,0.06650988174147578,0.9931618350581523,2.9184907060099505e-07,5.451905853976791e-08,9.347491732292632,53.27150596768339,0.09960071050343716,0.06650988174147578,952,5.29599709995091,,,,5.32722539990209,True,51,8,11,8,4029,632,<REPO_ROOT>/artifacts/results/compact_framework_eight_models_apd/predictions/seed_51/dark_current/dkan/test_predictions.csv,,,,,,,,,,,,,,,,,,,,
APD_I_dark,dark_current,True,51,mlp_l,0.3135892312922195,0.24347166768191883,0.9328891677059444,6.033687203718021e-07,1.508257454673457e-07,50.16823033542359,142.1574850046381,0.3127795722558171,0.24347166768191886,2561,1.1786685998085886,,,,1.1816968000493944,True,51,8,11,8,4029,632,<REPO_ROOT>/artifacts/results/compact_framework_eight_models_apd/predictions/seed_51/dark_current/mlp_l/test_predictions.csv,,,,,,,,,,,,,,,,,,,,
APD_I_dark,dark_current,True,51,spline_ridge,0.13094141548099542,0.0924340037633389,0.9882989615479622,2.02310792905567e-07,4.8075498155875144e-08,14.780551055532822,64.29415502206483,0.13022468618194305,0.0924340037633389,43,,,,,0.004403800005093217,True,51,8,11,8,4029,632,<REPO_ROOT>/artifacts/results/compact_framework_eight_models_apd/predictions/seed_51/dark_current/spline_ridge/test_predictions.csv,,,,,,,,,,,,,,,,,,,,
APD_I_dark,dark_current,True,51,gmls,0.17715239452625026,0.13793298473556445,0.9785827158935426,3.083134762620442e-07,7.389196712540325e-08,25.580078155392805,86.89889235681085,0.17456588010896695,0.13793298473556445,28203,0.1776498000108404,,,,0.17766909999772906,True,51,8,11,8,4029,632,<REPO_ROOT>/artifacts/results/compact_framework_eight_models_apd/predictions/seed_51/dark_current/gmls/test_predictions.csv,validation_selected_gaussian_gmls_adapted,28203.0,2.0,28.0,112.0,0.02803620086058383,"[{""degree"": 1, ""neighbor_factor"": 4, ""neighbors"": 48, ""validation_mse"": 0.05543648129607562}, {""degree"": 2, ""neighbor_factor"": 4, ""neighbors"": 112, ""validation_mse"": 0.02803620086058383}, {""degree"": 2, ""neighbor_factor"": 8, ""neighbors"": 224, ""validation_mse"": 0.038081872367428035}]",,,,,,,,,,,,,
APD_I_dark,dark_current,True,51,autopinn,0.14966142243176245,0.10496152333885353,0.9847141328427402,4.397496304313205e-07,8.928925755023729e-08,16.601441257890603,64.49489236325712,0.14927716753297043,0.1049615233388535,1313,1.3395396999985678,,,,1.3396225000033155,True,51,8,11,8,4029,632,<REPO_ROOT>/artifacts/results/compact_framework_eight_models_apd/predictions/seed_51/dark_current/autopinn/test_predictions.csv,autopinn_adapted_smooth_monotone_architecture_search,,,,,,"[{""best_epoch"": 300, ""hidden"": ""16x16"", ""param_count"": 401, ""validation_mse_scaled"": 0.05780238285660744}, {""best_epoch"": 300, ""hidden"": ""32x16"", ""param_count"": 769, ""validation_mse_scaled"": 0.022009972482919693}, {""best_epoch"": 300, ""hidden"": ""32x32"", ""param_count"": 1313, ""validation_mse_scaled"": 0.01642104983329773}]",32x32,300.0,0.01642104983329773,bias_v,-1.0,4.40078592300415,7.7989277839660645,0.0,,,,,
APD_I_dark,dark_current,True,51,curve_lut,0.1475833064259515,0.12252859030139299,0.9851356878895937,1.9868146160564254e-07,6.801594274650801e-08,26.923029534631873,59.237411891111606,0.1281915162017342,0.12252859030139299,4284,0.031105897000031746,,,,0.03114356899999393,True,51,8,11,8,4029,632,<REPO_ROOT>/artifacts/results/compact_framework_eight_models_apd/predictions/seed_51/dark_current/curve_lut/test_predictions.csv,curve_object_pchip_lut_condition_idw,4284.0,,,,0.011244857195473563,"[{""boundary_hold_evaluations"": 0, ""distance_power"": 1.0, ""neighbor_curves"": 1, ""validation_mse"": 0.011616188593477088}, {""boundary_hold_evaluations"": 0, ""distance_power"": 1.0, ""neighbor_curves"": 2, ""validation_mse"": 0.011244857195473563}, {""boundary_hold_evaluations"": 0, ""distance_power"": 1.0, ""neighbor_curves"": 4, ""validation_mse"": 0.014392698653434632}, {""boundary_hold_evaluations"": 0, ""distance_power"": 2.0, ""neighbor_curves"": 4, ""validation_mse"": 0.01277186761830179}, {""boundary_hold_evaluations"": 0, ""distance_power"": 2.0, ""neighbor_curves"": 8, ""validation_mse"": 0.02040120545426767}]",,,,,,,,,4029.0,51.0,2.0,1.0,0.0
APD_I_photo,photo_current,True,42,bkan,0.0710437781759722,0.03860421315132171,0.9921903762348763,2.394451634359792e-07,4.7563074273326346e-08,5.893904011048361,24.730313524987867,0.06957147283106165,0.03860421315132171,1872,306.81206079991534,300.0,-1.8810765266418457,<REPO_ROOT>/artifacts\results\apd_second_device\predictions\seed_42\photo_current\bkan\model_checkpoint.pt,307.1158600000199,True,51,8,11,8,8160,1280,<REPO_ROOT>/artifacts/results/compact_framework_eight_models_apd/predictions/seed_42/photo_current/bkan/test_predictions.csv,,,,,,,,,,,,,,,,,,,,
APD_I_photo,photo_current,True,42,dkan,0.09591816422240669,0.0657589580546876,0.9857642704349454,4.299707442949121e-07,8.527901964524723e-08,10.130696193515998,40.34515616038133,0.08913742604042367,0.0657589580546876,1088,5.4594925998244435,,,,5.493254999862984,True,51,8,11,8,8160,1280,<REPO_ROOT>/artifacts/results/compact_framework_eight_models_apd/predictions/seed_42/photo_current/dkan/test_predictions.csv,,,,,,,,,,,,,,,,,,,,
APD_I_photo,photo_current,True,42,mlp_l,0.2396392651930475,0.1811914722846431,0.9111425243497204,7.249802718745323e-07,1.8886201876096596e-07,35.0703858243419,97.70349846671043,0.238868982636612,0.18119147228464308,2625,1.1534790000878274,,,,1.1567434000317007,True,51,8,11,8,8160,1280,<REPO_ROOT>/artifacts/results/compact_framework_eight_models_apd/predictions/seed_42/photo_current/mlp_l/test_predictions.csv,,,,,,,,,,,,,,,,,,,,
APD_I_photo,photo_current,True,42,spline_ridge,0.08841006617243871,0.06395596260876886,0.9879056803146635,2.317254787945429e-07,6.278801386337278e-08,10.800127439890947,40.84075636478017,0.08756978663065346,0.06395596260876886,50,,,,,0.009041600162163377,True,51,8,11,8,8160,1280,<REPO_ROOT>/artifacts/results/compact_framework_eight_models_apd/predictions/seed_42/photo_current/spline_ridge/test_predictions.csv,,,,,,,,,,,,,,,,,,,,
APD_I_photo,photo_current,True,42,gmls,0.1065758595062314,0.08073652166002251,0.9824249851623116,3.6681539087912857e-07,8.725219271581558e-08,14.98763565859419,48.21323917124757,0.10232851839881629,0.08073652166002251,65280,0.4024801000050502,,,,0.4024992999911774,True,51,8,11,8,8160,1280,<REPO_ROOT>/artifacts/results/compact_framework_eight_models_apd/predictions/seed_42/photo_current/gmls/test_predictions.csv,validation_selected_gaussian_gmls_adapted,65280.0,2.0,36.0,144.0,0.01627004285869023,"[{""degree"": 1, ""neighbor_factor"": 4, ""neighbors"": 48, ""validation_mse"": 0.036198257619908615}, {""degree"": 2, ""neighbor_factor"": 4, ""neighbors"": 144, ""validation_mse"": 0.01627004285869023}, {""degree"": 2, ""neighbor_factor"": 8, ""neighbors"": 288, ""validation_mse"": 0.021512411797952213}]",,,,,,,,,,,,,
APD_I_photo,photo_current,True,42,autopinn,0.16515403251198565,0.10446621298183596,0.9577957315208889,6.307881483343313e-07,1.3464072301669478e-07,16.289899453386493,61.6110420704769,0.1641978146362295,0.10446621298183596,1345,1.6990947000012966,,,,1.6991581999900518,True,51,8,11,8,8160,1280,<REPO_ROOT>/artifacts/results/compact_framework_eight_models_apd/predictions/seed_42/photo_current/autopinn/test_predictions.csv,autopinn_adapted_smooth_monotone_architecture_search,,,,,,"[{""best_epoch"": 300, ""hidden"": ""16x16"", ""param_count"": 417, ""validation_mse_scaled"": 0.09922265261411667}, {""best_epoch"": 300, ""hidden"": ""32x16"", ""param_count"": 801, ""validation_mse_scaled"": 0.054063111543655396}, {""best_epoch"": 300, ""hidden"": ""32x32"", ""param_count"": 1345, ""validation_mse_scaled"": 0.04766303300857544}]",32x32,300.0,0.04766303300857544,bias_v,-1.0,3.158500909805298,3.8274548053741455,0.0,,,,,
APD_I_photo,photo_current,True,42,curve_lut,0.08170144978321756,0.06294416575890527,0.9896714932195911,2.698958151720236e-07,8.127782985216157e-08,10.451595755210198,38.7693746519269,0.07354456310102267,0.06294416575890527,8772,0.06341945299999452,,,,0.06352005000002237,True,51,8,11,8,8160,1280,<REPO_ROOT>/artifacts/results/compact_framework_eight_models_apd/predictions/seed_42/photo_current/curve_lut/test_predictions.csv,curve_object_pchip_lut_condition_idw,8772.0,,,,0.005218809577322692,"[{""boundary_hold_evaluations"": 0, ""distance_power"": 1.0, ""neighbor_curves"": 1, ""validation_mse"": 0.005218809577322692}, {""boundary_hold_evaluations"": 0, ""distance_power"": 1.0, ""neighbor_curves"": 2, ""validation_mse"": 0.008706989657456962}, {""boundary_hold_evaluations"": 0, ""distance_power"": 1.0, ""neighbor_curves"": 4, ""validation_mse"": 0.00866971216671108}, {""boundary_hold_evaluations"": 0, ""distance_power"": 2.0, ""neighbor_curves"": 4, ""validation_mse"": 0.008349218789073024}, {""boundary_hold_evaluations"": 0, ""distance_power"": 2.0, ""neighbor_curves"": 8, ""validation_mse"": 0.008443081522412951}]",,,,,,,,,8160.0,102.0,1.0,1.0,0.0
APD_I_photo,photo_current,True,43,bkan,0.044118204313660446,0.02862285229956586,0.9970966029569269,2.607283367259588e-07,4.24362445213825e-08,4.27318697532724,22.122672375369937,0.04376073406699088,0.02862285229956587,1872,358.5185124001,300.0,-1.9062079191207886,<REPO_ROOT>/artifacts\results\apd_second_device\predictions\seed_43\photo_current\bkan\model_checkpoint.pt,358.94995439983904,True,51,8,11,8,8160,1280,<REPO_ROOT>/artifacts/results/compact_framework_eight_models_apd/predictions/seed_43/photo_current/bkan/test_predictions.csv,,,,,,,,,,,,,,,,,,,,
APD_I_photo,photo_current,True,43,dkan,0.09373477477831023,0.06255790858734099,0.9868939368737807,4.5592271776886777e-07,8.510302605442402e-08,9.49148647193522,39.06858378789432,0.08998154795041047,0.06255790858734098,1088,5.824648599838838,,,,5.8609458999708295,True,51,8,11,8,8160,1280,<REPO_ROOT>/artifacts/results/compact_framework_eight_models_apd/predictions/seed_43/photo_current/dkan/test_predictions.csv,,,,,,,,,,,,,,,,,,,,
APD_I_photo,photo_current,True,43,mlp_l,0.26178599430195687,0.19280883482533107,0.8977734767300299,9.138706445992576e-07,2.2849776798599893e-07,37.22463537603641,91.08433542117851,0.2614442196422844,0.1928088348253311,2625,1.332731300033629,,,,1.335648400010541,True,51,8,11,8,8160,1280,<REPO_ROOT>/artifacts/results/compact_framework_eight_models_apd/predictions/seed_43/photo_current/mlp_l/test_predictions.csv,,,,,,,,,,,,,,,,,,,,
APD_I_photo,photo_current,True,43,spline_ridge,0.10407569781096146,0.07463172608944754,0.9838426758518766,3.678529282907623e-07,9.037010685780553e-08,12.52104745447065,47.168877259485505,0.10002060768067314,0.07463172608944754,50,,,,,0.014939800137653947,True,51,8,11,8,8160,1280,<REPO_ROOT>/artifacts/results/compact_framework_eight_models_apd/predictions/seed_43/photo_current/spline_ridge/test_predictions.csv,,,,,,,,,,,,,,,,,,,,
APD_I_photo,photo_current,True,43,gmls,0.11098035534162934,0.08568887192990564,0.9816277224773038,4.5574377460880674e-07,1.0854036214234111e-07,16.657396839051682,51.674947254986556,0.10793225230866266,0.08568887192990565,65280,0.4368948999908753,,,,0.4369159000052605,True,51,8,11,8,8160,1280,<REPO_ROOT>/artifacts/results/compact_framework_eight_models_apd/predictions/seed_43/photo_current/gmls/test_predictions.csv,validation_selected_gaussian_gmls_adapted,65280.0,2.0,36.0,144.0,0.0150140063631953,"[{""degree"": 1, ""neighbor_factor"": 4, ""neighbors"": 48, ""validation_mse"": 0.03514747584241005}, {""degree"": 2, ""neighbor_factor"": 4, ""neighbors"": 144, ""validation_mse"": 0.0150140063631953}, {""degree"": 2, ""neighbor_factor"": 8, ""neighbors"": 288, ""validation_mse"": 0.022399976321030735}]",,,,,,,,,,,,,
APD_I_photo,photo_current,True,43,autopinn,0.16559675396332924,0.11297414228927231,0.9590951867795053,7.502466477962645e-07,1.5994590004167884e-07,20.387803758270234,72.87967126668651,0.1645025516430956,0.1129741422892723,1345,1.7640939999982947,,,,1.7641678999934811,True,51,8,11,8,8160,1280,<REPO_ROOT>/artifacts/results/compact_framework_eight_models_apd/predictions/seed_43/photo_current/autopinn/test_predictions.csv,autopinn_adapted_smooth_monotone_architecture_search,,,,,,"[{""best_epoch"": 300, ""hidden"": ""16x16"", ""param_count"": 417, ""validation_mse_scaled"": 0.10336581617593765}, {""best_epoch"": 300, ""hidden"": ""32x16"", ""param_count"": 801, ""validation_mse_scaled"": 0.062397003173828125}, {""best_epoch"": 300, ""hidden"": ""32x32"", ""param_count"": 1345, ""validation_mse_scaled"": 0.03944885730743408}]",32x32,300.0,0.03944885730743408,bias_v,-1.0,3.2721478939056396,3.8282394409179688,0.0,,,,,
APD_I_photo,photo_current,True,43,curve_lut,0.07276740913925858,0.05148907292071745,0.992101500417138,2.6547504978812435e-07,7.192009429824667e-08,8.120768253605053,38.55416572775831,0.06128398291347034,0.05148907292071746,8772,0.05976760200002218,,,,0.05985822599996027,True,51,8,11,8,8160,1280,<REPO_ROOT>/artifacts/results/compact_framework_eight_models_apd/predictions/seed_43/photo_current/curve_lut/test_predictions.csv,curve_object_pchip_lut_condition_idw,8772.0,,,,0.003630850728338148,"[{""boundary_hold_evaluations"": 0, ""distance_power"": 1.0, ""neighbor_curves"": 1, ""validation_mse"": 0.008005701547913127}, {""boundary_hold_evaluations"": 0, ""distance_power"": 1.0, ""neighbor_curves"": 2, ""validation_mse"": 0.004306568636852899}, {""boundary_hold_evaluations"": 0, ""distance_power"": 1.0, ""neighbor_curves"": 4, ""validation_mse"": 0.004040958946932146}, {""boundary_hold_evaluations"": 0, ""distance_power"": 2.0, ""neighbor_curves"": 4, ""validation_mse"": 0.003630850728338148}, {""boundary_hold_evaluations"": 0, ""distance_power"": 2.0, ""neighbor_curves"": 8, ""validation_mse"": 0.004919812966354034}]",,,,,,,,,8160.0,102.0,4.0,2.0,0.0
APD_I_photo,photo_current,True,44,bkan,0.04518124858069729,0.030727647658877043,0.9969859437193458,2.397943968318343e-07,4.0857767383757e-08,4.688066033148404,22.321281534814304,0.04465873130453479,0.030727647658877047,1872,357.63464160007425,300.0,-1.865994358062744,<REPO_ROOT>/artifacts\results\apd_second_device\predictions\seed_44\photo_current\bkan\model_checkpoint.pt,357.97677150019445,True,51,8,11,8,8160,1280,<REPO_ROOT>/artifacts/results/compact_framework_eight_models_apd/predictions/seed_44/photo_current/bkan/test_predictions.csv,,,,,,,,,,,,,,,,,,,,
APD_I_photo,photo_current,True,44,dkan,0.0719894838247065,0.04996500699788402,0.9923480342078845,4.396794402646239e-07,8.387633963652345e-08,8.316284831317777,31.906342376951546,0.07144220205211729,0.04996500699788402,1088,5.73077329993248,,,,5.765742999967188,True,51,8,11,8,8160,1280,<REPO_ROOT>/artifacts/results/compact_framework_eight_models_apd/predictions/seed_44/photo_current/dkan/test_predictions.csv,,,,,,,,,,,,,,,,,,,,
APD_I_photo,photo_current,True,44,mlp_l,0.26092575827031717,0.1945313479597733,0.8994762204472889,8.457629317275596e-07,2.2585684338291013e-07,38.4943516631821,100.76465308273536,0.2608301454680351,0.19453134795977334,2625,1.3141151000745595,,,,1.317102399887517,True,51,8,11,8,8160,1280,<REPO_ROOT>/artifacts/results/compact_framework_eight_models_apd/predictions/seed_44/photo_current/mlp_l/test_predictions.csv,,,,,,,,,,,,,,,,,,,,
APD_I_photo,photo_current,True,44,spline_ridge,0.09565945296157265,0.07185633298458259,0.9864889006768357,2.51328334014255e-07,7.639496833629877e-08,13.06545312257522,45.86643483857327,0.09432887751370402,0.0718563329845826,50,,,,,0.009534900076687336,True,51,8,11,8,8160,1280,<REPO_ROOT>/artifacts/results/compact_framework_eight_models_apd/predictions/seed_44/photo_current/spline_ridge/test_predictions.csv,,,,,,,,,,,,,,,,,,,,
APD_I_photo,photo_current,True,44,gmls,0.12365727578592008,0.09203873061735976,0.9774225832365847,4.292173510053265e-07,1.0775675855802001e-07,16.07277954629923,53.61989944877342,0.12172975144041157,0.09203873061735976,65280,0.46148929999617394,,,,0.4615085999976145,True,51,8,11,8,8160,1280,<REPO_ROOT>/artifacts/results/compact_framework_eight_models_apd/predictions/seed_44/photo_current/gmls/test_predictions.csv,validation_selected_gaussian_gmls_adapted,65280.0,2.0,36.0,144.0,0.01845108019309721,"[{""degree"": 1, ""neighbor_factor"": 4, ""neighbors"": 48, ""validation_mse"": 0.028130425339396813}, {""degree"": 2, ""neighbor_factor"": 4, ""neighbors"": 144, ""validation_mse"": 0.01845108019309721}, {""degree"": 2, ""neighbor_factor"": 8, ""neighbors"": 288, ""validation_mse"": 0.023017397964267484}]",,,,,,,,,,,,,
APD_I_photo,photo_current,True,44,autopinn,0.13315628426318382,0.08634062920779946,0.9738206875837749,6.465431071726611e-07,1.3939358469654453e-07,13.288235914091512,50.65785084656198,0.13308376327388288,0.08634062920779945,801,1.6905476000101771,,,,1.690649600001052,True,51,8,11,8,8160,1280,<REPO_ROOT>/artifacts/results/compact_framework_eight_models_apd/predictions/seed_44/photo_current/autopinn/test_predictions.csv,autopinn_adapted_smooth_monotone_architecture_search,,,,,,"[{""best_epoch"": 300, ""hidden"": ""16x16"", ""param_count"": 417, ""validation_mse_scaled"": 0.15147137641906738}, {""best_epoch"": 300, ""hidden"": ""32x16"", ""param_count"": 801, ""validation_mse_scaled"": 0.030546193942427635}, {""best_epoch"": 300, ""hidden"": ""32x32"", ""param_count"": 1345, ""validation_mse_scaled"": 0.04171248525381088}]",32x16,300.0,0.030546193942427635,bias_v,-1.0,3.7799930572509766,5.8209404945373535,0.0,,,,,
APD_I_photo,photo_current,True,44,curve_lut,0.0675132332314874,0.05506741280089278,0.9932700364104163,1.6827730644909104e-07,5.955445589357868e-08,10.764755676786104,29.392449331486052,0.0626610209486753,0.05506741280089278,8772,0.06591976699996849,,,,0.06599890399996866,True,51,8,11,8,8160,1280,<REPO_ROOT>/artifacts/results/compact_framework_eight_models_apd/predictions/seed_44/photo_current/curve_lut/test_predictions.csv,curve_object_pchip_lut_condition_idw,8772.0,,,,0.006217474546241572,"[{""boundary_hold_evaluations"": 0, ""distance_power"": 1.0, ""neighbor_curves"": 1, ""validation_mse"": 0.015207344719435995}, {""boundary_hold_evaluations"": 0, ""distance_power"": 1.0, ""neighbor_curves"": 2, ""validation_mse"": 0.008899649201387172}, {""boundary_hold_evaluations"": 0, ""distance_power"": 1.0, ""neighbor_curves"": 4, ""validation_mse"": 0.006217474546241572}, {""boundary_hold_evaluations"": 0, ""distance_power"": 2.0, ""neighbor_curves"": 4, ""validation_mse"": 0.0066312907088983105}, {""boundary_hold_evaluations"": 0, ""distance_power"": 2.0, ""neighbor_curves"": 8, ""validation_mse"": 0.007325132371443159}]",,,,,,,,,8160.0,102.0,4.0,1.0,0.0
APD_I_photo,photo_current,True,45,bkan,0.03736267038582576,0.025051689135908113,0.9978484881808916,2.061352142194331e-07,3.527134906187228e-08,4.187620641700567,17.03605406068238,0.037162736215865175,0.025051689135908113,1872,352.2991835998837,300.0,-1.8982604503631593,<REPO_ROOT>/artifacts\results\apd_second_device\predictions\seed_45\photo_current\bkan\model_checkpoint.pt,352.6143225999549,True,51,8,11,8,8160,1280,<REPO_ROOT>/artifacts/results/compact_framework_eight_models_apd/predictions/seed_45/photo_current/bkan/test_predictions.csv,,,,,,,,,,,,,,,,,,,,
APD_I_photo,photo_current,True,45,dkan,0.07259136749162781,0.0471813048945077,0.9918784695928902,3.2704871029588554e-07,6.708509033089287e-08,7.744642266342934,32.218250407062946,0.07244236126432035,0.0471813048945077,1088,5.467325800098479,,,,5.499018999980763,True,51,8,11,8,8160,1280,<REPO_ROOT>/artifacts/results/compact_framework_eight_models_apd/predictions/seed_45/photo_current/dkan/test_predictions.csv,,,,,,,,,,,,,,,,,,,,
APD_I_photo,photo_current,True,45,mlp_l,0.2581415985962946,0.19504071269584408,0.8972968156177532,7.311609802118454e-07,1.9100570043853165e-07,40.57768144107855,97.55081417302387,0.25802198276760163,0.19504071269584408,2625,1.3095865000505,,,,1.3119406001642346,True,51,8,11,8,8160,1280,<REPO_ROOT>/artifacts/results/compact_framework_eight_models_apd/predictions/seed_45/photo_current/mlp_l/test_predictions.csv,,,,,,,,,,,,,,,,,,,,
APD_I_photo,photo_current,True,45,spline_ridge,0.09014800171848006,0.06611963913122951,0.9874749309834235,2.595027440612005e-07,6.775263354785876e-08,12.057673234535933,43.54191209085357,0.08956321977664083,0.06611963913122951,50,,,,,0.009306699968874454,True,51,8,11,8,8160,1280,<REPO_ROOT>/artifacts/results/compact_framework_eight_models_apd/predictions/seed_45/photo_current/spline_ridge/test_predictions.csv,,,,,,,,,,,,,,,,,,,,
APD_I_photo,photo_current,True,45,gmls,0.1356892250129739,0.10427195680599462,0.9716235120781777,4.032503312512742e-07,1.0710630268621784e-07,20.63428800671731,60.149029490666756,0.13327271463250046,0.1042719568059946,65280,0.43909279999206774,,,,0.4391128999995999,True,51,8,11,8,8160,1280,<REPO_ROOT>/artifacts/results/compact_framework_eight_models_apd/predictions/seed_45/photo_current/gmls/test_predictions.csv,validation_selected_gaussian_gmls_adapted,65280.0,2.0,36.0,144.0,0.015149418647371207,"[{""degree"": 1, ""neighbor_factor"": 4, ""neighbors"": 48, ""validation_mse"": 0.032831190827346465}, {""degree"": 2, ""neighbor_factor"": 4, ""neighbors"": 144, ""validation_mse"": 0.015149418647371207}, {""degree"": 2, ""neighbor_factor"": 8, ""neighbors"": 288, ""validation_mse"": 0.022213231353881827}]",,,,,,,,,,,,,
APD_I_photo,photo_current,True,45,autopinn,0.15783324760817036,0.09960930993563298,0.9616058635060722,6.598721421200914e-07,1.4434648484218416e-07,14.081356712017325,74.29269207329446,0.15758928819238183,0.09960930993563298,1345,1.7176139000075636,,,,1.7177067000011448,True,51,8,11,8,8160,1280,<REPO_ROOT>/artifacts/results/compact_framework_eight_models_apd/predictions/seed_45/photo_current/autopinn/test_predictions.csv,autopinn_adapted_smooth_monotone_architecture_search,,,,,,"[{""best_epoch"": 300, ""hidden"": ""16x16"", ""param_count"": 417, ""validation_mse_scaled"": 0.11840613186359406}, {""best_epoch"": 300, ""hidden"": ""32x16"", ""param_count"": 801, ""validation_mse_scaled"": 0.050076983869075775}, {""best_epoch"": 300, ""hidden"": ""32x32"", ""param_count"": 1345, ""validation_mse_scaled"": 0.03756021708250046}]",32x32,300.0,0.03756021708250046,bias_v,-1.0,4.037587642669678,6.092134475708008,0.0,,,,,
APD_I_photo,photo_current,True,45,curve_lut,0.06371204796427465,0.05040218174737794,0.9937437938676494,2.3380106655207958e-07,6.31053915551287e-08,9.317410550707054,34.94471409865879,0.05845715235768906,0.05040218174737794,8772,0.07255104199998641,,,,0.07267926299999772,True,51,8,11,8,8160,1280,<REPO_ROOT>/artifacts/results/compact_framework_eight_models_apd/predictions/seed_45/photo_current/curve_lut/test_predictions.csv,curve_object_pchip_lut_condition_idw,8772.0,,,,0.0033434892468757068,"[{""boundary_hold_evaluations"": 0, ""distance_power"": 1.0, ""neighbor_curves"": 1, ""validation_mse"": 0.006448013238742204}, {""boundary_hold_evaluations"": 0, ""distance_power"": 1.0, ""neighbor_curves"": 2, ""validation_mse"": 0.0033434892468757068}, {""boundary_hold_evaluations"": 0, ""distance_power"": 1.0, ""neighbor_curves"": 4, ""validation_mse"": 0.004516852573094703}, {""boundary_hold_evaluations"": 0, ""distance_power"": 2.0, ""neighbor_curves"": 4, ""validation_mse"": 0.00380608211969284}, {""boundary_hold_evaluations"": 0, ""distance_power"": 2.0, ""neighbor_curves"": 8, ""validation_mse"": 0.005338748527806515}]",,,,,,,,,8160.0,102.0,2.0,1.0,0.0
APD_I_photo,photo_current,True,46,bkan,0.05152351728794626,0.03570344415723471,0.9962419832762387,3.454753611027357e-07,5.7987444143411464e-08,5.697982744562486,22.75061225737639,0.048275476622932176,0.03570344415723471,1872,350.7216513999738,300.0,-1.93694269657135,<REPO_ROOT>/artifacts\results\apd_second_device\predictions\seed_46\photo_current\bkan\model_checkpoint.pt,351.0606656000018,True,51,8,11,8,8160,1280,<REPO_ROOT>/artifacts/results/compact_framework_eight_models_apd/predictions/seed_46/photo_current/bkan/test_predictions.csv,,,,,,,,,,,,,,,,,,,,
APD_I_photo,photo_current,True,46,dkan,0.07659397011347073,0.05254006704073129,0.9916950530066191,5.515146887899914e-07,9.549326548801058e-08,9.1761634478252,30.72505285853217,0.07300918352659044,0.0525400670407313,1088,5.576734300004318,,,,5.6122429999522865,True,51,8,11,8,8160,1280,<REPO_ROOT>/artifacts/results/compact_framework_eight_models_apd/predictions/seed_46/photo_current/dkan/test_predictions.csv,,,,,,,,,,,,,,,,,,,,
APD_I_photo,photo_current,True,46,mlp_l,0.257297117444465,0.18286559259976926,0.9062831798496078,1.0188649504645976e-06,2.485564179941447e-07,32.3799951032084,102.01568766318444,0.25662858007556544,0.18286559259976926,2625,1.2507808001246303,,,,1.2538968999870121,True,51,8,11,8,8160,1280,<REPO_ROOT>/artifacts/results/compact_framework_eight_models_apd/predictions/seed_46/photo_current/mlp_l/test_predictions.csv,,,,,,,,,,,,,,,,,,,,
APD_I_photo,photo_current,True,46,spline_ridge,0.11620403673149661,0.08260850179239579,0.9808843032254314,4.025326753702171e-07,9.569481937127838e-08,13.82353499470802,52.14090692866192,0.11048365472312743,0.08260850179239577,50,,,,,0.008667400106787682,True,51,8,11,8,8160,1280,<REPO_ROOT>/artifacts/results/compact_framework_eight_models_apd/predictions/seed_46/photo_current/spline_ridge/test_predictions.csv,,,,,,,,,,,,,,,,,,,,
APD_I_photo,photo_current,True,46,gmls,0.1260294120609728,0.09893320912149285,0.9775150708533847,5.907409758539776e-07,1.3289819187904005e-07,19.174544700843573,54.566493730624316,0.12363319294625474,0.09893320912149285,65280,0.41807020000123885,,,,0.41809140000259504,True,51,8,11,8,8160,1280,<REPO_ROOT>/artifacts/results/compact_framework_eight_models_apd/predictions/seed_46/photo_current/gmls/test_predictions.csv,validation_selected_gaussian_gmls_adapted,65280.0,2.0,36.0,144.0,0.02002382372914297,"[{""degree"": 1, ""neighbor_factor"": 4, ""neighbors"": 48, ""validation_mse"": 0.04160171668307919}, {""degree"": 2, ""neighbor_factor"": 4, ""neighbors"": 144, ""validation_mse"": 0.02002382372914297}, {""degree"": 2, ""neighbor_factor"": 8, ""neighbors"": 288, ""validation_mse"": 0.0288184399445627}]",,,,,,,,,,,,,
APD_I_photo,photo_current,True,46,autopinn,0.1462140339381589,0.09687789760653842,0.9697360353371439,8.724706777004497e-07,1.8795058453662553e-07,16.12528382442578,56.64261665594685,0.14391593211217818,0.09687789760653842,1345,1.7198881000076653,,,,1.7199809000012465,True,51,8,11,8,8160,1280,<REPO_ROOT>/artifacts/results/compact_framework_eight_models_apd/predictions/seed_46/photo_current/autopinn/test_predictions.csv,autopinn_adapted_smooth_monotone_architecture_search,,,,,,"[{""best_epoch"": 300, ""hidden"": ""16x16"", ""param_count"": 417, ""validation_mse_scaled"": 0.11661307513713837}, {""best_epoch"": 300, ""hidden"": ""32x16"", ""param_count"": 801, ""validation_mse_scaled"": 0.08650648593902588}, {""best_epoch"": 300, ""hidden"": ""32x32"", ""param_count"": 1345, ""validation_mse_scaled"": 0.029719460755586624}]",32x32,300.0,0.029719460755586624,bias_v,-1.0,4.742523193359375,8.669574737548828,0.0,,,,,
APD_I_photo,photo_current,True,46,curve_lut,0.08096560441991066,0.06286231424625484,0.9907199818098692,3.851253406517214e-07,1.0149001807995136e-07,11.796750471213741,49.006593505027155,0.07354624259166859,0.06286231424625482,8772,0.06191817399997035,,,,0.062014104000013504,True,51,8,11,8,8160,1280,<REPO_ROOT>/artifacts/results/compact_framework_eight_models_apd/predictions/seed_46/photo_current/curve_lut/test_predictions.csv,curve_object_pchip_lut_condition_idw,8772.0,,,,0.0037073912514410863,"[{""boundary_hold_evaluations"": 0, ""distance_power"": 1.0, ""neighbor_curves"": 1, ""validation_mse"": 0.0037073912514410863}, {""boundary_hold_evaluations"": 0, ""distance_power"": 1.0, ""neighbor_curves"": 2, ""validation_mse"": 0.004100913883084005}, {""boundary_hold_evaluations"": 0, ""distance_power"": 1.0, ""neighbor_curves"": 4, ""validation_mse"": 0.005803079814244055}, {""boundary_hold_evaluations"": 0, ""distance_power"": 2.0, ""neighbor_curves"": 4, ""validation_mse"": 0.003983040079900138}, {""boundary_hold_evaluations"": 0, ""distance_power"": 2.0, ""neighbor_curves"": 8, ""validation_mse"": 0.00442305247505372}]",,,,,,,,,8160.0,102.0,1.0,1.0,0.0
APD_I_photo,photo_current,True,47,bkan,0.05397724785584139,0.034994239501647026,0.9957636104197275,2.355953368337051e-07,4.7497389533323065e-08,5.192705876763712,24.136316953171725,0.05227583073872051,0.03499423950164702,1872,280.9203613998834,300.0,-1.7942245721817016,<REPO_ROOT>/artifacts\results\apd_second_device\predictions\seed_47\photo_current\bkan\model_checkpoint.pt,281.1637192000635,True,51,8,11,8,8160,1280,<REPO_ROOT>/artifacts/results/compact_framework_eight_models_apd/predictions/seed_47/photo_current/bkan/test_predictions.csv,,,,,,,,,,,,,,,,,,,,
APD_I_photo,photo_current,True,47,dkan,0.0758823922370985,0.04929554517911651,0.9916274751714538,3.843224204098641e-07,6.772899770381529e-08,6.703489991547345,30.325143829693495,0.07371206886821316,0.04929554517911651,1088,4.204227700131014,,,,4.230920100118965,True,51,8,11,8,8160,1280,<REPO_ROOT>/artifacts/results/compact_framework_eight_models_apd/predictions/seed_47/photo_current/dkan/test_predictions.csv,,,,,,,,,,,,,,,,,,,,
APD_I_photo,photo_current,True,47,mlp_l,0.26953398809174783,0.19841701117927918,0.8943665434594147,8.249944441129743e-07,2.176059992193481e-07,37.191429957036036,103.43647614895681,0.2691196309844879,0.19841701117927918,2625,0.9083690999541432,,,,0.9108694000169635,True,51,8,11,8,8160,1280,<REPO_ROOT>/artifacts/results/compact_framework_eight_models_apd/predictions/seed_47/photo_current/mlp_l/test_predictions.csv,,,,,,,,,,,,,,,,,,,,
APD_I_photo,photo_current,True,47,spline_ridge,0.09962534352186803,0.07289794786114898,0.9855684133835451,2.3674415000439505e-07,6.805067106552015e-08,12.420500487747358,45.85686286278366,0.09702397517303493,0.07289794786114898,50,,,,,0.00807179999537766,True,51,8,11,8,8160,1280,<REPO_ROOT>/artifacts/results/compact_framework_eight_models_apd/predictions/seed_47/photo_current/spline_ridge/test_predictions.csv,,,,,,,,,,,,,,,,,,,,
APD_I_photo,photo_current,True,47,gmls,0.13400288128902552,0.09933309451697656,0.9738902514405272,5.305324847460932e-07,1.2402777412153804e-07,16.867895323304378,52.32344638537328,0.13050236099588797,0.09933309451697656,65280,0.4439989999955287,,,,0.4440180999954464,True,51,8,11,8,8160,1280,<REPO_ROOT>/artifacts/results/compact_framework_eight_models_apd/predictions/seed_47/photo_current/gmls/test_predictions.csv,validation_selected_gaussian_gmls_adapted,65280.0,2.0,36.0,144.0,0.014826340096280166,"[{""degree"": 1, ""neighbor_factor"": 4, ""neighbors"": 48, ""validation_mse"": 0.023442560730029767}, {""degree"": 2, ""neighbor_factor"": 4, ""neighbors"": 144, ""validation_mse"": 0.014826340096280166}, {""degree"": 2, ""neighbor_factor"": 8, ""neighbors"": 288, ""validation_mse"": 0.01959439244185201}]",,,,,,,,,,,,,
APD_I_photo,photo_current,True,47,autopinn,0.2180873483513342,0.14794042888325387,0.9308431249829995,7.435511183250173e-07,1.8214751138147836e-07,26.02488356197705,78.92342209885379,0.2170919792827004,0.14794042888325387,801,1.726733300005435,,,,1.7268146000133129,True,51,8,11,8,8160,1280,<REPO_ROOT>/artifacts/results/compact_framework_eight_models_apd/predictions/seed_47/photo_current/autopinn/test_predictions.csv,autopinn_adapted_smooth_monotone_architecture_search,,,,,,"[{""best_epoch"": 300, ""hidden"": ""16x16"", ""param_count"": 417, ""validation_mse_scaled"": 0.1271122246980667}, {""best_epoch"": 300, ""hidden"": ""32x16"", ""param_count"": 801, ""validation_mse_scaled"": 0.06865117698907852}, {""best_epoch"": 300, ""hidden"": ""32x32"", ""param_count"": 1345, ""validation_mse_scaled"": 0.08512449264526367}]",32x16,300.0,0.06865117698907852,bias_v,-1.0,2.756517171859741,3.5041263103485107,0.0,,,,,
APD_I_photo,photo_current,True,47,curve_lut,0.0917298735351805,0.06893690907344022,0.9877652244651222,3.146868588572162e-07,8.32824082120374e-08,10.741681763742033,41.38639640434697,0.07854780393244301,0.06893690907344022,8772,0.05678182399998377,,,,0.05685106700002507,True,51,8,11,8,8160,1280,<REPO_ROOT>/artifacts/results/compact_framework_eight_models_apd/predictions/seed_47/photo_current/curve_lut/test_predictions.csv,curve_object_pchip_lut_condition_idw,8772.0,,,,0.007750917155522519,"[{""boundary_hold_evaluations"": 0, ""distance_power"": 1.0, ""neighbor_curves"": 1, ""validation_mse"": 0.007750917155522519}, {""boundary_hold_evaluations"": 0, ""distance_power"": 1.0, ""neighbor_curves"": 2, ""validation_mse"": 0.00788258536892801}, {""boundary_hold_evaluations"": 0, ""distance_power"": 1.0, ""neighbor_curves"": 4, ""validation_mse"": 0.00833381817666274}, {""boundary_hold_evaluations"": 0, ""distance_power"": 2.0, ""neighbor_curves"": 4, ""validation_mse"": 0.008075682988827172}, {""boundary_hold_evaluations"": 0, ""distance_power"": 2.0, ""neighbor_curves"": 8, ""validation_mse"": 0.007827547802830806}]",,,,,,,,,8160.0,102.0,1.0,1.0,0.0
APD_I_photo,photo_current,True,48,bkan,0.050743821171450036,0.03443584383738275,0.996309807212194,2.7613421416534984e-07,5.008486233330186e-08,5.634167361952922,19.978144072128337,0.04920655898939875,0.034435843837382754,1872,266.46259370003827,300.0,-1.9989880561828612,<REPO_ROOT>/artifacts\results\apd_second_device\predictions\seed_48\photo_current\bkan\model_checkpoint.pt,266.7014201998245,True,51,8,11,8,8160,1280,<REPO_ROOT>/artifacts/results/compact_framework_eight_models_apd/predictions/seed_48/photo_current/bkan/test_predictions.csv,,,,,,,,,,,,,,,,,,,,
APD_I_photo,photo_current,True,48,dkan,0.07111417606884181,0.04357607316979596,0.9927523854986082,4.169325298831147e-07,7.199837807472852e-08,6.096684408044114,29.561155257654303,0.0705485635480607,0.04357607316979596,1088,4.171675099991262,,,,4.1991359000094235,True,51,8,11,8,8160,1280,<REPO_ROOT>/artifacts/results/compact_framework_eight_models_apd/predictions/seed_48/photo_current/dkan/test_predictions.csv,,,,,,,,,,,,,,,,,,,,
APD_I_photo,photo_current,True,48,mlp_l,0.2566260274634147,0.18811879393988995,0.9056190982711577,8.246101532395824e-07,2.2114443404562847e-07,34.2580276479177,93.02873705221174,0.2558683836697524,0.18811879393988995,2625,0.9316719998605549,,,,0.9341079001314938,True,51,8,11,8,8160,1280,<REPO_ROOT>/artifacts/results/compact_framework_eight_models_apd/predictions/seed_48/photo_current/mlp_l/test_predictions.csv,,,,,,,,,,,,,,,,,,,,
APD_I_photo,photo_current,True,48,spline_ridge,0.09424148963910911,0.06787885610623272,0.9872717996014969,2.388578197807684e-07,6.654392801303367e-08,11.550795279801266,42.82855609136818,0.0911704529879935,0.06787885610623273,50,,,,,0.008396999910473824,True,51,8,11,8,8160,1280,<REPO_ROOT>/artifacts/results/compact_framework_eight_models_apd/predictions/seed_48/photo_current/spline_ridge/test_predictions.csv,,,,,,,,,,,,,,,,,,,,
APD_I_photo,photo_current,True,48,gmls,0.1289434954084791,0.09335737028222404,0.9761723288436878,4.301300747320368e-07,1.100002160652247e-07,16.82498188184494,57.05516127508233,0.12192858650470259,0.09335737028222404,65280,0.4470441000012215,,,,0.44706500000029337,True,51,8,11,8,8160,1280,<REPO_ROOT>/artifacts/results/compact_framework_eight_models_apd/predictions/seed_48/photo_current/gmls/test_predictions.csv,validation_selected_gaussian_gmls_adapted,65280.0,2.0,36.0,144.0,0.015254809920330587,"[{""degree"": 1, ""neighbor_factor"": 4, ""neighbors"": 48, ""validation_mse"": 0.03242149688899939}, {""degree"": 2, ""neighbor_factor"": 4, ""neighbors"": 144, ""validation_mse"": 0.015254809920330587}, {""degree"": 2, ""neighbor_factor"": 8, ""neighbors"": 288, ""validation_mse"": 0.020861875346343074}]",,,,,,,,,,,,,
APD_I_photo,photo_current,True,48,autopinn,0.23417061792190694,0.16820460728013525,0.9214135765800772,8.074582654290558e-07,2.1113739919866235e-07,31.01830095435932,83.42476315172931,0.23319727912238786,0.16820460728013525,1345,1.713885199991637,,,,1.713960799999768,True,51,8,11,8,8160,1280,<REPO_ROOT>/artifacts/results/compact_framework_eight_models_apd/predictions/seed_48/photo_current/autopinn/test_predictions.csv,autopinn_adapted_smooth_monotone_architecture_search,,,,,,"[{""best_epoch"": 300, ""hidden"": ""16x16"", ""param_count"": 417, ""validation_mse_scaled"": 0.13136164844036102}, {""best_epoch"": 300, ""hidden"": ""32x16"", ""param_count"": 801, ""validation_mse_scaled"": 0.09023118019104004}, {""best_epoch"": 300, ""hidden"": ""32x32"", ""param_count"": 1345, ""validation_mse_scaled"": 0.07737596333026886}]",32x32,300.0,0.07737596333026886,bias_v,-1.0,2.7490627765655518,3.0228395462036133,0.0,,,,,
APD_I_photo,photo_current,True,48,curve_lut,0.07147195075897375,0.05426753095840762,0.9926792767068845,1.555709929151042e-07,5.1555028477038014e-08,10.17010504455035,34.52563672750902,0.06421892392243128,0.05426753095840762,8772,0.06211109399998804,,,,0.062191225999981725,True,51,8,11,8,8160,1280,<REPO_ROOT>/artifacts/results/compact_framework_eight_models_apd/predictions/seed_48/photo_current/curve_lut/test_predictions.csv,curve_object_pchip_lut_condition_idw,8772.0,,,,0.0040936426843290324,"[{""boundary_hold_evaluations"": 0, ""distance_power"": 1.0, ""neighbor_curves"": 1, ""validation_mse"": 0.007669384454707806}, {""boundary_hold_evaluations"": 0, ""distance_power"": 1.0, ""neighbor_curves"": 2, ""validation_mse"": 0.006310462797027206}, {""boundary_hold_evaluations"": 0, ""distance_power"": 1.0, ""neighbor_curves"": 4, ""validation_mse"": 0.004449897829524924}, {""boundary_hold_evaluations"": 0, ""distance_power"": 2.0, ""neighbor_curves"": 4, ""validation_mse"": 0.0040936426843290324}, {""boundary_hold_evaluations"": 0, ""distance_power"": 2.0, ""neighbor_curves"": 8, ""validation_mse"": 0.004628460679391528}]",,,,,,,,,8160.0,102.0,4.0,2.0,0.0
APD_I_photo,photo_current,True,49,bkan,0.04655681738001319,0.033951142942231914,0.9968875910843651,3.157100829678851e-07,5.105189601961782e-08,5.972147994628178,19.93877369868657,0.045984869688933824,0.03395114294223192,1872,262.83199420012534,300.0,-1.8688429832458495,<REPO_ROOT>/artifacts\results\apd_second_device\predictions\seed_49\photo_current\bkan\model_checkpoint.pt,263.0003917000722,True,51,8,11,8,8160,1280,<REPO_ROOT>/artifacts/results/compact_framework_eight_models_apd/predictions/seed_49/photo_current/bkan/test_predictions.csv,,,,,,,,,,,,,,,,,,,,
APD_I_photo,photo_current,True,49,dkan,0.10224062863287005,0.07200250095021869,0.984990124006227,5.274282678392874e-07,1.0204124245915743e-07,13.15448279388442,50.32843537318607,0.09723275275182018,0.0720025009502187,1088,3.0114808999933302,,,,3.0293663998600096,True,51,8,11,8,8160,1280,<REPO_ROOT>/artifacts/results/compact_framework_eight_models_apd/predictions/seed_49/photo_current/dkan/test_predictions.csv,,,,,,,,,,,,,,,,,,,,
APD_I_photo,photo_current,True,49,mlp_l,0.26018925827813133,0.19507211696062937,0.9027904778717339,9.281651256680584e-07,2.317439912913337e-07,38.096788117658335,100.09147511098809,0.2598795140127736,0.19507211696062934,2625,0.6578859000001103,,,,0.6598212998360395,True,51,8,11,8,8160,1280,<REPO_ROOT>/artifacts/results/compact_framework_eight_models_apd/predictions/seed_49/photo_current/mlp_l/test_predictions.csv,,,,,,,,,,,,,,,,,,,,
APD_I_photo,photo_current,True,49,spline_ridge,0.10430511697695873,0.07571318983456712,0.9843778317439291,3.3925720072644763e-07,7.934618380666852e-08,12.460339876140132,46.47439489005297,0.10293581311061613,0.07571318983456711,50,,,,,0.00801829993724823,True,51,8,11,8,8160,1280,<REPO_ROOT>/artifacts/results/compact_framework_eight_models_apd/predictions/seed_49/photo_current/spline_ridge/test_predictions.csv,,,,,,,,,,,,,,,,,,,,
APD_I_photo,photo_current,True,49,gmls,0.1329379227070575,0.1055378446207313,0.9746237257966193,5.111147170843545e-07,1.200596222637477e-07,19.5788207424131,62.71161925642203,0.12966509972982254,0.10553784462073129,65280,0.4210587000125088,,,,0.4210797999985516,True,51,8,11,8,8160,1280,<REPO_ROOT>/artifacts/results/compact_framework_eight_models_apd/predictions/seed_49/photo_current/gmls/test_predictions.csv,validation_selected_gaussian_gmls_adapted,65280.0,2.0,36.0,144.0,0.020255229914736113,"[{""degree"": 1, ""neighbor_factor"": 4, ""neighbors"": 48, ""validation_mse"": 0.029250893029845525}, {""degree"": 2, ""neighbor_factor"": 4, ""neighbors"": 144, ""validation_mse"": 0.020255229914736113}, {""degree"": 2, ""neighbor_factor"": 8, ""neighbors"": 288, ""validation_mse"": 0.02617105591574695}]",,,,,,,,,,,,,
APD_I_photo,photo_current,True,49,autopinn,0.21350017964515708,0.14834531783734345,0.9345474499230441,8.64553639168083e-07,1.9852810144984105e-07,26.26633313224685,80.17280081091866,0.21330965577100103,0.14834531783734345,1345,1.7219599999953061,,,,1.722047899995232,True,51,8,11,8,8160,1280,<REPO_ROOT>/artifacts/results/compact_framework_eight_models_apd/predictions/seed_49/photo_current/autopinn/test_predictions.csv,autopinn_adapted_smooth_monotone_architecture_search,,,,,,"[{""best_epoch"": 300, ""hidden"": ""16x16"", ""param_count"": 417, ""validation_mse_scaled"": 0.12287614494562149}, {""best_epoch"": 300, ""hidden"": ""32x16"", ""param_count"": 801, ""validation_mse_scaled"": 0.07667304575443268}, {""best_epoch"": 300, ""hidden"": ""32x32"", ""param_count"": 1345, ""validation_mse_scaled"": 0.06935663521289825}]",32x32,300.0,0.06935663521289825,bias_v,-1.0,2.8495049476623535,2.942150115966797,0.0,,,,,
APD_I_photo,photo_current,True,49,curve_lut,0.08240352084510635,0.06748477033347769,0.9902496182798592,2.8947390516445625e-07,8.502149296773731e-08,13.972878571027154,34.301870046931256,0.07602443998993783,0.06748477033347769,8772,0.05799570899995388,,,,0.05808288700001185,True,51,8,11,8,8160,1280,<REPO_ROOT>/artifacts/results/compact_framework_eight_models_apd/predictions/seed_49/photo_current/curve_lut/test_predictions.csv,curve_object_pchip_lut_condition_idw,8772.0,,,,0.008485691827095332,"[{""boundary_hold_evaluations"": 0, ""distance_power"": 1.0, ""neighbor_curves"": 1, ""validation_mse"": 0.01913569514126432}, {""boundary_hold_evaluations"": 0, ""distance_power"": 1.0, ""neighbor_curves"": 2, ""validation_mse"": 0.009761124746012071}, {""boundary_hold_evaluations"": 0, ""distance_power"": 1.0, ""neighbor_curves"": 4, ""validation_mse"": 0.008567331906926894}, {""boundary_hold_evaluations"": 0, ""distance_power"": 2.0, ""neighbor_curves"": 4, ""validation_mse"": 0.008485691827095332}, {""boundary_hold_evaluations"": 0, ""distance_power"": 2.0, ""neighbor_curves"": 8, ""validation_mse"": 0.009912918488602582}]",,,,,,,,,8160.0,102.0,4.0,2.0,0.0
APD_I_photo,photo_current,True,50,bkan,0.04225287648754914,0.027895750178990552,0.9973922353518139,3.1749642238681355e-07,5.046020866150028e-08,4.586796309459606,17.969512633925252,0.041599509526659084,0.027895750178990555,1872,194.79316250002012,300.0,-2.0189942598342894,<REPO_ROOT>/artifacts\results\apd_second_device\predictions\seed_50\photo_current\bkan\model_checkpoint.pt,194.96251540002413,True,51,8,11,8,8160,1280,<REPO_ROOT>/artifacts/results/compact_framework_eight_models_apd/predictions/seed_50/photo_current/bkan/test_predictions.csv,,,,,,,,,,,,,,,,,,,,
APD_I_photo,photo_current,True,50,dkan,0.08121923477206215,0.05644053281113655,0.9903645141053584,5.313993550500043e-07,9.299872654427331e-08,9.288606859904295,35.12326339771671,0.07812343804223079,0.05644053281113655,1088,2.9532838999293745,,,,2.967677199980244,True,51,8,11,8,8160,1280,<REPO_ROOT>/artifacts/results/compact_framework_eight_models_apd/predictions/seed_50/photo_current/dkan/test_predictions.csv,,,,,,,,,,,,,,,,,,,,
APD_I_photo,photo_current,True,50,mlp_l,0.2590899617460115,0.1934345009952116,0.9019478757134342,9.180082397612456e-07,2.318086480681153e-07,37.23016868671604,103.46265707226256,0.25894282517204603,0.19343450099521162,2625,0.5942538999952376,,,,0.5961527999024838,True,51,8,11,8,8160,1280,<REPO_ROOT>/artifacts/results/compact_framework_eight_models_apd/predictions/seed_50/photo_current/mlp_l/test_predictions.csv,,,,,,,,,,,,,,,,,,,,
APD_I_photo,photo_current,True,50,spline_ridge,0.0945262111234896,0.0711056602312004,0.9869485028082688,3.2636268240554234e-07,7.909151608971553e-08,12.645173370416494,46.87403270053547,0.0935449622776952,0.07110566023120041,50,,,,,0.007790999952703714,True,51,8,11,8,8160,1280,<REPO_ROOT>/artifacts/results/compact_framework_eight_models_apd/predictions/seed_50/photo_current/spline_ridge/test_predictions.csv,,,,,,,,,,,,,,,,,,,,
APD_I_photo,photo_current,True,50,gmls,0.11813351717889513,0.08394200888415178,0.9796154043114388,5.510731145826844e-07,1.0912101602864452e-07,13.141764827755363,53.845348109216694,0.11262366850981426,0.08394200888415178,65280,0.4523565999988932,,,,0.4523769999941578,True,51,8,11,8,8160,1280,<REPO_ROOT>/artifacts/results/compact_framework_eight_models_apd/predictions/seed_50/photo_current/gmls/test_predictions.csv,validation_selected_gaussian_gmls_adapted,65280.0,2.0,36.0,144.0,0.020604226382777334,"[{""degree"": 1, ""neighbor_factor"": 4, ""neighbors"": 48, ""validation_mse"": 0.04013760940796596}, {""degree"": 2, ""neighbor_factor"": 4, ""neighbors"": 144, ""validation_mse"": 0.020604226382777334}, {""degree"": 2, ""neighbor_factor"": 8, ""neighbors"": 288, ""validation_mse"": 0.02647640812222185}]",,,,,,,,,,,,,
APD_I_photo,photo_current,True,50,autopinn,0.17326897175684716,0.11137969781404852,0.956147189774751,8.901419587977977e-07,1.9510497726506646e-07,17.747031610134073,69.7837170983,0.17250815093444205,0.11137969781404852,1345,1.7353276999929221,,,,1.7353999000042677,True,51,8,11,8,8160,1280,<REPO_ROOT>/artifacts/results/compact_framework_eight_models_apd/predictions/seed_50/photo_current/autopinn/test_predictions.csv,autopinn_adapted_smooth_monotone_architecture_search,,,,,,"[{""best_epoch"": 300, ""hidden"": ""16x16"", ""param_count"": 417, ""validation_mse_scaled"": 0.08991613239049911}, {""best_epoch"": 300, ""hidden"": ""32x16"", ""param_count"": 801, ""validation_mse_scaled"": 0.040921617299318314}, {""best_epoch"": 300, ""hidden"": ""32x32"", ""param_count"": 1345, ""validation_mse_scaled"": 0.04030338674783707}]",32x32,300.0,0.04030338674783707,bias_v,-1.0,4.018773555755615,6.611862659454346,0.0,,,,,
APD_I_photo,photo_current,True,50,curve_lut,0.07299476152314467,0.058798109112922416,0.9922171399454414,2.7336922772789847e-07,8.303997656820501e-08,12.799975369342306,30.527138128878505,0.06769393656363165,0.05879810911292241,8772,0.058783746000017345,,,,0.058857398999975885,True,51,8,11,8,8160,1280,<REPO_ROOT>/artifacts/results/compact_framework_eight_models_apd/predictions/seed_50/photo_current/curve_lut/test_predictions.csv,curve_object_pchip_lut_condition_idw,8772.0,,,,0.0056147527180434266,"[{""boundary_hold_evaluations"": 0, ""distance_power"": 1.0, ""neighbor_curves"": 1, ""validation_mse"": 0.012320416539312144}, {""boundary_hold_evaluations"": 0, ""distance_power"": 1.0, ""neighbor_curves"": 2, ""validation_mse"": 0.006618346027639187}, {""boundary_hold_evaluations"": 0, ""distance_power"": 1.0, ""neighbor_curves"": 4, ""validation_mse"": 0.0068083520869520395}, {""boundary_hold_evaluations"": 0, ""distance_power"": 2.0, ""neighbor_curves"": 4, ""validation_mse"": 0.006770571238983861}, {""boundary_hold_evaluations"": 0, ""distance_power"": 2.0, ""neighbor_curves"": 8, ""validation_mse"": 0.0056147527180434266}]",,,,,,,,,8160.0,102.0,8.0,2.0,0.0
APD_I_photo,photo_current,True,51,bkan,0.040873808074285645,0.025374640175671294,0.9975010091086453,2.110917045858983e-07,4.130973633533429e-08,3.915673571825649,17.021503001244625,0.04051763900536309,0.02537464017567129,1872,161.84793270006776,300.0,-2.039562797546387,<REPO_ROOT>/artifacts\results\apd_second_device\predictions\seed_51\photo_current\bkan\model_checkpoint.pt,162.01017949986272,True,51,8,11,8,8160,1280,<REPO_ROOT>/artifacts/results/compact_framework_eight_models_apd/predictions/seed_51/photo_current/bkan/test_predictions.csv,,,,,,,,,,,,,,,,,,,,
APD_I_photo,photo_current,True,51,dkan,0.06880316437632031,0.047097727264138266,0.992919053782489,4.768110641393085e-07,8.05165414208807e-08,7.921069328493095,29.067727598308533,0.0678149363629606,0.04709772726413827,1088,2.5898132999427617,,,,2.603896199958399,True,51,8,11,8,8160,1280,<REPO_ROOT>/artifacts/results/compact_framework_eight_models_apd/predictions/seed_51/photo_current/dkan/test_predictions.csv,,,,,,,,,,,,,,,,,,,,
APD_I_photo,photo_current,True,51,mlp_l,0.2586907028864213,0.1947707716986869,0.8998995310299389,8.685474043450846e-07,2.229669836203658e-07,38.680226087644826,108.30216684327682,0.25852737524382924,0.1947707716986869,2625,0.5886981999501586,,,,0.5901091999839991,True,51,8,11,8,8160,1280,<REPO_ROOT>/artifacts/results/compact_framework_eight_models_apd/predictions/seed_51/photo_current/mlp_l/test_predictions.csv,,,,,,,,,,,,,,,,,,,,
APD_I_photo,photo_current,True,51,spline_ridge,0.09496082918323916,0.06904288794181793,0.9865115058853237,2.7013651834758297e-07,7.325917605578449e-08,11.28816895163451,44.33396625783396,0.09389839287863509,0.06904288794181793,50,,,,,0.007782199885696173,True,51,8,11,8,8160,1280,<REPO_ROOT>/artifacts/results/compact_framework_eight_models_apd/predictions/seed_51/photo_current/spline_ridge/test_predictions.csv,,,,,,,,,,,,,,,,,,,,
APD_I_photo,photo_current,True,51,gmls,0.10732909695006057,0.08454505936587771,0.98276904211105,4.5008570865044525e-07,1.0395388335084984e-07,15.669028329131503,48.36172244379114,0.10533419359607474,0.0845450593658777,65280,0.4500484000018332,,,,0.45006869999633636,True,51,8,11,8,8160,1280,<REPO_ROOT>/artifacts/results/compact_framework_eight_models_apd/predictions/seed_51/photo_current/gmls/test_predictions.csv,validation_selected_gaussian_gmls_adapted,65280.0,2.0,36.0,144.0,0.01447370142669494,"[{""degree"": 1, ""neighbor_factor"": 4, ""neighbors"": 48, ""validation_mse"": 0.03435450106499926}, {""degree"": 2, ""neighbor_factor"": 4, ""neighbors"": 144, ""validation_mse"": 0.01447370142669494}, {""degree"": 2, ""neighbor_factor"": 8, ""neighbors"": 288, ""validation_mse"": 0.020189887749040302}]",,,,,,,,,,,,,
APD_I_photo,photo_current,True,51,autopinn,0.1319627379156995,0.09053909541962751,0.9739518367179697,7.166574595700072e-07,1.5826998026334642e-07,15.816021995881423,56.05483120101382,0.13184817310721153,0.09053909541962751,1345,1.718793199994252,,,,1.7188746000028914,True,51,8,11,8,8160,1280,<REPO_ROOT>/artifacts/results/compact_framework_eight_models_apd/predictions/seed_51/photo_current/autopinn/test_predictions.csv,autopinn_adapted_smooth_monotone_architecture_search,,,,,,"[{""best_epoch"": 300, ""hidden"": ""16x16"", ""param_count"": 417, ""validation_mse_scaled"": 0.10961570590734482}, {""best_epoch"": 300, ""hidden"": ""32x16"", ""param_count"": 801, ""validation_mse_scaled"": 0.08508323132991791}, {""best_epoch"": 300, ""hidden"": ""32x32"", ""param_count"": 1345, ""validation_mse_scaled"": 0.027817916125059128}]",32x32,300.0,0.027817916125059128,bias_v,-1.0,4.5536394119262695,7.11035680770874,0.0,,,,,
APD_I_photo,photo_current,True,51,curve_lut,0.07322754754328052,0.05913313169210279,0.9919790935808951,2.2148115578740863e-07,7.183177459188375e-08,11.38371443347372,31.42345471280079,0.06702755247131757,0.05913313169210279,8772,0.06576368099996444,,,,0.06583907999998928,True,51,8,11,8,8160,1280,<REPO_ROOT>/artifacts/results/compact_framework_eight_models_apd/predictions/seed_51/photo_current/curve_lut/test_predictions.csv,curve_object_pchip_lut_condition_idw,8772.0,,,,0.0032156806131173237,"[{""boundary_hold_evaluations"": 0, ""distance_power"": 1.0, ""neighbor_curves"": 1, ""validation_mse"": 0.0041013795595347}, {""boundary_hold_evaluations"": 0, ""distance_power"": 1.0, ""neighbor_curves"": 2, ""validation_mse"": 0.0032156806131173237}, {""boundary_hold_evaluations"": 0, ""distance_power"": 1.0, ""neighbor_curves"": 4, ""validation_mse"": 0.004393481733817304}, {""boundary_hold_evaluations"": 0, ""distance_power"": 2.0, ""neighbor_curves"": 4, ""validation_mse"": 0.003991541012017518}, {""boundary_hold_evaluations"": 0, ""distance_power"": 2.0, ""neighbor_curves"": 8, ""validation_mse"": 0.00576716650958311}]",,,,,,,,,8160.0,102.0,2.0,1.0,0.0
APD_I_net,net_photocurrent,True,42,bkan,0.04491079304176144,0.01978538904747259,0.9959808920690209,9.148469339677742e-08,1.5082820780021202e-08,2.3384158506559505,13.04322420823175,0.04421425581665822,0.01978538904747259,1872,282.7196600001771,300.0,-2.063798713684082,<REPO_ROOT>/artifacts\results\apd_second_device\predictions\seed_42\net_photocurrent\bkan\model_checkpoint.pt,283.1782002998516,True,51,8,11,8,8160,1280,<REPO_ROOT>/artifacts/results/compact_framework_eight_models_apd/predictions/seed_42/net_photocurrent/bkan/test_predictions.csv,,,,,,,,,,,,,,,,,,,,
APD_I_net,net_photocurrent,True,42,dkan,0.061979595828257045,0.03770017723362392,0.9923453436020508,2.2025803197886012e-07,3.377241230585149e-08,6.00274251568409,21.67111000130745,0.06170528242570088,0.03770017723362392,1088,5.8042663999367505,,,,5.841986099956557,True,51,8,11,8,8160,1280,<REPO_ROOT>/artifacts/results/compact_framework_eight_models_apd/predictions/seed_42/net_photocurrent/dkan/test_predictions.csv,,,,,,,,,,,,,,,,,,,,
APD_I_net,net_photocurrent,True,42,mlp_l,0.24799758568885624,0.1891075931244383,0.8774472313831957,3.628004013705318e-07,8.810366561051804e-08,40.666268710579345,78.66557359630724,0.24778087571369495,0.18910759312443828,2625,1.213566099992022,,,,1.2167877999600023,True,51,8,11,8,8160,1280,<REPO_ROOT>/artifacts/results/compact_framework_eight_models_apd/predictions/seed_42/net_photocurrent/mlp_l/test_predictions.csv,,,,,,,,,,,,,,,,,,,,
APD_I_net,net_photocurrent,True,42,spline_ridge,0.04634334296824957,0.0341264692283277,0.9957204023751023,1.0908645877790449e-07,2.1209083156500218e-08,6.356230992280364,22.100386084026894,0.04560041812509969,0.0341264692283277,50,,,,,0.010393900098279119,True,51,8,11,8,8160,1280,<REPO_ROOT>/artifacts/results/compact_framework_eight_models_apd/predictions/seed_42/net_photocurrent/spline_ridge/test_predictions.csv,,,,,,,,,,,,,,,,,,,,
APD_I_net,net_photocurrent,True,42,gmls,0.09810667455597402,0.06124832494892354,0.9808210277308458,1.9031592806434306e-07,3.571141592841446e-08,7.475082002212877,42.25458420007394,0.09379271470909087,0.061248324948923544,65280,0.4064773999998579,,,,0.40649970000959,True,51,8,11,8,8160,1280,<REPO_ROOT>/artifacts/results/compact_framework_eight_models_apd/predictions/seed_42/net_photocurrent/gmls/test_predictions.csv,validation_selected_gaussian_gmls_adapted,65280.0,2.0,36.0,144.0,0.014365403779656161,"[{""degree"": 1, ""neighbor_factor"": 4, ""neighbors"": 48, ""validation_mse"": 0.03283936703334392}, {""degree"": 2, ""neighbor_factor"": 4, ""neighbors"": 144, ""validation_mse"": 0.014365403779656161}, {""degree"": 2, ""neighbor_factor"": 8, ""neighbors"": 288, ""validation_mse"": 0.021084714386069386}]",,,,,,,,,,,,,
APD_I_net,net_photocurrent,True,42,autopinn,0.21337170340491668,0.1488850471804005,0.9092802447681702,3.611953169505005e-07,8.069132833753558e-08,27.656028486509904,74.09773839131897,0.21310152736903792,0.14888504718040052,801,1.7556870999978855,,,,1.75577049999265,True,51,8,11,8,8160,1280,<REPO_ROOT>/artifacts/results/compact_framework_eight_models_apd/predictions/seed_42/net_photocurrent/autopinn/test_predictions.csv,autopinn_adapted_smooth_monotone_architecture_search,,,,,,"[{""best_epoch"": 300, ""hidden"": ""16x16"", ""param_count"": 417, ""validation_mse_scaled"": 0.15785300731658936}, {""best_epoch"": 300, ""hidden"": ""32x16"", ""param_count"": 801, ""validation_mse_scaled"": 0.09260590374469757}, {""best_epoch"": 300, ""hidden"": ""32x32"", ""param_count"": 1345, ""validation_mse_scaled"": 0.16686759889125824}]",32x16,300.0,0.09260590374469757,bias_v,-1.0,2.7705440521240234,3.846822738647461,0.0,,,,,
APD_I_net,net_photocurrent,True,42,curve_lut,0.0344640398949596,0.019819649550910028,0.9976332052903587,8.684435534193718e-08,1.3747521453339713e-08,2.2414077987159464,16.78106148891095,0.0310888480613535,0.019819649550910028,8772,0.05642034499999227,,,,0.05649560699998801,True,51,8,11,8,8160,1280,<REPO_ROOT>/artifacts/results/compact_framework_eight_models_apd/predictions/seed_42/net_photocurrent/curve_lut/test_predictions.csv,curve_object_pchip_lut_condition_idw,8772.0,,,,0.002059972922440559,"[{""boundary_hold_evaluations"": 0, ""distance_power"": 1.0, ""neighbor_curves"": 1, ""validation_mse"": 0.002073143746547652}, {""boundary_hold_evaluations"": 0, ""distance_power"": 1.0, ""neighbor_curves"": 2, ""validation_mse"": 0.002059972922440559}, {""boundary_hold_evaluations"": 0, ""distance_power"": 1.0, ""neighbor_curves"": 4, ""validation_mse"": 0.0025290962590457373}, {""boundary_hold_evaluations"": 0, ""distance_power"": 2.0, ""neighbor_curves"": 4, ""validation_mse"": 0.002144157209551872}, {""boundary_hold_evaluations"": 0, ""distance_power"": 2.0, ""neighbor_curves"": 8, ""validation_mse"": 0.0033949963686572436}]",,,,,,,,,8160.0,102.0,2.0,1.0,0.0
APD_I_net,net_photocurrent,True,43,bkan,0.0425293676399571,0.021263032842439373,0.9964540511486273,1.4889305706938982e-07,1.9541235160152567e-08,2.3650206306398704,17.520460551083964,0.03939694703069481,0.021263032842439376,1872,346.6589901999105,300.0,-1.9912366151809693,<REPO_ROOT>/artifacts\results\apd_second_device\predictions\seed_43\net_photocurrent\bkan\model_checkpoint.pt,346.9685267000459,True,51,8,11,8,8160,1280,<REPO_ROOT>/artifacts/results/compact_framework_eight_models_apd/predictions/seed_43/net_photocurrent/bkan/test_predictions.csv,,,,,,,,,,,,,,,,,,,,
APD_I_net,net_photocurrent,True,43,dkan,0.07262792127275758,0.042589589258994975,0.9896590165176212,1.680095057259512e-07,2.7560009477236226e-08,5.967450082291052,33.86126360051298,0.06972425831989404,0.042589589258994975,1088,5.425599900074303,,,,5.459588500205427,True,51,8,11,8,8160,1280,<REPO_ROOT>/artifacts/results/compact_framework_eight_models_apd/predictions/seed_43/net_photocurrent/dkan/test_predictions.csv,,,,,,,,,,,,,,,,,,,,
APD_I_net,net_photocurrent,True,43,mlp_l,0.2619420168194448,0.19680891179031706,0.8654867858226211,3.640289303384371e-07,8.98469634007218e-08,42.02655162110479,85.84147697157188,0.2618749806876358,0.19680891179031706,2625,1.2151564999949187,,,,1.2184668998233974,True,51,8,11,8,8160,1280,<REPO_ROOT>/artifacts/results/compact_framework_eight_models_apd/predictions/seed_43/net_photocurrent/mlp_l/test_predictions.csv,,,,,,,,,,,,,,,,,,,,
APD_I_net,net_photocurrent,True,43,spline_ridge,0.05643643777709675,0.03651024364616266,0.9937558431553294,1.0154971186627238e-07,1.9676136292273047e-08,5.611708867967038,26.902994097896684,0.053121117175171775,0.03651024364616267,50,,,,,0.010337300132960081,True,51,8,11,8,8160,1280,<REPO_ROOT>/artifacts/results/compact_framework_eight_models_apd/predictions/seed_43/net_photocurrent/spline_ridge/test_predictions.csv,,,,,,,,,,,,,,,,,,,,
APD_I_net,net_photocurrent,True,43,gmls,0.1029923828440109,0.06490056785955786,0.9792047173128554,1.8414696259548508e-07,3.556561659490287e-08,8.316472845988887,44.95570974370931,0.09940534702008527,0.06490056785955786,65280,0.43103349999000784,,,,0.4310548000066774,True,51,8,11,8,8160,1280,<REPO_ROOT>/artifacts/results/compact_framework_eight_models_apd/predictions/seed_43/net_photocurrent/gmls/test_predictions.csv,validation_selected_gaussian_gmls_adapted,65280.0,2.0,36.0,144.0,0.013275784789199352,"[{""degree"": 1, ""neighbor_factor"": 4, ""neighbors"": 48, ""validation_mse"": 0.03227541082563123}, {""degree"": 2, ""neighbor_factor"": 4, ""neighbors"": 144, ""validation_mse"": 0.013275784789199352}, {""degree"": 2, ""neighbor_factor"": 8, ""neighbors"": 288, ""validation_mse"": 0.022002085308665455}]",,,,,,,,,,,,,
APD_I_net,net_photocurrent,True,43,autopinn,0.21680559543320502,0.1526391387581447,0.9078499470334094,3.3355989506376895e-07,7.465700676363702e-08,29.581839922635204,78.68043047592856,0.21663084599092347,0.1526391387581447,1345,1.6983245000010356,,,,1.6984111000056146,True,51,8,11,8,8160,1280,<REPO_ROOT>/artifacts/results/compact_framework_eight_models_apd/predictions/seed_43/net_photocurrent/autopinn/test_predictions.csv,autopinn_adapted_smooth_monotone_architecture_search,,,,,,"[{""best_epoch"": 300, ""hidden"": ""16x16"", ""param_count"": 417, ""validation_mse_scaled"": 0.15538346767425537}, {""best_epoch"": 300, ""hidden"": ""32x16"", ""param_count"": 801, ""validation_mse_scaled"": 0.13409414887428284}, {""best_epoch"": 300, ""hidden"": ""32x32"", ""param_count"": 1345, ""validation_mse_scaled"": 0.09393616020679474}]",32x32,300.0,0.09393616020679474,bias_v,-1.0,2.5923640727996826,2.570812463760376,0.0,,,,,
APD_I_net,net_photocurrent,True,43,curve_lut,0.054272467628008324,0.022930592458435994,0.994225508416354,8.594574990629869e-08,1.1390939656044994e-08,1.7233839250253529,25.978412906724863,0.04006862890115334,0.02293059245843599,8772,0.0561883159999752,,,,0.05626969900004042,True,51,8,11,8,8160,1280,<REPO_ROOT>/artifacts/results/compact_framework_eight_models_apd/predictions/seed_43/net_photocurrent/curve_lut/test_predictions.csv,curve_object_pchip_lut_condition_idw,8772.0,,,,0.0010185094215812347,"[{""boundary_hold_evaluations"": 0, ""distance_power"": 1.0, ""neighbor_curves"": 1, ""validation_mse"": 0.0010185094215812347}, {""boundary_hold_evaluations"": 0, ""distance_power"": 1.0, ""neighbor_curves"": 2, ""validation_mse"": 0.001234968189443077}, {""boundary_hold_evaluations"": 0, ""distance_power"": 1.0, ""neighbor_curves"": 4, ""validation_mse"": 0.002197680541403753}, {""boundary_hold_evaluations"": 0, ""distance_power"": 2.0, ""neighbor_curves"": 4, ""validation_mse"": 0.0016420134302962963}, {""boundary_hold_evaluations"": 0, ""distance_power"": 2.0, ""neighbor_curves"": 8, ""validation_mse"": 0.002432400688629293}]",,,,,,,,,8160.0,102.0,1.0,1.0,0.0
APD_I_net,net_photocurrent,True,44,bkan,0.03129654507415126,0.017408889189263217,0.9980579835830519,1.2150475768417654e-07,1.668379753310966e-08,2.1163548693525556,14.5387195635308,0.030969787953040492,0.017408889189263217,1872,343.7531888000667,300.0,-2.145564341545105,<REPO_ROOT>/artifacts\results\apd_second_device\predictions\seed_44\net_photocurrent\bkan\model_checkpoint.pt,344.07078510010615,True,51,8,11,8,8160,1280,<REPO_ROOT>/artifacts/results/compact_framework_eight_models_apd/predictions/seed_44/net_photocurrent/bkan/test_predictions.csv,,,,,,,,,,,,,,,,,,,,
APD_I_net,net_photocurrent,True,44,dkan,0.0817495744238526,0.05357076623968913,0.9867495354728675,1.932795710096522e-07,3.485824859174881e-08,7.963528957119394,38.5613907435577,0.07787484276917522,0.05357076623968912,1088,5.496361600002274,,,,5.528862900100648,True,51,8,11,8,8160,1280,<REPO_ROOT>/artifacts/results/compact_framework_eight_models_apd/predictions/seed_44/net_photocurrent/dkan/test_predictions.csv,,,,,,,,,,,,,,,,,,,,
APD_I_net,net_photocurrent,True,44,mlp_l,0.2663026616155927,0.20286687729938963,0.8593916483430549,3.448074129180104e-07,8.871127245964284e-08,43.56677861554342,86.01765708058981,0.26622957474060177,0.20286687729938957,2625,1.226813199929893,,,,1.2293829000554979,True,51,8,11,8,8160,1280,<REPO_ROOT>/artifacts/results/compact_framework_eight_models_apd/predictions/seed_44/net_photocurrent/mlp_l/test_predictions.csv,,,,,,,,,,,,,,,,,,,,
APD_I_net,net_photocurrent,True,44,spline_ridge,0.047092970158944446,0.033150789050978194,0.9956028400117762,8.152044708993626e-08,1.791186068559015e-08,5.300172006650152,24.237835952181563,0.04505950891736382,0.03315078905097819,50,,,,,0.00992499990388751,True,51,8,11,8,8160,1280,<REPO_ROOT>/artifacts/results/compact_framework_eight_models_apd/predictions/seed_44/net_photocurrent/spline_ridge/test_predictions.csv,,,,,,,,,,,,,,,,,,,,
APD_I_net,net_photocurrent,True,44,gmls,0.11464762549494655,0.07264299975046001,0.9739390506881527,1.674081469269876e-07,3.468080677911306e-08,9.09913990766674,46.42333065837044,0.11222302553022068,0.07264299975046003,65280,0.45303750000311993,,,,0.4530596999975387,True,51,8,11,8,8160,1280,<REPO_ROOT>/artifacts/results/compact_framework_eight_models_apd/predictions/seed_44/net_photocurrent/gmls/test_predictions.csv,validation_selected_gaussian_gmls_adapted,65280.0,2.0,36.0,144.0,0.012596941300553235,"[{""degree"": 1, ""neighbor_factor"": 4, ""neighbors"": 48, ""validation_mse"": 0.022384267060110836}, {""degree"": 2, ""neighbor_factor"": 4, ""neighbors"": 144, ""validation_mse"": 0.012596941300553235}, {""degree"": 2, ""neighbor_factor"": 8, ""neighbors"": 288, ""validation_mse"": 0.01893382103283902}]",,,,,,,,,,,,,
APD_I_net,net_photocurrent,True,44,autopinn,0.20056392034883164,0.14887483402633256,0.9202435669246352,3.2278161816869813e-07,7.636434196769257e-08,29.833152093959285,65.9819202310552,0.20047874622866674,0.1488748340263326,1345,1.7151105999946594,,,,1.7152327000076184,True,51,8,11,8,8160,1280,<REPO_ROOT>/artifacts/results/compact_framework_eight_models_apd/predictions/seed_44/net_photocurrent/autopinn/test_predictions.csv,autopinn_adapted_smooth_monotone_architecture_search,,,,,,"[{""best_epoch"": 300, ""hidden"": ""16x16"", ""param_count"": 417, ""validation_mse_scaled"": 0.19718465209007263}, {""best_epoch"": 300, ""hidden"": ""32x16"", ""param_count"": 801, ""validation_mse_scaled"": 0.0898575633764267}, {""best_epoch"": 300, ""hidden"": ""32x32"", ""param_count"": 1345, ""validation_mse_scaled"": 0.08382119983434677}]",32x32,300.0,0.08382119983434677,bias_v,-1.0,3.263627290725708,5.540995121002197,0.0,,,,,
APD_I_net,net_photocurrent,True,44,curve_lut,0.049072740184622446,0.026496034231942904,0.995225359016538,6.567720657685736e-08,1.2515261289410937e-08,1.6955704614209246,24.828969044546884,0.03926432861945832,0.026496034231942904,8772,0.06162591499997916,,,,0.06169650200001797,True,51,8,11,8,8160,1280,<REPO_ROOT>/artifacts/results/compact_framework_eight_models_apd/predictions/seed_44/net_photocurrent/curve_lut/test_predictions.csv,curve_object_pchip_lut_condition_idw,8772.0,,,,0.0016830978673655355,"[{""boundary_hold_evaluations"": 0, ""distance_power"": 1.0, ""neighbor_curves"": 1, ""validation_mse"": 0.004513499833670789}, {""boundary_hold_evaluations"": 0, ""distance_power"": 1.0, ""neighbor_curves"": 2, ""validation_mse"": 0.0022196286653108316}, {""boundary_hold_evaluations"": 0, ""distance_power"": 1.0, ""neighbor_curves"": 4, ""validation_mse"": 0.0016830978673655355}, {""boundary_hold_evaluations"": 0, ""distance_power"": 2.0, ""neighbor_curves"": 4, ""validation_mse"": 0.0018001366022641022}, {""boundary_hold_evaluations"": 0, ""distance_power"": 2.0, ""neighbor_curves"": 8, ""validation_mse"": 0.0029461962780466715}]",,,,,,,,,8160.0,102.0,4.0,1.0,0.0
APD_I_net,net_photocurrent,True,45,bkan,0.03395018061283261,0.019480350653161657,0.9977580895851119,1.087713656054196e-07,1.5291880107659612e-08,2.4388315371419447,15.619726014230569,0.033829377075716066,0.019480350653161657,1872,342.59382930002175,300.0,-2.035344958305359,<REPO_ROOT>/artifacts\results\apd_second_device\predictions\seed_45\net_photocurrent\bkan\model_checkpoint.pt,342.89619110012427,True,51,8,11,8,8160,1280,<REPO_ROOT>/artifacts/results/compact_framework_eight_models_apd/predictions/seed_45/net_photocurrent/bkan/test_predictions.csv,,,,,,,,,,,,,,,,,,,,
APD_I_net,net_photocurrent,True,45,dkan,0.0627632155253265,0.03805238566988483,0.9923379594248402,1.797049063189652e-07,2.8328769268204156e-08,5.288855914003417,28.5893093885787,0.06213306635750907,0.038052385669884836,1088,5.413082099985331,,,,5.448058400070295,True,51,8,11,8,8160,1280,<REPO_ROOT>/artifacts/results/compact_framework_eight_models_apd/predictions/seed_45/net_photocurrent/dkan/test_predictions.csv,,,,,,,,,,,,,,,,,,,,
APD_I_net,net_photocurrent,True,45,mlp_l,0.27640777730987487,0.2090905118529019,0.8513945990745596,3.4780538245280954e-07,8.807139564179054e-08,43.32649329282452,85.5314173874247,0.27628482548423017,0.20909051185290184,2625,1.1766230999492109,,,,1.179935700027272,True,51,8,11,8,8160,1280,<REPO_ROOT>/artifacts/results/compact_framework_eight_models_apd/predictions/seed_45/net_photocurrent/mlp_l/test_predictions.csv,,,,,,,,,,,,,,,,,,,,
APD_I_net,net_photocurrent,True,45,spline_ridge,0.051500757912068595,0.036296016029358086,0.9948410500183211,9.37537162595876e-08,1.8394414310452787e-08,5.991597991248498,27.490231626600025,0.05002534311753684,0.036296016029358086,50,,,,,0.00958780013024807,True,51,8,11,8,8160,1280,<REPO_ROOT>/artifacts/results/compact_framework_eight_models_apd/predictions/seed_45/net_photocurrent/spline_ridge/test_predictions.csv,,,,,,,,,,,,,,,,,,,,
APD_I_net,net_photocurrent,True,45,gmls,0.12317934862547812,0.08059066508816257,0.9704872361463903,1.8866009692932786e-07,3.681629409755773e-08,11.181523010904193,48.97690337297887,0.12144412250164681,0.08059066508816258,65280,0.43356010000570677,,,,0.43358230000012554,True,51,8,11,8,8160,1280,<REPO_ROOT>/artifacts/results/compact_framework_eight_models_apd/predictions/seed_45/net_photocurrent/gmls/test_predictions.csv,validation_selected_gaussian_gmls_adapted,65280.0,2.0,36.0,144.0,0.014958441564815367,"[{""degree"": 1, ""neighbor_factor"": 4, ""neighbors"": 48, ""validation_mse"": 0.03253264921397482}, {""degree"": 2, ""neighbor_factor"": 4, ""neighbors"": 144, ""validation_mse"": 0.014958441564815367}, {""degree"": 2, ""neighbor_factor"": 8, ""neighbors"": 288, ""validation_mse"": 0.021823750130874085}]",,,,,,,,,,,,,
APD_I_net,net_photocurrent,True,45,autopinn,0.1182776578351103,0.06761823680586461,0.9727893129032197,2.9609566930040587e-07,5.493448840607035e-08,8.315288762887537,46.536645770914056,0.11783766647299894,0.06761823680586461,1345,1.7076608000061242,,,,1.7077493000106188,True,51,8,11,8,8160,1280,<REPO_ROOT>/artifacts/results/compact_framework_eight_models_apd/predictions/seed_45/net_photocurrent/autopinn/test_predictions.csv,autopinn_adapted_smooth_monotone_architecture_search,,,,,,"[{""best_epoch"": 300, ""hidden"": ""16x16"", ""param_count"": 417, ""validation_mse_scaled"": 0.18216928839683533}, {""best_epoch"": 300, ""hidden"": ""32x16"", ""param_count"": 801, ""validation_mse_scaled"": 0.10492672771215439}, {""best_epoch"": 300, ""hidden"": ""32x32"", ""param_count"": 1345, ""validation_mse_scaled"": 0.029229870066046715}]",32x32,300.0,0.029229870066046715,bias_v,-1.0,5.172367572784424,9.563207626342773,0.0,,,,,
APD_I_net,net_photocurrent,True,45,curve_lut,0.031134246038644016,0.016583554942234683,0.9981145683955496,6.771660825906524e-08,9.999676705142572e-09,1.2938543051660742,17.9390883208029,0.029375921522224818,0.016583554942234683,8772,0.06975594299996146,,,,0.06983602699995117,True,51,8,11,8,8160,1280,<REPO_ROOT>/artifacts/results/compact_framework_eight_models_apd/predictions/seed_45/net_photocurrent/curve_lut/test_predictions.csv,curve_object_pchip_lut_condition_idw,8772.0,,,,0.0008376357775078714,"[{""boundary_hold_evaluations"": 0, ""distance_power"": 1.0, ""neighbor_curves"": 1, ""validation_mse"": 0.0009541852062614021}, {""boundary_hold_evaluations"": 0, ""distance_power"": 1.0, ""neighbor_curves"": 2, ""validation_mse"": 0.0008376357775078714}, {""boundary_hold_evaluations"": 0, ""distance_power"": 1.0, ""neighbor_curves"": 4, ""validation_mse"": 0.00499822817384223}, {""boundary_hold_evaluations"": 0, ""distance_power"": 2.0, ""neighbor_curves"": 4, ""validation_mse"": 0.00304151460443526}, {""boundary_hold_evaluations"": 0, ""distance_power"": 2.0, ""neighbor_curves"": 8, ""validation_mse"": 0.0024981303751409694}]",,,,,,,,,8160.0,102.0,2.0,1.0,0.0
APD_I_net,net_photocurrent,True,46,bkan,0.046805718861733604,0.021832861692613108,0.9957582865321173,1.809417460326544e-07,2.2346569459958137e-08,2.067555609703632,18.41878494654413,0.04499639432929915,0.02183286169261311,1872,337.10930499993265,300.0,-2.0822574377059935,<REPO_ROOT>/artifacts\results\apd_second_device\predictions\seed_46\net_photocurrent\bkan\model_checkpoint.pt,337.419422699837,True,51,8,11,8,8160,1280,<REPO_ROOT>/artifacts/results/compact_framework_eight_models_apd/predictions/seed_46/net_photocurrent/bkan/test_predictions.csv,,,,,,,,,,,,,,,,,,,,
APD_I_net,net_photocurrent,True,46,dkan,0.05589268487090454,0.02851593813755563,0.993951419950697,1.714753071315622e-07,2.4000369011147544e-08,3.2972923333224724,21.355114547421515,0.054092103517549284,0.028515938137555635,1088,5.311205599922687,,,,5.342006599996239,True,51,8,11,8,8160,1280,<REPO_ROOT>/artifacts/results/compact_framework_eight_models_apd/predictions/seed_46/net_photocurrent/dkan/test_predictions.csv,,,,,,,,,,,,,,,,,,,,
APD_I_net,net_photocurrent,True,46,mlp_l,0.2546304882703139,0.19071058656922615,0.8744651539302584,3.653995121763055e-07,8.836670051446204e-08,40.82307925351851,85.57032303806336,0.25437064422437305,0.19071058656922613,2625,1.1727672999259084,,,,1.175386399962008,True,51,8,11,8,8160,1280,<REPO_ROOT>/artifacts/results/compact_framework_eight_models_apd/predictions/seed_46/net_photocurrent/mlp_l/test_predictions.csv,,,,,,,,,,,,,,,,,,,,
APD_I_net,net_photocurrent,True,46,spline_ridge,0.05371351166697116,0.03373795301618181,0.9944138758737666,1.0994089695747196e-07,1.9279712141236436e-08,4.890891666234355,25.009846328931978,0.05005370471981095,0.03373795301618181,50,,,,,0.008226600009948015,True,51,8,11,8,8160,1280,<REPO_ROOT>/artifacts/results/compact_framework_eight_models_apd/predictions/seed_46/net_photocurrent/spline_ridge/test_predictions.csv,,,,,,,,,,,,,,,,,,,,
APD_I_net,net_photocurrent,True,46,gmls,0.10577705561569725,0.06525782518302237,0.9783366090859501,2.0344291067396193e-07,3.645669189730263e-08,8.888565730287599,45.160017727297614,0.10136432565185788,0.06525782518302237,65280,0.4190758999902755,,,,0.41909920000762213,True,51,8,11,8,8160,1280,<REPO_ROOT>/artifacts/results/compact_framework_eight_models_apd/predictions/seed_46/net_photocurrent/gmls/test_predictions.csv,validation_selected_gaussian_gmls_adapted,65280.0,2.0,36.0,144.0,0.02110964728919044,"[{""degree"": 1, ""neighbor_factor"": 4, ""neighbors"": 48, ""validation_mse"": 0.042230298032870914}, {""degree"": 2, ""neighbor_factor"": 4, ""neighbors"": 144, ""validation_mse"": 0.02110964728919044}, {""degree"": 2, ""neighbor_factor"": 8, ""neighbors"": 288, ""validation_mse"": 0.030386855334678265}]",,,,,,,,,,,,,
APD_I_net,net_photocurrent,True,46,autopinn,0.1749126189160332,0.12197877323441346,0.9407639933072425,3.552913476692514e-07,7.811168631505403e-08,23.11492555486312,67.07870965419062,0.1742438736508298,0.12197877323441345,1345,1.7015990000072634,,,,1.7016678999934811,True,51,8,11,8,8160,1280,<REPO_ROOT>/artifacts/results/compact_framework_eight_models_apd/predictions/seed_46/net_photocurrent/autopinn/test_predictions.csv,autopinn_adapted_smooth_monotone_architecture_search,,,,,,"[{""best_epoch"": 300, ""hidden"": ""16x16"", ""param_count"": 417, ""validation_mse_scaled"": 0.17760363221168518}, {""best_epoch"": 300, ""hidden"": ""32x16"", ""param_count"": 801, ""validation_mse_scaled"": 0.1831282526254654}, {""best_epoch"": 300, ""hidden"": ""32x32"", ""param_count"": 1345, ""validation_mse_scaled"": 0.060412608087062836}]",32x32,300.0,0.060412608087062836,bias_v,-1.0,4.146708965301514,8.186945915222168,0.0,,,,,
APD_I_net,net_photocurrent,True,46,curve_lut,0.04033655520083291,0.020193528303282804,0.9968497784295858,9.29475018921235e-08,1.4682511118001584e-08,1.6606600987007407,21.130335577739757,0.037663756311386874,0.020193528303282807,8772,0.06281241599998566,,,,0.06292626999999129,True,51,8,11,8,8160,1280,<REPO_ROOT>/artifacts/results/compact_framework_eight_models_apd/predictions/seed_46/net_photocurrent/curve_lut/test_predictions.csv,curve_object_pchip_lut_condition_idw,8772.0,,,,0.0008765720806894883,"[{""boundary_hold_evaluations"": 0, ""distance_power"": 1.0, ""neighbor_curves"": 1, ""validation_mse"": 0.0008765720806894883}, {""boundary_hold_evaluations"": 0, ""distance_power"": 1.0, ""neighbor_curves"": 2, ""validation_mse"": 0.004726306346025588}, {""boundary_hold_evaluations"": 0, ""distance_power"": 1.0, ""neighbor_curves"": 4, ""validation_mse"": 0.007428893313785263}, {""boundary_hold_evaluations"": 0, ""distance_power"": 2.0, ""neighbor_curves"": 4, ""validation_mse"": 0.004425627637997455}, {""boundary_hold_evaluations"": 0, ""distance_power"": 2.0, ""neighbor_curves"": 8, ""validation_mse"": 0.0036953669390742613}]",,,,,,,,,8160.0,102.0,1.0,1.0,0.0
APD_I_net,net_photocurrent,True,47,bkan,0.03842826891606227,0.020523531507702364,0.9972074787157751,1.07522749551207e-07,1.5717081479292856e-08,2.6677668949471514,15.203692055653795,0.03530459570467706,0.020523531507702364,1872,336.7156229999382,300.0,-2.0578546047210695,<REPO_ROOT>/artifacts\results\apd_second_device\predictions\seed_47\net_photocurrent\bkan\model_checkpoint.pt,337.0203788999934,True,51,8,11,8,8160,1280,<REPO_ROOT>/artifacts/results/compact_framework_eight_models_apd/predictions/seed_47/net_photocurrent/bkan/test_predictions.csv,,,,,,,,,,,,,,,,,,,,
APD_I_net,net_photocurrent,True,47,dkan,0.06513243310175974,0.03262124834401183,0.9919778744660805,1.8360497132032751e-07,2.5376436005829322e-08,3.4448040733157246,25.622413657862463,0.06252225236149814,0.03262124834401183,1088,5.241545500000939,,,,5.274052199907601,True,51,8,11,8,8160,1280,<REPO_ROOT>/artifacts/results/compact_framework_eight_models_apd/predictions/seed_47/net_photocurrent/dkan/test_predictions.csv,,,,,,,,,,,,,,,,,,,,
APD_I_net,net_photocurrent,True,47,mlp_l,0.2651564099719652,0.19745382232675893,0.8670467033783601,3.626266169670014e-07,9.064158693950546e-08,41.96916506308469,87.33814911641115,0.2649863541514476,0.1974538223267589,2625,1.1953614000231028,,,,1.1983358999714255,True,51,8,11,8,8160,1280,<REPO_ROOT>/artifacts/results/compact_framework_eight_models_apd/predictions/seed_47/net_photocurrent/mlp_l/test_predictions.csv,,,,,,,,,,,,,,,,,,,,
APD_I_net,net_photocurrent,True,47,spline_ridge,0.05440318244730265,0.03480671361165329,0.9944031526667119,9.691675393109464e-08,1.7936475730759486e-08,4.896385573748212,23.52262499944838,0.04826148510379183,0.03480671361165329,50,,,,,0.010338400024920702,True,51,8,11,8,8160,1280,<REPO_ROOT>/artifacts/results/compact_framework_eight_models_apd/predictions/seed_47/net_photocurrent/spline_ridge/test_predictions.csv,,,,,,,,,,,,,,,,,,,,
APD_I_net,net_photocurrent,True,47,gmls,0.11528541083286062,0.07073665443313885,0.9748670450540418,1.9971864597822975e-07,3.8748164333063867e-08,9.195820860204158,43.65530052429395,0.11234306443428213,0.07073665443313887,65280,0.4378952999977628,,,,0.4379159999953117,True,51,8,11,8,8160,1280,<REPO_ROOT>/artifacts/results/compact_framework_eight_models_apd/predictions/seed_47/net_photocurrent/gmls/test_predictions.csv,validation_selected_gaussian_gmls_adapted,65280.0,2.0,36.0,144.0,0.010832894297378924,"[{""degree"": 1, ""neighbor_factor"": 4, ""neighbors"": 48, ""validation_mse"": 0.01891836333934282}, {""degree"": 2, ""neighbor_factor"": 4, ""neighbors"": 144, ""validation_mse"": 0.010832894297378924}, {""degree"": 2, ""neighbor_factor"": 8, ""neighbors"": 288, ""validation_mse"": 0.01685873322772599}]",,,,,,,,,,,,,
APD_I_net,net_photocurrent,True,47,autopinn,0.22726432062185364,0.14787449885604803,0.9023308591277334,3.4192487361269554e-07,7.530248500266864e-08,24.66166338266705,82.94112950711519,0.22657714366826348,0.14787449885604803,801,1.7354464999953052,,,,1.735544299997855,True,51,8,11,8,8160,1280,<REPO_ROOT>/artifacts/results/compact_framework_eight_models_apd/predictions/seed_47/net_photocurrent/autopinn/test_predictions.csv,autopinn_adapted_smooth_monotone_architecture_search,,,,,,"[{""best_epoch"": 300, ""hidden"": ""16x16"", ""param_count"": 417, ""validation_mse_scaled"": 0.19605794548988342}, {""best_epoch"": 300, ""hidden"": ""32x16"", ""param_count"": 801, ""validation_mse_scaled"": 0.09636969119310379}, {""best_epoch"": 300, ""hidden"": ""32x32"", ""param_count"": 1345, ""validation_mse_scaled"": 0.16926756501197815}]",32x16,300.0,0.09636969119310379,bias_v,-1.0,2.4239261150360107,3.137380361557007,0.0,,,,,
APD_I_net,net_photocurrent,True,47,curve_lut,0.04578688985679359,0.022612883438730982,0.9960356030035422,7.579605826462815e-08,1.0301040738121163e-08,1.9491686684807765,30.28849208370976,0.03918572111635983,0.02261288343873098,8772,0.05582822200000237,,,,0.05590326700001924,True,51,8,11,8,8160,1280,<REPO_ROOT>/artifacts/results/compact_framework_eight_models_apd/predictions/seed_47/net_photocurrent/curve_lut/test_predictions.csv,curve_object_pchip_lut_condition_idw,8772.0,,,,0.0024506422233174546,"[{""boundary_hold_evaluations"": 0, ""distance_power"": 1.0, ""neighbor_curves"": 1, ""validation_mse"": 0.0024506422233174546}, {""boundary_hold_evaluations"": 0, ""distance_power"": 1.0, ""neighbor_curves"": 2, ""validation_mse"": 0.0027561394458379906}, {""boundary_hold_evaluations"": 0, ""distance_power"": 1.0, ""neighbor_curves"": 4, ""validation_mse"": 0.00287695341612388}, {""boundary_hold_evaluations"": 0, ""distance_power"": 2.0, ""neighbor_curves"": 4, ""validation_mse"": 0.0027933946848957476}, {""boundary_hold_evaluations"": 0, ""distance_power"": 2.0, ""neighbor_curves"": 8, ""validation_mse"": 0.003234687350031773}]",,,,,,,,,8160.0,102.0,1.0,1.0,0.0
APD_I_net,net_photocurrent,True,48,bkan,0.04166089259164854,0.019907823564865878,0.996704343200723,1.4602560106382877e-07,1.9950478859924015e-08,2.5099546307788865,15.408669433821302,0.04002644720835154,0.01990782356486588,1872,268.5032368998509,300.0,-2.149584341049194,<REPO_ROOT>/artifacts\results\apd_second_device\predictions\seed_48\net_photocurrent\bkan\model_checkpoint.pt,268.7391802999191,True,51,8,11,8,8160,1280,<REPO_ROOT>/artifacts/results/compact_framework_eight_models_apd/predictions/seed_48/net_photocurrent/bkan/test_predictions.csv,,,,,,,,,,,,,,,,,,,,
APD_I_net,net_photocurrent,True,48,dkan,0.0735876187658094,0.04361154706073791,0.9897176037170543,2.0460399858008002e-07,3.3445131644615556e-08,5.926399524082878,31.19674469119326,0.0717158430040308,0.0436115470607379,1088,4.093866700073704,,,,4.119624399812892,True,51,8,11,8,8160,1280,<REPO_ROOT>/artifacts/results/compact_framework_eight_models_apd/predictions/seed_48/net_photocurrent/dkan/test_predictions.csv,,,,,,,,,,,,,,,,,,,,
APD_I_net,net_photocurrent,True,48,mlp_l,0.27374955072263196,0.20375708688727112,0.8577043354589193,3.6678239334574377e-07,9.19657321559301e-08,42.6269416321345,87.94893273701047,0.2734377974791311,0.20375708688727112,2625,0.9095109000336379,,,,0.9117113000247627,True,51,8,11,8,8160,1280,<REPO_ROOT>/artifacts/results/compact_framework_eight_models_apd/predictions/seed_48/net_photocurrent/mlp_l/test_predictions.csv,,,,,,,,,,,,,,,,,,,,
APD_I_net,net_photocurrent,True,48,spline_ridge,0.059145512935882896,0.039153000365920856,0.9933575477193586,1.0789681394335233e-07,1.985693710978333e-08,6.237459773164189,28.70833232752008,0.05420412993290418,0.03915300036592085,50,,,,,0.009293799987062812,True,51,8,11,8,8160,1280,<REPO_ROOT>/artifacts/results/compact_framework_eight_models_apd/predictions/seed_48/net_photocurrent/spline_ridge/test_predictions.csv,,,,,,,,,,,,,,,,,,,,
APD_I_net,net_photocurrent,True,48,gmls,0.11197357525963338,0.07164630765791509,0.9761923829335427,1.8777868858486546e-07,3.7315504553770774e-08,9.963945998601861,44.53024441056788,0.10770413652161104,0.07164630765791508,65280,0.4375908999936655,,,,0.43761130000348203,True,51,8,11,8,8160,1280,<REPO_ROOT>/artifacts/results/compact_framework_eight_models_apd/predictions/seed_48/net_photocurrent/gmls/test_predictions.csv,validation_selected_gaussian_gmls_adapted,65280.0,2.0,36.0,144.0,0.01300843709809028,"[{""degree"": 1, ""neighbor_factor"": 4, ""neighbors"": 48, ""validation_mse"": 0.027496930314986835}, {""degree"": 2, ""neighbor_factor"": 4, ""neighbors"": 144, ""validation_mse"": 0.01300843709809028}, {""degree"": 2, ""neighbor_factor"": 8, ""neighbors"": 288, ""validation_mse"": 0.01877907628332806}]",,,,,,,,,,,,,
APD_I_net,net_photocurrent,True,48,autopinn,0.2780303919452123,0.20336960798053366,0.8532191555528176,3.650351142640556e-07,9.139523395603393e-08,40.59573188570936,88.48153030520994,0.2775623956236859,0.20336960798053366,801,1.710898300007102,,,,1.7109997999941697,True,51,8,11,8,8160,1280,<REPO_ROOT>/artifacts/results/compact_framework_eight_models_apd/predictions/seed_48/net_photocurrent/autopinn/test_predictions.csv,autopinn_adapted_smooth_monotone_architecture_search,,,,,,"[{""best_epoch"": 300, ""hidden"": ""16x16"", ""param_count"": 417, ""validation_mse_scaled"": 0.20540566742420197}, {""best_epoch"": 300, ""hidden"": ""32x16"", ""param_count"": 801, ""validation_mse_scaled"": 0.14780420064926147}, {""best_epoch"": 300, ""hidden"": ""32x32"", ""param_count"": 1345, ""validation_mse_scaled"": 0.1768633872270584}]",32x16,300.0,0.14780420064926147,bias_v,-1.0,1.8171427249908447,1.1163051128387451,0.0,,,,,
APD_I_net,net_photocurrent,True,48,curve_lut,0.05184370726266058,0.03016739713530873,0.9948963963726238,6.711054342269723e-08,1.3019832998214671e-08,2.5471546518186647,25.34248516995283,0.04404208615942768,0.030167397135308735,8772,0.06655306900000824,,,,0.06663162099999909,True,51,8,11,8,8160,1280,<REPO_ROOT>/artifacts/results/compact_framework_eight_models_apd/predictions/seed_48/net_photocurrent/curve_lut/test_predictions.csv,curve_object_pchip_lut_condition_idw,8772.0,,,,0.000548571070490406,"[{""boundary_hold_evaluations"": 0, ""distance_power"": 1.0, ""neighbor_curves"": 1, ""validation_mse"": 0.0017173777116627868}, {""boundary_hold_evaluations"": 0, ""distance_power"": 1.0, ""neighbor_curves"": 2, ""validation_mse"": 0.0008603431815984407}, {""boundary_hold_evaluations"": 0, ""distance_power"": 1.0, ""neighbor_curves"": 4, ""validation_mse"": 0.0005580077184935185}, {""boundary_hold_evaluations"": 0, ""distance_power"": 2.0, ""neighbor_curves"": 4, ""validation_mse"": 0.000548571070490406}, {""boundary_hold_evaluations"": 0, ""distance_power"": 2.0, ""neighbor_curves"": 8, ""validation_mse"": 0.001677798518855668}]",,,,,,,,,8160.0,102.0,4.0,2.0,0.0
APD_I_net,net_photocurrent,True,49,bkan,0.030830929902188067,0.017954172447310644,0.9981790592500801,1.1275407479398858e-07,1.5555092851320184e-08,2.002141238987183,14.860357626680651,0.030479072871429782,0.017954172447310648,1872,260.2566194999963,300.0,-2.0219204902648924,<REPO_ROOT>/artifacts\results\apd_second_device\predictions\seed_49\net_photocurrent\bkan\model_checkpoint.pt,260.494930600049,True,51,8,11,8,8160,1280,<REPO_ROOT>/artifacts/results/compact_framework_eight_models_apd/predictions/seed_49/net_photocurrent/bkan/test_predictions.csv,,,,,,,,,,,,,,,,,,,,
APD_I_net,net_photocurrent,True,49,dkan,0.07246373081733223,0.04672460885733757,0.9899407883185833,2.040613183485852e-07,3.339970178861878e-08,7.862419922180045,26.984278540519842,0.0707032188467534,0.04672460885733756,1088,4.072040600003675,,,,4.095851799938828,True,51,8,11,8,8160,1280,<REPO_ROOT>/artifacts/results/compact_framework_eight_models_apd/predictions/seed_49/net_photocurrent/dkan/test_predictions.csv,,,,,,,,,,,,,,,,,,,,
APD_I_net,net_photocurrent,True,49,mlp_l,0.2683780709991283,0.20297896726891054,0.8620198472910109,3.6286061567548544e-07,9.102843334886718e-08,43.10682411644632,86.31430476846178,0.26827944864231756,0.20297896726891054,2625,0.893099500099197,,,,0.8954841000959277,True,51,8,11,8,8160,1280,<REPO_ROOT>/artifacts/results/compact_framework_eight_models_apd/predictions/seed_49/net_photocurrent/mlp_l/test_predictions.csv,,,,,,,,,,,,,,,,,,,,
APD_I_net,net_photocurrent,True,49,spline_ridge,0.04234615275117435,0.030013106590851112,0.9965648121837354,9.710921584040248e-08,1.7749323952474053e-08,4.878480610299809,19.698826285176104,0.04013259455672286,0.030013106590851112,50,,,,,0.009074500063434243,True,51,8,11,8,8160,1280,<REPO_ROOT>/artifacts/results/compact_framework_eight_models_apd/predictions/seed_49/net_photocurrent/spline_ridge/test_predictions.csv,,,,,,,,,,,,,,,,,,,,
APD_I_net,net_photocurrent,True,49,gmls,0.1112400334859081,0.06991242665160054,0.9762947363955632,1.947239313495844e-07,3.570525187684575e-08,8.427796308829151,46.64180978256192,0.10812235406656738,0.06991242665160054,65280,0.4227305999957025,,,,0.4227546999900369,True,51,8,11,8,8160,1280,<REPO_ROOT>/artifacts/results/compact_framework_eight_models_apd/predictions/seed_49/net_photocurrent/gmls/test_predictions.csv,validation_selected_gaussian_gmls_adapted,65280.0,2.0,36.0,144.0,0.015131406379612767,"[{""degree"": 1, ""neighbor_factor"": 4, ""neighbors"": 48, ""validation_mse"": 0.022520413879111526}, {""degree"": 2, ""neighbor_factor"": 4, ""neighbors"": 144, ""validation_mse"": 0.015131406379612767}, {""degree"": 2, ""neighbor_factor"": 8, ""neighbors"": 288, ""validation_mse"": 0.020217960909966144}]",,,,,,,,,,,,,
APD_I_net,net_photocurrent,True,49,autopinn,0.21672521130094666,0.1513489360341907,0.9100209430072688,3.4185599467505746e-07,7.657187526183843e-08,28.86729956976947,79.24029658095861,0.2166501824929824,0.1513489360341907,1345,1.7250520999950822,,,,1.7251588000071933,True,51,8,11,8,8160,1280,<REPO_ROOT>/artifacts/results/compact_framework_eight_models_apd/predictions/seed_49/net_photocurrent/autopinn/test_predictions.csv,autopinn_adapted_smooth_monotone_architecture_search,,,,,,"[{""best_epoch"": 300, ""hidden"": ""16x16"", ""param_count"": 417, ""validation_mse_scaled"": 0.16066019237041473}, {""best_epoch"": 300, ""hidden"": ""32x16"", ""param_count"": 801, ""validation_mse_scaled"": 0.1610615998506546}, {""best_epoch"": 300, ""hidden"": ""32x32"", ""param_count"": 1345, ""validation_mse_scaled"": 0.09063133597373962}]",32x32,300.0,0.09063133597373962,bias_v,-1.0,2.6030824184417725,2.8859505653381348,0.0,,,,,
APD_I_net,net_photocurrent,True,49,curve_lut,0.034327845723770595,0.01744200557518861,0.9977425628560405,4.8128941182806424e-08,8.356020107297173e-09,1.6271859205290329,18.88139531087115,0.029567403126384756,0.01744200557518861,8772,0.06121971400000348,,,,0.061301804999970955,True,51,8,11,8,8160,1280,<REPO_ROOT>/artifacts/results/compact_framework_eight_models_apd/predictions/seed_49/net_photocurrent/curve_lut/test_predictions.csv,curve_object_pchip_lut_condition_idw,8772.0,,,,0.0024808766481752226,"[{""boundary_hold_evaluations"": 0, ""distance_power"": 1.0, ""neighbor_curves"": 1, ""validation_mse"": 0.004799884760519142}, {""boundary_hold_evaluations"": 0, ""distance_power"": 1.0, ""neighbor_curves"": 2, ""validation_mse"": 0.0024808766481752226}, {""boundary_hold_evaluations"": 0, ""distance_power"": 1.0, ""neighbor_curves"": 4, ""validation_mse"": 0.0036589988712321018}, {""boundary_hold_evaluations"": 0, ""distance_power"": 2.0, ""neighbor_curves"": 4, ""validation_mse"": 0.003246312774930703}, {""boundary_hold_evaluations"": 0, ""distance_power"": 2.0, ""neighbor_curves"": 8, ""validation_mse"": 0.002652276698329431}]",,,,,,,,,8160.0,102.0,2.0,1.0,0.0
APD_I_net,net_photocurrent,True,50,bkan,0.03435623952352209,0.01817675074807678,0.9977025672975609,1.6145952672666982e-07,2.1221644710031832e-08,2.302305636255989,12.662418103491795,0.034215387663233496,0.01817675074807678,1872,257.5226797000505,300.0,-2.064965558052063,<REPO_ROOT>/artifacts\results\apd_second_device\predictions\seed_50\net_photocurrent\bkan\model_checkpoint.pt,257.6943743999582,True,51,8,11,8,8160,1280,<REPO_ROOT>/artifacts/results/compact_framework_eight_models_apd/predictions/seed_50/net_photocurrent/bkan/test_predictions.csv,,,,,,,,,,,,,,,,,,,,
APD_I_net,net_photocurrent,True,50,dkan,0.055499127666630406,0.03277468838900296,0.9940047973348083,1.985463061963926e-07,2.94621646913642e-08,4.509105336768422,22.84951148984664,0.055130053572087244,0.032774688389002965,1088,3.0436997001525015,,,,3.0602505998685956,True,51,8,11,8,8160,1280,<REPO_ROOT>/artifacts/results/compact_framework_eight_models_apd/predictions/seed_50/net_photocurrent/dkan/test_predictions.csv,,,,,,,,,,,,,,,,,,,,
APD_I_net,net_photocurrent,True,50,mlp_l,0.27014822757388873,0.2035361859837347,0.8579517787055886,3.6901898140495847e-07,9.231784203364312e-08,42.639692145210645,87.02536490103526,0.27006665936165364,0.20353618598373469,2625,0.6592119999695569,,,,0.6607816000469029,True,51,8,11,8,8160,1280,<REPO_ROOT>/artifacts/results/compact_framework_eight_models_apd/predictions/seed_50/net_photocurrent/mlp_l/test_predictions.csv,,,,,,,,,,,,,,,,,,,,
APD_I_net,net_photocurrent,True,50,spline_ridge,0.04405178983873154,0.03198833717438596,0.9962228983552786,1.0460762592515745e-07,1.927578358376089e-08,5.789349823102391,22.523964625912313,0.04369760028788054,0.03198833717438596,50,,,,,0.008713300107046962,True,51,8,11,8,8160,1280,<REPO_ROOT>/artifacts/results/compact_framework_eight_models_apd/predictions/seed_50/net_photocurrent/spline_ridge/test_predictions.csv,,,,,,,,,,,,,,,,,,,,
APD_I_net,net_photocurrent,True,50,gmls,0.11307219943799425,0.06924143983230803,0.9751146797030503,2.0339290679894758e-07,3.825802809201614e-08,8.378837509032856,43.86003502101469,0.10817498407284735,0.06924143983230802,65280,0.4564669000101276,,,,0.45649139999295585,True,51,8,11,8,8160,1280,<REPO_ROOT>/artifacts/results/compact_framework_eight_models_apd/predictions/seed_50/net_photocurrent/gmls/test_predictions.csv,validation_selected_gaussian_gmls_adapted,65280.0,2.0,36.0,144.0,0.016722225673767556,"[{""degree"": 1, ""neighbor_factor"": 4, ""neighbors"": 48, ""validation_mse"": 0.033584767354282556}, {""degree"": 2, ""neighbor_factor"": 4, ""neighbors"": 144, ""validation_mse"": 0.016722225673767556}, {""degree"": 2, ""neighbor_factor"": 8, ""neighbors"": 288, ""validation_mse"": 0.02296584511216476}]",,,,,,,,,,,,,
APD_I_net,net_photocurrent,True,50,autopinn,0.1451198931601675,0.08428492164091528,0.9590092886708692,3.374514955446029e-07,6.747262196125116e-08,11.487122890927118,58.11177665641956,0.14424857707537475,0.08428492164091528,1345,1.7075588000006974,,,,1.707640699998592,True,51,8,11,8,8160,1280,<REPO_ROOT>/artifacts/results/compact_framework_eight_models_apd/predictions/seed_50/net_photocurrent/autopinn/test_predictions.csv,autopinn_adapted_smooth_monotone_architecture_search,,,,,,"[{""best_epoch"": 300, ""hidden"": ""16x16"", ""param_count"": 417, ""validation_mse_scaled"": 0.12726646661758423}, {""best_epoch"": 300, ""hidden"": ""32x16"", ""param_count"": 801, ""validation_mse_scaled"": 0.041965290904045105}, {""best_epoch"": 300, ""hidden"": ""32x32"", ""param_count"": 1345, ""validation_mse_scaled"": 0.037193115800619125}]",32x32,300.0,0.037193115800619125,bias_v,-1.0,4.576869487762451,10.335416793823242,0.0,,,,,
APD_I_net,net_photocurrent,True,50,curve_lut,0.02486540467246896,0.011301300070136966,0.9987965650556206,5.68960218979212e-08,8.615840231244745e-09,1.001641379993755,8.433168102463453,0.018921240325472308,0.011301300070136966,8772,0.05507197399998631,,,,0.05514566400000831,True,51,8,11,8,8160,1280,<REPO_ROOT>/artifacts/results/compact_framework_eight_models_apd/predictions/seed_50/net_photocurrent/curve_lut/test_predictions.csv,curve_object_pchip_lut_condition_idw,8772.0,,,,0.0017725865541844594,"[{""boundary_hold_evaluations"": 0, ""distance_power"": 1.0, ""neighbor_curves"": 1, ""validation_mse"": 0.004246756986010391}, {""boundary_hold_evaluations"": 0, ""distance_power"": 1.0, ""neighbor_curves"": 2, ""validation_mse"": 0.0017725865541844594}, {""boundary_hold_evaluations"": 0, ""distance_power"": 1.0, ""neighbor_curves"": 4, ""validation_mse"": 0.003913707248275509}, {""boundary_hold_evaluations"": 0, ""distance_power"": 2.0, ""neighbor_curves"": 4, ""validation_mse"": 0.0031552677206500186}, {""boundary_hold_evaluations"": 0, ""distance_power"": 2.0, ""neighbor_curves"": 8, ""validation_mse"": 0.0026532094348568265}]",,,,,,,,,8160.0,102.0,2.0,1.0,0.0
APD_I_net,net_photocurrent,True,51,bkan,0.02988240379460382,0.016560590768598855,0.9982256291020459,7.903544188430988e-08,1.4216653653200508e-08,2.1772199880133605,13.307054966795624,0.029560005826577487,0.016560590768598855,1872,194.3569767998997,300.0,-2.071202039718628,<REPO_ROOT>/artifacts\results\apd_second_device\predictions\seed_51\net_photocurrent\bkan\model_checkpoint.pt,194.52695720014162,True,51,8,11,8,8160,1280,<REPO_ROOT>/artifacts/results/compact_framework_eight_models_apd/predictions/seed_51/net_photocurrent/bkan/test_predictions.csv,,,,,,,,,,,,,,,,,,,,
APD_I_net,net_photocurrent,True,51,dkan,0.08086483454886345,0.04947747024522946,0.987006302542968,2.3339452928692796e-07,3.78539027604022e-08,8.050279174147612,28.323817298034253,0.07958607450624502,0.04947747024522946,1088,3.060123899951577,,,,3.0761941000819206,True,51,8,11,8,8160,1280,<REPO_ROOT>/artifacts/results/compact_framework_eight_models_apd/predictions/seed_51/net_photocurrent/dkan/test_predictions.csv,,,,,,,,,,,,,,,,,,,,
APD_I_net,net_photocurrent,True,51,mlp_l,0.2713287136381623,0.20713702789714472,0.8537132950894054,3.5727789576085155e-07,9.04193115061007e-08,43.70039918707627,85.51532348504232,0.27126690438674406,0.20713702789714472,2625,0.6543579001445323,,,,0.656275600194931,True,51,8,11,8,8160,1280,<REPO_ROOT>/artifacts/results/compact_framework_eight_models_apd/predictions/seed_51/net_photocurrent/mlp_l/test_predictions.csv,,,,,,,,,,,,,,,,,,,,
APD_I_net,net_photocurrent,True,51,spline_ridge,0.04049849661237883,0.026370898979510737,0.9967409490567821,9.31682197364376e-08,1.6621447275429297e-08,3.74135492402239,19.835519495046782,0.03878873614952024,0.026370898979510733,50,,,,,0.00793059985153377,True,51,8,11,8,8160,1280,<REPO_ROOT>/artifacts/results/compact_framework_eight_models_apd/predictions/seed_51/net_photocurrent/spline_ridge/test_predictions.csv,,,,,,,,,,,,,,,,,,,,
APD_I_net,net_photocurrent,True,51,gmls,0.09345796491885057,0.05997302682469082,0.9826441460995036,1.7146730959213317e-07,3.2397210643316854e-08,7.818668271092305,42.010179427006264,0.09060029948531641,0.05997302682469083,65280,0.44095889999880455,,,,0.44098090000625234,True,51,8,11,8,8160,1280,<REPO_ROOT>/artifacts/results/compact_framework_eight_models_apd/predictions/seed_51/net_photocurrent/gmls/test_predictions.csv,validation_selected_gaussian_gmls_adapted,65280.0,2.0,36.0,144.0,0.014559140548292798,"[{""degree"": 1, ""neighbor_factor"": 4, ""neighbors"": 48, ""validation_mse"": 0.033950916126820704}, {""degree"": 2, ""neighbor_factor"": 4, ""neighbors"": 144, ""validation_mse"": 0.014559140548292798}, {""degree"": 2, ""neighbor_factor"": 8, ""neighbors"": 288, ""validation_mse"": 0.021091160582089926}]",,,,,,,,,,,,,
APD_I_net,net_photocurrent,True,51,autopinn,0.14683420222177002,0.09962897599922607,0.957158190887266,3.053355660001205e-07,6.254448116924109e-08,17.906765368949454,55.864254944170106,0.14675790713174985,0.09962897599922607,1345,1.7503699000080815,,,,1.7504635000077542,True,51,8,11,8,8160,1280,<REPO_ROOT>/artifacts/results/compact_framework_eight_models_apd/predictions/seed_51/net_photocurrent/autopinn/test_predictions.csv,autopinn_adapted_smooth_monotone_architecture_search,,,,,,"[{""best_epoch"": 300, ""hidden"": ""16x16"", ""param_count"": 417, ""validation_mse_scaled"": 0.1739848554134369}, {""best_epoch"": 300, ""hidden"": ""32x16"", ""param_count"": 801, ""validation_mse_scaled"": 0.15979593992233276}, {""best_epoch"": 300, ""hidden"": ""32x32"", ""param_count"": 1345, ""validation_mse_scaled"": 0.043825555592775345}]",32x32,300.0,0.043825555592775345,bias_v,-1.0,4.046577453613281,6.274481296539307,0.0,,,,,
APD_I_net,net_photocurrent,True,51,curve_lut,0.024906732033711066,0.013254667468411677,0.9987673299546386,4.3890523533954994e-08,7.334989822290374e-09,1.1468673316574933,12.048144850669674,0.022438034979472478,0.013254667468411677,8772,0.07276211699996793,,,,0.07285419999999476,True,51,8,11,8,8160,1280,<REPO_ROOT>/artifacts/results/compact_framework_eight_models_apd/predictions/seed_51/net_photocurrent/curve_lut/test_predictions.csv,curve_object_pchip_lut_condition_idw,8772.0,,,,0.0015924627641872046,"[{""boundary_hold_evaluations"": 0, ""distance_power"": 1.0, ""neighbor_curves"": 1, ""validation_mse"": 0.002545855160883106}, {""boundary_hold_evaluations"": 0, ""distance_power"": 1.0, ""neighbor_curves"": 2, ""validation_mse"": 0.0015924627641872046}, {""boundary_hold_evaluations"": 0, ""distance_power"": 1.0, ""neighbor_curves"": 4, ""validation_mse"": 0.002923109831573016}, {""boundary_hold_evaluations"": 0, ""distance_power"": 2.0, ""neighbor_curves"": 4, ""validation_mse"": 0.0024245420899465867}, {""boundary_hold_evaluations"": 0, ""distance_power"": 2.0, ""neighbor_curves"": 8, ""validation_mse"": 0.003949117568139322}]",,,,,,,,,8160.0,102.0,2.0,1.0,0.0
APD_M,multiplication_gain,True,42,bkan,0.05385445103798084,0.02123798634147143,0.9934750060898438,1.9130300448226674,0.3012601923760962,2.0969161297710674,15.467896100058253,0.05243741095467872,0.02123798634147143,1872,261.890167000005,300.0,-2.1392887353897097,<REPO_ROOT>/artifacts\results\apd_second_device\predictions\seed_42\multiplication_gain\bkan\model_checkpoint.pt,262.24405410001054,True,51,8,11,8,8160,1280,<REPO_ROOT>/artifacts/results/compact_framework_eight_models_apd/predictions/seed_42/multiplication_gain/bkan/test_predictions.csv,,,,,,,,,,,,,,,,,,,,
APD_M,multiplication_gain,True,42,dkan,0.05023340324957075,0.027120634434273844,0.9943229579874149,2.2956207578208416,0.3622032151174204,3.844894810789956,17.699381232207976,0.049815608272978304,0.027120634434273844,1088,4.497620099922642,,,,4.523262299830094,True,51,8,11,8,8160,1280,<REPO_ROOT>/artifacts/results/compact_framework_eight_models_apd/predictions/seed_42/multiplication_gain/dkan/test_predictions.csv,,,,,,,,,,,,,,,,,,,,
APD_M,multiplication_gain,True,42,mlp_l,0.23211655993997987,0.17527128785513932,0.8787870125427242,4.461893128820522,1.1824038400235377,38.18591297785973,74.03267852111912,0.231899248388455,0.17527128785513935,2625,0.9787482998799533,,,,0.981593000004068,True,51,8,11,8,8160,1280,<REPO_ROOT>/artifacts/results/compact_framework_eight_models_apd/predictions/seed_42/multiplication_gain/mlp_l/test_predictions.csv,,,,,,,,,,,,,,,,,,,,
APD_M,multiplication_gain,True,42,spline_ridge,0.046209291940670236,0.03404790533684866,0.9951960825940203,1.4781155352190132,0.303349384370925,6.366042472309649,21.315901134176855,0.04552036702235584,0.03404790533684866,50,,,,,0.00955960014835,True,51,8,11,8,8160,1280,<REPO_ROOT>/artifacts/results/compact_framework_eight_models_apd/predictions/seed_42/multiplication_gain/spline_ridge/test_predictions.csv,,,,,,,,,,,,,,,,,,,,
APD_M,multiplication_gain,True,42,gmls,0.09756344218937796,0.06082817164204317,0.9785853424865611,2.3634304567527065,0.4941192895690555,7.57872743711287,42.07527887197635,0.09326093269897556,0.06082817164204318,65280,0.40592560000368394,,,,0.4059482000011485,True,51,8,11,8,8160,1280,<REPO_ROOT>/artifacts/results/compact_framework_eight_models_apd/predictions/seed_42/multiplication_gain/gmls/test_predictions.csv,validation_selected_gaussian_gmls_adapted,65280.0,2.0,36.0,144.0,0.014317364873912311,"[{""degree"": 1, ""neighbor_factor"": 4, ""neighbors"": 48, ""validation_mse"": 0.03266116125321169}, {""degree"": 2, ""neighbor_factor"": 4, ""neighbors"": 144, ""validation_mse"": 0.014317364873912311}, {""degree"": 2, ""neighbor_factor"": 8, ""neighbors"": 288, ""validation_mse"": 0.021075057730075515}]",,,,,,,,,,,,,
APD_M,multiplication_gain,True,42,autopinn,0.2125389099513328,0.14839440054289513,0.8983719010294707,4.472956163204727,1.1158862534375484,27.568389162968806,75.38864134274966,0.21233228503721055,0.1483944005428951,801,1.734619799986831,,,,1.7347023000038462,True,51,8,11,8,8160,1280,<REPO_ROOT>/artifacts/results/compact_framework_eight_models_apd/predictions/seed_42/multiplication_gain/autopinn/test_predictions.csv,autopinn_adapted_smooth_monotone_architecture_search,,,,,,"[{""best_epoch"": 300, ""hidden"": ""16x16"", ""param_count"": 417, ""validation_mse_scaled"": 0.1670406013727188}, {""best_epoch"": 300, ""hidden"": ""32x16"", ""param_count"": 801, ""validation_mse_scaled"": 0.10500909388065338}, {""best_epoch"": 300, ""hidden"": ""32x32"", ""param_count"": 1345, ""validation_mse_scaled"": 0.13077512383460999}]",32x16,300.0,0.10500909388065338,bias_v,-1.0,2.971435546875,4.006795883178711,0.0,,,,,
APD_M,multiplication_gain,True,42,curve_lut,0.026532044984324023,0.01301727567923086,0.9984162801722326,1.0865702510603354,0.1518329167680569,1.1874235883475284,12.249359968612033,0.024451822750769577,0.01301727567923086,8772,0.05905164299997523,,,,0.05911749800003463,True,51,8,11,8,8160,1280,<REPO_ROOT>/artifacts/results/compact_framework_eight_models_apd/predictions/seed_42/multiplication_gain/curve_lut/test_predictions.csv,curve_object_pchip_lut_condition_idw,8772.0,,,,0.0012125657240523765,"[{""boundary_hold_evaluations"": 0, ""distance_power"": 1.0, ""neighbor_curves"": 1, ""validation_mse"": 0.002049996144132124}, {""boundary_hold_evaluations"": 0, ""distance_power"": 1.0, ""neighbor_curves"": 2, ""validation_mse"": 0.0020269210143660987}, {""boundary_hold_evaluations"": 0, ""distance_power"": 1.0, ""neighbor_curves"": 4, ""validation_mse"": 0.0013742556710488137}, {""boundary_hold_evaluations"": 0, ""distance_power"": 2.0, ""neighbor_curves"": 4, ""validation_mse"": 0.0014868900528916184}, {""boundary_hold_evaluations"": 0, ""distance_power"": 2.0, ""neighbor_curves"": 8, ""validation_mse"": 0.0012125657240523765}]",,,,,,,,,8160.0,102.0,8.0,2.0,0.0
APD_M,multiplication_gain,True,43,bkan,0.04684141460461948,0.023395464095250538,0.995150133842399,1.7886295790115714,0.26721251445894456,2.410055097864067,20.652512015644238,0.0434278650279577,0.023395464095250534,1872,277.86624789983034,300.0,-2.1057159662246705,<REPO_ROOT>/artifacts\results\apd_second_device\predictions\seed_43\multiplication_gain\bkan\model_checkpoint.pt,278.17393149994314,True,51,8,11,8,8160,1280,<REPO_ROOT>/artifacts/results/compact_framework_eight_models_apd/predictions/seed_43/multiplication_gain/bkan/test_predictions.csv,,,,,,,,,,,,,,,,,,,,
APD_M,multiplication_gain,True,43,dkan,0.06202707905805493,0.03095912891737871,0.9914958206790533,1.5692721218526586,0.25880658314941296,3.205862980165146,22.58068899011457,0.059760142827904435,0.030959128917378707,1088,5.571295100031421,,,,5.609333700034767,True,51,8,11,8,8160,1280,<REPO_ROOT>/artifacts/results/compact_framework_eight_models_apd/predictions/seed_43/multiplication_gain/dkan/test_predictions.csv,,,,,,,,,,,,,,,,,,,,
APD_M,multiplication_gain,True,43,mlp_l,0.25897970472944215,0.194545484263893,0.8517477778297389,4.473493705207212,1.237433644719167,42.22337284791617,84.67482202748296,0.25891243792267615,0.19454548426389298,2625,1.246650200104341,,,,1.2496293999720365,True,51,8,11,8,8160,1280,<REPO_ROOT>/artifacts/results/compact_framework_eight_models_apd/predictions/seed_43/multiplication_gain/mlp_l/test_predictions.csv,,,,,,,,,,,,,,,,,,,,
APD_M,multiplication_gain,True,43,spline_ridge,0.05651092158392675,0.036332989542246355,0.9929411406466443,1.4090143794709098,0.27921604823948,5.509275286056742,27.52415501575793,0.05321904461395213,0.036332989542246355,50,,,,,0.009804900037124753,True,51,8,11,8,8160,1280,<REPO_ROOT>/artifacts/results/compact_framework_eight_models_apd/predictions/seed_43/multiplication_gain/spline_ridge/test_predictions.csv,,,,,,,,,,,,,,,,,,,,
APD_M,multiplication_gain,True,43,gmls,0.10238019929116479,0.0645358193856815,0.9768312987147657,2.3594166012286557,0.5001000677061621,8.236313469768888,44.832655749108454,0.09883434726116169,0.0645358193856815,65280,0.44480209999892395,,,,0.44482450000941753,True,51,8,11,8,8160,1280,<REPO_ROOT>/artifacts/results/compact_framework_eight_models_apd/predictions/seed_43/multiplication_gain/gmls/test_predictions.csv,validation_selected_gaussian_gmls_adapted,65280.0,2.0,36.0,144.0,0.013236135925435839,"[{""degree"": 1, ""neighbor_factor"": 4, ""neighbors"": 48, ""validation_mse"": 0.03230635709966812}, {""degree"": 2, ""neighbor_factor"": 4, ""neighbors"": 144, ""validation_mse"": 0.013236135925435839}, {""degree"": 2, ""neighbor_factor"": 8, ""neighbors"": 288, ""validation_mse"": 0.02201976575525947}]",,,,,,,,,,,,,
APD_M,multiplication_gain,True,43,autopinn,0.20441046264905913,0.1400908903652672,0.9076416870418822,3.981641253523825,0.9544628545566709,27.122085811703727,74.86876678769269,0.20420717715036424,0.14009089036526717,1345,1.7243817999988096,,,,1.7244656999973813,True,51,8,11,8,8160,1280,<REPO_ROOT>/artifacts/results/compact_framework_eight_models_apd/predictions/seed_43/multiplication_gain/autopinn/test_predictions.csv,autopinn_adapted_smooth_monotone_architecture_search,,,,,,"[{""best_epoch"": 300, ""hidden"": ""16x16"", ""param_count"": 417, ""validation_mse_scaled"": 0.1857120394706726}, {""best_epoch"": 300, ""hidden"": ""32x16"", ""param_count"": 801, ""validation_mse_scaled"": 0.10206271708011627}, {""best_epoch"": 300, ""hidden"": ""32x32"", ""param_count"": 1345, ""validation_mse_scaled"": 0.09293924272060394}]",32x32,300.0,0.09293924272060394,bias_v,-1.0,2.8328425884246826,3.063674211502075,0.0,,,,,
APD_M,multiplication_gain,True,43,curve_lut,0.05070321701338598,0.021948002146503873,0.994317482529741,1.3669480128135225,0.18358478731902111,1.1127780858043408,23.889153123962465,0.04042817835006227,0.021948002146503876,8772,0.05835284500000171,,,,0.05843534000001682,True,51,8,11,8,8160,1280,<REPO_ROOT>/artifacts/results/compact_framework_eight_models_apd/predictions/seed_43/multiplication_gain/curve_lut/test_predictions.csv,curve_object_pchip_lut_condition_idw,8772.0,,,,0.0008463172624497202,"[{""boundary_hold_evaluations"": 0, ""distance_power"": 1.0, ""neighbor_curves"": 1, ""validation_mse"": 0.0009558893719488683}, {""boundary_hold_evaluations"": 0, ""distance_power"": 1.0, ""neighbor_curves"": 2, ""validation_mse"": 0.001123999427643737}, {""boundary_hold_evaluations"": 0, ""distance_power"": 1.0, ""neighbor_curves"": 4, ""validation_mse"": 0.0008976318675938367}, {""boundary_hold_evaluations"": 0, ""distance_power"": 2.0, ""neighbor_curves"": 4, ""validation_mse"": 0.0008463172624497202}, {""boundary_hold_evaluations"": 0, ""distance_power"": 2.0, ""neighbor_curves"": 8, ""validation_mse"": 0.000937487871478056}]",,,,,,,,,8160.0,102.0,4.0,2.0,0.0
APD_M,multiplication_gain,True,44,bkan,0.0299257302537843,0.016507304131398365,0.9979950928069671,1.031660187153,0.18847765086446774,1.8573791526847034,13.01614184009495,0.029641759854756283,0.016507304131398365,1872,342.05486720008776,300.0,-2.2167068004608153,<REPO_ROOT>/artifacts\results\apd_second_device\predictions\seed_44\multiplication_gain\bkan\model_checkpoint.pt,342.3531998998951,True,51,8,11,8,8160,1280,<REPO_ROOT>/artifacts/results/compact_framework_eight_models_apd/predictions/seed_44/multiplication_gain/bkan/test_predictions.csv,,,,,,,,,,,,,,,,,,,,
APD_M,multiplication_gain,True,44,dkan,0.08304946815489335,0.053042984965175496,0.9845588916201585,1.8272710194376418,0.37403461338420724,8.384479950528625,29.48594192835267,0.08236820054770852,0.053042984965175496,1088,5.421003399882466,,,,5.457285999786109,True,51,8,11,8,8160,1280,<REPO_ROOT>/artifacts/results/compact_framework_eight_models_apd/predictions/seed_44/multiplication_gain/dkan/test_predictions.csv,,,,,,,,,,,,,,,,,,,,
APD_M,multiplication_gain,True,44,mlp_l,0.2714674245681358,0.2073589080646751,0.8350166166214208,4.241137684398171,1.262669340883671,44.557986911542535,87.175242238473,0.27140175155338375,0.20735890806467516,2625,1.164715699851513,,,,1.167454699985683,True,51,8,11,8,8160,1280,<REPO_ROOT>/artifacts/results/compact_framework_eight_models_apd/predictions/seed_44/multiplication_gain/mlp_l/test_predictions.csv,,,,,,,,,,,,,,,,,,,,
APD_M,multiplication_gain,True,44,spline_ridge,0.046979568300363005,0.03271566781045634,0.9950589095565063,1.0382436813764622,0.25078821611050006,5.113133516959577,23.762093708623937,0.04500858920744978,0.03271566781045634,50,,,,,0.01084560016170144,True,51,8,11,8,8160,1280,<REPO_ROOT>/artifacts/results/compact_framework_eight_models_apd/predictions/seed_44/multiplication_gain/spline_ridge/test_predictions.csv,,,,,,,,,,,,,,,,,,,,
APD_M,multiplication_gain,True,44,gmls,0.1140875465458816,0.07161863152566035,0.9708605572995676,1.9830430389032427,0.4658487167244976,8.672214233432008,46.89311166189544,0.11159095680612384,0.07161863152566034,65280,0.4483717999974033,,,,0.4483933000010438,True,51,8,11,8,8160,1280,<REPO_ROOT>/artifacts/results/compact_framework_eight_models_apd/predictions/seed_44/multiplication_gain/gmls/test_predictions.csv,validation_selected_gaussian_gmls_adapted,65280.0,2.0,36.0,144.0,0.012403019084015473,"[{""degree"": 1, ""neighbor_factor"": 4, ""neighbors"": 48, ""validation_mse"": 0.022216190133062176}, {""degree"": 2, ""neighbor_factor"": 4, ""neighbors"": 144, ""validation_mse"": 0.012403019084015473}, {""degree"": 2, ""neighbor_factor"": 8, ""neighbors"": 288, ""validation_mse"": 0.01877553302264544}]",,,,,,,,,,,,,
APD_M,multiplication_gain,True,44,autopinn,0.1363646049731431,0.08064627893479735,0.9583698402391503,3.124532577149694,0.6627539517125941,10.144111722061472,47.48295066080447,0.13628876791000066,0.08064627893479735,801,1.7095795999921393,,,,1.709691299998667,True,51,8,11,8,8160,1280,<REPO_ROOT>/artifacts/results/compact_framework_eight_models_apd/predictions/seed_44/multiplication_gain/autopinn/test_predictions.csv,autopinn_adapted_smooth_monotone_architecture_search,,,,,,"[{""best_epoch"": 300, ""hidden"": ""16x16"", ""param_count"": 417, ""validation_mse_scaled"": 0.22132408618927002}, {""best_epoch"": 300, ""hidden"": ""32x16"", ""param_count"": 801, ""validation_mse_scaled"": 0.045947812497615814}, {""best_epoch"": 300, ""hidden"": ""32x32"", ""param_count"": 1345, ""validation_mse_scaled"": 0.06331269443035126}]",32x16,300.0,0.045947812497615814,bias_v,-1.0,3.803215980529785,6.081136226654053,0.0,,,,,
APD_M,multiplication_gain,True,44,curve_lut,0.03470096090342584,0.01571089075827227,0.997304199422208,1.022880102796018,0.15165894496693744,1.1841911407405528,15.403491249045963,0.029748413121944244,0.01571089075827227,8772,0.05926660099999026,,,,0.0593486969999617,True,51,8,11,8,8160,1280,<REPO_ROOT>/artifacts/results/compact_framework_eight_models_apd/predictions/seed_44/multiplication_gain/curve_lut/test_predictions.csv,curve_object_pchip_lut_condition_idw,8772.0,,,,0.0016034139000493566,"[{""boundary_hold_evaluations"": 0, ""distance_power"": 1.0, ""neighbor_curves"": 1, ""validation_mse"": 0.0043393027976841745}, {""boundary_hold_evaluations"": 0, ""distance_power"": 1.0, ""neighbor_curves"": 2, ""validation_mse"": 0.002075324279132012}, {""boundary_hold_evaluations"": 0, ""distance_power"": 1.0, ""neighbor_curves"": 4, ""validation_mse"": 0.0016034139000493566}, {""boundary_hold_evaluations"": 0, ""distance_power"": 2.0, ""neighbor_curves"": 4, ""validation_mse"": 0.0017079602203938671}, {""boundary_hold_evaluations"": 0, ""distance_power"": 2.0, ""neighbor_curves"": 8, ""validation_mse"": 0.0020297615587111925}]",,,,,,,,,8160.0,102.0,4.0,1.0,0.0
APD_M,multiplication_gain,True,45,bkan,0.03475454461873283,0.018718994114867687,0.9973524726190093,1.2839037915431624,0.20141244053344415,2.158799665282362,16.263319920858784,0.034553605521532936,0.018718994114867687,1872,341.1089932001196,300.0,-2.063039183616638,<REPO_ROOT>/artifacts\results\apd_second_device\predictions\seed_45\multiplication_gain\bkan\model_checkpoint.pt,341.40962489997037,True,51,8,11,8,8160,1280,<REPO_ROOT>/artifacts/results/compact_framework_eight_models_apd/predictions/seed_45/multiplication_gain/bkan/test_predictions.csv,,,,,,,,,,,,,,,,,,,,
APD_M,multiplication_gain,True,45,dkan,0.07954021934842788,0.05183111828147917,0.9861327347059403,1.7992205383937083,0.4030787112014675,7.529235952855997,38.60716405129638,0.07679080207672076,0.05183111828147917,1088,5.53847899986431,,,,5.574478500057012,True,51,8,11,8,8160,1280,<REPO_ROOT>/artifacts/results/compact_framework_eight_models_apd/predictions/seed_45/multiplication_gain/dkan/test_predictions.csv,,,,,,,,,,,,,,,,,,,,
APD_M,multiplication_gain,True,45,mlp_l,0.27048631270172363,0.20451497520737041,0.8396356446936005,4.12586671595218,1.2116835926337353,43.0817569704688,85.53245093213788,0.2703758169909517,0.2045149752073704,2625,1.167002399917692,,,,1.1701287999749184,True,51,8,11,8,8160,1280,<REPO_ROOT>/artifacts/results/compact_framework_eight_models_apd/predictions/seed_45/multiplication_gain/mlp_l/test_predictions.csv,,,,,,,,,,,,,,,,,,,,
APD_M,multiplication_gain,True,45,spline_ridge,0.05109077937498821,0.03580475717491932,0.994278600008101,1.1422838365567298,0.25364410912061397,5.628464627860453,27.891302299173635,0.04962090707481083,0.03580475717491932,50,,,,,0.009512600023299456,True,51,8,11,8,8160,1280,<REPO_ROOT>/artifacts/results/compact_framework_eight_models_apd/predictions/seed_45/multiplication_gain/spline_ridge/test_predictions.csv,,,,,,,,,,,,,,,,,,,,
APD_M,multiplication_gain,True,45,gmls,0.12281636921989968,0.08026381837064311,0.9669379510802137,2.1557351838570225,0.4896693421284354,11.236161440644278,49.49502016067152,0.12104341895928394,0.08026381837064311,65280,0.4394391999958316,,,,0.4394639000092866,True,51,8,11,8,8160,1280,<REPO_ROOT>/artifacts/results/compact_framework_eight_models_apd/predictions/seed_45/multiplication_gain/gmls/test_predictions.csv,validation_selected_gaussian_gmls_adapted,65280.0,2.0,36.0,144.0,0.014947883653550547,"[{""degree"": 1, ""neighbor_factor"": 4, ""neighbors"": 48, ""validation_mse"": 0.032497751686634914}, {""degree"": 2, ""neighbor_factor"": 4, ""neighbors"": 144, ""validation_mse"": 0.014947883653550547}, {""degree"": 2, ""neighbor_factor"": 8, ""neighbors"": 288, ""validation_mse"": 0.02174218544591484}]",,,,,,,,,,,,,
APD_M,multiplication_gain,True,45,autopinn,0.1607219952255029,0.11068289150564845,0.9433802580336396,3.7102590668109388,0.9127866430633418,21.813708137346048,63.42281890178507,0.1605156443693615,0.11068289150564845,1345,1.7222278000117512,,,,1.7222979000071064,True,51,8,11,8,8160,1280,<REPO_ROOT>/artifacts/results/compact_framework_eight_models_apd/predictions/seed_45/multiplication_gain/autopinn/test_predictions.csv,autopinn_adapted_smooth_monotone_architecture_search,,,,,,"[{""best_epoch"": 300, ""hidden"": ""16x16"", ""param_count"": 417, ""validation_mse_scaled"": 0.2054535150527954}, {""best_epoch"": 300, ""hidden"": ""32x16"", ""param_count"": 801, ""validation_mse_scaled"": 0.06391274929046631}, {""best_epoch"": 300, ""hidden"": ""32x32"", ""param_count"": 1345, ""validation_mse_scaled"": 0.06123111769556999}]",32x32,300.0,0.06123111769556999,bias_v,-1.0,4.330461025238037,6.832457542419434,0.0,,,,,
APD_M,multiplication_gain,True,45,curve_lut,0.023468007670682394,0.012317303131188824,0.9987928264853081,0.9872616849989247,0.13176176801286896,1.03907690134421,11.9683803946476,0.02276540624099381,0.012317303131188822,8772,0.06099986699996407,,,,0.061108516999979656,True,51,8,11,8,8160,1280,<REPO_ROOT>/artifacts/results/compact_framework_eight_models_apd/predictions/seed_45/multiplication_gain/curve_lut/test_predictions.csv,curve_object_pchip_lut_condition_idw,8772.0,,,,0.0006496647149558225,"[{""boundary_hold_evaluations"": 0, ""distance_power"": 1.0, ""neighbor_curves"": 1, ""validation_mse"": 0.0009452930046384564}, {""boundary_hold_evaluations"": 0, ""distance_power"": 1.0, ""neighbor_curves"": 2, ""validation_mse"": 0.000801067219951628}, {""boundary_hold_evaluations"": 0, ""distance_power"": 1.0, ""neighbor_curves"": 4, ""validation_mse"": 0.0006496647149558225}, {""boundary_hold_evaluations"": 0, ""distance_power"": 2.0, ""neighbor_curves"": 4, ""validation_mse"": 0.0006843725913447087}, {""boundary_hold_evaluations"": 0, ""distance_power"": 2.0, ""neighbor_curves"": 8, ""validation_mse"": 0.000912022994876913}]",,,,,,,,,8160.0,102.0,4.0,1.0,0.0
APD_M,multiplication_gain,True,46,bkan,0.04174083523820873,0.020098635803331582,0.9961999406939468,1.6966439415857808,0.25523826634609936,1.8235718141062633,17.689759549192157,0.03876609649824042,0.020098635803331585,1872,339.70958029991016,300.0,-2.1835748672485353,<REPO_ROOT>/artifacts\results\apd_second_device\predictions\seed_46\multiplication_gain\bkan\model_checkpoint.pt,340.0074891000986,True,51,8,11,8,8160,1280,<REPO_ROOT>/artifacts/results/compact_framework_eight_models_apd/predictions/seed_46/multiplication_gain/bkan/test_predictions.csv,,,,,,,,,,,,,,,,,,,,
APD_M,multiplication_gain,True,46,dkan,0.06658608593408247,0.04150006198140212,0.9903298084186882,2.321563744051148,0.38764537760800866,6.879256107488974,23.75077082336126,0.0642258927101263,0.04150006198140211,1088,5.520145399961621,,,,5.556240999838337,True,51,8,11,8,8160,1280,<REPO_ROOT>/artifacts/results/compact_framework_eight_models_apd/predictions/seed_46/multiplication_gain/dkan/test_predictions.csv,,,,,,,,,,,,,,,,,,,,
APD_M,multiplication_gain,True,46,mlp_l,0.24749412496256223,0.18454470298081166,0.8664026349837334,4.340156443731744,1.193271330622896,39.614610248968354,85.07206064335239,0.24725023348202757,0.18454470298081166,2625,1.3054594001732767,,,,1.30857909983024,True,51,8,11,8,8160,1280,<REPO_ROOT>/artifacts/results/compact_framework_eight_models_apd/predictions/seed_46/multiplication_gain/mlp_l/test_predictions.csv,,,,,,,,,,,,,,,,,,,,
APD_M,multiplication_gain,True,46,spline_ridge,0.05347709844661625,0.0330574089140173,0.9937625974279397,1.4343830252540646,0.2718334830804535,4.701534899805216,25.051007868252675,0.049768588762369115,0.0330574089140173,50,,,,,0.011501400033012033,True,51,8,11,8,8160,1280,<REPO_ROOT>/artifacts/results/compact_framework_eight_models_apd/predictions/seed_46/multiplication_gain/spline_ridge/test_predictions.csv,,,,,,,,,,,,,,,,,,,,
APD_M,multiplication_gain,True,46,gmls,0.10583736533716175,0.06518961482176941,0.9755687242924824,2.42304089469219,0.4900046531265735,8.835697085018122,45.66643848374313,0.10139135261199106,0.06518961482176941,65280,0.42669010000827257,,,,0.4267132000095444,True,51,8,11,8,8160,1280,<REPO_ROOT>/artifacts/results/compact_framework_eight_models_apd/predictions/seed_46/multiplication_gain/gmls/test_predictions.csv,validation_selected_gaussian_gmls_adapted,65280.0,2.0,36.0,144.0,0.021099566018529768,"[{""degree"": 1, ""neighbor_factor"": 4, ""neighbors"": 48, ""validation_mse"": 0.042217619910624185}, {""degree"": 2, ""neighbor_factor"": 4, ""neighbors"": 144, ""validation_mse"": 0.021099566018529768}, {""degree"": 2, ""neighbor_factor"": 8, ""neighbors"": 288, ""validation_mse"": 0.030356161062704157}]",,,,,,,,,,,,,
APD_M,multiplication_gain,True,46,autopinn,0.17759986773476916,0.12333235332257934,0.9312055535681337,4.159438595229513,1.046196951382056,23.321428130608673,67.80076900437953,0.17681932358349373,0.12333235332257936,1345,1.7230891000072006,,,,1.7231785000039963,True,51,8,11,8,8160,1280,<REPO_ROOT>/artifacts/results/compact_framework_eight_models_apd/predictions/seed_46/multiplication_gain/autopinn/test_predictions.csv,autopinn_adapted_smooth_monotone_architecture_search,,,,,,"[{""best_epoch"": 300, ""hidden"": ""16x16"", ""param_count"": 417, ""validation_mse_scaled"": 0.19235554337501526}, {""best_epoch"": 300, ""hidden"": ""32x16"", ""param_count"": 801, ""validation_mse_scaled"": 0.18564851582050323}, {""best_epoch"": 300, ""hidden"": ""32x32"", ""param_count"": 1345, ""validation_mse_scaled"": 0.0689217820763588}]",32x32,300.0,0.0689217820763588,bias_v,-1.0,4.203813552856445,8.427720069885254,0.0,,,,,
APD_M,multiplication_gain,True,46,curve_lut,0.03502106606525992,0.01630894683768442,0.9973249812609251,1.2699829497346482,0.1554640600391223,1.3580904245848315,20.55145036599156,0.030227356890520272,0.01630894683768442,8772,0.057481454999958714,,,,0.05754778200002875,True,51,8,11,8,8160,1280,<REPO_ROOT>/artifacts/results/compact_framework_eight_models_apd/predictions/seed_46/multiplication_gain/curve_lut/test_predictions.csv,curve_object_pchip_lut_condition_idw,8772.0,,,,0.0007409552466273491,"[{""boundary_hold_evaluations"": 0, ""distance_power"": 1.0, ""neighbor_curves"": 1, ""validation_mse"": 0.0008620081338059423}, {""boundary_hold_evaluations"": 0, ""distance_power"": 1.0, ""neighbor_curves"": 2, ""validation_mse"": 0.0007787031493110871}, {""boundary_hold_evaluations"": 0, ""distance_power"": 1.0, ""neighbor_curves"": 4, ""validation_mse"": 0.0007409552466273491}, {""boundary_hold_evaluations"": 0, ""distance_power"": 2.0, ""neighbor_curves"": 4, ""validation_mse"": 0.0007528109024659887}, {""boundary_hold_evaluations"": 0, ""distance_power"": 2.0, ""neighbor_curves"": 8, ""validation_mse"": 0.0008991105158857475}]",,,,,,,,,8160.0,102.0,4.0,1.0,0.0
APD_M,multiplication_gain,True,47,bkan,0.03897564064967146,0.017927614018182183,0.9967787666640835,1.4414121448034092,0.229975915553156,1.764629703177313,14.829919249948466,0.036055346325779836,0.017927614018182183,1872,335.71219970006496,300.0,-2.1854785442352296,<REPO_ROOT>/artifacts\results\apd_second_device\predictions\seed_47\multiplication_gain\bkan\model_checkpoint.pt,336.0140006998554,True,51,8,11,8,8160,1280,<REPO_ROOT>/artifacts/results/compact_framework_eight_models_apd/predictions/seed_47/multiplication_gain/bkan/test_predictions.csv,,,,,,,,,,,,,,,,,,,,
APD_M,multiplication_gain,True,47,dkan,0.05226192509967572,0.02888265657860354,0.9942082945565562,1.9104623077805543,0.3102324485993332,3.6402249946060996,23.265731291443952,0.05016728652111173,0.028882656578603533,1088,5.222612699959427,,,,5.255562599981204,True,51,8,11,8,8160,1280,<REPO_ROOT>/artifacts/results/compact_framework_eight_models_apd/predictions/seed_47/multiplication_gain/dkan/test_predictions.csv,,,,,,,,,,,,,,,,,,,,
APD_M,multiplication_gain,True,47,mlp_l,0.2764868498428401,0.2072174703501953,0.8378994006306865,4.576823522997296,1.3029010224718893,43.7600963711572,87.39291343584729,0.27631362707056073,0.20721747035019533,2625,1.2208049001637846,,,,1.224148300010711,True,51,8,11,8,8160,1280,<REPO_ROOT>/artifacts/results/compact_framework_eight_models_apd/predictions/seed_47/multiplication_gain/mlp_l/test_predictions.csv,,,,,,,,,,,,,,,,,,,,
APD_M,multiplication_gain,True,47,spline_ridge,0.05445099266264179,0.03479006681359397,0.9937129449524218,1.2174809160223163,0.2503592216352408,4.818593835426215,24.02836672670215,0.048245399843071,0.03479006681359397,50,,,,,0.008109400048851967,True,51,8,11,8,8160,1280,<REPO_ROOT>/artifacts/results/compact_framework_eight_models_apd/predictions/seed_47/multiplication_gain/spline_ridge/test_predictions.csv,,,,,,,,,,,,,,,,,,,,
APD_M,multiplication_gain,True,47,gmls,0.11468127504397659,0.0696634708440723,0.9721117870754189,2.459359016501728,0.5310608363135975,8.964601648342962,44.11602886943517,0.11168730115124469,0.06966347084407232,65280,0.43869090000225697,,,,0.43871269999362994,True,51,8,11,8,8160,1280,<REPO_ROOT>/artifacts/results/compact_framework_eight_models_apd/predictions/seed_47/multiplication_gain/gmls/test_predictions.csv,validation_selected_gaussian_gmls_adapted,65280.0,2.0,36.0,144.0,0.010646565331739338,"[{""degree"": 1, ""neighbor_factor"": 4, ""neighbors"": 48, ""validation_mse"": 0.018778296784090293}, {""degree"": 2, ""neighbor_factor"": 4, ""neighbors"": 144, ""validation_mse"": 0.010646565331739338}, {""degree"": 2, ""neighbor_factor"": 8, ""neighbors"": 288, ""validation_mse"": 0.01667496190291724}]",,,,,,,,,,,,,
APD_M,multiplication_gain,True,47,autopinn,0.2406324401280412,0.1661533698265681,0.8772153688436293,4.336965917325109,1.1273541411954828,31.024855096910684,84.1046692212383,0.24017381946672048,0.1661533698265681,801,1.69674670000677,,,,1.6968669000052614,True,51,8,11,8,8160,1280,<REPO_ROOT>/artifacts/results/compact_framework_eight_models_apd/predictions/seed_47/multiplication_gain/autopinn/test_predictions.csv,autopinn_adapted_smooth_monotone_architecture_search,,,,,,"[{""best_epoch"": 300, ""hidden"": ""16x16"", ""param_count"": 417, ""validation_mse_scaled"": 0.21287770569324493}, {""best_epoch"": 300, ""hidden"": ""32x16"", ""param_count"": 801, ""validation_mse_scaled"": 0.12248549610376358}, {""best_epoch"": 300, ""hidden"": ""32x32"", ""param_count"": 1345, ""validation_mse_scaled"": 0.19105474650859833}]",32x16,300.0,0.12248549610376358,bias_v,-1.0,2.5092689990997314,3.0201776027679443,0.0,,,,,
APD_M,multiplication_gain,True,47,curve_lut,0.04338726701244394,0.019945209842733114,0.9960082783551362,1.2191952387855594,0.15680674660734187,1.1390275684534794,28.891117692776213,0.037608539612209134,0.01994520984273311,8772,0.05950727399999778,,,,0.05959117200001174,True,51,8,11,8,8160,1280,<REPO_ROOT>/artifacts/results/compact_framework_eight_models_apd/predictions/seed_47/multiplication_gain/curve_lut/test_predictions.csv,curve_object_pchip_lut_condition_idw,8772.0,,,,0.0022808738838620496,"[{""boundary_hold_evaluations"": 0, ""distance_power"": 1.0, ""neighbor_curves"": 1, ""validation_mse"": 0.0022808738838620496}, {""boundary_hold_evaluations"": 0, ""distance_power"": 1.0, ""neighbor_curves"": 2, ""validation_mse"": 0.0025185889234973463}, {""boundary_hold_evaluations"": 0, ""distance_power"": 1.0, ""neighbor_curves"": 4, ""validation_mse"": 0.0026189068643003985}, {""boundary_hold_evaluations"": 0, ""distance_power"": 2.0, ""neighbor_curves"": 4, ""validation_mse"": 0.0025462934950931234}, {""boundary_hold_evaluations"": 0, ""distance_power"": 2.0, ""neighbor_curves"": 8, ""validation_mse"": 0.002712244786095692}]",,,,,,,,,8160.0,102.0,1.0,1.0,0.0
APD_M,multiplication_gain,True,48,bkan,0.04219669259635385,0.019627864667347967,0.9962101579076218,2.104728451567214,0.3018748663120191,2.1666992478561227,17.228678726085437,0.04065058800828668,0.019627864667347967,1872,334.21110389987007,300.0,-2.174490737915039,<REPO_ROOT>/artifacts\results\apd_second_device\predictions\seed_48\multiplication_gain\bkan\model_checkpoint.pt,334.50842159986496,True,51,8,11,8,8160,1280,<REPO_ROOT>/artifacts/results/compact_framework_eight_models_apd/predictions/seed_48/multiplication_gain/bkan/test_predictions.csv,,,,,,,,,,,,,,,,,,,,
APD_M,multiplication_gain,True,48,dkan,0.04740319363263219,0.02498637543539123,0.9952172300204687,2.2480264590587233,0.33087201859480403,3.3617216719198986,16.10060908513465,0.04631617501457737,0.024986375435391228,1088,5.242987199919298,,,,5.275554300053045,True,51,8,11,8,8160,1280,<REPO_ROOT>/artifacts/results/compact_framework_eight_models_apd/predictions/seed_48/multiplication_gain/dkan/test_predictions.csv,,,,,,,,,,,,,,,,,,,,
APD_M,multiplication_gain,True,48,mlp_l,0.26686222490491607,0.19881112166565282,0.8484211890091702,4.7720663553187075,1.2929056374225074,41.779630071877726,87.1716503987907,0.2665730666045546,0.1988111216656528,2625,1.1495447000488639,,,,1.1526165001560003,True,51,8,11,8,8160,1280,<REPO_ROOT>/artifacts/results/compact_framework_eight_models_apd/predictions/seed_48/multiplication_gain/mlp_l/test_predictions.csv,,,,,,,,,,,,,,,,,,,,
APD_M,multiplication_gain,True,48,spline_ridge,0.059589884759884325,0.03986046745627747,0.9924419565881373,1.5915538505465117,0.2945916776260307,6.413316087278808,29.15240590665334,0.05468361559947002,0.03986046745627747,50,,,,,0.0091474000364542,True,51,8,11,8,8160,1280,<REPO_ROOT>/artifacts/results/compact_framework_eight_models_apd/predictions/seed_48/multiplication_gain/spline_ridge/test_predictions.csv,,,,,,,,,,,,,,,,,,,,
APD_M,multiplication_gain,True,48,gmls,0.11119916801538429,0.07078321304911292,0.9736811222513746,2.5888795080702316,0.5259115582566969,10.001015744425143,42.48410164678165,0.10693209870405862,0.07078321304911292,65280,0.43992470001103356,,,,0.4399439999979222,True,51,8,11,8,8160,1280,<REPO_ROOT>/artifacts/results/compact_framework_eight_models_apd/predictions/seed_48/multiplication_gain/gmls/test_predictions.csv,validation_selected_gaussian_gmls_adapted,65280.0,2.0,36.0,144.0,0.01299995181988366,"[{""degree"": 1, ""neighbor_factor"": 4, ""neighbors"": 48, ""validation_mse"": 0.027453880817885322}, {""degree"": 2, ""neighbor_factor"": 4, ""neighbors"": 144, ""validation_mse"": 0.01299995181988366}, {""degree"": 2, ""neighbor_factor"": 8, ""neighbors"": 288, ""validation_mse"": 0.018703492159110012}]",,,,,,,,,,,,,
APD_M,multiplication_gain,True,48,autopinn,0.28608727501492726,0.20699940799473415,0.8257946962431286,4.731911026460819,1.2696222715095389,39.7698358288713,98.87772457577742,0.28554823517428796,0.20699940799473412,801,1.698193000003812,,,,1.6982906999910483,True,51,8,11,8,8160,1280,<REPO_ROOT>/artifacts/results/compact_framework_eight_models_apd/predictions/seed_48/multiplication_gain/autopinn/test_predictions.csv,autopinn_adapted_smooth_monotone_architecture_search,,,,,,"[{""best_epoch"": 300, ""hidden"": ""16x16"", ""param_count"": 417, ""validation_mse_scaled"": 0.20810465514659882}, {""best_epoch"": 300, ""hidden"": ""32x16"", ""param_count"": 801, ""validation_mse_scaled"": 0.17594413459300995}, {""best_epoch"": 300, ""hidden"": ""32x32"", ""param_count"": 1345, ""validation_mse_scaled"": 0.18619559705257416}]",32x16,300.0,0.17594413459300995,bias_v,-1.0,1.775538444519043,0.9836794137954712,0.0,,,,,
APD_M,multiplication_gain,True,48,curve_lut,0.040042207374406946,0.018489797896299877,0.9965872827164817,1.0841713351312112,0.16037016993333814,1.300456460386108,18.077385979248618,0.03357547816128753,0.018489797896299877,8772,0.0612177920000363,,,,0.061298773000032725,True,51,8,11,8,8160,1280,<REPO_ROOT>/artifacts/results/compact_framework_eight_models_apd/predictions/seed_48/multiplication_gain/curve_lut/test_predictions.csv,curve_object_pchip_lut_condition_idw,8772.0,,,,0.0005335185869797628,"[{""boundary_hold_evaluations"": 0, ""distance_power"": 1.0, ""neighbor_curves"": 1, ""validation_mse"": 0.0016161415087607954}, {""boundary_hold_evaluations"": 0, ""distance_power"": 1.0, ""neighbor_curves"": 2, ""validation_mse"": 0.0008102094335172283}, {""boundary_hold_evaluations"": 0, ""distance_power"": 1.0, ""neighbor_curves"": 4, ""validation_mse"": 0.0005444461183724562}, {""boundary_hold_evaluations"": 0, ""distance_power"": 2.0, ""neighbor_curves"": 4, ""validation_mse"": 0.0005335185869797628}, {""boundary_hold_evaluations"": 0, ""distance_power"": 2.0, ""neighbor_curves"": 8, ""validation_mse"": 0.0006758208324302415}]",,,,,,,,,8160.0,102.0,4.0,2.0,0.0
APD_M,multiplication_gain,True,49,bkan,0.02667404010854721,0.01461351782571399,0.9984681499729955,1.0209005444490848,0.17173551440283868,1.3823926597858045,13.377109874462748,0.026205193820806265,0.01461351782571399,1872,269.59328279993497,300.0,-2.071274471282959,<REPO_ROOT>/artifacts\results\apd_second_device\predictions\seed_49\multiplication_gain\bkan\model_checkpoint.pt,269.8235327999573,True,51,8,11,8,8160,1280,<REPO_ROOT>/artifacts/results/compact_framework_eight_models_apd/predictions/seed_49/multiplication_gain/bkan/test_predictions.csv,,,,,,,,,,,,,,,,,,,,
APD_M,multiplication_gain,True,49,dkan,0.059773119766879414,0.03531143589581675,0.9923078012604917,2.1318858461551407,0.371633914040002,5.34474055711312,21.81107974850634,0.05827592501044664,0.035311435895816756,1088,4.078218899900094,,,,4.102347499923781,True,51,8,11,8,8160,1280,<REPO_ROOT>/artifacts/results/compact_framework_eight_models_apd/predictions/seed_49/multiplication_gain/dkan/test_predictions.csv,,,,,,,,,,,,,,,,,,,,
APD_M,multiplication_gain,True,49,mlp_l,0.26157166976036716,0.1974752457752213,0.8526941283375431,4.402638073786908,1.2501651837367205,42.22784984177784,85.56595559971552,0.26147603437487554,0.1974752457752213,2625,0.8908306998200715,,,,0.8932474998291582,True,51,8,11,8,8160,1280,<REPO_ROOT>/artifacts/results/compact_framework_eight_models_apd/predictions/seed_49/multiplication_gain/mlp_l/test_predictions.csv,,,,,,,,,,,,,,,,,,,,
APD_M,multiplication_gain,True,49,spline_ridge,0.041932108419203286,0.029151361540167252,0.9962144233087086,1.0891648000954675,0.23424672178354458,4.527460930601595,19.904164283389534,0.039737638683952956,0.029151361540167252,50,,,,,0.008103500120341778,True,51,8,11,8,8160,1280,<REPO_ROOT>/artifacts/results/compact_framework_eight_models_apd/predictions/seed_49/multiplication_gain/spline_ridge/test_predictions.csv,,,,,,,,,,,,,,,,,,,,
APD_M,multiplication_gain,True,49,gmls,0.1106022075746098,0.06970251766600326,0.9736630038885281,2.3161458688095973,0.48682585067468287,8.655615497471668,46.22643584378968,0.10750589513829731,0.06970251766600326,65280,0.4205422999948496,,,,0.42056359999696724,True,51,8,11,8,8160,1280,<REPO_ROOT>/artifacts/results/compact_framework_eight_models_apd/predictions/seed_49/multiplication_gain/gmls/test_predictions.csv,validation_selected_gaussian_gmls_adapted,65280.0,2.0,36.0,144.0,0.014935250776532849,"[{""degree"": 1, ""neighbor_factor"": 4, ""neighbors"": 48, ""validation_mse"": 0.022284875951930527}, {""degree"": 2, ""neighbor_factor"": 4, ""neighbors"": 144, ""validation_mse"": 0.014935250776532849}, {""degree"": 2, ""neighbor_factor"": 8, ""neighbors"": 288, ""validation_mse"": 0.019919529380011784}]",,,,,,,,,,,,,
APD_M,multiplication_gain,True,49,autopinn,0.24824171946154452,0.17955425221669086,0.867325276766196,4.307810067190073,1.1699752796242122,35.70364387270234,84.91047059607659,0.24818228521731744,0.17955425221669086,1345,1.68527709999762,,,,1.6853474999952596,True,51,8,11,8,8160,1280,<REPO_ROOT>/artifacts/results/compact_framework_eight_models_apd/predictions/seed_49/multiplication_gain/autopinn/test_predictions.csv,autopinn_adapted_smooth_monotone_architecture_search,,,,,,"[{""best_epoch"": 300, ""hidden"": ""16x16"", ""param_count"": 417, ""validation_mse_scaled"": 0.2057376652956009}, {""best_epoch"": 300, ""hidden"": ""32x16"", ""param_count"": 801, ""validation_mse_scaled"": 0.16832228004932404}, {""best_epoch"": 300, ""hidden"": ""32x32"", ""param_count"": 1345, ""validation_mse_scaled"": 0.13219808042049408}]",32x32,300.0,0.13219808042049408,bias_v,-1.0,2.4108660221099854,2.0524845123291016,0.0,,,,,
APD_M,multiplication_gain,True,49,curve_lut,0.02756726537625694,0.014296881606673667,0.9983638390514042,0.4923143008128444,0.08457729933667613,1.1445618803363815,16.08651828973548,0.025004691895264004,0.014296881606673664,8772,0.0646593910000206,,,,0.06474973300004194,True,51,8,11,8,8160,1280,<REPO_ROOT>/artifacts/results/compact_framework_eight_models_apd/predictions/seed_49/multiplication_gain/curve_lut/test_predictions.csv,curve_object_pchip_lut_condition_idw,8772.0,,,,0.002176296794418922,"[{""boundary_hold_evaluations"": 0, ""distance_power"": 1.0, ""neighbor_curves"": 1, ""validation_mse"": 0.004306725494987738}, {""boundary_hold_evaluations"": 0, ""distance_power"": 1.0, ""neighbor_curves"": 2, ""validation_mse"": 0.002299838855030985}, {""boundary_hold_evaluations"": 0, ""distance_power"": 1.0, ""neighbor_curves"": 4, ""validation_mse"": 0.002256089993843926}, {""boundary_hold_evaluations"": 0, ""distance_power"": 2.0, ""neighbor_curves"": 4, ""validation_mse"": 0.0022585437973795526}, {""boundary_hold_evaluations"": 0, ""distance_power"": 2.0, ""neighbor_curves"": 8, ""validation_mse"": 0.002176296794418922}]",,,,,,,,,8160.0,102.0,8.0,2.0,0.0
APD_M,multiplication_gain,True,50,bkan,0.03701649672482993,0.019255586616958587,0.9969997984788012,1.9492153891581325,0.28994387636740726,2.092019884467721,15.055919508772416,0.03676003054992468,0.019255586616958587,1872,258.3154428000562,300.0,-2.1319616794586183,<REPO_ROOT>/artifacts\results\apd_second_device\predictions\seed_50\multiplication_gain\bkan\model_checkpoint.pt,258.5429896998685,True,51,8,11,8,8160,1280,<REPO_ROOT>/artifacts/results/compact_framework_eight_models_apd/predictions/seed_50/multiplication_gain/bkan/test_predictions.csv,,,,,,,,,,,,,,,,,,,,
APD_M,multiplication_gain,True,50,dkan,0.06711668061113361,0.04425392437838357,0.9901367341930398,2.469887223959794,0.4658780371916137,6.737212299603584,33.76205604135051,0.06489740629682157,0.04425392437838357,1088,4.060960599919781,,,,4.08655419992283,True,51,8,11,8,8160,1280,<REPO_ROOT>/artifacts/results/compact_framework_eight_models_apd/predictions/seed_50/multiplication_gain/dkan/test_predictions.csv,,,,,,,,,,,,,,,,,,,,
APD_M,multiplication_gain,True,50,mlp_l,0.2664566908786664,0.2014767293760736,0.8445420063259405,4.6539573837826875,1.3000605601623487,42.75991002190993,86.87977987588735,0.2663828472133285,0.2014767293760736,2625,0.8887434001080692,,,,0.8911152998916805,True,51,8,11,8,8160,1280,<REPO_ROOT>/artifacts/results/compact_framework_eight_models_apd/predictions/seed_50/multiplication_gain/mlp_l/test_predictions.csv,,,,,,,,,,,,,,,,,,,,
APD_M,multiplication_gain,True,50,spline_ridge,0.04412677485747477,0.03194963539606397,0.9957365205704107,1.366741944229341,0.27035733688674757,5.654568895801395,22.909448893701473,0.04384989154846697,0.03194963539606398,50,,,,,0.010764800012111664,True,51,8,11,8,8160,1280,<REPO_ROOT>/artifacts/results/compact_framework_eight_models_apd/predictions/seed_50/multiplication_gain/spline_ridge/test_predictions.csv,,,,,,,,,,,,,,,,,,,,
APD_M,multiplication_gain,True,50,gmls,0.11275579221335189,0.06926203927809284,0.9721620327538092,2.558344274695476,0.5315112266457371,8.674130359929014,44.34850567284337,0.10792664656407752,0.06926203927809284,65280,0.45014200000150595,,,,0.4501658000081079,True,51,8,11,8,8160,1280,<REPO_ROOT>/artifacts/results/compact_framework_eight_models_apd/predictions/seed_50/multiplication_gain/gmls/test_predictions.csv,validation_selected_gaussian_gmls_adapted,65280.0,2.0,36.0,144.0,0.016426113604853423,"[{""degree"": 1, ""neighbor_factor"": 4, ""neighbors"": 48, ""validation_mse"": 0.03317580991847116}, {""degree"": 2, ""neighbor_factor"": 4, ""neighbors"": 144, ""validation_mse"": 0.016426113604853423}, {""degree"": 2, ""neighbor_factor"": 8, ""neighbors"": 288, ""validation_mse"": 0.02265800404358585}]",,,,,,,,,,,,,
APD_M,multiplication_gain,True,50,autopinn,0.1723315954033258,0.1144947589199159,0.9349736143301608,4.429642050163235,1.0734017023339404,20.224782586397488,66.51971208405982,0.1720497224297196,0.1144947589199159,1345,1.7176247000024887,,,,1.7176981000084197,True,51,8,11,8,8160,1280,<REPO_ROOT>/artifacts/results/compact_framework_eight_models_apd/predictions/seed_50/multiplication_gain/autopinn/test_predictions.csv,autopinn_adapted_smooth_monotone_architecture_search,,,,,,"[{""best_epoch"": 300, ""hidden"": ""16x16"", ""param_count"": 417, ""validation_mse_scaled"": 0.15234996378421783}, {""best_epoch"": 300, ""hidden"": ""32x16"", ""param_count"": 801, ""validation_mse_scaled"": 0.07263056933879852}, {""best_epoch"": 300, ""hidden"": ""32x32"", ""param_count"": 1345, ""validation_mse_scaled"": 0.06243010237812996}]",32x32,300.0,0.06243010237812996,bias_v,-1.0,4.417977333068848,9.174748420715332,0.0,,,,,
APD_M,multiplication_gain,True,50,curve_lut,0.023024251996591954,0.011621990032542679,0.9988392709387098,0.6554153677291716,0.10162788639643808,0.90346940748101,14.874128710885335,0.01978686284726515,0.011621990032542679,8772,0.06192961499999683,,,,0.06201207099996964,True,51,8,11,8,8160,1280,<REPO_ROOT>/artifacts/results/compact_framework_eight_models_apd/predictions/seed_50/multiplication_gain/curve_lut/test_predictions.csv,curve_object_pchip_lut_condition_idw,8772.0,,,,0.0011412485417988246,"[{""boundary_hold_evaluations"": 0, ""distance_power"": 1.0, ""neighbor_curves"": 1, ""validation_mse"": 0.003822626253363494}, {""boundary_hold_evaluations"": 0, ""distance_power"": 1.0, ""neighbor_curves"": 2, ""validation_mse"": 0.0015965893551132793}, {""boundary_hold_evaluations"": 0, ""distance_power"": 1.0, ""neighbor_curves"": 4, ""validation_mse"": 0.0014857462079539048}, {""boundary_hold_evaluations"": 0, ""distance_power"": 2.0, ""neighbor_curves"": 4, ""validation_mse"": 0.001637108712774897}, {""boundary_hold_evaluations"": 0, ""distance_power"": 2.0, ""neighbor_curves"": 8, ""validation_mse"": 0.0011412485417988246}]",,,,,,,,,8160.0,102.0,8.0,2.0,0.0
APD_M,multiplication_gain,True,51,bkan,0.026051794633063206,0.014176107165593038,0.9984782145323263,1.0823730888869605,0.19279787477247265,1.8173664758216845,13.041340223003342,0.02574401642901397,0.01417610716559304,1872,258.597671699943,300.0,-2.1376314878463747,<REPO_ROOT>/artifacts\results\apd_second_device\predictions\seed_51\multiplication_gain\bkan\model_checkpoint.pt,258.8285629001912,True,51,8,11,8,8160,1280,<REPO_ROOT>/artifacts/results/compact_framework_eight_models_apd/predictions/seed_51/multiplication_gain/bkan/test_predictions.csv,,,,,,,,,,,,,,,,,,,,
APD_M,multiplication_gain,True,51,dkan,0.04298446816013268,0.023027981251437422,0.9958571304753698,1.8698210096070749,0.29415755191850046,3.105047584870362,16.67662212611251,0.042819481680254005,0.023027981251437426,1088,4.073043899843469,,,,4.0972538001369685,True,51,8,11,8,8160,1280,<REPO_ROOT>/artifacts/results/compact_framework_eight_models_apd/predictions/seed_51/multiplication_gain/dkan/test_predictions.csv,,,,,,,,,,,,,,,,,,,,
APD_M,multiplication_gain,True,51,mlp_l,0.26437542603082237,0.20205451961001217,0.8432814843207945,4.34038008589006,1.2522459524698977,43.38543223710653,85.71757750756882,0.2643226194961679,0.20205451961001214,2625,0.8815087000839412,,,,0.8845091999974102,True,51,8,11,8,8160,1280,<REPO_ROOT>/artifacts/results/compact_framework_eight_models_apd/predictions/seed_51/multiplication_gain/mlp_l/test_predictions.csv,,,,,,,,,,,,,,,,,,,,
APD_M,multiplication_gain,True,51,spline_ridge,0.04022481070004011,0.026107880025521335,0.9963720093554115,1.0868481492682804,0.2248502790128682,3.6072277931761647,19.741778598241982,0.038462501668157845,0.026107880025521335,50,,,,,0.008646999951452017,True,51,8,11,8,8160,1280,<REPO_ROOT>/artifacts/results/compact_framework_eight_models_apd/predictions/seed_51/multiplication_gain/spline_ridge/test_predictions.csv,,,,,,,,,,,,,,,,,,,,
APD_M,multiplication_gain,True,51,gmls,0.09336495781607108,0.05986746872103392,0.9804545375136408,2.037960620855752,0.43888645617581956,7.8178060648279555,42.00134273504147,0.09049364779476732,0.05986746872103393,65280,0.43582189999870025,,,,0.435846299995319,True,51,8,11,8,8160,1280,<REPO_ROOT>/artifacts/results/compact_framework_eight_models_apd/predictions/seed_51/multiplication_gain/gmls/test_predictions.csv,validation_selected_gaussian_gmls_adapted,65280.0,2.0,36.0,144.0,0.014440787603087323,"[{""degree"": 1, ""neighbor_factor"": 4, ""neighbors"": 48, ""validation_mse"": 0.03375382580535506}, {""degree"": 2, ""neighbor_factor"": 4, ""neighbors"": 144, ""validation_mse"": 0.014440787603087323}, {""degree"": 2, ""neighbor_factor"": 8, ""neighbors"": 288, ""validation_mse"": 0.020980444091239468}]",,,,,,,,,,,,,
APD_M,multiplication_gain,True,51,autopinn,0.1349494887510164,0.08879275437088377,0.959166121920533,3.516108801573718,0.7965090180398624,15.052443710947731,51.00043376708215,0.13485675104346567,0.08879275437088378,1345,1.7029839000024367,,,,1.7030497000087053,True,51,8,11,8,8160,1280,<REPO_ROOT>/artifacts/results/compact_framework_eight_models_apd/predictions/seed_51/multiplication_gain/autopinn/test_predictions.csv,autopinn_adapted_smooth_monotone_architecture_search,,,,,,"[{""best_epoch"": 300, ""hidden"": ""16x16"", ""param_count"": 417, ""validation_mse_scaled"": 0.17866668105125427}, {""best_epoch"": 300, ""hidden"": ""32x16"", ""param_count"": 801, ""validation_mse_scaled"": 0.18043309450149536}, {""best_epoch"": 300, ""hidden"": ""32x32"", ""param_count"": 1345, ""validation_mse_scaled"": 0.04136524721980095}]",32x32,300.0,0.04136524721980095,bias_v,-1.0,4.536575794219971,7.150448799133301,0.0,,,,,
APD_M,multiplication_gain,True,51,curve_lut,0.02405426629149196,0.012303539063186441,0.9987026344261839,0.745728252112278,0.11613690418251284,0.9458533682929974,11.263350637787545,0.021697189368905988,0.012303539063186441,8772,0.05693365000001904,,,,0.057012407000001986,True,51,8,11,8,8160,1280,<REPO_ROOT>/artifacts/results/compact_framework_eight_models_apd/predictions/seed_51/multiplication_gain/curve_lut/test_predictions.csv,curve_object_pchip_lut_condition_idw,8772.0,,,,0.0014701528271131301,"[{""boundary_hold_evaluations"": 0, ""distance_power"": 1.0, ""neighbor_curves"": 1, ""validation_mse"": 0.0022872019081921833}, {""boundary_hold_evaluations"": 0, ""distance_power"": 1.0, ""neighbor_curves"": 2, ""validation_mse"": 0.0014701528271131301}, {""boundary_hold_evaluations"": 0, ""distance_power"": 1.0, ""neighbor_curves"": 4, ""validation_mse"": 0.0016844757352501092}, {""boundary_hold_evaluations"": 0, ""distance_power"": 2.0, ""neighbor_curves"": 4, ""validation_mse"": 0.0016600224808327678}, {""boundary_hold_evaluations"": 0, ""distance_power"": 2.0, ""neighbor_curves"": 8, ""validation_mse"": 0.001765188947415313}]",,,,,,,,,8160.0,102.0,2.0,1.0,0.0
APD_V_M10,gain_threshold_voltage,False,42,bkan,0.025750817271284396,0.020680942712518968,-0.03707788393310163,0.025750817271284396,0.020680942712518968,0.187836215333966,0.5024444105682673,0.022225917035344725,0.020680942712518968,1664,4.595337399980053,110.0,0.19997775554656982,<REPO_ROOT>/artifacts\results\apd_second_device\predictions\seed_42\gain_threshold_voltage\bkan\model_checkpoint.pt,5.004138599848375,True,51,8,11,8,101,16,<REPO_ROOT>/artifacts/results/compact_framework_eight_models_apd/predictions/seed_42/gain_threshold_voltage/bkan/test_predictions.csv,,,,,,,,,,,,,,,,,,,,
APD_V_M10,gain_threshold_voltage,False,42,dkan,0.03491372968974794,0.028113580715242503,-0.9064342382515824,0.03491372968974794,0.028113580715242503,0.305246412970793,0.6721452226451541,0.030315443774575603,0.028113580715242503,952,4.412770299939439,,,,4.4378867000341415,True,51,8,11,8,101,16,<REPO_ROOT>/artifacts/results/compact_framework_eight_models_apd/predictions/seed_42/gain_threshold_voltage/dkan/test_predictions.csv,,,,,,,,,,,,,,,,,,,,
APD_V_M10,gain_threshold_voltage,False,42,mlp_l,0.05015417353420744,0.042115690902551406,-2.9340827912949012,0.05015417353420744,0.042115690902551406,0.4733639093814109,0.8577784325828702,0.04427452864582948,0.042115690902551406,2561,0.945702699944377,,,,0.9486894998699427,True,51,8,11,8,101,16,<REPO_ROOT>/artifacts/results/compact_framework_eight_models_apd/predictions/seed_42/gain_threshold_voltage/mlp_l/test_predictions.csv,,,,,,,,,,,,,,,,,,,,
APD_V_M10,gain_threshold_voltage,False,42,spline_ridge,0.05640630466691555,0.05071909694609644,-3.9760488630922532,0.05640630466691555,0.05071909694609644,0.5900677398651186,0.8302724280395293,0.05173000649228675,0.05071909694609644,43,,,,,0.0019368999637663364,True,51,8,11,8,101,16,<REPO_ROOT>/artifacts/results/compact_framework_eight_models_apd/predictions/seed_42/gain_threshold_voltage/spline_ridge/test_predictions.csv,,,,,,,,,,,,,,,,,,,,
APD_V_M10,gain_threshold_voltage,False,42,gmls,0.02887403103401418,0.02405236259445953,-0.3038996733253778,0.02887403103401418,0.02405236259445953,0.2435061219546505,0.5297401088373,0.02621827922493286,0.02405236259445953,707,1.3599099999992177,,,,1.3599224999925354,True,51,8,11,8,101,16,<REPO_ROOT>/artifacts/results/compact_framework_eight_models_apd/predictions/seed_42/gain_threshold_voltage/gmls/test_predictions.csv,validation_selected_gaussian_gmls_adapted,707.0,1.0,7.0,48.0,0.0003584211718356296,"[{""degree"": 1, ""neighbor_factor"": 4, ""neighbors"": 48, ""validation_mse"": 0.0003584211718356296}, {""degree"": 2, ""neighbor_factor"": 4, ""neighbors"": 101, ""validation_mse"": 0.0007283728496924392}, {""degree"": 2, ""neighbor_factor"": 8, ""neighbors"": 101, ""validation_mse"": 0.0007283728496924392}]",,,,,,,,,,,,,
APD_V_M10,gain_threshold_voltage,False,42,autopinn,0.02876250160907327,0.024050810514184784,-0.29384618801228224,0.02876250160907327,0.024050810514184784,0.2106012247896864,0.5543995504108105,0.025563685286436908,0.024050810514184784,401,0.29511430001002736,,,,0.2952054000052158,True,51,8,11,8,101,16,<REPO_ROOT>/artifacts/results/compact_framework_eight_models_apd/predictions/seed_42/gain_threshold_voltage/autopinn/test_predictions.csv,autopinn_adapted_smooth_monotone_architecture_search,,,,,,"[{""best_epoch"": 10, ""hidden"": ""16x16"", ""param_count"": 401, ""validation_mse_scaled"": 0.4252351224422455}, {""best_epoch"": 10, ""hidden"": ""32x16"", ""param_count"": 769, ""validation_mse_scaled"": 0.48894405364990234}, {""best_epoch"": 10, ""hidden"": ""32x32"", ""param_count"": 1313, ""validation_mse_scaled"": 0.42892220616340637}]",16x16,10.0,0.4252351224422455,optical_power_W,,0.06106416881084442,0.026262039318680763,,,,,,
APD_V_M10,gain_threshold_voltage,False,42,curve_lut,0.03031496921813518,0.02540770540154791,-0.4372873454203694,0.03031496921813518,0.02540770540154791,0.2552071474609755,0.5628935185468236,0.027362654796910912,0.02540770540154791,356,0.03796762300004275,,,,0.038005101999999624,True,51,8,11,8,101,16,<REPO_ROOT>/artifacts/results/compact_framework_eight_models_apd/predictions/seed_42/gain_threshold_voltage/curve_lut/test_predictions.csv,curve_object_pchip_lut_condition_idw,356.0,,,,0.00028630440352540463,"[{""boundary_hold_evaluations"": 0, ""distance_power"": 1.0, ""neighbor_curves"": 1, ""validation_mse"": 0.000861727776600892}, {""boundary_hold_evaluations"": 0, ""distance_power"": 1.0, ""neighbor_curves"": 2, ""validation_mse"": 0.0005362476653228848}, {""boundary_hold_evaluations"": 0, ""distance_power"": 1.0, ""neighbor_curves"": 4, ""validation_mse"": 0.00028630440352540463}, {""boundary_hold_evaluations"": 0, ""distance_power"": 2.0, ""neighbor_curves"": 4, ""validation_mse"": 0.00037422876594365084}, {""boundary_hold_evaluations"": 0, ""distance_power"": 2.0, ""neighbor_curves"": 8, ""validation_mse"": 0.0003077468653362505}]",,,,,,,,,101.0,51.0,4.0,1.0,0.0
APD_V_M10,gain_threshold_voltage,False,43,bkan,0.021492789829852192,0.017589106758739703,0.020316068842918922,0.021492789829852192,0.017589106758739703,0.16498171017279792,0.4067253738990407,0.020143052044781624,0.019153757344840816,1664,2.5564117000903934,80.0,0.9481274485588074,<REPO_ROOT>/artifacts\results\apd_second_device\predictions\seed_43\gain_threshold_voltage\bkan\model_checkpoint.pt,2.7915308999363333,True,51,8,11,8,102,15,<REPO_ROOT>/artifacts/results/compact_framework_eight_models_apd/predictions/seed_43/gain_threshold_voltage/bkan/test_predictions.csv,,,,,,,,,,,,,,,,,,,,
APD_V_M10,gain_threshold_voltage,False,43,dkan,0.021913569533226027,0.018409711718863755,-0.018419375813536032,0.021913569533226027,0.018409711718863755,0.19501821327209723,0.3862936742210916,0.02144034286665983,0.020205481301902806,952,4.284648300148547,,,,4.308301500044763,True,51,8,11,8,102,15,<REPO_ROOT>/artifacts/results/compact_framework_eight_models_apd/predictions/seed_43/gain_threshold_voltage/dkan/test_predictions.csv,,,,,,,,,,,,,,,,,,,,
APD_V_M10,gain_threshold_voltage,False,43,mlp_l,0.04830267931857141,0.03554961637497378,-3.948149856094954,0.04830267931857141,0.03554961637497378,0.3058807016737597,1.0245422931018915,0.037928313454451176,0.036110646376386946,2561,0.9297160001005977,,,,0.9315778000745922,True,51,8,11,8,102,15,<REPO_ROOT>/artifacts/results/compact_framework_eight_models_apd/predictions/seed_43/gain_threshold_voltage/mlp_l/test_predictions.csv,,,,,,,,,,,,,,,,,,,,
APD_V_M10,gain_threshold_voltage,False,43,spline_ridge,0.04439705322637599,0.031317697630983805,-3.180311954768724,0.04439705322637599,0.031317697630983805,0.2346701044242297,0.9616024079904513,0.0345124708130689,0.033358937356343654,43,,,,,0.0025678002275526524,True,51,8,11,8,102,15,<REPO_ROOT>/artifacts/results/compact_framework_eight_models_apd/predictions/seed_43/gain_threshold_voltage/spline_ridge/test_predictions.csv,,,,,,,,,,,,,,,,,,,,
APD_V_M10,gain_threshold_voltage,False,43,gmls,0.025658157720456917,0.020998911515996237,-0.3962119211946502,0.025658157720456917,0.020998911515996237,0.19904802427049145,0.5124806813513009,0.024075058767004172,0.022887218609440985,714,0.010651000004145317,,,,0.010662299988325685,True,51,8,11,8,102,15,<REPO_ROOT>/artifacts/results/compact_framework_eight_models_apd/predictions/seed_43/gain_threshold_voltage/gmls/test_predictions.csv,validation_selected_gaussian_gmls_adapted,714.0,1.0,7.0,48.0,0.0005764014870699065,"[{""degree"": 1, ""neighbor_factor"": 4, ""neighbors"": 48, ""validation_mse"": 0.0005764014870699065}, {""degree"": 2, ""neighbor_factor"": 4, ""neighbors"": 102, ""validation_mse"": 0.0006662417724475891}, {""degree"": 2, ""neighbor_factor"": 8, ""neighbors"": 102, ""validation_mse"": 0.0006662417724475891}]",,,,,,,,,,,,,
APD_V_M10,gain_threshold_voltage,False,43,autopinn,0.031034048491415903,0.026446756777661663,-1.0425715087228626,0.031034048491415903,0.026446756777661663,0.28184001196689956,0.5790189775111207,0.028350960233465106,0.027173192058777662,401,0.6949903000058839,,,,0.6950832000002265,True,51,8,11,8,102,15,<REPO_ROOT>/artifacts/results/compact_framework_eight_models_apd/predictions/seed_43/gain_threshold_voltage/autopinn/test_predictions.csv,autopinn_adapted_smooth_monotone_architecture_search,,,,,,"[{""best_epoch"": 230, ""hidden"": ""16x16"", ""param_count"": 401, ""validation_mse_scaled"": 0.45844313502311707}, {""best_epoch"": 120, ""hidden"": ""32x16"", ""param_count"": 769, ""validation_mse_scaled"": 1.0735620260238647}, {""best_epoch"": 90, ""hidden"": ""32x32"", ""param_count"": 1313, ""validation_mse_scaled"": 1.1687350273132324}]",16x16,230.0,0.45844313502311707,optical_power_W,,1.2036765813827515,1.097415566444397,,,,,,
APD_V_M10,gain_threshold_voltage,False,43,curve_lut,0.026711498368734893,0.02071872470291692,-0.5132019820157063,0.026711498368734893,0.02071872470291692,0.17475099782862097,0.5433938924100953,0.024434343142661984,0.022341759731407618,357,0.02902827499997329,,,,0.029068509000012455,True,51,8,11,8,102,15,<REPO_ROOT>/artifacts/results/compact_framework_eight_models_apd/predictions/seed_43/gain_threshold_voltage/curve_lut/test_predictions.csv,curve_object_pchip_lut_condition_idw,357.0,,,,0.00045380089599082816,"[{""boundary_hold_evaluations"": 0, ""distance_power"": 1.0, ""neighbor_curves"": 1, ""validation_mse"": 0.0006687695872882237}, {""boundary_hold_evaluations"": 0, ""distance_power"": 1.0, ""neighbor_curves"": 2, ""validation_mse"": 0.00045380089599082816}, {""boundary_hold_evaluations"": 0, ""distance_power"": 1.0, ""neighbor_curves"": 4, ""validation_mse"": 0.0004917836305231757}, {""boundary_hold_evaluations"": 0, ""distance_power"": 2.0, ""neighbor_curves"": 4, ""validation_mse"": 0.0004748317250484591}, {""boundary_hold_evaluations"": 0, ""distance_power"": 2.0, ""neighbor_curves"": 8, ""validation_mse"": 0.00047687594845577836}]",,,,,,,,,102.0,51.0,2.0,1.0,0.0
APD_V_M10,gain_threshold_voltage,False,44,bkan,0.02249512079038078,0.019471345973973042,-0.9033483078356994,0.02249512079038078,0.019471345973973042,0.20919024863142716,0.3687485129269663,0.0208734749038682,0.019471345973973042,1664,9.748548100003973,300.0,0.6932231187820435,<REPO_ROOT>/artifacts\results\apd_second_device\predictions\seed_44\gain_threshold_voltage\bkan\model_checkpoint.pt,9.981521500041708,True,51,8,11,8,101,16,<REPO_ROOT>/artifacts/results/compact_framework_eight_models_apd/predictions/seed_44/gain_threshold_voltage/bkan/test_predictions.csv,,,,,,,,,,,,,,,,,,,,
APD_V_M10,gain_threshold_voltage,False,44,dkan,0.023031349070632232,0.017876186344110034,-0.9951721164411642,0.023031349070632232,0.017876186344110034,0.15595282269412483,0.4387533875086502,0.018673354892309042,0.017876186344110034,952,4.202751699835062,,,,4.227427699835971,True,51,8,11,8,101,16,<REPO_ROOT>/artifacts/results/compact_framework_eight_models_apd/predictions/seed_44/gain_threshold_voltage/dkan/test_predictions.csv,,,,,,,,,,,,,,,,,,,,
APD_V_M10,gain_threshold_voltage,False,44,mlp_l,0.046789257452981896,0.033317291242065616,-7.234437115243669,0.046789257452981896,0.033317291242065616,0.2186099901278964,1.0956508198140076,0.03497650904075681,0.033317291242065616,2561,0.9576409000437707,,,,0.9605521999765188,True,51,8,11,8,101,16,<REPO_ROOT>/artifacts/results/compact_framework_eight_models_apd/predictions/seed_44/gain_threshold_voltage/mlp_l/test_predictions.csv,,,,,,,,,,,,,,,,,,,,
APD_V_M10,gain_threshold_voltage,False,44,spline_ridge,0.04687889866402049,0.03932020614500675,-7.26601923656875,0.04687889866402049,0.03932020614500675,0.40577333738596144,0.8807337885998521,0.0407784893917079,0.03932020614500675,43,,,,,0.002610699972137809,True,51,8,11,8,101,16,<REPO_ROOT>/artifacts/results/compact_framework_eight_models_apd/predictions/seed_44/gain_threshold_voltage/spline_ridge/test_predictions.csv,,,,,,,,,,,,,,,,,,,,
APD_V_M10,gain_threshold_voltage,False,44,gmls,0.026086735319084994,0.022120290171243062,-1.5596528869128172,0.026086735319084994,0.022120290171243062,0.22155924454622117,0.42507660225753624,0.023039175526050344,0.022120290171243062,707,0.010773599991807714,,,,0.010785299993585795,True,51,8,11,8,101,16,<REPO_ROOT>/artifacts/results/compact_framework_eight_models_apd/predictions/seed_44/gain_threshold_voltage/gmls/test_predictions.csv,validation_selected_gaussian_gmls_adapted,707.0,1.0,7.0,48.0,0.0004498884075246086,"[{""degree"": 1, ""neighbor_factor"": 4, ""neighbors"": 48, ""validation_mse"": 0.0004498884075246086}, {""degree"": 2, ""neighbor_factor"": 4, ""neighbors"": 101, ""validation_mse"": 0.000672887184047005}, {""degree"": 2, ""neighbor_factor"": 8, ""neighbors"": 101, ""validation_mse"": 0.000672887184047005}]",,,,,,,,,,,,,
APD_V_M10,gain_threshold_voltage,False,44,autopinn,0.024507040563221928,0.019264951511820172,-1.2590370332680365,0.024507040563221928,0.019264951511820172,0.15424341491238497,0.5029280843715561,0.0206787656412217,0.019264951511820172,401,0.47996409999905154,,,,0.4800325999967754,True,51,8,11,8,101,16,<REPO_ROOT>/artifacts/results/compact_framework_eight_models_apd/predictions/seed_44/gain_threshold_voltage/autopinn/test_predictions.csv,autopinn_adapted_smooth_monotone_architecture_search,,,,,,"[{""best_epoch"": 160, ""hidden"": ""16x16"", ""param_count"": 401, ""validation_mse_scaled"": 1.0763334035873413}, {""best_epoch"": 10, ""hidden"": ""32x16"", ""param_count"": 769, ""validation_mse_scaled"": 1.205482006072998}, {""best_epoch"": 60, ""hidden"": ""32x32"", ""param_count"": 1313, ""validation_mse_scaled"": 1.1295546293258667}]",16x16,160.0,1.0763334035873413,optical_power_W,,0.3707447946071625,0.15390515327453613,,,,,,
APD_V_M10,gain_threshold_voltage,False,44,curve_lut,0.023733882344666793,0.01953692380593608,-1.1187473948596458,0.023733882344666793,0.01953692380593608,0.19708840899942065,0.391455835468155,0.02120991974650096,0.01953692380593608,356,0.02785666200003334,,,,0.02787894599998708,True,51,8,11,8,101,16,<REPO_ROOT>/artifacts/results/compact_framework_eight_models_apd/predictions/seed_44/gain_threshold_voltage/curve_lut/test_predictions.csv,curve_object_pchip_lut_condition_idw,356.0,,,,0.00043728247426087145,"[{""boundary_hold_evaluations"": 1, ""distance_power"": 1.0, ""neighbor_curves"": 1, ""validation_mse"": 0.0008211149426563229}, {""boundary_hold_evaluations"": 1, ""distance_power"": 1.0, ""neighbor_curves"": 2, ""validation_mse"": 0.0005095500103895423}, {""boundary_hold_evaluations"": 1, ""distance_power"": 1.0, ""neighbor_curves"": 4, ""validation_mse"": 0.00045710214186993814}, {""boundary_hold_evaluations"": 1, ""distance_power"": 2.0, ""neighbor_curves"": 4, ""validation_mse"": 0.0004533724492864527}, {""boundary_hold_evaluations"": 1, ""distance_power"": 2.0, ""neighbor_curves"": 8, ""validation_mse"": 0.00043728247426087145}]",,,,,,,,,101.0,51.0,8.0,2.0,1.0
APD_V_M10,gain_threshold_voltage,False,45,bkan,0.02577826361262622,0.021744021673750558,-0.3423194921212527,0.02577826361262622,0.021744021673750558,0.19607619725577427,0.46726407871503695,0.022507866214606036,0.021744021673750558,1664,2.4882690000813454,80.0,0.3412858843803406,<REPO_ROOT>/artifacts\results\apd_second_device\predictions\seed_45\gain_threshold_voltage\bkan\model_checkpoint.pt,2.716905100038275,True,51,8,11,8,101,16,<REPO_ROOT>/artifacts/results/compact_framework_eight_models_apd/predictions/seed_45/gain_threshold_voltage/bkan/test_predictions.csv,,,,,,,,,,,,,,,,,,,,
APD_V_M10,gain_threshold_voltage,False,45,dkan,0.027206606401338353,0.02275569130952304,-0.495193233815062,0.027206606401338353,0.02275569130952304,0.17136606419435457,0.4734439958633824,0.02338550665113453,0.02275569130952304,952,4.236118900123984,,,,4.260288899997249,True,51,8,11,8,101,16,<REPO_ROOT>/artifacts/results/compact_framework_eight_models_apd/predictions/seed_45/gain_threshold_voltage/dkan/test_predictions.csv,,,,,,,,,,,,,,,,,,,,
APD_V_M10,gain_threshold_voltage,False,45,mlp_l,0.0268447961749518,0.022876665766265236,-0.45568966053219606,0.0268447961749518,0.022876665766265236,0.22612828672302937,0.45003869003225616,0.02552006167487065,0.022876665766265236,2561,0.939421699848026,,,,0.9422359000891447,True,51,8,11,8,101,16,<REPO_ROOT>/artifacts/results/compact_framework_eight_models_apd/predictions/seed_45/gain_threshold_voltage/mlp_l/test_predictions.csv,,,,,,,,,,,,,,,,,,,,
APD_V_M10,gain_threshold_voltage,False,45,spline_ridge,0.04467146620763549,0.036465516530618136,-3.0309646529494474,0.04467146620763549,0.036465516530618136,0.36208233308120064,0.8413211784588897,0.03688388829278233,0.036465516530618136,43,,,,,0.002268000040203333,True,51,8,11,8,101,16,<REPO_ROOT>/artifacts/results/compact_framework_eight_models_apd/predictions/seed_45/gain_threshold_voltage/spline_ridge/test_predictions.csv,,,,,,,,,,,,,,,,,,,,
APD_V_M10,gain_threshold_voltage,False,45,gmls,0.02389823802290373,0.018670716319150293,-0.15366665527381018,0.02389823802290373,0.018670716319150293,0.1557015668212347,0.46148820721369044,0.02014441112204555,0.018670716319150293,707,0.013255799989565276,,,,0.013265200002933852,True,51,8,11,8,101,16,<REPO_ROOT>/artifacts/results/compact_framework_eight_models_apd/predictions/seed_45/gain_threshold_voltage/gmls/test_predictions.csv,validation_selected_gaussian_gmls_adapted,707.0,2.0,28.0,101.0,0.0004333511940287193,"[{""degree"": 1, ""neighbor_factor"": 4, ""neighbors"": 48, ""validation_mse"": 0.00045406019081232476}, {""degree"": 2, ""neighbor_factor"": 4, ""neighbors"": 101, ""validation_mse"": 0.0004333511940287193}, {""degree"": 2, ""neighbor_factor"": 8, ""neighbors"": 101, ""validation_mse"": 0.0004333511940287193}]",,,,,,,,,,,,,
APD_V_M10,gain_threshold_voltage,False,45,autopinn,0.024883328329101673,0.0211040466027973,-0.25073561206098405,0.024883328329101673,0.0211040466027973,0.17500217472617935,0.45055507073856493,0.02199103754814738,0.0211040466027973,401,0.3261783000052674,,,,0.3262523000012152,True,51,8,11,8,101,16,<REPO_ROOT>/artifacts/results/compact_framework_eight_models_apd/predictions/seed_45/gain_threshold_voltage/autopinn/test_predictions.csv,autopinn_adapted_smooth_monotone_architecture_search,,,,,,"[{""best_epoch"": 10, ""hidden"": ""16x16"", ""param_count"": 401, ""validation_mse_scaled"": 0.6701200008392334}, {""best_epoch"": 10, ""hidden"": ""32x16"", ""param_count"": 769, ""validation_mse_scaled"": 0.725836992263794}, {""best_epoch"": 30, ""hidden"": ""32x32"", ""param_count"": 1313, ""validation_mse_scaled"": 0.8830134272575378}]",16x16,10.0,0.6701200008392334,optical_power_W,,0.07657817006111145,0.020102471113204956,,,,,,
APD_V_M10,gain_threshold_voltage,False,45,curve_lut,0.02399655441469398,0.01935755837562736,-0.16317845730396874,0.02399655441469398,0.01935755837562736,0.19539098291475043,0.39771887228689606,0.020652571334625742,0.01935755837562736,356,0.02731970999997202,,,,0.027340132999995603,True,51,8,11,8,101,16,<REPO_ROOT>/artifacts/results/compact_framework_eight_models_apd/predictions/seed_45/gain_threshold_voltage/curve_lut/test_predictions.csv,curve_object_pchip_lut_condition_idw,356.0,,,,0.0004931505077949229,"[{""boundary_hold_evaluations"": 0, ""distance_power"": 1.0, ""neighbor_curves"": 1, ""validation_mse"": 0.0008935062190452392}, {""boundary_hold_evaluations"": 0, ""distance_power"": 1.0, ""neighbor_curves"": 2, ""validation_mse"": 0.0007850598249133943}, {""boundary_hold_evaluations"": 1, ""distance_power"": 1.0, ""neighbor_curves"": 4, ""validation_mse"": 0.0005007293714355}, {""boundary_hold_evaluations"": 1, ""distance_power"": 2.0, ""neighbor_curves"": 4, ""validation_mse"": 0.0005531764519465967}, {""boundary_hold_evaluations"": 3, ""distance_power"": 2.0, ""neighbor_curves"": 8, ""validation_mse"": 0.0004931505077949229}]",,,,,,,,,101.0,51.0,8.0,2.0,2.0
APD_V_M10,gain_threshold_voltage,False,46,bkan,0.02350974855368309,0.01795989126997133,0.024073454036330433,0.02350974855368309,0.01795989126997133,0.1764710863175006,0.5278958360147815,0.019727281326482687,0.01795989126997133,1664,3.2129611999262124,100.0,0.16195841133594513,<REPO_ROOT>/artifacts\results\apd_second_device\predictions\seed_46\gain_threshold_voltage\bkan\model_checkpoint.pt,3.445494099985808,True,51,8,11,8,101,16,<REPO_ROOT>/artifacts/results/compact_framework_eight_models_apd/predictions/seed_46/gain_threshold_voltage/bkan/test_predictions.csv,,,,,,,,,,,,,,,,,,,,
APD_V_M10,gain_threshold_voltage,False,46,dkan,0.02829443741216193,0.02323162979623916,-0.41358943026526407,0.02829443741216193,0.02323162979623916,0.23586598173388018,0.5032659800251925,0.024344095552338497,0.02323162979623916,952,4.267824900103733,,,,4.29213079996407,True,51,8,11,8,101,16,<REPO_ROOT>/artifacts/results/compact_framework_eight_models_apd/predictions/seed_46/gain_threshold_voltage/dkan/test_predictions.csv,,,,,,,,,,,,,,,,,,,,
APD_V_M10,gain_threshold_voltage,False,46,mlp_l,0.037009094985704344,0.03060347409988684,-1.4184554573328585,0.037009094985704344,0.03060347409988684,0.3116886608772953,0.6687394629527147,0.033494792881715175,0.03060347409988684,2561,0.8832367998547852,,,,0.8856303000357002,True,51,8,11,8,101,16,<REPO_ROOT>/artifacts/results/compact_framework_eight_models_apd/predictions/seed_46/gain_threshold_voltage/mlp_l/test_predictions.csv,,,,,,,,,,,,,,,,,,,,
APD_V_M10,gain_threshold_voltage,False,46,spline_ridge,0.06686994078142905,0.05465637299095727,-6.895561853285774,0.06686994078142905,0.05465637299095727,0.3668270114369658,1.3600023797523455,0.055829502509922024,0.05465637299095727,43,,,,,0.0017522000707685947,True,51,8,11,8,101,16,<REPO_ROOT>/artifacts/results/compact_framework_eight_models_apd/predictions/seed_46/gain_threshold_voltage/spline_ridge/test_predictions.csv,,,,,,,,,,,,,,,,,,,,
APD_V_M10,gain_threshold_voltage,False,46,gmls,0.024590781443152923,0.019236216931627914,-0.0677407623125097,0.024590781443152923,0.019236216931627914,0.17119555010561915,0.5556842724568462,0.021113231692640108,0.019236216931627914,707,0.01084679999621585,,,,0.01085880000027828,True,51,8,11,8,101,16,<REPO_ROOT>/artifacts/results/compact_framework_eight_models_apd/predictions/seed_46/gain_threshold_voltage/gmls/test_predictions.csv,validation_selected_gaussian_gmls_adapted,707.0,1.0,7.0,48.0,0.0002696735376353205,"[{""degree"": 1, ""neighbor_factor"": 4, ""neighbors"": 48, ""validation_mse"": 0.0002696735376353205}, {""degree"": 2, ""neighbor_factor"": 4, ""neighbors"": 101, ""validation_mse"": 0.0007078255063512706}, {""degree"": 2, ""neighbor_factor"": 8, ""neighbors"": 101, ""validation_mse"": 0.0007078255063512706}]",,,,,,,,,,,,,
APD_V_M10,gain_threshold_voltage,False,46,autopinn,0.025241581337513256,0.01955717654066269,-0.12500455598544247,0.025241581337513256,0.01955717654066269,0.18443122603969248,0.5549187675498433,0.02138535727096148,0.01955717654066269,1313,0.34727399999974295,,,,0.34735140000702813,True,51,8,11,8,101,16,<REPO_ROOT>/artifacts/results/compact_framework_eight_models_apd/predictions/seed_46/gain_threshold_voltage/autopinn/test_predictions.csv,autopinn_adapted_smooth_monotone_architecture_search,,,,,,"[{""best_epoch"": 20, ""hidden"": ""16x16"", ""param_count"": 401, ""validation_mse_scaled"": 0.4446876049041748}, {""best_epoch"": 30, ""hidden"": ""32x16"", ""param_count"": 769, ""validation_mse_scaled"": 0.46416884660720825}, {""best_epoch"": 20, ""hidden"": ""32x32"", ""param_count"": 1313, ""validation_mse_scaled"": 0.43241727352142334}]",32x32,20.0,0.43241727352142334,optical_power_W,,0.04330907016992569,0.03712768480181694,,,,,,
APD_V_M10,gain_threshold_voltage,False,46,curve_lut,0.02607606404230448,0.019329901042760333,-0.2006190802863803,0.02607606404230448,0.019329901042760333,0.13980098483107203,0.5628081822013061,0.02164257884825979,0.019329901042760333,356,0.025978081000005204,,,,0.026007408999987547,True,51,8,11,8,101,16,<REPO_ROOT>/artifacts/results/compact_framework_eight_models_apd/predictions/seed_46/gain_threshold_voltage/curve_lut/test_predictions.csv,curve_object_pchip_lut_condition_idw,356.0,,,,0.0002199890979442287,"[{""boundary_hold_evaluations"": 0, ""distance_power"": 1.0, ""neighbor_curves"": 1, ""validation_mse"": 0.0006055790550803282}, {""boundary_hold_evaluations"": 0, ""distance_power"": 1.0, ""neighbor_curves"": 2, ""validation_mse"": 0.00027895174936082035}, {""boundary_hold_evaluations"": 0, ""distance_power"": 1.0, ""neighbor_curves"": 4, ""validation_mse"": 0.0002199890979442287}, {""boundary_hold_evaluations"": 0, ""distance_power"": 2.0, ""neighbor_curves"": 4, ""validation_mse"": 0.000232608518194276}, {""boundary_hold_evaluations"": 1, ""distance_power"": 2.0, ""neighbor_curves"": 8, ""validation_mse"": 0.00022688641241455502}]",,,,,,,,,101.0,51.0,4.0,1.0,0.0
APD_V_M10,gain_threshold_voltage,False,47,bkan,0.012573327007633748,0.010633134153669399,0.012590482297990868,0.012573327007633748,0.010633134153669399,0.11079530103530578,0.21290361501441643,0.01161810540978224,0.010633134153669399,1664,2.557700000004843,80.0,0.8033053278923035,<REPO_ROOT>/artifacts\results\apd_second_device\predictions\seed_47\gain_threshold_voltage\bkan\model_checkpoint.pt,2.7866663997992873,True,51,8,11,8,102,16,<REPO_ROOT>/artifacts/results/compact_framework_eight_models_apd/predictions/seed_47/gain_threshold_voltage/bkan/test_predictions.csv,,,,,,,,,,,,,,,,,,,,
APD_V_M10,gain_threshold_voltage,False,47,dkan,0.012560442663309792,0.01006822422372633,0.014613114143324002,0.012560442663309792,0.01006822422372633,0.07653458631652998,0.24757686204588075,0.011263249209050646,0.01006822422372633,952,4.202593800146133,,,,4.22646819986403,True,51,8,11,8,102,16,<REPO_ROOT>/artifacts/results/compact_framework_eight_models_apd/predictions/seed_47/gain_threshold_voltage/dkan/test_predictions.csv,,,,,,,,,,,,,,,,,,,,
APD_V_M10,gain_threshold_voltage,False,47,mlp_l,0.03231823843066897,0.02524925269579459,-5.523673974765624,0.03231823843066897,0.02524925269579459,0.269383556376386,0.6239129438820838,0.026864230402401622,0.02524925269579459,2561,0.9137967000715435,,,,0.9164260998368263,True,51,8,11,8,102,16,<REPO_ROOT>/artifacts/results/compact_framework_eight_models_apd/predictions/seed_47/gain_threshold_voltage/mlp_l/test_predictions.csv,,,,,,,,,,,,,,,,,,,,
APD_V_M10,gain_threshold_voltage,False,47,spline_ridge,0.052729611413066584,0.038953379186996595,-16.366249214591026,0.052729611413066584,0.038953379186996595,0.2701994759603895,1.0085267269040494,0.039637759204185885,0.038953379186996595,43,,,,,0.0017558999825268984,True,51,8,11,8,102,16,<REPO_ROOT>/artifacts/results/compact_framework_eight_models_apd/predictions/seed_47/gain_threshold_voltage/spline_ridge/test_predictions.csv,,,,,,,,,,,,,,,,,,,,
APD_V_M10,gain_threshold_voltage,False,47,gmls,0.02373759949806222,0.02001412613241571,-2.5194150239510305,0.02373759949806222,0.02001412613241571,0.20144558199259843,0.42454226781709226,0.021360324408701822,0.02001412613241571,714,0.012771100009558722,,,,0.01278029999230057,True,51,8,11,8,102,16,<REPO_ROOT>/artifacts/results/compact_framework_eight_models_apd/predictions/seed_47/gain_threshold_voltage/gmls/test_predictions.csv,validation_selected_gaussian_gmls_adapted,714.0,2.0,28.0,102.0,0.0008761254340660405,"[{""degree"": 1, ""neighbor_factor"": 4, ""neighbors"": 48, ""validation_mse"": 0.0009337062482006187}, {""degree"": 2, ""neighbor_factor"": 4, ""neighbors"": 102, ""validation_mse"": 0.0008761254340660405}, {""degree"": 2, ""neighbor_factor"": 8, ""neighbors"": 102, ""validation_mse"": 0.0008761254340660405}]",,,,,,,,,,,,,
APD_V_M10,gain_threshold_voltage,False,47,autopinn,0.012242569651855238,0.00991635960095949,0.06385730123507949,0.012242569651855238,0.00991635960095949,0.10293851796624331,0.23165050643118376,0.010841360453930325,0.00991635960095949,401,0.29540060000726953,,,,0.2954916000016965,True,51,8,11,8,102,16,<REPO_ROOT>/artifacts/results/compact_framework_eight_models_apd/predictions/seed_47/gain_threshold_voltage/autopinn/test_predictions.csv,autopinn_adapted_smooth_monotone_architecture_search,,,,,,"[{""best_epoch"": 10, ""hidden"": ""16x16"", ""param_count"": 401, ""validation_mse_scaled"": 1.3761099576950073}, {""best_epoch"": 10, ""hidden"": ""32x16"", ""param_count"": 769, ""validation_mse_scaled"": 1.437195897102356}, {""best_epoch"": 10, ""hidden"": ""32x32"", ""param_count"": 1313, ""validation_mse_scaled"": 1.4427989721298218}]",16x16,10.0,1.3761099576950073,optical_power_W,,0.0647386908531189,0.019009187817573547,,,,,,
APD_V_M10,gain_threshold_voltage,False,47,curve_lut,0.012115059725694873,0.01006786907081314,0.08325614742756204,0.012115059725694873,0.01006786907081314,0.08780849317771139,0.22264557187199113,0.010895201907314966,0.01006786907081314,357,0.034818921999999475,,,,0.03484297099998912,True,51,8,11,8,102,16,<REPO_ROOT>/artifacts/results/compact_framework_eight_models_apd/predictions/seed_47/gain_threshold_voltage/curve_lut/test_predictions.csv,curve_object_pchip_lut_condition_idw,357.0,,,,0.0008898821713138882,"[{""boundary_hold_evaluations"": 0, ""distance_power"": 1.0, ""neighbor_curves"": 1, ""validation_mse"": 0.0013111228083730925}, {""boundary_hold_evaluations"": 0, ""distance_power"": 1.0, ""neighbor_curves"": 2, ""validation_mse"": 0.0009628767133617668}, {""boundary_hold_evaluations"": 0, ""distance_power"": 1.0, ""neighbor_curves"": 4, ""validation_mse"": 0.0009119408184563135}, {""boundary_hold_evaluations"": 0, ""distance_power"": 2.0, ""neighbor_curves"": 4, ""validation_mse"": 0.0009111212220349271}, {""boundary_hold_evaluations"": 0, ""distance_power"": 2.0, ""neighbor_curves"": 8, ""validation_mse"": 0.0008898821713138882}]",,,,,,,,,102.0,51.0,8.0,2.0,0.0
APD_V_M10,gain_threshold_voltage,False,48,bkan,0.02567882983978183,0.02192290898360949,-0.10141737225695513,0.02567882983978183,0.02192290898360949,0.20031895720591125,0.49597426234107966,0.02336268445003464,0.02192290898360949,1664,2.542322900146246,80.0,0.7139644026756287,<REPO_ROOT>/artifacts\results\apd_second_device\predictions\seed_48\gain_threshold_voltage\bkan\model_checkpoint.pt,2.7865842999890447,True,51,8,11,8,101,16,<REPO_ROOT>/artifacts/results/compact_framework_eight_models_apd/predictions/seed_48/gain_threshold_voltage/bkan/test_predictions.csv,,,,,,,,,,,,,,,,,,,,
APD_V_M10,gain_threshold_voltage,False,48,dkan,0.03069272854223861,0.025992377663017763,-0.5735206979012311,0.03069272854223861,0.025992377663017763,0.2435219527477222,0.6190139931534637,0.026905394496942153,0.025992377663017763,952,4.231344799976796,,,,4.253280499950051,True,51,8,11,8,101,16,<REPO_ROOT>/artifacts/results/compact_framework_eight_models_apd/predictions/seed_48/gain_threshold_voltage/dkan/test_predictions.csv,,,,,,,,,,,,,,,,,,,,
APD_V_M10,gain_threshold_voltage,False,48,mlp_l,0.039462950677116686,0.03297169359541452,-1.6012408922730996,0.039462950677116686,0.03297169359541452,0.29485864108773946,0.7028651339974796,0.03487590929399852,0.03297169359541452,2561,0.8762628000695258,,,,0.879117000149563,True,51,8,11,8,101,16,<REPO_ROOT>/artifacts/results/compact_framework_eight_models_apd/predictions/seed_48/gain_threshold_voltage/mlp_l/test_predictions.csv,,,,,,,,,,,,,,,,,,,,
APD_V_M10,gain_threshold_voltage,False,48,spline_ridge,0.04773700805056879,0.03964999609718134,-2.8063774769800465,0.04773700805056879,0.03964999609718134,0.35775214660988075,0.8219207811858229,0.041161089349689206,0.03964999609718134,43,,,,,0.0018138999585062265,True,51,8,11,8,101,16,<REPO_ROOT>/artifacts/results/compact_framework_eight_models_apd/predictions/seed_48/gain_threshold_voltage/spline_ridge/test_predictions.csv,,,,,,,,,,,,,,,,,,,,
APD_V_M10,gain_threshold_voltage,False,48,gmls,0.029249423632415575,0.024467993528559107,-0.4290126999863568,0.029249423632415575,0.024467993528559107,0.22850868403025676,0.5533893036576282,0.026486750820371115,0.024467993528559107,707,0.010720400008722208,,,,0.01073270000051707,True,51,8,11,8,101,16,<REPO_ROOT>/artifacts/results/compact_framework_eight_models_apd/predictions/seed_48/gain_threshold_voltage/gmls/test_predictions.csv,validation_selected_gaussian_gmls_adapted,707.0,1.0,7.0,48.0,0.0007023029728302212,"[{""degree"": 1, ""neighbor_factor"": 4, ""neighbors"": 48, ""validation_mse"": 0.0007023029728302212}, {""degree"": 2, ""neighbor_factor"": 4, ""neighbors"": 101, ""validation_mse"": 0.0008588888713574795}, {""degree"": 2, ""neighbor_factor"": 8, ""neighbors"": 101, ""validation_mse"": 0.0008588888713574795}]",,,,,,,,,,,,,
APD_V_M10,gain_threshold_voltage,False,48,autopinn,0.025580618119315796,0.0212312918484876,-0.09300848156596131,0.025580618119315796,0.0212312918484876,0.18081927612722015,0.5321252065071789,0.022888872001206984,0.0212312918484876,401,0.30300070000521373,,,,0.3031678999977885,True,51,8,11,8,101,16,<REPO_ROOT>/artifacts/results/compact_framework_eight_models_apd/predictions/seed_48/gain_threshold_voltage/autopinn/test_predictions.csv,autopinn_adapted_smooth_monotone_architecture_search,,,,,,"[{""best_epoch"": 10, ""hidden"": ""16x16"", ""param_count"": 401, ""validation_mse_scaled"": 1.604066252708435}, {""best_epoch"": 10, ""hidden"": ""32x16"", ""param_count"": 769, ""validation_mse_scaled"": 1.7553825378417969}, {""best_epoch"": 10, ""hidden"": ""32x32"", ""param_count"": 1313, ""validation_mse_scaled"": 1.675740122795105}]",16x16,10.0,1.604066252708435,optical_power_W,,0.046332892030477524,0.013963672332465649,,,,,,
APD_V_M10,gain_threshold_voltage,False,48,curve_lut,0.029605184250601425,0.02462948708496837,-0.4639862570081412,0.029605184250601425,0.02462948708496837,0.20530799741438982,0.5915934018359857,0.026595464330027588,0.02462948708496837,356,0.03654449100002921,,,,0.03658586699998523,True,51,8,11,8,101,16,<REPO_ROOT>/artifacts/results/compact_framework_eight_models_apd/predictions/seed_48/gain_threshold_voltage/curve_lut/test_predictions.csv,curve_object_pchip_lut_condition_idw,356.0,,,,0.0006541333158672313,"[{""boundary_hold_evaluations"": 0, ""distance_power"": 1.0, ""neighbor_curves"": 1, ""validation_mse"": 0.0007869675314074579}, {""boundary_hold_evaluations"": 0, ""distance_power"": 1.0, ""neighbor_curves"": 2, ""validation_mse"": 0.000763278194731438}, {""boundary_hold_evaluations"": 1, ""distance_power"": 1.0, ""neighbor_curves"": 4, ""validation_mse"": 0.0006910449030420206}, {""boundary_hold_evaluations"": 1, ""distance_power"": 2.0, ""neighbor_curves"": 4, ""validation_mse"": 0.0006953688723448931}, {""boundary_hold_evaluations"": 1, ""distance_power"": 2.0, ""neighbor_curves"": 8, ""validation_mse"": 0.0006541333158672313}]",,,,,,,,,101.0,51.0,8.0,2.0,2.0
APD_V_M10,gain_threshold_voltage,False,49,bkan,0.013371548440420511,0.011725521019506857,-0.013310925164686349,0.013371548440420511,0.011725521019506857,0.1163525272492415,0.2343105519447463,0.012608511059740955,0.011725521019506857,1664,2.544507300015539,80.0,1.0220081806182861,<REPO_ROOT>/artifacts\results\apd_second_device\predictions\seed_49\gain_threshold_voltage\bkan\model_checkpoint.pt,2.776769299991429,True,51,8,11,8,102,16,<REPO_ROOT>/artifacts/results/compact_framework_eight_models_apd/predictions/seed_49/gain_threshold_voltage/bkan/test_predictions.csv,,,,,,,,,,,,,,,,,,,,
APD_V_M10,gain_threshold_voltage,False,49,dkan,0.022673014336451542,0.018821553691114934,-1.9133847756774873,0.022673014336451542,0.018821553691114934,0.17571382945416414,0.43050678483173577,0.020040977230466925,0.018821553691114934,952,4.229768899967894,,,,4.254915499826893,True,51,8,11,8,102,16,<REPO_ROOT>/artifacts/results/compact_framework_eight_models_apd/predictions/seed_49/gain_threshold_voltage/dkan/test_predictions.csv,,,,,,,,,,,,,,,,,,,,
APD_V_M10,gain_threshold_voltage,False,49,mlp_l,0.0405512702206253,0.030701120225727907,-8.319406300666719,0.0405512702206253,0.030701120225727907,0.24608265326395884,0.8497633217289717,0.03242651112563063,0.030701120225727907,2561,0.8975068000145257,,,,0.900290499906987,True,51,8,11,8,102,16,<REPO_ROOT>/artifacts/results/compact_framework_eight_models_apd/predictions/seed_49/gain_threshold_voltage/mlp_l/test_predictions.csv,,,,,,,,,,,,,,,,,,,,
APD_V_M10,gain_threshold_voltage,False,49,spline_ridge,0.03812184995151744,0.032771030770007425,-7.23620706140678,0.03812184995151744,0.032771030770007425,0.3688789654327834,0.6261969556570204,0.0338771793477287,0.032771030770007425,43,,,,,0.00173510005697608,True,51,8,11,8,102,16,<REPO_ROOT>/artifacts/results/compact_framework_eight_models_apd/predictions/seed_49/gain_threshold_voltage/spline_ridge/test_predictions.csv,,,,,,,,,,,,,,,,,,,,
APD_V_M10,gain_threshold_voltage,False,49,gmls,0.016087902712211447,0.014293562688130645,-0.4668245962675328,0.016087902712211447,0.014293562688130645,0.15260443026080323,0.2616808216848376,0.015050181412454657,0.014293562688130645,714,0.010746100000687875,,,,0.010760500008473173,True,51,8,11,8,102,16,<REPO_ROOT>/artifacts/results/compact_framework_eight_models_apd/predictions/seed_49/gain_threshold_voltage/gmls/test_predictions.csv,validation_selected_gaussian_gmls_adapted,714.0,1.0,7.0,48.0,0.0007813332505656137,"[{""degree"": 1, ""neighbor_factor"": 4, ""neighbors"": 48, ""validation_mse"": 0.0007813332505656137}, {""degree"": 2, ""neighbor_factor"": 4, ""neighbors"": 102, ""validation_mse"": 0.0014833204814784264}, {""degree"": 2, ""neighbor_factor"": 8, ""neighbors"": 102, ""validation_mse"": 0.0014833204814784264}]",,,,,,,,,,,,,
APD_V_M10,gain_threshold_voltage,False,49,autopinn,0.03987555579913672,0.03379315551802076,-8.011411461727135,0.03987555579913672,0.03379315551802076,0.36736323591556896,0.6840837229652937,0.03538164639930824,0.03379315551802076,401,0.5550442999956431,,,,0.5551158000016585,True,51,8,11,8,102,16,<REPO_ROOT>/artifacts/results/compact_framework_eight_models_apd/predictions/seed_49/gain_threshold_voltage/autopinn/test_predictions.csv,autopinn_adapted_smooth_monotone_architecture_search,,,,,,"[{""best_epoch"": 240, ""hidden"": ""16x16"", ""param_count"": 401, ""validation_mse_scaled"": 0.8264919519424438}, {""best_epoch"": 70, ""hidden"": ""32x16"", ""param_count"": 769, ""validation_mse_scaled"": 1.7197353839874268}, {""best_epoch"": 10, ""hidden"": ""32x32"", ""param_count"": 1313, ""validation_mse_scaled"": 1.7616468667984009}]",16x16,240.0,0.8264919519424438,optical_power_W,,0.5587706565856934,0.5190950632095337,,,,,,
APD_V_M10,gain_threshold_voltage,False,49,curve_lut,0.01779485866885197,0.015267156747427846,-0.7946030739650858,0.01779485866885197,0.015267156747427846,0.1411649468799467,0.3094498914887339,0.01629645186706644,0.015267156747427846,357,0.027519159000007676,,,,0.0275426190000303,True,51,8,11,8,102,16,<REPO_ROOT>/artifacts/results/compact_framework_eight_models_apd/predictions/seed_49/gain_threshold_voltage/curve_lut/test_predictions.csv,curve_object_pchip_lut_condition_idw,357.0,,,,0.000777146379013443,"[{""boundary_hold_evaluations"": 0, ""distance_power"": 1.0, ""neighbor_curves"": 1, ""validation_mse"": 0.0009180686641950215}, {""boundary_hold_evaluations"": 0, ""distance_power"": 1.0, ""neighbor_curves"": 2, ""validation_mse"": 0.001070248142413636}, {""boundary_hold_evaluations"": 0, ""distance_power"": 1.0, ""neighbor_curves"": 4, ""validation_mse"": 0.0007957267596581281}, {""boundary_hold_evaluations"": 0, ""distance_power"": 2.0, ""neighbor_curves"": 4, ""validation_mse"": 0.0008096230073231066}, {""boundary_hold_evaluations"": 0, ""distance_power"": 2.0, ""neighbor_curves"": 8, ""validation_mse"": 0.000777146379013443}]",,,,,,,,,102.0,51.0,8.0,2.0,0.0
APD_V_M10,gain_threshold_voltage,False,50,bkan,0.020103513702777465,0.015616666669490464,-0.24373774547181348,0.020103513702777465,0.015616666669490464,0.13503371139438494,0.35731447616517903,0.017194455944390223,0.015616666669490464,1664,3.7607092999387532,120.0,0.07883395999670029,<REPO_ROOT>/artifacts\results\apd_second_device\predictions\seed_50\gain_threshold_voltage\bkan\model_checkpoint.pt,3.9904344000387937,True,51,8,11,8,101,16,<REPO_ROOT>/artifacts/results/compact_framework_eight_models_apd/predictions/seed_50/gain_threshold_voltage/bkan/test_predictions.csv,,,,,,,,,,,,,,,,,,,,
APD_V_M10,gain_threshold_voltage,False,50,dkan,0.09627194027305402,0.05466773853009599,-27.522285553960828,0.09627194027305402,0.05466773853009599,0.2598965882880516,2.0600790999163174,0.05913301467515411,0.05466773853009599,952,4.232248399872333,,,,4.256980499951169,True,51,8,11,8,101,16,<REPO_ROOT>/artifacts/results/compact_framework_eight_models_apd/predictions/seed_50/gain_threshold_voltage/dkan/test_predictions.csv,,,,,,,,,,,,,,,,,,,,
APD_V_M10,gain_threshold_voltage,False,50,mlp_l,0.045763912813078504,0.037605455175194646,-5.445122454951689,0.045763912813078504,0.037605455175194646,0.39137027669292535,0.7967821941110248,0.0388096177087036,0.037605455175194646,2561,0.9164273000787944,,,,0.9190378000494093,True,51,8,11,8,101,16,<REPO_ROOT>/artifacts/results/compact_framework_eight_models_apd/predictions/seed_50/gain_threshold_voltage/mlp_l/test_predictions.csv,,,,,,,,,,,,,,,,,,,,
APD_V_M10,gain_threshold_voltage,False,50,spline_ridge,0.03413098644635092,0.0263983422446592,-2.5849454761487047,0.03413098644635092,0.0263983422446592,0.2068125632832566,0.7504115257944206,0.027118655799126166,0.0263983422446592,43,,,,,0.001831799978390336,True,51,8,11,8,101,16,<REPO_ROOT>/artifacts/results/compact_framework_eight_models_apd/predictions/seed_50/gain_threshold_voltage/spline_ridge/test_predictions.csv,,,,,,,,,,,,,,,,,,,,
APD_V_M10,gain_threshold_voltage,False,50,gmls,0.020362048126757216,0.01750018486225513,-0.2759327749074014,0.020362048126757216,0.01750018486225513,0.19088766181791977,0.363520227709201,0.01831746069067531,0.01750018486225513,707,0.01081710000289604,,,,0.010829599996213801,True,51,8,11,8,101,16,<REPO_ROOT>/artifacts/results/compact_framework_eight_models_apd/predictions/seed_50/gain_threshold_voltage/gmls/test_predictions.csv,validation_selected_gaussian_gmls_adapted,707.0,1.0,7.0,48.0,0.0003927218466578629,"[{""degree"": 1, ""neighbor_factor"": 4, ""neighbors"": 48, ""validation_mse"": 0.0003927218466578629}, {""degree"": 2, ""neighbor_factor"": 4, ""neighbors"": 101, ""validation_mse"": 0.0010256899020684898}, {""degree"": 2, ""neighbor_factor"": 8, ""neighbors"": 101, ""validation_mse"": 0.0010256899020684898}]",,,,,,,,,,,,,
APD_V_M10,gain_threshold_voltage,False,50,autopinn,0.02024108326031539,0.015446316594721954,-0.26081793147644805,0.02024108326031539,0.015446316594721954,0.1276915926397047,0.35888580614381793,0.017193227250757212,0.015446316594721954,769,0.3392747000034433,,,,0.3393718000006629,True,51,8,11,8,101,16,<REPO_ROOT>/artifacts/results/compact_framework_eight_models_apd/predictions/seed_50/gain_threshold_voltage/autopinn/test_predictions.csv,autopinn_adapted_smooth_monotone_architecture_search,,,,,,"[{""best_epoch"": 30, ""hidden"": ""16x16"", ""param_count"": 401, ""validation_mse_scaled"": 0.3655279874801636}, {""best_epoch"": 20, ""hidden"": ""32x16"", ""param_count"": 769, ""validation_mse_scaled"": 0.3612942099571228}, {""best_epoch"": 20, ""hidden"": ""32x32"", ""param_count"": 1313, ""validation_mse_scaled"": 0.3614638149738312}]",32x16,20.0,0.3612942099571228,optical_power_W,,0.048897527158260345,0.042554933577775955,,,,,,
APD_V_M10,gain_threshold_voltage,False,50,curve_lut,0.018411125119869677,0.015044453079297804,-0.04314704703846717,0.018411125119869677,0.015044453079297804,0.12689923262988123,0.370151094971276,0.016224668893503748,0.015044453079297804,356,0.03530405899999778,,,,0.03533632799997122,True,51,8,11,8,101,16,<REPO_ROOT>/artifacts/results/compact_framework_eight_models_apd/predictions/seed_50/gain_threshold_voltage/curve_lut/test_predictions.csv,curve_object_pchip_lut_condition_idw,356.0,,,,0.00026903272647110197,"[{""boundary_hold_evaluations"": 0, ""distance_power"": 1.0, ""neighbor_curves"": 1, ""validation_mse"": 0.0011141149383525446}, {""boundary_hold_evaluations"": 0, ""distance_power"": 1.0, ""neighbor_curves"": 2, ""validation_mse"": 0.0005801267617611875}, {""boundary_hold_evaluations"": 0, ""distance_power"": 1.0, ""neighbor_curves"": 4, ""validation_mse"": 0.0003023943620045627}, {""boundary_hold_evaluations"": 0, ""distance_power"": 2.0, ""neighbor_curves"": 4, ""validation_mse"": 0.0003888650428716677}, {""boundary_hold_evaluations"": 1, ""distance_power"": 2.0, ""neighbor_curves"": 8, ""validation_mse"": 0.00026903272647110197}]",,,,,,,,,101.0,51.0,8.0,2.0,2.0
APD_V_M10,gain_threshold_voltage,False,51,bkan,0.019667240668174282,0.016114277184904657,-0.27676680109425544,0.019667240668174282,0.016114277184904657,0.1246223310919446,0.42462873294188697,0.016496568969141617,0.016114277184904657,1664,3.1835384001024067,100.0,0.5828651189804077,<REPO_ROOT>/artifacts\results\apd_second_device\predictions\seed_51\gain_threshold_voltage\bkan\model_checkpoint.pt,3.41294729989022,True,51,8,11,8,102,16,<REPO_ROOT>/artifacts/results/compact_framework_eight_models_apd/predictions/seed_51/gain_threshold_voltage/bkan/test_predictions.csv,,,,,,,,,,,,,,,,,,,,
APD_V_M10,gain_threshold_voltage,False,51,dkan,0.01927740467609632,0.017403641190916197,-0.22665333940650711,0.01927740467609632,0.017403641190916197,0.2051493551272384,0.3034211862916971,0.01821902894878699,0.017403641190916197,952,4.2071319001261145,,,,4.232307499973103,True,51,8,11,8,102,16,<REPO_ROOT>/artifacts/results/compact_framework_eight_models_apd/predictions/seed_51/gain_threshold_voltage/dkan/test_predictions.csv,,,,,,,,,,,,,,,,,,,,
APD_V_M10,gain_threshold_voltage,False,51,mlp_l,0.02072436610719552,0.01736461717362192,-0.4177094308995617,0.02072436610719552,0.01736461717362192,0.14020113502690612,0.4309002246868466,0.018066706937730506,0.01736461717362192,2561,0.8754543999675661,,,,0.8782644998282194,True,51,8,11,8,102,16,<REPO_ROOT>/artifacts/results/compact_framework_eight_models_apd/predictions/seed_51/gain_threshold_voltage/mlp_l/test_predictions.csv,,,,,,,,,,,,,,,,,,,,
APD_V_M10,gain_threshold_voltage,False,51,spline_ridge,0.07199864973566523,0.047205912641056114,-16.11092234799433,0.07199864973566523,0.047205912641056114,0.3551658985009039,1.9373789931242178,0.0476789297120776,0.047205912641056114,43,,,,,0.0017991000786423683,True,51,8,11,8,102,16,<REPO_ROOT>/artifacts/results/compact_framework_eight_models_apd/predictions/seed_51/gain_threshold_voltage/spline_ridge/test_predictions.csv,,,,,,,,,,,,,,,,,,,,
APD_V_M10,gain_threshold_voltage,False,51,gmls,0.020199176827951474,0.016729449841306088,-0.3467657374854194,0.020199176827951474,0.016729449841306088,0.14857341729096357,0.39644786646621627,0.017413654852226724,0.016729449841306088,714,0.010997100005624816,,,,0.011010200003511272,True,51,8,11,8,102,16,<REPO_ROOT>/artifacts/results/compact_framework_eight_models_apd/predictions/seed_51/gain_threshold_voltage/gmls/test_predictions.csv,validation_selected_gaussian_gmls_adapted,714.0,1.0,7.0,48.0,0.0006152849557622173,"[{""degree"": 1, ""neighbor_factor"": 4, ""neighbors"": 48, ""validation_mse"": 0.0006152849557622173}, {""degree"": 2, ""neighbor_factor"": 4, ""neighbors"": 102, ""validation_mse"": 0.0010424845680427595}, {""degree"": 2, ""neighbor_factor"": 8, ""neighbors"": 102, ""validation_mse"": 0.0010424845680427595}]",,,,,,,,,,,,,
APD_V_M10,gain_threshold_voltage,False,51,autopinn,0.020449133828560635,0.01726142817825216,-0.3803033793388406,0.020449133828560635,0.01726142817825216,0.16761054015127885,0.409915283997644,0.017684933643010263,0.01726142817825216,1313,0.3229150999977719,,,,0.32297719999041874,True,51,8,11,8,102,16,<REPO_ROOT>/artifacts/results/compact_framework_eight_models_apd/predictions/seed_51/gain_threshold_voltage/autopinn/test_predictions.csv,autopinn_adapted_smooth_monotone_architecture_search,,,,,,"[{""best_epoch"": 10, ""hidden"": ""16x16"", ""param_count"": 401, ""validation_mse_scaled"": 1.015946388244629}, {""best_epoch"": 20, ""hidden"": ""32x16"", ""param_count"": 769, ""validation_mse_scaled"": 1.0060206651687622}, {""best_epoch"": 30, ""hidden"": ""32x32"", ""param_count"": 1313, ""validation_mse_scaled"": 0.9976634383201599}]",32x32,30.0,0.9976634383201599,optical_power_W,,0.042466215789318085,0.021228715777397156,,,,,,
APD_V_M10,gain_threshold_voltage,False,51,curve_lut,0.019442588189674922,0.015780006439781946,-0.24776520854187511,0.019442588189674922,0.015780006439781946,0.16293407220593462,0.3674932866853163,0.016821325428266094,0.015780006439781946,357,0.029969726999979684,,,,0.029997907999984363,True,51,8,11,8,102,16,<REPO_ROOT>/artifacts/results/compact_framework_eight_models_apd/predictions/seed_51/gain_threshold_voltage/curve_lut/test_predictions.csv,curve_object_pchip_lut_condition_idw,357.0,,,,0.000429419651606998,"[{""boundary_hold_evaluations"": 0, ""distance_power"": 1.0, ""neighbor_curves"": 1, ""validation_mse"": 0.0007009863482120067}, {""boundary_hold_evaluations"": 0, ""distance_power"": 1.0, ""neighbor_curves"": 2, ""validation_mse"": 0.0005605562458974577}, {""boundary_hold_evaluations"": 0, ""distance_power"": 1.0, ""neighbor_curves"": 4, ""validation_mse"": 0.0005349546918521757}, {""boundary_hold_evaluations"": 0, ""distance_power"": 2.0, ""neighbor_curves"": 4, ""validation_mse"": 0.00054310678590775}, {""boundary_hold_evaluations"": 0, ""distance_power"": 2.0, ""neighbor_curves"": 8, ""validation_mse"": 0.000429419651606998}]",,,,,,,,,102.0,51.0,8.0,2.0,0.0
APD_V_br,breakdown_voltage,False,42,bkan,0.03639217200119032,0.0248508501318222,-0.257466331178948,0.03639217200119032,0.0248508501318222,0.1674799161868991,0.7147458649102458,0.02788004828840717,0.0248508501318222,1664,10.18824930000119,300.0,-0.09432649612426758,<REPO_ROOT>/artifacts\results\apd_second_device\predictions\seed_42\breakdown_voltage\bkan\model_checkpoint.pt,10.417963000014424,True,51,8,11,8,102,16,<REPO_ROOT>/artifacts/results/compact_framework_eight_models_apd/predictions/seed_42/breakdown_voltage/bkan/test_predictions.csv,,,,,,,,,,,,,,,,,,,,
APD_V_br,breakdown_voltage,False,42,dkan,0.06343846905842832,0.04403715757011584,-2.8210770947538992,0.06343846905842832,0.04403715757011584,0.1816104213011799,1.3157613141302407,0.04772771673634034,0.04403715757011584,952,4.251490699825808,,,,4.274875500006601,True,51,8,11,8,102,16,<REPO_ROOT>/artifacts/results/compact_framework_eight_models_apd/predictions/seed_42/breakdown_voltage/dkan/test_predictions.csv,,,,,,,,,,,,,,,,,,,,
APD_V_br,breakdown_voltage,False,42,mlp_l,0.052408140498195546,0.03822476151259002,-1.6078218158252096,0.052408140498195546,0.03822476151259002,0.23439819445314108,1.1791398280101066,0.04387882095006308,0.03822476151259002,2561,0.9217970999889076,,,,0.9247065999079496,True,51,8,11,8,102,16,<REPO_ROOT>/artifacts/results/compact_framework_eight_models_apd/predictions/seed_42/breakdown_voltage/mlp_l/test_predictions.csv,,,,,,,,,,,,,,,,,,,,
APD_V_br,breakdown_voltage,False,42,spline_ridge,0.1408131380743541,0.1263499745909007,-17.826377672333425,0.1408131380743541,0.1263499745909007,1.1850279624813327,2.2163813469790905,0.12756160529399194,0.1263499745909007,43,,,,,0.0018609999679028988,True,51,8,11,8,102,16,<REPO_ROOT>/artifacts/results/compact_framework_eight_models_apd/predictions/seed_42/breakdown_voltage/spline_ridge/test_predictions.csv,,,,,,,,,,,,,,,,,,,,
APD_V_br,breakdown_voltage,False,42,gmls,0.05280655452830447,0.037126187450000625,-1.6476225824230335,0.05280655452830447,0.037126187450000625,0.20433165783085205,1.118443177838792,0.04249571175265231,0.037126187450000625,714,0.011180800007423386,,,,0.011192199992365204,True,51,8,11,8,102,16,<REPO_ROOT>/artifacts/results/compact_framework_eight_models_apd/predictions/seed_42/breakdown_voltage/gmls/test_predictions.csv,validation_selected_gaussian_gmls_adapted,714.0,1.0,7.0,48.0,0.001242515407829237,"[{""degree"": 1, ""neighbor_factor"": 4, ""neighbors"": 48, ""validation_mse"": 0.001242515407829237}, {""degree"": 2, ""neighbor_factor"": 4, ""neighbors"": 102, ""validation_mse"": 0.006628362349015375}, {""degree"": 2, ""neighbor_factor"": 8, ""neighbors"": 102, ""validation_mse"": 0.006628362349015375}]",,,,,,,,,,,,,
APD_V_br,breakdown_voltage,False,42,autopinn,0.043113287977235105,0.0324543200706261,-0.7648292891453938,0.043113287977235105,0.0324543200706261,0.2258573535119281,0.8517508014169879,0.03510880547564131,0.0324543200706261,401,0.29890910000540316,,,,0.2990131999977166,True,51,8,11,8,102,16,<REPO_ROOT>/artifacts/results/compact_framework_eight_models_apd/predictions/seed_42/breakdown_voltage/autopinn/test_predictions.csv,autopinn_adapted_smooth_monotone_architecture_search,,,,,,"[{""best_epoch"": 10, ""hidden"": ""16x16"", ""param_count"": 401, ""validation_mse_scaled"": 0.16583973169326782}, {""best_epoch"": 10, ""hidden"": ""32x16"", ""param_count"": 769, ""validation_mse_scaled"": 0.19452941417694092}, {""best_epoch"": 10, ""hidden"": ""32x32"", ""param_count"": 1313, ""validation_mse_scaled"": 0.20288920402526855}]",16x16,10.0,0.16583973169326782,optical_power_W,,0.06773586571216583,0.027519766241312027,,,,,,
APD_V_br,breakdown_voltage,False,42,curve_lut,0.038161326037499284,0.025867071218516502,-0.38269797625198,0.038161326037499284,0.025867071218516502,0.18237391189209762,0.6649792130160985,0.02938102977588912,0.025867071218516502,357,0.029106393999995817,,,,0.029135275000044203,True,51,8,11,8,102,16,<REPO_ROOT>/artifacts/results/compact_framework_eight_models_apd/predictions/seed_42/breakdown_voltage/curve_lut/test_predictions.csv,curve_object_pchip_lut_condition_idw,357.0,,,,0.0007514833625994534,"[{""boundary_hold_evaluations"": 0, ""distance_power"": 1.0, ""neighbor_curves"": 1, ""validation_mse"": 0.001751564431632482}, {""boundary_hold_evaluations"": 0, ""distance_power"": 1.0, ""neighbor_curves"": 2, ""validation_mse"": 0.0011745148393345352}, {""boundary_hold_evaluations"": 0, ""distance_power"": 1.0, ""neighbor_curves"": 4, ""validation_mse"": 0.0007514833625994534}, {""boundary_hold_evaluations"": 0, ""distance_power"": 2.0, ""neighbor_curves"": 4, ""validation_mse"": 0.0008771737521973625}, {""boundary_hold_evaluations"": 0, ""distance_power"": 2.0, ""neighbor_curves"": 8, ""validation_mse"": 0.0007567766865539465}]",,,,,,,,,102.0,51.0,4.0,1.0,0.0
APD_V_br,breakdown_voltage,False,43,bkan,0.1456281426606265,0.05605092689769142,-0.0756460777735688,0.1456281426606265,0.05605092689769142,0.16302204668465364,1.8628707111234062,0.06833514072137334,0.05605092689769142,1664,2.513582000043243,80.0,0.9491389393806458,<REPO_ROOT>/artifacts\results\apd_second_device\predictions\seed_43\breakdown_voltage\bkan\model_checkpoint.pt,2.748650799971074,True,51,8,11,8,101,16,<REPO_ROOT>/artifacts/results/compact_framework_eight_models_apd/predictions/seed_43/breakdown_voltage/bkan/test_predictions.csv,,,,,,,,,,,,,,,,,,,,
APD_V_br,breakdown_voltage,False,43,dkan,0.14545601005558467,0.05674236389651488,-0.07310475118480486,0.14545601005558467,0.05674236389651488,0.16722098092196977,1.887389890832278,0.06965947169342582,0.05674236389651488,952,4.142007499933243,,,,4.166659499984235,True,51,8,11,8,101,16,<REPO_ROOT>/artifacts/results/compact_framework_eight_models_apd/predictions/seed_43/breakdown_voltage/dkan/test_predictions.csv,,,,,,,,,,,,,,,,,,,,
APD_V_br,breakdown_voltage,False,43,mlp_l,0.16453027265375889,0.08509165681041309,-0.37299960292139267,0.16453027265375889,0.08509165681041309,0.3410171500756415,2.7343069454179387,0.09828522623477502,0.08509165681041309,2561,0.884463099995628,,,,0.8872163000050932,True,51,8,11,8,101,16,<REPO_ROOT>/artifacts/results/compact_framework_eight_models_apd/predictions/seed_43/breakdown_voltage/mlp_l/test_predictions.csv,,,,,,,,,,,,,,,,,,,,
APD_V_br,breakdown_voltage,False,43,spline_ridge,0.15347810980338633,0.0702930166753789,-0.19473520359430285,0.15347810980338633,0.0702930166753789,0.2348525473754281,2.1948342630698625,0.08184151138456036,0.0702930166753789,43,,,,,0.0016518000047653913,True,51,8,11,8,101,16,<REPO_ROOT>/artifacts/results/compact_framework_eight_models_apd/predictions/seed_43/breakdown_voltage/spline_ridge/test_predictions.csv,,,,,,,,,,,,,,,,,,,,
APD_V_br,breakdown_voltage,False,43,gmls,0.1496126259369682,0.06192893889855133,-0.13531210369081603,0.1496126259369682,0.06192893889855133,0.24739303566820212,1.952329367355404,0.07512593848369262,0.06192893889855133,707,0.010496400005649775,,,,0.01050829999439884,True,51,8,11,8,101,16,<REPO_ROOT>/artifacts/results/compact_framework_eight_models_apd/predictions/seed_43/breakdown_voltage/gmls/test_predictions.csv,validation_selected_gaussian_gmls_adapted,707.0,1.0,7.0,48.0,0.0009385648965103861,"[{""degree"": 1, ""neighbor_factor"": 4, ""neighbors"": 48, ""validation_mse"": 0.0009385648965103861}, {""degree"": 2, ""neighbor_factor"": 4, ""neighbors"": 101, ""validation_mse"": 0.0009740952260398894}, {""degree"": 2, ""neighbor_factor"": 8, ""neighbors"": 101, ""validation_mse"": 0.0009740952260398894}]",,,,,,,,,,,,,
APD_V_br,breakdown_voltage,False,43,autopinn,0.14656481534661728,0.058693385630338546,-0.08952757715071602,0.14656481534661728,0.058693385630338546,0.2347782399817191,1.900628340336603,0.0716036027458678,0.058693385630338546,1313,0.5708281000115676,,,,0.5709037000051467,True,51,8,11,8,101,16,<REPO_ROOT>/artifacts/results/compact_framework_eight_models_apd/predictions/seed_43/breakdown_voltage/autopinn/test_predictions.csv,autopinn_adapted_smooth_monotone_architecture_search,,,,,,"[{""best_epoch"": 100, ""hidden"": ""16x16"", ""param_count"": 401, ""validation_mse_scaled"": 1.428441047668457}, {""best_epoch"": 110, ""hidden"": ""32x16"", ""param_count"": 769, ""validation_mse_scaled"": 1.4314806461334229}, {""best_epoch"": 90, ""hidden"": ""32x32"", ""param_count"": 1313, ""validation_mse_scaled"": 1.2178740501403809}]",32x32,90.0,1.2178740501403809,optical_power_W,,0.34953567385673523,0.11791890114545822,,,,,,
APD_V_br,breakdown_voltage,False,43,curve_lut,0.14749448796841713,0.05919185492400303,-0.10339333917737248,0.14749448796841713,0.05919185492400303,0.23099110510291837,1.9005367975934222,0.07252546885769545,0.05919185492400303,356,0.03883236899997655,,,,0.038862897999990764,True,51,8,11,8,101,16,<REPO_ROOT>/artifacts/results/compact_framework_eight_models_apd/predictions/seed_43/breakdown_voltage/curve_lut/test_predictions.csv,curve_object_pchip_lut_condition_idw,356.0,,,,0.0007919026502276001,"[{""boundary_hold_evaluations"": 0, ""distance_power"": 1.0, ""neighbor_curves"": 1, ""validation_mse"": 0.0012484792774689398}, {""boundary_hold_evaluations"": 0, ""distance_power"": 1.0, ""neighbor_curves"": 2, ""validation_mse"": 0.000865376189379045}, {""boundary_hold_evaluations"": 0, ""distance_power"": 1.0, ""neighbor_curves"": 4, ""validation_mse"": 0.0007919026502276001}, {""boundary_hold_evaluations"": 0, ""distance_power"": 2.0, ""neighbor_curves"": 4, ""validation_mse"": 0.0008133052916886976}, {""boundary_hold_evaluations"": 1, ""distance_power"": 2.0, ""neighbor_curves"": 8, ""validation_mse"": 0.0008011595560606828}]",,,,,,,,,101.0,51.0,4.0,1.0,1.0
APD_V_br,breakdown_voltage,False,44,bkan,0.028804813998258842,0.02061674856102369,-0.3757335191043696,0.028804813998258842,0.02061674856102369,0.13483139275209238,0.6399841371616288,0.02348547852770311,0.02061674856102369,1664,9.63256309996359,300.0,-0.128612220287323,<REPO_ROOT>/artifacts\results\apd_second_device\predictions\seed_44\breakdown_voltage\bkan\model_checkpoint.pt,9.863936299923807,True,51,8,11,8,102,16,<REPO_ROOT>/artifacts/results/compact_framework_eight_models_apd/predictions/seed_44/breakdown_voltage/bkan/test_predictions.csv,,,,,,,,,,,,,,,,,,,,
APD_V_br,breakdown_voltage,False,44,dkan,0.04484457486619955,0.029774861427903643,-2.334448320151901,0.04484457486619955,0.029774861427903643,0.16204481681172847,0.782220703212736,0.03186681906981874,0.029774861427903643,952,4.205676699988544,,,,4.230290599865839,True,51,8,11,8,102,16,<REPO_ROOT>/artifacts/results/compact_framework_eight_models_apd/predictions/seed_44/breakdown_voltage/dkan/test_predictions.csv,,,,,,,,,,,,,,,,,,,,
APD_V_br,breakdown_voltage,False,44,mlp_l,0.08552575028356581,0.04810040323383924,-11.12824478972609,0.08552575028356581,0.04810040323383924,0.2051240451794501,1.4120802622226174,0.05791156299251938,0.04810040323383924,2561,0.9246135998982936,,,,0.927285399986431,True,51,8,11,8,102,16,<REPO_ROOT>/artifacts/results/compact_framework_eight_models_apd/predictions/seed_44/breakdown_voltage/mlp_l/test_predictions.csv,,,,,,,,,,,,,,,,,,,,
APD_V_br,breakdown_voltage,False,44,spline_ridge,0.06076614788513088,0.052360276643521275,-5.122482900528234,0.06076614788513088,0.052360276643521275,0.4579078073782756,1.0318415586311533,0.05374189100265886,0.052360276643521275,43,,,,,0.0017598001286387444,True,51,8,11,8,102,16,<REPO_ROOT>/artifacts/results/compact_framework_eight_models_apd/predictions/seed_44/breakdown_voltage/spline_ridge/test_predictions.csv,,,,,,,,,,,,,,,,,,,,
APD_V_br,breakdown_voltage,False,44,gmls,0.04131570714160949,0.031756594401255556,-1.8303135406267854,0.04131570714160949,0.031756594401255556,0.24528954128189567,0.8239140675376442,0.035954147744851436,0.031756594401255556,714,0.01026669998827856,,,,0.010279599999194033,True,51,8,11,8,102,16,<REPO_ROOT>/artifacts/results/compact_framework_eight_models_apd/predictions/seed_44/breakdown_voltage/gmls/test_predictions.csv,validation_selected_gaussian_gmls_adapted,714.0,1.0,7.0,48.0,0.00044386008062412925,"[{""degree"": 1, ""neighbor_factor"": 4, ""neighbors"": 48, ""validation_mse"": 0.00044386008062412925}, {""degree"": 2, ""neighbor_factor"": 4, ""neighbors"": 102, ""validation_mse"": 0.0031504505947817707}, {""degree"": 2, ""neighbor_factor"": 8, ""neighbors"": 102, ""validation_mse"": 0.0031504505947817707}]",,,,,,,,,,,,,
APD_V_br,breakdown_voltage,False,44,autopinn,0.02921888334186151,0.020843332610383958,-0.415570154008414,0.02921888334186151,0.020843332610383958,0.1640144805492706,0.6739839900802285,0.024066485136533984,0.020843332610383958,1313,0.38755050000327174,,,,0.3876377999986289,True,51,8,11,8,102,16,<REPO_ROOT>/artifacts/results/compact_framework_eight_models_apd/predictions/seed_44/breakdown_voltage/autopinn/test_predictions.csv,autopinn_adapted_smooth_monotone_architecture_search,,,,,,"[{""best_epoch"": 30, ""hidden"": ""16x16"", ""param_count"": 401, ""validation_mse_scaled"": 0.13875338435173035}, {""best_epoch"": 10, ""hidden"": ""32x16"", ""param_count"": 769, ""validation_mse_scaled"": 0.1330387145280838}, {""best_epoch"": 70, ""hidden"": ""32x32"", ""param_count"": 1313, ""validation_mse_scaled"": 0.12032116949558258}]",32x32,70.0,0.12032116949558258,optical_power_W,,0.20151758193969727,0.08084038645029068,,,,,,
APD_V_br,breakdown_voltage,False,44,curve_lut,0.03325262620342462,0.025285475794487144,-0.833395112301909,0.03325262620342462,0.025285475794487144,0.20474437801039805,0.7441226511346327,0.028130791943330475,0.025285475794487144,357,0.02662308600002916,,,,0.026643211000020983,True,51,8,11,8,102,16,<REPO_ROOT>/artifacts/results/compact_framework_eight_models_apd/predictions/seed_44/breakdown_voltage/curve_lut/test_predictions.csv,curve_object_pchip_lut_condition_idw,357.0,,,,0.0009494116832063148,"[{""boundary_hold_evaluations"": 0, ""distance_power"": 1.0, ""neighbor_curves"": 1, ""validation_mse"": 0.018164991654166046}, {""boundary_hold_evaluations"": 0, ""distance_power"": 1.0, ""neighbor_curves"": 2, ""validation_mse"": 0.004218445884088713}, {""boundary_hold_evaluations"": 0, ""distance_power"": 1.0, ""neighbor_curves"": 4, ""validation_mse"": 0.0015414373909652763}, {""boundary_hold_evaluations"": 0, ""distance_power"": 2.0, ""neighbor_curves"": 4, ""validation_mse"": 0.0021448398381778873}, {""boundary_hold_evaluations"": 0, ""distance_power"": 2.0, ""neighbor_curves"": 8, ""validation_mse"": 0.0009494116832063148}]",,,,,,,,,102.0,51.0,8.0,2.0,0.0
APD_V_br,breakdown_voltage,False,45,bkan,0.03384867275878036,0.02706012250603196,-0.2968708706136509,0.03384867275878036,0.02706012250603196,0.2336925309438211,0.6560535237918967,0.029655482945310934,0.02706012250603196,1664,2.5126337001565844,80.0,-0.0958319753408432,<REPO_ROOT>/artifacts\results\apd_second_device\predictions\seed_45\breakdown_voltage\bkan\model_checkpoint.pt,2.7517547998577356,True,51,8,11,8,101,16,<REPO_ROOT>/artifacts/results/compact_framework_eight_models_apd/predictions/seed_45/breakdown_voltage/bkan/test_predictions.csv,,,,,,,,,,,,,,,,,,,,
APD_V_br,breakdown_voltage,False,45,dkan,0.03301407258727969,0.02576875194267403,-0.23370592577226623,0.03301407258727969,0.02576875194267403,0.24007503395764812,0.5957745417980906,0.02959538215528245,0.02576875194267403,952,4.192867599893361,,,,4.218691400019452,True,51,8,11,8,101,16,<REPO_ROOT>/artifacts/results/compact_framework_eight_models_apd/predictions/seed_45/breakdown_voltage/dkan/test_predictions.csv,,,,,,,,,,,,,,,,,,,,
APD_V_br,breakdown_voltage,False,45,mlp_l,0.17042126580693773,0.0970599570460573,-31.87464112262893,0.17042126580693773,0.0970599570460573,0.34198862921528433,4.067329995877527,0.12381574230093756,0.0970599570460573,2561,0.9139368000905961,,,,0.9165004000533372,True,51,8,11,8,101,16,<REPO_ROOT>/artifacts/results/compact_framework_eight_models_apd/predictions/seed_45/breakdown_voltage/mlp_l/test_predictions.csv,,,,,,,,,,,,,,,,,,,,
APD_V_br,breakdown_voltage,False,45,spline_ridge,0.05669882933489148,0.0454824910353917,-2.6388288663511816,0.05669882933489148,0.0454824910353917,0.3649668508064373,0.9468764073156619,0.047271269951728576,0.0454824910353917,43,,,,,0.0019592999015003443,True,51,8,11,8,101,16,<REPO_ROOT>/artifacts/results/compact_framework_eight_models_apd/predictions/seed_45/breakdown_voltage/spline_ridge/test_predictions.csv,,,,,,,,,,,,,,,,,,,,
APD_V_br,breakdown_voltage,False,45,gmls,0.034668377201104626,0.025698380795460052,-0.3604433854350211,0.034668377201104626,0.025698380795460052,0.1991566890631552,0.635379572905233,0.030407651626357446,0.025698380795460052,707,0.012127800000598654,,,,0.012141600003815256,True,51,8,11,8,101,16,<REPO_ROOT>/artifacts/results/compact_framework_eight_models_apd/predictions/seed_45/breakdown_voltage/gmls/test_predictions.csv,validation_selected_gaussian_gmls_adapted,707.0,1.0,7.0,48.0,0.001970605267340462,"[{""degree"": 1, ""neighbor_factor"": 4, ""neighbors"": 48, ""validation_mse"": 0.001970605267340462}, {""degree"": 2, ""neighbor_factor"": 4, ""neighbors"": 101, ""validation_mse"": 0.0031050076221564677}, {""degree"": 2, ""neighbor_factor"": 8, ""neighbors"": 101, ""validation_mse"": 0.0031050076221564677}]",,,,,,,,,,,,,
APD_V_br,breakdown_voltage,False,45,autopinn,0.03090291252474802,0.024746650943148873,-0.0809665925591565,0.03090291252474802,0.024746650943148873,0.251877021754019,0.5553986557201649,0.027157972819612422,0.024746650943148873,401,0.30444680000073276,,,,0.3045272000017576,True,51,8,11,8,101,16,<REPO_ROOT>/artifacts/results/compact_framework_eight_models_apd/predictions/seed_45/breakdown_voltage/autopinn/test_predictions.csv,autopinn_adapted_smooth_monotone_architecture_search,,,,,,"[{""best_epoch"": 10, ""hidden"": ""16x16"", ""param_count"": 401, ""validation_mse_scaled"": 0.1166347935795784}, {""best_epoch"": 10, ""hidden"": ""32x16"", ""param_count"": 769, ""validation_mse_scaled"": 0.12438689917325974}, {""best_epoch"": 10, ""hidden"": ""32x32"", ""param_count"": 1313, ""validation_mse_scaled"": 0.2935195565223694}]",16x16,10.0,0.1166347935795784,optical_power_W,,0.04579335078597069,0.019316742196679115,,,,,,
APD_V_br,breakdown_voltage,False,45,curve_lut,0.06712171740717038,0.04021679288272795,-4.099640566144817,0.06712171740717038,0.04021679288272795,0.27160802593791145,1.1810982622068926,0.04792272985023334,0.04021679288272795,356,0.028915755000014087,,,,0.028941911999993408,True,51,8,11,8,101,16,<REPO_ROOT>/artifacts/results/compact_framework_eight_models_apd/predictions/seed_45/breakdown_voltage/curve_lut/test_predictions.csv,curve_object_pchip_lut_condition_idw,356.0,,,,0.0006279980972070088,"[{""boundary_hold_evaluations"": 1, ""distance_power"": 1.0, ""neighbor_curves"": 1, ""validation_mse"": 0.0006481861219196866}, {""boundary_hold_evaluations"": 1, ""distance_power"": 1.0, ""neighbor_curves"": 2, ""validation_mse"": 0.0006279980972070088}, {""boundary_hold_evaluations"": 1, ""distance_power"": 1.0, ""neighbor_curves"": 4, ""validation_mse"": 0.0014948010087823438}, {""boundary_hold_evaluations"": 1, ""distance_power"": 2.0, ""neighbor_curves"": 4, ""validation_mse"": 0.001172968713885507}, {""boundary_hold_evaluations"": 1, ""distance_power"": 2.0, ""neighbor_curves"": 8, ""validation_mse"": 0.0015131454674629557}]",,,,,,,,,101.0,51.0,2.0,1.0,0.0
APD_V_br,breakdown_voltage,False,46,bkan,0.032424014260741096,0.020325895808613718,-0.040962378871721494,0.032424014260741096,0.020325895808613718,0.15816663438518178,0.5117298157668375,0.02249111132147149,0.02013897242677931,1664,9.71163469995372,300.0,-0.1458394080400467,<REPO_ROOT>/artifacts\results\apd_second_device\predictions\seed_46\breakdown_voltage\bkan\model_checkpoint.pt,9.942342300200835,True,51,8,11,8,102,15,<REPO_ROOT>/artifacts/results/compact_framework_eight_models_apd/predictions/seed_46/breakdown_voltage/bkan/test_predictions.csv,,,,,,,,,,,,,,,,,,,,
APD_V_br,breakdown_voltage,False,46,dkan,0.2792964618624711,0.1621869743636798,-76.23823460000331,0.2792964618624711,0.1621869743636798,0.7033886183864007,7.2265258568890625,0.15637028764248914,0.15472253202704345,952,4.151374199893326,,,,4.175902500050142,True,51,8,11,8,102,15,<REPO_ROOT>/artifacts/results/compact_framework_eight_models_apd/predictions/seed_46/breakdown_voltage/dkan/test_predictions.csv,,,,,,,,,,,,,,,,,,,,
APD_V_br,breakdown_voltage,False,46,mlp_l,0.03871675471970875,0.02278983235878075,-0.48422370939083925,0.03871675471970875,0.02278983235878075,0.10401624324814691,0.825402547783499,0.02639641173698554,0.021441594445856582,2561,0.9102111998945475,,,,0.9130394000094384,True,51,8,11,8,102,15,<REPO_ROOT>/artifacts/results/compact_framework_eight_models_apd/predictions/seed_46/breakdown_voltage/mlp_l/test_predictions.csv,,,,,,,,,,,,,,,,,,,,
APD_V_br,breakdown_voltage,False,46,spline_ridge,0.12815950406459556,0.09469465177115571,-15.263091555040745,0.12815950406459556,0.09469465177115571,0.4968181383049841,2.794908892376347,0.09407508761871856,0.09348789889358244,43,,,,,0.0018192999996244907,True,51,8,11,8,102,15,<REPO_ROOT>/artifacts/results/compact_framework_eight_models_apd/predictions/seed_46/breakdown_voltage/spline_ridge/test_predictions.csv,,,,,,,,,,,,,,,,,,,,
APD_V_br,breakdown_voltage,False,46,gmls,0.04331656084144619,0.027490173787496155,-0.8578446955194414,0.04331656084144619,0.027490173787496155,0.14987220766283996,0.8507595806329136,0.03028261016388203,0.02639147792749108,714,0.011883699989994057,,,,0.011899200006155297,True,51,8,11,8,102,15,<REPO_ROOT>/artifacts/results/compact_framework_eight_models_apd/predictions/seed_46/breakdown_voltage/gmls/test_predictions.csv,validation_selected_gaussian_gmls_adapted,714.0,1.0,7.0,48.0,0.0010852878432091753,"[{""degree"": 1, ""neighbor_factor"": 4, ""neighbors"": 48, ""validation_mse"": 0.0010852878432091753}, {""degree"": 2, ""neighbor_factor"": 4, ""neighbors"": 102, ""validation_mse"": 0.0018485509086974927}, {""degree"": 2, ""neighbor_factor"": 8, ""neighbors"": 102, ""validation_mse"": 0.0018485509086974927}]",,,,,,,,,,,,,
APD_V_br,breakdown_voltage,False,46,autopinn,0.032692336898987394,0.02079622555786512,-0.058262487997432055,0.032692336898987394,0.02079622555786512,0.1607260094635907,0.5087999256100831,0.022844254375062774,0.020812543495260738,401,0.3327428000047803,,,,0.33285249999607913,True,51,8,11,8,102,15,<REPO_ROOT>/artifacts/results/compact_framework_eight_models_apd/predictions/seed_46/breakdown_voltage/autopinn/test_predictions.csv,autopinn_adapted_smooth_monotone_architecture_search,,,,,,"[{""best_epoch"": 10, ""hidden"": ""16x16"", ""param_count"": 401, ""validation_mse_scaled"": 0.11910732090473175}, {""best_epoch"": 10, ""hidden"": ""32x16"", ""param_count"": 769, ""validation_mse_scaled"": 0.17547400295734406}, {""best_epoch"": 30, ""hidden"": ""32x32"", ""param_count"": 1313, ""validation_mse_scaled"": 0.19166545569896698}]",16x16,10.0,0.11910732090473175,optical_power_W,,0.0810093879699707,0.02442239224910736,,,,,,
APD_V_br,breakdown_voltage,False,46,curve_lut,0.03661044048869665,0.022358709762204044,-0.32712362096947545,0.03661044048869665,0.022358709762204044,0.17498314539895413,0.6881468486827875,0.025157644353917506,0.021200080666911036,357,0.028731586999981573,,,,0.028760131000012734,True,51,8,11,8,102,15,<REPO_ROOT>/artifacts/results/compact_framework_eight_models_apd/predictions/seed_46/breakdown_voltage/curve_lut/test_predictions.csv,curve_object_pchip_lut_condition_idw,357.0,,,,0.00045208930057372306,"[{""boundary_hold_evaluations"": 0, ""distance_power"": 1.0, ""neighbor_curves"": 1, ""validation_mse"": 0.0009805137407630034}, {""boundary_hold_evaluations"": 0, ""distance_power"": 1.0, ""neighbor_curves"": 2, ""validation_mse"": 0.0006637835174984987}, {""boundary_hold_evaluations"": 0, ""distance_power"": 1.0, ""neighbor_curves"": 4, ""validation_mse"": 0.00045208930057372306}, {""boundary_hold_evaluations"": 0, ""distance_power"": 2.0, ""neighbor_curves"": 4, ""validation_mse"": 0.0004974477338786734}, {""boundary_hold_evaluations"": 0, ""distance_power"": 2.0, ""neighbor_curves"": 8, ""validation_mse"": 0.0006632383776626462}]",,,,,,,,,102.0,51.0,4.0,1.0,0.0
APD_V_br,breakdown_voltage,False,47,bkan,0.011075877855595105,0.008284593783949856,-0.16708904256558377,0.011075877855595105,0.008284593783949856,0.050063774332188046,0.20225789700349306,0.008798598923686164,0.008284593783949856,1664,6.109015499940142,190.0,19.629648208618164,<REPO_ROOT>/artifacts\results\apd_second_device\predictions\seed_47\breakdown_voltage\bkan\model_checkpoint.pt,6.338687600102276,True,51,8,11,8,101,16,<REPO_ROOT>/artifacts/results/compact_framework_eight_models_apd/predictions/seed_47/breakdown_voltage/bkan/test_predictions.csv,,,,,,,,,,,,,,,,,,,,
APD_V_br,breakdown_voltage,False,47,dkan,0.019020363709341643,0.01454827307624873,-2.441797468356964,0.019020363709341643,0.01454827307624873,0.10914995936228497,0.38100703952646087,0.01644813047483228,0.01454827307624873,952,4.225594599964097,,,,4.2510693001095206,True,51,8,11,8,101,16,<REPO_ROOT>/artifacts/results/compact_framework_eight_models_apd/predictions/seed_47/breakdown_voltage/dkan/test_predictions.csv,,,,,,,,,,,,,,,,,,,,
APD_V_br,breakdown_voltage,False,47,mlp_l,0.06804188798659402,0.05740436263975435,-43.04538266822752,0.06804188798659402,0.05740436263975435,0.585874785663191,1.2177099254969694,0.060623331336406364,0.05740436263975435,2561,0.8951391000300646,,,,0.8973330999724567,True,51,8,11,8,101,16,<REPO_ROOT>/artifacts/results/compact_framework_eight_models_apd/predictions/seed_47/breakdown_voltage/mlp_l/test_predictions.csv,,,,,,,,,,,,,,,,,,,,
APD_V_br,breakdown_voltage,False,47,spline_ridge,0.0736307779176389,0.050795344736525694,-50.57823231330657,0.0736307779176389,0.050795344736525694,0.1944731545447218,1.3125207106081416,0.05144445501362137,0.050795344736525694,43,,,,,0.0019483000505715609,True,51,8,11,8,101,16,<REPO_ROOT>/artifacts/results/compact_framework_eight_models_apd/predictions/seed_47/breakdown_voltage/spline_ridge/test_predictions.csv,,,,,,,,,,,,,,,,,,,,
APD_V_br,breakdown_voltage,False,47,gmls,0.030551937712054267,0.022491130283191496,-7.880250076044927,0.030551937712054267,0.022491130283191496,0.11632587414135617,0.5783422164667829,0.024423586849983574,0.022491130283191496,707,0.01270170000498183,,,,0.012714600001345389,True,51,8,11,8,101,16,<REPO_ROOT>/artifacts/results/compact_framework_eight_models_apd/predictions/seed_47/breakdown_voltage/gmls/test_predictions.csv,validation_selected_gaussian_gmls_adapted,707.0,2.0,28.0,101.0,0.02058364584863941,"[{""degree"": 1, ""neighbor_factor"": 4, ""neighbors"": 48, ""validation_mse"": 0.021741342955111348}, {""degree"": 2, ""neighbor_factor"": 4, ""neighbors"": 101, ""validation_mse"": 0.02058364584863941}, {""degree"": 2, ""neighbor_factor"": 8, ""neighbors"": 101, ""validation_mse"": 0.02058364584863941}]",,,,,,,,,,,,,
APD_V_br,breakdown_voltage,False,47,autopinn,0.011337647554639296,0.008578561896297798,-0.2229074217658873,0.011337647554639296,0.008578561896297798,0.07301956556374614,0.212266699552056,0.009153854990264065,0.008578561896297798,1313,0.31615499999315944,,,,0.3162183000094956,True,51,8,11,8,101,16,<REPO_ROOT>/artifacts/results/compact_framework_eight_models_apd/predictions/seed_47/breakdown_voltage/autopinn/test_predictions.csv,autopinn_adapted_smooth_monotone_architecture_search,,,,,,"[{""best_epoch"": 30, ""hidden"": ""16x16"", ""param_count"": 401, ""validation_mse_scaled"": 27.937450408935547}, {""best_epoch"": 10, ""hidden"": ""32x16"", ""param_count"": 769, ""validation_mse_scaled"": 27.71344757080078}, {""best_epoch"": 10, ""hidden"": ""32x32"", ""param_count"": 1313, ""validation_mse_scaled"": 27.617048263549805}]",32x32,10.0,27.617048263549805,optical_power_W,,0.09674537181854248,0.01866232603788376,,,,,,
APD_V_br,breakdown_voltage,False,47,curve_lut,0.0352861988151517,0.025521453327814303,-10.845609992206935,0.0352861988151517,0.025521453327814303,0.1896626639318178,0.6139581772886099,0.02908280457255375,0.025521453327814303,356,0.026865559999976085,,,,0.026897845999997116,True,51,8,11,8,101,16,<REPO_ROOT>/artifacts/results/compact_framework_eight_models_apd/predictions/seed_47/breakdown_voltage/curve_lut/test_predictions.csv,curve_object_pchip_lut_condition_idw,356.0,,,,0.018298272888077574,"[{""boundary_hold_evaluations"": 0, ""distance_power"": 1.0, ""neighbor_curves"": 1, ""validation_mse"": 0.018298272888077574}, {""boundary_hold_evaluations"": 0, ""distance_power"": 1.0, ""neighbor_curves"": 2, ""validation_mse"": 0.019983690318313166}, {""boundary_hold_evaluations"": 0, ""distance_power"": 1.0, ""neighbor_curves"": 4, ""validation_mse"": 0.020632373405431254}, {""boundary_hold_evaluations"": 0, ""distance_power"": 2.0, ""neighbor_curves"": 4, ""validation_mse"": 0.02034295153927286}, {""boundary_hold_evaluations"": 2, ""distance_power"": 2.0, ""neighbor_curves"": 8, ""validation_mse"": 0.020776492846369156}]",,,,,,,,,101.0,51.0,1.0,1.0,0.0
APD_V_br,breakdown_voltage,False,48,bkan,0.028037042638360897,0.02275185524608414,-0.38550140243030295,0.028037042638360897,0.02275185524608414,0.15017599151276753,0.5519119572405105,0.024473166649574787,0.02275185524608414,1664,2.5133358000312,80.0,-0.06070195510983467,<REPO_ROOT>/artifacts\results\apd_second_device\predictions\seed_48\breakdown_voltage\bkan\model_checkpoint.pt,2.734683800023049,True,51,8,11,8,101,16,<REPO_ROOT>/artifacts/results/compact_framework_eight_models_apd/predictions/seed_48/breakdown_voltage/bkan/test_predictions.csv,,,,,,,,,,,,,,,,,,,,
APD_V_br,breakdown_voltage,False,48,dkan,0.04891783869144217,0.03558975225451699,-3.2177136066736276,0.04891783869144217,0.03558975225451699,0.2457745517988712,1.0573189337610276,0.03757062055327548,0.03558975225451699,952,4.222536099841818,,,,4.246047400170937,True,51,8,11,8,101,16,<REPO_ROOT>/artifacts/results/compact_framework_eight_models_apd/predictions/seed_48/breakdown_voltage/dkan/test_predictions.csv,,,,,,,,,,,,,,,,,,,,
APD_V_br,breakdown_voltage,False,48,mlp_l,0.029082311358387774,0.02245327294886612,-0.49073485197198763,0.029082311358387774,0.02245327294886612,0.16878229683072155,0.5560935350565608,0.025368220688544746,0.02245327294886612,2561,0.9320610000286251,,,,0.934602800058201,True,51,8,11,8,101,16,<REPO_ROOT>/artifacts/results/compact_framework_eight_models_apd/predictions/seed_48/breakdown_voltage/mlp_l/test_predictions.csv,,,,,,,,,,,,,,,,,,,,
APD_V_br,breakdown_voltage,False,48,spline_ridge,0.12547584261733227,0.11199999322364595,-26.74998847799044,0.12547584261733227,0.11199999322364595,0.9570336385106113,2.2135513018768016,0.11368760011974627,0.11199999322364595,43,,,,,0.0018446999602019787,True,51,8,11,8,101,16,<REPO_ROOT>/artifacts/results/compact_framework_eight_models_apd/predictions/seed_48/breakdown_voltage/spline_ridge/test_predictions.csv,,,,,,,,,,,,,,,,,,,,
APD_V_br,breakdown_voltage,False,48,gmls,0.04154970747048776,0.02841684059494798,-2.042835724742219,0.04154970747048776,0.02841684059494798,0.194595307412383,0.8089146469841401,0.033281417061832796,0.02841684059494798,707,0.009997399989515543,,,,0.010008099998231046,True,51,8,11,8,101,16,<REPO_ROOT>/artifacts/results/compact_framework_eight_models_apd/predictions/seed_48/breakdown_voltage/gmls/test_predictions.csv,validation_selected_gaussian_gmls_adapted,707.0,1.0,7.0,48.0,0.0015027854887004974,"[{""degree"": 1, ""neighbor_factor"": 4, ""neighbors"": 48, ""validation_mse"": 0.0015027854887004974}, {""degree"": 2, ""neighbor_factor"": 4, ""neighbors"": 101, ""validation_mse"": 0.003758391600253633}, {""degree"": 2, ""neighbor_factor"": 8, ""neighbors"": 101, ""validation_mse"": 0.003758391600253633}]",,,,,,,,,,,,,
APD_V_br,breakdown_voltage,False,48,autopinn,0.03527429138176165,0.026896433406653486,-1.1931036698373285,0.03527429138176165,0.026896433406653486,0.2233698927850154,0.6750373256734865,0.03168124573662019,0.026896433406653486,769,0.3898972000024514,,,,0.38999080000212416,True,51,8,11,8,101,16,<REPO_ROOT>/artifacts/results/compact_framework_eight_models_apd/predictions/seed_48/breakdown_voltage/autopinn/test_predictions.csv,autopinn_adapted_smooth_monotone_architecture_search,,,,,,"[{""best_epoch"": 10, ""hidden"": ""16x16"", ""param_count"": 401, ""validation_mse_scaled"": 0.2553064823150635}, {""best_epoch"": 10, ""hidden"": ""32x16"", ""param_count"": 769, ""validation_mse_scaled"": 0.24542059004306793}, {""best_epoch"": 100, ""hidden"": ""32x32"", ""param_count"": 1313, ""validation_mse_scaled"": 0.29398611187934875}]",32x16,10.0,0.24542059004306793,optical_power_W,,0.15232312679290771,0.04271038621664047,,,,,,
APD_V_br,breakdown_voltage,False,48,curve_lut,0.028167081434906913,0.023232751441108923,-0.3983834141809992,0.028167081434906913,0.023232751441108923,0.21818115494214818,0.5307273517854925,0.025376061579640098,0.023232751441108923,356,0.029343004999986988,,,,0.02937932500003626,True,51,8,11,8,101,16,<REPO_ROOT>/artifacts/results/compact_framework_eight_models_apd/predictions/seed_48/breakdown_voltage/curve_lut/test_predictions.csv,curve_object_pchip_lut_condition_idw,356.0,,,,0.0009447300961621865,"[{""boundary_hold_evaluations"": 0, ""distance_power"": 1.0, ""neighbor_curves"": 1, ""validation_mse"": 0.0009447300961621865}, {""boundary_hold_evaluations"": 0, ""distance_power"": 1.0, ""neighbor_curves"": 2, ""validation_mse"": 0.001041362700546022}, {""boundary_hold_evaluations"": 0, ""distance_power"": 1.0, ""neighbor_curves"": 4, ""validation_mse"": 0.0023737113549549315}, {""boundary_hold_evaluations"": 0, ""distance_power"": 2.0, ""neighbor_curves"": 4, ""validation_mse"": 0.0021821407215978908}, {""boundary_hold_evaluations"": 0, ""distance_power"": 2.0, ""neighbor_curves"": 8, ""validation_mse"": 0.001441758567641452}]",,,,,,,,,101.0,51.0,1.0,1.0,0.0
APD_V_br,breakdown_voltage,False,49,bkan,0.01073554832943507,0.00832641925441524,-0.1516510749065345,0.01073554832943507,0.00832641925441524,0.07879084538280294,0.1942529893920602,0.009886370689090627,0.00832641925441524,1664,9.728420299943537,300.0,19.786020278930664,<REPO_ROOT>/artifacts\results\apd_second_device\predictions\seed_49\breakdown_voltage\bkan\model_checkpoint.pt,9.958754000021145,True,51,8,11,8,102,16,<REPO_ROOT>/artifacts/results/compact_framework_eight_models_apd/predictions/seed_49/breakdown_voltage/bkan/test_predictions.csv,,,,,,,,,,,,,,,,,,,,
APD_V_br,breakdown_voltage,False,49,dkan,0.02874182424291512,0.01900093584269058,-7.2546965564323855,0.02874182424291512,0.01900093584269058,0.12432538327062506,0.48714699138076895,0.022236422524822823,0.01900093584269058,952,4.213627700228244,,,,4.238145400071517,True,51,8,11,8,102,16,<REPO_ROOT>/artifacts/results/compact_framework_eight_models_apd/predictions/seed_49/breakdown_voltage/dkan/test_predictions.csv,,,,,,,,,,,,,,,,,,,,
APD_V_br,breakdown_voltage,False,49,mlp_l,0.056664827287083795,0.04129157107196002,-31.08481897312305,0.056664827287083795,0.04129157107196002,0.2508759241222221,1.0645899442591986,0.045112462415882154,0.04129157107196002,2561,0.8783009999897331,,,,0.8811438998673111,True,51,8,11,8,102,16,<REPO_ROOT>/artifacts/results/compact_framework_eight_models_apd/predictions/seed_49/breakdown_voltage/mlp_l/test_predictions.csv,,,,,,,,,,,,,,,,,,,,
APD_V_br,breakdown_voltage,False,49,spline_ridge,0.03503280022787103,0.029719012859496297,-11.26371811638198,0.03503280022787103,0.029719012859496297,0.25223338761744446,0.5277080838895645,0.030428574456714118,0.029719012859496297,43,,,,,0.0019712999928742647,True,51,8,11,8,102,16,<REPO_ROOT>/artifacts/results/compact_framework_eight_models_apd/predictions/seed_49/breakdown_voltage/spline_ridge/test_predictions.csv,,,,,,,,,,,,,,,,,,,,
APD_V_br,breakdown_voltage,False,49,gmls,0.013373930077486879,0.010819776785000568,-0.7872715860693127,0.013373930077486879,0.010819776785000568,0.10137446797344019,0.24383067498184866,0.01212655791915948,0.010819776785000568,714,0.011474600003566593,,,,0.011486699993838556,True,51,8,11,8,102,16,<REPO_ROOT>/artifacts/results/compact_framework_eight_models_apd/predictions/seed_49/breakdown_voltage/gmls/test_predictions.csv,validation_selected_gaussian_gmls_adapted,714.0,1.0,7.0,48.0,0.021623796406778042,"[{""degree"": 1, ""neighbor_factor"": 4, ""neighbors"": 48, ""validation_mse"": 0.021623796406778042}, {""degree"": 2, ""neighbor_factor"": 4, ""neighbors"": 102, ""validation_mse"": 0.022067282672793464}, {""degree"": 2, ""neighbor_factor"": 8, ""neighbors"": 102, ""validation_mse"": 0.022067282672793464}]",,,,,,,,,,,,,
APD_V_br,breakdown_voltage,False,49,autopinn,0.029259708093534495,0.024225920314583482,-7.554850663490729,0.029259708093534495,0.024225920314583482,0.21489688903625842,0.5402672408380493,0.026178624567306817,0.024225920314583482,401,0.5798218999989331,,,,0.5799260000057984,True,51,8,11,8,102,16,<REPO_ROOT>/artifacts/results/compact_framework_eight_models_apd/predictions/seed_49/breakdown_voltage/autopinn/test_predictions.csv,autopinn_adapted_smooth_monotone_architecture_search,,,,,,"[{""best_epoch"": 150, ""hidden"": ""16x16"", ""param_count"": 401, ""validation_mse_scaled"": 31.603464126586914}, {""best_epoch"": 80, ""hidden"": ""32x16"", ""param_count"": 769, ""validation_mse_scaled"": 32.52447509765625}, {""best_epoch"": 90, ""hidden"": ""32x32"", ""param_count"": 1313, ""validation_mse_scaled"": 32.313507080078125}]",16x16,150.0,31.603464126586914,optical_power_W,,0.5365345478057861,0.46821728348731995,,,,,,
APD_V_br,breakdown_voltage,False,49,curve_lut,0.03615423974963696,0.023944063327560716,-12.061435850329666,0.03615423974963696,0.023944063327560716,0.18192275310822498,0.586397638923071,0.026725229205709508,0.023944063327560716,357,0.02797899500001222,,,,0.02801717700003792,True,51,8,11,8,102,16,<REPO_ROOT>/artifacts/results/compact_framework_eight_models_apd/predictions/seed_49/breakdown_voltage/curve_lut/test_predictions.csv,curve_object_pchip_lut_condition_idw,357.0,,,,0.018183037653942333,"[{""boundary_hold_evaluations"": 0, ""distance_power"": 1.0, ""neighbor_curves"": 1, ""validation_mse"": 0.018183037653942333}, {""boundary_hold_evaluations"": 0, ""distance_power"": 1.0, ""neighbor_curves"": 2, ""validation_mse"": 0.02023351627319329}, {""boundary_hold_evaluations"": 0, ""distance_power"": 1.0, ""neighbor_curves"": 4, ""validation_mse"": 0.020972852970204403}, {""boundary_hold_evaluations"": 0, ""distance_power"": 2.0, ""neighbor_curves"": 4, ""validation_mse"": 0.020647044234413464}, {""boundary_hold_evaluations"": 0, ""distance_power"": 2.0, ""neighbor_curves"": 8, ""validation_mse"": 0.020888932142711498}]",,,,,,,,,102.0,51.0,1.0,1.0,0.0
APD_V_br,breakdown_voltage,False,50,bkan,0.023478448991491117,0.019965952383035557,-1.0675279448734707,0.023478448991491117,0.019965952383035557,0.21297615308239765,0.38214883391912,0.02051811151417962,0.019965952383035557,1664,9.587975300149992,300.0,-0.10315249115228653,<REPO_ROOT>/artifacts\results\apd_second_device\predictions\seed_50\breakdown_voltage\bkan\model_checkpoint.pt,9.815965899964795,True,51,8,11,8,102,16,<REPO_ROOT>/artifacts/results/compact_framework_eight_models_apd/predictions/seed_50/breakdown_voltage/bkan/test_predictions.csv,,,,,,,,,,,,,,,,,,,,
APD_V_br,breakdown_voltage,False,50,dkan,0.03481569229015449,0.030698384149071,-3.546347747312268,0.03481569229015449,0.030698384149071,0.24140160698994545,0.5457744314717382,0.03169412299295549,0.030698384149071,952,4.153135000029579,,,,4.177179200109094,True,51,8,11,8,102,16,<REPO_ROOT>/artifacts/results/compact_framework_eight_models_apd/predictions/seed_50/breakdown_voltage/dkan/test_predictions.csv,,,,,,,,,,,,,,,,,,,,
APD_V_br,breakdown_voltage,False,50,mlp_l,0.04471745430812293,0.03544738529657332,-6.500094315642911,0.04471745430812293,0.03544738529657332,0.2568096969668534,0.7961503029138736,0.036083887366221035,0.03544738529657332,2561,0.9032999998889863,,,,0.9058939998503774,True,51,8,11,8,102,16,<REPO_ROOT>/artifacts/results/compact_framework_eight_models_apd/predictions/seed_50/breakdown_voltage/mlp_l/test_predictions.csv,,,,,,,,,,,,,,,,,,,,
APD_V_br,breakdown_voltage,False,50,spline_ridge,0.08777755706248795,0.06281252539558912,-27.898783447189466,0.08777755706248795,0.06281252539558912,0.41955452977668306,1.9833259395473046,0.0631732094525398,0.06281252539558912,43,,,,,0.0018210001289844513,True,51,8,11,8,102,16,<REPO_ROOT>/artifacts/results/compact_framework_eight_models_apd/predictions/seed_50/breakdown_voltage/spline_ridge/test_predictions.csv,,,,,,,,,,,,,,,,,,,,
APD_V_br,breakdown_voltage,False,50,gmls,0.02881469807216752,0.020784660308999836,-2.1141586052026944,0.02881469807216752,0.020784660308999836,0.13382314925293692,0.6399734225246798,0.024496743361282658,0.020784660308999836,714,0.010870800004340708,,,,0.010883299997658469,True,51,8,11,8,102,16,<REPO_ROOT>/artifacts/results/compact_framework_eight_models_apd/predictions/seed_50/breakdown_voltage/gmls/test_predictions.csv,validation_selected_gaussian_gmls_adapted,714.0,1.0,7.0,48.0,0.0012185383474431885,"[{""degree"": 1, ""neighbor_factor"": 4, ""neighbors"": 48, ""validation_mse"": 0.0012185383474431885}, {""degree"": 2, ""neighbor_factor"": 4, ""neighbors"": 102, ""validation_mse"": 0.0025729588669949673}, {""degree"": 2, ""neighbor_factor"": 8, ""neighbors"": 102, ""validation_mse"": 0.0025729588669949673}]",,,,,,,,,,,,,
APD_V_br,breakdown_voltage,False,50,autopinn,0.0324306497770942,0.026599305524606875,-2.944789935227006,0.0324306497770942,0.026599305524606875,0.223066107064118,0.5403853313906938,0.028486598985313905,0.026599305524606875,1313,0.31590119999600574,,,,0.31595950000337325,True,51,8,11,8,102,16,<REPO_ROOT>/artifacts/results/compact_framework_eight_models_apd/predictions/seed_50/breakdown_voltage/autopinn/test_predictions.csv,autopinn_adapted_smooth_monotone_architecture_search,,,,,,"[{""best_epoch"": 20, ""hidden"": ""16x16"", ""param_count"": 401, ""validation_mse_scaled"": 0.12369860708713531}, {""best_epoch"": 20, ""hidden"": ""32x16"", ""param_count"": 769, ""validation_mse_scaled"": 0.1272086650133133}, {""best_epoch"": 10, ""hidden"": ""32x32"", ""param_count"": 1313, ""validation_mse_scaled"": 0.11767655611038208}]",32x32,10.0,0.11767655611038208,optical_power_W,,0.168056458234787,0.048926807940006256,,,,,,
APD_V_br,breakdown_voltage,False,50,curve_lut,0.0198538156664577,0.016954468209025464,-0.4784292683642184,0.0198538156664577,0.016954468209025464,0.16636897774146178,0.3263293632066575,0.0175343539708359,0.016954468209025464,357,0.037452272999985325,,,,0.03749238900002183,True,51,8,11,8,102,16,<REPO_ROOT>/artifacts/results/compact_framework_eight_models_apd/predictions/seed_50/breakdown_voltage/curve_lut/test_predictions.csv,curve_object_pchip_lut_condition_idw,357.0,,,,0.0008207950787429772,"[{""boundary_hold_evaluations"": 0, ""distance_power"": 1.0, ""neighbor_curves"": 1, ""validation_mse"": 0.0017002269802996112}, {""boundary_hold_evaluations"": 0, ""distance_power"": 1.0, ""neighbor_curves"": 2, ""validation_mse"": 0.001177092598448888}, {""boundary_hold_evaluations"": 0, ""distance_power"": 1.0, ""neighbor_curves"": 4, ""validation_mse"": 0.0008207950787429772}, {""boundary_hold_evaluations"": 0, ""distance_power"": 2.0, ""neighbor_curves"": 4, ""validation_mse"": 0.0009039111584775068}, {""boundary_hold_evaluations"": 0, ""distance_power"": 2.0, ""neighbor_curves"": 8, ""validation_mse"": 0.0008277341663671582}]",,,,,,,,,102.0,51.0,4.0,1.0,0.0
APD_V_br,breakdown_voltage,False,51,bkan,0.022334223370833756,0.017315367757307465,-0.090475874719536,0.022334223370833756,0.017315367757307465,0.1379447794431714,0.43316245003118914,0.0191226027635458,0.017315367757307465,1664,9.277233500033617,290.0,22.408056259155273,<REPO_ROOT>/artifacts\results\apd_second_device\predictions\seed_51\breakdown_voltage\bkan\model_checkpoint.pt,9.510033200029284,True,51,8,11,8,101,16,<REPO_ROOT>/artifacts/results/compact_framework_eight_models_apd/predictions/seed_51/breakdown_voltage/bkan/test_predictions.csv,,,,,,,,,,,,,,,,,,,,
APD_V_br,breakdown_voltage,False,51,dkan,0.8768304974967169,0.3679785695437666,-1679.7597716673606,0.8768304974967169,0.3679785695437666,1.0325328964991085,17.20130387113695,0.4006254853929136,0.3679785695437666,952,4.218557300046086,,,,4.242871799971908,True,51,8,11,8,101,16,<REPO_ROOT>/artifacts/results/compact_framework_eight_models_apd/predictions/seed_51/breakdown_voltage/dkan/test_predictions.csv,,,,,,,,,,,,,,,,,,,,
APD_V_br,breakdown_voltage,False,51,mlp_l,0.03045917896793556,0.024926898254764795,-1.0281998047113339,0.03045917896793556,0.024926898254764795,0.21312750825585564,0.5405888886462696,0.027166430612042946,0.024926898254764795,2561,0.8915993999689817,,,,0.8945651000831276,True,51,8,11,8,101,16,<REPO_ROOT>/artifacts/results/compact_framework_eight_models_apd/predictions/seed_51/breakdown_voltage/mlp_l/test_predictions.csv,,,,,,,,,,,,,,,,,,,,
APD_V_br,breakdown_voltage,False,51,spline_ridge,0.1134909166356149,0.07570973358674016,-27.157659872648328,0.1134909166356149,0.07570973358674016,0.4821072594730495,2.8872456792374144,0.07622103638106885,0.07570973358674016,43,,,,,0.0017822999507188797,True,51,8,11,8,101,16,<REPO_ROOT>/artifacts/results/compact_framework_eight_models_apd/predictions/seed_51/breakdown_voltage/spline_ridge/test_predictions.csv,,,,,,,,,,,,,,,,,,,,
APD_V_br,breakdown_voltage,False,51,gmls,0.021388950622457333,0.0163164818729733,-0.00012275136765982353,0.021388950622457333,0.0163164818729733,0.12809591879839732,0.3934981978315646,0.01811368515936064,0.0163164818729733,707,0.010446500004036352,,,,0.01045929999963846,True,51,8,11,8,101,16,<REPO_ROOT>/artifacts/results/compact_framework_eight_models_apd/predictions/seed_51/breakdown_voltage/gmls/test_predictions.csv,validation_selected_gaussian_gmls_adapted,707.0,1.0,7.0,48.0,0.021873435836780104,"[{""degree"": 1, ""neighbor_factor"": 4, ""neighbors"": 48, ""validation_mse"": 0.021873435836780104}, {""degree"": 2, ""neighbor_factor"": 4, ""neighbors"": 101, ""validation_mse"": 0.02205126403929627}, {""degree"": 2, ""neighbor_factor"": 8, ""neighbors"": 101, ""validation_mse"": 0.02205126403929627}]",,,,,,,,,,,,,
APD_V_br,breakdown_voltage,False,51,autopinn,0.020411618309611707,0.01551162879653678,0.0891869838562599,0.020411618309611707,0.01551162879653678,0.11451922772105652,0.40280321711623457,0.01711657879518521,0.01551162879653678,769,0.35002280000480823,,,,0.35010090000287164,True,51,8,11,8,101,16,<REPO_ROOT>/artifacts/results/compact_framework_eight_models_apd/predictions/seed_51/breakdown_voltage/autopinn/test_predictions.csv,autopinn_adapted_smooth_monotone_architecture_search,,,,,,"[{""best_epoch"": 40, ""hidden"": ""16x16"", ""param_count"": 401, ""validation_mse_scaled"": 32.07065963745117}, {""best_epoch"": 20, ""hidden"": ""32x16"", ""param_count"": 769, ""validation_mse_scaled"": 31.66737174987793}, {""best_epoch"": 10, ""hidden"": ""32x32"", ""param_count"": 1313, ""validation_mse_scaled"": 31.97110366821289}]",32x16,20.0,31.66737174987793,optical_power_W,,0.10310088098049164,0.04189370200037956,,,,,,
APD_V_br,breakdown_voltage,False,51,curve_lut,0.021136415553049806,0.015314345793399298,0.02335433026141076,0.021136415553049806,0.015314345793399298,0.11564029350365562,0.41611850563124897,0.017728046757010063,0.015314345793399298,356,0.03671334199998455,,,,0.03674130899997863,True,51,8,11,8,101,16,<REPO_ROOT>/artifacts/results/compact_framework_eight_models_apd/predictions/seed_51/breakdown_voltage/curve_lut/test_predictions.csv,curve_object_pchip_lut_condition_idw,356.0,,,,0.021150654593650613,"[{""boundary_hold_evaluations"": 0, ""distance_power"": 1.0, ""neighbor_curves"": 1, ""validation_mse"": 0.02267612752095529}, {""boundary_hold_evaluations"": 0, ""distance_power"": 1.0, ""neighbor_curves"": 2, ""validation_mse"": 0.02166146724878859}, {""boundary_hold_evaluations"": 0, ""distance_power"": 1.0, ""neighbor_curves"": 4, ""validation_mse"": 0.022004069132312464}, {""boundary_hold_evaluations"": 0, ""distance_power"": 2.0, ""neighbor_curves"": 4, ""validation_mse"": 0.022019616351353667}, {""boundary_hold_evaluations"": 1, ""distance_power"": 2.0, ""neighbor_curves"": 8, ""validation_mse"": 0.021150654593650613}]",,,,,,,,,101.0,51.0,8.0,2.0,1.0
