light_voltage,trap_assisted_recomb_A,ge_sio2_recomb_velocity,ge_si_recomb_velocity,active_layer_length,simulation_temperature,light_current,split,actual_model_space,prediction_model_space,prediction_physical,abs_error_model_space,reference_derivative_model_space,prediction_derivative_model_space,abs_derivative_error_model_space
-2.0,1.066709170571727e-09,2302.646144768272,474.8978179470865,37.69553984942066,294.1521471075916,0.0005099492648196,train,-3.2924730299901785,-3.289948,0.0005129228,0.0025250433873953426,-0.013435726013133475,-0.013024933,0.000410793308267543
-0.4,1.0728366895058958e-09,2396.471193900285,522.5703607996403,39.66536493364173,302.3426017448898,0.0004745540540723,train,-3.3237143121127857,-3.3255963,0.00047250203,0.0018820204372631544,-0.04470551742977591,-0.041418675,0.0032868420965144196
-1.2000000000000002,1.0806933086411387e-09,2604.781653428076,466.5836923998952,39.33731057072893,297.69705044733973,0.0004977056975249,train,-3.3030273876074707,-3.3076212,0.0004924688,0.004593853008374005,-0.022848934523247877,-0.022055214,0.0007937202522985132
-2.8000000000000003,1.0368980362030106e-09,2588.6829740462717,505.298163800807,40.78433779833217,301.9145433801493,0.0005270620891814,train,-3.2781382208395686,-3.280519,0.00052418065,0.002380787796905981,-0.010367131832035525,-0.0077626957,0.0026044361693582374
-0.6000000000000001,8.979123523428993e-10,2531.360993910196,491.918494232159,35.793021097389925,308.86985058095934,0.000476133833928,train,-3.3222709565928126,-3.3322842,0.0004652815,0.010013255519614184,-0.03784655915004009,-0.035892684,0.00195387513738865
-2.4000000000000004,8.241763212999094e-10,2472.357675267654,473.84577322091,39.21856251436128,307.7679942040925,0.0005114079516561,train,-3.291232523604328,-3.2931364,0.000509171,0.0019038346567805675,-0.012099159557839911,-0.012901733,0.0008025731402430125
-2.8000000000000003,1.0191682032973931e-09,2560.240612715575,475.6482256289376,41.11142736058992,291.8506686301862,0.0005223708914658,train,-3.2820210316334313,-3.2773418,0.00052802946,0.0046791889820640975,-0.009988632159990019,-0.0073120096,0.00267662258328194
-1.6,8.939439783837785e-10,2330.6189292196764,529.359956175692,38.57283152042447,302.4090006102026,0.0005036798037029,train,-3.2978454629128535,-3.300209,0.0005009461,0.0023635824973027297,-0.017537031493372268,-0.018193366,0.0006563345126444631
-1.4,1.0060692139373963e-09,2527.3807724384133,522.7157534573084,43.167246359099664,298.50956140834,0.0005155075277034,train,-3.2877649885450073,-3.286632,0.00051685405,0.0011329275403686445,-0.02007341035817589,-0.020449935,0.0003765241691020549
-2.0,1.1064539714677527e-09,2488.434465234489,500.4335716276796,41.129719458135625,288.0815978442095,0.0005139622507991,train,-3.289068777642255,-3.285873,0.0005177583,0.003195841393475618,-0.01376658412076992,-0.012808509,0.0009580749497608565
-0.4,9.595802013951228e-10,2610.2949574222403,489.9218602044182,42.219532217947325,302.0841812978663,0.0004701718425827,train,-3.3277433832440892,-3.3283343,0.0004695325,0.0005909482683619238,-0.047164837620146116,-0.04490967,0.0022551666711638774
-0.4,9.89963136259949e-10,2542.7024133885266,503.0087467521194,39.0211226249472,305.0510216058231,0.0004589725326197,train,-3.3382133041983275,-3.3357308,0.00046160363,0.002482513106408568,-0.046732306304939186,-0.043681707,0.0030505990717486497
-1.8,1.0147448677929011e-09,2607.8117384734032,505.1107398178068,40.31257836583995,298.21936914217434,0.0005105915386486,train,-3.2919263864543504,-3.2937865,0.0005084093,0.001860139271967931,-0.016027525053376124,-0.017276034,0.0012485087057410027
-1.2000000000000002,8.979123523428993e-10,2531.360993910196,491.918494232159,35.793021097389925,308.86985058095934,0.0004956883134727,train,-3.3047913200582304,-3.3149815,0.00048419303,0.010190140513058665,-0.02325231535265715,-0.021964852,0.0012874635858324268
-1.4,8.584521018906484e-10,2718.2749419682723,482.1832227724541,38.88005077046229,301.691940704981,0.000490798760157,train,-3.3090965430470165,-3.3114295,0.00048816935,0.002332957532817481,-0.021304178844433252,-0.020430183,0.0008739958063177511
-0.2,8.758150413106088e-10,2554.792538970499,492.8309420700668,37.207464786418186,297.95471711920453,0.0004471305247262,train,-3.349565680685234,-3.3490663,0.000447645,0.0004994232084274408,-0.06088712670846341,-0.059262313,0.0016248137597596468
-2.2,1.0455070732925304e-09,2552.705145034877,518.1497095238773,37.60227540602951,298.4772867617408,0.0005030269978067,train,-3.2984087054334896,-3.2942026,0.0005079225,0.0042061392866390435,-0.012940099181088627,-0.012900931,3.9168351742446816e-05
-0.2,1.018423641836786e-09,2420.2103352289205,495.3862399264609,39.18777263938059,307.5354074756815,0.0004507676741481,train,-3.3460472360209566,-3.3409548,0.0004560844,0.005092455442343269,-0.061157390866213746,-0.059428412,0.0017289783989724583
-1.8,9.304065850268983e-10,2472.4930947482308,495.539662311,41.9345213676303,296.5403011366731,0.0005146119846551,train,-3.2885201038447365,-3.288956,0.0005140958,0.00043582305040512637,-0.015688863167540035,-0.016680716,0.0009918524380765348
-2.2,1.0071535471770136e-09,2369.635821802133,538.5091665951578,40.65637295368661,296.23853018587084,0.0005288165854216,train,-3.2766949324102272,-3.278061,0.00052715593,0.0013659806757102544,-0.012579820672231179,-0.01227889,0.00030093043501899785
-2.2,1.1774606839117e-09,2487.5677489208106,509.6158544320055,42.33569419095241,299.8381908200232,0.0005176922326268,train,-3.2859283510556674,-3.2839942,0.00052000297,0.0019341532102084003,-0.013044484751954855,-0.012272907,0.0007715773309620033
-0.6000000000000001,1.0050101529814667e-09,2449.206992526188,478.70441149946606,40.80112322251315,299.2329513672896,0.0004833615042866,train,-3.315727940485324,-3.3184319,0.00048036146,0.0027039137627227205,-0.0369212471478626,-0.036758542,0.00016270508701055064
0.0,8.97240116378001e-10,2315.448379676966,519.850638103925,40.31160828282909,292.8565689112594,0.000450752294558,train,-3.3460620538205545,-3.3495715,0.00044712456,0.0035094126253683022,-0.07636519521605578,-0.08256403,0.006198838351849645
-1.2000000000000002,7.516487326049727e-10,2475.0294016619155,481.8667099014746,36.16652897024234,304.10393187120707,0.0004837260160309,train,-3.315400554507718,-3.315584,0.00048352178,0.00018338981296084356,-0.023316734598491706,-0.022689147,0.0006275876774530786
-1.4,9.596807973870107e-10,2396.380469719385,547.2442070596833,39.34847113068841,298.5552181462747,0.0005051126131241,train,-3.296611786621678,-3.298377,0.00050306367,0.0017652504266618685,-0.019572124125218693,-0.017985934,0.0015861897336009179
-0.8,9.344027379399094e-10,2510.734791451186,511.4018674256231,36.36815079533651,301.4558439858307,0.0004656724925077,train,-3.331919415288115,-3.3281636,0.0004697171,0.0037557914783006296,-0.03085370443211133,-0.031060256,0.00020655163182681235
-1.8,1.0727510291740675e-09,2408.6350240081065,515.7307920217833,36.322106531247385,300.55707391972635,0.0004933373293545,train,-3.3068560215350153,-3.2999895,0.0005011994,0.006866559636211633,-0.015470689464255116,-0.01660027,0.0011295803600113175
-1.0,8.75983736068783e-10,2627.978517028968,489.37942559949954,40.91913452211564,297.20307373531364,0.0004857033650172,train,-3.3136288876668876,-3.3114085,0.00048819292,0.002220367922014521,-0.02690370551379928,-0.027068296,0.0001645909335969975
-2.8000000000000003,1.1762312017058683e-09,2610.23254556298,515.3751788116352,39.24041391228537,297.93305834844136,0.0005195202819984,train,-3.284397492980632,-3.2847853,0.00051905663,0.0003877777102858637,-0.010014299987330944,-0.0080307275,0.0019835724816470446
-0.2,1.075576112436465e-09,2439.1914792405805,507.5653121861305,41.43318212059344,299.0815860986159,0.0004581576856861,train,-3.33898502366174,-3.3327577,0.0004647745,0.006227312251217754,-0.06037850250313781,-0.059583966,0.0007945368141939468
-2.4000000000000004,8.758150413106088e-10,2554.792538970499,492.8309420700668,37.207464786418186,297.95471711920453,0.0005086058472602,train,-3.2936186512026975,-3.2956302,0.00050625554,0.002011565395813264,-0.012070609488501916,-0.012088167,1.755706129991097e-05
-0.8,1.2307353848142815e-09,2445.249484887284,482.48119148575233,42.87746783295031,307.55593866537106,0.0004917888698056,train,-3.308221304464136,-3.307189,0.0004929592,0.0010323167322026094,-0.030826568714543257,-0.03180806,0.0009814909480372336
-2.8000000000000003,1.0941860864671191e-09,2539.112215454232,503.69324532533454,39.339075937042885,294.39428351617613,0.0005274625752461,train,-3.277808349187994,-3.280144,0.0005246335,0.0023356270235539434,-0.009925604013474754,-0.0071049174,0.002820686584087184
-2.2,8.584521018906484e-10,2718.2749419682723,482.1832227724541,38.88005077046229,301.691940704981,0.000506381121989,train,-3.295522493292494,-3.2984138,0.0005030212,0.002891260217027458,-0.013722317236899428,-0.012197469,0.0015248478757730055
-0.8,9.244750759855351e-10,2606.766252024905,514.7015322051607,39.36697999872778,300.425811364213,0.0004822834679224,train,-3.3166976248977975,-3.3252554,0.0004728731,0.00855776908413608,-0.03150311082370827,-0.031886104,0.0003829936706249981
-2.2,8.979123523428993e-10,2531.360993910196,491.918494232159,35.793021097389925,308.86985058095934,0.0005161198606798,train,-3.287249428630714,-3.298861,0.00050250336,0.011611598133201895,-0.013326769783096992,-0.011305054,0.0020217160647089116
-2.8000000000000003,9.596807973870107e-10,2396.380469719385,547.2442070596833,39.34847113068841,298.5552181462747,0.0005278334131242,train,-3.277503121360837,-3.278387,0.0005267602,0.0008839483413112248,-0.009834967656878746,-0.007873995,0.001960972427276886
-1.4,8.75983736068783e-10,2627.978517028968,489.37942559949954,40.91913452211564,297.20307373531364,0.0004963005226274,train,-3.304255267470264,-3.3022308,0.0004986194,0.0020244325093266013,-0.020575531743661557,-0.019875783,0.0006997482704083069
-1.4,9.979877857013676e-10,2496.537246315292,510.00187244466247,38.795972505421744,297.7961123434831,0.0004948215888853,train,-3.3055513605198388,-3.304945,0.00049551297,0.0006063684544090897,-0.020198837552658944,-0.01982258,0.00037625681280317735
-1.4,9.798133860644783e-10,2446.0111249981446,493.4775434169566,39.325337668236735,299.6111127589073,0.0005056893820559,train,-3.2961161651393427,-3.2993667,0.0005019186,0.003250547430847739,-0.019627293098627874,-0.019108823,0.0005184705293768133
-2.6,1.2225799825820127e-09,2598.953191343567,516.8045118894966,39.85430360518959,306.74502895459364,0.0005139023610609,train,-3.289119386997908,-3.2880714,0.00051514397,0.001047993031233041,-0.011274628808688902,-0.0152926,0.004017970988559938
-1.0,8.762920771795993e-10,2597.67569731618,502.646286170094,38.978559546027874,295.06946514256083,0.0004768662720539,train,-3.321603393395183,-3.3194406,0.00047924698,0.002162790138957593,-0.026422125455013656,-0.026878988,0.0004568629152856829
-1.2000000000000002,9.756514716409811e-10,2404.497548871577,500.9208966540563,41.62971960161597,300.52976098251094,0.0005072613649864,train,-3.294768213992816,-3.2968695,0.0005048129,0.0021013023798648334,-0.0225371036399995,-0.022707509,0.00017040523692024578
-2.0,8.498130788208901e-10,2622.111610500832,493.1418777793542,40.32755095458103,299.70047987606006,0.0005130982596406,train,-3.289799458409838,-3.2920969,0.00051039114,0.0022973948463875793,-0.014689434044766969,-0.013236899,0.0014525351158862776
-2.8000000000000003,8.758150413106088e-10,2554.792538970499,492.8309420700668,37.207464786418186,297.95471711920453,0.0005138333517957,train,-3.289177710052652,-3.2911866,0.00051146204,0.0020088610685640163,-0.010261736019234746,-0.0063145044,0.003947231593262046
-1.4,9.85546704036472e-10,2573.0239327697072,479.3922741661716,39.9154735600532,295.8292447353602,0.0004935539146748,train,-3.306665399089945,-3.3018353,0.0004990737,0.004830100551736827,-0.019893808953922232,-0.020016938,0.0001231294940300387
-1.0,1.1774606839117e-09,2487.5677489208106,509.6158544320055,42.33569419095241,299.8381908200232,0.0004923233430265,train,-3.3077495720938694,-3.306465,0.0004937818,0.0012846615866672906,-0.025995299541444084,-0.027602855,0.001607555574684838
-2.4000000000000004,1.0203477325736783e-09,2420.870896846657,485.827773341465,41.83782044136868,301.83723728961854,0.000533616230429,train,-3.2727709694240508,-3.2787166,0.0005263607,0.005945594754416028,-0.011622411047131465,-0.0136234835,0.002001072431891515
-2.6,9.60969170700449e-10,2766.6918918406623,529.8468751484584,39.61181207182135,297.3307652107198,0.0005174620881639,train,-3.2861214632707596,-3.2832096,0.00052094326,0.0029119009691238595,-0.011505143452266609,-0.015548773,0.004043629657646264
-2.8000000000000003,9.60969170700449e-10,2766.6918918406623,529.8468751484584,39.61181207182135,297.3307652107198,0.0005201007091753,train,-3.283912554049222,-3.2807426,0.0005239108,0.003169908785550124,-0.010636216466343384,-0.007826775,0.0028094411539196784
-2.6,8.894595189948581e-10,2383.601346469497,502.4892009812192,38.55163090195673,309.2198732722366,0.0005192290210778,train,-3.2846410416666356,-3.2866244,0.00051686313,0.0019833899434718028,-0.01106403910383058,-0.013684107,0.002620067886864419
-0.6000000000000001,9.756514716409811e-10,2404.497548871577,500.9208966540563,41.62971960161597,300.52976098251094,0.0004877965203406,train,-3.311761302017914,-3.3147569,0.0004844435,0.0029955682518614246,-0.03668235845148615,-0.03663857,4.378936469606742e-05
-0.4,9.596807973870107e-10,2396.380469719385,547.2442070596833,39.34847113068841,298.5552181462747,0.0004726080757163,train,-3.3254988616095718,-3.3256037,0.00047249396,0.00010486191642922194,-0.04515303553012373,-0.04016701,0.004986024209532758
-0.6000000000000001,1.1064539714677527e-09,2488.434465234489,500.4335716276796,41.129719458135625,288.0815978442095,0.0004791126449291,train,-3.3195623669200574,-3.316891,0.00048206883,0.0026714119487438737,-0.03582329861841238,-0.034712125,0.0011111740025047112
-2.0,1.1942019403763875e-09,2464.5026025880397,490.2741317287723,40.32854625878799,294.3650499716886,0.000519162650678,train,-3.2846965588654307,-3.2874014,0.00051593926,0.002704878893968754,-0.013749116391171157,-0.012735562,0.001013553992141425
-0.6000000000000001,1.0671658198705114e-09,2444.626831258547,492.08006432381046,41.193035529790656,301.7038514591378,0.0004743434006206,train,-3.323907137233599,-3.3170009,0.00048194683,0.006906271297319577,-0.036976656365199645,-0.035052538,0.0019241184471088246
0.0,9.50582857470194e-10,2403.738957653681,492.6388454667692,37.10727035463277,300.4554170460457,0.0004443704890668,train,-3.3522547905525224,-3.357141,0.00043939892,0.004886227361295958,-0.07844086378345239,-0.08187372,0.0034328585909868536
-1.2000000000000002,8.758150413106088e-10,2554.792538970499,492.8309420700668,37.207464786418186,297.95471711920453,0.0004857877261443,train,-3.3135534622257032,-3.314215,0.00048504837,0.0006614826137743002,-0.023255484217568068,-0.021960057,0.0012954268993574658
0.0,1.1459805246638944e-09,2630.825732937456,497.4739907663986,41.26661222078493,300.2753689300697,0.0004356814079796,train,-3.3608309725043335,-3.3568473,0.0004396962,0.003983686279968257,-0.08249383287420642,-0.079300165,0.003193667697814817
-2.6,9.244750759855351e-10,2606.766252024905,514.7015322051607,39.36697999872778,300.425811364213,0.0005203445093157,train,-3.283709023760997,-3.2902906,0.00051251834,0.00658157033995499,-0.011123205979673756,-0.01463869,0.0035154842982603185
-1.4,9.926993823896764e-10,2332.1716999604114,489.929360905385,39.90607827400121,296.137708789732,0.0004983993403885,train,-3.3024225411198023,-3.294441,0.00050764374,0.00798155639385012,-0.019154906272852656,-0.019129919,2.4987384641406152e-05
-1.6,1.0728366895058958e-09,2396.471193900285,522.5703607996403,39.66536493364173,302.3426017448898,0.000511399674674,train,-3.2912395525852634,-3.2932856,0.000508996,0.002046055706362626,-0.017248260789294534,-0.018462166,0.001213905400852866
-2.2,9.798133860644783e-10,2446.0111249981446,493.4775434169566,39.325337668236735,299.6111127589073,0.0005204698180253,train,-3.2836044501018016,-3.2869241,0.0005165066,0.003319673662236511,-0.012653141781095556,-0.011571538,0.0010816040778198754
-2.4000000000000004,8.939439783837785e-10,2330.6189292196764,529.359956175692,38.57283152042447,302.4090006102026,0.0005171025034235,train,-3.286423359693836,-3.2885008,0.0005146349,0.002077426133800575,-0.011731880348220258,-0.0141735375,0.002441657144531817
-2.8000000000000003,1.006938037138553e-09,2476.033687734913,499.8883185243343,35.52248114367448,306.4489109295662,0.0005182446188444,train,-3.285465198676101,-3.2886658,0.0005144394,0.003200572808273794,-0.010195555452574112,-0.0074590184,0.0027365370731242677
-2.4000000000000004,1.066709170571727e-09,2302.646144768272,474.8978179470865,37.69553984942066,294.1521471075916,0.0005157225651191,train,-3.287583865893438,-3.2851317,0.0005186428,0.0024521730070854453,-0.011204738570256723,-0.012983653,0.0017789141928119534
-0.2,1.2307353848142815e-09,2445.249484887284,482.48119148575233,42.87746783295031,307.55593866537106,0.000463987446611,train,-3.3334937693186593,-3.3315272,0.0004660932,0.0019665361948799642,-0.062083670155534065,-0.057945535,0.004138135568627632
-1.8,1.0308127820747194e-09,2437.7200106987866,482.5972990901911,40.648465379108416,299.4728047413536,0.0005213407451206,train,-3.2828783316823493,-3.2876322,0.00051566516,0.0047538952616204,-0.01562588377920804,-0.016408043,0.0007821592030126112
-1.2000000000000002,1.0368980362030106e-09,2588.6829740462717,505.298163800807,40.78433779833217,301.9145433801493,0.0004982532017927,train,-3.3025499018268043,-3.3066666,0.00049355254,0.004116710798317769,-0.02325480681107095,-0.023244351,1.04556624656027e-05
-1.4,9.244750759855351e-10,2606.766252024905,514.7015322051607,39.36697999872778,300.425811364213,0.0004992864162587,train,-3.301650249334714,-3.3097844,0.000490022,0.008134163049319021,-0.02043657919768016,-0.020886675,0.00045009532567341637
-1.4,9.50582857470194e-10,2403.738957653681,492.6388454667692,37.10727035463277,300.4554170460457,0.0005017770633502,train,-3.299489194532183,-3.3046284,0.0004958743,0.0051391776601996675,-0.01956257308441245,-0.019129187,0.0004333862157448465
0.0,1.0109417900146311e-09,2546.474062846718,483.0790058826933,38.96317500489286,311.33012415162744,0.0004277475316408,train,-3.3688124879186514,-3.36236,0.0004341502,0.006452487308299837,-0.08462943689076496,-0.08163913,0.0029903034970004683
-1.4,1.1942019403763875e-09,2464.5026025880397,490.2741317287723,40.32854625878799,294.3650499716886,0.0005076442406236,train,-3.294440536653248,-3.2972703,0.0005043473,0.0028297613509025155,-0.019380316488311067,-0.01863547,0.0007448460681889202
-2.0,1.0308127820747194e-09,2437.7200106987866,482.5972990901911,40.648465379108416,299.4728047413536,0.0005249036154883,train,-3.2799204358407175,-3.284663,0.0005192028,0.004742526119121404,-0.01410036980522733,-0.013149378,0.0009509919152961288
-2.0,9.60969170700449e-10,2766.6918918406623,529.8468751484584,39.61181207182135,297.3307652107198,0.0005082051854256,train,-3.2939609079786143,-3.2922087,0.00051025976,0.0017522364087900755,-0.014931992385198711,-0.015597149,0.0006651564132074128
-2.0,1.0692616090001279e-09,2445.881237248077,515.6238842072526,38.37558042728467,295.9516778251947,0.0005127661010831,train,-3.290080693706049,-3.2913723,0.00051124336,0.0012916054882867734,-0.014003916298449326,-0.013431904,0.0005720123922827725
-3.0,8.979123523428993e-10,2531.360993910196,491.918494232159,35.793021097389925,308.86985058095934,0.0005269672324274,train,-3.2782163889969436,-3.2917235,0.00051083014,0.013507100764408975,-0.009612077175544798,0.00392286,0.013534937313663065
-2.0,9.16382362452114e-10,2549.3338723326283,483.7915671011157,41.484417545989686,302.7283665488111,0.000508769586094,train,-3.2934788584177035,-3.290791,0.0005119281,0.002687823719217164,-0.014555206114414077,-0.013786547,0.0007686592284468219
-1.8,1.0025105539620802e-09,2526.9743060678943,509.1946075584183,40.75166342427999,301.0515477079729,0.0005104657885552,train,-3.292033359041459,-3.2914805,0.000511116,0.0005528178122111704,-0.01601535088012973,-0.017499434,0.0014840829502507091
-1.4,1.0109417900146311e-09,2546.474062846718,483.0790058826933,38.96317500489286,311.33012415162744,0.0004865662217516,train,-3.3128580438147246,-3.3085723,0.0004913916,0.004285751486843736,-0.020675706237447855,-0.019425735,0.0012499713598614903
-2.0,8.75983736068783e-10,2627.978517028968,489.37942559949954,40.91913452211564,297.20307373531364,0.0005082658027371,train,-3.293909109620904,-3.2918458,0.0005106863,0.002063311128472467,-0.014642967629242776,-0.013533055,0.0011099127782472351
-2.8000000000000003,1.0933784852654091e-09,2410.884334287086,539.0569290920441,39.62193192256099,289.3285700165644,0.0005288077730249,train,-3.276702169715663,-3.2734187,0.000532821,0.0032835047834121056,-0.009581847845648639,-0.007598624,0.001983223746602647
-2.6,9.143704143090119e-10,2444.5179463100326,473.4138143725302,40.94136333558407,299.94201571725745,0.0005191785469381,train,-3.2846832613904566,-3.2817054,0.0005227507,0.002977881904372648,-0.010993727025184086,-0.014157421,0.0031636939304142686
-2.8000000000000003,1.0109417900146311e-09,2546.474062846718,483.0790058826933,38.96317500489286,311.33012415162744,0.0005096486665093,train,-3.292729107777714,-3.2881308,0.00051507354,0.004598347584842788,-0.010308030817487435,-0.0075430223,0.002765008538791136
-0.8,9.74908016407874e-10,2433.9347159425315,536.1873069142775,40.58953669016749,293.2225739384997,0.0004997994238377,train,-3.301204248858332,-3.302577,0.00049822207,0.001372769879461,-0.029837281933629,-0.030659461,0.000822179460323369
-3.0,9.123213222215395e-10,2625.69228411366,506.617977618184,38.92442853409919,306.1252360546967,0.000513956209066,train,-3.289073882894177,-3.2897954,0.00051310303,0.0007215158179811887,-0.009752413761276557,0.004408093,0.014160506930608108
-0.8,8.354324428057498e-10,2430.182491588309,507.603602235917,36.73791801396338,295.61725668807514,0.0004759349723339,train,-3.3224523814933407,-3.3260157,0.00047204597,0.0035633293373478203,-0.030003756692995154,-0.030189266,0.00018550973535624848
-1.0,1.0040157435828723e-09,2421.1156291426087,502.3421578152334,38.33334239027114,293.10089722857373,0.0004963749271925,train,-3.304190163629693,-3.3066797,0.00049353763,0.0024895620172795674,-0.025407339542809382,-0.025964383,0.0005570434930888268
-1.0,1.0941860864671191e-09,2539.112215454232,503.69324532533454,39.339075937042885,294.39428351617613,0.000494281286099,train,-3.306025831978615,-3.3083384,0.0004916563,0.002312571723167345,-0.025771171759469524,-0.025979962,0.0002087904404568519
-1.4,1.1459805246638944e-09,2630.825732937456,497.4739907663986,41.26661222078493,300.2753689300697,0.0004942591471093,train,-3.306045284579116,-3.3034637,0.00049720594,0.0025815871456442707,-0.02030334111458032,-0.02068894,0.00038559872502119674
-1.0,1.0308127820747194e-09,2437.7200106987866,482.5972990901911,40.648465379108416,299.4728047413536,0.0005024499999769,train,-3.298907149458786,-3.3039558,0.0004966429,0.005048643921951257,-0.026022241509226163,-0.026806323,0.0007840813485113785
-2.2,1.0050965165320695e-09,2414.3235243349927,515.5034020410067,40.79653471954481,301.4383600393062,0.0005225238194934,train,-3.281893907247993,-3.2825646,0.0005217174,0.0006707327971731125,-0.012864136498528467,-0.012889382,2.5245930892481283e-05
-2.2,9.612679185080118e-10,2493.7557151613,504.62150372842615,37.39117268896573,297.8667082132286,0.0005032258481218,train,-3.2982370595175623,-3.2944734,0.00050760584,0.0037636498648523364,-0.012758024962916892,-0.012125195,0.0006328299588709285
-2.2,9.89963136259949e-10,2542.7024133885266,503.0087467521194,39.0211226249472,305.0510216058231,0.0005069614384061,train,-3.2950250736535565,-3.293238,0.0005090519,0.0017871490777507937,-0.013120162764570509,-0.012327573,0.0007925895024154528
-2.4000000000000004,9.595802013951228e-10,2610.2949574222403,489.9218602044182,42.219532217947325,302.0841812978663,0.0005227502142541,train,-3.281705780510569,-3.2812545,0.0005232937,0.00045125055756622956,-0.0122519198522415,-0.013997493,0.0017455734595213102
-0.6000000000000001,1.0368980362030106e-09,2588.6829740462717,505.298163800807,40.78433779833217,301.9145433801493,0.0004784872369848,train,-3.3201296419644586,-3.3245852,0.0004736034,0.004455557391620513,-0.03801921642087436,-0.036486574,0.0015326429035518174
-1.0,8.891400398891501e-10,2578.309809077789,484.4641187531683,42.13424050837239,300.34884642744885,0.0004911290299946,train,-3.308804394530891,-3.3089676,0.0004909445,0.00016319580114032561,-0.026997457483457055,-0.028171003,0.0011735453813805918
-1.6,1.000072357945733e-09,2615.067429542859,502.8265147659643,41.97319841319997,303.92619603855775,0.0005088049638445,train,-3.2934486604104296,-3.297766,0.000503772,0.004317309819672932,-0.018072364369785987,-0.02027376,0.002201395591342248
-2.8000000000000003,1.1396379394271226e-09,2408.4924726992253,490.0725825278824,43.06550150160359,292.35304316269765,0.0005400830694823,train,-3.267539436763724,-3.2670147,0.00054073596,0.00052469486614104,-0.009662283337073418,-0.0068727843,0.0027894989907313317
0.0,1.0352580576007263e-09,2678.9547588546675,473.131828680381,34.826156523967086,290.8089263982084,0.0004253449923396,train,-3.3712586758532748,-3.3673635,0.0004291771,0.0038952229418978135,-0.07775559152766931,-0.08164302,0.00388743106916678
-2.0,9.603042271636284e-10,2438.0715583385486,503.6957420101608,43.08491203323523,298.5763734449834,0.0005261411718307,train,-3.278897712270014,-3.2766697,0.0005288473,0.002227971593133926,-0.014129320779309396,-0.012781852,0.0013474688543535507
-3.0,1.0692616090001279e-09,2445.881237248077,515.6238842072526,38.37558042728467,295.9516778251947,0.0005262854787986,train,-3.2787786128150267,-3.280768,0.0005238803,0.0019893048180299466,-0.009151228220581231,0.00390634,0.013057568093209682
0.0,1.0942344693420075e-09,2360.838758300681,491.3731844386217,39.51420947268076,305.7035776891924,0.0004495261188244,train,-3.3472450693773252,-3.3453405,0.00045150184,0.0019045790361387205,-0.07990055818507358,-0.07988416,1.640160033389293e-05
-0.4,8.762920771795993e-10,2597.67569731618,502.646286170094,38.978559546027874,295.06946514256083,0.0004548712292122,train,-3.342111531601634,-3.3398688,0.00045722633,0.002242747650828214,-0.04624730373652142,-0.043748703,0.0024986008826033412
-2.2,9.928313705154955e-10,2556.196978076177,523.0189213691006,40.51326020590248,298.8914974420704,0.0005212091899574,train,-3.2829879354141696,-3.2825391,0.0005217481,0.00044880615696740733,-0.013103551223915488,-0.012874769,0.00022878217701283177
-2.6,9.926993823896764e-10,2332.1716999604114,489.929360905385,39.90607827400121,296.137708789732,0.0005181379311227,train,-3.285554613321275,-3.276974,0.00052847696,0.008580650537461487,-0.010632316564395339,-0.013218151,0.002585834841058343
-1.2000000000000002,1.0191682032973931e-09,2560.240612715575,475.6482256289376,41.11142736058992,291.8506686301862,0.0004945408631041,train,-3.305797817540175,-3.302762,0.0004980099,0.0030357859849994284,-0.022637495264588026,-0.023219356,0.0005818610487597908
-2.6,1.0933784852654091e-09,2410.884334287086,539.0569290920441,39.62193192256099,289.3285700165644,0.0005263870235336,train,-3.278694825467839,-3.2757037,0.000530025,0.0029911568734788396,-0.01039930694248703,-0.014063911,0.0036646036386844827
-2.6,9.664729913030388e-10,2627.7330466636663,506.9906344590098,40.06029068650691,301.1540677406581,0.000513398077075,train,-3.2895457623051687,-3.2834601,0.0005206428,0.0060856220768972236,-0.011400407711297689,-0.014644778,0.003244370622306647
-0.8,1.0071535471770136e-09,2369.635821802133,538.5091665951578,40.65637295368661,296.23853018587084,0.0004972219900431,train,-3.303449672582303,-3.3050475,0.000495396,0.0015978394721405387,-0.029689076628233835,-0.030671995,0.00098291850492771
-2.0,1.104689398918354e-09,2572.8324404304963,485.2307246352714,40.714467773434976,300.93677074401546,0.0005146619782322,train,-3.288477915009761,-3.2870257,0.00051638583,0.001452224931025814,-0.014555827663709664,-0.013100579,0.0014552482827205893
-1.4,1.0050965165320695e-09,2414.3235243349927,515.5034020410067,40.79653471954481,301.4383600393062,0.0005074482368025,train,-3.2946082521686058,-3.2964165,0.00050533976,0.00180826890378194,-0.019819583416445852,-0.021080203,0.0012606199379128213
-3.0,7.777840542828623e-10,2445.911024694583,482.1130919467457,41.27682283342508,300.8565986758517,0.0005217814035711,train,-3.2825114033315703,-3.2779162,0.0005273316,0.0045952103231474695,-0.009380202512506486,0.004328079,0.013708281568501235
-2.6,8.589969950121183e-10,2505.474763633521,514.8627810246533,39.90795077029272,306.8673078749587,0.0005129954518842,train,-3.289886485239745,-3.2859843,0.0005176256,0.003902207514525191,-0.011386413367960202,-0.014595541,0.0032091278037693627
-1.2000000000000002,1.0203477325736783e-09,2420.870896846657,485.827773341465,41.83782044136868,301.83723728961854,0.000510565412772,train,-3.291948608942341,-3.2983243,0.0005031247,0.006375737600017306,-0.022370329530190247,-0.022697214,0.00032688450698969973
-1.8,8.241763212999094e-10,2472.357675267654,473.84577322091,39.21856251436128,307.7679942040925,0.0005016975604398,train,-3.2995580107723463,-3.3007896,0.00050027686,0.0012315838779222155,-0.01608256449191181,-0.015606421,0.00047614344595281466
-0.6000000000000001,1.1396379394271226e-09,2408.4924726992253,490.0725825278824,43.06550150160359,292.35304316269765,0.0004928808227743,train,-3.3072580792389124,-3.3062956,0.0004939743,0.0009624459228723126,-0.03597075041244224,-0.034006,0.001964750847317731
-1.8,1.0071535471770136e-09,2369.635821802133,538.5091665951578,40.65637295368661,296.23853018587084,0.000522103814132,train,-3.282243134120389,-3.2835975,0.0005204782,0.0013543352094451677,-0.015425436567843676,-0.016416758,0.0009913217310302258
-2.8000000000000003,9.162514515645111e-10,2366.748252214537,515.4599435910573,36.43861892729903,303.676124223718,0.0005029515997577,train,-3.298473806135965,-3.2917016,0.0005108559,0.006772250883889885,-0.009975778293993542,-0.007917496,0.002058281918253968
-2.0,1.0806933086411387e-09,2604.781653428076,466.5836923998952,39.33731057072893,297.69705044733973,0.0005144309724515,train,-3.2886728916393535,-3.2934773,0.0005087714,0.004804405189870131,-0.014238903255982649,-0.013177592,0.001061310948653471
-1.0,9.756514716409811e-10,2404.497548871577,500.9208966540563,41.62971960161597,300.52976098251094,0.0005016809789654,train,-3.299572364762494,-3.301855,0.000499051,0.0022827225177795007,-0.025936264515150853,-0.027437504,0.001501239865790538
-2.8000000000000003,9.928313705154955e-10,2556.196978076177,523.0189213691006,40.51326020590248,298.8914974420704,0.0005295373079552,train,-3.276103436749524,-3.2744832,0.00053151656,0.0016202328615846362,-0.010105716679690957,-0.00760731,0.002498406600652814
-0.4,1.0203477325736783e-09,2420.870896846657,485.827773341465,41.83782044136868,301.83723728961854,0.0004819438519124,train,-3.3170035555889825,-3.3243134,0.00047389988,0.0073098465869207985,-0.04584837491017346,-0.044740196,0.0011081785927391508
-2.2,1.2307353848142815e-09,2445.249484887284,482.48119148575233,42.87746783295031,307.55593866537106,0.0005239254074786,train,-3.2807305401659135,-3.2795079,0.0005254025,0.0012226647234085952,-0.01293398744055807,-0.0113795865,0.0015544009078460874
-2.4000000000000004,1.0942344693420075e-09,2360.838758300681,491.3731844386217,39.51420947268076,305.7035776891924,0.0005257316638604,train,-3.279235865428356,-3.2808666,0.00052376126,0.0016307574964486982,-0.011584085130353472,-0.012641362,0.001057276784221628
-3.0,9.89297888860932e-10,2413.8801533334354,510.75595836241,38.53132745549709,285.1813868750008,0.0005279475794095,train,-3.2774091969801766,-3.27915,0.0005258356,0.0017408121750968064,-0.008867903278190425,0.003931055,0.012798958123642734
-1.0,7.777840542828623e-10,2445.911024694583,482.1130919467457,41.27682283342508,300.8565986758517,0.000485810522938,train,-3.3135330823583655,-3.3078663,0.000492191,0.00566674744320439,-0.026640124281838595,-0.02737622,0.0007360953484027988
-0.4,1.243555870393131e-09,2440.816535503744,483.6779599156501,38.81204244575611,302.5323056028984,0.000465065184959,train,-3.3324861708005122,-3.3314326,0.0004661948,0.0010535898526362608,-0.04511319538018732,-0.04245021,0.002662987163281727
-2.0,1.0060692139373963e-09,2527.3807724384133,522.7157534573084,43.167246359099664,298.50956140834,0.0005276878537478,train,-3.277622902243221,-3.2758222,0.0005298804,0.001800739615047231,-0.014355425589606341,-0.013917394,0.00043803160719591006
-2.6,8.622252758820396e-10,2596.9228583838576,499.2028055441836,37.99663516660689,298.18972265332246,0.0005155113143156,train,-3.287761798487335,-3.289793,0.0005131059,0.0020312160390321132,-0.011117853651292364,-0.012586704,0.0014688508040237025
-2.8000000000000003,1.000096056099185e-09,2446.239819629679,503.61049666576776,43.101977222602514,303.9832024614659,0.0005364135952088,train,-3.2705002236441896,-3.2713807,0.00053532724,0.0008804392739012457,-0.010162501933107748,-0.007675545,0.00248695710865654
0.0,1.120623623770265e-09,2459.871490367434,512.0011452017391,38.21649432972869,303.56534322943094,0.0004412805074253,train,-3.355285256111838,-3.3528194,0.0004437931,0.002465813362814373,-0.0795054650515965,-0.079939604,0.00043413875394548995
-1.8,8.894595189948581e-10,2383.601346469497,502.4892009812192,38.55163090195673,309.2198732722366,0.0005066904543073,train,-3.295257277435628,-3.297084,0.00050456356,0.001826815658243941,-0.016038714269534182,-0.015673542,0.00036517187430007425
-3.0,9.596807973870107e-10,2396.380469719385,547.2442070596833,39.34847113068841,298.5552181462747,0.0005301385143646,train,-3.2756106432958987,-3.2779841,0.0005272491,0.002373499007568114,-0.009089812992511881,0.0035413504,0.01263116335719694
-0.6000000000000001,9.50582857470194e-10,2403.738957653681,492.6388454667692,37.10727035463277,300.4554170460457,0.0004781782500562,train,-3.320410181661051,-3.3255696,0.00047253107,0.005159448008138501,-0.03633482257438203,-0.03449655,0.0018382730574657558
-1.0,1.000096056099185e-09,2446.239819629679,503.61049666576776,43.101977222602514,303.9832024614659,0.0005019282679163,train,-3.2993583447555666,-3.3016417,0.00049929623,0.002283357896410987,-0.026415540394024717,-0.027525822,0.00111028130666746
-2.2,9.634928280602635e-10,2455.009212271192,512.2369330710814,40.30940301281442,306.6726054586492,0.0005173568912285,train,-3.286209761706765,-3.285035,0.0005187584,0.0011748667635278487,-0.013008689988572186,-0.012155613,0.0008530770579167068
-2.0,1.0109417900146311e-09,2546.474062846718,483.0790058826933,38.96317500489286,311.33012415162744,0.0004983309014181,train,-3.3024821814637826,-3.298392,0.00050304626,0.004090124044959342,-0.01460172628803491,-0.013365476,0.001236249895825381
-1.0,1.032683367538443e-09,2526.170348943833,478.8149532207128,42.09307571557734,293.4443281911712,0.000498132606107,train,-3.3026550298619117,-3.3048122,0.0004956645,0.0021571630549583887,-0.026060836943896604,-0.028042508,0.0019816713453213453
-2.2,1.1064539714677527e-09,2488.434465234489,500.4335716276796,41.129719458135625,288.0815978442095,0.0005170702112659,train,-3.286450481480477,-3.2835023,0.0005205922,0.002948141163704676,-0.012527374431302363,-0.01143058,0.001096794262339884
0.0,9.85546704036472e-10,2573.0239327697072,479.3922741661716,39.9154735600532,295.8292447353602,0.0004361026162093,train,-3.3604113079565794,-3.3570313,0.0004395099,0.0033799625891477447,-0.08054474481823348,-0.08277549,0.0022307436775932388
0.0,1.0050101529814667e-09,2449.206992526188,478.70441149946606,40.80112322251315,299.2329513672896,0.0004485623402762,train,-3.348177191066891,-3.3515048,0.00044513855,0.0033276116369664877,-0.07996733687464186,-0.084016606,0.004049269337020434
-2.4000000000000004,9.42387899986183e-10,2596.3418775504824,506.9916211367261,42.54178389838287,305.55199671356803,0.0005172312800438,train,-3.286315218633808,-3.2816305,0.0005228408,0.00468470258156195,-0.01250175537257725,-0.014393437,0.0018916813498801588
-2.0,1.0732744646319759e-09,2458.1779927472685,500.451348042105,41.29986197643443,296.3385514465405,0.0005138943167787,train,-3.289126185205074,-3.28543,0.00051828666,0.003696230676265344,-0.013832705545643975,-0.013209971,0.0006227348776857156
-1.4,1.0663734802785015e-09,2646.766281337793,486.2018595083384,41.79339850063371,299.641349014439,0.0005081351065416,train,-3.294020799085772,-3.2981658,0.00050330843,0.004144999101483915,-0.02024997351588631,-0.020428507,0.0001785331415948832
-2.2,1.0941860864671191e-09,2539.112215454232,503.69324532533454,39.339075937042885,294.39428351617613,0.0005193691665012,train,-3.2845238367934826,-3.287455,0.0005158755,0.0029312451462146782,-0.012693052811094674,-0.011416575,0.0012764778710092628
-1.6,9.589043387653522e-10,2486.667922677388,495.3304947031063,40.43386356777175,305.1954997344612,0.0005138073935295,train,-3.289199650661418,-3.294947,0.0005070527,0.005747258289387602,-0.017965527712432205,-0.018059874,9.434624102944156e-05
-1.0,9.928313705154955e-10,2556.196978076177,523.0189213691006,40.51326020590248,298.8914974420704,0.0004953331975459,train,-3.305102564349765,-3.3059623,0.0004943536,0.0008597597926911504,-0.026409348644767405,-0.02824973,0.0018403807799476368
-2.0,8.220747042076197e-10,2489.354974528123,536.8974000619587,36.589080383233394,294.68809277779184,0.0004985304837542,train,-3.3023082806392527,-3.3032553,0.00049744453,0.0009470389560841674,-0.014180643740681731,-0.014100454,8.01899243274562e-05
-2.4000000000000004,1.0025105539620802e-09,2526.9743060678943,509.1946075584183,40.75166342427999,301.0515477079729,0.0005203251048773,train,-3.283725219564944,-3.2830071,0.00052118616,0.0007180746369654933,-0.012086349377952388,-0.014327263,0.0022409140816108675
-0.8,9.928313705154955e-10,2556.196978076177,523.0189213691006,40.51326020590248,298.8914974420704,0.000488903505496,train,-3.3107768487821634,-3.3120692,0.00048745083,0.0012923288454000925,-0.031054785138190155,-0.032665823,0.0016110375167723845
-3.0,1.1762312017058683e-09,2610.23254556298,515.3751788116352,39.24041391228537,297.93305834844136,0.0005218299771339,train,-3.2824709759642654,-3.284472,0.0005194312,0.002001012713713113,-0.009250870176343184,0.0045329877,0.013783857893882256
-1.6,9.74908016407874e-10,2433.9347159425315,536.1873069142775,40.58953669016749,293.2225739384997,0.0005208500355025,train,-3.2832873018998345,-3.2845683,0.000519316,0.0012810078841010153,-0.017238248323842242,-0.018046292,0.0008080432211912125
-2.6,9.612679185080118e-10,2493.7557151613,504.62150372842615,37.39117268896573,297.8667082132286,0.0005086799061327,train,-3.2935554175250172,-3.2891867,0.0005138227,0.004368701445305323,-0.010799315196857506,-0.013622918,0.002823602969362682
-2.2,8.354324428057498e-10,2430.182491588309,507.603602235917,36.73791801396338,295.61725668807514,0.0005062184439968,train,-3.2956620354319948,-3.2990274,0.00050231087,0.0033654075001341432,-0.012551120118597936,-0.012159912,0.0003912082029380315
-0.4,9.220148370062533e-10,2472.3739758500788,504.5088858703008,41.28793476116813,303.0641722996054,0.000464656935119,train,-3.332867576513717,-3.331531,0.0004660891,0.0013365286926720898,-0.046467919767911425,-0.04469089,0.0017770313928675563
-1.2000000000000002,1.2595929862237601e-09,2354.3009197629594,499.1918367180637,40.77134716523017,305.22981462209646,0.0005036292977182,train,-3.297889013537872,-3.299181,0.0005021333,0.0012919709591985296,-0.022071389353493842,-0.02157104,0.0005003491999904242
-2.0,1.0071535471770136e-09,2369.635821802133,538.5091665951578,40.65637295368661,296.23853018587084,0.0005256197820357,train,-3.2793282981909027,-3.2805896,0.0005240955,0.0012612823449860144,-0.013870504275402595,-0.013519443,0.00035106163515763456
-1.6,1.0705485436227222e-09,2590.7468930890127,531.0534862964538,41.61731424149927,306.85396396460635,0.0005134410827716,train,-3.2895093843845262,-3.290865,0.000511841,0.0013555600734815876,-0.018387956589577925,-0.019368982,0.0009810253529565216
-2.8000000000000003,9.63679966987411e-10,2457.046368424285,519.0454313677445,40.52844947169319,303.263443359763,0.0005307760440983,train,-3.2750886866943723,-3.2756836,0.00053004944,0.0005949547393435672,-0.010015533239821295,-0.007729545,0.002285988469848732
-1.4,1.0050101529814667e-09,2449.206992526188,478.70441149946606,40.80112322251315,299.2329513672896,0.0005076024800682,train,-3.294476264675633,-3.296295,0.00050548126,0.0018186629214129724,-0.019849541401972814,-0.019978436,0.00012889430809970293
-1.8,1.120623623770265e-09,2459.871490367434,512.0011452017391,38.21649432972869,303.56534322943094,0.0005068471004922,train,-3.295123033620127,-3.294566,0.0005074977,0.0005571175587255617,-0.015639398828540152,-0.015868455,0.00022905634304493105
-3.0,1.006938037138553e-09,2476.033687734913,499.8883185243343,35.52248114367448,306.4489109295662,0.0005205894478943,train,-3.2835046390844904,-3.2883735,0.00051478576,0.004868831221906067,-0.00941004046354088,0.004212569,0.013622609443251221
-2.0,1.2307353848142815e-09,2445.249484887284,482.48119148575233,42.87746783295031,307.55593866537106,0.0005206677951206,train,-3.283439283922071,-3.281882,0.0005225381,0.0015572362688729413,-0.014262139549833464,-0.012923604,0.0013385356724082698
-1.2000000000000002,9.808684991835892e-10,2440.440905080504,475.02919518003887,43.13862383173334,296.64614602139693,0.0005115880120815,train,-3.2910796407920007,-3.293766,0.00050843327,0.002686380936514965,-0.022465521237155173,-0.022613162,0.00014764093766572728
-2.4000000000000004,1.0073410050818803e-09,2574.374612551252,485.6872921198837,42.17824256593523,298.72995545788456,0.0005223357381855,train,-3.282050258739353,-3.2794833,0.0005254322,0.002566940410495544,-0.012019034140889673,-0.013816956,0.0017979222897839264
-1.4,1.1064539714677527e-09,2488.434465234489,500.4335716276796,41.129719458135625,288.0815978442095,0.0005025697950174,train,-3.2988036165223127,-3.2958443,0.000506006,0.002959300039768742,-0.01937054907856428,-0.018966187,0.0004043622869058794
-2.4000000000000004,1.0732744646319759e-09,2458.1779927472685,500.451348042105,41.29986197643443,296.3385514465405,0.0005198736370246,train,-3.284102205234312,-3.2805216,0.0005241775,0.0035805739934673397,-0.01150442506543392,-0.01346903,0.001964605083847104
-0.8,1.0727510291740675e-09,2408.6350240081065,515.7307920217833,36.322106531247385,300.55707391972635,0.0004696936750464,train,-3.3281852880410256,-3.321774,0.00047667898,0.006411282151133069,-0.029801816909220236,-0.030540828,0.0007390107525324652
-1.0,9.798133860644783e-10,2446.0111249981446,493.4775434169566,39.325337668236735,299.6111127589073,0.0004953837242509,train,-3.3050582661880874,-3.3081996,0.0004918134,0.003141377900657716,-0.025733624287616053,-0.026139257,0.00040563318811770444
-1.4,1.0073410050818803e-09,2574.374612551252,485.6872921198837,42.17824256593523,298.72995545788456,0.0005039872215556,train,-3.2975804748208315,-3.295286,0.000506657,0.0022945346505434117,-0.020284160424946407,-0.020518683,0.00023452247214450495
-1.2000000000000002,9.244750759855351e-10,2606.766252024905,514.7015322051607,39.36697999872778,300.425811364213,0.0004943242775385,train,-3.3059880596948195,-3.3142025,0.00048506222,0.0082144873785448,-0.02323591159907501,-0.02354919,0.0003132781920083261
-2.0,9.42387899986183e-10,2596.3418775504824,506.9916211367261,42.54178389838287,305.55199671356803,0.0005107836646391,train,-3.2917630003485985,-3.2868762,0.0005165636,0.004886798718959806,-0.014938751529621541,-0.014049662,0.0008890892525190708
-0.6000000000000001,9.920951194363948e-10,2484.0228854962547,482.5603784265586,38.422268984819695,304.0303353891022,0.0004704227349594,train,-3.3275116974999053,-3.323918,0.00047433143,0.0035935933281523447,-0.037293574496789716,-0.03571063,0.0015829454210241067
0.0,8.498130788208901e-10,2622.111610500832,493.1418777793542,40.32755095458103,299.70047987606006,0.0004405328213869,train,-3.3560217294398753,-3.355762,0.00044079634,0.00025972458758038997,-0.08368007140644451,-0.081587605,0.002092466228088341
-2.0,9.595802013951228e-10,2610.2949574222403,489.9218602044182,42.219532217947325,302.0841812978663,0.0005163578844053,train,-3.287049187234965,-3.2863934,0.00051713816,0.0006557832280069675,-0.014669060206152551,-0.013872938,0.0007961219755188154
-2.4000000000000004,1.075576112436465e-09,2439.1914792405805,507.5653121861305,41.43318212059344,299.0815860986159,0.0005194688089837,train,-3.2844405241278567,-3.2784002,0.0005267443,0.006040341403857674,-0.011864935491601614,-0.013337008,0.0014720722321470703
-2.0,1.0191682032973931e-09,2560.240612715575,475.6482256289376,41.11142736058992,291.8506686301862,0.0005110709733193,train,-3.291518784443387,-3.2877164,0.0005155652,0.003802395740994502,-0.014226855293482998,-0.013826883,0.00039997189548657275
-1.8,1.0671658198705114e-09,2444.626831258547,492.08006432381046,41.193035529790656,301.7038514591378,0.0005064592746452,train,-3.295455471346067,-3.2885222,0.00051460945,0.00693322784631123,-0.015731845393935018,-0.016234789,0.0005029436497299145
-0.6000000000000001,9.596807973870107e-10,2396.380469719385,547.2442070596833,39.34847113068841,298.5552181462747,0.0004813811098704,train,-3.317510956105052,-3.31842,0.00048037464,0.0009089772140398189,-0.0362597005346057,-0.03324976,0.0030099423506495526
-1.8,8.939439783837785e-10,2330.6189292196764,529.359956175692,38.57283152042447,302.4090006102026,0.0005075317675893,train,-3.294536769066079,-3.2967155,0.00050499203,0.002178728904501881,-0.01570535386991878,-0.016532842,0.0008274881999454919
-1.2000000000000002,8.354324428057498e-10,2430.182491588309,507.603602235917,36.73791801396338,295.61725668807514,0.0004872770503032,train,-3.312224042469287,-3.3156557,0.0004834419,0.00343166584370147,-0.022214168154837566,-0.021822982,0.0003911866184491686
-2.6,9.63679966987411e-10,2457.046368424285,519.0454313677445,40.52844947169319,303.263443359763,0.0005282368587806,train,-3.277171298307945,-3.278062,0.0005271545,0.0008908068708879391,-0.01086736821581269,-0.01482783,0.003960461569832319
-2.6,1.000096056099185e-09,2446.239819629679,503.61049666576776,43.101977222602514,303.9832024614659,0.0005338122007531,train,-3.2726115042480384,-3.273759,0.00053240376,0.0011473839965905341,-0.011001304243434262,-0.014779568,0.003778263475071597
-0.8,1.0686494239643995e-09,2589.6130644148398,507.5353543611665,40.55316862193092,296.6314874710408,0.000492509997086,train,-3.307584949663384,-3.3135686,0.0004857708,0.005983642408149414,-0.030770541360247705,-0.031474445,0.0007039036549443267
0.0,9.682475573035431e-10,2330.6047518253104,479.0686974559265,41.64371883461047,301.63426669668445,0.0004539241311067,train,-3.3430167290705177,-3.3485456,0.00044818205,0.005528822229531105,-0.07902783586623485,-0.085858986,0.006831149915434764
-1.2000000000000002,1.0803651442869379e-09,2531.060987167743,511.9316238370674,40.66002705988115,288.1838349540611,0.0005079418070045,train,-3.2941860403627077,-3.299367,0.0005019183,0.005180910626061852,-0.022333024767855036,-0.022092227,0.00024079787514530437
-1.2000000000000002,9.89297888860932e-10,2413.8801533334354,510.75595836241,38.53132745549709,285.1813868750008,0.0004987112797681,train,-3.3021508088707825,-3.3040874,0.0004964924,0.0019365915656188726,-0.021672710812682183,-0.021918554,0.0002458430463132544
-1.6,9.725086180844783e-10,2468.017331565751,490.28733545372194,44.50977871149023,303.263152322465,0.0005162668329375,train,-3.287125774884811,-3.288798,0.00051428267,0.0016723189109653092,-0.017763614946977313,-0.018992964,0.0012293492313464327
-1.6,9.50582857470194e-10,2403.738957653681,492.6388454667692,37.10727035463277,300.4554170460457,0.0005060359858308,train,-3.295818597998075,-3.300934,0.00050011044,0.005115478311128907,-0.017327674072088683,-0.017893175,0.0005655005910973898
-2.2,8.75983736068783e-10,2627.978517028968,489.37942559949954,40.91913452211564,297.20307373531364,0.0005115381393355,train,-3.2911219805530796,-3.289334,0.0005136484,0.0017879217914829049,-0.013354630147066615,-0.012066781,0.0012878495575456839
-0.6000000000000001,8.758150413106088e-10,2554.792538970499,492.8309420700668,37.207464786418186,297.95471711920453,0.0004666312959867,train,-3.331026137341373,-3.3312953,0.00046634223,0.00026911450494049305,-0.03762883949990048,-0.035263754,0.0023650850724674655
-1.6,9.612679185080118e-10,2493.7557151613,504.62150372842615,37.39117268896573,297.8667082132286,0.0004930462706082,train,-3.3071123218447553,-3.303427,0.00049724797,0.0036853408724653036,-0.017354748102789586,-0.018062036,0.0007072883816903186
-1.0,9.603042271636284e-10,2438.0715583385486,503.6957420101608,43.08491203323523,298.5763734449834,0.0005035010776516,train,-3.2979995955817785,-3.2954905,0.0005064184,0.002509092270621238,-0.026191450894268442,-0.026299648,0.00010819709262044341
-1.2000000000000002,1.0728366895058958e-09,2396.471193900285,522.5703607996403,39.66536493364173,302.3426017448898,0.0005022994623889,train,-3.2990372866655733,-3.301121,0.00049989525,0.00208370980964645,-0.02220057173786394,-0.021800853,0.00039971842584840545
-2.2,1.0060692139373963e-09,2527.3807724384133,522.7157534573084,43.167246359099664,298.50956140834,0.0005310117152477,train,-3.2748958973529843,-3.2732441,0.00053303514,0.0016517548206356203,-0.013025366780890835,-0.012437029,0.0005883379705089453
-0.4,1.066709170571727e-09,2302.646144768272,474.8978179470865,37.69553984942066,294.1521471075916,0.000468023901015,train,-3.329731967836395,-3.328427,0.00046943224,0.0013048914966731218,-0.04320959008374459,-0.041747943,0.0014616475168729437
-1.2000000000000002,1.104689398918354e-09,2572.8324404304963,485.2307246352714,40.714467773434976,300.93677074401546,0.0004976207173106,train,-3.303101547074518,-3.3012514,0.00049974513,0.0018501356365296928,-0.02314230869962941,-0.021832274,0.0013100344265914998
-2.0,1.000072357945733e-09,2615.067429542859,502.8265147659643,41.97319841319997,303.92619603855775,0.0005164336225171,train,-3.286985490653684,-3.2905924,0.0005121623,0.0036069413684107765,-0.014576357965538023,-0.014791709,0.00021535140537309871
-2.4000000000000004,1.0071535471770136e-09,2369.635821802133,538.5091665951578,40.65637295368661,296.23853018587084,0.0005317452634351,train,-3.27429636992201,-3.2754724,0.0005303073,0.0011760326506218277,-0.01149297470385946,-0.014121869,0.002628893943775523
-1.6,1.0191682032973931e-09,2560.240612715575,475.6482256289376,41.11142736058992,291.8506686301862,0.0005036921120586,train,-3.297834850246611,-3.2944732,0.0005076061,0.003361679012479968,-0.017662201584792925,-0.019201996,0.0015397942201129666
-2.2,1.0728366895058958e-09,2396.471193900285,522.5703607996403,39.66536493364173,302.3426017448898,0.0005218428261115,train,-3.282460282497783,-3.2841294,0.0005198411,0.0016690986820266929,-0.0125660289561349,-0.012379044,0.0001869852205711453
-2.0,1.0368980362030106e-09,2588.6829740462717,505.298163800807,40.78433779833217,301.9145433801493,0.0005152972743392,train,-3.287942154730029,-3.2913802,0.0005112341,0.003438012277417357,-0.014587335891844688,-0.014360882,0.0002264535499829634
-1.6,1.0044736023004086e-09,2276.4853940628345,486.8441992232576,38.23677890677304,298.10055132439214,0.0005084782465865,train,-3.293727622071677,-3.293912,0.0005082625,0.00018431182724887307,-0.016791998147585474,-0.017519642,0.0007276435200189724
-1.4,1.2225799825820127e-09,2598.953191343567,516.8045118894966,39.85430360518959,306.74502895459364,0.0004930292323843,train,-3.3071273300395627,-3.3076518,0.00049243425,0.0005244281544070084,-0.02045082162658396,-0.02033371,0.00011711243132772609
-1.6,9.143704143090119e-10,2444.5179463100326,473.4138143725302,40.94136333558407,299.94201571725745,0.0005029927931846,train,-3.2984382374144157,-3.2962344,0.00050555175,0.002203868136461562,-0.017654400632766354,-0.01875925,0.0011048500081027868
-2.0,1.0727510291740675e-09,2408.6350240081065,515.7307920217833,36.322106531247385,300.55707391972635,0.0004966712087476,train,-3.303931014646316,-3.2969184,0.0005047561,0.007012622464919627,-0.013945450213361354,-0.013977565,3.211465794983326e-05
-1.0,1.0942344693420075e-09,2360.838758300681,491.3731844386217,39.51420947268076,305.7035776891924,0.000497693529743,train,-3.3030380052579402,-3.3031943,0.00049751444,0.00015627918114669015,-0.025680908345572462,-0.024818206,0.0008627021396083734
0.0,9.928313705154955e-10,2556.196978076177,523.0189213691006,40.51326020590248,298.8914974420704,0.0004461415699709,train,-3.3505273087739376,-3.3511305,0.00044552237,0.0006031767607304062,-0.08158560735004983,-0.08299448,0.0014088760612622764
-0.2,1.0109417900146311e-09,2546.474062846718,483.0790058826933,38.96317500489286,311.33012415162744,0.0004425718988907,train,-3.3540161650679288,-3.348096,0.00044864631,0.005920271208065486,-0.06333379161646668,-0.059973963,0.0033598290114671414
-1.0,9.979877857013676e-10,2496.537246315292,510.00187244466247,38.795972505421744,297.7961123434831,0.0004844996485047,train,-3.314706533685506,-3.3140438,0.0004852396,0.0006627733858235452,-0.02621085298335224,-0.0266393,0.0004284464838537616
-1.6,1.0375673846448864e-09,2379.4103992541063,496.85223216497695,39.047727684139495,305.18782525816323,0.0005033275570679,train,-3.298149291429006,-3.297668,0.0005038857,0.00048131123491401695,-0.01746394697186915,-0.018273309,0.000809361901307426
-0.2,1.0455070732925304e-09,2552.705145034877,518.1497095238773,37.60227540602951,298.4772867617408,0.0004458618049365,train,-3.3507997301976027,-3.3462806,0.00045052555,0.004519155399018704,-0.060097993079276435,-0.058519118,0.001578875545115821
-1.0,1.0663734802785015e-09,2646.766281337793,486.2018595083384,41.79339850063371,299.641349014439,0.0004974142212531,train,-3.303281802251736,-3.3075218,0.0004925816,0.004240017816623531,-0.026756812612976688,-0.027552731,0.0007959187221864283
-1.8,1.0050101529814667e-09,2449.206992526188,478.70441149946606,40.80112322251315,299.2329513672896,0.000515911213835,train,-3.2874250322086205,-3.28884,0.000514233,0.0014150232570777632,-0.015769538003977956,-0.016746175,0.0009766365401180366
-1.6,1.0671658198705114e-09,2444.626831258547,492.08006432381046,41.193035529790656,301.7038514591378,0.0005026035146582,train,-3.2987744787531423,-3.2919931,0.0005105131,0.00678133757882593,-0.01764458973098293,-0.018247161,0.0006025713295887414
-3.0,9.920951194363948e-10,2484.0228854962547,482.5603784265586,38.422268984819695,304.0303353891022,0.0005198508496077,train,-3.284121241910942,-3.2822125,0.00052214065,0.001908746107108783,-0.009414246722053932,0.004147527,0.013561773530136989
0.0,8.891400398891501e-10,2578.309809077789,484.4641187531683,42.13424050837239,300.34884642744885,0.0004414217541588,train,-3.3551462677345807,-3.3553743,0.00044119,0.00022806850809509172,-0.08364932208341713,-0.08342433,0.0002249923257267028
-1.6,8.758150413106088e-10,2554.792538970499,492.8309420700668,37.207464786418186,297.95471711920453,0.0004950286255919,train,-3.3053696867691564,-3.3064926,0.0004937504,0.0011228802932214954,-0.018126676573899658,-0.017433694,0.0006929829414161759
-0.4,8.589969950121183e-10,2505.474763633521,514.8627810246533,39.90795077029272,306.8673078749587,0.0004588036190415,train,-3.3383731650437554,-3.3336143,0.00046385865,0.004758815678520989,-0.047317565820764074,-0.041945778,0.005371787987302312
-3.0,1.0050101529814667e-09,2449.206992526188,478.70441149946606,40.80112322251315,299.2329513672896,0.0005332548199949,train,-3.273065210350681,-3.2754452,0.0005303405,0.002380012503933049,-0.009144509703023829,0.0043442706,0.013488780267639555
-2.2,8.622252758820396e-10,2596.9228583838576,499.2028055441836,37.99663516660689,298.18972265332246,0.0005097974983355,train,-3.2926023000196616,-3.2946877,0.0005073554,0.002085447935660678,-0.013245348764304055,-0.011320863,0.0019244858452118763
0.0,1.0025105539620802e-09,2526.9743060678943,509.1946075584183,40.75166342427999,301.0515477079729,0.0004423526315813,train,-3.3542313847419325,-3.354442,0.0004421383,0.0002104964378770724,-0.08246011772057216,-0.08357609,0.0011159729132970142
-0.2,1.1774606839117e-09,2487.5677489208106,509.6158544320055,42.33569419095241,299.8381908200232,0.0004589876068806,train,-3.33819904068503,-3.337802,0.00045940749,0.00039710739645570925,-0.06054868504168809,-0.061534297,0.000985611679531928
-2.2,9.980121445569454e-10,2387.75545073954,508.7275610680178,38.8972081784186,297.8606493603604,0.0005116790781159,train,-3.291002340394652,-3.2882142,0.0005149746,0.002788133699095141,-0.012690245051031113,-0.012381988,0.0003082574048089981
-2.4000000000000004,1.0050965165320695e-09,2414.3235243349927,515.5034020410067,40.79653471954481,301.4383600393062,0.0005254817437889,train,-3.279442367570023,-3.2798803,0.00052495213,0.0004379176930386919,-0.0117368466871266,-0.014479864,0.002743017701577699
-2.4000000000000004,1.0147448677929011e-09,2607.8117384734032,505.1107398178068,40.31257836583995,298.21936914217434,0.0005204080310533,train,-3.283656009929015,-3.2853787,0.00051834784,0.001722684605286684,-0.012000673564763531,-0.01416397,0.0021632964511795194
-0.2,9.85546704036472e-10,2573.0239327697072,479.3922741661716,39.9154735600532,295.8292447353602,0.0004505472838588,train,-3.346259624126946,-3.3425045,0.00045445983,0.00375512278417256,-0.06097209347810306,-0.061396517,0.00042442338142834046
-2.4000000000000004,1.0941860864671191e-09,2539.112215454232,503.69324532533454,39.339075937042885,294.39428351617613,0.0005222765439946,train,-3.282099478360708,-3.285073,0.0005187128,0.002973563555185521,-0.011636763658904314,-0.012899353,0.001262589510000467
-0.4,1.0073410050818803e-09,2574.374612551252,485.6872921198837,42.17824256593523,298.72995545788456,0.0004704210782949,train,-3.327513226936015,-3.3260415,0.00047201797,0.0014717668987835886,-0.04654932823052249,-0.0448965,0.0016528299080356135
-1.2000000000000002,9.304065850268983e-10,2472.4930947482308,495.539662311,41.9345213676303,296.5403011366731,0.0005015055838216,train,-3.299724227131283,-3.3006325,0.0005004579,0.0009082496753576308,-0.022482192265490752,-0.022776358,0.0002941655640800178
-3.0,1.1396379394271226e-09,2408.4924726992253,490.0725825278824,43.06550150160359,292.35304316269765,0.0005423954476567,train,-3.265683964173942,-3.2667906,0.00054101506,0.001106664259285406,-0.008892442560750169,0.0043137334,0.013206175989466828
-2.2,1.0727510291740675e-09,2408.6350240081065,515.7307920217833,36.322106531247385,300.55707391972635,0.0004997147383994,train,-3.30127784144967,-3.294292,0.00050781795,0.006985868335656509,-0.012712241662859114,-0.012736342,2.4100253165570962e-05
-0.6000000000000001,1.0073410050818803e-09,2574.374612551252,485.6872921198837,42.17824256593523,298.72995545788456,0.0004794341263972,train,-3.319271055870787,-3.317947,0.00048089813,0.0013241450126328935,-0.03753252635401694,-0.03748617,4.635686677900708e-05
0.0,9.16382362452114e-10,2549.3338723326283,483.7915671011157,41.484417545989686,302.7283665488111,0.0004373899467562,train,-3.359131203279368,-3.357204,0.00043933524,0.0019272428606669223,-0.08267260073933969,-0.08334911,0.0006765079566442012
-2.2,9.143704143090119e-10,2444.5179463100326,473.4138143725302,40.94136333558407,299.94201571725745,0.0005135227622982,train,-3.2894403011973585,-3.28712,0.00051627355,0.002320197361298959,-0.01293738888424123,-0.012029,0.0009083892576047248
-1.0,9.55415883814233e-10,2578.1734587821948,522.0121395253278,38.42173874228168,293.06092698472065,0.0004844793964904,train,-3.3147246875106164,-3.3110151,0.0004886353,0.0037095584212609722,-0.026289452368235544,-0.026660945,0.00037149289824967013
-1.4,9.220148370062533e-10,2472.3739758500788,504.5088858703008,41.28793476116813,303.0641722996054,0.0004977477232951,train,-3.302990717764915,-3.3011725,0.000499836,0.0018182228766092656,-0.020231430250705174,-0.020347936,0.00011650582820088573
-1.4,8.220747042076197e-10,2489.354974528123,536.8974000619587,36.589080383233394,294.68809277779184,0.0004871334754683,train,-3.3123520249927494,-3.3135943,0.000485742,0.0012423162853267833,-0.01996626310288896,-0.019177457,0.0007888057851790364
-1.6,1.0806933086411387e-09,2604.781653428076,466.5836923998952,39.33731057072893,297.69705044733973,0.0005069902176063,train,-3.2950004203127987,-3.2998006,0.0005014174,0.004800214071356557,-0.017747985860435023,-0.017890744,0.00014275805083130422
-0.2,8.498130788208901e-10,2622.111610500832,493.1418777793542,40.32755095458103,299.70047987606006,0.0004557048714444,train,-3.3413163288234897,-3.3415096,0.00045550213,0.00019325178869289417,-0.0633739347574167,-0.059962768,0.0034111666497640414
-2.8000000000000003,9.89963136259949e-10,2542.7024133885266,503.0087467521194,39.0211226249472,305.0510216058231,0.000515125577352,train,-3.2880868857104573,-3.285486,0.00051821984,0.0026009028155598024,-0.010269362225344025,-0.0074325562,0.002836805979868018
-3.0,1.0455070732925304e-09,2552.705145034877,518.1497095238773,37.60227540602951,298.4772867617408,0.0005132934441607,train,-3.2896342825598377,-3.28582,0.0005178214,0.003814275235618947,-0.009309881815937615,0.0041314485,0.013441330271092511
-1.2000000000000002,1.0109417900146311e-09,2546.474062846718,483.0790058826933,38.96317500489286,311.33012415162744,0.0004816639738833,train,-3.3172558355805064,-3.31271,0.00048673205,0.00454578881231793,-0.023572637538574526,-0.022252256,0.001320381487868616
0.0,1.2225799825820127e-09,2598.953191343567,516.8045118894966,39.85430360518959,306.74502895459364,0.0004341012587345,train,-3.362408954864698,-3.3613076,0.0004352035,0.001101333862500553,-0.08285317041691798,-0.081504,0.0013491682034398877
-0.2,1.000072357945733e-09,2615.067429542859,502.8265147659643,41.97319841319997,303.92619603855775,0.0004588912979059,train,-3.338290177884513,-3.344168,0.00045272248,0.00587776988465194,-0.0639492070298413,-0.06259754,0.0013516640286663772
-2.4000000000000004,8.979123523428993e-10,2531.360993910196,491.918494232159,35.793021097389925,308.86985058095934,0.0005191490675892,train,-3.284707921658337,-3.2965472,0.0005051878,0.011839252795398547,-0.012189504401225904,-0.012252019,6.251438574089718e-05
0.0,9.123213222215395e-10,2625.69228411366,506.617977618184,38.92442853409919,306.1252360546967,0.0004283990484263,train,-3.3681515025079363,-3.3656893,0.00043083474,0.0024622248590104867,-0.08443870182512114,-0.081822634,0.00261606808183501
-0.6000000000000001,9.344027379399094e-10,2510.734791451186,511.4018674256231,36.36815079533651,301.4558439858307,0.0004585467263164,train,-3.338616402747721,-3.334793,0.00046260137,0.0038233119274084792,-0.0371030396549763,-0.035229124,0.0018739155261577878
-0.6000000000000001,1.1762312017058683e-09,2610.23254556298,515.3751788116352,39.24041391228537,297.93305834844136,0.0004730558291952,train,-3.3250876015865116,-3.3280418,0.0004698489,0.002954190329381934,-0.036855704486672636,-0.035498865,0.0013568395379230935
-2.0,1.0574423663675307e-09,2585.0385338602478,471.3266920396063,42.543125490608695,301.3994726877767,0.0005125541061065,train,-3.2902602829683985,-3.288702,0.00051439647,0.0015582718600000156,-0.014659969977897092,-0.014225408,0.00043456154302923267
-0.2,1.0663734802785015e-09,2646.766281337793,486.2018595083384,41.79339850063371,299.641349014439,0.0004626119815894,train,-3.3347831232498466,-3.3383665,0.00045881065,0.003583385234040115,-0.06297020424746691,-0.059748836,0.003221368385784018
-1.6,9.85546704036472e-10,2573.0239327697072,479.3922741661716,39.9154735600532,295.8292447353602,0.0004978203146238,train,-3.302927385049634,-3.2979727,0.0005035323,0.004954705911450308,-0.017694921239257866,-0.018684806,0.000989885062931961
-1.4,9.143704143090119e-10,2444.5179463100326,473.4138143725302,40.94136333558407,299.94201571725745,0.0004986780474582,train,-3.302179749643301,-3.3001018,0.0005010698,0.0020779925937404187,-0.019970068205729774,-0.019989159,1.909075246686598e-05
-1.4,1.018423641836786e-09,2420.2103352289205,495.3862399264609,39.18777263938059,307.5354074756815,0.0004939927468694,train,-3.3062794276304444,-3.3024335,0.0004983868,0.0038459368772705282,-0.019943469293215443,-0.018907407,0.0010360619945313232
-2.0,1.0941860864671191e-09,2539.112215454232,503.69324532533454,39.339075937042885,294.39428351617613,0.0005162062999538,train,-3.2871766994851455,-3.2898288,0.0005130636,0.002652077828086963,-0.013957006537529182,-0.012774639,0.0011823677059137339
-0.2,8.894595189948581e-10,2383.601346469497,502.4892009812192,38.55163090195673,309.2198732722366,0.0004540798477993,train,-3.34286777179154,-3.341687,0.00045531613,0.001180807756505864,-0.06257256039492987,-0.057942018,0.004630542482065181
-2.2,1.0191682032973931e-09,2560.240612715575,475.6482256289376,41.11142736058992,291.8506686301862,0.0005142617433774,train,-3.2888157822277506,-3.285157,0.00051861256,0.0036588169720133124,-0.012913456771951104,-0.012295743,0.0006177133214286812
0.0,9.634928280602635e-10,2455.009212271192,512.2369330710814,40.30940301281442,306.6726054586492,0.0004426434279722,train,-3.3539459794655877,-3.3515627,0.00044507917,0.0023832410470085996,-0.08286300170010463,-0.08286315,1.5032702549433452e-07
-1.2000000000000002,1.0147448677929011e-09,2607.8117384734032,505.1107398178068,40.31257836583995,298.21936914217434,0.0004972356973823,train,-3.303437700183976,-3.305753,0.0004945919,0.002315292446029016,-0.023107910060328862,-0.023099365,8.545347494504085e-06
-3.0,1.013177684158949e-09,2549.0982526102403,506.5025106580401,39.7132385315927,304.62183232922587,0.000527974802558,train,-3.277386803547898,-3.2825224,0.0005217681,0.00513563640876713,-0.009561741720963468,0.0043976773,0.01395941897862052
-1.8,8.589969950121183e-10,2505.474763633521,514.8627810246533,39.90795077029272,306.8673078749587,0.0005003524976389,train,-3.3007239279805285,-3.2972949,0.0005043188,0.003429072862730642,-0.01636470034122972,-0.016930321,0.0005656208902546922
-1.0,9.50582857470194e-10,2403.738957653681,492.6388454667692,37.10727035463277,300.4554170460457,0.0004916053255424,train,-3.3083834210639607,-3.3134463,0.00048590763,0.0050628622764934406,-0.025572797374884715,-0.02595823,0.00038543334408558394
-1.0,1.0686494239643995e-09,2589.6130644148398,507.5353543611665,40.55316862193092,296.6314874710408,0.0004989276017462,train,-3.3019624692929725,-3.3077114,0.0004923667,0.005748893545772571,-0.026168768304092538,-0.02700208,0.00083331110824858
-2.0,1.0882818479532783e-09,2447.508764517909,466.8571183944717,43.278933930679706,307.8168200832177,0.0005211462647122,train,-3.2830403706687146,-3.2834337,0.0005206745,0.00039330509727664165,-0.01449575596456576,-0.012687581,0.0018081753045802174
-3.0,9.63679966987411e-10,2457.046368424285,519.0454313677445,40.52844947169319,303.263443359763,0.0005331322015337,train,-3.2731650850120158,-3.2753656,0.00053043774,0.0022005060371785845,-0.009220483583749939,0.0042006206,0.01342110416048925
-1.2000000000000002,1.0671658198705114e-09,2444.626831258547,492.08006432381046,41.193035529790656,301.7038514591378,0.0004934502023538,train,-3.306756668595521,-3.299833,0.00050137995,0.006923609284608112,-0.022744764067876844,-0.021942526,0.0008022379658108036
-1.0,9.595802013951228e-10,2610.2949574222403,489.9218602044182,42.219532217947325,302.0841812978663,0.0004934266444996,train,-3.3067774027856465,-3.3068705,0.0004933209,9.305772460743711e-05,-0.026995895178423268,-0.028467162,0.0014712664024969513
-2.4000000000000004,1.1395831540373826e-09,2538.761869465952,510.72502895181066,40.87821813200619,300.974125232131,0.0005206999444416,train,-3.2834124686632893,-3.2847943,0.0005190458,0.0013818619336345428,-0.011903146296251776,-0.014179992,0.002276845261942384
-2.0,9.980121445569454e-10,2387.75545073954,508.7275610680178,38.8972081784186,297.8606493603604,0.0005085618796887,train,-3.2936561963846596,-3.290787,0.0005119329,0.002869214802017961,-0.0139652572362845,-0.013828183,0.00013707464329648644
-0.2,8.622252758820396e-10,2596.9228583838576,499.2028055441836,37.99663516660689,298.18972265332246,0.0004505741949585,train,-3.34623368457855,-3.345263,0.0004515824,0.0009706802755715671,-0.06224026986246578,-0.058868345,0.003371924989275854
-2.2,1.0942344693420075e-09,2360.838758300681,491.3731844386217,39.51420947268076,305.7035776891924,0.0005228177717908,train,-3.2816496581620807,-3.2831628,0.0005209993,0.0015131740980511843,-0.012643651565049652,-0.010842109,0.001801542466019157
-1.8,1.243555870393131e-09,2440.816535503744,483.6779599156501,38.81204244575611,302.5323056028984,0.0005054472620567,train,-3.2963241516310458,-3.2958248,0.0005060288,0.0004993854719881341,-0.015766979211687016,-0.016248709,0.00048172937917811964
0.0,1.0455070732925304e-09,2552.705145034877,518.1497095238773,37.60227540602951,298.4772867617408,0.0004318379847613,train,-3.3646791594851533,-3.3603942,0.00043611976,0.004284920059494102,-0.07869629979623483,-0.08185183,0.003155532772410652
-2.6,8.75983736068783e-10,2627.978517028968,489.37942559949954,40.91913452211564,297.20307373531364,0.0005173562213099,train,-3.2862103240693132,-3.2839372,0.0005200712,0.002273108264259527,-0.01134970525638579,-0.014071266,0.0027215609104800365
-1.8,8.979123523428993e-10,2531.360993910196,491.918494232159,35.793021097389925,308.86985058095934,0.0005091818157077,train,-3.2931271145997245,-3.3040304,0.00049655756,0.01090330379627158,-0.016337188819125714,-0.015294445,0.0010427440718565606
-0.2,9.756514716409811e-10,2404.497548871577,500.9208966540563,41.62971960161597,300.52976098251094,0.0004677873960337,train,-3.3299514839094146,-3.3331707,0.00046433278,0.0032191684801117226,-0.06042645467040941,-0.062078204,0.0016517493355472368
-0.6000000000000001,8.584521018906484e-10,2718.2749419682723,482.1832227724541,38.88005077046229,301.691940704981,0.0004657174477318,train,-3.33187749126697,-3.3340151,0.00046343077,0.002137639729733909,-0.03946678397239367,-0.037504043,0.0019627405423037203
-0.2,1.1396379394271226e-09,2408.4924726992253,490.0725825278824,43.06550150160359,292.35304316269765,0.0004729780207927,train,-3.3251590403831845,-3.3231041,0.00047522126,0.0020548972404843546,-0.05905703618258329,-0.056392398,0.0026646384510407017
-0.2,1.0191682032973931e-09,2560.240612715575,475.6482256289376,41.11142736058992,291.8506686301862,0.0004559128700247,train,-3.3411181478686305,-3.3393524,0.0004577703,0.0017657785601588039,-0.060216112883836104,-0.06147494,0.001258828787058519
-1.2000000000000002,9.634928280602635e-10,2455.009212271192,512.2369330710814,40.30940301281442,306.6726054586492,0.0004973467202968,train,-3.3033407416243326,-3.3022497,0.00049859774,0.0010910715956460315,-0.023010100372697906,-0.022379018,0.0006310820063610834
-1.4,8.589969950121183e-10,2505.474763633521,514.8627810246533,39.90795077029272,306.8673078749587,0.000491982038294,train,-3.308050752541982,-3.3047338,0.000495754,0.003316999337636517,-0.02065974462580833,-0.019831022,0.0008287223781362485
-0.4,1.2225799825820127e-09,2598.953191343567,516.8045118894966,39.85430360518959,306.74502895459364,0.00045986568695,train,-3.3373689942620492,-3.337114,0.00046013566,0.00025489857418303785,-0.047060690933077964,-0.042596422,0.004464268797248039
-0.6000000000000001,9.589043387653522e-10,2486.667922677388,495.3304947031063,40.43386356777175,305.1954997344612,0.0004845809847784,train,-3.31463363181601,-3.3199348,0.0004787019,0.0053012131546932295,-0.037545811492732284,-0.035558004,0.001987807560494659
-1.0,1.0789603531824067e-09,2367.1936347140645,478.9001778930339,37.12870103512795,297.3410066095633,0.0004945188406028,train,-3.305817157628055,-3.3111467,0.0004884873,0.005329578516964695,-0.024985472858057634,-0.026119543,0.001134070381416663
-2.8000000000000003,1.0044736023004086e-09,2276.4853940628345,486.8441992232576,38.23677890677304,298.10055132439214,0.0005263624699752,train,-3.278715083800884,-3.278237,0.0005269421,0.0004779793849905012,-0.009469875804418493,-0.0068927207,0.0025771551013828997
-2.0,1.0705485436227222e-09,2590.7468930890127,531.0534862964538,41.61731424149927,306.85396396460635,0.0005212788572382,train,-3.282929889442809,-3.2840173,0.00051997526,0.0010874350048228898,-0.01486465594510733,-0.014088175,0.0007764806855767858
-0.4,1.1395831540373826e-09,2538.761869465952,510.72502895181066,40.87821813200619,300.974125232131,0.0004694787859703,train,-3.328384027134161,-3.32972,0.00046803677,0.0013359931600285258,-0.04598855133037816,-0.043040175,0.0029483763394857476
-2.8000000000000003,9.525981103063824e-10,2521.0178569100235,513.1122387074643,39.33447860201831,299.4635962010897,0.0005264088170058,train,-3.2786768451826696,-3.283404,0.00052070996,0.004727266679513065,-0.010187010026159626,-0.0075500747,0.002636935307267052
-0.4,9.808684991835892e-10,2440.440905080504,475.02919518003887,43.13862383173334,296.64614602139693,0.0004828106215244,train,-3.3162231842691874,-3.319763,0.00047889142,0.0035397609059835133,-0.04584244718145847,-0.044327118,0.0015153296787691062
-1.6,1.1774606839117e-09,2487.5677489208106,509.6158544320055,42.33569419095241,299.8381908200232,0.0005070070281589,train,-3.294986020411294,-3.2932627,0.00050902285,0.0017233003032619543,-0.017649394939526886,-0.01906772,0.0014183246392160953
-2.2,9.596807973870107e-10,2396.380469719385,547.2442070596833,39.34847113068841,298.5552181462747,0.0005198126723869,train,-3.2841531371462453,-3.2861683,0.00051740627,0.0020151997220407836,-0.012571103362631675,-0.011849256,0.0007218471302508078
-1.2000000000000002,9.162514515645111e-10,2366.748252214537,515.4599435910573,36.43861892729903,303.676124223718,0.0004763237047586,train,-3.3220978048212175,-3.317369,0.0004815385,0.004728820598805417,-0.022498514961741378,-0.02263475,0.00013623527035910854
-2.8000000000000003,9.595802013951228e-10,2610.2949574222403,489.9218602044182,42.219532217947325,302.0841812978663,0.0005282187524392,train,-3.277186184847568,-3.2759652,0.0005297059,0.0012209710719330857,-0.010463088126833497,-0.007411952,0.0030511359963369955
-1.6,8.891400398891501e-10,2578.309809077789,484.4641187531683,42.13424050837239,300.34884642744885,0.0005063424670522,train,-3.2955556467135074,-3.295476,0.0005064354,7.968693567539376e-05,-0.01833570144086849,-0.019325417,0.0009897150942705935
-2.2,1.1201765668553066e-09,2329.913862262383,487.444276821995,41.61971486534147,298.1037724082114,0.0005315125546472,train,-3.2744864727218586,-3.278056,0.000527162,0.003569433573917813,-0.012480554820974987,-0.010752834,0.001727720441301983
-1.6,8.584521018906484e-10,2718.2749419682723,482.1832227724541,38.88005077046229,301.691940704981,0.0004953311142933,train,-3.305104390892011,-3.3075278,0.0004925748,0.0024233896408261124,-0.018834813945346696,-0.018668156,0.00016665782814584418
-0.4,1.018423641836786e-09,2420.2103352289205,495.3862399264609,39.18777263938059,307.5354074756815,0.0004614983954548,train,-3.3358298045976307,-3.330924,0.000466741,0.004905770478978333,-0.045921582633441815,-0.04246318,0.003458402955716977
-0.2,1.006299553709699e-09,2596.53014928976,491.578961058072,40.01001805266426,305.28831051478386,0.0004488957488284,train,-3.3478545074722827,-3.3428893,0.00045405733,0.0049651985428393886,-0.063111139690891,-0.06036476,0.002746379232421603
-3.0,1.0728366895058958e-09,2396.471193900285,522.5703607996403,39.66536493364173,302.3426017448898,0.0005321810610893,train,-3.2739405848969234,-3.275862,0.0005298318,0.0019213936339603777,-0.009044852556757021,0.0038740842,0.012918936770505596
-1.8,7.516487326049727e-10,2475.0294016619155,481.8667099014746,36.16652897024234,304.10393187120707,0.0004969164520568,train,-3.303716624266335,-3.3041658,0.00049640273,0.0004492158825906145,-0.016383253303640544,-0.016112713,0.0002705401604110591
-2.2,1.1762312017058683e-09,2610.23254556298,515.3751788116352,39.24041391228537,297.93305834844136,0.0005114703391018,train,-3.291179546581185,-3.2931266,0.00050918246,0.0019470365181804006,-0.012828992829181374,-0.013045274,0.0002162808920367354
-1.2000000000000002,1.2307353848142815e-09,2445.249484887284,482.48119148575233,42.87746783295031,307.55593866537106,0.0005037878099397,train,-3.2977523452538877,-3.296357,0.00050540915,0.0013954288262754133,-0.022693389416879484,-0.022510119,0.00018327063435918944
-0.2,9.928313705154955e-10,2556.196978076177,523.0189213691006,40.51326020590248,298.8914974420704,0.0004611300247548,train,-3.3361765994010457,-3.3367937,0.0004604753,0.0006170617165079939,-0.06192148637886952,-0.05961092,0.002310568214616282
-2.6,1.0147448677929011e-09,2607.8117384734032,505.1107398178068,40.31257836583995,298.21936914217434,0.0005231697800946,train,-3.2813573501524487,-3.2823825,0.00052193634,0.001025138098283751,-0.01104923389478607,-0.014585845,0.0035366112776191727
-0.6000000000000001,1.0882818479532783e-09,2447.508764517909,466.8571183944717,43.278933930679706,307.8168200832177,0.0004841710640865,train,-3.315001169217028,-3.3153481,0.0004837844,0.00034697912891923366,-0.037618621387624174,-0.036156334,0.0014622874046796852
-0.8,1.0933784852654091e-09,2410.884334287086,539.0569290920441,39.62193192256099,289.3285700165644,0.0004903768339925,train,-3.309470054612939,-3.3062391,0.00049403857,0.003230926500146225,-0.029159327554230785,-0.028398735,0.0007605921055127141
-2.4000000000000004,1.0705485436227222e-09,2590.7468930890127,531.0534862964538,41.61731424149927,306.85396396460635,0.0005278299266377,train,-3.2775059900061545,-3.278722,0.000526354,0.0012160577996316313,-0.012454008784786197,-0.014579972,0.002125963467463521
-2.2,1.2225799825820127e-09,2598.953191343567,516.8045118894966,39.85430360518959,306.74502895459364,0.0005081406522298,train,-3.2940160593057213,-3.2939832,0.0005081791,3.283825164412946e-05,-0.01335379879809473,-0.013177978,0.00017582092321966059
-1.8,9.928313705154955e-10,2556.196978076177,523.0189213691006,40.51326020590248,298.8914974420704,0.0005143206889264,train,-3.288766005513921,-3.2884624,0.00051468035,0.0003036050775198085,-0.01603118321740915,-0.017802434,0.0017712508246869874
-0.6000000000000001,1.0933784852654091e-09,2410.884334287086,539.0569290920441,39.62193192256099,289.3285700165644,0.0004832826619403,train,-3.315798785160564,-3.3122926,0.00048720016,0.003506209324382503,-0.03508512235312544,-0.031998686,0.003086435860682357
-1.2000000000000002,1.0789603531824067e-09,2367.1936347140645,478.9001778930339,37.12870103512795,297.3410066095633,0.0004998236929963,train,-3.3011831609873434,-3.3063674,0.0004938927,0.005184236321006175,-0.021742919827046236,-0.021876497,0.00013357736712471535
-1.2000000000000002,1.1396379394271226e-09,2408.4924726992253,490.0725825278824,43.06550150160359,292.35304316269765,0.0005121046786415,train,-3.290641256388013,-3.2896159,0.0005133152,0.001025386865918243,-0.022021926230138433,-0.021055948,0.0009659782409130457
-3.0,9.244750759855351e-10,2606.766252024905,514.7015322051607,39.36697999872778,300.425811364213,0.0005252867506254,train,-3.2796035533237626,-3.2876532,0.00051564025,0.008049654455168032,-0.009460234231148945,0.0044037895,0.013864023758863198
-2.6,1.1459805246638944e-09,2630.825732937456,497.4739907663986,41.26661222078493,300.2753689300697,0.000514943956434,train,-3.28824003452365,-3.284035,0.00051995413,0.004205067101164861,-0.01119354425520136,-0.015117876,0.00392433197646902
0.0,9.612679185080118e-10,2493.7557151613,504.62150372842615,37.39117268896573,297.8667082132286,0.0004329078740276,train,-3.3636045148668217,-3.3598228,0.000436694,0.0037817647752689254,-0.0782956397025103,-0.08197624,0.0036806026609426112
-0.6000000000000001,1.006938037138553e-09,2476.033687734913,499.8883185243343,35.52248114367448,306.4489109295662,0.0004713171257962,train,-3.3266867794135893,-3.330899,0.00046676793,0.004212220754257423,-0.03691071804458623,-0.035762753,0.0011479647069645438
-0.2,1.0705485436227222e-09,2590.7468930890127,531.0534862964538,41.61731424149927,306.85396396460635,0.0004629680668436,train,-3.3344489633489767,-3.3353803,0.00046197628,0.0009313524316629795,-0.06354823117175101,-0.060540598,0.003007633285903921
-2.8000000000000003,1.0663734802785015e-09,2646.766281337793,486.2018595083384,41.79339850063371,299.641349014439,0.0005319154360495,train,-3.274157406382093,-3.2769022,0.00052856427,0.0027447924094108345,-0.010231766753445726,-0.007463749,0.002768017720978122
-1.8,9.89297888860932e-10,2413.8801533334354,510.75595836241,38.53132745549709,285.1813868750008,0.0005113286973771,train,-3.291299832615183,-3.2927065,0.0005096752,0.0014066569478052848,-0.015215422843525062,-0.016547654,0.001332230980565896
-2.8000000000000003,1.018423641836786e-09,2420.2103352289205,495.3862399264609,39.18777263938059,307.5354074756815,0.0005166517562673,train,-3.286802089964095,-3.2823656,0.00052195665,0.004436529432478853,-0.009898542834989144,-0.007449401,0.002449141758106066
-2.0,9.118663996020181e-10,2651.95019435956,481.7408591707263,38.899871401178025,300.40158819211445,0.0005028047444671,train,-3.2986006329626916,-3.2995996,0.00050164945,0.0009990145592810862,-0.01484710582946036,-0.013578992,0.0012681134924719117
-0.8,1.0040157435828723e-09,2421.1156291426087,502.3421578152334,38.33334239027114,293.10089722857373,0.0004901770737729,train,-3.309647005133638,-3.3123136,0.0004871766,0.0026665515375046134,-0.029801360341847882,-0.030288817,0.0004874570191493177
-2.8000000000000003,9.118663996020181e-10,2651.95019435956,481.7408591707263,38.899871401178025,300.40158819211445,0.000514461974189,train,-3.2886467200467235,-3.2896714,0.00051324954,0.0010247010043018534,-0.010528301082182168,-0.0069481474,0.003580153647440909
-0.8,8.220747042076197e-10,2489.354974528123,536.8974000619587,36.589080383233394,294.68809277779184,0.0004709584896022,train,-3.3270173700073404,-3.3280962,0.00046979007,0.0010787813445882755,-0.030548680402301187,-0.03058087,3.219040486968083e-05
-1.8,1.1064539714677527e-09,2488.434465234489,500.4335716276796,41.129719458135625,288.0815978442095,0.0005105554128244,train,-3.291957115128785,-3.2887611,0.00051432644,0.003195976212769569,-0.015269390819018014,-0.01593878,0.0006693885201762839
-2.2,9.725086180844783e-10,2468.017331565751,490.28733545372194,44.50977871149023,303.263152322465,0.0005271238945285,train,-3.2780872967680232,-3.2798471,0.0005249922,0.0017598483125431663,-0.012900763811529714,-0.01143326,0.0014675042275200667
0.0,1.2595929862237601e-09,2354.3009197629594,499.1918367180637,40.77134716523017,305.22981462209646,0.0004502219963531,train,-3.346573290629572,-3.3480377,0.0004487064,0.001464429096990294,-0.07918051395484227,-0.08293482,0.0037543052070496685
-1.0,1.006938037138553e-09,2476.033687734913,499.8883185243343,35.52248114367448,306.4489109295662,0.0004848082658066,train,-3.314429984213898,-3.3183625,0.0004804382,0.003932490227630314,-0.026182424607725352,-0.02678353,0.00060110506132105
-2.2,7.516487326049727e-10,2475.0294016619155,481.8667099014746,36.16652897024234,304.10393187120707,0.0005037231100983,train,-3.297808123873414,-3.2986848,0.00050270726,0.0008767115605459175,-0.013420407226414355,-0.012030327,0.0013900804651090226
-0.4,1.0050965165320695e-09,2414.3235243349927,515.5034020410067,40.79653471954481,301.4383600393062,0.0004742872612359,train,-3.3239585397994262,-3.3269913,0.00047098674,0.003032779856945833,-0.04590985394588287,-0.04345256,0.002457293044241027
-2.8000000000000003,9.16382362452114e-10,2549.3338723326283,483.7915671011157,41.484417545989686,302.7283665488111,0.0005202633402539,train,-3.283776775077167,-3.2803543,0.00052437955,0.003422513678851491,-0.010209198323329005,-0.007451363,0.0027578354154425
-3.0,9.525981103063824e-10,2521.0178569100235,513.1122387074643,39.33447860201831,299.4635962010897,0.0005287878475236,train,-3.276718534260101,-3.2830966,0.0005210789,0.006378017635040756,-0.009396099199534547,0.0041386457,0.01353474491554607
-2.8000000000000003,1.1774606839117e-09,2487.5677489208106,509.6158544320055,42.33569419095241,299.8381908200232,0.0005259782474956,train,-3.279032216279668,-3.2761374,0.00052949594,0.0028948642899218058,-0.010178315355055645,-0.007415748,0.0027625671537450103
-0.6000000000000001,1.0686494239643995e-09,2589.6130644148398,507.5353543611665,40.55316862193092,296.6314874710408,0.000484986125159,train,-3.3142706858370716,-3.3202713,0.00047833123,0.006000567748743801,-0.03711676692785382,-0.0355028,0.001613968072549099
-2.0,9.664729913030388e-10,2627.7330466636663,506.9906344590098,40.06029068650691,301.1540677406581,0.0005042719018866,train,-3.2973352301267433,-3.2917676,0.0005107783,0.005567632928257016,-0.014894778463853342,-0.014269818,0.0006249608433375187
-2.2,8.498130788208901e-10,2622.111610500832,493.1418777793542,40.32755095458103,299.70047987606006,0.0005164064888377,train,-3.287008309301237,-3.289639,0.0005132879,0.0026306868230303593,-0.01334985897485197,-0.011806688,0.0015431707033890518
-3.0,1.0040157435828723e-09,2421.1156291426087,502.3421578152334,38.33334239027114,293.10089722857373,0.0005314511057042,train,-3.2745366850440454,-3.277715,0.000527576,0.003178282683615752,-0.009086118656670195,0.003925227,0.013011345751111847
-0.6000000000000001,7.516487326049727e-10,2475.0294016619155,481.8667099014746,36.16652897024234,304.10393187120707,0.0004646170184117,train,-3.332904886513983,-3.3332894,0.00046420586,0.000384498327935745,-0.03767265406913012,-0.036563627,0.0011090266472741916
-2.2,9.220148370062533e-10,2472.3739758500788,504.5088858703008,41.28793476116813,303.0641722996054,0.0005127008073809,train,-3.290135998649334,-3.2878306,0.00051542965,0.0023054074475519215,-0.01294602033102521,-0.012500109,0.00044591118001946484
-2.2,9.664729913030388e-10,2627.7330466636663,506.9906344590098,40.06029068650691,301.1540677406581,0.0005075715986625,train,-3.2945026869895475,-3.2891176,0.0005139045,0.005385112297775052,-0.013543172738861742,-0.012730136,0.0008130371564742944
-2.2,9.50582857470194e-10,2403.738957653681,492.6388454667692,37.10727035463277,300.4554170460457,0.0005164136190158,train,-3.2870023129094545,-3.2920895,0.00051039987,0.005087149370818889,-0.012610730760707511,-0.011905546,0.0007051844605943103
0.0,8.354324428057498e-10,2430.182491588309,507.603602235917,36.73791801396338,295.61725668807514,0.0004362320695397,train,-3.3602824104854876,-3.364302,0.00043221324,0.004019509451646197,-0.07655976993331848,-0.08298038,0.006420609528923649
-1.0,9.725086180844783e-10,2468.017331565751,490.28733545372194,44.50977871149023,303.263152322465,0.0005011261563117,train,-3.3000529286377325,-3.3022177,0.0004986345,0.0021647933013544396,-0.0264674163587042,-0.028294899,0.001827482210879694
-2.6,1.2595929862237601e-09,2354.3009197629594,499.1918367180637,40.77134716523017,305.22981462209646,0.0005287029927905,train,-3.276788231208808,-3.27737,0.0005279953,0.0005817448348932608,-0.010502833378589926,-0.013834561,0.0033317278427116293
-0.4,1.0803651442869379e-09,2531.060987167743,511.9316238370674,40.66002705988115,288.1838349540611,0.000479965013549,train,-3.318790418825218,-3.324251,0.00047396804,0.005460517682960742,-0.04453681458318748,-0.042271387,0.0022654277511886534
-2.2,8.599648780937922e-10,2637.8899539670565,501.9551856304757,39.90381821426863,300.9815905741297,0.0005062336224551,train,-3.29564901373763,-3.2933066,0.00050897145,0.002342424611043281,-0.0135384636062863,-0.012320902,0.0012175614077332142
-1.6,8.241763212999094e-10,2472.357675267654,473.84577322091,39.21856251436128,307.7679942040925,0.0004977978902487,train,-3.302946948336685,-3.3041172,0.0004964583,0.0011702544221039446,-0.017998779350651972,-0.017538145,0.00046063416613506547
-0.8,1.0308127820747194e-09,2437.7200106987866,482.5972990901911,40.648465379108416,299.4728047413536,0.0004960323245163,train,-3.3044900212887613,-3.3098044,0.0004899994,0.005314418255916387,-0.030440397877313785,-0.031582877,0.0011424791625955777
-2.4000000000000004,9.682475573035431e-10,2330.6047518253104,479.0686974559265,41.64371883461047,301.63426669668445,0.0005306636875673,train,-3.2751806294022727,-3.277367,0.0005279987,0.002186485618479228,-0.011637861061290167,-0.013348317,0.001710455712482073
-2.8000000000000003,9.74908016407874e-10,2433.9347159425315,536.1873069142775,40.58953669016749,293.2225739384997,0.0005396895991864,train,-3.267855951509511,-3.2678456,0.0005397024,1.0320863759183396e-05,-0.009724908391765652,-0.007700797,0.0020241112213650325
-3.0,1.0025105539620802e-09,2526.9743060678943,509.1946075584183,40.75166342427999,301.0515477079729,0.0005280838287722,train,-3.2772971314748265,-3.277335,0.0005280379,3.7797037746756246e-05,-0.009486961716886455,0.0043968805,0.013883842228080923
-1.4,1.0789603531824067e-09,2367.1936347140645,478.9001778930339,37.12870103512795,297.3410066095633,0.0005045218857256,train,-3.297119989697236,-3.3022923,0.0004985488,0.005172357257109628,-0.019135953090595237,-0.019160844,2.4891295028695026e-05
-2.4000000000000004,1.1762312017058683e-09,2610.23254556298,515.3751788116352,39.24041391228537,297.93305834844136,0.0005143644818136,train,-3.2887290281960593,-3.2903955,0.00051239453,0.0016664700796975573,-0.011757126554966746,-0.01478925,0.003032123193024816
-2.4000000000000004,8.220747042076197e-10,2489.354974528123,536.8974000619587,36.589080383233394,294.68809277779184,0.0005044893205377,train,-3.2971480228475607,-3.2979164,0.00050359755,0.0007683895059549251,-0.01183760100055764,-0.014466183,0.002628582259525558
-2.2,1.1395831540373826e-09,2538.761869465952,510.72502895181066,40.87821813200619,300.974125232131,0.0005177341009479,train,-3.2858932289417315,-3.2873898,0.0005159531,0.0014965263072919122,-0.012991481085293799,-0.012311651,0.0006798297138743692
-3.0,8.241763212999094e-10,2472.357675267654,473.84577322091,39.21856251436128,307.7679942040925,0.0005190522110733,train,-3.2847889545974756,-3.2879279,0.0005153142,0.003138911384580112,-0.00953202484558524,0.0040558837,0.01358790858100356
-3.0,1.1459805246638944e-09,2630.825732937456,497.4739907663986,41.26661222078493,300.2753689300697,0.0005198899253333,train,-3.2840885984436055,-3.2813694,0.0005231552,0.002719150735475573,-0.009607258362134274,0.0047626738,0.014369932112654027
-2.4000000000000004,9.979877857013676e-10,2496.537246315292,510.00187244466247,38.795972505421744,297.7961123434831,0.0005127238901123,train,-3.2901164463547574,-3.2892735,0.00051372004,0.0008429459122525351,-0.011974088429317575,-0.013888922,0.0019148331593417112
-2.8000000000000003,8.75983736068783e-10,2627.978517028968,489.37942559949954,40.91913452211564,297.20307373531364,0.0005199632199699,train,-3.284027375459524,-3.2816844,0.0005227759,0.0023429768084008984,-0.010523793472735576,-0.0072263153,0.0032974781457468794
-1.2000000000000002,1.0933784852654091e-09,2410.884334287086,539.0569290920441,39.62193192256099,289.3285700165644,0.0005017319247415,train,-3.299528264334098,-3.2966459,0.00050507294,0.0028823845886147836,-0.021621791302798954,-0.019718349,0.0019034423228490027
-1.8,9.60969170700449e-10,2766.6918918406623,529.8468751484584,39.61181207182135,297.3307652107198,0.0005045568916357,train,-3.2970898575134315,-3.295678,0.00050619995,0.0014119571991004776,-0.016508382819937495,-0.018961756,0.002453372738910886
-0.8,9.85546704036472e-10,2573.0239327697072,479.3922741661716,39.9154735600532,295.8292447353602,0.0004772300871912,train,-3.3212721838424177,-3.3170612,0.0004818799,0.0042109980056257434,-0.030512891340578108,-0.032271978,0.0017590861734504415
-0.8,9.596807973870107e-10,2396.380469719385,547.2442070596833,39.34847113068841,298.5552181462747,0.0004886580061265,train,-3.3109949813957296,-3.3121238,0.00048738957,0.0011287940864481705,-0.029991758667300417,-0.029543381,0.0004483774829608933
-1.2000000000000002,9.612679185080118e-10,2493.7557151613,504.62150372842615,37.39117268896573,297.8667082132286,0.0004842417563007,train,-3.3149377639461584,-3.3112874,0.0004883291,0.0036503608394689024,-0.02225194792950269,-0.02208271,0.00016923729086038009
-2.4000000000000004,1.0044736023004086e-09,2276.4853940628345,486.8441992232576,38.23677890677304,298.10055132439214,0.0005214075348329,train,-3.282822697155595,-3.2830594,0.00052112347,0.0002366614412068202,-0.011186270096592565,-0.012662342,0.0014760717216208974
0.0,1.0882818479532783e-09,2447.508764517909,466.8571183944717,43.278933930679706,307.8168200832177,0.0004483845932534,train,-3.3483493184231516,-3.3475318,0.00044922944,0.0008175229214426594,-0.08361493095083716,-0.082077876,0.0015370552174616137
-2.8000000000000003,1.0574423663675307e-09,2585.0385338602478,471.3266920396063,42.543125490608695,301.3994726877767,0.0005243343100531,train,-3.280391723100298,-3.2779694,0.00052726705,0.0024223627487356403,-0.010443416874080569,-0.007619188,0.00282422870692578
-1.2000000000000002,1.0050965165320695e-09,2414.3235243349927,515.5034020410067,40.79653471954481,301.4383600393062,0.0005025576106358,train,-3.298814145754059,-3.300871,0.0005001832,0.002056749631683008,-0.022527383305501303,-0.023802966,0.0012755825739390048
-2.0,9.525981103063824e-10,2521.0178569100235,513.1122387074643,39.33447860201831,299.4635962010897,0.0005148159566706,train,-3.2883480006437305,-3.2939155,0.0005082583,0.005567509533881854,-0.014467137964413013,-0.0140851075,0.0003820304814432518
-0.4,9.344027379399094e-10,2510.734791451186,511.4018674256231,36.36815079533651,301.4558439858307,0.0004500278271028,train,-3.3467606311501057,-3.3424613,0.00045450497,0.004299283570149637,-0.045702089701388005,-0.042901482,0.0028006072683073313
-3.0,9.589043387653522e-10,2486.667922677388,495.3304947031063,40.43386356777175,305.1954997344612,0.0005356324872807,train,-3.271133089951927,-3.278302,0.00052686344,0.007168864317482093,-0.009368481870545509,0.0042036786,0.01357216044495857
0.0,1.0663734802785015e-09,2646.766281337793,486.2018595083384,41.79339850063371,299.641349014439,0.0004473117350032,train,-3.349389708175917,-3.3526103,0.00044400682,0.0032206414792343985,-0.08309564501324118,-0.08195379,0.0011418586997073987
-0.6000000000000001,9.136850961862703e-10,2400.1705034771794,499.3175315176618,39.85562670167986,300.93280864091923,0.000473651397829,train,-3.324541176677116,-3.3213844,0.00047710675,0.0031567467454753917,-0.03680097822866202,-0.035063025,0.0017379536183810274
-3.0,8.622252758820396e-10,2596.9228583838576,499.2028055441836,37.99663516660689,298.18972265332246,0.0005204103783045,train,-3.283654051089251,-3.2875192,0.00051579933,0.0038651654482246833,-0.009481733021665661,0.003924903,0.013406636015851348
-0.2,1.0692616090001279e-09,2445.881237248077,515.6238842072526,38.37558042728467,295.9516778251947,0.0004586019946856,train,-3.3385640606416986,-3.3390718,0.0004580662,0.000507689999170502,-0.05860567015218798,-0.057697,0.0009086683075434365
0.0,1.075576112436465e-09,2439.1914792405805,507.5653121861305,41.43318212059344,299.0815860986159,0.0004436086988009,train,-3.352999946282594,-3.3470602,0.0004497175,0.00593974273034803,-0.07977072370540128,-0.082466,0.0026952751230098215
-0.4,1.0308127820747194e-09,2437.7200106987866,482.5972990901911,40.648465379108416,299.4728047413536,0.0004796307252169,train,-3.3190930037117563,-3.32433,0.00047388166,0.005237087764684123,-0.045194258218554495,-0.04336479,0.0018294688816347104
-0.4,1.0849323731926979e-09,2551.147301026894,487.27717818808753,44.82712146868644,302.5978918999191,0.0004742985608554,train,-3.323948193107999,-3.323831,0.0004744265,0.00011711171761819017,-0.047041182496361245,-0.04295803,0.004083153881840218
-1.8,9.634928280602635e-10,2455.009212271192,512.2369330710814,40.30940301281442,306.6726054586492,0.0005105815763194,train,-3.291934860207792,-3.2906194,0.0005121305,0.001315486886258821,-0.015884814182278717,-0.016833518,0.0009487035181550141
-2.2,1.0732744646319759e-09,2458.1779927472685,500.451348042105,41.29986197643443,296.3385514465405,0.0005170116030848,train,-3.2864997100991804,-3.282989,0.00052120787,0.0035106849832136078,-0.012559949926904679,-0.011735355,0.0008245953767218595
-2.0,9.920951194363948e-10,2484.0228854962547,482.5603784265586,38.422268984819695,304.0303353891022,0.0005061553433214,train,-3.2957161740821834,-3.2924604,0.00050996407,0.0032557324928279563,-0.01438747000039875,-0.013190334,0.0011971362689262577
-1.0,1.0352580576007263e-09,2678.9547588546675,473.131828680381,34.826156523967086,290.8089263982084,0.0004711801906184,train,-3.3268129764679037,-3.321175,0.00047733678,0.005637878048714295,-0.026354823557253937,-0.027940733,0.0015859098010100325
-2.4000000000000004,9.123213222215395e-10,2625.69228411366,506.617977618184,38.92442853409919,306.1252360546967,0.000506204797222,train,-3.2956737434188335,-3.295068,0.0005069113,0.000605717829844199,-0.01240382435170062,-0.01347047,0.0010666456222807597
-2.6,1.0060692139373963e-09,2527.3807724384133,522.7157534573084,43.167246359099664,298.50956140834,0.0005368603074993,train,-3.2701387041970555,-3.267523,0.0005401035,0.0026156538888280068,-0.010916428949094836,-0.015224678,0.004308249492787297
-2.2,1.0025105539620802e-09,2526.9743060678943,509.1946075584183,40.75166342427999,301.0515477079729,0.0005173155338772,train,-3.286244480462247,-3.2856553,0.00051801786,0.0005892203761872494,-0.013185568592957608,-0.012684945,0.0005006235758582278
-2.8000000000000003,1.0692616090001279e-09,2445.881237248077,515.6238842072526,38.37558042728467,295.9516778251947,0.0005239791280166,train,-3.280686012191373,-3.2811012,0.00052347843,0.0004152146152676117,-0.009922765542889067,-0.0075682118,0.0023545537825171436
-0.6000000000000001,8.622252758820396e-10,2596.9228583838576,499.2028055441836,37.99663516660689,298.18972265332246,0.0004705057960335,train,-3.3274350222476454,-3.3276775,0.0004702432,0.000242466079380943,-0.03779984791978741,-0.034767248,0.0030326001833334004
-0.8,1.0732744646319759e-09,2458.1779927472685,500.451348042105,41.29986197643443,296.3385514465405,0.0004859018266436,train,-3.313451468297058,-3.3107004,0.0004889896,0.0027510517321167605,-0.03017871585675813,-0.031655602,0.0014768863003578048
0.0,1.0705485436227222e-09,2590.7468930890127,531.0534862964538,41.61731424149927,306.85396396460635,0.0004474335851195,train,-3.349271420139611,-3.3498838,0.00044680314,0.0006123746449349099,-0.08467633673459929,-0.08353443,0.001141909747428116
-0.6000000000000001,1.0375673846448864e-09,2379.4103992541063,496.85223216497695,39.047727684139495,305.18782525816323,0.0004754308618562,train,-3.3229126301408263,-3.322534,0.00047584545,0.000378545820757914,-0.03639000407138404,-0.03466501,0.00172499320188102
-1.8,1.0060692139373963e-09,2527.3807724384133,522.7157534573084,43.167246359099664,298.50956140834,0.0005240369766857,train,-3.2806380675888267,-3.2789574,0.0005260689,0.0016807006454673257,-0.01593418906587374,-0.0172965,0.0013623114381431378
-2.6,7.516487326049727e-10,2475.0294016619155,481.8667099014746,36.16652897024234,304.10393187120707,0.0005094512419796,train,-3.292897374665385,-3.293537,0.0005087016,0.0006395268086141215,-0.011292582646635907,-0.01307193,0.0017793473893128464
-2.6,9.756514716409811e-10,2404.497548871577,500.9208966540563,41.62971960161597,300.52976098251094,0.000533251450421,train,-3.2730679546146235,-3.274309,0.0005317299,0.0012409652919926906,-0.010810249021295348,-0.014104327,0.003294078165646752
-3.0,9.162514515645111e-10,2366.748252214537,515.4599435910573,36.43861892729903,303.676124223718,0.0005051788885917,train,-3.296554806888885,-3.2913544,0.0005112644,0.005200389087981705,-0.009214214176811453,0.004116902,0.01333111630467343
-1.8,1.0692616090001279e-09,2445.881237248077,515.6238842072526,38.37558042728467,295.9516778251947,0.0005093093344665,train,-3.293018364133771,-3.2943485,0.0005077519,0.0013301141834896058,-0.01551570315142392,-0.016191062,0.0006753584347176655
-1.8,8.891400398891501e-10,2578.309809077789,484.4641187531683,42.13424050837239,300.34884642744885,0.0005103923336909,train,-3.2920958575250276,-3.2918031,0.0005107365,0.00029273595825518584,-0.016429213249880448,-0.017187733,0.000758519953292236
-0.4,9.603042271636284e-10,2438.0715583385486,503.6957420101608,43.08491203323523,298.5763734449834,0.0004802716314258,train,-3.3185130654099533,-3.3156495,0.0004834488,0.002863555980021637,-0.04630943172245772,-0.043144487,0.0031649448779180744
-1.0,1.0728366895058958e-09,2396.471193900285,522.5703607996403,39.66536493364173,302.3426017448898,0.0004968506500628,train,-3.3037741376271077,-3.305903,0.00049442117,0.002128820289152067,-0.025562723246251196,-0.02628353,0.0007208072721613945
-0.2,1.0040157435828723e-09,2421.1156291426087,502.3421578152334,38.33334239027114,293.10089722857373,0.0004634782784186,train,-3.333970614883013,-3.3359163,0.0004614065,0.0019456658634471324,-0.05884108996276716,-0.057714563,0.0011265270996556609
-1.8,1.0050965165320695e-09,2414.3235243349927,515.5034020410067,40.79653471954481,301.4383600393062,0.0005157417487034,train,-3.2875677115297943,-3.2884996,0.0005146363,0.0009318822049468878,-0.01574572554511633,-0.017880034,0.0021343081565419197
-1.6,1.1459805246638944e-09,2630.825732937456,497.4739907663986,41.26661222078493,300.2753689300697,0.0004986074195113,train,-3.3022412632794143,-3.2994413,0.00050183234,0.002799925693965033,-0.017952654991846728,-0.019594442,0.0016417871074860813
-2.0,9.928313705154955e-10,2556.196978076177,523.0189213691006,40.51326020590248,298.8914974420704,0.0005179264335398,train,-3.2857319232213125,-3.2852216,0.00051853544,0.000510346530638639,-0.014445175249379716,-0.0144742,2.902483542577272e-05
-3.0,8.75983736068783e-10,2627.978517028968,489.37942559949954,40.91913452211564,297.20307373531364,0.0005223952186753,train,-3.2820008066802187,-3.2814407,0.00052306935,0.0005600718169374019,-0.009741894320324462,0.004448727,0.014190621093586486
-0.4,8.622252758820396e-10,2596.9228583838576,499.2028055441836,37.99663516660689,298.18972265332246,0.0004615914826587,train,-3.3357422134321655,-3.3352702,0.00046209348,0.00047204703507075507,-0.04699665582726276,-0.0425136,0.004483054345348236
-1.6,9.220148370062533e-10,2472.3739758500788,504.5088858703008,41.28793476116813,303.0641722996054,0.0005021104735818,train,-3.299200719531168,-3.297224,0.00050440105,0.001976674731363204,-0.01786793235731743,-0.019205453,0.0013375205169854354
-0.4,1.0040157435828723e-09,2421.1156291426087,502.3421578152334,38.33334239027114,293.10089722857373,0.0004742372916661,train,-3.324004298253187,-3.3261766,0.00047187108,0.002172345118395036,-0.04464976779145324,-0.04133743,0.003312337314310909
-1.8,9.220148370062533e-10,2472.3739758500788,504.5088858703008,41.28793476116813,303.0641722996054,0.000506006918853,train,-3.295843544821988,-3.2935622,0.000508672,0.002281370978604258,-0.01589103889150323,-0.017198747,0.0013077081324368578
-2.0,1.006299553709699e-09,2596.53014928976,491.578961058072,40.01001805266426,305.28831051478386,0.0005051556394085,train,-3.296574794312247,-3.2926004,0.00050979975,0.003974401016959117,-0.014813955804646284,-0.013681878,0.001132077468872339
-0.8,1.0663734802785015e-09,2646.766281337793,486.2018595083384,41.79339850063371,299.641349014439,0.0004908701437402,train,-3.30903338224766,-3.3135061,0.0004858407,0.0044727441561485115,-0.0314449297498296,-0.03219434,0.0007494089890887068
-2.8000000000000003,9.589043387653522e-10,2486.667922677388,495.3304947031063,40.43386356777175,305.1954997344612,0.0005332277909967,train,-3.273087223920619,-3.2785776,0.00052652915,0.0054903422262317925,-0.010172857816375114,-0.0072949757,0.0028778821295567525
0.0,1.1396379394271226e-09,2408.4924726992253,490.0725825278824,43.06550150160359,292.35304316269765,0.0004583574547372,train,-3.338795700880053,-3.3367517,0.0004605198,0.0020440014324210054,-0.07730956878609874,-0.07956093,0.002251359260604602
-1.6,9.42387899986183e-10,2596.3418775504824,506.9916211367261,42.54178389838287,305.55199671356803,0.0005030624220234,train,-3.2983781225816244,-3.293755,0.00050844613,0.0046230681077474856,-0.018492229683072736,-0.019560158,0.0010679285696433283
-1.8,1.1459805246638944e-09,2630.825732937456,497.4739907663986,41.26661222078493,300.2753689300697,0.0005024996659891,train,-3.298864222582377,-3.295703,0.0005061708,0.003161288317240274,-0.016017082660855664,-0.017566547,0.0015494641368967166
-1.4,1.0455070732925304e-09,2552.705145034877,518.1497095238773,37.60227540602951,298.4772867617408,0.0004884435397012,train,-3.3111856301301517,-3.307433,0.00049268245,0.003752740191797166,-0.020001679297532604,-0.01989371,0.00010796972736315524
-3.0,1.0050965165320695e-09,2414.3235243349927,515.5034020410067,40.79653471954481,301.4383600393062,0.0005330496917433,train,-3.2732323034612714,-3.2741337,0.0005319445,0.0009013787897051984,-0.00912702088726114,0.0042849304,0.013411951302712666
-2.6,1.0109417900146311e-09,2546.474062846718,483.0790058826933,38.96317500489286,311.33012415162744,0.0005071437854473,train,-3.2948688920014453,-3.2904544,0.0005123251,0.00441450433665036,-0.0111437154918832,-0.014402409,0.003258693592258055
-2.4000000000000004,9.634928280602635e-10,2455.009212271192,512.2369330710814,40.30940301281442,306.6726054586492,0.0005203233374631,train,-3.2837266947571475,-3.282485,0.0005218131,0.0012416865174014191,-0.011912690027175543,-0.01387107,0.001958379970373514
-0.8,9.89297888860932e-10,2413.8801533334354,510.75595836241,38.53132745549709,285.1813868750008,0.0004874065919169,train,-3.3121086015079304,-3.3145034,0.00048472628,0.0023948298122600242,-0.029201696024154344,-0.03019526,0.000993564396287283
-3.0,1.104689398918354e-09,2572.8324404304963,485.2307246352714,40.714467773434976,300.93677074401546,0.0005285851548055,train,-3.276885038095317,-3.2767396,0.0005287622,0.0001454407747605302,-0.009283762370333903,0.0043332963,0.013617058695391648
-0.2,9.118663996020181e-10,2651.95019435956,481.7408591707263,38.899871401178025,300.40158819211445,0.0004461701968517,train,-3.350499442961041,-3.350789,0.00044587275,0.00028962716835367885,-0.06293882444401788,-0.061095607,0.0018432179083447409
-2.6,1.0692616090001279e-09,2445.881237248077,515.6238842072526,38.37558042728467,295.9516778251947,0.0005214975602304,train,-3.2827477190321828,-3.2834067,0.0005207068,0.0006590154343699695,-0.010742921217591572,-0.014272806,0.003529885017066192
-2.2,9.123213222215395e-10,2625.69228411366,506.617977618184,38.92442853409919,306.1252360546967,0.0005031996830301,train,-3.29825964112861,-3.29761,0.0005039529,0.0006495966492399141,-0.013548130928048963,-0.012407851,0.0011402795226072016
-2.8000000000000003,1.0789603531824067e-09,2367.1936347140645,478.9001778930339,37.12870103512795,297.3410066095633,0.0005267962630902,train,-3.2783573144336056,-3.2822237,0.0005221272,0.0038663870434452186,-0.009649002682388996,-0.0072428836,0.00240611912679789
-2.6,1.1395831540373826e-09,2538.761869465952,510.72502895181066,40.87821813200619,300.974125232131,0.0005234413526545,train,-3.2811319704232305,-3.2817707,0.0005226721,0.000638735753527353,-0.010965321817190343,-0.014778765,0.0038134431012561976
-3.0,1.1201765668553066e-09,2329.913862262383,487.444276821995,41.61971486534147,298.1037724082114,0.0005419449795327,train,-3.2660448025727984,-3.2706242,0.00053626054,0.0045793581938031735,-0.00893617016018311,0.0040486786,0.012984848718502917
-2.2,8.589969950121183e-10,2505.474763633521,514.8627810246533,39.90795077029272,306.8673078749587,0.0005072002124663,train,-3.294820573200215,-3.2915826,0.0005109959,0.003237988819111415,-0.01343872321384687,-0.012549564,0.0008891589714838943
0.0,1.000096056099185e-09,2446.239819629679,503.61049666576776,43.101977222602514,303.9832024614659,0.0004518656204944,train,-3.3449907000442196,-3.3482134,0.0004485249,0.00322273417514074,-0.08269647565795779,-0.08706647,0.004369995918732883
-3.0,8.894595189948581e-10,2383.601346469497,502.4892009812192,38.55163090195673,309.2198732722366,0.0005241377221556,train,-3.2805545830287866,-3.2841115,0.0005198625,0.0035569167575904004,-0.009428673070754456,0.0039611026,0.013389775642092872
-1.2000000000000002,9.664729913030388e-10,2627.7330466636663,506.9906344590098,40.06029068650691,301.1540677406581,0.000487239189395,train,-3.3122577879993242,-3.3069773,0.0004931996,0.005280515965632837,-0.02365749389840488,-0.023184275,0.0004732186437976793
-2.4000000000000004,9.162514515645111e-10,2366.748252214537,515.4599435910573,36.43861892729903,303.676124223718,0.0004979786291837,train,-3.30278929464338,-3.2971435,0.00050449464,0.005645835323311754,-0.011720148649038364,-0.014418504,0.0026983555518373947
-1.2000000000000002,1.0060692139373963e-09,2527.3807724384133,522.7157534573084,43.167246359099664,298.50956140834,0.0005104745065377,train,-3.292025942012841,-3.2909572,0.00051173224,0.0010687295647207051,-0.022827106843973155,-0.02314838,0.0003212733759632158
-1.4,1.0732744646319759e-09,2458.1779927472685,500.451348042105,41.29986197643443,296.3385514465405,0.0005023829132513,train,-3.2989651399851647,-3.295736,0.00050613214,0.0032290655375328825,-0.019650503649456752,-0.019629197,2.130645428444211e-05
-1.0,1.0732744646319759e-09,2458.1779927472685,500.451348042105,41.29986197643443,296.3385514465405,0.0004921217143292,train,-3.3079274717769467,-3.3048205,0.00049565494,0.00310693420980801,-0.025761094826155073,-0.027007774,0.0012466786924072437
-2.2,1.243555870393131e-09,2440.816535503744,483.6779599156501,38.81204244575611,302.5323056028984,0.0005120949969879,train,-3.2906494670696493,-3.2903945,0.0005123957,0.00025492246820890685,-0.012873274669408019,-0.011905265,0.0009680096287123519
-1.4,7.777840542828623e-10,2445.911024694583,482.1130919467457,41.27682283342508,300.8565986758517,0.0004962908081109,train,-3.304263768372458,-3.2986667,0.0005027282,0.00559705275050959,-0.02033976074469379,-0.01984827,0.0004914904029398315
-2.6,1.0732744646319759e-09,2458.1779927472685,500.451348042105,41.29986197643443,296.3385514465405,0.0005225189674001,train,-3.281897940073007,-3.2776504,0.0005276545,0.004247583780282227,-0.010600178695877815,-0.0140283,0.003428120904008125
-1.0,9.682475573035431e-10,2330.6047518253104,479.0686974559265,41.64371883461047,301.63426669668445,0.0005021940378645,train,-3.2991284476125795,-3.3018296,0.0004990803,0.0027011288797300637,-0.025620366822865392,-0.02760396,0.001983592841837023
-1.4,1.0727510291740675e-09,2408.6350240081065,515.7307920217833,36.322106531247385,300.55707391972635,0.0004855155380721,train,-3.3137968667014124,-3.3072248,0.00049291865,0.006572116182613552,-0.019620168391035975,-0.019261314,0.0003588547887076743
-1.8,9.808684991835892e-10,2440.440905080504,475.02919518003887,43.13862383173334,296.64614602139693,0.0005249024975257,train,-3.27992136082102,-3.2822108,0.0005221427,0.002289466052759259,-0.015631235742988636,-0.016428662,0.0007974267210340003
-2.4000000000000004,1.104689398918354e-09,2572.8324404304963,485.2307246352714,40.714467773434976,300.93677074401546,0.00052094241655,train,-3.28321027968838,-3.282137,0.0005222315,0.0010733625741221609,-0.011984298868013,-0.013475324,0.0014910251592272772
-2.0,8.979123523428993e-10,2531.360993910196,491.918494232159,35.793021097389925,308.86985058095934,0.0005128157680895,train,-3.290038629571576,-3.3012245,0.00049977616,0.011185840566974026,-0.014694214922526427,-0.012694691,0.001999523614683696
-1.2000000000000002,1.1774606839117e-09,2487.5677489208106,509.6158544320055,42.33569419095241,299.8381908200232,0.0004978168629277,train,-3.3029303962922896,-3.3014474,0.0004995197,0.0014830047822798065,-0.02258635945182519,-0.022871386,0.00028502680796904656
-0.8,1.0806933086411387e-09,2604.781653428076,466.5836923998952,39.33731057072893,297.69705044733973,0.0004857995592061,train,-3.3135428835910883,-3.3181367,0.00048068803,0.004593808456030857,-0.030873647887235123,-0.03079169,8.195731413884744e-05
-0.6000000000000001,1.0803651442869379e-09,2531.060987167743,511.9316238370674,40.66002705988115,288.1838349540611,0.0004887750746653,train,-3.310890949269853,-3.3166554,0.00048233036,0.0057644481453080765,-0.03593161248428878,-0.035139725,0.0007918878720527545
-2.8000000000000003,1.066709170571727e-09,2302.646144768272,474.8978179470865,37.69553984942066,294.1521471075916,0.0005206517367597,train,-3.283452678576285,-3.2801964,0.0005245702,0.0032562502773347823,-0.009555467848178623,-0.007069884,0.0024855839800803636
-0.8,8.762920771795993e-10,2597.67569731618,502.646286170094,38.978559546027874,295.06946514256083,0.0004706957987918,train,-3.3272596779833545,-3.3252778,0.00047284868,0.001981872654985395,-0.030828683673949087,-0.031475913,0.0006472291056205393
-2.4000000000000004,9.928313705154955e-10,2556.196978076177,523.0189213691006,40.51326020590248,298.8914974420704,0.0005242150645588,train,-3.280490502731746,-3.2798634,0.0005249726,0.000627145187800604,-0.011957359138314416,-0.014394807,0.002437447559650252
-2.0,1.2225799825820127e-09,2598.953191343567,516.8045118894966,39.85430360518959,306.74502895459364,0.000504886531755,train,-3.2968062142965904,-3.2967057,0.0005050034,0.0001004914877524854,-0.014657779203425036,-0.014568246,8.953323371230226e-05
-0.4,9.16382362452114e-10,2549.3338723326283,483.7915671011157,41.484417545989686,302.7283665488111,0.0004633029207577,train,-3.3341349619057294,-3.3320868,0.00046549304,0.00204816037679878,-0.047128714554649065,-0.04504198,0.002086736195426653
-1.8,1.066709170571727e-09,2302.646144768272,474.8978179470865,37.69553984942066,294.1521471075916,0.0005066490930978,train,-3.2952927303992605,-3.2928584,0.000509497,0.0024343682013845402,-0.014907893769548153,-0.015948148,0.0010402546747467767
-0.2,1.0806933086411387e-09,2604.781653428076,466.5836923998952,39.33731057072893,297.69705044733973,0.0004583563813422,train,-3.3387967179248648,-3.3424687,0.00045449726,0.003672020631043438,-0.061362354728206725,-0.059283935,0.002078420194610686
-1.2000000000000002,9.220148370062533e-10,2472.3739758500788,504.5088858703008,41.28793476116813,303.0641722996054,0.0004928408618488,train,-3.3072932916314497,-3.3054872,0.00049489475,0.0018061357171430537,-0.02304329896356272,-0.02312855,8.525153611493863e-05
-2.0,1.243555870393131e-09,2440.816535503744,483.6779599156501,38.81204244575611,302.5323056028984,0.0005089282616009,train,-3.293343431389388,-3.2928603,0.0005094948,0.00048316184287910957,-0.014186711403491259,-0.0132589955,0.0009277159152052405
-1.4,1.000096056099185e-09,2446.239819629679,503.61049666576776,43.101977222602514,303.9832024614659,0.0005126139304341,train,-3.2902095959113233,-3.2923923,0.0005100441,0.002182657964409085,-0.02002673084435891,-0.02006074,3.400956692267698e-05
-2.2,9.525981103063824e-10,2521.0178569100235,513.1122387074643,39.33447860201831,299.4635962010897,0.0005180867358729,train,-3.2855975264369612,-3.2912898,0.0005113405,0.0056922799290055615,-0.013143053632882484,-0.012626298,0.0005167558609517897
-0.4,9.928313705154955e-10,2556.196978076177,523.0189213691006,40.51326020590248,298.8914974420704,0.0004723253834059,train,-3.3257587142223897,-3.3267214,0.00047127952,0.0009627156024394345,-0.0466303024900121,-0.04287898,0.0037513208103341356
-2.0,8.762920771795993e-10,2597.67569731618,502.646286170094,38.978559546027874,295.06946514256083,0.0004986391404726,train,-3.302213634728942,-3.3000739,0.000501102,0.0021397726531362515,-0.014403687069421522,-0.013499672,0.0009040154761130736
-2.2,1.2595929862237601e-09,2354.3009197629594,499.1918367180637,40.77134716523017,305.22981462209646,0.0005231609785252,train,-3.28136465658589,-3.2826395,0.00052162755,0.0012748468931138568,-0.012533340396270631,-0.0116066085,0.0009267318788026557
0.0,9.603042271636284e-10,2438.0715583385486,503.6957420101608,43.08491203323523,298.5763734449834,0.0004538594492497,train,-3.3430786182128855,-3.3406892,0.0004563634,0.0023894359313914038,-0.08086198479811557,-0.08617978,0.0053177931817351975
-0.8,1.018423641836786e-09,2420.2103352289205,495.3862399264609,39.18777263938059,307.5354074756815,0.0004775567893101,train,-3.320974976294862,-3.3168201,0.00048214744,0.004154831641541623,-0.030815720298729588,-0.030491294,0.00032442595943038555
-2.4000000000000004,1.0455070732925304e-09,2552.705145034877,518.1497095238773,37.60227540602951,298.4772867617408,0.0005058965297373,train,-3.2959382996804036,-3.291531,0.0005110565,0.00440721371238606,-0.011850373011920823,-0.014297556,0.002447183120157348
0.0,8.758150413106088e-10,2554.792538970499,492.8309420700668,37.207464786418186,297.95471711920453,0.000432869620059,train,-3.363642893058905,-3.363161,0.0004333501,0.0004818060227722576,-0.0798849970282518,-0.080902115,0.001017117482284391
0.0,9.89963136259949e-10,2542.7024133885266,503.0087467521194,39.0211226249472,305.0510216058231,0.0004335174212126,train,-3.3629934453977435,-3.3603005,0.00043621386,0.0026929044736712093,-0.08206711561212998,-0.0819274,0.00013971925507050287
-1.6,1.1396379394271226e-09,2408.4924726992253,490.0725825278824,43.06550150160359,292.35304316269765,0.0005213210968719,train,-3.2828946996468162,-3.2821481,0.00052221806,0.000746576859340653,-0.017181765702297014,-0.017242016,6.0250568459707665e-05
-2.2,8.97240116378001e-10,2315.448379676966,519.850638103925,40.31160828282909,292.8565689112594,0.0005220891000968,train,-3.2822553736677125,-3.2836783,0.0005203813,0.0014229195604369416,-0.012374764484929912,-0.01227783,9.693409280764342e-05
-1.0,1.0375673846448864e-09,2379.4103992541063,496.85223216497695,39.047727684139495,305.18782525816323,0.0004888654290889,train,-3.310810673488426,-3.3103104,0.00048942893,0.0005003097188946981,-0.025774365382396525,-0.02619975,0.0004253852198488062
-2.4000000000000004,1.0849323731926979e-09,2551.147301026894,487.27717818808753,44.82712146868644,302.5978918999191,0.0005269045477132,train,-3.278268053015322,-3.278572,0.0005265358,0.00030402950420915786,-0.011888242317452224,-0.013406642,0.0015183994638778842
-2.6,1.0849323731926979e-09,2551.147301026894,487.27717818808753,44.82712146868644,302.5978918999191,0.0005296749522679,train,-3.275990563875876,-3.2756758,0.00053005904,0.00031479025527048066,-0.010950914417099611,-0.014287477,0.003336562942076071
-1.4,1.0849323731926979e-09,2551.147301026894,487.27717818808753,44.82712146868644,302.5978918999191,0.0005085885466347,train,-3.293633424320273,-3.2938685,0.0005083133,0.00023511739725634584,-0.020354191083292505,-0.020211993,0.00014219829795791838
-1.0,8.939439783837785e-10,2330.6189292196764,529.359956175692,38.57283152042447,302.4090006102026,0.0004892080008849,train,-3.3105064487908056,-3.312679,0.0004867668,0.0021726035620996953,-0.02578012371280991,-0.02591759,0.00013746595164931819
-2.2,8.762920771795993e-10,2597.67569731618,502.646286170094,38.978559546027874,295.06946514256083,0.0005017971349703,train,-3.2994718226350814,-3.2975616,0.0005040091,0.0019101771272689305,-0.013139208725620577,-0.011988054,0.0011511546959770413
-0.8,1.0705485436227222e-09,2590.7468930890127,531.0534862964538,41.61731424149927,306.85396396460635,0.0004913408920995,train,-3.308617089978478,-3.3103542,0.0004893795,0.0017371428096080166,-0.031630359500276484,-0.032817144,0.001186784446609579
-0.4,1.000096056099185e-09,2446.239819629679,503.61049666576776,43.101977222602514,303.9832024614659,0.0004786120104069,train,-3.320016407293841,-3.3226478,0.00047572085,0.0026314026884586283,-0.04675054981927218,-0.0446612,0.002089348282616754
-0.8,1.0073410050818803e-09,2574.374612551252,485.6872921198837,42.17824256593523,298.72995545788456,0.0004869672825263,train,-3.3125002163944086,-3.3108778,0.00048878987,0.0016224164066156455,-0.03117711140107282,-0.033080388,0.0019032764594637541
-0.2,1.0368980362030106e-09,2588.6829740462717,505.298163800807,40.78433779833217,301.9145433801493,0.0004580423943405,train,-3.3390943237951087,-3.3428822,0.0004540648,0.0037878325769615806,-0.06309539758919058,-0.061156344,0.0019390539204913182
-1.4,1.075576112436465e-09,2439.1914792405805,507.5653121861305,41.43318212059344,299.0815860986159,0.000501635896139,train,-3.299611393753699,-3.2934637,0.00050878734,0.0061476867834842075,-0.019783696214975777,-0.019414043,0.00036965316099113465
-0.2,9.136850961862703e-10,2400.1705034771794,499.3175315176618,39.85562670167986,300.93280864091923,0.0004541425530897,train,-3.342807802864054,-3.3390312,0.00045810896,0.003776583381632115,-0.06042704568574031,-0.059267696,0.001159349692555267
-0.2,1.1395831540373826e-09,2538.761869465952,510.72502895181066,40.87821813200619,300.974125232131,0.0004585452661669,train,-3.338617785673045,-3.3398447,0.00045725168,0.0012269180012713932,-0.061026646503130166,-0.059800282,0.0012263643824255155
-0.4,8.97240116378001e-10,2315.448379676966,519.850638103925,40.31160828282909,292.8565689112594,0.0004756040969732,train,-3.3227544129154367,-3.3256867,0.0004724037,0.0029322802760916034,-0.04407202596674331,-0.041340347,0.0027316785872972815
-2.8000000000000003,1.0455070732925304e-09,2552.705145034877,518.1497095238773,37.60227540602951,298.4772867617408,0.0005110061898953,train,-3.2915738391586515,-3.2861497,0.0005174284,0.005424098939535327,-0.01008568417220701,-0.0077648615,0.0023208227188824537
-2.4000000000000004,1.000072357945733e-09,2615.067429542859,502.8265147659643,41.97319841319997,303.92619603855775,0.0005227784296826,train,-3.2816823401103923,-3.285068,0.0005187188,0.00338569501534014,-0.012141660380619257,-0.015028726,0.0028870659289186307
-2.4000000000000004,8.894595189948581e-10,2383.601346469497,502.4892009812192,38.55163090195673,309.2198732722366,0.0005164821533089,train,-3.286944680636856,-3.289409,0.00051355985,0.002464241558578717,-0.012044326608762645,-0.01305354,0.0010092135316277506
-0.4,1.0732744646319759e-09,2458.1779927472685,500.451348042105,41.29986197643443,296.3385514465405,0.0004699111369712,train,-3.3279842620044557,-3.325141,0.00047299772,0.0028433089404908962,-0.04504963356180269,-0.042832904,0.0022167299978264055
-3.0,9.143704143090119e-10,2444.5179463100326,473.4138143725302,40.94136333558407,299.94201571725745,0.0005240774905466,train,-3.2806044931143044,-3.2791843,0.00052579405,0.0014201516836402917,-0.009442940457606852,0.004372361,0.01381530157371813
0.0,9.344027379399094e-10,2510.734791451186,511.4018674256231,36.36815079533651,301.4558439858307,0.000425737428557,train,-3.370858167297088,-3.366995,0.00042954128,0.0038630710904228316,-0.07936544632066855,-0.08321924,0.003853791304930354
-1.6,9.682475573035431e-10,2330.6047518253104,479.0686974559265,41.64371883461047,301.63426669668445,0.0005169651531452,train,-3.2865387302267512,-3.288754,0.00051433494,0.00221525613189133,-0.017445722963357113,-0.018674009,0.001228285584902622
-1.8,9.525981103063824e-10,2521.0178569100235,513.1122387074643,39.33447860201831,299.4635962010897,0.0005112291609388,train,-3.291384381622727,-3.2970326,0.0005046234,0.005648213058059071,-0.016030922291953686,-0.016957121,0.0009261986779378617
-3.0,8.354324428057498e-10,2430.182491588309,507.603602235917,36.73791801396338,295.61725668807514,0.0005162421181284,train,-3.287146565997962,-3.2912736,0.0005113596,0.004127027904625713,-0.009048825224622803,0.0038000036,0.01284882878115745
-2.4000000000000004,8.891400398891501e-10,2578.309809077789,484.4641187531683,42.13424050837239,300.34884642744885,0.0005204728615915,train,-3.283601910472998,-3.2835371,0.0005205505,6.476104367658664e-05,-0.012278756218744746,-0.013999653,0.0017208968300685967
-1.2000000000000002,1.0044736023004086e-09,2276.4853940628345,486.8441992232576,38.23677890677304,298.10055132439214,0.0004996966504346,train,-3.3012935617093957,-3.3014758,0.00049948704,0.0001822016115271552,-0.021496455855837482,-0.021225914,0.00027054149674476946
-2.0,1.0686494239643995e-09,2589.6130644148398,507.5353543611665,40.55316862193092,296.6314874710408,0.0005214718493202,train,-3.282769131177783,-3.2880528,0.00051516603,0.005283666139721976,-0.01430947621300227,-0.013669035,0.0006404408155322727
-1.8,9.798133860644783e-10,2446.0111249981446,493.4775434169566,39.325337668236735,299.6111127589073,0.0005138387806989,train,-3.289173121541145,-3.2922575,0.0005102024,0.0030844258373949884,-0.015469873631348108,-0.016022187,0.000552313094983603
-1.2000000000000002,1.1459805246638944e-09,2630.825732937456,497.4739907663986,41.26661222078493,300.2753689300697,0.0004893700655035,train,-3.3103625997252464,-3.3078349,0.0004922267,0.002527736062526653,-0.023121678078615204,-0.023332858,0.00021118037954614977
-1.2000000000000002,1.0849323731926979e-09,2551.147301026894,487.27717818808753,44.82712146868644,302.5978918999191,0.0005035353653436,train,-3.2979700217653747,-3.298155,0.0005033209,0.00018504758582160719,-0.023277444246836865,-0.022964073,0.00031337090177174787
-1.8,7.777840542828623e-10,2445.911024694583,482.1130919467457,41.27682283342508,300.8565986758517,0.0005045675470251,train,-3.2970806860443007,-3.291276,0.0005113568,0.005804707955921806,-0.015970608676845188,-0.01660521,0.000634600882357006
-1.2000000000000002,9.525981103063824e-10,2521.0178569100235,513.1122387074643,39.33447860201831,299.4635962010897,0.0004979330782791,train,-3.3028290220737917,-3.3087323,0.0004912106,0.00590324912066631,-0.022946595140886927,-0.022633055,0.0003135399158722407
-1.4,8.241763212999094e-10,2472.357675267654,473.84577322091,39.21856251436128,307.7679942040925,0.0004934492321247,train,-3.3067575225126067,-3.3077648,0.00049230614,0.0010072460878571832,-0.02034592817959613,-0.019030867,0.0013150610351306824
-2.0,1.0671658198705114e-09,2444.626831258547,492.08006432381046,41.193035529790656,301.7038514591378,0.0005099390369156,train,-3.292481740595568,-3.2855852,0.0005181015,0.006896575571764263,-0.01416199602818935,-0.013002377,0.0011596190247580296
-0.6000000000000001,9.60969170700449e-10,2766.6918918406623,529.8468751484584,39.61181207182135,297.3307652107198,0.0004712021980954,train,-3.326792692290402,-3.327642,0.00047028167,0.0008492716683381474,-0.038686438109891697,-0.037258703,0.0014277348482778507
-1.0,9.920951194363948e-10,2484.0228854962547,482.5603784265586,38.422268984819695,304.0303353891022,0.0004840576746927,train,-3.3151028897842587,-3.3114557,0.00048813986,0.0036471631607235544,-0.026443126752029755,-0.026468666,2.5539518345496504e-05
-1.0,1.1395831540373826e-09,2538.761869465952,510.72502895181066,40.87821813200619,300.974125232131,0.0004921965124596,train,-3.307861467888229,-3.3094206,0.0004904327,0.0015591177440952286,-0.026328186404096954,-0.026853306,0.0005251198148847891
-3.0,1.0060692139373963e-09,2527.3807724384133,522.7157534573084,43.167246359099664,298.50956140834,0.0005418602883057,train,-3.26611267626509,-3.2647774,0.0005435288,0.001335254313795886,-0.009270007031473071,0.0046881195,0.013958126547249705
-0.4,9.50582857470194e-10,2403.738957653681,492.6388454667692,37.10727035463277,300.4554170460457,0.0004694543037006,train,-3.328406675211547,-3.3330817,0.00046442787,0.004675047047974612,-0.045096234194708984,-0.042040456,0.003055778108311813
-1.8,9.603042271636284e-10,2438.0715583385486,503.6957420101608,43.08491203323523,298.5763734449834,0.0005225550301996,train,-3.2818679673153515,-3.2795653,0.000525333,0.002302632995283105,-0.015718297672199455,-0.01603195,0.00031365304000452454
-2.4000000000000004,1.032683367538443e-09,2526.170348943833,478.8149532207128,42.09307571557734,293.4443281911712,0.0005267618574095,train,-3.2783856796409703,-3.279609,0.0005252802,0.0012232852790736715,-0.011771821935457893,-0.013816019,0.002044196653383068
-1.8,1.0806933086411387e-09,2604.781653428076,466.5836923998952,39.33731057072893,297.69705044733973,0.0005109019117713,train,-3.2916624722048518,-3.2964013,0.0005053575,0.004738790078473443,-0.015818821683613038,-0.015958015,0.0001391931920373679
-2.4000000000000004,9.16382362452114e-10,2549.3338723326283,483.7915671011157,41.484417545989686,302.7283665488111,0.0005149899276896,train,-3.2882012649230883,-3.2856565,0.00051801646,0.002544812744133207,-0.012044358714558001,-0.014009562,0.0019652036064492506
0.0,8.589969950121183e-10,2505.474763633521,514.8627810246533,39.90795077029272,306.8673078749587,0.0004327279798175,train,-3.3637850227872144,-3.357692,0.00043884182,0.006093019537092292,-0.08478768680892657,-0.08203718,0.0027505061467714143
-2.8000000000000003,1.2307353848142815e-09,2445.249484887284,482.48119148575233,42.87746783295031,307.55593866537106,0.0005321865600088,train,-3.2739360974428746,-3.2720153,0.0005345455,0.0019207642672154357,-0.00997332853595978,-0.0071161026,0.0028572259224510788
-1.0,9.143704143090119e-10,2444.5179463100326,473.4138143725302,40.94136333558407,299.94201571725745,0.0004883421657767,train,-3.311275775053302,-3.3093574,0.000490504,0.001918370344439868,-0.026111022842883358,-0.02747831,0.0013672865053422356
-2.0,1.0147448677929011e-09,2607.8117384734032,505.1107398178068,40.31257836583995,298.21936914217434,0.0005141647023746,train,-3.288897741170626,-3.2906313,0.0005121164,0.0017335530798621157,-0.014421917189991973,-0.014145619,0.0002762979540591459
-1.0,8.354324428057498e-10,2430.182491588309,507.603602235917,36.73791801396338,295.61725668807514,0.0004819868813406,train,-3.316964782173851,-3.3204064,0.00047818237,0.0034416547463149705,-0.02557084756013417,-0.025872584,0.0003017368722293412
0.0,1.0732744646319759e-09,2458.1779927472685,500.451348042105,41.29986197643443,296.3385514465405,0.0004448055192419,train,-3.3518298325738622,-3.3494925,0.00044720582,0.00233728267762201,-0.07849628387139518,-0.082097754,0.003601470011012964
-2.2,1.0849323731926979e-09,2551.147301026894,487.27717818808753,44.82712146868644,302.5978918999191,0.0005239069252512,train,-3.2807458608028575,-3.281003,0.0005235968,0.0002571375491933203,-0.012981481091825842,-0.011490221,0.0014912599565075624
-0.6000000000000001,1.0705485436227222e-09,2590.7468930890127,531.0534862964538,41.61731424149927,306.85396396460635,0.0004836397473751,train,-3.3154780143531903,-3.3173082,0.0004816059,0.0018301731315508718,-0.03808759423108121,-0.03653956,0.001548035909843648
-1.4,8.498130788208901e-10,2622.111610500832,493.1418777793542,40.32755095458103,299.70047987606006,0.0005009464724555,train,-3.3002086772448314,-3.302214,0.00049863884,0.0020052299969899323,-0.020691988026172226,-0.019355396,0.0013365922173562694
-2.6,1.2307353848142815e-09,2445.249484887284,482.48119148575233,42.87746783295031,307.55593866537106,0.0005296510793618,train,-3.276010138343185,-3.2742574,0.00053179293,0.001752716849654945,-0.010823978757436237,-0.014010808,0.0031868296731758505
-1.6,9.798133860644783e-10,2446.0111249981446,493.4775434169566,39.325337668236735,299.6111127589073,0.0005099907827703,train,-3.292437672976908,-3.2956707,0.0005062083,0.0032330747800499715,-0.017357608995494545,-0.017923886,0.0005662769609120488
-0.4,9.979877857013676e-10,2496.537246315292,510.00187244466247,38.795972505421744,297.7961123434831,0.0004622938640269,train,-3.3350818708641965,-3.333885,0.0004635697,0.0011969164116818476,-0.04573692532146545,-0.04205352,0.0036834046419915722
-0.8,9.304065850268983e-10,2472.4930947482308,495.539662311,41.9345213676303,296.5403011366731,0.0004896854849073,train,-3.310082769002184,-3.3116338,0.00048793972,0.0015510562999399014,-0.03037944094581846,-0.032447167,0.0020677257950758587
-2.4000000000000004,9.725086180844783e-10,2468.017331565751,490.28733545372194,44.50977871149023,303.263152322465,0.0005301157695668,train,-3.27562927644896,-3.2774289,0.0005279237,0.0017995889837791879,-0.011771134294905394,-0.013338515,0.0015673803087690175
0.0,1.0727510291740675e-09,2408.6350240081065,515.7307920217833,36.322106531247385,300.55707391972635,0.0004305844216262,train,-3.365941686830612,-3.359892,0.0004366245,0.006049795351119602,-0.07668388035974516,-0.08243676,0.005752882390403613
-1.2000000000000002,1.0352580576007263e-09,2678.9547588546675,473.131828680381,34.826156523967086,290.8089263982084,0.0004765348546817,train,-3.321905328724846,-3.3160462,0.00048300737,0.0058590907792894775,-0.02302673132298594,-0.023555625,0.0005288939070879906
-0.2,8.589969950121183e-10,2505.474763633521,514.8627810246533,39.90795077029272,306.8673078749587,0.0004477614603504,train,-3.3489532896704572,-3.3435254,0.00045339277,0.005427879971970917,-0.06352964435864727,-0.058868833,0.00466081147242825
-0.8,1.0352580576007263e-09,2678.9547588546675,473.131828680381,34.826156523967086,290.8089263982084,0.0004651068565242,train,-3.332447258147748,-3.3272471,0.00047070938,0.005200115355999735,-0.030678043373244535,-0.032787446,0.0021094025593821897
-0.2,9.926993823896764e-10,2332.1716999604114,489.929360905385,39.90607827400121,296.137708789732,0.0004566742798497,train,-3.340393447411823,-3.3333325,0.00046415973,0.007060908807086541,-0.05819657124815336,-0.05936059,0.0011640185839141282
-2.0,9.634928280602635e-10,2455.009212271192,512.2369330710814,40.30940301281442,306.6726054586492,0.0005141263101672,train,-3.2889301707525758,-3.2875597,0.0005157512,0.001370423056652914,-0.01431274625256762,-0.013624906,0.0006878406439732032
-0.4,8.891400398891501e-10,2578.309809077789,484.4641187531683,42.13424050837239,300.34884642744885,0.0004678506590843,train,-3.329892754374686,-3.330298,0.00046741436,0.00040519255524573694,-0.04742183993630178,-0.04495655,0.002465289934203696
-3.0,9.725086180844783e-10,2468.017331565751,490.28733545372194,44.50977871149023,303.263152322465,0.0005377844119392,train,-3.2693917902624046,-3.2720628,0.0005344871,0.0026709882104958282,-0.009187416546298621,0.004924806,0.014112222381188033
-0.6000000000000001,1.2307353848142815e-09,2445.249484887284,482.48119148575233,42.87746783295031,307.55593866537106,0.0004842557384763,train,-3.314925224147674,-3.3139627,0.00048533018,0.0009625261648857908,-0.03724347561254682,-0.0357883,0.0014551742340582763
-0.6000000000000001,1.1459805246638944e-09,2630.825732937456,497.4739907663986,41.26661222078493,300.2753689300697,0.0004701991091615,train,-3.327718198023949,-3.3256495,0.00047244417,0.0020686981307607155,-0.03740550574573831,-0.03558465,0.0018208548119957868
-2.2,1.0692616090001279e-09,2445.881237248077,515.6238842072526,38.37558042728467,295.9516778251947,0.0005159209960449,train,-3.2874167976143913,-3.2888622,0.00051420677,0.0014454307791633703,-0.012743782569099693,-0.012138794,0.0006049883928191946
-1.0,9.634928280602635e-10,2455.009212271192,512.2369330710814,40.30940301281442,306.6726054586492,0.0004917469778594,train,-3.3082583004539114,-3.307141,0.00049301365,0.0011172348563772694,-0.026536314865429844,-0.02678981,0.0002534956430597646
-0.2,1.0882818479532783e-09,2447.508764517909,466.8571183944717,43.278933930679706,307.8168200832177,0.0004637504168849,train,-3.3337156869710105,-3.3332918,0.0004642033,0.00042391794330054466,-0.06272138357057777,-0.059605915,0.0031154684711953706
-2.0,8.622252758820396e-10,2596.9228583838576,499.2028055441836,37.99663516660689,298.18972265332246,0.0005065537768533,train,-3.2953744422071756,-3.2970595,0.00050459214,0.00168509377304904,-0.014576479218643357,-0.012770878,0.001805601067584206
-2.0,1.120623623770265e-09,2459.871490367434,512.0011452017391,38.21649432972869,303.56534322943094,0.0005103097389935,train,-3.292166143306459,-3.2916563,0.00051090925,0.0005098875844131712,-0.014064856197718356,-0.0130929,0.0009719565026795607
-2.6,9.979877857013676e-10,2496.537246315292,510.00187244466247,38.795972505421744,297.7961123434831,0.0005154376283581,train,-3.2878238799415485,-3.286344,0.00051719695,0.0014798285804644706,-0.01101886490485171,-0.014283318,0.0032644531677057387
-2.0,1.013177684158949e-09,2549.0982526102403,506.5025106580401,39.7132385315927,304.62183232922587,0.0005138185587635,train,-3.2891902133763735,-3.2934346,0.0005088214,0.004244406527190936,-0.014660890571223106,-0.014101625,0.0005592651510699653
-0.6000000000000001,9.244750759855351e-10,2606.766252024905,514.7015322051607,39.36697999872778,300.425811364213,0.0004747381594361,train,-3.323545858303828,-3.332034,0.00046554953,0.008488252719121014,-0.03805539774186606,-0.035863053,0.002192344688248582
-3.0,9.808684991835892e-10,2440.440905080504,475.02919518003887,43.13862383173334,296.64614602139693,0.0005424586647618,train,-3.265633349368461,-3.2688947,0.0005384003,0.00326132302533777,-0.00915605059620006,0.0045008915,0.01365694214385016
-0.6000000000000001,9.725086180844783e-10,2468.017331565751,490.28733545372194,44.50977871149023,303.263152322465,0.0004869378676553,train,-3.3125264503991527,-3.3154817,0.0004836357,0.0029552123510914186,-0.03760101082079004,-0.037381325,0.00021968590371201913
-0.4,9.162514515645111e-10,2366.748252214537,515.4599435910573,36.43861892729903,303.676124223718,0.000449759426069,train,-3.3470197259327064,-3.342182,0.0004547975,0.004837804927457334,-0.04487411166481614,-0.04234903,0.0025250823324167726
-0.6000000000000001,8.939439783837785e-10,2330.6189292196764,529.359956175692,38.57283152042447,302.4090006102026,0.0004757283887903,train,-3.322640931558651,-3.324744,0.00047343026,0.002103054571109819,-0.03663680789310675,-0.033934634,0.002702173714229872
-2.0,1.0050965165320695e-09,2414.3235243349927,515.5034020410067,40.79653471954481,301.4383600393062,0.0005192924134147,train,-3.284588022169434,-3.285249,0.00051850267,0.0006609726578363784,-0.014184510704502884,-0.014492026,0.00030751489438074486
-0.8,9.664729913030388e-10,2627.7330466636663,506.9906344590098,40.06029068650691,301.1540677406581,0.0004752056951039,train,-3.3231183631923162,-3.3179777,0.00048086408,0.00514069633745784,-0.0316909783350674,-0.032061115,0.00037013657219731044
-3.0,9.612679185080118e-10,2493.7557151613,504.62150372842615,37.39117268896573,297.8667082132286,0.0005133893284029,train,-3.2895531630582298,-3.2866895,0.0005167857,0.002863643176027608,-0.009259652774442628,0.003946884,0.013206536844034389
-0.2,8.891400398891501e-10,2578.309809077789,484.4641187531683,42.13424050837239,300.34884642744885,0.0004565959372037,train,-3.3404679571862657,-3.3407826,0.0004562652,0.0003146851782362958,-0.06313378339973674,-0.06149497,0.0016388145681975885
-1.0,1.0050965165320695e-09,2414.3235243349927,515.5034020410067,40.79653471954481,301.4383600393062,0.0004970279303835,train,-3.303619205490806,-3.3060656,0.00049423607,0.002446353896401021,-0.02595814904888094,-0.028396599,0.0024384499458509623
-0.8,9.926993823896764e-10,2332.1716999604114,489.929360905385,39.90607827400121,296.137708789732,0.0004825032653363,train,-3.316499743226431,-3.3090267,0.00049087766,0.007473025086782492,-0.02925931823925687,-0.030980082,0.001720763989522922
-1.2000000000000002,1.013177684158949e-09,2549.0982526102403,506.5025106580401,39.7132385315927,304.62183232922587,0.0004967168752001,train,-3.3038910852598793,-3.308401,0.0004915853,0.0045100225282066475,-0.023302176606797786,-0.022880757,0.0004214193792577703
-0.8,1.1395831540373826e-09,2538.761869465952,510.72502895181066,40.87821813200619,300.974125232131,0.0004858327845682,train,-3.3135131818391503,-3.3152714,0.00048386992,0.001758195724326228,-0.030902243131663454,-0.031548586,0.000646342611048567
-2.2,1.0663734802785015e-09,2646.766281337793,486.2018595083384,41.79339850063371,299.641349014439,0.0005234888301573,train,-3.2810925805616464,-3.284816,0.00051901984,0.003723446125975638,-0.013128091082517557,-0.012369372,0.0007587191318911835
-1.0,8.241763212999094e-10,2472.357675267654,473.84577322091,39.21856251436128,307.7679942040925,0.0004830052362806,train,-3.316048161017756,-3.3166695,0.00048231473,0.000621303093572223,-0.02680018227600023,-0.026536832,0.0002633506437437205
-0.8,8.97240116378001e-10,2315.448379676966,519.850638103925,40.31160828282909,292.8565689112594,0.0004913540126682,train,-3.308605492908912,-3.3116624,0.0004879076,0.003056942622704284,-0.029345664324155862,-0.031097146,0.0017514814269627976
-2.4000000000000004,9.304065850268983e-10,2472.4930947482308,495.539662311,41.9345213676303,296.5403011366731,0.0005243348224911,train,-3.2803912986594734,-3.2809832,0.0005236207,0.0005919109505119202,-0.011809144701508956,-0.013506138,0.0016969930644350484
-2.2,1.000096056099185e-09,2446.239819629679,503.61049666576776,43.101977222602514,303.9832024614659,0.0005279678497206,train,-3.277392522757951,-3.2793112,0.0005256405,0.0019186573567950838,-0.013043911587194756,-0.012065719,0.0009781927054088868
-0.2,1.0933784852654091e-09,2410.884334287086,539.0569290920441,39.62193192256099,289.3285700165644,0.0004643335079883,train,-3.3331699749396173,-3.3285413,0.0004693088,0.00462869610050598,-0.05713121224972184,-0.056272108,0.000859104141916589
-2.0,9.55415883814233e-10,2578.1734587821948,522.0121395253278,38.42173874228168,293.06092698472065,0.000506466488803,train,-3.2954492851692767,-3.291336,0.000511286,0.00411322559896421,-0.014312657078757951,-0.014019561,0.0002930960785896275
-0.8,1.0025105539620802e-09,2526.9743060678943,509.1946075584183,40.75166342427999,301.0515477079729,0.0004851283630572,train,-3.3141433335802013,-3.3147259,0.00048447808,0.000582542274290887,-0.03126973039677061,-0.032372475,0.0011027442736395443
-2.0,9.596807973870107e-10,2396.380469719385,547.2442070596833,39.34847113068841,298.5552181462747,0.0005166763254205,train,-3.286781437766887,-3.288604,0.00051451253,0.001822583305500558,-0.013840519732735146,-0.013009785,0.0008307349895453342
-0.6000000000000001,9.798133860644783e-10,2446.0111249981446,493.4775434169566,39.325337668236735,299.6111127589073,0.0004817867314462,train,-3.317145164775715,-3.320467,0.0004781157,0.003321830463542952,-0.0364573340748553,-0.03501481,0.0014425258969072985
-1.0,1.006299553709699e-09,2596.53014928976,491.578961058072,40.01001805266426,305.28831051478386,0.0004826258881643,train,-3.316389386145932,-3.3121529,0.0004873569,0.004236523597104025,-0.026968631749719307,-0.026866341,0.00010229073998324623
-0.2,7.777840542828623e-10,2445.911024694583,482.1130919467457,41.27682283342508,300.8565986758517,0.0004521732137208,train,-3.3446951683900576,-3.3392131,0.0004579171,0.005482035531781282,-0.0621415696874994,-0.06143462,0.0007069505587953273
-2.6,9.85546704036472e-10,2573.0239327697072,479.3922741661716,39.9154735600532,295.8292447353602,0.0005140047430867,train,-3.289032873442707,-3.2834723,0.00052062824,0.0055605738669011195,-0.011078084519912323,-0.014023442,0.0029453573014244228
-1.2000000000000002,1.075576112436465e-09,2439.1914792405805,507.5653121861305,41.43318212059344,299.0815860986159,0.0004968031321512,train,-3.3038156747644583,-3.2975874,0.0005039792,0.006228280050102786,-0.022549392047467975,-0.022173781,0.00037561109954431515
0.0,9.63679966987411e-10,2457.046368424285,519.0454313677445,40.52844947169319,303.263443359763,0.000447676725345,train,-3.3490354839435335,-3.3522897,0.0004443348,0.0032541927227263123,-0.08162249758579776,-0.08398101,0.0023585097517724307
-0.6000000000000001,1.0060692139373963e-09,2527.3807724384133,522.7157534573084,43.167246359099664,298.50956140834,0.0004906088658667,train,-3.309264607857733,-3.3090124,0.00049089384,0.00025219483283045463,-0.03724137360669744,-0.036608215,0.0006331581852592194
-2.0,1.0663734802785015e-09,2646.766281337793,486.2018595083384,41.79339850063371,299.641349014439,0.0005201915480328,train,-3.2838367084118416,-3.287388,0.0005159551,0.003551377907128117,-0.01442468237001826,-0.013896709,0.0005279730619900391
-0.4,1.0455070732925304e-09,2552.705145034877,518.1497095238773,37.60227540602951,298.4772867617408,0.0004564151353108,train,-3.3406399622534426,-3.3364162,0.00046087563,0.004223717746606681,-0.04567971533053239,-0.04186801,0.0038117066573413183
-1.2000000000000002,9.595802013951228e-10,2610.2949574222403,489.9218602044182,42.219532217947325,302.0841812978663,0.0004991492187853,train,-3.3017696042613864,-3.3016827,0.0004992491,8.68936138034293e-05,-0.023447185231749046,-0.023686022,0.00023883633464194531
-1.2000000000000002,1.1395831540373826e-09,2538.761869465952,510.72502895181066,40.87821813200619,300.974125232131,0.0004977578211543,train,-3.3029819072775117,-3.3045313,0.00049598515,0.001549428553176746,-0.022866743067698536,-0.022302747,0.0005639962949324229
-1.8,1.104689398918354e-09,2572.8324404304963,485.2307246352714,40.714467773434976,300.93677074401546,0.0005110474845446,train,-3.2915387450363345,-3.289973,0.00051289325,0.0015657244827456118,-0.016183826607973018,-0.016234875,5.1048117368779344e-05
-0.6000000000000001,1.0147448677929011e-09,2607.8117384734032,505.1107398178068,40.31257836583995,298.21936914217434,0.000477761398899,train,-3.3207889423265793,-3.323559,0.00047472375,0.0027701034650466916,-0.037460367613078915,-0.036302026,0.0011583412518518799
-1.0,9.136850961862703e-10,2400.1705034771794,499.3175315176618,39.85562670167986,300.93280864091923,0.0004871945923875,train,-3.312297540796574,-3.309055,0.0004908456,0.003242450846012268,-0.026149662176537802,-0.026361125,0.0002114624135014509
-0.8,1.1064539714677527e-09,2488.434465234489,500.4335716276796,41.129719458135625,288.0815978442095,0.0004862936033132,train,-3.313101443086667,-3.310337,0.00048939884,0.002764376436276361,-0.029799583224692228,-0.030733936,0.0009343523102618434
-2.6,1.0050101529814667e-09,2449.206992526188,478.70441149946606,40.80112322251315,299.2329513672896,0.0005283973039846,train,-3.2770394069310878,-3.2779455,0.000527296,0.0009061115625645932,-0.010783426268416108,-0.014039296,0.003255869457108318
-2.8000000000000003,8.599648780937922e-10,2637.8899539670565,501.9551856304757,39.90381821426863,300.9815905741297,0.0005146355807177,train,-3.288500190968324,-3.2856188,0.0005180614,0.0028814089248667685,-0.010542793734297007,-0.0072604474,0.003282346366271227
-1.2000000000000002,8.599648780937922e-10,2637.8899539670565,501.9551856304757,39.90381821426863,300.9815905741297,0.000485927400556,train,-3.313428611176223,-3.3105814,0.0004891235,0.0028471654822532777,-0.023734359356831547,-0.022787241,0.0009471180916538202
-2.6,1.1774606839117e-09,2487.5677489208106,509.6158544320055,42.33569419095241,299.8381908200232,0.000523424506466,train,-3.2811459477759994,-3.2784536,0.0005266795,0.002692359290281665,-0.011010203157987064,-0.0144817,0.003471496867511803
-1.8,8.584521018906484e-10,2718.2749419682723,482.1832227724541,38.88005077046229,301.691940704981,0.0004993871723508,train,-3.301562617468878,-3.3039973,0.00049659546,0.002434660744623063,-0.01678219077991372,-0.016522875,0.0002593157242429811
-1.4,9.525981103063824e-10,2521.0178569100235,513.1122387074643,39.33447860201831,299.4635962010897,0.0005028685127472,train,-3.2985455569983935,-3.3044977,0.0004960235,0.0059521618126416875,-0.020171631283201208,-0.019992936,0.0001786948806419275
-1.0,1.1396379394271226e-09,2408.4924726992253,490.0725825278824,43.06550150160359,292.35304316269765,0.0005065957465264,train,-3.295338460948685,-3.2942543,0.00050786196,0.0010841579701694748,-0.02535832463507326,-0.025599215,0.00024089054460851855
0.0,1.0203477325736783e-09,2420.870896846657,485.827773341465,41.83782044136868,301.83723728961854,0.0004556423772458,train,-3.3413758909403106,-3.349776,0.000446914,0.00840013864648137,-0.08041777862155541,-0.08573763,0.005319852103351508
-1.4,8.894595189948581e-10,2383.601346469497,502.4892009812192,38.55163090195673,309.2198732722366,0.000498410746476,train,-3.3024126022138325,-3.304003,0.0004965889,0.001590398045566932,-0.020168904724124914,-0.018562557,0.0016063475483694134
-2.6,9.634928280602635e-10,2455.009212271192,512.2369330710814,40.30940301281442,306.6726054586492,0.0005230645825269,train,-3.2814446856958948,-3.2795372,0.00052536704,0.0019074847681603835,-0.010976517067627256,-0.014378981,0.0034024636658269714
0.0,1.0044736023004086e-09,2276.4853940628345,486.8441992232576,38.23677890677304,298.10055132439214,0.0004483843586984,train,-3.3483495456075163,-3.3492627,0.00044744255,0.0009131687784700304,-0.07555949796303452,-0.08069933,0.0051398340953952015
-1.4,1.0933784852654091e-09,2410.884334287086,539.0569290920441,39.62193192256099,289.3285700165644,0.0005064232807408,train,-3.295486337617752,-3.292961,0.00050937675,0.0025254554308622446,-0.019062128635066955,-0.017489173,0.0015729561168136286
-2.0,9.89963136259949e-10,2542.7024133885266,503.0087467521194,39.0211226249472,305.0510216058231,0.0005037686895713,train,-3.2977688284396804,-3.2958019,0.0005060555,0.001966950464216577,-0.014447607884601865,-0.013761002,0.0006866062455337385
-1.6,1.1064539714677527e-09,2488.434465234489,500.4335716276796,41.129719458135625,288.0815978442095,0.0005067846662958,train,-3.295176533969862,-3.2921653,0.00051031075,0.003011254581434475,-0.01711625348381851,-0.01789001,0.0007737565452590189
-0.2,8.584521018906484e-10,2718.2749419682723,482.1832227724541,38.88005077046229,301.691940704981,0.0004452230447836,train,-3.3514223646353156,-3.3525949,0.00044402268,0.001172487812194145,-0.06446696444801425,-0.06078884,0.003678124392548554
-1.8,8.498130788208901e-10,2622.111610500832,493.1418777793542,40.32755095458103,299.70047987606006,0.0005094668341654,train,-3.292884082919144,-3.2950466,0.00050693634,0.0021624849977261995,-0.01632271233399507,-0.016138282,0.00018443066080209292
-0.4,9.612679185080118e-10,2493.7557151613,504.62150372842615,37.39117268896573,297.8667082132286,0.0004573286719129,train,-3.3397715699658885,-3.3357594,0.00046157322,0.0040121686444773985,-0.04518631617448854,-0.04204447,0.0031418479504399244
-1.2000000000000002,8.762920771795993e-10,2597.67569731618,502.646286170094,38.978559546027874,295.06946514256083,0.0004822910161484,train,-3.316690827801349,-3.314508,0.00048472124,0.0021828665281558024,-0.023036898241143078,-0.022644853,0.00039204502175316236
0.0,9.725086180844783e-10,2468.017331565751,490.28733545372194,44.50977871149023,303.263152322465,0.0004513728017942,train,-3.3454646135935824,-3.347783,0.00044896957,0.00231847509049965,-0.08162257136739015,-0.08071919,0.0009033835116696309
-0.2,9.143704143090119e-10,2444.5179463100326,473.4138143725302,40.94136333558407,299.94201571725745,0.0004551662839738,train,-3.3418299153881144,-3.3407886,0.00045625895,0.001041312559134866,-0.06111597150699133,-0.061490994,0.0003750224397993662
-1.6,1.2595929862237601e-09,2354.3009197629594,499.1918367180637,40.77134716523017,305.22981462209646,0.0005127041370185,train,-3.290133178215818,-3.2914357,0.00051116874,0.001302540320558876,-0.017193986742038092,-0.018122304,0.0009283174888903289
-3.0,1.0071535471770136e-09,2369.635821802133,538.5091665951578,40.65637295368661,296.23853018587084,0.0005392605577837,train,-3.2682013434116635,-3.2696822,0.00053742493,0.001480825548907827,-0.008974360367583145,0.0039084684,0.01288282877795588
-1.0,1.0574423663675307e-09,2585.0385338602478,471.3266920396063,42.543125490608695,301.3994726877767,0.0004898953540869,train,-3.309896679147446,-3.3094923,0.00049035164,0.000404329522812219,-0.026693814976626484,-0.028634598,0.0019407835020484043
-1.2000000000000002,8.241763212999094e-10,2472.357675267654,473.84577322091,39.21856251436128,307.7679942040925,0.0004885563702508,train,-3.311085319608523,-3.3118389,0.00048770942,0.0007535456716283306,-0.023226596262873045,-0.021994336,0.0012322606859811458
-0.2,1.0574423663675307e-09,2585.0385338602478,471.3266920396063,42.543125490608695,301.3994726877767,0.000455904395131,train,-3.3411262209764985,-3.3414958,0.00045551665,0.00036953135809625337,-0.06264976496889929,-0.061464358,0.0011854068477425983
-0.4,1.1459805246638944e-09,2630.825732937456,497.4739907663986,41.26661222078493,300.2753689300697,0.0004613750565488,train,-3.335945888566635,-3.3332832,0.00046421247,0.0026627026077727933,-0.046605300521347814,-0.042127907,0.00447739324519425
-2.0,8.589969950121183e-10,2505.474763633521,514.8627810246533,39.90795077029272,306.8673078749587,0.0005039323988956,train,-3.297627719022178,-3.294189,0.0005079384,0.0034387427343363086,-0.014758386950784796,-0.013992747,0.0007656396588622272
0.0,1.1064539714677527e-09,2488.434465234489,500.4335716276796,41.129719458135625,288.0815978442095,0.0004459783555122,train,-3.3506862182154737,-3.3482285,0.00044850938,0.002457763625629994,-0.07594385164656003,-0.08076425,0.004820397320610681
-1.2000000000000002,9.603042271636284e-10,2438.0715583385486,503.6957420101608,43.08491203323523,298.5763734449834,0.0005091524282906,train,-3.293152180619379,-3.290725,0.00051200594,0.0024271878673038927,-0.02270274200101241,-0.021651896,0.0010508462842260258
-2.0,9.63679966987411e-10,2457.046368424285,519.0454313677445,40.52844947169319,303.263443359763,0.0005192453554582,train,-3.2846273794493794,-3.2864764,0.0005170394,0.0018489942231059153,-0.014308268561521231,-0.01444138,0.00013311171575480785
-0.2,1.0942344693420075e-09,2360.838758300681,491.3731844386217,39.51420947268076,305.7035776891924,0.0004642877911398,train,-3.333212736343148,-3.3315744,0.00046604255,0.0016382963407064466,-0.06042277215670566,-0.056938484,0.003484287845601841
-0.4,9.725086180844783e-10,2468.017331565751,490.28733545372194,44.50977871149023,303.263152322465,0.0004777649799183,train,-3.320785687122001,-3.3234878,0.00047480167,0.0027020715144736585,-0.04651543609949016,-0.044024892,0.002490543948134416
-3.0,1.0933784852654091e-09,2410.884334287086,539.0569290920441,39.62193192256099,289.3285700165644,0.0005310530575838,train,-3.2748620863295788,-3.2730494,0.0005332743,0.0018127317763561024,-0.008818986015199926,0.0035975822,0.012416568239956405
0.0,1.032683367538443e-09,2526.170348943833,478.8149532207128,42.09307571557734,293.4443281911712,0.0004493822152347,train,-3.34738411922946,-3.3512626,0.0004453869,0.0038784501980302366,-0.07981429827799502,-0.08455028,0.004735978120663731
-0.2,1.2595929862237601e-09,2354.3009197629594,499.1918367180637,40.77134716523017,305.22981462209646,0.0004648801773025,train,-3.3326589719319517,-3.3337035,0.0004637634,0.0010445459818666514,-0.05996267302136182,-0.059480473,0.0004821996221995306
-1.0,8.979123523428993e-10,2531.360993910196,491.918494232159,35.793021097389925,308.86985058095934,0.0004900729434036,train,-3.3097392739307065,-3.319798,0.00047885277,0.010058718775592279,-0.02667473695403011,-0.026410252,0.00026448509817988963
-2.0,9.344027379399094e-10,2510.734791451186,511.4018674256231,36.36815079533651,301.4558439858307,0.0004932671293321,train,-3.3069178243824293,-3.3026001,0.0004981956,0.004317679042463496,-0.01442665905664775,-0.014246191,0.0001804681585273471
-2.6,1.1064539714677527e-09,2488.434465234489,500.4335716276796,41.129719458135625,288.0815978442095,0.0005225654837034,train,-3.2818592795153196,-3.2782505,0.0005269259,0.0036088236589963962,-0.010565649455593018,-0.013894138,0.0033284884708066897
-1.8,1.0732744646319759e-09,2458.1779927472685,500.451348042105,41.29986197643443,296.3385514465405,0.0005104664546779,train,-3.292032792317438,-3.2884102,0.0005147422,0.0036226055498600473,-0.015401609254347193,-0.016458422,0.0010568126912247067
-1.8,1.2307353848142815e-09,2445.249484887284,482.48119148575233,42.87746783295031,307.55593866537106,0.00051708817234,train,-3.2864353959858468,-3.2848213,0.0005190136,0.00161412408948447,-0.015833883150460082,-0.016337384,0.0005035003880244915
-0.6000000000000001,8.241763212999094e-10,2472.357675267654,473.84577322091,39.21856251436128,307.7679942040925,0.0004691979782152,train,-3.328643867937314,-3.3292196,0.0004685764,0.0005757117593412353,-0.0379787489948491,-0.03604011,0.0019386403439263233
-2.2,1.0203477325736783e-09,2420.870896846657,485.827773341465,41.83782044136868,301.83723728961854,0.0005306428408241,train,-3.275197690685317,-3.2812068,0.00052335113,0.0060091555518657636,-0.01272894342318942,-0.01182365,0.0009052929736750315
-0.6000000000000001,9.85546704036472e-10,2573.0239327697072,479.3922741661716,39.9154735600532,295.8292447353602,0.0004699984673843,train,-3.327903558250722,-3.3239925,0.00047425018,0.003911067482289532,-0.03687571680730173,-0.03699411,0.00011839398557356162
-0.6000000000000001,1.0941860864671191e-09,2539.112215454232,503.69324532533454,39.339075937042885,294.39428351617613,0.0004807006803201,train,-3.3181252632280076,-3.3205285,0.000478048,0.0024032440046584114,-0.036531446437694015,-0.034711607,0.0018198396371378323
-3.0,1.066709170571727e-09,2302.646144768272,474.8978179470865,37.69553984942066,294.1521471075916,0.0005228602696873,train,-3.2816143574266334,-3.2799249,0.00052489823,0.001689487889279917,-0.008827743648341269,0.004036652,0.012864395572593779
-2.8000000000000003,7.516487326049727e-10,2475.0294016619155,481.8667099014746,36.16652897024234,304.10393187120707,0.0005119995975285,train,-3.2907303804132715,-3.2914267,0.0005111794,0.0006962782170996107,-0.010431508036406356,-0.0068901405,0.0035413675625637353
-0.8,1.0692616090001279e-09,2445.881237248077,515.6238842072526,38.37558042728467,295.9516778251947,0.0004849495464767,train,-3.3143034424834146,-3.3156388,0.00048346075,0.0013353381104574957,-0.02989984858879957,-0.029971402,7.155354967203209e-05
0.0,9.74908016407874e-10,2433.9347159425315,536.1873069142775,40.58953669016749,293.2225739384997,0.000457853081341,train,-3.339273858675211,-3.340944,0.00045609567,0.00167019306734284,-0.07740415945584189,-0.08510872,0.007704560310298092
-0.6000000000000001,9.525981103063824e-10,2521.0178569100235,513.1122387074643,39.33447860201831,299.4635962010897,0.000478553187884,train,-3.320069786370274,-3.325988,0.00047207603,0.00591826790523875,-0.03717009096747148,-0.03471374,0.0024563495755742792
-1.0,9.16382362452114e-10,2549.3338723326283,483.7915671011157,41.484417545989686,302.7283665488111,0.0004862871818862,train,-3.3131071779116903,-3.3108568,0.0004888135,0.002250358758858262,-0.026880140580969325,-0.027893754,0.0010136131413407412
-2.8000000000000003,8.589969950121183e-10,2505.474763633521,514.8627810246533,39.90795077029272,306.8673078749587,0.000515587447667,train,-3.287697664389456,-3.2836313,0.0005204376,0.004066339621389581,-0.010549520131657886,-0.0076754885,0.002874031652222442
-1.4,9.595802013951228e-10,2610.2949574222403,489.9218602044182,42.219532217947325,302.0841812978663,0.0005041984094439,train,-3.2973985286929466,-3.2972658,0.00050435256,0.0001327606417991234,-0.020550829870559895,-0.020818809,0.0002679791767814521
-0.2,1.0686494239643995e-09,2589.6130644148398,507.5353543611665,40.55316862193092,296.6314874710408,0.0004647812902298,train,-3.332751362789628,-3.338063,0.0004591314,0.005311638843062294,-0.06124563704627661,-0.059603803,0.0016418341864934405
-2.2,1.1396379394271226e-09,2408.4924726992253,490.0725825278824,43.06550150160359,292.35304316269765,0.0005319555237525,train,-3.2741246770965478,-3.2740111,0.0005320946,0.00011354199522939368,-0.012541023047552002,-0.010381144,0.0021598795074080357
-2.8000000000000003,1.1395831540373826e-09,2538.761869465952,510.72502895181066,40.87821813200619,300.974125232131,0.0005259853644399,train,-3.2790263399364132,-3.2793999,0.00052553316,0.00037353188975863816,-0.010139271031443187,-0.007669233,0.002470038245741435
-0.8,9.725086180844783e-10,2468.017331565751,490.28733545372194,44.50977871149023,303.263152322465,0.0004946006892161,train,-3.3057452827936853,-3.3083932,0.0004915942,0.0026479571812902947,-0.031183804403550397,-0.03332006,0.0021362574589183225
-0.8,1.0789603531824067e-09,2367.1936347140645,478.9001778930339,37.12870103512795,297.3410066095633,0.0004884528521632,train,-3.3111773501305666,-3.3168106,0.000482158,0.005633257779589673,-0.029301334610137175,-0.03042108,0.0011197454576166166
-0.6000000000000001,1.018423641836786e-09,2420.2103352289205,495.3862399264609,39.18777263938059,307.5354074756815,0.0004702419796324,train,-3.32767860296758,-3.3233488,0.00047495367,0.004329842362721603,-0.03713707075692163,-0.03475654,0.0023805295047854003
-1.4,1.0044736023004086e-09,2276.4853940628345,486.8441992232576,38.23677890677304,298.10055132439214,0.0005043364143361,train,-3.297279673573383,-3.2975202,0.0005040572,0.00024048710166590936,-0.018914849094297637,-0.018629193,0.00028565578832839833
-1.4,9.603042271636284e-10,2438.0715583385486,503.6957420101608,43.08491203323523,298.5763734449834,0.0005141401278609,train,-3.288918498781373,-3.2866933,0.0005167812,0.0022251642019051054,-0.01991787320121219,-0.01901227,0.0009056027059166638
-2.4000000000000004,9.756514716409811e-10,2404.497548871577,500.9208966540563,41.62971960161597,300.52976098251094,0.0005304919259667,train,-3.2753212216302994,-3.2771928,0.00052821066,0.0018716094091293378,-0.011793681513072585,-0.013529615,0.0017359330323323263
0.0,9.60969170700449e-10,2766.6918918406623,529.8468751484584,39.61181207182135,297.3307652107198,0.0004355565261771,train,-3.3609554746086636,-3.360191,0.00043632378,0.0007643678123989694,-0.08448951047605746,-0.08201359,0.0024759183520721706
-2.8000000000000003,1.0073410050818803e-09,2574.374612551252,485.6872921198837,42.17824256593523,298.72995545788456,0.0005276639648337,train,-3.2776425635985937,-3.2742531,0.0005317982,0.0033894336394872937,-0.010149548623218152,-0.0073353383,0.0028142103473385305
-0.6000000000000001,1.066709170571727e-09,2302.646144768272,474.8978179470865,37.69553984942066,294.1521471075916,0.0004763418758726,train,-3.32208123738202,-3.320933,0.00047760282,0.0011481338206187353,-0.03478523277826895,-0.034536444,0.0002487891275464449
-1.8,1.000096056099185e-09,2446.239819629679,503.61049666576776,43.101977222602514,303.9832024614659,0.0005210497156284,train,-3.283120836790707,-3.2848763,0.0005189478,0.0017555097974275569,-0.015851372716110035,-0.016906861,0.0010554884997198144
-1.0,9.596807973870107e-10,2396.380469719385,547.2442070596833,39.34847113068841,298.5552181462747,0.0004948638702548,train,-3.3055142526381323,-3.3066666,0.00049355254,0.001152359986989815,-0.02555968779361173,-0.024881842,0.0006778461787693146
-2.2,8.758150413106088e-10,2554.792538970499,492.8309420700668,37.207464786418186,297.95471711920453,0.0005056653642567,train,-3.296136792516037,-3.297945,0.00050356437,0.0018082300669708395,-0.013203986492236197,-0.011442352,0.0017616344059305789
-2.2,1.0308127820747194e-09,2437.7200106987866,482.5972990901911,40.648465379108416,299.4728047413536,0.0005281555115792,train,-3.2772381837602587,-3.2822375,0.00052211055,0.004999345994380011,-0.012836131114262628,-0.0116354255,0.0012007056136909
-0.6000000000000001,9.980121445569454e-10,2387.75545073954,508.7275610680178,38.8972081784186,297.8606493603604,0.000473665337018,train,-3.324528395919334,-3.3223782,0.0004760163,0.0021502373499981964,-0.03633679127717393,-0.03413604,0.002200753003601008
-1.4,9.344027379399094e-10,2510.734791451186,511.4018674256231,36.36815079533651,301.4558439858307,0.0004818296468691,train,-3.317106481474381,-3.3131645,0.00048622303,0.003942008894425086,-0.020178773409416095,-0.02012757,5.120315282525212e-05
-0.6000000000000001,1.0040157435828723e-09,2421.1156291426087,502.3421578152334,38.33334239027114,293.10089722857373,0.0004829356792564,train,-3.316110707766432,-3.318766,0.00047999187,0.002655409329515468,-0.03589323279887324,-0.03417883,0.0017144021156418887
-2.0,9.50582857470194e-10,2403.738957653681,492.6388454667692,37.10727035463277,300.4554170460457,0.0005132868115349,train,-3.289639894420712,-3.2945704,0.0005074924,0.004930551593692378,-0.013889529984732363,-0.013327965,0.0005615654031831951
-2.0,8.354324428057498e-10,2430.182491588309,507.603602235917,36.73791801396338,295.61725668807514,0.0005031683876718,train,-3.298286651924797,-3.3015563,0.0004993944,0.0032696968758623157,-0.013814358231281076,-0.013495294,0.0003190638540733204
-1.4,1.013177684158949e-09,2549.0982526102403,506.5025106580401,39.7132385315927,304.62183232922587,0.000501720620107,train,-3.29953804963069,-3.3041222,0.0004964526,0.004584159918260333,-0.020496064361394062,-0.020202773,0.000293291669548168
-2.8000000000000003,8.241763212999094e-10,2472.357675267654,473.84577322091,39.21856251436128,307.7679942040925,0.0005166857277826,train,-3.2867735346433604,-3.2882068,0.0005149834,0.001433281076244075,-0.01031377561327318,-0.0071518025,0.0031619730771730303
-3.0,8.589969950121183e-10,2505.474763633521,514.8627810246533,39.90795077029272,306.8673078749587,0.0005180042498275,train,-3.2856666771870815,-3.2833176,0.00052081374,0.002349111269112747,-0.009760351892094121,0.004195511,0.013955862767527805
-2.2,9.118663996020181e-10,2651.95019435956,481.7408591707263,38.899871401178025,300.40158819211445,0.0005060827061692,train,-3.2957785031251428,-3.2970734,0.0005045761,0.0012948611326697446,-0.013498104983614923,-0.012082292,0.0014158132166137705
-1.8,9.118663996020181e-10,2651.95019435956,481.7408591707263,38.899871401178025,300.40158819211445,0.0004992092851964,train,-3.301717345456927,-3.3026025,0.00049819285,0.0008851840688297585,-0.01648223103238955,-0.016364392,0.0001178391392411271
-3.0,1.0671658198705114e-09,2444.626831258547,492.08006432381046,41.193035529790656,301.7038514591378,0.0005235178180321,train,-3.2810685324353184,-3.2753754,0.0005304258,0.0056931662243808745,-0.009249386872641097,0.0042533465,0.013502733345619689
-3.0,9.136850961862703e-10,2400.1705034771794,499.3175315176618,39.85562670167986,300.93280864091923,0.0005229096745671,train,-3.281573323035064,-3.2796335,0.0005252505,0.0019398010013724765,-0.00940187306544793,0.004101868,0.013503740852987889
-1.2000000000000002,9.589043387653522e-10,2486.667922677388,495.3304947031063,40.43386356777175,305.1954997344612,0.0005043302063461,train,-3.2972850194344345,-3.302736,0.0004980397,0.005451024495619183,-0.02296453336115256,-0.021868676,0.0010958574139632304
-1.0,1.0882818479532783e-09,2447.508764517909,466.8571183944717,43.278933930679706,307.8168200832177,0.0004983226287681,train,-3.302489391123182,-3.3026533,0.0004981346,0.0001639215599236188,-0.026642986863109286,-0.0269413,0.0002983125753672766
-0.4,9.74908016407874e-10,2433.9347159425315,536.1873069142775,40.58953669016749,293.2225739384997,0.000483482971026,train,-3.315618817795418,-3.3165693,0.00048242597,0.0009505105126876856,-0.044829735966505524,-0.041591138,0.0032385983188767398
-1.6,1.0050965165320695e-09,2414.3235243349927,515.5034020410067,40.79653471954481,301.4383600393062,0.0005118157987918,train,-3.2908863123874807,-3.2923126,0.00051013764,0.00142630968283175,-0.017601351597027914,-0.020008957,0.0024076054164599014
-0.4,1.0147448677929011e-09,2607.8117384734032,505.1107398178068,40.31257836583995,298.21936914217434,0.0004687782590342,train,-3.3290325382024757,-3.3314488,0.0004661774,0.0024162552087791944,-0.04671076420970266,-0.044045284,0.002665479819253136
-2.8000000000000003,9.682475573035431e-10,2330.6047518253104,479.0686974559265,41.64371883461047,301.63426669668445,0.0005359010657551,train,-3.2709153792670826,-3.2722702,0.0005342319,0.0013548233696361045,-0.009817491986778393,-0.0072474736,0.002570018407878294
-2.4000000000000004,9.60969170700449e-10,2766.6918918406623,529.8468751484584,39.61181207182135,297.3307652107198,0.0005146184928664,train,-3.2885146114301285,-3.2864325,0.0005170916,0.0020821067761978007,-0.012488993221481337,-0.01538786,0.0028988669053120475
-1.0,1.0803651442869379e-09,2531.060987167743,511.9316238370674,40.66002705988115,288.1838349540611,0.0005024104384082,train,-3.2989413459906314,-3.3042152,0.0004963463,0.005273846804168425,-0.025579333671986504,-0.026632313,0.001052979013264732
-1.2000000000000002,8.891400398891501e-10,2578.309809077789,484.4641187531683,42.13424050837239,300.34884642744885,0.0004968144916096,train,-3.303805744686765,-3.3038313,0.0004967852,2.5594195681488685e-05,-0.023435641073788815,-0.023457801,2.2159895692652753e-05
-1.6,1.0060692139373963e-09,2527.3807724384133,522.7157534573084,43.167246359099664,298.50956140834,0.0005200000939863,train,-3.2839965778695706,-3.2826514,0.0005216132,0.0013451534616115701,-0.017817302390451317,-0.019403491,0.0015861887787629314
-0.4,1.120623623770265e-09,2459.871490367434,512.0011452017391,38.21649432972869,303.56534322943094,0.0004663823423578,train,-3.3312579007056016,-3.3293471,0.0004684388,0.0019107670691269618,-0.04521113488205941,-0.040922742,0.004288392545070963
-0.8,1.243555870393131e-09,2440.816535503744,483.6779599156501,38.81204244575611,302.5323056028984,0.0004809239503811,train,-3.317923594189771,-3.3173246,0.00048158766,0.0005989558230719005,-0.030237073413751148,-0.030452196,0.0002151221412205473
-2.6,9.89963136259949e-10,2542.7024133885266,503.0087467521194,39.0211226249472,305.0510216058231,0.00051260486228,train,-3.2902172786602444,-3.287775,0.0005154956,0.0024422389873928196,-0.011084694058487443,-0.014207573,0.0031228786177539547
-1.0,9.60969170700449e-10,2766.6918918406623,529.8468751484584,39.61181207182135,297.3307652107198,0.0004853414016608,train,-3.313952659960423,-3.314211,0.0004850529,0.0002582317632096043,-0.027357371633158323,-0.02944045,0.0020830779175895486
-0.2,1.1201765668553066e-09,2329.913862262383,487.444276821995,41.61971486534147,298.1037724082114,0.0004731274859498,train,-3.3250218212399862,-3.327537,0.00047039526,0.0025152385439493052,-0.058242928719034026,-0.058010668,0.00023226115654928492
-1.2000000000000002,7.777840542828623e-10,2445.911024694583,482.1130919467457,41.27682283342508,300.8565986758517,0.0004913712768135,train,-3.308590233867307,-3.3028867,0.00049786695,0.005703509395261097,-0.023173284964768115,-0.022683097,0.0004901879151741895
-1.4,9.612679185080118e-10,2493.7557151613,504.62150372842615,37.39117268896573,297.8667082132286,0.0004888958626617,train,-3.3107836379883557,-3.3071651,0.0004929863,0.0036184921143322946,-0.01956360525350931,-0.019397397,0.0001662086592233436
-1.2000000000000002,1.0073410050818803e-09,2574.374612551252,485.6872921198837,42.17824256593523,298.72995545788456,0.0004990170965909,train,-3.301884574961992,-3.299638,0.0005016051,0.0022465420487840504,-0.023049341223815745,-0.023340903,0.0002915619987451379
-2.8000000000000003,9.920951194363948e-10,2484.0228854962547,482.5603784265586,38.422268984819695,304.0303353891022,0.000517509353082,train,-3.286081796682263,-3.2824924,0.00052180426,0.0035893974665648365,-0.01019130099116694,-0.0072690276,0.0029222733482612284
-1.6,8.589969950121183e-10,2505.474763633521,514.8627810246533,39.90795077029272,306.8673078749587,0.0004963938598413,train,-3.3041735991586703,-3.3008826,0.00050016976,0.0032910212625520963,-0.018317061403633872,-0.018751383,0.00043432142412491714
0.0,9.980121445569454e-10,2387.75545073954,508.7275610680178,38.8972081784186,297.8606493603604,0.0004404540945678,train,-3.3560993483524486,-3.3536253,0.0004429704,0.0024740508060618893,-0.07699700880160165,-0.08234845,0.005351442216731783
-0.8,9.525981103063824e-10,2521.0178569100235,513.1122387074643,39.33447860201831,299.4635962010897,0.0004859829639003,train,-3.3133789546343557,-3.3194237,0.00047926567,0.006044720902753653,-0.030863978288811822,-0.030899717,3.573825235925199e-05
-3.0,1.120623623770265e-09,2459.871490367434,512.0011452017391,38.21649432972869,303.56534322943094,0.0005237054366863,train,-3.280912917581034,-3.2812061,0.000523352,0.00029321340041121857,-0.00907115909884837,0.003943901,0.013015060142233636
-3.0,9.16382362452114e-10,2549.3338723326283,483.7915671011157,41.484417545989686,302.7283665488111,0.0005226195590747,train,-3.2818143408022262,-3.2800937,0.0005246943,0.0017206709108688045,-0.009415144426084154,0.0044906004,0.013905744859284752
-1.0,1.1064539714677527e-09,2488.434465234489,500.4335716276796,41.129719458135625,288.0815978442095,0.0004924446985377,train,-3.3076425336301805,-3.304635,0.0004958667,0.003007485717582803,-0.025441723713447217,-0.02617129,0.0007295656709178644
-0.2,1.0071535471770136e-09,2369.635821802133,538.5091665951578,40.65637295368661,296.23853018587084,0.0004703095476328,train,-3.3276162046641873,-3.3291147,0.0004686896,0.0014984708576633032,-0.05858706477823361,-0.06008672,0.0014996549135197768
-0.4,1.0050101529814667e-09,2449.206992526188,478.70441149946606,40.80112322251315,299.2329513672896,0.0004744046205759,train,-3.3238510897094677,-3.3264036,0.00047162452,0.0025525281494189755,-0.04592747888686688,-0.04442638,0.0015010972988847016
-1.4,9.928313705154955e-10,2556.196978076177,523.0189213691006,40.51326020590248,298.8914974420704,0.0005059029241929,train,-3.2959328102985483,-3.2963433,0.0005054249,0.00041051627005517233,-0.02017178203995229,-0.021015884,0.0008441023147582882
-1.2000000000000002,9.926993823896764e-10,2332.1716999604114,489.929360905385,39.90607827400121,296.137708789732,0.0004937496207539,train,-3.3064932249443224,-3.2985032,0.0005029176,0.007990064467637836,-0.02179315505874513,-0.02181445,2.1295562859791062e-05
-1.4,1.1762312017058683e-09,2610.23254556298,515.3751788116352,39.24041391228537,297.93305834844136,0.0004968100392235,train,-3.3038096367942047,-3.3064535,0.0004937948,0.0026438296212005774,-0.01979206189789373,-0.019817857,2.579517386358532e-05
-0.2,1.120623623770265e-09,2459.871490367434,512.0011452017391,38.21649432972869,303.56534322943094,0.0004556927606652,train,-3.3413278707551193,-3.3390114,0.00045812983,0.002316440014762833,-0.0600683885155906,-0.057393596,0.0026747929393042824
-1.8,9.682475573035431e-10,2330.6047518253104,479.0686974559265,41.64371883461047,301.63426669668445,0.0005208989070276,train,-3.283246553821632,-3.2852151,0.0005185431,0.001968585567405867,-0.0156274421395306,-0.01649354,0.0008660981176848992
-0.8,9.589043387653522e-10,2486.667922677388,495.3304947031063,40.43386356777175,305.1954997344612,0.000492187829217,train,-3.3078691297011744,-3.3132722,0.0004861024,0.0054031080765355455,-0.031127123634060894,-0.031045565,8.155825241473735e-05
-0.4,1.1064539714677527e-09,2488.434465234489,500.4335716276796,41.129719458135625,288.0815978442095,0.0004705104109431,train,-3.3274307625340316,-3.3243954,0.0004738104,0.0030353443669173252,-0.044289005526000125,-0.04175937,0.0025296337684928005
-0.8,1.120623623770265e-09,2459.871490367434,512.0011452017391,38.21649432972869,303.56534322943094,0.0004823394213028,train,-3.3166472420079653,-3.315622,0.00048347932,0.001025150714630385,-0.030371679207007674,-0.029941712,0.0004299676322148116
-1.8,1.0455070732925304e-09,2552.705145034877,518.1497095238773,37.60227540602951,298.4772867617408,0.0004964751646193,train,-3.304102471516158,-3.3000033,0.00050118344,0.004099181339766389,-0.015801739086475308,-0.016934413,0.0011326743764019653
-3.0,1.0308127820747194e-09,2437.7200106987866,482.5972990901911,40.648465379108416,299.4728047413536,0.0005388907914565,train,-3.268499237546668,-3.2744992,0.000531497,0.005999940386071323,-0.009330417394920687,0.004237905,0.013568322539612154
-2.6,1.104689398918354e-09,2572.8324404304963,485.2307246352714,40.714467773434976,300.93677074401546,0.0005236936471559,train,-3.2809226944236456,-3.2792559,0.00052570744,0.0016668274192510601,-0.010968628184869544,-0.014100691,0.0031320631187412573
-1.4,9.42387899986183e-10,2596.3418775504824,506.9916211367261,42.54178389838287,305.55199671356803,0.0004985497928528,train,-3.3022914598572752,-3.2977734,0.00050376344,0.004518098651220548,-0.020860912604680593,-0.020666724,0.0001941885337739535
-0.2,1.2225799825820127e-09,2598.953191343567,516.8045118894966,39.85430360518959,306.74502895459364,0.0004488863014282,train,-3.347863647672344,-3.3471339,0.00044964123,0.0007297727791555353,-0.06259990150662098,-0.059242167,0.003357734927851297
-0.2,1.0308127820747194e-09,2437.7200106987866,482.5972990901911,40.648465379108416,299.4728047413536,0.0004686396048024,train,-3.3291610118971326,-3.3345463,0.0004628643,0.0053853156938097335,-0.059910205870018274,-0.060501214,0.0005910082467934785
0.0,9.304065850268983e-10,2472.4930947482308,495.539662311,41.9345213676303,296.5403011366731,0.0004477816224206,train,-3.348933734439667,-3.351654,0.00044498558,0.0027203182947079796,-0.08004111128877867,-0.08387163,0.003830521525628683
-0.6000000000000001,1.0806933086411387e-09,2604.781653428076,466.5836923998952,39.33731057072893,297.69705044733973,0.0004783538795002,train,-3.3202506995132186,-3.3247387,0.00047343597,0.0044880414078019015,-0.037293754511434685,-0.035214193,0.002079561346132408
-3.0,1.0203477325736783e-09,2420.870896846657,485.827773341465,41.83782044136868,301.83723728961854,0.0005412331354177,train,-3.2666156228494616,-3.2732375,0.00053304335,0.00662184396267218,-0.00905351418997391,0.0044050533,0.013458567522421916
-1.0,9.74908016407874e-10,2433.9347159425315,536.1873069142775,40.58953669016749,293.2225739384997,0.0005061125710586,train,-3.295752875349624,-3.29691,0.00050476583,0.001157172181503796,-0.025381600038373975,-0.025881682,0.0005000815528983793
-0.6000000000000001,9.63679966987411e-10,2457.046368424285,519.0454313677445,40.52844947169319,303.263443359763,0.0004828849839327,train,-3.3161562994589695,-3.319993,0.00047863778,0.003836719645034403,-0.037209620885411354,-0.03591368,0.0012959411366377793
-0.6000000000000001,9.926993823896764e-10,2332.1716999604114,489.929360905385,39.90607827400121,296.137708789732,0.000475506512701,train,-3.3228435304390027,-3.3156497,0.00048344853,0.0071937825904919706,-0.03524809741935364,-0.03518944,5.8658808084643965e-05
-0.6000000000000001,9.220148370062533e-10,2472.3739758500788,504.5088858703008,41.28793476116813,303.0641722996054,0.0004735435821376,train,-3.324640044937675,-3.3235195,0.000474767,0.001120576630179837,-0.037439284280772256,-0.036895927,0.0005433572390032282
0.0,9.220148370062533e-10,2472.3739758500788,504.5088858703008,41.28793476116813,303.0641722996054,0.0004388864733199,train,-3.3576478041016053,-3.3566859,0.00043985964,0.0009619272552918723,-0.08225534359794295,-0.0838236,0.001568255323356027
-2.6,8.584521018906484e-10,2718.2749419682723,482.1832227724541,38.88005077046229,301.691940704981,0.0005122789700977,train,-3.2904934722672996,-3.2931542,0.00050915004,0.002660767387241414,-0.011587523987072856,-0.013433262,0.0018457377874074865
-0.2,8.241763212999094e-10,2472.357675267654,473.84577322091,39.21856251436128,307.7679942040925,0.0004492204092924,train,-3.347540520795005,-3.3472939,0.00044947563,0.00024666703523923417,-0.06305536588792826,-0.06005014,0.003005224821615471
-1.6,8.220747042076197e-10,2489.354974528123,536.8974000619587,36.589080383233394,294.68809277779184,0.0004913509188673,train,-3.3086082274442052,-3.3098617,0.0004899349,0.0012534325594568685,-0.017667428973359378,-0.018247873,0.0005804436176592986
-0.4,7.516487326049727e-10,2475.0294016619155,481.8667099014746,36.16652897024234,304.10393187120707,0.0004558589198814,train,-3.3411695428554458,-3.3412435,0.0004557813,7.396262245951135e-05,-0.04658260065043329,-0.044306304,0.0022762963446414375
-2.8000000000000003,1.0203477325736783e-09,2420.870896846657,485.827773341465,41.83782044136868,301.83723728961854,0.000538884571678,train,-3.268504250122709,-3.2735052,0.0005327148,0.005000960753756001,-0.009832758542502873,-0.00742427,0.0024084887396345067
-2.4000000000000004,9.89963136259949e-10,2542.7024133885266,503.0087467521194,39.0211226249472,305.0510216058231,0.0005098932193323,train,-3.2925207633338522,-3.2906818,0.0005120568,0.001838924344594428,-0.012019487483279079,-0.013733075,0.0017135875170666282
0.0,1.0375673846448864e-09,2379.4103992541063,496.85223216497695,39.047727684139495,305.18782525816323,0.000441682691477,train,-3.354889619404307,-3.354129,0.00044245686,0.000760543400278646,-0.07970493000941659,-0.081743695,0.002038764832445139
-1.4,8.891400398891501e-10,2578.309809077789,484.4641187531683,42.13424050837239,300.34884642744885,0.0005018453008677,train,-3.2994301381013753,-3.2994602,0.0005018106,3.0034551822932798e-05,-0.02062524493314477,-0.020581715,4.353012420388325e-05
-1.4,7.516487326049727e-10,2475.0294016619155,481.8667099014746,36.16652897024234,304.10393187120707,0.0004886096336595,train,-3.311037974521985,-3.3113701,0.00048823608,0.0003321598316525787,-0.020579192059427598,-0.019711524,0.0008676678113044289
-1.2000000000000002,9.143704143090119e-10,2444.5179463100326,473.4138143725302,40.94136333558407,299.94201571725745,0.000493825753763,train,-3.306426264696707,-3.3043518,0.0004961902,0.0020744580560818626,-0.02274006352500102,-0.022833781,9.371779187539175e-05
0.0,9.596807973870107e-10,2396.380469719385,547.2442070596833,39.34847113068841,298.5552181462747,0.0004472898773463,train,-3.349410930269975,-3.3492072,0.0004474998,0.00020376741291938671,-0.07860742787772779,-0.08188879,0.0032813595706784326
-1.2000000000000002,1.0727510291740675e-09,2408.6350240081065,515.7307920217833,36.322106531247385,300.55707391972635,0.0004808754904001,train,-3.317967357788432,-3.3113117,0.00048830174,0.006655635986674291,-0.022308677382469,-0.021908129,0.00040054874837380794
-1.0,9.89963136259949e-10,2542.7024133885266,503.0087467521194,39.0211226249472,305.0510216058231,0.0004815920072428,train,-3.3173207294727236,-3.3153415,0.00048379184,0.001979256846991184,-0.02677296874627011,-0.026887527,0.00011455798939330464
-3.0,9.344027379399094e-10,2510.734791451186,511.4018674256231,36.36815079533651,301.4558439858307,0.0005066642309038,train,-3.295279754618801,-3.291875,0.0005106521,0.00340486905971904,-0.009440900226859839,0.0040390915,0.013479991750596554
-2.0,1.0789603531824067e-09,2367.1936347140645,478.9001778930339,37.12870103512795,297.3410066095633,0.000515849649033,train,-3.287476860601773,-3.2922077,0.00051026087,0.0047308572937350135,-0.013615474047318443,-0.0133174285,0.0002980455180559005
-1.6,1.1201765668553066e-09,2329.913862262383,487.444276821995,41.61971486534147,298.1037724082114,0.0005209388277003,train,-3.2832132716178917,-3.286315,0.0005172316,0.003101692676541923,-0.0171402539518688,-0.01727711,0.00013685641614458177
-2.2,9.589043387653522e-10,2486.667922677388,495.3304947031063,40.43386356777175,305.1954997344612,0.0005247952094597,train,-3.2800101380278104,-3.2861526,0.000517425,0.006142463214255045,-0.013162329363561653,-0.01166363,0.0014986996901402705
-0.2,1.0803651442869379e-09,2531.060987167743,511.9316238370674,40.66002705988115,288.1838349540611,0.0004691312084657,train,-3.3287056751031283,-3.3342006,0.0004632329,0.005494945548116803,-0.0585506632973356,-0.058874644,0.00032398104174902187
-2.0,8.939439783837785e-10,2330.6189292196764,529.359956175692,38.57283152042447,302.4090006102026,0.0005110185656519,train,-3.2915633213648863,-3.2936783,0.000508536,0.0021149623265199757,-0.014159342771492334,-0.0137020415,0.0004573013019779637
-2.4000000000000004,1.0671658198705114e-09,2444.626831258547,492.08006432381046,41.193035529790656,301.7038514591378,0.0005160189525607,train,-3.287334347129819,-3.2807443,0.00052390876,0.006590032936093504,-0.011781936348418398,-0.013353318,0.0015713816275795267
-2.2,9.89297888860932e-10,2413.8801533334354,510.75595836241,38.53132745549709,285.1813868750008,0.0005178314316033,train,-3.2858115920672777,-3.2871566,0.00051623024,0.0013449898113844228,-0.012457202041030513,-0.012140506,0.0003166960938578711
-2.8000000000000003,1.0050101529814667e-09,2449.206992526188,478.70441149946606,40.80112322251315,299.2329513672896,0.0005309171929443,train,-3.2749732104660847,-3.2756991,0.0005300305,0.0007259281752727276,-0.009935491451015466,-0.007220382,0.002715109580149644
-1.0,7.516487326049727e-10,2475.0294016619155,481.8667099014746,36.16652897024234,304.10393187120707,0.0004782283649237,train,-3.320364668361382,-3.320543,0.000478032,0.00017838240460932298,-0.026749816800188952,-0.027103202,0.00035338561730391405
-0.6000000000000001,1.000096056099185e-09,2446.239819629679,503.61049666576776,43.101977222602514,303.9832024614659,0.0004877785974915,train,-3.3117772593631205,-3.314631,0.00048458393,0.0028537258968892587,-0.03745159933901121,-0.037022658,0.0004289416465788065
-3.0,9.89963136259949e-10,2542.7024133885266,503.0087467521194,39.0211226249472,305.0510216058231,0.000517476302365,train,-3.2861095337701065,-3.2852068,0.0005185531,0.0009027390313369743,-0.009504157178172434,0.004306268,0.013810425125130976
-2.4000000000000004,9.612679185080118e-10,2493.7557151613,504.62150372842615,37.39117268896573,297.8667082132286,0.0005060583346476,train,-3.2957994180311125,-3.2919793,0.0005105293,0.003820105134384022,-0.011704104981362207,-0.013275861,0.0015717558274275234
-1.8,1.0375673846448864e-09,2379.4103992541063,496.85223216497695,39.047727684139495,305.18782525816323,0.0005071523309167,train,-3.2948615741183422,-3.2941792,0.0005079498,0.0006823729922436073,-0.015581188037083749,-0.016413175,0.0008319865325230325
-2.8000000000000003,1.0727510291740675e-09,2408.6350240081065,515.7307920217833,36.322106531247385,300.55707391972635,0.0005075514220888,train,-3.2945199510539886,-3.2862043,0.00051736337,0.00831561298025818,-0.01003832628921053,-0.0079093985,0.002128927763257238
-3.0,1.1064539714677527e-09,2488.434465234489,500.4335716276796,41.129719458135625,288.0815978442095,0.0005272831062097,train,-3.2779561429439745,-3.2757568,0.0005299601,0.002199307006474527,-0.008996410006863798,0.004220991,0.013217400936616386
-1.2000000000000002,8.589969950121183e-10,2505.474763633521,514.8627810246533,39.90795077029272,306.8673078749587,0.0004870376138233,train,-3.312437497008993,-3.308926,0.0004909914,0.00351139150972557,-0.023458160413165174,-0.022385255,0.0010729059108687267
-2.4000000000000004,1.0686494239643995e-09,2589.6130644148398,507.5353543611665,40.55316862193092,296.6314874710408,0.0005277432851873,train,-3.2775772837894297,-3.2829652,0.0005212365,0.005387899468626944,-0.011843386061663352,-0.013830621,0.001987234733825005
-0.8,8.599648780937922e-10,2637.8899539670565,501.9551856304757,39.90381821426863,300.9815905741297,0.0004738625566702,train,-3.324347606713062,-3.3214338,0.00047705256,0.002913824135547305,-0.032008892158719604,-0.03177557,0.00023332075283200027
-1.0,1.243555870393131e-09,2440.816535503744,483.6779599156501,38.81204244575611,302.5323056028984,0.0004870877434851,train,-3.3123927983768198,-3.3116908,0.00048787572,0.0007019910342904723,-0.025807589135819597,-0.025825677,1.8088303750829482e-05
-3.0,9.928313705154955e-10,2556.196978076177,523.0189213691006,40.51326020590248,298.8914974420704,0.0005319089463384,train,-3.2741627050869666,-3.2741804,0.0005318873,1.7707205513861624e-05,-0.009301599945892747,0.004231487,0.013533086881061251
-0.8,9.143704143090119e-10,2444.5179463100326,473.4138143725302,40.94136333558407,299.94201571725745,0.0004820913355808,train,-3.3168706738338605,-3.3153515,0.00048378066,0.0015191876278057848,-0.0305486162566595,-0.032399423,0.0018508071637697299
-0.6000000000000001,9.123213222215395e-10,2625.69228411366,506.617977618184,38.92442853409919,306.1252360546967,0.0004633755162557,train,-3.334066917106158,-3.332908,0.00046461378,0.0011590019908016558,-0.038870417224107,-0.03675256,0.0021178579794742802
0.0,9.798133860644783e-10,2446.0111249981446,493.4775434169566,39.325337668236735,299.6111127589073,0.0004474438551562,train,-3.349261451801899,-3.352275,0.00044434992,0.003013442912456643,-0.07940526222768085,-0.08154154,0.00213627601084454
-0.4,1.006938037138553e-09,2476.033687734913,499.8883185243343,35.52248114367448,306.4489109295662,0.0004625878325664,train,-3.334805794649633,-3.3386872,0.000458472,0.0038813868231453164,-0.04598189530582175,-0.043532494,0.0024494008502458087
-0.6000000000000001,1.0203477325736783e-09,2420.870896846657,485.827773341465,41.83782044136868,301.83723728961854,0.0004910190262677,train,-3.3089016792762544,-3.3162918,0.00048273435,0.007390129805776802,-0.03681120118943859,-0.03699458,0.00018337899001430458
-2.2,9.136850961862703e-10,2400.1705034771794,499.3175315176618,39.85562670167986,300.93280864091923,0.000512354654938,train,-3.290429313708059,-3.287419,0.0005159183,0.003010232973806204,-0.013035434371539978,-0.011850664,0.0011847699794262923
-0.8,1.0849323731926979e-09,2551.147301026894,487.27717818808753,44.82712146868644,302.5978918999191,0.0004912291822358,train,-3.3087158411593967,-3.3091636,0.000490723,0.000447729244656081,-0.031595506025768216,-0.032249924,0.0006544177696934383
-0.8,1.0671658198705114e-09,2444.626831258547,492.08006432381046,41.193035529790656,301.7038514591378,0.0004816883421448,train,-3.317233864384031,-3.31039,0.0004893392,0.006843868809079723,-0.030739810919968136,-0.03098155,0.00024173907318925103
-2.8000000000000003,8.498130788208901e-10,2622.111610500832,493.1418777793542,40.32755095458103,299.70047987606006,0.0005248633689769,train,-3.27995373625516,-3.282147,0.00052221946,0.002193194439420232,-0.010413095767766833,-0.0071241627,0.0032889330230361224
0.0,1.0849323731926979e-09,2551.147301026894,487.27717818808753,44.82712146868644,302.5978918999191,0.0004479341926845,train,-3.3487857847814433,-3.3475716,0.00044918826,0.0012141733770243412,-0.08177309435221858,-0.07909341,0.002679682787391613
-3.0,7.516487326049727e-10,2475.0294016619155,481.8667099014746,36.16652897024234,304.10393187120707,0.0005143695233911,train,-3.2887247714508225,-3.291162,0.000511491,0.0024372425567458222,-0.00962458158808488,0.0039486275,0.01357320909353632
-0.2,1.0728366895058958e-09,2396.471193900285,522.5703607996403,39.66536493364173,302.3426017448898,0.0004638052524456,train,-3.333664337424586,-3.3353968,0.00046195879,0.0017324292380118678,-0.05939085221686469,-0.058405545,0.0009853076080332812
-2.4000000000000004,1.0050101529814667e-09,2449.206992526188,478.70441149946606,40.80112322251315,299.2329513672896,0.000525670274153,train,-3.27928658097345,-3.2808263,0.00052380987,0.0015397492114863631,-0.011757254494554559,-0.013562741,0.0018054862635068503
-1.0,1.0109417900146311e-09,2546.474062846718,483.0790058826933,38.96317500489286,311.33012415162744,0.0004761161368979,train,-3.3222870988301554,-3.3175843,0.00048129985,0.004702822630814563,-0.027158993941043263,-0.026718764,0.0004402303064807711
-2.6,1.0191682032973931e-09,2560.240612715575,475.6482256289376,41.11142736058992,291.8506686301862,0.000519879309395,train,-3.284097466648723,-3.2796311,0.00052525336,0.004466328800822428,-0.01083092525294127,-0.014361754,0.0035308288068502947
-1.8,1.006938037138553e-09,2476.033687734913,499.8883185243343,35.52248114367448,306.4489109295662,0.0005033076584406,train,-3.2981664612317347,-3.3019712,0.0004989176,0.003804735896561162,-0.015997658811194526,-0.016469156,0.00047149755837239127
-1.4,1.1395831540373826e-09,2538.761869465952,510.72502895181066,40.87821813200619,300.974125232131,0.0005026726188286,train,-3.298714770661149,-3.3003724,0.0005007577,0.0016575914756917776,-0.020075734292200664,-0.01962569,0.0004500444578443563
-0.8,9.682475573035431e-10,2330.6047518253104,479.0686974559265,41.64371883461047,301.63426669668445,0.0004958707601297,train,-3.3046314998732704,-3.3078747,0.0004921815,0.0032431796921592593,-0.030107402195877597,-0.032748573,0.002641170332484677
0.0,1.0728366895058958e-09,2396.471193900285,522.5703607996403,39.66536493364173,302.3426017448898,0.000449292684133,train,-3.3474706529995317,-3.349583,0.00044711278,0.0021122575381880004,-0.07867230353259558,-0.082830295,0.004157991434102115
-1.2000000000000002,1.006938037138553e-09,2476.033687734913,499.8883185243343,35.52248114367448,306.4489109295662,0.0004902656460852,train,-3.309568537588708,-3.3134573,0.00048589535,0.0038887130063849362,-0.022809169793859496,-0.022484357,0.00032481325639821534
-0.4,1.0882818479532783e-09,2447.508764517909,466.8571183944717,43.278933930679706,307.8168200832177,0.0004750499043735,train,-3.323260764994921,-3.32316,0.00047516022,0.00010083190471110726,-0.04678629438495818,-0.043337315,0.0034489790639895546
-1.4,1.0671658198705114e-09,2444.626831258547,492.08006432381046,41.193035529790656,301.7038514591378,0.0004982951874494,train,-3.3025133072384603,-3.2957418,0.0005061255,0.006771510744929987,-0.019955474605946932,-0.019294925,0.0006605495719007592
-1.2000000000000002,8.498130788208901e-10,2622.111610500832,493.1418777793542,40.32755095458103,299.70047987606006,0.0004959006316215,train,-3.3046053385539045,-3.3063304,0.0004939347,0.001725103874684386,-0.023528068796654367,-0.022086306,0.0014417632528740398
0.0,9.979877857013676e-10,2496.537246315292,510.00187244466247,38.795972505421744,297.7961123434831,0.0004372150808998,train,-3.359304866304661,-3.3579845,0.0004385463,0.0013203234579814982,-0.079821401113918,-0.08223502,0.0024136222654078665
-2.0,8.758150413106088e-10,2554.792538970499,492.8309420700668,37.207464786418186,297.95471711920453,0.0005024579871176,train,-3.298900245799592,-3.300348,0.00050078577,0.0014477976421805039,-0.014551769326192954,-0.012917517,0.0016342525731154467
-2.8000000000000003,1.0671658198705114e-09,2444.626831258547,492.08006432381046,41.193035529790656,301.7038514591378,0.0005211997363927,train,-3.2829958126126084,-3.2756429,0.00053009915,0.0073529407559189686,-0.01002341490026204,-0.007261414,0.0027620008194038093
-2.8000000000000003,9.85546704036472e-10,2573.0239327697072,479.3922741661716,39.9154735600532,295.8292447353602,0.0005165289310951,train,-3.286905348368804,-3.2812254,0.0005233287,0.005679905482451453,-0.01024494622332206,-0.007223741,0.0030212050719296
-0.6000000000000001,1.0692616090001279e-09,2445.881237248077,515.6238842072526,38.37558042728467,295.9516778251947,0.0004777573416043,train,-3.3207926305026976,-3.3220298,0.00047639827,0.0012371985225709814,-0.03596113014742386,-0.03387146,0.002089669441428299
-0.8,9.808684991835892e-10,2440.440905080504,475.02919518003887,43.13862383173334,296.64614602139693,0.000499478527442,train,-3.3014831773356934,-3.3047767,0.00049570506,0.0032934912128905758,-0.030599051477864236,-0.032693442,0.0020943904793711
-2.4000000000000004,8.498130788208901e-10,2622.111610500832,493.1418777793542,40.32755095458103,299.70047987606006,0.0005194460943122,train,-3.284459514819897,-3.2871807,0.0005162016,0.0027211473352544147,-0.01222922195724152,-0.0132790115,0.0010497895158181336
-1.8,9.589043387653522e-10,2486.667922677388,495.3304947031063,40.43386356777175,305.1954997344612,0.0005178324261851,train,-3.2858107579329507,-3.291507,0.00051108486,0.005696247758577577,-0.016085214890333432,-0.016134568,4.935266843197894e-05
0.0,1.243555870393131e-09,2440.816535503744,483.6779599156501,38.81204244575611,302.5323056028984,0.0004401065727499,train,-3.3564421454391065,-3.3556042,0.0004409566,0.0008379736861767739,-0.07920245885063437,-0.0812886,0.0020861396272060517
-1.8,9.50582857470194e-10,2403.738957653681,492.6388454667692,37.10727035463277,300.4554170460457,0.0005098493560268,train,-3.2925581249033478,-3.2975218,0.0005040553,0.004963704701754779,-0.015446758943408412,-0.016070616,0.0006238565568033039
0.0,1.0147448677929011e-09,2607.8117384734032,505.1107398178068,40.31257836583995,298.21936914217434,0.0004427378801959,train,-3.3538533186440103,-3.3562708,0.00044028024,0.0024174714560873944,-0.08174875523166847,-0.08272525,0.0009764939991931954
-0.6000000000000001,1.0727510291740675e-09,2408.6350240081065,515.7307920217833,36.322106531247385,300.55707391972635,0.000462763327899,train,-3.3346410644180886,-3.3282864,0.00046958434,0.0063546550400368496,-0.035870404024286984,-0.034527846,0.0013425583435733301
-0.6000000000000001,1.0025105539620802e-09,2526.9743060678943,509.1946075584183,40.75166342427999,301.0515477079729,0.0004776054802487,train,-3.3209306985702387,-3.321615,0.00047685354,0.0006842821273931321,-0.03770121901537138,-0.036453437,0.0012477819552536573
-3.0,9.50582857470194e-10,2403.738957653681,492.6388454667692,37.10727035463277,300.4554170460457,0.0005266935934204,train,-3.278441964268473,-3.284366,0.0005195581,0.0059239281418053125,-0.009109429071507691,0.0039751525,0.013084581575206755
-0.8,8.75983736068783e-10,2627.978517028968,489.37942559949954,40.91913452211564,297.20307373531364,0.0004793002382783,train,-3.319392355103924,-3.3173025,0.00048161225,0.0020898896650813903,-0.03144735186112335,-0.03185142,0.00040406645524093676
-0.4,1.0060692139373963e-09,2527.3807724384133,522.7157534573084,43.167246359099664,298.50956140834,0.0004814556805841,train,-3.3174436847879245,-3.3169215,0.00048203496,0.0005222122384860306,-0.04618313266981389,-0.044128742,0.0020543906008079205
-1.2000000000000002,9.344027379399094e-10,2510.734791451186,511.4018674256231,36.36815079533651,301.4558439858307,0.0004771005637748,train,-3.3213900702485777,-3.3174338,0.0004814666,0.003956236172649952,-0.02292109875123849,-0.022807786,0.00011331251006474474
-1.6,1.0203477325736783e-09,2420.870896846657,485.827773341465,41.83782044136868,301.83723728961854,0.0005198869054083,train,-3.2840911211710306,-3.2902353,0.0005125836,0.00614415981956995,-0.017419369678172814,-0.018780807,0.001361437355008377
-2.4000000000000004,1.1459805246638944e-09,2630.825732937456,497.4739907663986,41.26661222078493,300.2753689300697,0.0005121950759367,train,-3.29056460100191,-3.2871425,0.00051624695,0.003422085819414722,-0.012111356463776701,-0.0146460505,0.0025346940564645593
-0.2,1.0203477325736783e-09,2420.870896846657,485.827773341465,41.83782044136868,301.83723728961854,0.0004707160110529,train,-3.327241029240324,-3.3348536,0.00046253687,0.007612619899080464,-0.06093083837832047,-0.06239334,0.0014625028351442637
-1.4,1.243555870393131e-09,2440.816535503744,483.6779599156501,38.81204244575611,302.5323056028984,0.000497295281511,train,-3.303385661466463,-3.3029704,0.000497771,0.00041525207315240564,-0.019875838653453215,-0.018971577,0.0009042613667329391
-1.8,1.0191682032973931e-09,2560.240612715575,475.6482256289376,41.11142736058992,291.8506686301862,0.000507567113862,train,-3.2945065243451435,-3.2908218,0.00051189185,0.0036847336499530314,-0.01579016450805959,-0.017097838,0.0013076737149209094
-0.2,9.60969170700449e-10,2766.6918918406623,529.8468751484584,39.61181207182135,297.3307652107198,0.0004507198064971,train,-3.346093356809446,-3.345895,0.00045092567,0.0001983048532694376,-0.06413166751612209,-0.06019803,0.003933636150250663
-2.2,9.63679966987411e-10,2457.046368424285,519.0454313677445,40.52844947169319,303.263443359763,0.000522505097458,train,-3.281909468303832,-3.283798,0.00052023795,0.001888511051026498,-0.012979363671709265,-0.012876284,0.00010307936297770937
-3.0,9.42387899986183e-10,2596.3418775504824,506.9916211367261,42.54178389838287,305.55199671356803,0.0005252229709307,train,-3.2796562880465956,-3.2758815,0.00052980793,0.003774759192225474,-0.009830696786929494,0.0046141916,0.014444888382394439
-0.6000000000000001,9.89297888860932e-10,2413.8801533334354,510.75595836241,38.53132745549709,285.1813868750008,0.0004803442399285,train,-3.318447412794663,-3.3209069,0.00047763166,0.0024594647230373745,-0.03521790797479518,-0.033786338,0.0014315701521194768
-0.2,9.980121445569454e-10,2387.75545073954,508.7275610680178,38.8972081784186,297.8606493603604,0.0004544578402021,train,-3.3425063998278297,-3.3395255,0.0004575879,0.0029809386309302965,-0.058932476444590876,-0.058124784,0.0008076920643933505
-0.2,8.354324428057498e-10,2430.182491588309,507.603602235917,36.73791801396338,295.61725668807514,0.0004500058386504,train,-3.346781851386433,-3.3499775,0.00044670675,0.003195641899699897,-0.058445821057233616,-0.059440136,0.0009943148985769312
-2.6,1.0941860864671191e-09,2539.112215454232,503.69324532533454,39.339075937042885,294.39428351617613,0.0005249656275908,train,-3.279869131329921,-3.2823238,0.0005220068,0.002454705950352576,-0.010727822931787756,-0.013497277,0.0027694542311813564
-0.8,1.1762312017058683e-09,2610.23254556298,515.3751788116352,39.24041391228537,297.93305834844136,0.0004803287359014,train,-3.3184614307041636,-3.3213494,0.00047714525,0.0028879516963491447,-0.030568351024321316,-0.031341016,0.0007726652682507051
-1.8,8.762920771795993e-10,2597.67569731618,502.646286170094,38.978559546027874,295.06946514256083,0.0004951841127475,train,-3.30523329746285,-3.303051,0.00049767864,0.002182302589803342,-0.015961451541137706,-0.016189959,0.000228507359075536
-1.8,1.000072357945733e-09,2615.067429542859,502.8265147659643,41.97319841319997,303.92619603855775,0.0005128093239165,train,-3.2900440870604695,-3.2939005,0.0005082759,0.0038564027466594375,-0.016157924391864142,-0.01815132,0.0019933961251989984
-0.2,1.1762312017058683e-09,2610.23254556298,515.3751788116352,39.24041391228537,297.93305834844136,0.0004534736328419,train,-3.34344795985895,-3.3457937,0.00045103088,0.0023457642011086577,-0.060543572765132225,-0.05930817,0.0012354014928543933
-1.0,9.123213222215395e-10,2625.69228411366,506.617977618184,38.92442853409919,306.1252360546967,0.000477319478837,train,-3.32119084223378,-3.3200533,0.0004785713,0.0011375032292635368,-0.027413265451055935,-0.027454361,4.1095868485996334e-05
-0.6000000000000001,9.612679185080118e-10,2493.7557151613,504.62150372842615,37.39117268896573,297.8667082132286,0.0004658625631263,train,-3.331742188201542,-3.3282447,0.00046962945,0.0034975020748331254,-0.03646351308435669,-0.034511875,0.001951637723152544
-2.4000000000000004,1.243555870393131e-09,2440.816535503744,483.6779599156501,38.81204244575611,302.5323056028984,0.0005149983984628,train,-3.2881941215216246,-3.2878933,0.00051535526,0.00030082623353866467,-0.011771595404027835,-0.013617913,0.0018463178346763698
-1.6,9.979877857013676e-10,2496.537246315292,510.00187244466247,38.795972505421744,297.7961123434831,0.0004991644292389,train,-3.3017563703121575,-3.30111,0.0004999079,0.0006463410915764634,-0.017931196221200096,-0.018607767,0.0006765710776175382
-1.0,1.0368980362030106e-09,2588.6829740462717,505.298163800807,40.78433779833217,301.9145433801493,0.0004925849231161,train,-3.3075188850419575,-3.3117256,0.0004878366,0.004206731413120668,-0.0268391009971527,-0.027591934,0.000752833430466282
0.0,9.756514716409811e-10,2404.497548871577,500.9208966540563,41.62971960161597,300.52976098251094,0.0004529119242795,train,-3.3439862450476343,-3.348026,0.0004487185,0.004039792168552214,-0.07992115671179079,-0.08535911,0.005437954716470017
-0.6000000000000001,8.354324428057498e-10,2430.182491588309,507.603602235917,36.73791801396338,295.61725668807514,0.0004688497784782,train,-3.3289662848510493,-3.3324766,0.00046507543,0.0035103310547124345,-0.03612925142313195,-0.034421638,0.0017076137688274429
-2.8000000000000003,1.013177684158949e-09,2549.0982526102403,506.5025106580401,39.7132385315927,304.62183232922587,0.0005255589741628,train,-3.2793785437338814,-3.2828126,0.0005214197,0.0034340516335502613,-0.010355660138873901,-0.007646418,0.002709241962282505
-2.0,8.894595189948581e-10,2383.601346469497,502.4892009812192,38.55163090195673,309.2198732722366,0.0005102505248244,train,-3.2922165399127765,-3.2942145,0.0005079085,0.0019979471630291457,-0.01449626281371863,-0.012891495,0.001604768144698454
-2.8000000000000003,9.50582857470194e-10,2403.738957653681,492.6388454667692,37.10727035463277,300.4554170460457,0.0005243989794396,train,-3.280338162184435,-3.2846537,0.0005192139,0.004315501450818715,-0.009852550088121248,-0.007166208,0.002686342320098234
-2.8000000000000003,9.612679185080118e-10,2493.7557151613,504.62150372842615,37.39117268896573,297.8667082132286,0.0005111169788236,train,-3.2914796919523703,-3.286985,0.0005164343,0.00449477145066135,-0.01000563616696759,-0.0072089517,0.0027966844180600248
-1.2000000000000002,1.120623623770265e-09,2459.871490367434,512.0011452017391,38.21649432972869,303.56534322943094,0.0004939564107761,train,-3.306311373737588,-3.3054395,0.0004949491,0.0008719015391016605,-0.022423530137171355,-0.021087985,0.0013355446513791946
-1.6,9.63679966987411e-10,2457.046368424285,519.0454313677445,40.52844947169319,303.263443359763,0.0005117061258958,train,-3.2909793838353525,-3.2934916,0.00050875463,0.002512218108617237,-0.017748550206015068,-0.019821158,0.002072607472946686
-0.4,8.584521018906484e-10,2718.2749419682723,482.1832227724541,38.88005077046229,301.691940704981,0.0004564970041952,train,-3.340562068218976,-3.3421488,0.00045483222,0.0015867126037778512,-0.048862183420864014,-0.04508508,0.0037771034528883973
-1.0,1.0073410050818803e-09,2574.374612551252,485.6872921198837,42.17824256593523,298.72995545788456,0.0004934007311188,train,-3.306800211310358,-3.3047526,0.0004957325,0.0020476230382633354,-0.026539103581042056,-0.028083598,0.0015444946601679277
-1.2000000000000002,1.000072357945733e-09,2615.067429542859,502.8265147659643,41.97319841319997,303.92619603855775,0.0004993343026811,train,-3.3016085982681425,-3.3064535,0.0004937948,0.004844868147262815,-0.02325228049323691,-0.024193892,0.0009416117621885434
-0.8,9.136850961862703e-10,2400.1705034771794,499.3175315176618,39.85562670167986,300.93280864091923,0.0004809410311216,train,-3.317908169839183,-3.3147864,0.00048441053,0.0031217356655988127,-0.030609089701355785,-0.030881638,0.00027254800599685325
-2.8000000000000003,8.354324428057498e-10,2430.182491588309,507.603602235917,36.73791801396338,295.61725668807514,0.0005140070942148,train,-3.2890308869248033,-3.291586,0.00051099196,0.002555035316407661,-0.009794384043793514,-0.007218749,0.00257563524706228
0.0,1.0050965165320695e-09,2414.3235243349927,515.5034020410067,40.79653471954481,301.4383600393062,0.0004484205180882,train,-3.3483145238901413,-3.3518622,0.0004447724,0.003547668263789383,-0.08021815677660982,-0.08477702,0.004558863141355118
-1.0,1.0849323731926979e-09,2551.147301026894,487.27717818808753,44.82712146868644,302.5978918999191,0.0004978008089026,train,-3.3029444020190084,-3.3031769,0.0004975344,0.00023247786380409252,-0.026864548485054485,-0.027515586,0.000651037980542668
-0.2,7.516487326049727e-10,2475.0294016619155,481.8667099014746,36.16652897024234,304.10393187120707,0.0004451045904059,train,-3.351537926774157,-3.351588,0.00044505327,5.008401380690586e-05,-0.0620710558639761,-0.06063145,0.0014396055983301181
0.0,9.808684991835892e-10,2440.440905080504,475.02919518003887,43.13862383173334,296.64614602139693,0.0004565372525907,train,-3.3405237790618005,-3.3449614,0.0004518961,0.0044376257386145035,-0.07986089183285117,-0.08566385,0.005802955792404418
-3.0,1.2595929862237601e-09,2354.3009197629594,499.1918367180637,40.77134716523017,305.22981462209646,0.0005334405497229,train,-3.272913974301288,-3.2749262,0.0005309747,0.0020122113066221026,-0.008922101565344676,0.0044504525,0.013372554079337462
-2.8000000000000003,1.0849323731926979e-09,2551.147301026894,487.27717818808753,44.82712146868644,302.5978918999191,0.0005322458854017,train,-3.273887687248483,-3.273388,0.0005328587,0.0004997783129359057,-0.01012593510104054,-0.0072524743,0.002873460785576043
-0.4,1.0686494239643995e-09,2589.6130644148398,507.5353543611665,40.55316862193092,296.6314874710408,0.0004759576850693,train,-3.3224316564345258,-3.3279688,0.00046992782,0.005537179396162717,-0.04620169238139127,-0.042925082,0.003276610234269839
-1.0,1.2225799825820127e-09,2598.953191343567,516.8045118894966,39.85430360518959,306.74502895459364,0.0004825560940057,train,-3.3164521954783934,-3.3168895,0.0004820704,0.0004373289814454395,-0.026850396798211662,-0.02705236,0.00020196285728779628
-3.0,1.0147448677929011e-09,2607.8117384734032,505.1107398178068,40.31257836583995,298.21936914217434,0.0005281124054714,train,-3.2772736307230264,-3.27978,0.0005250735,0.0025062803182334115,-0.00941755790719867,0.00446,0.013877557874565127
-0.2,1.0073410050818803e-09,2574.374612551252,485.6872921198837,42.17824256593523,298.72995545788456,0.0004593135027315,train,-3.3378907871629955,-3.3365338,0.00046075092,0.0013570022966624684,-0.061857676004651196,-0.06168691,0.0001707653157740907
-1.4,1.006938037138553e-09,2476.033687734913,499.8883185243343,35.52248114367448,306.4489109295662,0.0004951008634125,train,-3.305306316296354,-3.309266,0.00049060717,0.003959774096712554,-0.020085897981481082,-0.019705174,0.0003807234906716417
-3.0,1.006299553709699e-09,2596.53014928976,491.578961058072,40.01001805266426,305.28831051478386,0.0005192833606309,train,-3.284595593256973,-3.2819562,0.00052244886,0.002639397425673984,-0.009717595071771612,0.004478355,0.014195950010099878
-0.4,1.0025105539620802e-09,2526.9743060678943,509.1946075584183,40.75166342427999,301.0515477079729,0.0004685718332941,train,-3.3292238211863494,-3.3295114,0.00046826166,0.000287582851126178,-0.047006958776853125,-0.044034496,0.0029724628271079467
-1.4,9.634928280602635e-10,2455.009212271192,512.2369330710814,40.30940301281442,306.6726054586492,0.0005022798312777,train,-3.2990542603048323,-3.298064,0.0005034264,0.0009902668508527945,-0.020141612997115033,-0.019808123,0.000333490108907597
-1.0,8.622252758820396e-10,2596.9228583838576,499.2028055441836,37.99663516660689,298.18972265332246,0.0004843109180137,train,-3.3148757403698212,-3.3155532,0.00048355604,0.0006774479541533651,-0.026724541300005455,-0.025820943,0.0009035987044043736
-2.0,9.756514716409811e-10,2404.497548871577,500.9208966540563,41.62971960161597,300.52976098251094,0.0005242097190272,train,-3.2804949313467753,-3.2821462,0.00052222033,0.0016512840920674954,-0.014264646269467107,-0.013385628,0.0008790179193880476
-1.8,9.136850961862703e-10,2400.1705034771794,499.3175315176618,39.85562670167986,300.93280864091923,0.0005056508060773,train,-3.296149296097342,-3.2928777,0.00050947437,0.003271621994558771,-0.015815100292453366,-0.016377958,0.0005628572453169056
-2.0,1.1762312017058683e-09,2610.23254556298,515.3751788116352,39.24041391228537,297.93305834844136,0.0005083225482976,train,-3.2938606253277323,-3.2958155,0.00050603965,0.001954842506740384,-0.014091415614336356,-0.0143315215,0.0002401058520380417
-0.8,1.0147448677929011e-09,2607.8117384734032,505.1107398178068,40.31257836583995,298.21936914217434,0.0004852344300212,train,-3.3140483911572445,-3.3167255,0.0004822525,0.0026771013201725147,-0.031065732367666854,-0.031996552,0.0009308195334352121
0.0,1.006299553709699e-09,2596.53014928976,491.578961058072,40.01001805266426,305.28831051478386,0.0004339352270768,train,-3.3625750921983664,-3.357231,0.00043930797,0.005344190480226718,-0.08409470756994608,-0.08207312,0.002021585306991369
-2.6,9.89297888860932e-10,2413.8801533334354,510.75595836241,38.53132745549709,285.1813868750008,0.0005232862709346,train,-3.2812606593661258,-3.2817338,0.00052271655,0.0004730919308713055,-0.010443450466729232,-0.014108871,0.003665420643054418
-2.4000000000000004,8.589969950121183e-10,2505.474763633521,514.8627810246533,39.90795077029272,306.8673078749587,0.0005102085947427,train,-3.2922522297366394,-3.2889705,0.0005140786,0.0032817593081726493,-0.01233521990117481,-0.014088413,0.0017531928456122614
-0.6000000000000001,1.0942344693420075e-09,2360.838758300681,491.3731844386217,39.51420947268076,305.7035776891924,0.0004840760935909,train,-3.31508636474172,-3.3148398,0.00048435095,0.000246524806417181,-0.03631359428423764,-0.033057105,0.0032564894880664497
-2.8000000000000003,9.634928280602635e-10,2455.009212271192,512.2369330710814,40.30940301281442,306.6726054586492,0.0005256103543214,train,-3.279336087930097,-3.2772264,0.0005281698,0.002109639871014757,-0.01016125666884271,-0.00752044,0.002640816634274401
-1.6,9.60969170700449e-10,2766.6918918406623,529.8468751484584,39.61181207182135,297.3307652107198,0.0005005364843343,train,-3.3005642611065893,-3.2997096,0.0005015225,0.0008547026196508156,-0.018434079880327303,-0.021135624,0.002701544617801588
-0.6000000000000001,9.682475573035431e-10,2330.6047518253104,479.0686974559265,41.64371883461047,301.63426669668445,0.0004884595347963,train,-3.3111714084909303,-3.3148937,0.00048429085,0.0037223140432494084,-0.03624306807426514,-0.037344456,0.0011013876447290016
-0.4,8.979123523428993e-10,2531.360993910196,491.918494232159,35.793021097389925,308.86985058095934,0.0004670895611781,train,-3.3305998384998587,-3.3401067,0.0004569759,0.009506887192890279,-0.04716075905145978,-0.04366233,0.00349843077840184
-0.4,1.032683367538443e-09,2526.170348943833,478.8149532207128,42.09307571557734,293.4443281911712,0.000475288392447,train,-3.32304279197028,-3.3260293,0.00047203118,0.0029865087194171913,-0.0460285429262548,-0.04475028,0.0012782622479825534
0.0,8.220747042076197e-10,2489.354974528123,536.8974000619587,36.589080383233394,294.68809277779184,0.0004308334090525,train,-3.3656906266262236,-3.3659964,0.00043053023,0.00030573415258494663,-0.07792826467882108,-0.08117417,0.0032459077822117877
-0.8,1.0455070732925304e-09,2552.705145034877,518.1497095238773,37.60227540602951,298.4772867617408,0.0004721867869248,train,-3.3258861698323345,-3.3223188,0.0004760814,0.0035673774891948895,-0.03060443913912181,-0.030917393,0.00031295390451546723
-2.4000000000000004,9.55415883814233e-10,2578.1734587821948,522.0121395253278,38.42173874228168,293.06092698472065,0.0005125764269344,train,-3.29024137062099,-3.2861161,0.00051746843,0.0041252474215269785,-0.011934343315649798,-0.014032344,0.0020980010181776976
-2.4000000000000004,9.63679966987411e-10,2457.046368424285,519.0454313677445,40.52844947169319,303.263443359763,0.0005254898912691,train,-3.2794356339806963,-3.2811153,0.00052346144,0.0016796595221113542,-0.011845424989715525,-0.014469487,0.0026240616715398346
-1.0,1.018423641836786e-09,2420.2103352289205,495.3862399264609,39.18777263938059,307.5354074756815,0.0004837797493279,train,-3.315352314848088,-3.3111727,0.000488458,0.004179591077946299,-0.02615287314853809,-0.02591512,0.00023775335154674337
-1.2000000000000002,8.622252758820396e-10,2596.9228583838576,499.2028055441836,37.99663516660689,298.18972265332246,0.0004898549965712,train,-3.3099324577442486,-3.3108242,0.00048885023,0.0008916980632465155,-0.02311989666777947,-0.02166413,0.001455767097652938
-2.2,1.0375673846448864e-09,2379.4103992541063,496.85223216497695,39.047727684139495,305.18782525816323,0.0005137398346599,train,-3.289256758390403,-3.2886908,0.00051440974,0.0005659529552222153,-0.012705695472089218,-0.011987644,0.0007180512243785131
-0.2,1.0147448677929011e-09,2607.8117384734032,505.1107398178068,40.31257836583995,298.21936914217434,0.0004576429242421,train,-3.33947324801046,-3.341791,0.00045520716,0.0023176665250623785,-0.06205195110383599,-0.06094898,0.001102971994310309
-2.2,1.000072357945733e-09,2615.067429542859,502.8265147659643,41.97319841319997,303.92619603855775,0.0005197403758223,train,-3.2842135438742543,-3.2878425,0.0005154155,0.003628968256482956,-0.01325787635822806,-0.01326088,3.003195626405386e-06
-1.0,9.42387899986183e-10,2596.3418775504824,506.9916211367261,42.54178389838287,305.55199671356803,0.0004877809005653,train,-3.3117752088223904,-3.30727,0.00049286726,0.004505158773562279,-0.02720471162842486,-0.0281276,0.0009228878791454065
-0.6000000000000001,1.1942019403763875e-09,2464.5026025880397,490.2741317287723,40.32854625878799,294.3650499716886,0.0004840592694672,train,-3.3151014589617334,-3.3180625,0.0004807701,0.002961084907285194,-0.035696272768404924,-0.03461117,0.001085103519585573
-1.4,1.0352580576007263e-09,2678.9547588546675,473.131828680381,34.826156523967086,290.8089263982084,0.0004812798908277,train,-3.3176022839387094,-3.3116562,0.00048791454,0.005946047290149803,-0.020222833977205923,-0.020600727,0.0003778928507731649
-0.6000000000000001,1.0849323731926979e-09,2551.147301026894,487.27717818808753,44.82712146868644,302.5978918999191,0.0004835232876235,train,-3.315582604429316,-3.3160324,0.00048302274,0.00044980523865278954,-0.03808087987150621,-0.03631456,0.001766321633715151
-2.0,1.0803651442869379e-09,2531.060987167743,511.9316238370674,40.66002705988115,288.1838349540611,0.0005246860195396,train,-3.2801005075906757,-3.2850697,0.00051871676,0.004969196465110404,-0.013987801861569338,-0.013162597,0.0008252047790140438
-0.6000000000000001,1.1201765668553066e-09,2329.913862262383,487.444276821995,41.61971486534147,298.1037724082114,0.0004926983622006,train,-3.30741888137929,-3.3104393,0.0004892836,0.0030204668415350078,-0.03550224945398561,-0.034110047,0.0013922025308250596
-1.4,1.006299553709699e-09,2596.53014928976,491.578961058072,40.01001805266426,305.28831051478386,0.0004931730154938,train,-3.3070006943284325,-3.3030355,0.0004976964,0.003965196663027193,-0.020630906920420244,-0.019811947,0.0008189600217214377
-0.8,9.55415883814233e-10,2578.1734587821948,522.0121395253278,38.42173874228168,293.06092698472065,0.0004782311010469,train,-3.3203621836074535,-3.3167737,0.00048219904,0.003588530577057991,-0.030783199546334572,-0.030801209,1.8009143474273515e-05
-1.0,9.664729913030388e-10,2627.7330466636663,506.9906344590098,40.06029068650691,301.1540677406581,0.0004816122010608,train,-3.3173025192870713,-3.312019,0.00048750703,0.005283409561119168,-0.02715143798248043,-0.027472198,0.00032076002701053596
-1.6,1.075576112436465e-09,2439.1914792405805,507.5653121861305,41.43318212059344,299.0815860986159,0.0005059385872483,train,-3.2959021962784685,-3.289692,0.0005132253,0.006210271229640352,-0.01753872186027472,-0.018365188,0.0008264657101779704
-3.0,1.2307353848142815e-09,2445.249484887284,482.48119148575233,42.87746783295031,307.55593866537106,0.0005345387491795,train,-3.2720208069288006,-3.2718298,0.00053477386,0.0001909634076824318,-0.009179576604781303,0.0049082953,0.014087871953067932
-1.2000000000000002,9.798133860644783e-10,2446.0111249981446,493.4775434169566,39.325337668236735,299.6111127589073,0.0005008543035701,train,-3.300288590216359,-3.3034282,0.0004972466,0.0031395828488265387,-0.022355252621860444,-0.02180389,0.0005513631982516642
-0.4,1.1942019403763875e-09,2464.5026025880397,490.2741317287723,40.32854625878799,294.3650499716886,0.0004753824319102,train,-3.3229568719671927,-3.3255553,0.00047254664,0.002598452587250666,-0.04447038648283019,-0.041735444,0.00273494226490989
-0.4,1.0574423663675307e-09,2585.0385338602478,471.3266920396063,42.543125490608695,301.3994726877767,0.000467034128569,train,-3.3306513821584605,-3.3310118,0.00046664674,0.0003603899973012581,-0.04685904755999282,-0.04500008,0.001858967540757206
-1.8,8.758150413106088e-10,2554.792538970499,492.8309420700668,37.207464786418186,297.95471711920453,0.000498933310335,train,-3.3019575002465147,-3.303193,0.00049751584,0.001235592099676719,-0.01617360242391186,-0.015463146,0.0007104560428317086
-1.6,1.120623623770265e-09,2459.871490367434,512.0011452017391,38.21649432972869,303.56534322943094,0.0005030117119808,train,-3.298421902837875,-3.2979248,0.0005035878,0.0004971458340907731,-0.01750574861124221,-0.01752586,2.011056587036819e-05
-2.6,7.777840542828623e-10,2445.911024694583,482.1130919467457,41.27682283342508,300.8565986758517,0.0005169230269888,train,-3.286574121205447,-3.2804198,0.0005243004,0.006154294697878537,-0.010981919710253862,-0.014058954,0.0030770343721755467
-2.0,1.0203477325736783e-09,2420.870896846657,485.827773341465,41.83782044136868,301.83723728961854,0.0005273967548731,train,-3.277862546793327,-3.2836647,0.0005203976,0.005802156575813733,-0.014027708753859613,-0.013304124,0.0007235850988980275
-1.4,1.0025105539620802e-09,2526.9743060678943,509.1946075584183,40.75166342427999,301.0515477079729,0.0005021187536646,train,-3.299193557831085,-3.2992275,0.00050207955,3.391828890997317e-05,-0.020217795246379566,-0.020685898,0.0004681028936932563
-1.8,1.2595929862237601e-09,2354.3009197629594,499.1918367180637,40.77134716523017,305.22981462209646,0.0005165425572926,train,-3.2868938916933454,-3.287984,0.00051524775,0.0010900026547990826,-0.015359900052931863,-0.016171556,0.0008116559132069767
-2.2,9.55415883814233e-10,2578.1734587821948,522.0121395253278,38.42173874228168,293.06092698472065,0.0005096498532191,train,-3.2927280965302574,-3.2887256,0.0005143685,0.00400248198252795,-0.013019786370717767,-0.01256193,0.00045785602720904706
-1.4,9.682475573035431e-10,2330.6047518253104,479.0686974559265,41.64371883461047,301.63426669668445,0.0005125959340359,train,-3.290224843006975,-3.2926028,0.00050979696,0.0023779344741039488,-0.019611557293432114,-0.019865034,0.00025347685466492464
-2.4000000000000004,1.0728366895058958e-09,2396.471193900285,522.5703607996403,39.66536493364173,302.3426017448898,0.0005247324349878,train,-3.280062090173954,-3.2815337,0.00052295736,0.0014716279351767447,-0.011503900694355806,-0.014076932,0.00257303163905398
0.0,1.1395831540373826e-09,2538.761869465952,510.72502895181066,40.87821813200619,300.974125232131,0.0004438184110795,train,-3.352794685735413,-3.3541045,0.00044248186,0.0013098331549676878,-0.08074235412055941,-0.08171774,0.0009753828985026303
-2.6,1.006938037138553e-09,2476.033687734913,499.8883185243343,35.52248114367448,306.4489109295662,0.0005157237581112,train,-3.2875828612655207,-3.290949,0.0005117418,0.00336624495090998,-0.011039014859326457,-0.014123407,0.003084392333201791
-2.6,1.0671658198705114e-09,2444.626831258547,492.08006432381046,41.193035529790656,301.7038514591378,0.0005187069913126,train,-3.2850778983954236,-3.277889,0.0005273646,0.007188885105018361,-0.010846336293026226,-0.013985194,0.0031388579728162114
-2.6,1.1201765668553066e-09,2329.913862262383,487.444276821995,41.61971486534147,298.1037724082114,0.0005371290184847,train,-3.269921384158955,-3.2730563,0.0005332658,0.003134884533061655,-0.010495618204748425,-0.013403975,0.0029083572000505598
-1.6,9.16382362452114e-10,2549.3338723326283,483.7915671011157,41.484417545989686,302.7283665488111,0.0005012439408579,train,-3.2999508641830007,-3.2975082,0.00050407107,0.002442624436906904,-0.01812364194339189,-0.019071765,0.0009481233006152223
-1.2000000000000002,8.939439783837785e-10,2330.6189292196764,529.359956175692,38.57283152042447,302.4090006102026,0.000494614069668,train,-3.305733533966904,-3.3079531,0.00049209263,0.002219585311050043,-0.022387167818441966,-0.021581873,0.0008052945207506212
-2.8000000000000003,1.2595929862237601e-09,2354.3009197629594,499.1918367180637,40.77134716523017,305.22981462209646,0.0005311598643457,train,-3.274774748684702,-3.275156,0.00053069374,0.0003812724334619766,-0.009685642268797423,-0.0070904978,0.002595144506832625
-1.0,1.0191682032973931e-09,2560.240612715575,475.6482256289376,41.11142736058992,291.8506686301862,0.0004890728978629,train,-3.3106264030848966,-3.3078375,0.0004922237,0.002788916817806797,-0.026065153053545842,-0.027786776,0.0017216233699084427
-2.6,1.0040157435828723e-09,2421.1156291426087,502.3421578152334,38.33334239027114,293.10089722857373,0.0005266663992468,train,-3.278464388282332,-3.280181,0.00052458886,0.0017165428089764845,-0.010599977670290528,-0.013569894,0.0029699165764665025
-2.8000000000000003,8.939439783837785e-10,2330.6189292196764,529.359956175692,38.57283152042447,302.4090006102026,0.0005222560539512,train,-3.2821165170109166,-3.283123,0.0005210471,0.0010064993465053185,-0.00992602661930242,-0.007813177,0.002112849547790674
-2.8000000000000003,1.243555870393131e-09,2440.816535503744,483.6779599156501,38.81204244575611,302.5323056028984,0.0005201607386772,train,-3.283862431108476,-3.2827415,0.00052150496,0.0011208844776167126,-0.010006032393405917,-0.007235568,0.002770464376638415
-1.8,8.220747042076197e-10,2489.354974528123,536.8974000619587,36.589080383233394,294.68809277779184,0.0004951251039562,train,-3.3052850534034057,-3.306349,0.0004939136,0.001063985674353063,-0.015749867012381458,-0.016701654,0.000951786587357617
-1.2000000000000002,9.118663996020181e-10,2651.95019435956,481.7408591707263,38.899871401178025,300.40158819211445,0.0004858018188742,train,-3.313540863500527,-3.3142288,0.00048503294,0.00068790961653864,-0.02373979833119222,-0.023058781,0.0006810169308693048
-2.8000000000000003,1.0806933086411387e-09,2604.781653428076,466.5836923998952,39.33731057072893,297.69705044733973,0.0005258730271837,train,-3.2791191042306447,-3.2835712,0.0005205096,0.004452139055488136,-0.010122703274211275,-0.0071757482,0.0029469550377339004
-0.8,1.013177684158949e-09,2549.0982526102403,506.5025106580401,39.7132385315927,304.62183232922587,0.0004846314136276,train,-3.314588438479664,-3.31928,0.00047942434,0.004691470654247354,-0.03124949453495418,-0.03171186,0.00046236695624912727
-2.0,9.85546704036472e-10,2573.0239327697072,479.3922741661716,39.9154735600532,295.8292447353602,0.0005051531809664,train,-3.2965769078993334,-3.2913811,0.000511233,0.0051957872175707465,-0.014366870695299738,-0.013599453,0.0007674181326695617
-0.6000000000000001,9.162514515645111e-10,2366.748252214537,515.4599435910573,36.43861892729903,303.676124223718,0.0004581192484367,train,-3.339021460430368,-3.3346126,0.00046279366,0.004408852474435232,-0.03645338913011997,-0.034830213,0.0016231765370413598
-2.8000000000000003,9.798133860644783e-10,2446.0111249981446,493.4775434169566,39.325337668236735,299.6111127589073,0.0005285502852532,train,-3.2769136884528436,-3.2795553,0.0005253451,0.0026416322869025066,-0.009887966707948337,-0.007072395,0.0028155715285276273
-1.2000000000000002,9.928313705154955e-10,2556.196978076177,523.0189213691006,40.51326020590248,298.8914974420704,0.0005009413602026,train,-3.300213109324256,-3.3007865,0.0005002804,0.0005733858844840789,-0.02292438512804118,-0.023745636,0.0008212503963509477
-2.8000000000000003,9.664729913030388e-10,2627.7330466636663,506.9906344590098,40.06029068650691,301.1540677406581,0.0005159910895789,train,-3.287357797946679,-3.2811198,0.00052345596,0.006237974490868492,-0.010535706759226215,-0.00750439,0.0030313166722475415
-1.0,9.89297888860932e-10,2413.8801533334354,510.75595836241,38.53132745549709,285.1813868750008,0.0004934387656248,train,-3.3067667343850013,-3.3088648,0.00049106067,0.002098097539437127,-0.02489448159287022,-0.026068171,0.0011736898933882856
-2.2,9.244750759855351e-10,2606.766252024905,514.7015322051607,39.36697999872778,300.425811364213,0.0005145734982143,train,-3.288552584770971,-3.2960222,0.00050579885,0.007469591971582812,-0.013254656986822155,-0.013214906,3.9751240541008315e-05
-2.2,1.0705485436227222e-09,2590.7468930890127,531.0534862964538,41.61731424149927,306.85396396460635,0.0005246875150464,train,-3.280099269727647,-3.2813945,0.00052312505,0.0012952119312883426,-0.013559748591637444,-0.012690738,0.0008690107481239551
-1.2000000000000002,8.584521018906484e-10,2718.2749419682723,482.1832227724541,38.88005077046229,301.691940704981,0.0004857065246973,train,-3.3136260624297833,-3.3157957,0.00048328613,0.002169597589137595,-0.024255680742253816,-0.023481864,0.0007738162600894327
-2.2,1.013177684158949e-09,2549.0982526102403,506.5025106580401,39.7132385315927,304.62183232922587,0.0005171266370087,train,-3.286403091297843,-3.2908106,0.00051190506,0.00440749372412963,-0.013322697180052856,-0.012628721,0.0006939761067830119
-0.2,9.220148370062533e-10,2472.3739758500788,504.5088858703008,41.28793476116813,303.0641722996054,0.0004537041869924,train,-3.3432272128448393,-3.342021,0.00045496607,0.001206224380483789,-0.06195056896972062,-0.061776016,0.00017455306219460454
-0.2,9.798133860644783e-10,2446.0111249981446,493.4775434169566,39.325337668236735,299.6111127589073,0.0004620651284024,train,-3.335296806018993,-3.338118,0.00045907317,0.0028212703054699695,-0.06024119560137997,-0.059242357,0.0009988390328050656
-0.4,1.1762312017058683e-09,2610.23254556298,515.3751788116352,39.24041391228537,297.93305834844136,0.0004642974382904,train,-3.333203712498833,-3.3357313,0.0004616031,0.0025275554302441883,-0.0459008956810969,-0.04284295,0.0030579450091856586
-1.2000000000000002,9.50582857470194e-10,2403.738957653681,492.6388454667692,37.10727035463277,300.4554170460457,0.0004969999817297,train,-3.3036436272318404,-3.3086927,0.00049125537,0.005049066478486797,-0.022235566329444012,-0.02178865,0.0004469170684462398
-2.2,9.979877857013676e-10,2496.537246315292,510.00187244466247,38.795972505421744,297.7961123434831,0.0005097843334093,train,-3.2926135153132763,-3.2918658,0.00051066274,0.0007476896602001126,-0.013087541885790088,-0.01252379,0.0005637519956795956
-1.8,1.0942344693420075e-09,2360.838758300681,491.3731844386217,39.51420947268076,305.7035776891924,0.0005161634315291,train,-3.2872127670290454,-3.288155,0.0005150447,0.0009423118588940405,-0.015431082586708555,-0.015146972,0.0002841109064846137
-0.6000000000000001,1.000072357945733e-09,2615.067429542859,502.8265147659643,41.97319841319997,303.92619603855775,0.0004795243155973,train,-3.3191893658405816,-3.3252463,0.00047288297,0.006056968235346183,-0.03813495535829858,-0.03824856,0.00011360596439047299
-2.0,1.0933784852654091e-09,2410.884334287086,539.0569290920441,39.62193192256099,289.3285700165644,0.000517808835797,train,-3.2858305431148582,-3.283411,0.0005207017,0.002419517113881664,-0.013688518943402173,-0.012761354,0.0009271644969910398
0.0,1.0686494239643995e-09,2589.6130644148398,507.5353543611665,40.55316862193092,296.6314874710408,0.0004498524486095,train,-3.3469299112530364,-3.3522754,0.00044434943,0.005345460298477267,-0.08053984758781496,-0.081480786,0.0009409386165231126
-0.2,9.123213222215395e-10,2625.69228411366,506.617977618184,38.92442853409919,306.1252360546967,0.0004432773376252,train,-3.3533244712630523,-3.3513205,0.0004453275,0.002003966120840417,-0.06383161062372267,-0.060941942,0.0028896685875707817
-1.0,1.0692616090001279e-09,2445.881237248077,515.6238842072526,38.37558042728467,295.9516778251947,0.0004910970314354,train,-3.3088326910671775,-3.310074,0.0004896953,0.0012413998904641232,-0.02550232607550207,-0.02558857,8.624408715185439e-05
-0.6000000000000001,9.928313705154955e-10,2556.196978076177,523.0189213691006,40.51326020590248,298.8914974420704,0.0004813661217029,train,-3.317524478405041,-3.3189683,0.00047976847,0.0014438176459843355,-0.03745466360056504,-0.036177225,0.0012774381896267784
-0.2,1.000096056099185e-09,2446.239819629679,503.61049666576776,43.101977222602514,303.9832024614659,0.0004672211786947,train,-3.3304774792908294,-3.3331742,0.00046432897,0.0026967493773835116,-0.06243573187594542,-0.062427692,8.039760638567373e-06
-0.8,9.980121445569454e-10,2387.75545073954,508.7275610680178,38.8972081784186,297.8606493603604,0.0004808486031102,train,-3.3179916412637422,-3.3159142,0.0004831543,0.002077487211007867,-0.030100610015811213,-0.030453118,0.00035250754850935095
-2.4000000000000004,1.2225799825820127e-09,2598.953191343567,516.8045118894966,39.85430360518959,306.74502895459364,0.0005111346291587,train,-3.291464694777353,-3.2912245,0.0005114174,0.00024021510205995966,-0.012241680769532692,-0.014933924,0.002692243421167362
-0.4,8.599648780937922e-10,2637.8899539670565,501.9551856304757,39.90381821426863,300.9815905741297,0.0004573556883215,train,-3.339745915045592,-3.3361838,0.0004611224,0.0035621286533800145,-0.0476619048403073,-0.04431752,0.0033443836854267772
-2.4000000000000004,8.97240116378001e-10,2315.448379676966,519.850638103925,40.31160828282909,292.8565689112594,0.0005249374255485,train,-3.2798924629914787,-3.2811186,0.0005234574,0.001226168371436298,-0.011336776447388175,-0.013819076,0.002482299673465249
-1.4,1.032683367538443e-09,2526.170348943833,478.8149532207128,42.09307571557734,293.4443281911712,0.0005086254122719,train,-3.293601945116366,-3.2953694,0.0005065597,0.0017674415566077961,-0.019906716923168588,-0.020450283,0.0005435659187522646
-1.2000000000000002,9.920951194363948e-10,2484.0228854962547,482.5603784265586,38.422268984819695,304.0303353891022,0.0004895534191461,train,-3.310199911880082,-3.306629,0.0004935954,0.0035709693904579787,-0.022995561274107956,-0.022030508,0.000965053128417992
-0.8,1.0803651442869379e-09,2531.060987167743,511.9316238370674,40.66002705988115,288.1838349540611,0.0004961148492931,train,-3.3044177738315024,-3.3100111,0.00048976624,0.0055933746212564195,-0.02987400819805508,-0.031205539,0.0013315304622327773
-2.6,8.599648780937922e-10,2637.8899539670565,501.9551856304757,39.90381821426863,300.9815905741297,0.0005120468645967,train,-3.290690288820421,-3.2878757,0.00051537616,0.002814636507188606,-0.011410353855987765,-0.014061316,0.002650962060490869
-0.8,7.777840542828623e-10,2445.911024694583,482.1130919467457,41.27682283342508,300.8565986758517,0.0004794614742471,train,-3.3192462835800423,-3.3138437,0.00048546316,0.00540255646822585,-0.03122852672848353,-0.03232581,0.0010972849556480924
-2.8000000000000003,1.0732744646319759e-09,2458.1779927472685,500.451348042105,41.29986197643443,296.3385514465405,0.0005249740861726,train,-3.2798621337559606,-3.2754002,0.0005303955,0.004461972012796522,-0.009803643943932627,-0.0072688395,0.0025348044281869875
-1.0,1.0671658198705114e-09,2444.626831258547,492.08006432381046,41.193035529790656,301.7038514591378,0.0004879651285585,train,-3.3116112128656114,-3.3046417,0.0004958591,0.006969489232798942,-0.026192989471274686,-0.026398612,0.00020562271503798968
-1.8,1.0686494239643995e-09,2589.6130644148398,507.5353543611665,40.55316862193092,296.6314874710408,0.000517875299268,train,-3.285774802724973,-3.2911098,0.0005115525,0.005334997613771986,-0.01588194784975805,-0.01677058,0.0008886329337283172
-1.6,7.516487326049727e-10,2475.0294016619155,481.8667099014746,36.16652897024234,304.10393187120707,0.0004929820680194,train,-3.307168877683947,-3.307598,0.0004924951,0.0004292363297246915,-0.018303375639124653,-0.018097531,0.00020584458868100342
-1.8,9.920951194363948e-10,2484.0228854962547,482.5603784265586,38.422268984819695,304.0303353891022,0.0005026456665138,train,-3.298738057299352,-3.2954006,0.00050652324,0.0033374377925161625,-0.015986281647341727,-0.016084123,9.784175549221175e-05
-2.4000000000000004,9.525981103063824e-10,2521.0178569100235,513.1122387074643,39.33447860201831,299.4635962010897,0.000521085778822,train,-3.2830907791905775,-3.2886755,0.00051442784,0.005584767455540707,-0.012010470415988905,-0.014011268,0.0020007971566524674
-0.8,8.498130788208901e-10,2622.111610500832,493.1418777793542,40.32755095458103,299.70047987606006,0.0004837158702804,train,-3.3154096635684676,-3.316885,0.00048207544,0.00147533093836838,-0.031638227318813605,-0.030981833,0.0006563942035935355
-1.2000000000000002,1.0941860864671191e-09,2539.112215454232,503.69324532533454,39.339075937042885,294.39428351617613,0.0004997502938491,train,-3.3012469418481545,-3.3036032,0.0004970463,0.0023562304540916124,-0.022403773828314044,-0.021585012,0.0008187619735462448
-2.8000000000000003,1.0308127820747194e-09,2437.7200106987866,482.5972990901911,40.648465379108416,299.4728047413536,0.0005364884345635,train,-3.2704396359708956,-3.2747552,0.00053118373,0.004315603515798738,-0.01007356684735683,-0.0071299654,0.002943601497324977
-0.8,9.798133860644783e-10,2446.0111249981446,493.4775434169566,39.325337668236735,299.6111127589073,0.0004891228591798,train,-3.310582039931405,-3.3138912,0.00048541013,0.003309132477652632,-0.03021724646906776,-0.03071582,0.0004985729791648907
-1.2000000000000002,1.0942344693420075e-09,2360.838758300681,491.3731844386217,39.51420947268076,305.7035776891924,0.0005031782270329,train,-3.298278159462719,-3.2986856,0.00050270645,0.00040739122697841523,-0.0222841256737194,-0.020507624,0.0017765013008794739
-0.2,9.16382362452114e-10,2549.3338723326283,483.7915671011157,41.484417545989686,302.7283665488111,0.0004522568121143,train,-3.344614882862025,-3.342599,0.00045436103,0.00201596776192714,-0.06249060343409596,-0.061640777,0.0008498267402750059
-2.6,8.939439783837785e-10,2330.6189292196764,529.359956175692,38.57283152042447,302.4090006102026,0.0005197801859876,train,-3.284180279818194,-3.285494,0.0005182101,0.001313809308392866,-0.010767106707298524,-0.014684691,0.003917584386563533
-3.0,9.756514716409811e-10,2404.497548871577,500.9208966540563,41.62971960161597,300.52976098251094,0.0005381641842384,train,-3.2690852086629536,-3.2717786,0.00053483696,0.002693374863657727,-0.009162268709122401,0.0043223295,0.013484598245202761
-1.6,1.0727510291740675e-09,2408.6350240081065,515.7307920217833,36.322106531247385,300.55707391972635,0.0004896443071745,train,-3.310119290432018,-3.3034873,0.00049717893,0.006631989559215068,-0.0173521129159937,-0.01821244,0.0008603265763511558
-0.8,9.979877857013676e-10,2496.537246315292,510.00187244466247,38.795972505421744,297.7961123434831,0.0004782772830399,train,-3.3203202465265615,-3.3197978,0.00047885304,0.0005224922388418207,-0.030664183797654232,-0.030817915,0.000153730956498066
-0.8,9.89963136259949e-10,2542.7024133885266,503.0087467521194,39.0211226249472,305.0510216058231,0.0004752610195813,train,-3.3230678046300755,-3.3211823,0.00047732893,0.0018855536535129502,-0.03144511635494318,-0.031479515,3.439878034505739e-05
-2.6,1.0803651442869379e-09,2531.060987167743,511.9316238370674,40.66002705988115,288.1838349540611,0.0005335839001722,train,-3.272797282861856,-3.2773046,0.0005280747,0.0045073664911714495,-0.01067658410097394,-0.013984382,0.0033077980515834327
-1.6,1.0849323731926979e-09,2551.147301026894,487.27717818808753,44.82712146868644,302.5978918999191,0.0005130641322519,train,-3.2898283453320576,-3.2899592,0.00051290955,0.0001308469439433857,-0.017921406979180432,-0.018915508,0.0009941009632576936
-1.2000000000000002,1.1201765668553066e-09,2329.913862262383,487.444276821995,41.61971486534147,298.1037724082114,0.0005117413956286,train,-3.29094945079039,-3.2937615,0.0005084386,0.002812040985122888,-0.02195520097047421,-0.020972772,0.0009824294003877299
-1.4,1.0040157435828723e-09,2421.1156291426087,502.3421578152334,38.33334239027114,293.10089722857373,0.0005065476428583,train,-3.2953797012269117,-3.2978783,0.0005036418,0.002498564153947669,-0.019292095845610646,-0.019110963,0.0001811330970831193
-1.4,9.89297888860932e-10,2413.8801533334354,510.75595836241,38.53132745549709,285.1813868750008,0.000503387410625,train,-3.298097650059928,-3.299987,0.0005012021,0.001889427653084752,-0.01911381456446648,-0.019382672,0.00026885781991481394
-2.0,9.123213222215395e-10,2625.69228411366,506.617977618184,38.92442853409919,306.1252360546967,0.000499927473685,train,-3.301092995790053,-3.3002014,0.00050095486,0.0008915797744282195,-0.014911203372149018,-0.013904193,0.0010070099559111867
-2.6,1.013177684158949e-09,2549.0982526102403,506.5025106580401,39.7132385315927,304.62183232922587,0.00052296296277,train,-3.2815290676034485,-3.2851732,0.0005185932,0.003644110115667676,-0.011206476926178155,-0.014687029,0.0034805517873461866
-2.0,9.89297888860932e-10,2413.8801533334354,510.75595836241,38.53132745549709,285.1813868750008,0.0005147316653722,train,-3.2884191139075862,-3.2896802,0.0005132391,0.0012611286308659153,-0.013720601369762164,-0.013579017,0.00014158481838677517
-3.0,1.0806933086411387e-09,2604.781653428076,466.5836923998952,39.33731057072893,297.69705044733973,0.0005282366350756,train,-3.277171482228976,-3.2833092,0.00052082376,0.006137739038724277,-0.00935351674248075,0.004234749,0.013588265634966845
-0.6000000000000001,1.0732744646319759e-09,2458.1779927472685,500.451348042105,41.29986197643443,296.3385514465405,0.0004786312405663,train,-3.3199989581196503,-3.3174396,0.00048146024,0.002559401997824118,-0.03633198426849482,-0.035644796,0.0006871885228836305
-1.6,9.634928280602635e-10,2455.009212271192,512.2369330710814,40.30940301281442,306.6726054586492,0.0005066591656146,train,-3.295284096425487,-3.2942069,0.0005079175,0.0010772387442123943,-0.017798500242600213,-0.018812722,0.0010142213525679011
-0.8,8.939439783837785e-10,2330.6189292196764,529.359956175692,38.57283152042447,302.4090006102026,0.0004830081029563,train,-3.3160455834520284,-3.3183112,0.0004804949,0.0022656309949931064,-0.03033620691961403,-0.030282304,5.390322870368891e-05
-2.4000000000000004,1.1396379394271226e-09,2408.4924726992253,490.0725825278824,43.06550150160359,292.35304316269765,0.0005348907122459,train,-3.2717349430572624,-3.2718039,0.0005348058,6.891283873367016e-05,-0.011439498969437523,-0.01224811,0.0008086110566836169
-2.6,1.075576112436465e-09,2439.1914792405805,507.5653121861305,41.43318212059344,299.0815860986159,0.0005221942652105,train,-3.2821679019521985,-3.27555,0.0005302127,0.006618013341358697,-0.010921443369886319,-0.0139647415,0.0030432981208949883
-0.4,1.0368980362030106e-09,2588.6829740462717,505.298163800807,40.78433779833217,301.9145433801493,0.0004693607521941,train,-3.3284932287940148,-3.3325076,0.00046504222,0.004014381527030153,-0.04741170457662491,-0.044188365,0.0032233392363920643
0.0,1.0071535471770136e-09,2369.635821802133,538.5091665951578,40.65637295368661,296.23853018587084,0.0004558446210023,train,-3.341183165538725,-3.3437989,0.00045310738,0.0026157102699908563,-0.0770825439671512,-0.08602886,0.008946315052128284
-0.8,1.0368980362030106e-09,2588.6829740462717,505.298163800807,40.78433779833217,301.9145433801493,0.0004860875052281,train,-3.313285542225665,-3.3177114,0.00048115905,0.004425811076337105,-0.031526892306253274,-0.032204993,0.000678100762918632
-3.0,1.0109417900146311e-09,2546.474062846718,483.0790058826933,38.96317500489286,311.33012415162744,0.0005119815612008,train,-3.29074567967445,-3.2878532,0.00051540276,0.002892438707652989,-0.00952625021515452,0.004427543,0.01395379312513434
-2.8000000000000003,1.032683367538443e-09,2526.170348943833,478.8149532207128,42.09307571557734,293.4443281911712,0.0005320254410237,train,-3.274067599599636,-3.2743673,0.0005316584,0.0002997328588603132,-0.00994578248602096,-0.007376935,0.0025688476186687126
-0.6000000000000001,9.304065850268983e-10,2472.4930947482308,495.539662311,41.9345213676303,296.5403011366731,0.0004823093139179,train,-3.3166743512979138,-3.318578,0.00048019981,0.001903653539122363,-0.03657004228369054,-0.036892198,0.000322155742489727
-2.8000000000000003,1.006299553709699e-09,2596.53014928976,491.578961058072,40.01001805266426,305.28831051478386,0.0005168682076437,train,-3.286620180290305,-3.282219,0.0005221329,0.004401247184836254,-0.01052827526155653,-0.007455748,0.003072527221327448
0.0,8.762920771795993e-10,2597.67569731618,502.646286170094,38.978559546027874,295.06946514256083,0.0004299720189996,train,-3.3665598057912667,-3.3643126,0.00043220256,0.0022471570180733202,-0.08013948884488897,-0.08132702,0.0011875322770897867
-1.8,9.16382362452114e-10,2549.3338723326283,483.7915671011157,41.484417545989686,302.7283665488111,0.0005051986181042,train,-3.2965378460631465,-3.2938817,0.00050829793,0.002656191323766599,-0.01618001441324246,-0.016991653,0.0008116381350706803
-0.4,9.589043387653522e-10,2486.667922677388,495.3304947031063,40.43386356777175,305.1954997344612,0.0004754584231538,train,-3.322887454298267,-3.3276832,0.000470237,0.004795756074657653,-0.046792593116068204,-0.04332157,0.0034710245971911746
-2.8000000000000003,9.926993823896764e-10,2332.1716999604114,489.929360905385,39.90607827400121,296.137708789732,0.0005205827368655,train,-3.2835102377026986,-3.2748592,0.0005310566,0.008651047715515947,-0.009851294116501208,-0.006809477,0.0030418168878298957
-0.2,1.0732744646319759e-09,2458.1779927472685,500.451348042105,41.29986197643443,296.3385514465405,0.0004591781230223,train,-3.338018811544371,-3.335218,0.00046214904,0.002800858816099705,-0.05961392642351626,-0.059630644,1.6717152867329332e-05
-1.0,9.589043387653522e-10,2486.667922677388,495.3304947031063,40.43386356777175,305.1954997344612,0.0004986745651548,train,-3.3021827823623853,-3.3075302,0.00049257214,0.005347382356242658,-0.026460275666849498,-0.026320122,0.00014015348448026543
-0.8,1.1942019403763875e-09,2464.5026025880397,490.2741317287723,40.32854625878799,294.3650499716886,0.0004912715756569,train,-3.3086783628598306,-3.3115401,0.000488045,0.0028617639407064743,-0.029611687712201018,-0.030502317,0.0008906297610913327
-0.4,9.55415883814233e-10,2578.1734587821948,522.0121395253278,38.42173874228168,293.06092698472065,0.0004622113077092,train,-3.3351594339853445,-3.3306823,0.0004670009,0.004477156305901175,-0.045707336679177146,-0.041020907,0.004686429217533927
-2.8000000000000003,7.777840542828623e-10,2445.911024694583,482.1130919467457,41.27682283342508,300.8565986758517,0.0005194394104458,train,-3.2844651030512892,-3.2781718,0.00052702136,0.006293325326069521,-0.010156794684691661,-0.0072224056,0.0029343890498712
-2.4000000000000004,1.0806933086411387e-09,2604.781653428076,466.5836923998952,39.33731057072893,297.69705044733973,0.0005206013561309,train,-3.2834947049179095,-3.2885768,0.0005145448,0.005082136436460605,-0.011865868409492109,-0.01317217,0.001306301737807658
-2.4000000000000004,1.0933784852654091e-09,2410.884334287086,539.0569290920441,39.62193192256099,289.3285700165644,0.0005237669702474,train,-3.280861892492657,-3.2785676,0.0005265413,0.002294339926128597,-0.011337074745346953,-0.013414927,0.0020778520816069346
-1.8,9.244750759855351e-10,2606.766252024905,514.7015322051607,39.36697999872778,300.425811364213,0.000507697524402,train,-3.2943949542656177,-3.3020184,0.00049886334,0.007623449741340327,-0.016215846182412008,-0.017593293,0.0013774463370381795
-1.8,1.0352580576007263e-09,2678.9547588546675,473.131828680381,34.826156523967086,290.8089263982084,0.0004892587878648,train,-3.310461364981326,-3.30411,0.0004964665,0.006351314779910133,-0.01590882521349357,-0.016887465,0.0009786402783973358
-2.0,1.075576112436465e-09,2439.1914792405805,507.5653121861305,41.43318212059344,299.0815860986159,0.0005133119989869,train,-3.289618583717238,-3.2832491,0.0005208958,0.00636944393147143,-0.014205072151876053,-0.013050931,0.001154141577339729
-1.4,9.808684991835892e-10,2440.440905080504,475.02919518003887,43.13862383173334,296.64614602139693,0.0005165356095236,train,-3.2868997332217704,-3.289564,0.00051337667,0.0026641610500801605,-0.019668084590959367,-0.01975962,9.153501756209437e-05
-2.6,9.304065850268983e-10,2472.4930947482308,495.539662311,41.9345213676303,296.5403011366731,0.000527072624844,train,-3.2781295396338943,-3.2781122,0.0005270937,1.7366553449971178e-05,-0.01087317947087918,-0.014000136,0.003126956934350389
-1.2000000000000002,9.60969170700449e-10,2766.6918918406623,529.8468751484584,39.61181207182135,297.3307652107198,0.0004910375636651,train,-3.3088852837049947,-3.3087757,0.00049116154,0.00010962032914019204,-0.023722926237150332,-0.025116112,0.0013931858460463076
-0.2,1.066709170571727e-09,2302.646144768272,474.8978179470865,37.69553984942066,294.1521471075916,0.0004577569286929,train,-3.3393650734155176,-3.3382287,0.00045895626,0.0011363708703515663,-0.05693744128589451,-0.05789626,0.0009588188862341696
0.0,8.241763212999094e-10,2472.357675267654,473.84577322091,39.21856251436128,307.7679942040925,0.0004342911321436,train,-3.3622190384720336,-3.3615143,0.00043499641,0.0007047085617553073,-0.08372981088236742,-0.08123405,0.0024957581050770727
-2.2,1.0789603531824067e-09,2367.1936347140645,478.9001778930339,37.12870103512795,297.3410066095633,0.0005189309755965,train,-3.284890404986077,-3.2897313,0.0005131788,0.004840859128302899,-0.012367192626342671,-0.011897194,0.0004699984270786217
-1.6,8.97240116378001e-10,2315.448379676966,519.850638103925,40.31160828282909,292.8565689112594,0.000511808003581,train,-3.290892926960194,-3.2929127,0.0005094332,0.002019794673717268,-0.0169791338113523,-0.01884133,0.0018621961506628537
-1.6,1.013177684158949e-09,2549.0982526102403,506.5025106580401,39.7132385315927,304.62183232922587,0.0005061827494856,train,-3.2956926595153218,-3.300206,0.0005009496,0.004513286453306176,-0.018176505260893094,-0.019037152,0.0008606464483058573
-1.2000000000000002,1.0574423663675307e-09,2585.0385338602478,471.3266920396063,42.543125490608695,301.3994726877767,0.0004955216151631,train,-3.3049373963930067,-3.304267,0.0004962872,0.0006704667665418107,-0.02326795851967489,-0.023901818,0.000633859800480252
-0.8,8.584521018906484e-10,2718.2749419682723,482.1832227724541,38.88005077046229,301.691940704981,0.0004733960668952,train,-3.3247753546300185,-3.3269856,0.00047099293,0.002210242980455135,-0.032696689807631074,-0.032757353,6.066322996467477e-05
-0.2,1.0025105539620802e-09,2526.9743060678943,509.1946075584183,40.75166342427999,301.0515477079729,0.0004573687816688,train,-3.33973348208098,-3.33987,0.00045722505,0.00013649396272130687,-0.06251890888895772,-0.061158095,0.0013608143338181833
-1.2000000000000002,1.0882818479532783e-09,2447.508764517909,466.8571183944717,43.278933930679706,307.8168200832177,0.0005040154835047,train,-3.297556121694628,-3.2977514,0.0005037889,0.00019530500214948177,-0.023094253061438863,-0.022349423,0.0007448302638781712
-1.8,1.0803651442869379e-09,2531.060987167743,511.9316238370674,40.66002705988115,288.1838349540611,0.0005211487508235,train,-3.2830382988859603,-3.2880285,0.00051519484,0.004990179736476197,-0.01554159947542999,-0.016290404,0.00074880442710068
-0.8,9.220148370062533e-10,2472.3739758500788,504.5088858703008,41.28793476116813,303.0641722996054,0.000480959089999,train,-3.3178918628014085,-3.3165748,0.00048241988,0.00131705086598366,-0.031080018968337342,-0.03249777,0.0014177521159712825
-1.2000000000000002,1.066709170571727e-09,2302.646144768272,474.8978179470865,37.69553984942066,294.1521471075916,0.0004943403713563,train,-3.3059739205096634,-3.303991,0.0004966025,0.001982841179219097,-0.021418784372229993,-0.021801844,0.0003830598670049312
-3.0,8.939439783837785e-10,2330.6189292196764,529.359956175692,38.57283152042447,302.4090006102026,0.000524553912708,train,-3.2802098691704735,-3.2827554,0.0005214884,0.002545505737973741,-0.009140451785132342,0.0038068832,0.012947335021525674
-2.8000000000000003,9.42387899986183e-10,2596.3418775504824,506.9916211367261,42.54178389838287,305.55199671356803,0.0005227513017666,train,-3.2817048770194304,-3.2761595,0.00052946893,0.005545352101827827,-0.01065519294142625,-0.0077547673,0.002900425627826664
-3.0,1.075576112436465e-09,2439.1914792405805,507.5653121861305,41.43318212059344,299.0815860986159,0.0005270689795326,train,-3.2781325432884683,-3.27302,0.0005333103,0.005112514220475095,-0.009305638255019844,0.004143651,0.013449289364208639
-0.8,9.16382362452114e-10,2549.3338723326283,483.7915671011157,41.484417545989686,302.7283665488111,0.0004798601780417,train,-3.3188852891889216,-3.3169398,0.00048201458,0.0019454584088922644,-0.03164054782118697,-0.03287839,0.0012378436234961043
-0.2,1.0789603531824067e-09,2367.1936347140645,478.9001778930339,37.12870103512795,297.3410066095633,0.0004624423956827,train,-3.334942357617302,-3.3404968,0.00045656564,0.005554420870857335,-0.05741359223978826,-0.057897247,0.0004836551342695117
0.0,9.55415883814233e-10,2578.1734587821948,522.0121395253278,38.42173874228168,293.06092698472065,0.0004372707057869,train,-3.35924961650661,-3.3542337,0.00044235023,0.005015874746356008,-0.0790616887547344,-0.08084632,0.0017846283577114264
-0.8,9.50582857470194e-10,2403.738957653681,492.6388454667692,37.10727035463277,300.4554170460457,0.0004854307167122,train,-3.313872746181794,-3.3190827,0.00047964207,0.005209990787200081,-0.030066901492727283,-0.03034992,0.0002830180797452897
-2.6,9.525981103063824e-10,2521.0178569100235,513.1122387074643,39.33447860201831,299.4635962010897,0.0005238496544002,train,-3.2807933382705654,-3.285721,0.0005179394,0.004927725343326195,-0.011034835019771094,-0.014392043,0.00335720844411469
-1.4,1.0686494239643995e-09,2589.6130644148398,507.5353543611665,40.55316862193092,296.6314874710408,0.0005094765097353,train,-3.2928758350677945,-3.2985423,0.00050287234,0.005666426055862761,-0.019988830060155394,-0.01992837,6.046038904905515e-05
-1.2000000000000002,9.89963136259949e-10,2542.7024133885266,503.0087467521194,39.0211226249472,305.0510216058231,0.0004871260813446,train,-3.3123586171315673,-3.3104157,0.0004893102,0.001942872350073177,-0.02325290960157922,-0.022587547,0.0006653625228505433
-0.2,1.0060692139373963e-09,2527.3807724384133,522.7157534573084,43.167246359099664,298.50956140834,0.0004701778211416,train,-3.327737860925658,-3.3273985,0.00047054532,0.00033932233618028107,-0.06134601464876788,-0.06255538,0.0012093655168090578
0.0,1.0789603531824067e-09,2367.1936347140645,478.9001778930339,37.12870103512795,297.3410066095633,0.0004484997485832,train,-3.3482377960735334,-3.3544457,0.0004421344,0.00620789980354175,-0.07554079232253486,-0.080993384,0.005452591800313655
-1.0,8.589969950121183e-10,2505.474763633521,514.8627810246533,39.90795077029272,306.8673078749587,0.0004814663986668,train,-3.317434016707249,-3.3137968,0.00048551566,0.003637258055515513,-0.026895968060616227,-0.026538607,0.0003573613275325016
-0.6000000000000001,9.16382362452114e-10,2549.3338723326283,483.7915671011157,41.484417545989686,302.7283665488111,0.0004723202905441,train,-3.3257633970401654,-3.3239799,0.00047426397,0.0017835424564252023,-0.038124181792019485,-0.03742799,0.0006961901633726342
-1.4,8.599648780937922e-10,2637.8899539670565,501.9551856304757,39.90381821426863,300.9815905741297,0.0004909111440153,train,-3.308997109009486,-3.3063283,0.0004939372,0.0026688123481091175,-0.020859576631403698,-0.020010527,0.0008490494080550803
-3.0,8.891400398891501e-10,2578.309809077789,484.4641187531683,42.13424050837239,300.34884642744885,0.000528314720606,train,-3.2771072882551597,-3.2780247,0.0005271999,0.0009173852067543287,-0.009540864418488226,0.0045462907,0.014087155147683106
-0.6000000000000001,1.0308127820747194e-09,2437.7200106987866,482.5972990901911,40.648465379108416,299.4728047413536,0.0004885586325143,train,-3.3110833086097116,-3.3165548,0.00048244212,0.005471476165068712,-0.036507456057487175,-0.035847597,0.0006598592333180164
-2.6,9.980121445569454e-10,2387.75545073954,508.7275610680178,38.8972081784186,297.8606493603604,0.0005171834484923,train,-3.286355382367597,-3.2826939,0.00052156224,0.003661519452557993,-0.01069281791746235,-0.014339124,0.003646305935088634
-1.2000000000000002,1.1064539714677527e-09,2488.434465234489,500.4335716276796,41.129719458135625,288.0815978442095,0.0004978233309928,train,-3.302924753601288,-3.2998753,0.00050133123,0.003049494201873948,-0.02209729276966854,-0.021671858,0.000425435084817849
0.0,1.2307353848142815e-09,2445.249484887284,482.48119148575233,42.87746783295031,307.55593866537106,0.0004487948216414,train,-3.3479521627713686,-3.3453312,0.0004515115,0.0026209707547670824,-0.08250026437156066,-0.07940896,0.0030913058172927776
-0.8,1.1459805246638944e-09,2630.825732937456,497.4739907663986,41.26661222078493,300.2753689300697,0.0004775472117874,train,-3.32098368626834,-3.3188834,0.00047986224,0.0021002672314747173,-0.03106060553346701,-0.031957664,0.0008970580622094104
-0.6000000000000001,8.894595189948581e-10,2383.601346469497,502.4892009812192,38.55163090195673,309.2198732722366,0.0004741039647168,train,-3.3241264128577384,-3.3245182,0.00047367645,0.0003917908776132073,-0.037655527934894906,-0.034022793,0.0036327347611049277
-1.8,1.1201765668553066e-09,2329.913862262383,487.444276821995,41.61971486534147,298.1037724082114,0.000524822900125,train,-3.2799872232113967,-3.2830384,0.0005211487,0.003051154550444135,-0.015288093555621884,-0.015269435,1.86585447714549e-05
-2.6,1.0308127820747194e-09,2437.7200106987866,482.5972990901911,40.648465379108416,299.4728047413536,0.0005339140330403,train,-3.2725286642856117,-3.2769682,0.0005284839,0.0044395764523033066,-0.010865868560292924,-0.013810119,0.0029442501000378485
-2.0,7.777840542828623e-10,2445.911024694583,482.1130919467457,41.27682283342508,300.8565986758517,0.0005080821223976,train,-3.294066086098692,-3.2882638,0.0005149158,0.005802288338682349,-0.01434498634639958,-0.013383271,0.0009617151737568719
0.0,9.664729913030388e-10,2627.7330466636663,506.9906344590098,40.06029068650691,301.1540677406581,0.0004330223564406,train,-3.3634896809488426,-3.357608,0.00043892663,0.005881601038564277,-0.08345432600133762,-0.08283044,0.0006238894736085854
-1.6,9.123213222215395e-10,2625.69228411366,506.617977618184,38.92442853409919,306.1252360546967,0.0004923594508845,train,-3.307717721342365,-3.30682,0.0004933783,0.0008978055708808164,-0.018563806352213774,-0.018700043,0.00013623638729676202
-2.6,1.1762312017058683e-09,2610.23254556298,515.3751788116352,39.24041391228537,297.93305834844136,0.0005170390012977,train,-3.286476695959198,-3.2872565,0.0005161115,0.0007797833041078839,-0.010828838038568378,-0.015348683,0.004519845072801232
-2.6,9.55415883814233e-10,2578.1734587821948,522.0121395253278,38.42173874228168,293.06092698472065,0.0005152827937412,train,-3.287954359203997,-3.2831554,0.0005210082,0.004798917919817125,-0.010998470216016187,-0.014401903,0.003403433159967051
-0.4,9.136850961862703e-10,2400.1705034771794,499.3175315176618,39.85562670167986,300.93280864091923,0.0004649127309597,train,-3.3326285611306474,-3.3290086,0.00046880412,0.003619981876497036,-0.04566656546734649,-0.0425927,0.003073864896524725
-2.6,1.0882818479532783e-09,2447.508764517909,466.8571183944717,43.278933930679706,307.8168200832177,0.00053034401022,train,-3.2754423317676986,-3.2760391,0.00052961573,0.0005967917674576384,-0.011136608313204732,-0.013476582,0.0023399739308338496
-2.0,1.0073410050818803e-09,2574.374612551252,485.6872921198837,42.17824256593523,298.72995545788456,0.0005160348490755,train,-3.2873209684306683,-3.2845507,0.0005193371,0.002770301621586313,-0.014529611377650298,-0.013688387,0.0008412240284023653
-0.2,8.220747042076197e-10,2489.354974528123,536.8974000619587,36.589080383233394,294.68809277779184,0.0004447128135941,train,-3.3519203569620406,-3.35194,0.0004446928,1.955964867716986e-05,-0.059774431963010244,-0.058503326,0.00127110593442481
-1.4,9.55415883814233e-10,2578.1734587821948,522.0121395253278,38.42173874228168,293.06092698472065,0.0004947964390765,train,-3.305573434538049,-3.3019142,0.000498983,0.0036592194501583464,-0.02010855664454425,-0.019885032,0.00022352513812506913
0.0,9.118663996020181e-10,2651.95019435956,481.7408591707263,38.899871401178025,300.40158819211445,0.0004314625352501,train,-3.36505690896508,-3.3651557,0.0004313644,9.878790381634417e-05,-0.08263583559637411,-0.08146519,0.0011706434572253954
-1.8,1.0705485436227222e-09,2590.7468930890127,531.0534862964538,41.61731424149927,306.85396396460635,0.0005175530447775,train,-3.2860451321056905,-3.287172,0.0005162118,0.0011269469806132193,-0.01644873735429364,-0.01733019,0.0008814528125373755
-1.0,1.1201765668553066e-09,2329.913862262383,487.444276821995,41.61971486534147,298.1037724082114,0.0005062611424233,train,-3.295625405180334,-3.2983894,0.0005030493,0.0027640296341191473,-0.025178653672643492,-0.02558393,0.000405276640943697
-2.6,1.0806933086411387e-09,2604.781653428076,466.5836923998952,39.33731057072893,297.69705044733973,0.0005233345850751,train,-3.281220563538661,-3.2857814,0.00051786745,0.004560819975743424,-0.010939001718162089,-0.013698689,0.002759686990083665
-2.6,1.0705485436227222e-09,2590.7468930890127,531.0534862964538,41.61731424149927,306.85396396460635,0.0005307406277573,train,-3.2751176662137316,-3.2756138,0.00053013465,0.0004961185763074916,-0.011485912041992563,-0.01522057,0.0037346583360129415
-0.8,1.104689398918354e-09,2572.8324404304963,485.2307246352714,40.714467773434976,300.93677074401546,0.0004855593960183,train,-3.313757637465096,-3.3116574,0.0004879132,0.0021002087236410283,-0.031294661874039065,-0.030295303,0.0009993587826322425
-3.0,1.2225799825820127e-09,2598.953191343567,516.8045118894966,39.85430360518959,306.74502895459364,0.0005188592179177,train,-3.2849504632987907,-3.285362,0.0005183678,0.00041154193497394687,-0.009621490303079128,0.004727328,0.014348818499247074
-0.2,9.162514515645111e-10,2366.748252214537,515.4599435910573,36.43861892729903,303.676124223718,0.0004395708604218,train,-3.3569711050962936,-3.352214,0.00044441212,0.004757007119609025,-0.05926814457208174,-0.05974057,0.00047242487042886694
-2.4000000000000004,8.762920771795993e-10,2597.67569731618,502.646286170094,38.978559546027874,295.06946514256083,0.0005047101616653,train,-3.296957951238694,-3.295122,0.0005068484,0.0018360430508277403,-0.012085157336091612,-0.012833401,0.0007482432933691996
-2.2,1.006299553709699e-09,2596.53014928976,491.578961058072,40.01001805266426,305.28831051478386,0.0005084463732832,train,-3.2937548461145947,-3.2900558,0.0005127955,0.0036990943140575716,-0.013495606253497883,-0.01226203,0.0012335766801765402
-1.4,9.89963136259949e-10,2542.7024133885266,503.0087467521194,39.0211226249472,305.0510216058231,0.0004920173690455,train,-3.3080195656320917,-3.3062022,0.00049408065,0.0018173923990594254,-0.020406138441712685,-0.019827409,0.0005787297256301116
-2.4000000000000004,1.1064539714677527e-09,2488.434465234489,500.4335716276796,41.129719458135625,288.0815978442095,0.0005199267618089,train,-3.2840578278697334,-3.2810874,0.0005234951,0.0029704293406807025,-0.011478004912893525,-0.013249757,0.0017717518554523082
-1.2000000000000002,1.0455070732925304e-09,2552.705145034877,518.1497095238773,37.60227540602951,298.4772867617408,0.0004836868643824,train,-3.315435706706442,-3.3116498,0.0004879218,0.003785907359518337,-0.022751095698971824,-0.02254968,0.00020141619612701334
-2.4000000000000004,1.1942019403763875e-09,2464.5026025880397,490.2741317287723,40.32854625878799,294.3650499716886,0.0005251734810838,train,-3.2796972119613583,-3.2826393,0.0005216278,0.0029420530990664773,-0.011450344380056876,-0.013166954,0.0017166094295024692
-1.4,9.980121445569454e-10,2387.75545073954,508.7275610680178,38.8972081784186,297.8606493603604,0.0004971127718009,train,-3.3035450788416867,-3.3012488,0.00049974816,0.0022962900080685245,-0.019653226195792683,-0.019637933,1.529319487048042e-05
-0.2,1.1064539714677527e-09,2488.434465234489,500.4335716276796,41.129719458135625,288.0815978442095,0.0004599620817315,train,-3.3372779691304575,-3.334232,0.0004631993,0.0030458772267709655,-0.05813863920360518,-0.058294185,0.00015554530233430341
-1.8,9.979877857013676e-10,2496.537246315292,510.00187244466247,38.795972505421744,297.7961123434831,0.0005030615423201,train,-3.298378882031359,-3.2975552,0.0005040165,0.0008236738251823361,-0.016012268007710162,-0.016773306,0.0007610378256295292
-0.6000000000000001,1.0109417900146311e-09,2546.474062846718,483.0790058826933,38.96317500489286,311.33012415162744,0.0004623242256069,train,-3.335053349106276,-3.3301332,0.00046759172,0.004920149414503694,-0.038398845287854755,-0.035801016,0.0025978294935775637
-0.6000000000000001,9.74908016407874e-10,2433.9347159425315,536.1873069142775,40.58953669016749,293.2225739384997,0.0004923933873307,train,-3.307687788123076,-3.309113,0.0004907801,0.0014252375422070251,-0.03603642234271476,-0.034533467,0.0015029551989407253
-0.4,9.525981103063824e-10,2521.0178569100235,513.1122387074643,39.33447860201831,299.4635962010897,0.0004696269474178,train,-3.3282469910213437,-3.3335109,0.00046396916,0.005263884680560604,-0.0462736727175308,-0.041960828,0.004312844711263253
-2.2,7.777840542828623e-10,2445.911024694583,482.1130919467457,41.27682283342508,300.8565986758517,0.0005112782387591,train,-3.291342691505741,-3.2857902,0.0005178569,0.005552486503909826,-0.01302053790825397,-0.011876979,0.0011435589967945248
-1.2000000000000002,1.0705485436227222e-09,2590.7468930890127,531.0534862964538,41.61731424149927,306.85396396460635,0.0005037268031978,train,-3.2978049398089504,-3.2991614,0.0005021559,0.001356494364633587,-0.023563889528894322,-0.023197755,0.0003661343113421367
-3.0,9.220148370062533e-10,2472.3739758500788,504.5088858703008,41.28793476116813,303.0641722996054,0.0005231690520175,train,-3.2813579545453226,-3.2795658,0.0005253324,0.001792143388096079,-0.009324502580380312,0.0044103493,0.013734851878648868
-2.6,1.0044736023004086e-09,2276.4853940628345,486.8441992232576,38.23677890677304,298.10055132439214,0.0005239818923829,train,-3.28068372098205,-3.2803621,0.00052437006,0.0003215917706240745,-0.010269033386776982,-0.0132089015,0.0029398681228656187
-2.0,1.018423641836786e-09,2420.2103352289205,495.3862399264609,39.18777263938059,307.5354074756815,0.0005055627231757,train,-3.296224955524565,-3.2924302,0.0005099996,0.0037947930947552777,-0.014174574756495417,-0.013120196,0.0010543789281172167
-2.4000000000000004,9.664729913030388e-10,2627.7330466636663,506.9906344590098,40.06029068650691,301.1540677406581,0.0005106014443501,train,-3.2919179610311984,-3.2864714,0.0005170453,0.005446594148874162,-0.012392311710947013,-0.014252301,0.0018599895945854428
-1.2000000000000002,8.75983736068783e-10,2627.978517028968,489.37942559949954,40.91913452211564,297.20307373531364,0.0004913252989824,train,-3.3086308728984037,-3.3064573,0.0004937905,0.0021735917857328424,-0.023434050491557556,-0.022675317,0.0007587337107519687
-2.2,1.0050101529814667e-09,2449.206992526188,478.70441149946606,40.80112322251315,299.2329513672896,0.0005227062479323,train,-3.281742308728911,-3.283322,0.00052080833,0.0015797871420608622,-0.012885510633644515,-0.011919922,0.000965588438269549
-0.8,8.894595189948581e-10,2383.601346469497,502.4892009812192,38.55163090195673,309.2198732722366,0.0004815708357379,train,-3.3173398221273462,-3.3181238,0.0004807023,0.000783995316501418,-0.031263249335722776,-0.029883793,0.0013794567118452505
-2.8000000000000003,8.97240116378001e-10,2315.448379676966,519.850638103925,40.31160828282909,292.8565689112594,0.0005300090747514,train,-3.2757166943978566,-3.275931,0.00052974775,0.0002141871023875197,-0.0096446414962994,-0.007395593,0.002249048512487306
-1.4,1.120623623770265e-09,2459.871490367434,512.0011452017391,38.21649432972869,303.56534322943094,0.0004987405351353,train,-3.3021253330646236,-3.3015158,0.000499441,0.0006095154224117216,-0.019723677249283256,-0.018474925,0.0012487519398636238
-1.0,1.104689398918354e-09,2572.8324404304963,485.2307246352714,40.714467773434976,300.93677074401546,0.0004919988486689,train,-3.308035913528023,-3.3060164,0.00049429195,0.002019468368110733,-0.02664022597644511,-0.026031954,0.0006082717624682488
-2.2,1.0806933086411387e-09,2604.781653428076,466.5836923998952,39.33731057072893,297.69705044733973,0.000517646270157,train,-3.285966910902458,-3.2910242,0.0005116533,0.005057297166389585,-0.012945466803611083,-0.011789928,0.001155538613200946
-0.4,1.2595929862237601e-09,2354.3009197629594,499.1918367180637,40.77134716523017,305.22981462209646,0.0004757861312477,train,-3.3225882214210274,-3.3237004,0.0004745692,0.0011122065880058152,-0.04512806962662452,-0.042267222,0.0028608476691793783
-0.2,9.920951194363948e-10,2484.0228854962547,482.5603784265586,38.422268984819695,304.0303353891022,0.0004508597597213,train,-3.345958524752997,-3.341909,0.00045508347,0.004049593020819309,-0.061366152519408246,-0.06011823,0.0012479243223104675
-1.6,1.0109417900146311e-09,2546.474062846718,483.0790058826933,38.96317500489286,311.33012415162744,0.0004909242065974,train,-3.3089855530855274,-3.3048244,0.00049565063,0.0041612008211231455,-0.018265356037039382,-0.018142384,0.0001229724914022512
-3.0,9.85546704036472e-10,2573.0239327697072,479.3922741661716,39.9154735600532,295.8292447353602,0.0005188778180258,train,-3.284934894953378,-3.280974,0.00052363187,0.00396098366797748,-0.009459587930940927,0.004372601,0.013832188862615169
-2.4000000000000004,1.0789603531824067e-09,2367.1936347140645,478.9001778930339,37.12870103512795,297.3410066095633,0.0005217590809165,train,-3.2825299835512354,-3.2872612,0.0005161058,0.00473126408365232,-0.011324278953992462,-0.0132931555,0.001968876515007878
-1.4,1.0147448677929011e-09,2607.8117384734032,505.1107398178068,40.31257836583995,298.21936914217434,0.0005022044014283,train,-3.299119485355381,-3.3014278,0.00049954216,0.002308355831142528,-0.020322372479999018,-0.02044855,0.0001261781019330499
-1.8,9.595802013951228e-10,2610.2949574222403,489.9218602044182,42.219532217947325,302.0841812978663,0.0005127129628894,train,-3.290125702180885,-3.2895236,0.0005134243,0.0006021006489027592,-0.016250212695494426,-0.017307434,0.001057221535548436
-0.4,1.0071535471770136e-09,2369.635821802133,538.5091665951578,40.65637295368661,296.23853018587084,0.0004811180608941,train,-3.3177483396274314,-3.3191054,0.00047961704,0.0013570471065773582,-0.044313804000569945,-0.041972145,0.0023416585623756703
-0.6000000000000001,9.634928280602635e-10,2455.009212271192,512.2369330710814,40.30940301281442,306.6726054586492,0.0004778550034173,train,-3.3207038623178846,-3.3196023,0.00047906864,0.0011016112650281684,-0.03747140321834408,-0.03510084,0.002370563186243402
-0.2,1.243555870393131e-09,2440.816535503744,483.6779599156501,38.81204244575611,302.5323056028984,0.0004544301043623,train,-3.3425329058943953,-3.3414445,0.0004555704,0.0010884135543074436,-0.05988993659648578,-0.05925668,0.0006332562867132907
-1.8,8.75983736068783e-10,2627.978517028968,489.37942559949954,40.91913452211564,297.20307373531364,0.0005046855059203,train,-3.2969791676047766,-3.294867,0.00050714595,0.0021121288779699654,-0.016228876450087526,-0.016556768,0.0003278912967186187
-0.8,1.2595929862237601e-09,2354.3009197629594,499.1918367180637,40.77134716523017,305.22981462209646,0.0004919513764259,train,-3.3080778199835907,-3.3095846,0.0004902475,0.0015067976311553544,-0.030019254874357415,-0.03067874,0.0006594848968894951
-0.2,1.0044736023004086e-09,2276.4853940628345,486.8441992232576,38.23677890677304,298.10055132439214,0.0004623524426051,train,-3.3350268436540698,-3.3353295,0.00046203032,0.0003026889692212542,-0.057667521571431735,-0.057986453,0.00031893160411300414
-0.6000000000000001,1.0191682032973931e-09,2560.240612715575,475.6482256289376,41.11142736058992,291.8506686301862,0.0004754802177909,train,-3.322867547039856,-3.3208587,0.00047768463,0.0020088300751344157,-0.03683223901781574,-0.037050415,0.00021817581263050556
-1.8,9.42387899986183e-10,2596.3418775504824,506.9916211367261,42.54178389838287,305.55199671356803,0.0005071138034175,train,-3.2948945679840462,-3.2900348,0.0005128203,0.004859797018470058,-0.016537805582565568,-0.017408945,0.0008711390838200828
-1.6,8.75983736068783e-10,2627.978517028968,489.37942559949954,40.91913452211564,297.20307373531364,0.0005007250744531,train,-3.3004006602009395,-3.2983959,0.00050304184,0.002004788084850606,-0.01819024966371785,-0.018551873,0.0003616233794616619
-0.8,9.63679966987411e-10,2457.046368424285,519.0454313677445,40.52844947169319,303.263443359763,0.0004903956597074,train,-3.3094533822365166,-3.3131514,0.00048623772,0.00369797732158883,-0.03083671970246904,-0.032386363,0.0015496428501737824
-2.8000000000000003,9.725086180844783e-10,2468.017331565751,490.28733545372194,44.50977871149023,303.263152322465,0.0005354176762797,train,-3.2713072951139472,-3.2722635,0.0005342401,0.0009562318025566618,-0.009967631969136193,-0.0072821793,0.002685452654493048
-0.2,9.596807973870107e-10,2396.380469719385,547.2442070596833,39.34847113068841,298.5552181462747,0.0004617722489933,train,-3.3355721703171017,-3.335187,0.000462182,0.00038521200411345546,-0.059780171651009795,-0.057520576,0.002259595829610106
-0.4,9.89297888860932e-10,2413.8801533334354,510.75595836241,38.53132745549709,285.1813868750008,0.0004718502997776,train,-3.3261957646978484,-3.3282156,0.00046966088,0.0020198343622102044,-0.04374048742003289,-0.04074712,0.002993366443584833
-2.2,9.756514716409811e-10,2404.497548871577,500.9208966540563,41.62971960161597,300.52976098251094,0.0005274904153406,train,-3.277785427219854,-3.2796772,0.0005251977,0.0018917254138131057,-0.012934274291190206,-0.011845985,0.001088288863691389
-3.0,1.000096056099185e-09,2446.239819629679,503.61049666576776,43.101977222602514,303.9832024614659,0.0005388321451037,train,-3.2685465034747945,-3.2711177,0.00053565146,0.0025711837505473234,-0.009374699760844152,0.0046886196,0.014063319396843355
-0.4,1.006299553709699e-09,2596.53014928976,491.578961058072,40.01001805266426,305.28831051478386,0.0004599063051945,train,-3.33733063632201,-3.332624,0.00046491766,0.004706677734363396,-0.04711865167618434,-0.043829475,0.0032891770780150154
-3.0,9.979877857013676e-10,2496.537246315292,510.00187244466247,38.795972505421744,297.7961123434831,0.0005202941022188,train,-3.2837510970106476,-3.2837331,0.0005203156,1.7967509304828155e-05,-0.009396076494454064,0.0040982934,0.013494369865952649
-3.0,9.304065850268983e-10,2472.4930947482308,495.539662311,41.9345213676303,296.5403011366731,0.0005319760756578,train,-3.2741078986136634,-3.2756193,0.00053012796,0.0015113698036950396,-0.009287180024017516,0.0043407073,0.013627887348462764
0.0,8.599648780937922e-10,2637.8899539670565,501.9551856304757,39.90381821426863,300.9815905741297,0.0004314238624252,train,-3.365095837367498,-3.3609393,0.0004355728,0.004156573070012826,-0.08399185235192519,-0.08191524,0.00207661534239989
-1.4,9.920951194363948e-10,2484.0228854962547,482.5603784265586,38.422268984819695,304.0303353891022,0.0004944192081592,train,-3.305904665274615,-3.3025324,0.00049827324,0.00337223081111393,-0.020223062847406936,-0.019231597,0.0009914658857894665
-2.2,9.926993823896764e-10,2332.1716999604114,489.929360905385,39.90607827400121,296.137708789732,0.0005126759805319,train,-3.2901570292863704,-3.2820456,0.00052234135,0.008111426487908524,-0.012509186941345618,-0.011287699,0.0012214874878129223
-2.0,9.589043387653522e-10,2486.667922677388,495.3304947031063,40.43386356777175,305.1954997344612,0.0005214761317201,train,-3.2827655647052842,-3.2885737,0.00051454845,0.005808177207557552,-0.01450154976285134,-0.013064219,0.001437331077820403
-0.2,9.725086180844783e-10,2468.017331565751,490.28733545372194,44.50977871149023,303.263152322465,0.0004665168936408,train,-3.3311326248389483,-3.3336847,0.00046378354,0.002552058007120994,-0.0616973161789538,-0.05951114,0.0021861761900545673
-2.6,1.243555870393131e-09,2440.816535503744,483.6779599156501,38.81204244575611,302.5323056028984,0.0005176773588609,train,-3.2859408289080383,-3.2849975,0.0005188031,0.0009433656817199321,-0.01082922603287173,-0.014120774,0.0032915483107380794
-2.6,1.0073410050818803e-09,2574.374612551252,485.6872921198837,42.17824256593523,298.72995545788456,0.0005251053819896,train,-3.2797535304533607,-3.2765446,0.0005289997,0.003208959530509148,-0.011019237851900954,-0.014334672,0.0033154342787433677
-0.6000000000000001,1.1395831540373826e-09,2538.761869465952,510.72502895181066,40.87821813200619,300.974125232131,0.0004783850894272,train,-3.320222365140894,-3.3220007,0.00047643017,0.00177837681772397,-0.037177113237525816,-0.03564616,0.0015309540356653883
-2.4000000000000004,1.013177684158949e-09,2549.0982526102403,506.5025106580401,39.7132385315927,304.62183232922587,0.0005201622916409,train,-3.2838611345043525,-3.2881808,0.00051501417,0.004319693590129958,-0.012185059235985563,-0.014190623,0.0020055633693978336
-1.6,9.664729913030388e-10,2627.7330466636663,506.9906344590098,40.06029068650691,301.1540677406581,0.0004966640238901,train,-3.3039372972060463,-3.2986465,0.0005027517,0.0052908471633217324,-0.018447308381549732,-0.019383987,0.0009366790303069195
-1.2000000000000002,1.243555870393131e-09,2440.816535503744,483.6779599156501,38.81204244575611,302.5323056028984,0.0004924922962224,train,-3.307600558535443,-3.306985,0.00049319095,0.0006156571072204464,-0.022517842275890487,-0.021494513,0.0010233288983432232
-0.2,1.104689398918354e-09,2572.8324404304963,485.2307246352714,40.714467773434976,300.93677074401546,0.0004579094753124,train,-3.3392203697212355,-3.335239,0.0004621267,0.00398143615800306,-0.06200831190200695,-0.05763661,0.004371700738390771
-2.8000000000000003,1.0728366895058958e-09,2396.471193900285,522.5703607996403,39.66536493364173,302.3426017448898,0.0005298773986144,train,-3.2758246044833776,-3.2762103,0.000529407,0.0003857035915735274,-0.009795343307791526,-0.007691068,0.0021042751986666275
-0.4,1.0191682032973931e-09,2560.240612715575,475.6482256289376,41.11142736058992,291.8506686301862,0.0004667058295579,train,-3.3309567743687203,-3.3288922,0.00046892973,0.0020645433811714575,-0.045626502071936414,-0.04470768,0.0009188238135173776
-3.0,1.018423641836786e-09,2420.2103352289205,495.3862399264609,39.18777263938059,307.5354074756815,0.0005189200360915,train,-3.2848995603785234,-3.2820656,0.00052231725,0.00283393041941693,-0.009126753020732181,0.004119377,0.013246130138336198
-2.6,8.498130788208901e-10,2622.111610500832,493.1418777793542,40.32755095458103,299.70047987606006,0.0005222559294795,train,-3.2821166205183405,-3.2843604,0.00051956467,0.0022437882646184626,-0.01126444641184321,-0.0137901995,0.002525753121261687
-2.6,9.682475573035431e-10,2330.6047518253104,479.0686974559265,41.64371883461047,301.63426669668445,0.0005333869847808,train,-3.27295758577183,-3.2745152,0.00053147745,0.0015575662057090156,-0.01066312533797742,-0.013973777,0.0033106518444228072
-1.2000000000000002,1.0663734802785015e-09,2646.766281337793,486.2018595083384,41.79339850063371,299.641349014439,0.0005031174062668,train,-3.2983306572024693,-3.3024843,0.0004983285,0.004153616708053143,-0.023152507914909748,-0.023080299,7.220923782291777e-05
-1.4,1.0368980362030106e-09,2588.6829740462717,505.298163800807,40.78433779833217,301.9145433801493,0.000503249135695,train,-3.2982169623175284,-3.302311,0.0004985274,0.004093981285987258,-0.020376945465301333,-0.02061734,0.00024039429476374607
-1.6,1.0368980362030106e-09,2588.6829740462717,505.298163800807,40.78433779833217,301.9145433801493,0.0005076926503561,train,-3.2943991236406847,-3.298305,0.0005031471,0.003905910996766515,-0.01804198319669581,-0.019501224,0.001459240963498587
-2.0,1.0849323731926979e-09,2551.147301026894,487.27717818808753,44.82712146868644,302.5978918999191,0.0005206421857987,train,-3.2834606454520525,-3.2834017,0.0005207128,5.891777566091605e-05,-0.014297501814358071,-0.01307984,0.0012176620557831086
-1.2000000000000002,9.63679966987411e-10,2457.046368424285,519.0454313677445,40.52844947169319,303.263443359763,0.0005023732083731,train,-3.298973529633079,-3.3019614,0.0004989288,0.0029878923334738516,-0.022723539417839334,-0.023537798,0.0008142584355113058
-0.4,1.104689398918354e-09,2572.8324404304963,485.2307246352714,40.714467773434976,300.93677074401546,0.000469007576383,train,-3.3288201416031407,-3.325516,0.00047258945,0.003304156114249057,-0.046666478608992534,-0.041262668,0.0054038109828500325
0.0,8.979123523428993e-10,2531.360993910196,491.918494232159,35.793021097389925,308.86985058095934,0.0004407821655303,train,-3.3557759857725817,-3.3644316,0.0004320842,0.008655633871583301,-0.08346688741005792,-0.08043419,0.003032699163330932
-2.2,1.018423641836786e-09,2420.2103352289205,495.3862399264609,39.18777263938059,307.5354074756815,0.0005087020905648,train,-3.2935364775860796,-3.2899914,0.00051287154,0.003545098801899904,-0.012827888845510671,-0.011760773,0.0010671157082988714
-2.8000000000000003,8.584521018906484e-10,2718.2749419682723,482.1832227724541,38.88005077046229,301.691940704981,0.0005149112989997,train,-3.2882675780904567,-3.2910032,0.00051167805,0.0027356491434300523,-0.010723002102235313,-0.0068551693,0.003867832791069503
-2.0,1.0455070732925304e-09,2552.705145034877,518.1497095238773,37.60227540602951,298.4772867617408,0.0004999029051683,train,-3.3011143393528397,-3.2968738,0.000504808,0.004240531445735218,-0.014234415206670903,-0.014242961,8.545864760733934e-06
-0.6000000000000001,9.55415883814233e-10,2578.1734587821948,522.0121395253278,38.42173874228168,293.06092698472065,0.000470936153943,train,-3.3270379673291504,-3.3232932,0.0004750144,0.0037447582532226242,-0.03699312594472737,-0.0343114,0.002681727080934948
-3.0,8.584521018906484e-10,2718.2749419682723,482.1832227724541,38.88005077046229,301.691940704981,0.0005173634316117,train,-3.286204271426405,-3.2908118,0.00051190367,0.004607505688463132,-0.009910064538283692,0.004613538,0.014523602345301256
-2.6,9.118663996020181e-10,2651.95019435956,481.7408591707263,38.899871401178025,300.40158819211445,0.0005118785573073,train,-3.290833062749352,-3.2918336,0.00051070057,0.001000576395545405,-0.01138667730630516,-0.0134597765,0.002073099221874486
-3.0,1.032683367538443e-09,2526.170348943833,478.8149532207128,42.09307571557734,293.4443281911712,0.0005343704133614,train,-3.2721575955729136,-3.274119,0.0005319626,0.0019613047261586303,-0.009154257781203157,0.004544126,0.013698383651073343
-0.6000000000000001,1.032683367538443e-09,2526.170348943833,478.8149532207128,42.09307571557734,293.4443281911712,0.0004842772410863,train,-3.3149059404163648,-3.3179736,0.00048086856,0.0030676733226489006,-0.03697677304195324,-0.037294403,0.00031762967659076935
-2.8000000000000003,9.55415883814233e-10,2578.1734587821948,522.0121395253278,38.42173874228168,293.06092698472065,0.000517795196769,train,-3.285841982534584,-3.280842,0.0005237909,0.004999916723426701,-0.010172797026639202,-0.0075287055,0.00264409150422118
-0.4,9.123213222215395e-10,2625.69228411366,506.617977618184,38.92442853409919,306.1252360546967,0.0004543401758035,train,-3.342618858258447,-3.3409076,0.00045613397,0.0017112845584956737,-0.048143885392235575,-0.044600118,0.0035437674406040287
-2.6,9.74908016407874e-10,2433.9347159425315,536.1873069142775,40.58953669016749,293.2225739384997,0.0005371821086833,train,-3.2698784603173774,-3.2701795,0.00053680985,0.0003010497991997596,-0.010554702741421451,-0.014408969,0.0038542665789353947
-1.0,1.0705485436227222e-09,2590.7468930890127,531.0534862964538,41.61731424149927,306.85396396460635,0.0004979366916156,train,-3.3028258705530797,-3.3042536,0.00049630244,0.0014277076329554106,-0.027030375423818143,-0.028013917,0.000983541262359111
-1.6,1.0574423663675307e-09,2585.0385338602478,471.3266920396063,42.543125490608695,301.3994726877767,0.0005049515308081,train,-3.296750306857218,-3.295696,0.0005061788,0.0010542867308753756,-0.018141207701431128,-0.019948142,0.0018069339479342972
-2.4000000000000004,1.1774606839117e-09,2487.5677489208106,509.6158544320055,42.33569419095241,299.8381908200232,0.0005206713754489,train,-3.2834362975428624,-3.2814226,0.0005230912,0.0020136824915928386,-0.011956008199168977,-0.013972573,0.0020165647831422717
-2.6,1.0686494239643995e-09,2589.6130644148398,507.5353543611665,40.55316862193092,296.6314874710408,0.0005305011652686,train,-3.275313657815106,-3.280027,0.00052477495,0.004713254874102901,-0.010862129664875653,-0.0143468985,0.0034847688685282208
-0.4,8.220747042076197e-10,2489.354974528123,536.8974000619587,36.589080383233394,294.68809277779184,0.0004552177062792,train,-3.34178085384102,-3.3420877,0.00045489613,0.00030689182548382377,-0.04567009722940085,-0.04170918,0.003960916308084705
-1.4,1.0806933086411387e-09,2604.781653428076,466.5836923998952,39.33731057072893,297.69705044733973,0.0005026183422788,train,-3.2987616665490256,-3.3035119,0.0004971508,0.004750191437424611,-0.020067418236680012,-0.019298263,0.0007691553425264175
-2.6,1.0574423663675307e-09,2585.0385338602478,471.3266920396063,42.543125490608695,301.3994726877767,0.0005217207082836,train,-3.2825619247980224,-3.2803557,0.0005243778,0.0022062328882324067,-0.011304281234695068,-0.014942033,0.003637751981662163
-3.0,9.634928280602635e-10,2455.009212271192,512.2369330710814,40.30940301281442,306.6726054586492,0.0005279828512307,train,-3.2773801830283573,-3.2769184,0.00052854454,0.0004617717734745064,-0.009397792348554646,0.004105289,0.013503081349572454
-3.0,8.97240116378001e-10,2315.448379676966,519.850638103925,40.31160828282909,292.8565689112594,0.0005322763786755,train,-3.273862806490236,-3.275619,0.00053012825,0.0017562235085430977,-0.008894237579907482,0.0039458815,0.01284011908074767
-1.0,1.075576112436465e-09,2439.1914792405805,507.5653121861305,41.43318212059344,299.0815860986159,0.0004913249848445,train,-3.308631150572687,-3.3024676,0.0004983476,0.006163565962701512,-0.025987400281922035,-0.026901688,0.0009142881448109819
-0.8,8.241763212999094e-10,2472.357675267654,473.84577322091,39.21856251436128,307.7679942040925,0.0004766445235057,train,-3.3218053925189226,-3.322469,0.00047591678,0.0006636035290510378,-0.03148926729889645,-0.031419955,6.931210490002115e-05
-1.0,8.894595189948581e-10,2383.601346469497,502.4892009812192,38.55163090195673,309.2198732722366,0.0004879540049414,train,-3.31162111312345,-3.3125865,0.0004868705,0.0009654328207640006,-0.02660058654276476,-0.025422923,0.0011776632758770944
-0.2,9.63679966987411e-10,2457.046368424285,519.0454313677445,40.52844947169319,303.263443359763,0.000462701949328,train,-3.334698670846741,-3.3378148,0.00045939386,0.0031161370451044945,-0.061745633382130904,-0.06001662,0.0017290124779236749
-1.6,9.756514716409811e-10,2404.497548871577,500.9208966540563,41.62971960161597,300.52976098251094,0.0005166245404584,train,-3.286824968018428,-3.2887568,0.0005143315,0.0019318793631639686,-0.017665593947134184,-0.018876933,0.0012113386142633686
-1.0,9.85546704036472e-10,2573.0239327697072,479.3922741661716,39.9154735600532,295.8292447353602,0.0004833943814952,train,-3.3156984017144913,-3.3110943,0.00048854627,0.004604117656874074,-0.025968188028040018,-0.027372634,0.0014044460102891065
-3.0,1.0686494239643995e-09,2589.6130644148398,507.5353543611665,40.55316862193092,296.6314874710408,0.000535413573194,train,-3.271310623271356,-3.2774477,0.00052790076,0.0061370772291322595,-0.009210500161879409,0.004302966,0.013513466104649652
-2.8000000000000003,1.0060692139373963e-09,2527.3807724384133,522.7157534573084,43.167246359099664,298.50956140834,0.0005394532526693,train,-3.2680461839512276,-3.2650688,0.0005431643,0.0029774144962715354,-0.010065069829911621,-0.007962496,0.0021025738100117763
-1.4,1.0941860864671191e-09,2539.112215454232,503.69324532533454,39.339075937042885,294.39428351617613,0.0005045865587692,train,-3.297064322447289,-3.2995985,0.00050165085,0.002534132981788062,-0.019673319030603764,-0.018751768,0.0009215506352990843
0.0,1.0191682032973931e-09,2560.240612715575,475.6482256289376,41.11142736058992,291.8506686301862,0.000441526505938,train,-3.355043219522255,-3.3539531,0.00044263614,0.0010900964296034488,-0.07903460365240633,-0.08350181,0.004467204692911508
-0.2,1.1942019403763875e-09,2464.5026025880397,490.2741317287723,40.32854625878799,294.3650499716886,0.0004646333580195,train,-3.3328896135548653,-3.3353891,0.0004619669,0.0024995237132010573,-0.05881620134388932,-0.05826011,0.0005560920683098658
-3.0,9.603042271636284e-10,2438.0715583385486,503.6957420101608,43.08491203323523,298.5763734449834,0.0005400278940442,train,-3.2675838069981413,-3.266472,0.00054141204,0.0011117057865934754,-0.009128887176192535,0.0044038086,0.013532695796019567
-1.0,1.0147448677929011e-09,2607.8117384734032,505.1107398178068,40.31257836583995,298.21936914217434,0.0004916288388849,train,-3.3083626493795126,-3.3107796,0.00048890046,0.002416922153690493,-0.026526727433170194,-0.027405135,0.0008784079003678613
-0.4,9.920951194363948e-10,2484.0228854962547,482.5603784265586,38.422268984819695,304.0303353891022,0.0004616420996441,train,-3.3356945923796104,-3.3317013,0.00046590646,0.003993313693086975,-0.04611706813273031,-0.043490727,0.002626341631980722
0.0,9.89297888860932e-10,2413.8801533334354,510.75595836241,38.53132745549709,285.1813868750008,0.0004475996737192,train,-3.349110238725463,-3.3517919,0.00044484442,0.0026816199476327185,-0.07438012455883936,-0.08141521,0.0070350890856651915
-1.6,1.104689398918354e-09,2572.8324404304963,485.2307246352714,40.714467773434976,300.93677074401546,0.000507047393266,train,-3.29495144565295,-3.2934363,0.0005088195,0.0015151568193316756,-0.018100612529590165,-0.01818357,8.295782558676024e-05
0.0,8.622252758820396e-10,2596.9228583838576,499.2028055441836,37.99663516660689,298.18972265332246,0.0004358747172135,train,-3.360638321377152,-3.3592668,0.00043725345,0.001371563412063903,-0.08180609812355755,-0.08034517,0.001460929413802603
-2.8000000000000003,8.622252758820396e-10,2596.9228583838576,499.2028055441836,37.99663516660689,298.18972265332246,0.0005180489988624,train,-3.285629161240938,-3.2877593,0.0005155143,0.002130142805692792,-0.01026936849521043,-0.0066159703,0.00365339821146371
-2.2,1.1942019403763875e-09,2464.5026025880397,490.2741317287723,40.32854625878799,294.3650499716886,0.0005222954887712,train,-3.282083725283503,-3.2850425,0.00051874924,0.0029587990542654374,-0.012498367260180387,-0.0113812145,0.0011171527756079769
-0.6000000000000001,8.220747042076197e-10,2489.354974528123,536.8974000619587,36.589080383233394,294.68809277779184,0.0004638180887054,train,-3.33365231807028,-3.3346133,0.0004627929,0.000961005141389748,-0.036908709584199784,-0.034504455,0.0024042550012701724
-2.6,9.136850961862703e-10,2400.1705034771794,499.3175315176618,39.85562670167986,300.93280864091923,0.0005180277892303,train,-3.28564694221295,-3.2821276,0.0005222427,0.0035193234232773207,-0.01101528654747419,-0.013802833,0.0027875463763553654
-1.4,9.664729913030388e-10,2627.7330466636663,506.9906344590098,40.06029068650691,301.1540677406581,0.0004922213852062,train,-3.307839521727709,-3.3026335,0.0004981573,0.00520599778666897,-0.02080122698319542,-0.020548107,0.00025311988068210667
-3.0,1.1774606839117e-09,2487.5677489208106,509.6158544320055,42.33569419095241,299.8381908200232,0.0005283544607055,train,-3.277074621633976,-3.2758958,0.0005297905,0.0011787876648599038,-0.009397631101865755,0.004644229,0.014041860178668486
-2.6,1.120623623770265e-09,2459.871490367434,512.0011452017391,38.21649432972869,303.56534322943094,0.0005189805920053,train,-3.284848882888737,-3.2838356,0.00052019284,0.001013233398380553,-0.010665595536675454,-0.014209463,0.0035438677243924133
-0.4,1.075576112436465e-09,2439.1914792405805,507.5653121861305,41.43318212059344,299.0815860986159,0.000468976903406,train,-3.3288485452813386,-3.322715,0.00047564722,0.00613350125973211,-0.045423650447665054,-0.042578373,0.002845277343331176
-0.2,9.634928280602635e-10,2455.009212271192,512.2369330710814,40.30940301281442,306.6726054586492,0.000457710482067,train,-3.3394091416436416,-3.3372283,0.00046001468,0.002180843456385695,-0.06250537651936128,-0.05962707,0.002878305496373912
-0.6000000000000001,8.97240116378001e-10,2315.448379676966,519.850638103925,40.31160828282909,292.8565689112594,0.0004842060219078,train,-3.3149698136859724,-3.3182435,0.0004805698,0.0032736898845842077,-0.03537230001631286,-0.034589007,0.0007832925194790619
-0.6000000000000001,1.2595929862237601e-09,2354.3009197629594,499.1918367180637,40.77134716523017,305.22981462209646,0.0004846098708877,train,-3.314607744081302,-3.3161428,0.0004829,0.0015350533887907858,-0.036276003593592065,-0.034810707,0.0014652966205161988
-2.2,1.0368980362030106e-09,2588.6829740462717,505.298163800807,40.78433779833217,301.9145433801493,0.0005186026902229,train,-3.2851652346821125,-3.2887087,0.00051438855,0.0035434521465007585,-0.013290991350086045,-0.012874719,0.00041627259460241817
-0.6000000000000001,1.104689398918354e-09,2572.8324404304963,485.2307246352714,40.714467773434976,300.93677074401546,0.0004780201696956,train,-3.320553778277638,-3.318111,0.00048071652,0.0024428354370620298,-0.03765626034511271,-0.034189764,0.0034664959348553737
-2.2,9.920951194363948e-10,2484.0228854962547,482.5603784265586,38.422268984819695,304.0303353891022,0.0005093507273921,train,-3.292983069299192,-3.2900107,0.0005128488,0.002972378610105242,-0.013067382085177215,-0.011775031,0.001292351330670627
-2.0,9.304065850268983e-10,2472.4930947482308,495.539662311,41.9345213676303,296.5403011366731,0.0005181453357402,train,-3.2855484069400207,-3.2859364,0.0005176827,0.0003879486507996077,-0.014167265825596687,-0.0133825,0.0007847657880457604
-2.8000000000000003,1.0705485436227222e-09,2590.7468930890127,531.0534862964538,41.61731424149927,306.85396396460635,0.0005334434351267,train,-3.272911625189358,-3.2731595,0.00053313904,0.0002478787474093913,-0.010618455463216492,-0.008013071,0.0026053849022247277
-1.8,1.0040157435828723e-09,2421.1156291426087,502.3421578152334,38.33334239027114,293.10089722857373,0.0005145673451775,train,-3.288557777898707,-3.2907383,0.0005119902,0.0021805662937977033,-0.015229534072544126,-0.016124617,0.0008950832358340932
-0.6000000000000001,1.0574423663675307e-09,2585.0385338602478,471.3266920396063,42.543125490608695,301.3994726877767,0.0004760114485347,train,-3.322382601952502,-3.322874,0.0004754731,0.000491467261365397,-0.03759114943700581,-0.037800867,0.00020971767348498815
-0.2,9.304065850268983e-10,2472.4930947482308,495.539662311,41.9345213676303,296.5403011366731,0.000462515310705,train,-3.3348738861797873,-3.3370092,0.00046024684,0.002135305333274218,-0.06055737131001848,-0.06150535,0.0009479799055824856
-2.2,1.0040157435828723e-09,2421.1156291426087,502.3421578152334,38.33334239027114,293.10089722857373,0.0005211226406587,train,-3.2830600580949136,-3.2853787,0.00051834784,0.002318636439388122,-0.012520508904634298,-0.011614175,0.0009063343225701459
-0.4,1.0933784852654091e-09,2410.884334287086,539.0569290920441,39.62193192256099,289.3285700165644,0.0004747838047914,train,-3.3235041035541895,-3.319222,0.0004794883,0.004282130135000006,-0.04342797444763313,-0.038849134,0.004578840449477539
-0.2,1.0050965165320695e-09,2414.3235243349927,515.5034020410067,40.79653471954481,301.4383600393062,0.0004632295841446,train,-3.3342037121898023,-3.33723,0.00046001293,0.003026254927507299,-0.060889960226788276,-0.06076345,0.00012651174999689374
-2.2,1.075576112436465e-09,2439.1914792405805,507.5653121861305,41.43318212059344,299.0815860986159,0.000516518788664,train,-3.286913876148839,-3.2808397,0.00052379374,0.006074194523472798,-0.012945148973454224,-0.01158672,0.0013584288495671615
-2.6,9.596807973870107e-10,2396.380469719385,547.2442070596833,39.34847113068841,298.5552181462747,0.0005253580238143,train,-3.279544630358651,-3.2807367,0.000523918,0.0011920544405432665,-0.01062468765249669,-0.014405593,0.0037809056235271754
-0.2,9.89963136259949e-10,2542.7024133885266,503.0087467521194,39.0211226249472,305.0510216058231,0.0004481344192546,train,-3.348591698536677,-3.345984,0.00045083332,0.002607716450495179,-0.061950352998540126,-0.060318634,0.0016317190845462903
-0.2,9.244750759855351e-10,2606.766252024905,514.7015322051607,39.36697999872778,300.425811364213,0.0004544645041926,train,-3.3425000315515527,-3.349953,0.000446732,0.007452904620932621,-0.0629629826989504,-0.05989532,0.003067660972151387
-0.4,1.0663734802785015e-09,2646.766281337793,486.2018595083384,41.79339850063371,299.641349014439,0.0004740218637717,train,-3.3242016264769303,-3.328202,0.00046967558,0.004000382724119511,-0.04730837274544797,-0.043480393,0.003827980199986314
-1.6,1.0803651442869379e-09,2531.060987167743,511.9316238370674,40.66002705988115,288.1838349540611,0.0005172289829709,train,-3.286317147380848,-3.2915037,0.00051108876,0.005186520450572996,-0.01742459299382304,-0.018249663,0.0008250695991840473
-2.8000000000000003,1.1459805246638944e-09,2630.825732937456,497.4739907663986,41.26661222078493,300.2753689300697,0.0005175029343781,train,-3.2860871832998297,-3.2816253,0.0005228471,0.00446191245632388,-0.010378590200112114,-0.0076938844,0.0026847057715215783
-0.4,1.0044736023004086e-09,2276.4853940628345,486.8441992232576,38.23677890677304,298.10055132439214,0.0004728435432119,train,-3.325282536978943,-3.3255317,0.0004725723,0.0002491841361691449,-0.04372256337281044,-0.041586347,0.002136216448505479
-1.6,9.344027379399094e-10,2510.734791451186,511.4018674256231,36.36815079533651,301.4558439858307,0.0004860505502397,train,-3.3133185608848117,-3.309287,0.0004905835,0.004031489656784348,-0.017901832205513557,-0.018720157,0.0008183252389635243
-0.4,8.498130788208901e-10,2622.111610500832,493.1418777793542,40.32755095458103,299.70047987606006,0.0004670117897066,train,-3.3306721555369085,-3.3313186,0.00046631714,0.0006464613301568889,-0.0476028328311795,-0.043465357,0.0041374755573624356
-1.8,8.97240116378001e-10,2315.448379676966,519.850638103925,40.31160828282909,292.8565689112594,0.0005155839452853,train,-3.287700614558664,-3.2893145,0.00051367155,0.0016138938794463265,-0.015126395436858786,-0.016915942,0.001789546174073564
-1.8,1.1396379394271226e-09,2408.4924726992253,490.0725825278824,43.06550150160359,292.35304316269765,0.0005252221290533,train,-3.279656984175711,-3.2788882,0.00052615267,0.0007687586202909102,-0.015358368426332092,-0.015135739,0.00022262942768058736
-1.4,1.0728366895058958e-09,2396.471193900285,522.5703607996403,39.66536493364173,302.3426017448898,0.0005071145729752,train,-3.294893908931962,-3.2970507,0.0005046024,0.0021568055608356396,-0.01949433520077548,-0.019256735,0.00023759998022399031
-0.8,1.0941860864671191e-09,2539.112215454232,503.69324532533454,39.339075937042885,294.39428351617613,0.000488027831019,train,-3.311555410551943,-3.3139975,0.0004852913,0.002442096543394001,-0.030248578123481806,-0.030539129,0.00029055080589479587
-0.8,1.1201765668553066e-09,2329.913862262383,487.444276821995,41.61971486534147,298.1037724082114,0.0005000104577653,train,-3.3010209122594474,-3.3039887,0.00049660524,0.0029677828852059385,-0.029483690497391635,-0.03026693,0.0007832389204569523
-1.4,1.1396379394271226e-09,2408.4924726992253,490.0725825278824,43.06550150160359,292.35304316269765,0.0005169759138041,train,-3.28652969045663,-3.2857053,0.00051795813,0.0008243624689590057,-0.019366391852992493,-0.018373594,0.0009927981649813233
-1.0,8.599648780937922e-10,2637.8899539670565,501.9551856304757,39.90381821426863,300.9815905741297,0.0004802961962836,train,-3.3184908527522192,-3.315546,0.000483564,0.00294481698561766,-0.02729748884209826,-0.02708179,0.00021569939324095344
0.0,8.894595189948581e-10,2383.601346469497,502.4892009812192,38.55163090195673,309.2198732722366,0.0004391055663899,train,-3.3574310574592765,-3.3556318,0.0004409285,0.0017992291511710334,-0.08306029628244005,-0.08079176,0.002268539771705491
-2.8000000000000003,9.304065850268983e-10,2472.4930947482308,495.539662311,41.9345213676303,296.5403011366731,0.0005296121906034,train,-3.2760420268711226,-3.2758718,0.00052981987,0.00017027317849560575,-0.01005410255057626,-0.0072014094,0.002852693117539218
-2.4000000000000004,1.0352580576007263e-09,2678.9547588546675,473.131828680381,34.826156523967086,290.8089263982084,0.0004986458149769,train,-3.302207821545115,-3.295796,0.0005060624,0.006411904034128835,-0.012080350850464328,-0.013685372,0.001605020876287
-2.4000000000000004,9.118663996020181e-10,2651.95019435956,481.7408591707263,38.899871401178025,300.40158819211445,0.0005090947389791,train,-3.2932013909692457,-3.2945964,0.0005074621,0.0013950426702806773,-0.01236360093947475,-0.013148796,0.0007851948738473169
-3.0,1.0375673846448864e-09,2379.4103992541063,496.85223216497695,39.047727684139495,305.18782525816323,0.0005239952791747,train,-3.2806726256834744,-3.2807086,0.00052395195,3.5925723385954456e-05,-0.009092250132102464,0.004091338,0.013183587920952533
-1.4,8.622252758820396e-10,2596.9228583838576,499.2028055441836,37.99663516660689,298.18972265332246,0.0004947345246332,train,-3.305627781702709,-3.3067946,0.0004934071,0.001166861699390509,-0.020262152854089166,-0.01887803,0.0013841231946987165
-1.0,1.2595929862237601e-09,2354.3009197629594,499.1918367180637,40.77134716523017,305.22981462209646,0.000498195680626,train,-3.3026000421315587,-3.3039086,0.00049669686,0.001308544370516529,-0.025472016114298057,-0.025990319,0.0005183023926580432
-1.8,1.0789603531824067e-09,2367.1936347140645,478.9001778930339,37.12870103512795,297.3410066095633,0.0005124640510676,train,-3.2903365946050043,-3.2951658,0.0005067972,0.004829182601416626,-0.015129797873331796,-0.016132616,0.0010028176333172212
-1.4,1.0942344693420075e-09,2360.838758300681,491.3731844386217,39.51420947268076,305.7035776891924,0.0005080139580611,train,-3.294124354988452,-3.2948723,0.00050713983,0.0007479289470948558,-0.019531000934147613,-0.017943578,0.0015874230932233502
-1.8,9.85546704036472e-10,2573.0239327697072,479.3922741661716,39.9154735600532,295.8292447353602,0.0005016635757737,train,-3.299587430594242,-3.2944198,0.00050766853,0.0051676651218297565,-0.01587619287575137,-0.016662467,0.0007862743953381823
-2.8000000000000003,9.123213222215395e-10,2625.69228411366,506.617977618184,38.92442853409919,306.1252360546967,0.0005115579267776,train,-3.291105181393742,-3.2900343,0.0005128209,0.0010708872653242274,-0.010560571234380589,-0.0071226447,0.0034379265454465013
-1.6,1.1762312017058683e-09,2610.23254556298,515.3751788116352,39.24041391228537,297.93305834844136,0.000501064785767,train,-3.300106117881077,-3.3025956,0.00049820077,0.002489497505886007,-0.017483809918214632,-0.018842967,0.0013591573088866937
-3.0,9.980121445569454e-10,2387.75545073954,508.7275610680178,38.8972081784186,297.8606493603604,0.0005219112580124,train,-3.2824033349898563,-3.280069,0.00052472396,0.0023342222121462974,-0.009116243629712528,0.0039987117,0.013114955334920353
-1.2000000000000002,1.006299553709699e-09,2596.53014928976,491.578961058072,40.01001805266426,305.28831051478386,0.000488221617044,train,-3.3113829951869973,-3.3072383,0.00049290323,0.004144654809189685,-0.023471729543748765,-0.022513999,0.0009577308713826227
-1.8,9.926993823896764e-10,2332.1716999604114,489.929360905385,39.90607827400121,296.137708789732,0.0005062468841764,train,-3.2956376367435176,-3.2873054,0.0005160534,0.008332281671496133,-0.015161058325467991,-0.016019572,0.0008585132470741996
-0.8,1.032683367538443e-09,2526.170348943833,478.8149532207128,42.09307571557734,293.4443281911712,0.0004917540181452,train,-3.308252082753499,-3.3109298,0.00048873137,0.0026776924845379746,-0.030627276386132607,-0.033024136,0.0023968595908971935
-2.2,1.0147448677929011e-09,2607.8117384734032,505.1107398178068,40.31257836583995,298.21936914217434,0.0005174190096989,train,-3.286157619578354,-3.2880049,0.00051522284,0.0018472556047512967,-0.01310432810402773,-0.012619102,0.0004852257303085139
-2.4000000000000004,1.0060692139373963e-09,2527.3807724384133,522.7157534573084,43.167246359099664,298.50956140834,0.0005340565482513,train,-3.2724127555308646,-3.270617,0.0005362694,0.0017957473216361208,-0.011892982889820658,-0.014411755,0.0025187720163568628
-1.0,1.0071535471770136e-09,2369.635821802133,538.5091665951578,40.65637295368661,296.23853018587084,0.0005034831580306,train,-3.2980150524126666,-3.299385,0.00050189736,0.00137001838811468,-0.025368560888427538,-0.025835564,0.00046700347159500666
-0.2,9.344027379399094e-10,2510.734791451186,511.4018674256231,36.36815079533651,301.4558439858307,0.0004396456306749,train,-3.356897238628276,-3.3525875,0.00044403024,0.004309777156718209,-0.06024384036745545,-0.060007308,0.00023653268899437307
-3.0,9.926993823896764e-10,2332.1716999604114,489.929360905385,39.90607827400121,296.137708789732,0.0005228605848185,train,-3.281614095674674,-3.274611,0.00053136016,0.0070030994283363235,-0.009110126163749399,0.0040088017,0.013118927817730608
-0.6000000000000001,9.603042271636284e-10,2438.0715583385486,503.6957420101608,43.08491203323523,298.5763734449834,0.0004894098898027,train,-3.310327258843358,-3.3079338,0.0004921145,0.0023934514703110032,-0.03721076108216792,-0.03553336,0.0016773999452546207
-0.6000000000000001,1.013177684158949e-09,2549.0982526102403,506.5025106580401,39.7132385315927,304.62183232922587,0.0004771350073939,train,-3.3213587180873914,-3.3260481,0.00047201072,0.0046894176700549295,-0.03752674357658847,-0.035928626,0.0015981179631374687
-0.2,9.525981103063824e-10,2521.0178569100235,513.1122387074643,39.33447860201831,299.4635962010897,0.0004585859496951,train,-3.338579255457286,-3.343417,0.00045350604,0.00483767378770894,-0.06137713419552249,-0.05879551,0.0025816224729577897
-2.0,9.612679185080118e-10,2493.7557151613,504.62150372842615,37.39117268896573,297.8667082132286,0.0005001466589281,train,-3.3009026280162796,-3.297,0.00050466135,0.003902696680830431,-0.014011698074194001,-0.013539642,0.00047205597862820525
-1.8,1.0109417900146311e-09,2546.474062846718,483.0790058826933,38.96317500489286,311.33012415162744,0.0004948209726238,train,-3.305551901399909,-3.3013673,0.00049961184,0.004184618532477202,-0.016258429054362367,-0.016259639,1.2095382384558206e-06
-0.2,1.0352580576007263e-09,2678.9547588546675,473.131828680381,34.826156523967086,290.8089263982084,0.0004390589512676,train,-3.357477164287781,-3.35297,0.0004436394,0.004507279415344456,-0.060059524127270336,-0.06125866,0.0011991346394761848
-2.0,1.1396379394271226e-09,2408.4924726992253,490.0725825278824,43.06550150160359,292.35304316269765,0.0005287478905055,train,-3.2767513522762837,-3.276178,0.0005294465,0.0005734691280903093,-0.013830767697907476,-0.011837574,0.001993193975902585
-1.8,1.0663734802785015e-09,2646.766281337793,486.2018595083384,41.79339850063371,299.641349014439,0.0005165799506933,train,-3.2868624535096544,-3.2905145,0.0005122542,0.0036520156370740686,-0.015984898460681407,-0.017233005,0.001248106332843335
-2.4000000000000004,1.1201765668553066e-09,2329.913862262383,487.444276821995,41.61971486534147,298.1037724082114,0.0005344341330663,train,-3.2721058122672533,-3.2757738,0.0005299394,0.0036679513893629334,-0.011412721407255688,-0.012598883,0.0011861619533686252
-2.4000000000000004,9.50582857470194e-10,2403.738957653681,492.6388454667692,37.10727035463277,300.4554170460457,0.0005192833500377,train,-3.284595602116429,-3.2896292,0.0005132994,0.005033618846095322,-0.01154832151433105,-0.013170193,0.0016218714351428076
-2.6,1.0203477325736783e-09,2420.870896846657,485.827773341465,41.83782044136868,301.83723728961854,0.0005363536911246,train,-3.2705487262664636,-3.2758021,0.0005299048,0.005253409201065651,-0.010666798253357257,-0.014290044,0.0036232458308340654
-0.4,1.0109417900146311e-09,2546.474062846718,483.0790058826933,38.96317500489286,311.33012415162744,0.0004534412530704,train,-3.343478971272065,-3.3379128,0.00045929023,0.005566173344208725,-0.047407039904133086,-0.043405272,0.004001767837539916
-0.2,8.97240116378001e-10,2315.448379676966,519.850638103925,40.31160828282909,292.8565689112594,0.0004649447797185,train,-3.3325986240726695,-3.3354502,0.00046190197,0.0028515483516469153,-0.0582691022627948,-0.058133375,0.00013572736316902478
-2.2,1.0671658198705114e-09,2444.626831258547,492.08006432381046,41.193035529790656,301.7038514591378,0.0005131086393662,train,-3.2897906729347914,-3.2831829,0.0005209753,0.006607813514015071,-0.012868483664371766,-0.011562974,0.0013055094721696747
-3.0,1.0044736023004086e-09,2276.4853940628345,486.8441992232576,38.23677890677304,298.10055132439214,0.0005285720922301,train,-3.276895770660282,-3.2779722,0.00052726356,0.001076450714229793,-0.008723255601609026,0.003932481,0.012655736767584358
-2.8000000000000003,1.0050965165320695e-09,2414.3235243349927,515.5034020410067,40.79653471954481,301.4383600393062,0.0005307173408697,train,-3.275136721827964,-3.2744424,0.00053156645,0.0006942875170508067,-0.00991716277967214,-0.007722432,0.0021947309858632025
-1.8,9.123213222215395e-10,2625.69228411366,506.617977618184,38.92442853409919,306.1252360546967,0.0004963361155974,train,-3.30422412247747,-3.3032687,0.0004974293,0.0009554514417033921,-0.016561813880780818,-0.016680157,0.00011834293129098228
-0.2,1.0671658198705114e-09,2444.626831258547,492.08006432381046,41.193035529790656,301.7038514591378,0.0004547650949261,train,-3.3422128765760593,-3.3346074,0.00046279925,0.007605513828866872,-0.06082015007882191,-0.05944048,0.0013796713963039053
-1.2000000000000002,1.0732744646319759e-09,2458.1779927472685,500.451348042105,41.29986197643443,296.3385514465405,0.0004975686046446,train,-3.303147030366596,-3.2999053,0.00050129654,0.0032417302262151004,-0.022405829479453132,-0.022397911,7.918303367659973e-06
-2.0,1.0942344693420075e-09,2360.838758300681,491.3731844386217,39.51420947268076,305.7035776891924,0.0005196449055516,train,-3.2842933260543763,-3.2854114,0.0005183089,0.0011180318252623778,-0.01390777216741057,-0.012157206,0.0017505657438299238
-1.8,1.006299553709699e-09,2596.53014928976,491.578961058072,40.01001805266426,305.28831051478386,0.0005015561633214,train,-3.2996804284364534,-3.2956507,0.0005062316,0.004029707840139896,-0.016389595266455004,-0.016690467,0.0003008712865177898
-2.2,8.241763212999094e-10,2472.357675267654,473.84577322091,39.21856251436128,307.7679942040925,0.0005084472132305,train,-3.2937541286659213,-3.2955313,0.0005063709,0.0017771442222622724,-0.01320349733897963,-0.011533107,0.0016703906617454578
-2.4000000000000004,9.244750759855351e-10,2606.766252024905,514.7015322051607,39.36697999872778,300.425811364213,0.0005175767667334,train,-3.286025226748054,-3.2933078,0.00050897006,0.0072825544714283375,-0.012108902524932574,-0.014411386,0.0023024835775053987
-2.8000000000000003,1.0352580576007263e-09,2678.9547588546675,473.131828680381,34.826156523967086,290.8089263982084,0.0005038108981798,train,-3.2977324423000764,-3.2906868,0.00051205093,0.007045596520657504,-0.010391707888883772,-0.007174041,0.0032176667666856673
-1.8,1.0882818479532783e-09,2447.508764517909,466.8571183944717,43.278933930679706,307.8168200832177,0.0005175118088413,train,-3.2860797358109455,-3.286327,0.0005172174,0.0002471494124431928,-0.016044445636659077,-0.01611577,7.132410726029548e-05
-0.4,9.60969170700449e-10,2766.6918918406623,529.8468751484584,39.61181207182135,297.3307652107198,0.0004620587430964,train,-3.335302807602215,-3.3356273,0.00046171361,0.0003245098263739976,-0.04825166129761094,-0.04406505,0.004186610516837774
-2.4000000000000004,1.0308127820747194e-09,2437.7200106987866,482.5972990901911,40.648465379108416,299.4728047413536,0.0005311461240145,train,-3.274785983395012,-3.2797973,0.0005250524,0.005011332202522034,-0.011773798686615322,-0.013290718,0.0015169195112072487
-2.6,9.603042271636284e-10,2438.0715583385486,503.6957420101608,43.08491203323523,298.5763734449834,0.000535126712109,train,-3.2715433696536835,-3.26903,0.0005382325,0.002513275506955015,-0.01072602214756202,-0.014178913,0.003452890939090736
-1.6,1.006299553709699e-09,2596.53014928976,491.578961058072,40.01001805266426,305.28831051478386,0.0004975873920305,train,-3.303130632418829,-3.2992,0.0005021112,0.003930574435430767,-0.018300664729947513,-0.018614039,0.00031337409508758185
-2.0,1.032683367538443e-09,2526.170348943833,478.8149532207128,42.09307571557734,293.4443281911712,0.0005205387599006,train,-3.283546926894609,-3.2846653,0.00051919994,0.0011184192510209634,-0.014227446837947966,-0.013647959,0.0005794882016640912
-0.6000000000000001,1.0728366895058958e-09,2396.471193900285,522.5703607996403,39.66536493364173,302.3426017448898,0.0004833011956455,train,-3.3157821304526762,-3.318159,0.00048066324,0.0023769729408784634,-0.03612984037178002,-0.034462146,0.0016676939107700406
-0.4,9.926993823896764e-10,2332.1716999604114,489.929360905385,39.90607827400121,296.137708789732,0.0004670904821473,train,-3.330598982194173,-3.3232932,0.0004750144,0.007305773118245096,-0.04387479243205128,-0.042656764,0.0012180280439668678
-2.6,8.241763212999094e-10,2472.357675267654,473.84577322091,39.21856251436128,307.7679942040925,0.0005141449034669,train,-3.288914464842785,-3.2903922,0.0005123985,0.0014776955728645902,-0.011147472402418757,-0.013487531,0.002340058469807005
-2.8000000000000003,1.1064539714677527e-09,2488.434465234489,500.4335716276796,41.129719458135625,288.0815978442095,0.0005250110351766,train,-3.2798315680874963,-3.2760212,0.00052963756,0.0038103259457726857,-0.009757841428362113,-0.0071984413,0.00255940012037037
-1.4,1.1201765668553066e-09,2329.913862262383,487.444276821995,41.61971486534147,298.1037724082114,0.0005166027042165,train,-3.286843324792144,-3.289868,0.0005130172,0.003024791586640152,-0.019340447931245563,-0.018304238,0.0010362098353660087
-0.4,1.013177684158949e-09,2549.0982526102403,506.5025106580401,39.7132385315927,304.62183232922587,0.0004681670712074,train,-3.3295991359102985,-3.3338542,0.00046360254,0.004255062545512001,-0.0466223177386933,-0.04360727,0.003015049256246627
-2.2,1.0044736023004086e-09,2276.4853940628345,486.8441992232576,38.23677890677304,298.10055132439214,0.0005186110559386,train,-3.285158229020687,-3.2853951,0.0005183282,0.0002369163955728837,-0.01225316128567222,-0.011196124,0.0010570369182563155
-1.6,1.0882818479532783e-09,2447.508764517909,466.8571183944717,43.278933930679706,307.8168200832177,0.0005135016590477,train,-3.289458148923378,-3.2897964,0.0005131019,0.0003382034630967645,-0.017929885219151842,-0.018354936,0.00042505035239948086
-0.2,8.939439783837785e-10,2330.6189292196764,529.359956175692,38.57283152042447,302.4090006102026,0.0004561815265281,train,-3.3408623058400657,-3.3417234,0.00045527788,0.000861136237571003,-0.060427363453863236,-0.057452805,0.002974558113573167
-0.6000000000000001,1.0050965165320695e-09,2414.3235243349927,515.5034020410067,40.79653471954481,301.4383600393062,0.000483237055505,train,-3.3158397706114497,-3.3191564,0.0004795607,0.0033166376984867796,-0.036902836064538036,-0.036467135,0.00043570111199287
-1.6,9.89297888860932e-10,2413.8801533334354,510.75595836241,38.53132745549709,285.1813868750008,0.000507568564592,train,-3.294505283044996,-3.2962189,0.0005055698,0.0017135890253165975,-0.016994543611863477,-0.018370282,0.0013757382930723594
-0.6000000000000001,9.143704143090119e-10,2444.5179463100326,473.4138143725302,40.94136333558407,299.94201571725745,0.0004747935149586,train,-3.323495221555966,-3.3222973,0.0004761049,0.001197886884945376,-0.03679964695587934,-0.03699775,0.0001981034456175479
-0.8,9.612679185080118e-10,2493.7557151613,504.62150372842615,37.39117268896573,297.8667082132286,0.0004729484813424,train,-3.325186164732146,-3.3217525,0.00047670252,0.0034336165143726838,-0.03014442760346192,-0.03040684,0.0002624125421260004
-2.6,9.798133860644783e-10,2446.0111249981446,493.4775434169566,39.325337668236735,299.6111127589073,0.0005260577669404,train,-3.278966562907212,-3.2817388,0.0005227105,0.002772195179946202,-0.010686945897719013,-0.013576953,0.0028900068428310277
-0.8,1.0728366895058958e-09,2396.471193900285,522.5703607996403,39.66536493364173,302.3426017448898,0.0004906113871735,train,-3.3092623759640736,-3.311623,0.00048795177,0.002360720501990876,-0.030019982063922868,-0.030776696,0.0007567142157220985
-2.4000000000000004,1.0882818479532783e-09,2447.508764517909,466.8571183944717,43.278933930679706,307.8168200832177,0.0005275218983319,train,-3.277759507352906,-3.278782,0.0005262815,0.0010223835162346262,-0.012097754143550077,-0.012765605,0.000667850859091601
-2.6,1.0071535471770136e-09,2369.635821802133,538.5091665951578,40.65637295368661,296.23853018587084,0.000534444063618,train,-3.2720977425286826,-3.2724588,0.00053399993,0.00036104920410551244,-0.010558726735837354,-0.014802837,0.004244110077195273
-1.6,1.243555870393131e-09,2440.816535503744,483.6779599156501,38.81204244575611,302.5323056028984,0.0005015910479749,train,-3.2996502230740625,-3.2992754,0.00050202414,0.00037482481966799597,-0.01765377458854367,-0.018043384,0.00038960936741183616
-1.8,9.55415883814233e-10,2578.1734587821948,522.0121395253278,38.42173874228168,293.06092698472065,0.0005029755111252,train,-3.298453159361761,-3.2944498,0.00050763343,0.004003353148382072,-0.015884237082666175,-0.016983397,0.0010991602223455743
-2.6,1.006299553709699e-09,2596.53014928976,491.578961058072,40.01001805266426,305.28831051478386,0.0005142722572293,train,-3.2888069033615954,-3.2845356,0.00051935506,0.004271256922996791,-0.011390928801359834,-0.014448066,0.0030571374406793694
-0.2,1.0375673846448864e-09,2379.4103992541063,496.85223216497695,39.047727684139495,305.18782525816323,0.0004561194992935,train,-3.340921361097034,-3.3399937,0.0004570948,0.0009276458107789765,-0.0599776530633207,-0.058846872,0.00113078076341111
-2.8000000000000003,9.220148370062533e-10,2472.3739758500788,504.5088858703008,41.28793476116813,303.0641722996054,0.0005208348812986,train,-3.2832999379417425,-3.2798479,0.00052499137,0.0034520776054387525,-0.010095331383825012,-0.0075832945,0.0025120368543571914
-2.6,1.0025105539620802e-09,2526.9743060678943,509.1946075584183,40.75166342427999,301.0515477079729,0.0005231064310853,train,-3.2814099407110655,-3.279975,0.00052483776,0.0014350032721006656,-0.01112797402342558,-0.014741336,0.0036133619720697396
-1.4,9.63679966987411e-10,2457.046368424285,519.0454313677445,40.52844947169319,303.263443359763,0.0005073034364162,train,-3.2947321958108464,-3.2975547,0.0005040171,0.0028225355581721345,-0.01998536449431576,-0.020862019,0.000876654195197446
0.0,9.244750759855351e-10,2606.766252024905,514.7015322051607,39.36697999872778,300.425811364213,0.0004394353828734,train,-3.3571049770741244,-3.36426,0.000432255,0.007154981193087551,-0.08308647252677659,-0.0823765,0.0007099700724957358
-0.8,9.634928280602635e-10,2455.009212271192,512.2369330710814,40.30940301281442,306.6726054586492,0.0004853384875613,train,-3.313955267570505,-3.3129582,0.00048645397,0.0009970270614716448,-0.031113904659934022,-0.03125781,0.0001439035485315543
-1.2000000000000002,9.42387899986183e-10,2596.3418775504824,506.9916211367261,42.54178389838287,305.55199671356803,0.0004934890406813,train,-3.306722487623496,-3.302146,0.00049871684,0.004576529676718621,-0.023709372412787033,-0.02340326,0.00030611155592019657
-1.6,1.0071535471770136e-09,2369.635821802133,538.5091665951578,40.65637295368661,296.23853018587084,0.0005182049142542,train,-3.2854984728180403,-3.2870693,0.00051633397,0.0015708478606706322,-0.017294913508866472,-0.01807367,0.0007787570572155289
0.0,1.0040157435828723e-09,2421.1156291426087,502.3421578152334,38.33334239027114,293.10089722857373,0.0004492201885135,train,-3.3475407342382937,-3.3498266,0.000446862,0.002285840087267843,-0.07686010359004314,-0.08080817,0.003948066549746443
-1.0,9.244750759855351e-10,2606.766252024905,514.7015322051607,39.36697999872778,300.425811364213,0.0004887146816589,train,-3.310944613974345,-3.3192992,0.00047940304,0.008354607064473552,-0.02677391300744425,-0.02761803,0.0008441170787154562
-2.8000000000000003,1.0803651442869379e-09,2531.060987167743,511.9316238370674,40.66002705988115,288.1838349540611,0.0005361058674664,train,-3.270749439567576,-3.2750623,0.0005308083,0.004312883049001126,-0.009851927467765975,-0.007255907,0.002596020297291446
-0.2,1.032683367538443e-09,2526.170348943833,478.8149532207128,42.09307571557734,293.4443281911712,0.0004641759579992,train,-3.3333173575868664,-3.3365219,0.00046076358,0.0032045063505115046,-0.0608533181479487,-0.06183608,0.0009827606150594193
-0.8,9.123213222215395e-10,2625.69228411366,506.617977618184,38.92442853409919,306.1252360546967,0.0004709006702944,train,-3.3270706913688044,-3.3260162,0.00047204545,0.0010545037009577207,-0.03219018718094446,-0.032152932,3.7255043693562584e-05
-0.2,8.979123523428993e-10,2531.360993910196,491.918494232159,35.793021097389925,308.86985058095934,0.0004558949062125,train,-3.341135260213396,-3.35031,0.00044636478,0.009174826990583362,-0.06294036818180793,-0.059798095,0.0031422728065084726
0.0,1.104689398918354e-09,2572.8324404304963,485.2307246352714,40.714467773434976,300.93677074401546,0.0004429722632006,train,-3.3536234663639433,-3.3491075,0.0004476025,0.004515962472952051,-0.08202265452507262,-0.08026064,0.0017620126521897816
-2.6,8.97240116378001e-10,2315.448379676966,519.850638103925,40.31160828282909,292.8565689112594,0.0005275690831736,train,-3.2777206630887568,-3.2782028,0.00052698376,0.00048210905174617125,-0.010439421484058187,-0.014158043,0.0037186215950200108
-0.4,1.1774606839117e-09,2487.5677489208106,509.6158544320055,42.33569419095241,299.8381908200232,0.0004698891151541,train,-3.3280046151670093,-3.3273933,0.000470551,0.00061132178627199,-0.045661010289785864,-0.0442613,0.0013997112160897274
-0.2,1.0849323731926979e-09,2551.147301026894,487.27717818808753,44.82712146868644,302.5978918999191,0.0004630212494557,train,-3.3343990774278605,-3.333787,0.0004636743,0.000612113011356552,-0.062093979183609704,-0.058120683,0.003973296348030786
-1.6,9.136850961862703e-10,2400.1705034771794,499.3175315176618,39.85562670167986,300.93280864091923,0.0005017897160219,train,-3.2994782436206664,-3.296363,0.0005054019,0.0031151283099974947,-0.017660940537201242,-0.018277159,0.0006162184234987933
-2.6,8.979123523428993e-10,2531.360993910196,491.918494232159,35.793021097389925,308.86985058095934,0.0005219469608202,train,-3.282373626870224,-3.2939796,0.00050818326,0.011606017905166688,-0.011227538688798333,-0.012502082,0.0012745430034204475
-1.4,1.0803651442869379e-09,2531.060987167743,511.9316238370674,40.66002705988115,288.1838349540611,0.0005128517761236,train,-3.290008136083489,-3.2952561,0.0005066918,0.005248001764411203,-0.019672232454650995,-0.0193461,0.00032613310777485083
-2.8000000000000003,9.808684991835892e-10,2440.440905080504,475.02919518003887,43.13862383173334,296.64614602139693,0.0005400812807848,train,-3.267540875103091,-3.2691598,0.0005380718,0.001618918750668552,-0.009919206750103271,-0.0074959346,0.002423272140779531
-0.8,9.756514716409811e-10,2404.497548871577,500.9208966540563,41.62971960161597,300.52976098251094,0.0004952874004927,train,-3.305142719798876,-3.3078468,0.0004922132,0.0027040647927987216,-0.030472343138550073,-0.03236202,0.001889678367282599
-2.6,1.0663734802785015e-09,2646.766281337793,486.2018595083384,41.79339850063371,299.641349014439,0.0005293192340754,train,-3.2762823245973562,-3.2792315,0.0005257369,0.0029492237119699283,-0.011070163991856674,-0.014577111,0.003506947237443825
-2.4000000000000004,1.006938037138553e-09,2476.033687734913,499.8883185243343,35.52248114367448,306.4489109295662,0.0005130021619654,train,-3.2898808046198313,-3.293835,0.00050835265,0.003954120078044632,-0.012010458678377134,-0.013645679,0.001635220080244082
-1.2000000000000002,1.1762312017058683e-09,2610.23254556298,515.3751788116352,39.24041391228537,297.93305834844136,0.0004920135432078,train,-3.308022942640234,-3.3106434,0.0004890537,0.002620491884302023,-0.022626560956444663,-0.022399396,0.0002271652521752543
-0.8,1.0191682032973931e-09,2560.240612715575,475.6482256289376,41.11142736058992,291.8506686301862,0.0004828098494491,train,-3.316223878761594,-3.3138847,0.00048541732,0.0023391436541722044,-0.030602859887398637,-0.032619946,0.0020170858175383444
-3.0,1.0663734802785015e-09,2646.766281337793,486.2018595083384,41.79339850063371,299.641349014439,0.0005343310134798,train,-3.272189617895977,-3.2766488,0.0005288728,0.00445914194594188,-0.009446118107717894,0.004573778,0.014019895891379974
-3.0,1.0803651442869379e-09,2531.060987167743,511.9316238370674,40.66002705988115,288.1838349540611,0.0005384476527993,train,-3.268856511874749,-3.2747827,0.0005311502,0.005926145748542222,-0.009077349460511641,0.004126501,0.013203850264488892
-2.2,9.85546704036472e-10,2573.0239327697072,479.3922741661716,39.9154735600532,295.8292447353602,0.0005083458912496,train,-3.293840682316122,-3.2888608,0.00051420846,0.00497988443404207,-0.01310081430641219,-0.012088873,0.00101194088277623
-1.6,1.0455070732925304e-09,2552.705145034877,518.1497095238773,37.60227540602951,298.4772867617408,0.0004926800365976,train,-3.3074350349874293,-3.3035824,0.00049707,0.003852605101565043,-0.017707896534984613,-0.018698284,0.0009903878675050493
-2.4000000000000004,7.516487326049727e-10,2475.0294016619155,481.8667099014746,36.16652897024234,304.10393187120707,0.0005067019627036,train,-3.295247413471926,-3.2962313,0.00050555536,0.0009838563644999354,-0.012276873020072188,-0.012924503,0.0006476295836375101
-1.0,9.63679966987411e-10,2457.046368424285,519.0454313677445,40.52844947169319,303.263443359763,0.0004967963408897,train,-3.303821611577982,-3.3070934,0.0004930678,0.0032717703037317136,-0.026199631508594834,-0.028025625,0.0018259937649904856
-1.2000000000000002,1.032683367538443e-09,2526.170348943833,478.8149532207128,42.09307571557734,293.4443281911712,0.0005037003492965,train,-3.29782774797594,-3.2997081,0.0005015242,0.0018803799995237291,-0.022632711863865396,-0.023278037,0.0006453252222637929
-1.2000000000000002,9.85546704036472e-10,2573.0239327697072,479.3922741661716,39.9154735600532,295.8292447353602,0.0004887818731264,train,-3.310884908631202,-3.3060937,0.00049420405,0.004791215851660979,-0.02258250656136518,-0.022867778,0.0002852717547749961
-2.4000000000000004,9.344027379399094e-10,2510.734791451186,511.4018674256231,36.36815079533651,301.4558439858307,0.0004992628068764,train,-3.301670785977713,-3.2973077,0.00050430384,0.0043630562566434605,-0.012012780405633805,-0.013808563,0.0017957829459973595
-1.8,1.018423641836786e-09,2420.2103352289205,495.3862399264609,39.18777263938059,307.5354074756815,0.0005021040130946,train,-3.299206307488678,-3.2953596,0.0005065711,0.0038466959774474674,-0.015778709483988962,-0.016038064,0.0002593544295947936
-1.2000000000000002,9.979877857013676e-10,2496.537246315292,510.00187244466247,38.795972505421744,297.7961123434831,0.0004899639133105,train,-3.309835905333221,-3.3091493,0.0004907392,0.0006866400439142772,-0.02288793291416802,-0.022497581,0.00039035159614719817
-1.8,9.74908016407874e-10,2433.9347159425315,536.1873069142775,40.58953669016749,293.2225739384997,0.000524762077485,train,-3.2800375572720397,-3.28111,0.0005234678,0.0010724910220276662,-0.015419119224780786,-0.01630594,0.0008868210009396194
-0.8,9.595802013951228e-10,2610.2949574222403,489.9218602044182,42.219532217947325,302.0841812978663,0.0004868913260407,train,-3.312567962332756,-3.3130739,0.00048632448,0.0005059111871412725,-0.03158597059607793,-0.033458445,0.0018724746251077562
-2.8000000000000003,1.2225799825820127e-09,2598.953191343567,516.8045118894966,39.85430360518959,306.74502895459364,0.0005164700676179,train,-3.2869548432538775,-3.2856326,0.00051804486,0.0013222329328326232,-0.010422309247791972,-0.0078075626,0.002614746654421296
-2.0,1.0352580576007263e-09,2678.9547588546675,473.131828680381,34.826156523967086,290.8089263982084,0.0004926600367974,train,-3.307452665048566,-3.3010042,0.0005000297,0.006448493677106093,-0.014356864119964285,-0.014085048,0.00027181624163929996
-2.6,1.0455070732925304e-09,2552.705145034877,518.1497095238773,37.60227540602951,298.4772867617408,0.0005085474064307,train,-3.293668556228721,-3.2885199,0.0005146123,0.005148696914756279,-0.010911151304380695,-0.014679223,0.003768071994645794
-2.6,1.0050965165320695e-09,2414.3235243349927,515.5034020410067,40.79653471954481,301.4383600393062,0.0005282029609772,train,-3.277199168573141,-3.2768235,0.00052866,0.00037564791274080633,-0.010764114355149346,-0.014850937,0.004086822474894447
-2.2,1.0882818479532783e-09,2447.508764517909,466.8571183944717,43.278933930679706,307.8168200832177,0.0005244674823742,train,-3.2802814334251194,-3.2811115,0.00052346603,0.0008300453804226393,-0.013202158289521648,-0.011080884,0.0021212739148435134
-0.6000000000000001,9.595802013951228e-10,2610.2949574222403,489.9218602044182,42.219532217947325,302.0841812978663,0.0004792787887018,train,-3.319411791024078,-3.3202076,0.00047840137,0.0007958048011174057,-0.03793855227833376,-0.037744783,0.00019376941328630437
-1.2000000000000002,9.74908016407874e-10,2433.9347159425315,536.1873069142775,40.58953669016749,293.2225739384997,0.0005116210340804,train,-3.291051608842982,-3.2922218,0.00051024434,0.0011701757486926034,-0.022050046870118578,-0.021304369,0.0007456778973402578
-0.4,9.85546704036472e-10,2573.0239327697072,479.3922741661716,39.9154735600532,295.8292447353602,0.0004612937064272,train,-3.336022470565338,-3.332036,0.0004655475,0.00398645219375604,-0.04589016469055984,-0.04480132,0.0010888438099083686
-0.8,1.0109417900146311e-09,2546.474062846718,483.0790058826933,38.96317500489286,311.33012415162744,0.0004697649031396,train,-3.3281194331569237,-3.3234053,0.00047489186,0.004714167348818243,-0.03191562569030282,-0.031428672,0.0004869533170079876
-1.2000000000000002,1.1942019403763875e-09,2464.5026025880397,490.2741317287723,40.32854625878799,294.3650499716886,0.0005028526223306,train,-3.2985592807235977,-3.301225,0.00049977563,0.002665666252110288,-0.022040618059010697,-0.021251084,0.0007895337760164267
-0.2,9.595802013951228e-10,2610.2949574222403,489.9218602044182,42.219532217947325,302.0841812978663,0.000458904455131,train,-3.3382777260721364,-3.3387756,0.00045837864,0.0004979086934886467,-0.06303832549830268,-0.061089057,0.0019492680229742376
-3.0,1.0368980362030106e-09,2588.6829740462717,505.298163800807,40.78433779833217,301.9145433801493,0.0005294868251537,train,-3.276144841664584,-3.2802353,0.0005245232,0.004090448862759555,-0.009566659917812359,0.0045616813,0.014128341218214047
-0.8,8.979123523428993e-10,2531.360993910196,491.918494232159,35.793021097389925,308.86985058095934,0.0004836584560391,train,-3.3154612148398424,-3.3255663,0.0004725347,0.010105076969239679,-0.03132920665526484,-0.03124898,8.022738480661928e-05
-1.4,1.0574423663675307e-09,2585.0385338602478,471.3266920396063,42.543125490608695,301.3994726877767,0.000500507401562,train,-3.3005894957395756,-3.299799,0.0005014193,0.0007905302854740448,-0.02046772383947193,-0.021120692,0.0006529678324955768
-1.0,9.118663996020181e-10,2651.95019435956,481.7408591707263,38.899871401178025,300.40158819211445,0.0004801731441353,train,-3.3186021334918254,-3.319262,0.0004794441,0.0006598942486530923,-0.027265282624085785,-0.027490105,0.00022482285586988837
-2.4000000000000004,1.0375673846448864e-09,2379.4103992541063,496.85223216497695,39.047727684139495,305.18782525816323,0.0005166131563719,train,-3.2868345380253365,-3.2861855,0.0005173858,0.0006490350193550931,-0.011606956789719902,-0.013583139,0.001976181795370735
-2.0,9.725086180844783e-10,2468.017331565751,490.28733545372194,44.50977871149023,303.263152322465,0.0005238541852968,train,-3.280789581973572,-3.2822363,0.000522112,0.0014467556881712085,-0.014239179477135266,-0.013042197,0.0011969828457036868
-1.0,1.0060692139373963e-09,2527.3807724384133,522.7157534573084,43.167246359099664,298.50956140834,0.000504782358796,train,-3.2968958312825967,-3.2960255,0.00050579495,0.0008703166799355344,-0.026302983331010665,-0.027817532,0.001514549089147721
-1.6,1.0147448677929011e-09,2607.8117384734032,505.1107398178068,40.31257836583995,298.21936914217434,0.0005066304035433,train,-3.2953087511919765,-3.2974617,0.000504125,0.002152996931192419,-0.017982747252576203,-0.019272469,0.0012897217315508414
-1.6,7.777840542828623e-10,2445.911024694583,482.1130919467457,41.27682283342508,300.8565986758517,0.000500663199529,train,-3.3004543295694297,-3.2948232,0.00050719717,0.0056311598611777924,-0.017957705820391467,-0.018655915,0.0006982089928886381
-0.2,8.762920771795993e-10,2597.67569731618,502.646286170094,38.978559546027874,295.06946514256083,0.0004441873760945,train,-3.3524337883593702,-3.3500953,0.00044658562,0.0023385162951612415,-0.06112068547408178,-0.059982806,0.001137879029913691
-1.4,1.1774606839117e-09,2487.5677489208106,509.6158544320055,42.33569419095241,299.8381908200232,0.0005026723206103,train,-3.2987150283131386,-3.2971795,0.0005044528,0.0015355677876258689,-0.01986093970248959,-0.020149896,0.00028895621885993705
-1.8,1.0574423663675307e-09,2585.0385338602478,471.3266920396063,42.543125490608695,301.3994726877767,0.0005089404709431,train,-3.2933330126590037,-3.291907,0.00051061425,0.0014259405917429469,-0.01622505972204813,-0.017699929,0.0014748692321955303
-0.8,8.622252758820396e-10,2596.9228583838576,499.2028055441836,37.99663516660689,298.18972265332246,0.0004779447833331,train,-3.3206222742642506,-3.3211684,0.00047734412,0.0005461484347240031,-0.03139820469455934,-0.030318853,0.0010793521805307904
-2.2,1.0803651442869379e-09,2531.060987167743,511.9316238370674,40.66002705988115,288.1838349540611,0.0005279062720232,train,-3.2774431781413322,-3.282632,0.0005216364,0.005188934361719522,-0.012701085956777547,-0.011734605,0.000966481121267293
-3.0,9.664729913030388e-10,2627.7330466636663,506.9906344590098,40.06029068650691,301.1540677406581,0.0005184042106961,train,-3.2853314796014783,-3.2808583,0.00052377133,0.004473201326942178,-0.009727476692786396,0.004532586,0.014260062544634522
-1.0,1.013177684158949e-09,2549.0982526102403,506.5025106580401,39.7132385315927,304.62183232922587,0.000491067372536,train,-3.3088589202734093,-3.3133843,0.00048597698,0.004525374236478363,-0.026743383049460334,-0.027180444,0.0004370613997259909
-1.4,1.0071535471770136e-09,2369.635821802133,538.5091665951578,40.65637295368661,296.23853018587084,0.0005138530048358,train,-3.2891610995239353,-3.2907462,0.0005119809,0.0015851124816799178,-0.019509438522229416,-0.01876153,0.0007479080036976171
-0.2,9.612679185080118e-10,2493.7557151613,504.62150372842615,37.39117268896573,297.8667082132286,0.0004468721458415,train,-3.3498167146713373,-3.345679,0.00045115,0.0041376699478266055,-0.05958236225233193,-0.058806796,0.0007755666254531945
-2.8000000000000003,9.89297888860932e-10,2413.8801533334354,510.75595836241,38.53132745549709,285.1813868750008,0.000525703837294,train,-3.2792588529044826,-3.279464,0.0005254556,0.00020515351946759353,-0.009628655964871058,-0.0074019693,0.0022266866810518593
-1.6,9.55415883814233e-10,2578.1734587821948,522.0121395253278,38.42173874228168,293.06092698472065,0.0004991108604004,train,-3.3018029800023427,-3.2980504,0.0005034422,0.0037525764073720325,-0.01780068794072065,-0.018824052,0.0010233641248902359
-1.0,9.612679185080118e-10,2493.7557151613,504.62150372842615,37.39117268896573,297.8667082132286,0.000478978018311,train,-3.319684417160157,-3.3160915,0.000482957,0.0035928796845712263,-0.025621001964969636,-0.026150333,0.000529330798821448
-0.8,1.0060692139373963e-09,2527.3807724384133,522.7157534573084,43.167246359099664,298.50956140834,0.0004982563757052,train,-3.3025471353452454,-3.30208,0.0004987927,0.00046721934487914396,-0.030921941437840772,-0.032591715,0.0016697740172144648
-1.8,9.612679185080118e-10,2493.7557151613,504.62150372842615,37.39117268896573,297.8667082132286,0.0004967733176353,train,-3.30384173874724,-3.2999854,0.00050120405,0.003856329964281091,-0.01552423457119012,-0.016212823,0.0006885882982299307
-0.6000000000000001,1.120623623770265e-09,2459.871490367434,512.0011452017391,38.21649432972869,303.56534322943094,0.0004750688809486,train,-3.3232434168022955,-3.3220108,0.0004764192,0.0012326612633550837,-0.03652664674409145,-0.03385853,0.0026681165207218527
-2.4000000000000004,9.926993823896764e-10,2332.1716999604114,489.929360905385,39.90607827400121,296.137708789732,0.0005155096930529,train,-3.287763164328456,-3.2796888,0.0005251836,0.008074329184413198,-0.01150603991273691,-0.012786048,0.0012800085517401527
-2.0,9.926993823896764e-10,2332.1716999604114,489.929360905385,39.90607827400121,296.137708789732,0.0005096043903646,train,-3.2927668391049942,-3.284407,0.000519509,0.008359938699110447,-0.013701518642866617,-0.012830593,0.000870925950968271
-0.2,9.603042271636284e-10,2438.0715583385486,503.6957420101608,43.08491203323523,298.5763734449834,0.0004689742186126,train,-3.328851031532341,-3.3258815,0.0004721919,0.002969550361686668,-0.06141388200733111,-0.061074052,0.00033983000132487007
-2.8000000000000003,8.220747042076197e-10,2489.354974528123,536.8974000619587,36.589080383233394,294.68809277779184,0.0005095927910389,train,-3.2927767243818327,-3.2924273,0.00051000295,0.00034942297497231323,-0.010127470940251015,-0.008041396,0.0020860751344748962
-1.4,9.756514716409811e-10,2404.497548871577,500.9208966540563,41.62971960161597,300.52976098251094,0.0005122034232458,train,-3.290557523306494,-3.2926369,0.0005097569,0.002079348031396755,-0.019858114935971116,-0.019968074,0.00010995887913622937
-2.0,9.979877857013676e-10,2496.537246315292,510.00187244466247,38.795972505421744,297.7961123434831,0.0005065805799958,train,-3.2953514631090735,-3.2944696,0.00050761027,0.0008818681536291173,-0.014413416795205691,-0.013958262,0.00045515451557598396
-1.0,1.0050101529814667e-09,2449.206992526188,478.70441149946606,40.80112322251315,299.2329513672896,0.0004971648345004,train,-3.3034995974932517,-3.3055282,0.000494848,0.0020285664166603823,-0.025985434652586292,-0.027434777,0.0014493428158566246
-2.0,8.241763212999094e-10,2472.357675267654,473.84577322091,39.21856251436128,307.7679942040925,0.0005052264482155,train,-3.29651392253992,-3.2979307,0.00050358096,0.0014167949283416803,-0.01450970526606099,-0.012885147,0.0016245584917093936
-1.8,9.664729913030388e-10,2627.7330466636663,506.9906344590098,40.06029068650691,301.1540677406581,0.000500655972779,train,-3.300460598375089,-3.2949479,0.0005070516,0.005512735749967135,-0.016505167698257495,-0.01739793,0.0008927631473607534
-1.2000000000000002,9.123213222215395e-10,2625.69228411366,506.617977618184,38.92442853409919,306.1252360546967,0.0004829415980021,train,-3.316105385188382,-3.315017,0.00048415342,0.0010884002488067424,-0.023852993038561365,-0.023119107,0.0007338861497903082
-0.6000000000000001,8.498130788208901e-10,2622.111610500832,493.1418777793542,40.32755095458103,299.70047987606006,0.0004761291864634,train,-3.3222751956910184,-3.3235435,0.0004747407,0.001268352892966007,-0.03815622992110157,-0.035615075,0.002541154541491508
0.0,1.1201765668553066e-09,2329.913862262383,487.444276821995,41.61971486534147,298.1037724082114,0.0004586495972403,train,-3.338518983528655,-3.3415904,0.00045541738,0.003071420981842987,-0.07672869416765593,-0.08169615,0.004967458519416823
-0.4,1.0806933086411387e-09,2604.781653428076,466.5836923998952,39.33731057072893,297.69705044733973,0.0004693962488115,train,-3.328460385395662,-3.3324084,0.00046514845,0.003948042796476869,-0.046365046029116286,-0.0428474,0.0035176473605886827
-1.0,1.066709170571727e-09,2302.646144768272,474.8978179470865,37.69553984942066,294.1521471075916,0.0004891710290022,train,-3.3105392718259674,-3.30876,0.0004911793,0.0017793440763336221,-0.024609885538559695,-0.02609403,0.0014841450503055853
-0.8,9.118663996020181e-10,2651.95019435956,481.7408591707263,38.899871401178025,300.40158819211445,0.0004737541457637,train,-3.3244469765501607,-3.3252513,0.00047287752,0.0008043643159281189,-0.031968356539035625,-0.032406323,0.0004379661190263562
-2.8000000000000003,1.000072357945733e-09,2615.067429542859,502.8265147659643,41.97319841319997,303.92619603855775,0.0005281897084301,train,-3.2772100651047884,-3.2794163,0.00052551326,0.002206257603341477,-0.01034153059711862,-0.007934283,0.0024072471319716016
-2.4000000000000004,9.220148370062533e-10,2472.3739758500788,504.5088858703008,41.28793476116813,303.0641722996054,0.0005156251641566,train,-3.2876658958421565,-3.2852151,0.0005185431,0.00245075645311843,-0.011849778876202421,-0.014191064,0.0023412851760813425
-0.6000000000000001,1.075576112436465e-09,2439.1914792405805,507.5653121861305,41.43318212059344,299.0815860986159,0.0004777321142281,train,-3.320815563482674,-3.3150632,0.00048410188,0.005752325338753028,-0.03659477601027916,-0.035478286,0.0011164895651383233
-0.6000000000000001,9.118663996020181e-10,2651.95019435956,481.7408591707263,38.899871401178025,300.40158819211445,0.0004662410669053,train,-3.3313894761074394,-3.3322191,0.00046535124,0.0008296477328926244,-0.038586006593279265,-0.03724275,0.0013432550247234332
-0.6000000000000001,9.808684991835892e-10,2440.440905080504,475.02919518003887,43.13862383173334,296.64614602139693,0.0004918972988077,train,-3.308125562307779,-3.3117702,0.0004877865,0.0036446384215911287,-0.03685001733373561,-0.037067816,0.0002177983276947515
-2.8000000000000003,8.762920771795993e-10,2597.67569731618,502.646286170094,38.978559546027874,295.06946514256083,0.0005099319329282,train,-3.2924877908168577,-3.2903583,0.0005124384,0.0021294858394407257,-0.010367254404432202,-0.0067838156,0.003583438837981845
-3.0,1.0352580576007263e-09,2678.9547588546675,473.131828680381,34.826156523967086,290.8089263982084,0.000506139467881,train,-3.2957297958376004,-3.2904675,0.0005123096,0.005262295150954888,-0.009634756735877659,0.004646886,0.014281642875985767
-0.8,1.0574423663675307e-09,2585.0385338602478,471.3266920396063,42.543125490608695,301.3994726877767,0.0004834873076542,train,-3.315614922383658,-3.3157234,0.00048336654,0.0001084968057951663,-0.031214807012638346,-0.033573277,0.002358470281997427
-1.0,9.304065850268983e-10,2472.4930947482308,495.539662311,41.9345213676303,296.5403011366731,0.0004959951445643,train,-3.3045225749195866,-3.305632,0.0004947296,0.0011095394908138267,-0.025896354677252376,-0.027490238,0.001593883050508893
-0.2,9.979877857013676e-10,2496.537246315292,510.00187244466247,38.795972505421744,297.7961123434831,0.0004515782567043,train,-3.345266977333153,-3.3438096,0.00045309617,0.001457372688377756,-0.06055748860116239,-0.05887655,0.0016809369134449526
-0.8,1.2225799825820127e-09,2598.953191343567,516.8045118894966,39.85430360518959,306.74502895459364,0.0004761956733347,train,-3.322214554868563,-3.322755,0.00047560336,0.0005405434743326332,-0.03146793955179916,-0.031510513,4.257372406257787e-05
-1.4,8.354324428057498e-10,2430.182491588309,507.603602235917,36.73791801396338,295.61725668807514,0.0004919499095852,train,-3.3080791149119153,-3.3115857,0.00048799382,0.0035065498372301995,-0.019491337718140045,-0.019129207,0.0003621303603758008
-1.8,1.013177684158949e-09,2549.0982526102403,506.5025106580401,39.7132385315927,304.62183232922587,0.0005101907172163,train,-3.2922674475263327,-3.2965703,0.0005051609,0.00430285352957549,-0.01625611534736926,-0.017122613,0.0008664979187411603
-2.2,1.032683367538443e-09,2526.170348943833,478.8149532207128,42.09307571557734,293.4443281911712,0.000523787780684,train,-3.2808446373415068,-3.282146,0.0005222206,0.0013013396787568965,-0.012903118134097724,-0.012096026,0.0008070921530887176
-2.6,9.220148370062533e-10,2472.3739758500788,504.5088858703008,41.28793476116813,303.0641722996054,0.0005183270964132,train,-3.285396087098853,-3.2822013,0.0005221541,0.0031947969682377675,-0.010914894751037352,-0.0146992365,0.0037843417387950495
-2.2,9.74908016407874e-10,2433.9347159425315,536.1873069142775,40.58953669016749,293.2225739384997,0.0005315198521482,train,-3.2744805100354983,-3.2756474,0.0005300936,0.0011668917741940454,-0.012604554009609359,-0.012025115,0.0005794389294315749
-2.0,1.0044736023004086e-09,2276.4853940628345,486.8441992232576,38.23677890677304,298.10055132439214,0.0005155562289024,train,-3.287723961669864,-3.2877333,0.00051554514,9.354751644874426e-06,-0.013511613234154396,-0.012661101,0.000850511937610321
-1.8,1.0368980362030106e-09,2588.6829740462717,505.298163800807,40.78433779833217,301.9145433801493,0.0005116816363803,train,-3.2910001690388504,-3.294582,0.00050747907,0.0035817210673507738,-0.016142422276638868,-0.017519314,0.0013768915654193137
-1.0,9.980121445569454e-10,2387.75545073954,508.7275610680178,38.8972081784186,297.8606493603604,0.0004869808104194,train,-3.3124881519130094,-3.3102272,0.0004895227,0.0022609962275845774,-0.025674643846750556,-0.026313854,0.0006392105346915145
-0.4,8.894595189948581e-10,2383.601346469497,502.4892009812192,38.55163090195673,309.2198732722366,0.0004651552925101,train,-3.3324020333013045,-3.3319216,0.00046567016,0.00048045584769118577,-0.04685339733450533,-0.041390434,0.005462963426996481
-2.0,1.0025105539620802e-09,2526.9743060678943,509.1946075584183,40.75166342427999,301.0515477079729,0.0005140443061273,train,-3.288999447002127,-3.288294,0.0005148799,0.0007053700825712106,-0.014472196448030772,-0.014231688,0.00024050810504228082
-1.0,9.344027379399094e-10,2510.734791451186,511.4018674256231,36.36815079533651,301.4558439858307,0.0004717643062616,train,-3.3262749209748765,-3.3223755,0.0004760192,0.0038993850099107163,-0.026323362598843048,-0.026794326,0.0004709629614882971
-1.6,9.244750759855351e-10,2606.766252024905,514.7015322051607,39.36697999872778,300.425811364213,0.0005037169580451,train,-3.297813428015748,-3.305748,0.0004945976,0.007934557824095911,-0.018138237672742363,-0.019544492,0.0014062538716235196
-2.0,9.244750759855351e-10,2606.766252024905,514.7015322051607,39.36697999872778,300.425811364213,0.0005112966066817,train,-3.291327089542783,-3.2987745,0.00050260354,0.007447391276919291,-0.014605923736615622,-0.014735374,0.00012944993175700859
0.0,8.939439783837785e-10,2330.6189292196764,529.359956175692,38.57283152042447,302.4090006102026,0.0004417013717516,train,-3.3548712519908155,-3.355646,0.0004409142,0.0007746430134569771,-0.07966209805364244,-0.08108394,0.0014218404257810846
-2.4000000000000004,1.018423641836786e-09,2420.2103352289205,495.3862399264609,39.18777263938059,307.5354074756815,0.0005115713331774,train,-3.2910937999863608,-3.2875228,0.0005157951,0.003571007170198648,-0.011693750183901841,-0.013448352,0.0017546018102549965
-0.6000000000000001,1.243555870393131e-09,2440.816535503744,483.6779599156501,38.81204244575611,302.5323056028984,0.0004737098031107,train,-3.3244876277423203,-3.3238525,0.00047440303,0.000635088679820317,-0.03640644152685191,-0.03478151,0.0016249333791353848
-2.4000000000000004,7.777840542828623e-10,2445.911024694583,482.1130919467457,41.27682283342508,300.8565986758517,0.000514211907231,train,-3.2888578709353906,-3.2833014,0.0005208332,0.005556517480800771,-0.011921425750733405,-0.013539711,0.001618285262702912
-1.6,9.89963136259949e-10,2542.7024133885266,503.0087467521194,39.0211226249472,305.0510216058231,0.0004963680717096,train,-3.304196161754883,-3.3023767,0.0004984519,0.0018194146235352981,-0.01803862206173612,-0.0185064,0.0004677782254152163
0.0,1.0671658198705114e-09,2444.626831258547,492.08006432381046,41.193035529790656,301.7038514591378,0.000440197339132,train,-3.3563525869616395,-3.3489027,0.00044781363,0.007449884630096548,-0.08057695377697982,-0.08258827,0.0020113165296073987
-0.2,9.55415883814233e-10,2578.1734587821948,522.0121395253278,38.42173874228168,293.06092698472065,0.000451522189458,train,-3.3453209020008208,-3.3403492,0.00045672082,0.0049717046131254605,-0.06022545630316323,-0.05741102,0.002814437544151005
-3.0,1.0942344693420075e-09,2360.838758300681,491.3731844386217,39.51420947268076,305.7035776891924,0.0005332667343891,train,-3.27305550711377,-3.275694,0.0005300369,0.0026383863188472745,-0.009170734950323833,0.0038411622,0.013011897143890394
-0.4,8.354324428057498e-10,2430.182491588309,507.603602235917,36.73791801396338,295.61725668807514,0.0004603582367121,train,-3.3369040820625937,-3.3399904,0.00045709833,0.0030862953635537593,-0.04453891633846041,-0.04215242,0.0023864966521429665
-2.0,1.1395831540373826e-09,2538.761869465952,510.72502895181066,40.87821813200619,300.974125232131,0.0005145065866311,train,-3.2886090610974064,-3.289934,0.0005129394,0.00132485880920985,-0.014286325103292086,-0.013663827,0.0006224976616593381
-0.4,9.143704143090119e-10,2444.5179463100326,473.4138143725302,40.94136333558407,299.94201571725745,0.0004660252706892,train,-3.3315905326162123,-3.3303273,0.0004673828,0.001263260201051164,-0.045836734580371186,-0.04469809,0.0011386452191803897
-1.6,1.0352580576007263e-09,2678.9547588546675,473.131828680381,34.826156523967086,290.8089263982084,0.0004854939305088,train,-3.3138161951339637,-3.3077075,0.000492371,0.006108646992484257,-0.01785229739345695,-0.01896413,0.0011118330379566999
-0.4,9.118663996020181e-10,2651.95019435956,481.7408591707263,38.899871401178025,300.40158819211445,0.0004572130532272,train,-3.3398813791874726,-3.3403187,0.0004567529,0.0004373006220976805,-0.04777491713400295,-0.045034397,0.0027405197405379056
-2.4000000000000004,1.0574423663675307e-09,2585.0385338602478,471.3266920396063,42.543125490608695,301.3994726877767,0.0005189034574503,train,-3.284913435594176,-3.28342,0.0005206908,0.0014933496871933905,-0.012267749674554906,-0.014415043,0.0021472937316335816
-1.2000000000000002,1.2225799825820127e-09,2598.953191343567,516.8045118894966,39.85430360518959,306.74502895459364,0.0004881188774697,train,-3.3114743961492783,-3.3119314,0.00048760555,0.0004569755395644748,-0.023312163597076108,-0.022787092,0.0005250713435103194
-2.2,9.808684991835892e-10,2440.440905080504,475.02919518003887,43.13862383173334,296.64614602139693,0.0005317668647971,train,-3.2742787277116947,-3.27684,0.00052864,0.0025612438306636953,-0.012806495086675085,-0.011588775,0.001217720465188421
-2.0,1.0728366895058958e-09,2396.471193900285,522.5703607996403,39.66536493364173,302.3426017448898,0.0005186943271629,train,-3.2850885017564084,-3.2866879,0.0005167877,0.0015993491957400074,-0.01383580529615358,-0.013716198,0.00011960772350505522
-2.4000000000000004,1.120623623770265e-09,2459.871490367434,512.0011452017391,38.21649432972869,303.56534322943094,0.0005163328267759,train,-3.2870702630325144,-3.2867272,0.0005167409,0.00034307301481417696,-0.011620520630755138,-0.013536721,0.0019161999058940893
-1.0,8.498130788208901e-10,2622.111610500832,493.1418777793542,40.32755095458103,299.70047987606006,0.0004902076622219,train,-3.309619904763493,-3.3111513,0.0004884822,0.0015313613345293575,-0.02701081253640858,-0.026340581,0.0006702310597201944
-0.4,1.0789603531824067e-09,2367.1936347140645,478.9001778930339,37.12870103512795,297.3410066095633,0.0004728546245501,train,-3.325272359177618,-3.330724,0.00046695603,0.005451641753168257,-0.04351166536298123,-0.041497916,0.00201374937978116
-2.6,8.354324428057498e-10,2430.182491588309,507.603602235917,36.73791801396338,295.61725668807514,0.0005116060603617,train,-3.29106431961548,-3.2937727,0.00050842547,0.002708377833250619,-0.010588292381386921,-0.013467374,0.0028790818763564374
-1.6,1.1942019403763875e-09,2464.5026025880397,490.2741317287723,40.32854625878799,294.3650499716886,0.0005119090952573,train,-3.2908071541282737,-3.2936444,0.00050857564,0.002837274124900091,-0.017142912033190072,-0.017688602,0.0005456901759011146
-1.8,9.596807973870107e-10,2396.380469719385,547.2442070596833,39.34847113068841,298.5552181462747,0.0005132283698406,train,-3.28968934503934,-3.2915,0.00051109295,0.0018107465133945233,-0.015402047153276754,-0.015814882,0.0004128346185261478
0.0,1.0803651442869379e-09,2531.060987167743,511.9316238370674,40.66002705988115,288.1838349540611,0.0004547673907048,train,-3.342210684144152,-3.3482828,0.00044845327,0.006072129881726784,-0.07649942711290691,-0.08102987,0.004530442503124732
-1.6,9.525981103063824e-10,2521.0178569100235,513.1122387074643,39.33447860201831,299.4635962010897,0.0005072705274638,train,-3.2947603695605117,-3.3006258,0.00050046557,0.005865431525914122,-0.01790293843916757,-0.018801427,0.0008984880758156066
-0.6000000000000001,1.0789603531824067e-09,2367.1936347140645,478.9001778930339,37.12870103512795,297.3410066095633,0.0004813514767411,train,-3.3175376914721095,-3.323285,0.0004750233,0.005747411372128752,-0.0352375226176278,-0.034287874,0.0009496489620701709
-2.4000000000000004,8.599648780937922e-10,2637.8899539670565,501.9551856304757,39.90381821426863,300.9815905741297,0.0005092554289129,train,-3.2930643325107187,-3.2907588,0.00051196606,0.002305484320411111,-0.012396812293021142,-0.013653088,0.0012562760680037144
-2.6,9.50582857470194e-10,2403.738957653681,492.6388454667692,37.10727035463277,300.4554170460457,0.0005219357149224,train,-3.2823829843037218,-3.2868476,0.00051659765,0.004464607096424711,-0.010643599829984751,-0.013588409,0.002944809109555635
-2.2,1.0073410050818803e-09,2574.374612551252,485.6872921198837,42.17824256593523,298.72995545788456,0.0005193245529076,train,-3.284561144109717,-3.282024,0.0005223674,0.0025372374019534405,-0.013176774228288224,-0.0121257715,0.0010510027355685736
-0.8,1.1396379394271226e-09,2408.4924726992253,490.0725825278824,43.06550150160359,292.35304316269765,0.0005002826178811,train,-3.300784586242042,-3.299852,0.0005013582,0.0009326918633800751,-0.029799045725567908,-0.030247536,0.00044848983098688677
-0.8,9.603042271636284e-10,2438.0715583385486,503.6957420101608,43.08491203323523,298.5763734449834,0.0004970169947361,train,-3.3036287609770865,-3.3012507,0.00049974595,0.0023780647948354883,-0.030819158153947868,-0.031202354,0.0003831953831348045
-2.8000000000000003,9.980121445569454e-10,2387.75545073954,508.7275610680178,38.8972081784186,297.8606493603604,0.0005196333650096,train,-3.2843029711972624,-3.2803876,0.00052433927,0.003915331197872796,-0.009880118444351993,-0.0075194975,0.002360620908229194
-2.4000000000000004,9.589043387653522e-10,2486.667922677388,495.3304947031063,40.43386356777175,305.1954997344612,0.000527836437489,train,-3.27750063295986,-3.2836988,0.00052035676,0.00619816426609221,-0.01201976237332758,-0.013403634,0.0013838712360865202
-2.4000000000000004,1.0109417900146311e-09,2546.474062846718,483.0790058826933,38.96317500489286,311.33012415162744,0.000504444517165,train,-3.297186593974467,-3.2933836,0.0005088812,0.003802995646830176,-0.012105797208123548,-0.013703876,0.0015980789668628148
-1.2000000000000002,9.682475573035431e-10,2330.6047518253104,479.0686974559265,41.64371883461047,301.63426669668445,0.0005077110864885,train,-3.294383353144124,-3.2968266,0.0005048628,0.002443247884318378,-0.022259011514011107,-0.02272262,0.0004636090030043505
-1.0,8.97240116378001e-10,2315.448379676966,519.850638103925,40.31160828282909,292.8565689112594,0.0004974717827663,train,-3.30323154795631,-3.3058596,0.0004944705,0.002628017778553371,-0.025077379271849054,-0.026786216,0.001708836331502539
-1.4,1.2307353848142815e-09,2445.249484887284,482.48119148575233,42.87746783295031,307.55593866537106,0.0005087246235742,train,-3.293517240895105,-3.2921605,0.00051031634,0.0013567298782590775,-0.019948770179082587,-0.01977292,0.0001758494215504669
-1.0,1.0455070732925304e-09,2552.705145034877,518.1497095238773,37.60227540602951,298.4772867617408,0.0004783149239973,train,-3.320286068409741,-3.3165524,0.00048244477,0.003733667820751574,-0.0261261578147316,-0.02667426,0.0005481016392803184
-2.0,7.516487326049727e-10,2475.0294016619155,481.8667099014746,36.16652897024234,304.10393187120707,0.0005004773455668,train,-3.3006155763624916,-3.301199,0.0004998055,0.0005833829880943497,-0.01477125098230303,-0.013477463,0.0012937877071088622
-2.0,1.1459805246638944e-09,2630.825732937456,497.4739907663986,41.26661222078493,300.2753689300697,0.0005060175386116,train,-3.2958344302150726,-3.2925003,0.00050991727,0.0033341727230071783,-0.014449113683040693,-0.014322051,0.0001270628359275605
-2.6,1.1396379394271226e-09,2408.4924726992253,490.0725825278824,43.06550150160359,292.35304316269765,0.0005375899268618,train,-3.269548877508772,-3.2691429,0.00053809275,0.0004060113741286564,-0.010488765733848382,-0.0131888455,0.0027000797441498747
-2.2,1.0109417900146311e-09,2546.474062846718,483.0790058826933,38.96317500489286,311.33012415162744,0.0005015206146784,train,-3.299711210884695,-3.2959027,0.00050593796,0.0038084818502710505,-0.013238968723289446,-0.012014669,0.0012242993571085492
-1.8,1.1942019403763875e-09,2464.5026025880397,490.2741317287723,40.32854625878799,294.3650499716886,0.0005157231518055,train,-3.2875833718399714,-3.290271,0.0005125414,0.002687671937494418,-0.015276488157107693,-0.015822789,0.0005463005433536949
0.0,9.595802013951228e-10,2610.2949574222403,489.9218602044182,42.219532217947325,302.0841812978663,0.000443650817951,train,-3.35295871344341,-3.3532765,0.0004433263,0.00031777772175134444,-0.08377154821444321,-0.08313639,0.0006351610450820999
-0.6000000000000001,1.2225799825820127e-09,2598.953191343567,516.8045118894966,39.85430360518959,306.74502895459364,0.0004687708834352,train,-3.329039371299113,-3.3294582,0.000468319,0.00041886539522284494,-0.03788609848371571,-0.03543363,0.0024524670933825377
0.0,1.000072357945733e-09,2615.067429542859,502.8265147659643,41.97319841319997,303.92619603855775,0.0004434349086352,train,-3.353170120804581,-3.359018,0.00043750388,0.005847966582503972,-0.08485022217084293,-0.08491973,6.950616787548825e-05
0.0,1.006938037138553e-09,2476.033687734913,499.8883185243343,35.52248114367448,306.4489109295662,0.000437252248887,train,-3.3592679481690046,-3.363192,0.0004333192,0.003924133282411368,-0.08072872253244512,-0.081932925,0.0012042021554172777
-1.0,1.0806933086411387e-09,2604.781653428076,466.5836923998952,39.33731057072893,297.69705044733973,0.0004921514394146,train,-3.3079012403583246,-3.3124301,0.00048704585,0.004528902997998685,-0.02628873995904435,-0.026246406,4.2333821101081526e-05
-2.2,9.344027379399094e-10,2510.734791451186,511.4018674256231,36.36815079533651,301.4558439858307,0.0004963921615786,train,-3.3041750849695166,-3.2999291,0.000501269,0.0042459429712256025,-0.013117596011790411,-0.01283455,0.000283046130272524
-0.4,1.0942344693420075e-09,2360.838758300681,491.3731844386217,39.51420947268076,305.7035776891924,0.0004752520944446,train,-3.323075960514643,-3.3220248,0.00047640374,0.001051138279535735,-0.04531592900356962,-0.040248692,0.005067236967894573
-3.0,1.0849323731926979e-09,2551.147301026894,487.27717818808753,44.82712146868644,302.5978918999191,0.0005346379835974,train,-3.2719401898354588,-3.2732098,0.0005330773,0.0012696204214992513,-0.009349039029201478,0.005112767,0.014461806248744935
-1.6,1.0942344693420075e-09,2360.838758300681,491.3731844386217,39.51420947268076,305.7035776891924,0.0005123116606613,train,-3.29046575908906,-3.2913878,0.00051122514,0.0009220373129177339,-0.01727896989851807,-0.01696982,0.0003091494139990658
-1.0,1.1459805246638944e-09,2630.825732937456,497.4739907663986,41.26661222078493,300.2753689300697,0.0004838447623979,train,-3.3152939558105623,-3.3129108,0.00048650714,0.0023831605987703064,-0.026552716357734596,-0.02764838,0.0010956636684866794
-0.6000000000000001,8.599648780937922e-10,2637.8899539670565,501.9551856304757,39.90381821426863,300.9815905741297,0.0004663431376337,train,-3.3312944096157073,-3.32825,0.00046962377,0.0030444782802581116,-0.03849577083132516,-0.036379103,0.0021166682138229476
-1.0,1.000072357945733e-09,2615.067429542859,502.8265147659643,41.97319841319997,303.92619603855775,0.0004936578586024,train,-3.306573945005679,-3.3117373,0.00048782348,0.005163353959775296,-0.02681964395295644,-0.028920805,0.0021011611287686804
-0.6000000000000001,1.0044736023004086e-09,2276.4853940628345,486.8441992232576,38.23677890677304,298.10055132439214,0.0004813513361656,train,-3.3175378183049453,-3.3180957,0.00048073343,0.0005578657465683534,-0.03520409089568055,-0.03415662,0.0010474703932086271
-1.0,1.0044736023004086e-09,2276.4853940628345,486.8441992232576,38.23677890677304,298.10055132439214,0.0004944492746046,train,-3.305878255915718,-3.3061235,0.0004941701,0.00024523918621088825,-0.02476834727818833,-0.025485925,0.0007175780982269231
-2.8000000000000003,1.0686494239643995e-09,2589.6130644148398,507.5353543611665,40.55316862193092,296.6314874710408,0.0005330495340698,train,-3.2732324319234807,-3.277726,0.0005275627,0.004493503058819126,-0.010007586359373377,-0.007429242,0.002578344225279139
-0.8,1.006938037138553e-09,2476.033687734913,499.8883185243343,35.52248114367448,306.4489109295662,0.0004785843497277,train,-3.320041507431798,-3.3241825,0.00047404272,0.004141002944178407,-0.03064198799922835,-0.031375334,0.0007333456675731043
-1.2000000000000002,8.97240116378001e-10,2315.448379676966,519.850638103925,40.31160828282909,292.8565689112594,0.0005028349531311,train,-3.298574541200172,-3.3009634,0.0005000767,0.002388860594261466,-0.02184819968276308,-0.022416024,0.000567823854753513
-0.4,9.634928280602635e-10,2455.009212271192,512.2369330710814,40.30940301281442,306.6726054586492,0.0004688740218432,train,-3.328943828857843,-3.327199,0.0004707616,0.0017448466190734813,-0.046763198314392795,-0.04239178,0.004371417550528278
-2.4000000000000004,1.0692616090001279e-09,2445.881237248077,515.6238842072526,38.37558042728467,295.9516778251947,0.000518820131364,train,-3.2849831806784096,-3.2863238,0.00051722105,0.0013406051034507982,-0.011672696455521603,-0.013739787,0.002067090586619358
-3.0,8.599648780937922e-10,2637.8899539670565,501.9551856304757,39.90381821426863,300.9815905741297,0.0005170431974824,train,-3.2864731713267026,-3.2853744,0.00051835296,0.0010987683268246506,-0.009727402681917852,0.0044785435,0.014205946213067477
-2.8000000000000003,1.0882818479532783e-09,2447.508764517909,466.8571183944717,43.278933930679706,307.8168200832177,0.0005329606389043,train,-3.273304864027625,-3.2738829,0.0005322518,0.0005780018781367247,-0.010289306382780694,-0.0068536387,0.003435667700266265
0.0,7.777840542828623e-10,2445.911024694583,482.1130919467457,41.27682283342508,300.8565986758517,0.0004373745705414,train,-3.359146470943085,-3.3538156,0.0004427764,0.005330915370575173,-0.08237145584277528,-0.08349825,0.0011267911250172347
-2.6,9.595802013951228e-10,2610.2949574222403,489.9218602044182,42.219532217947325,302.0841812978663,0.0005255846704815,train,-3.279357310157527,-3.2782807,0.00052688917,0.0010765751416577096,-0.011298989157506156,-0.014491722,0.003192732830218148
-0.8,9.42387899986183e-10,2596.3418775504824,506.9916211367261,42.54178389838287,305.55199671356803,0.0004812775765644,train,-3.317604372274866,-3.3134003,0.0004859591,0.0042041037201783205,-0.03183992584688866,-0.033069924,0.0012299976731995343
-3.0,1.1395831540373826e-09,2538.761869465952,510.72502895181066,40.87821813200619,300.974125232131,0.000528352465058,train,-3.277076262010652,-3.2791085,0.00052588584,0.0020322623118578242,-0.009361508226170656,0.004402415,0.013763923121764776
-0.2,1.0941860864671191e-09,2539.112215454232,503.69324532533454,39.339075937042885,294.39428351617613,0.0004610139313761,train,-3.33628595047077,-3.337901,0.00045930257,0.0016151649467106566,-0.05989568210831564,-0.058042068,0.0018536140739051632
-1.0,9.808684991835892e-10,2440.440905080504,475.02919518003887,43.13862383173334,296.64614602139693,0.0005059575236251,train,-3.2958859417166333,-3.2987475,0.0005026347,0.002861597803630378,-0.026008841359232093,-0.027503436,0.001494595072056626
-1.6,8.498130788208901e-10,2622.111610500832,493.1418777793542,40.32755095458103,299.70047987606006,0.0005054421508525,train,-3.296328543343436,-3.2984817,0.0005029425,0.0021531594611294835,-0.01831148581421793,-0.018045073,0.0002664124391120737
-0.2,9.664729913030388e-10,2627.7330466636663,506.9906344590098,40.06029068650691,301.1540677406581,0.0004478657441177,train,-3.3488521541429312,-3.343104,0.00045383305,0.005748268492296482,-0.06292094205777765,-0.0610994,0.0018215431765806755
-1.2000000000000002,1.0308127820747194e-09,2437.7200106987866,482.5972990901911,40.648465379108416,299.4728047413536,0.0005080645290251,train,-3.294081124685071,-3.2990785,0.00050225185,0.004997339822985669,-0.02258400513952985,-0.022234874,0.0003491312933565638
-1.8,1.0933784852654091e-09,2410.884334287086,539.0569290920441,39.62193192256099,289.3285700165644,0.0005143928662749,train,-3.2887050629433388,-3.2862504,0.00051730854,0.0024547100838416824,-0.015182174413032712,-0.01548915,0.0003069754256532775
-1.4,1.2595929862237601e-09,2354.3009197629594,499.1918367180637,40.77134716523017,305.22981462209646,0.0005084268922029,train,-3.293771486390161,-3.2951503,0.0005068153,0.0013787936086182562,-0.01938958830513471,-0.01906438,0.0003252084491442986
-1.6,1.006938037138553e-09,2476.033687734913,499.8883185243343,35.52248114367448,306.4489109295662,0.000499419874984,train,-3.3015341783961154,-3.3054683,0.0004949162,0.003934142450442213,-0.01784963766154668,-0.018353345,0.0005037072110471996
-2.0,1.000096056099185e-09,2446.239819629679,503.61049666576776,43.101977222602514,303.9832024614659,0.0005246645123092,train,-3.28011830997644,-3.2818165,0.00052261696,0.0016981725675053738,-0.014320785081890719,-0.013552245,0.0007685403292452264
0.0,1.1774606839117e-09,2487.5677489208106,509.6158544320055,42.33569419095241,299.8381908200232,0.0004444019038443,train,-3.352224089183684,-3.3525097,0.0004441097,0.0002856478310864219,-0.0797017999448606,-0.08445111,0.0047493092260531
-1.4,9.304065850268983e-10,2472.4930947482308,495.539662311,41.9345213676303,296.5403011366731,0.0005063727214577,train,-3.2955296980133895,-3.2963927,0.0005053675,0.0008629812010880755,-0.019750687310617465,-0.019958626,0.00020793916829298098
-1.6,1.2225799825820127e-09,2598.953191343567,516.8045118894966,39.85430360518959,306.74502895459364,0.0004974001735911,train,-3.3032940674986446,-3.3036766,0.0004969622,0.0003825377259647489,-0.01812039763117923,-0.019474225,0.001353827487577064
-0.8,1.0203477325736783e-09,2420.870896846657,485.827773341465,41.83782044136868,301.83723728961854,0.0004985640101636,train,-3.3022790751132076,-3.309329,0.0004905361,0.007049957784741601,-0.030442563515119758,-0.03253455,0.0020919873603055805
-2.6,1.000072357945733e-09,2615.067429542859,502.8265147659643,41.97319841319997,303.92619603855775,0.0005255851913963,train,-3.2793568797220067,-3.2818878,0.0005225312,0.002530889977089945,-0.011180687514011467,-0.015463156,0.00428246818029443
-1.0,1.1942019403763875e-09,2464.5026025880397,490.2741317287723,40.32854625878799,294.3650499716886,0.0004974428765882,train,-3.303256783876853,-3.3059013,0.00049442303,0.0026445051093531013,-0.02529770534058251,-0.02578449,0.0004867852894481217
-1.6,9.595802013951228e-10,2610.2949574222403,489.9218602044182,42.219532217947325,302.0841812978663,0.0005086871039398,train,-3.2935492723131627,-3.293233,0.0005090578,0.00031635452751821447,-0.018182066280154174,-0.019558756,0.0013766894007645192
-0.6000000000000001,1.1774606839117e-09,2487.5677489208106,509.6158544320055,42.33569419095241,299.8381908200232,0.0004787021338996,train,-3.3199346365691156,-3.31944,0.00047924777,0.0004947485686273012,-0.03669024764535678,-0.03678578,9.553373815762711e-05
-1.2000000000000002,9.136850961862703e-10,2400.1705034771794,499.3175315176618,39.85562670167986,300.93280864091923,0.0004926649828606,train,-3.307448304968568,-3.3042371,0.00049632124,0.0032111776644909718,-0.022709671210877858,-0.02204713,0.0006625408198761562
-0.2,9.589043387653522e-10,2486.667922677388,495.3304947031063,40.43386356777175,305.1954997344612,0.0004641403559049,train,-3.3333506690624373,-3.3378818,0.000459323,0.004531134450135976,-0.0624874640722588,-0.060283653,0.0022038106341675245
-2.4000000000000004,9.74908016407874e-10,2433.9347159425315,536.1873069142775,40.58953669016749,293.2225739384997,0.0005344685653888,train,-3.272077832606078,-3.2731178,0.00053319026,0.0010399480793465976,-0.011505124295300817,-0.01378283,0.0022777056822711472
-2.6,9.808684991835892e-10,2440.440905080504,475.02919518003887,43.13862383173334,296.64614602139693,0.0005375253713962,train,-3.269601032068503,-3.2714746,0.00053521147,0.0018735677697536701,-0.010741098801654303,-0.014359899,0.003618800063568628
-0.4,9.664729913030388e-10,2627.7330466636663,506.9906344590098,40.06029068650691,301.1540677406581,0.0004588584099693,train,-3.3383213041257314,-3.332732,0.00046480205,0.005589341921751867,-0.04718310880458354,-0.044155005,0.0030281034389734174
-0.4,8.241763212999094e-10,2472.357675267654,473.84577322091,39.21856251436128,307.7679942040925,0.0004602598672653,train,-3.3369968921168627,-3.337063,0.00046018974,6.618199507579803e-05,-0.04724163214422816,-0.043731175,0.0035104567811643506
-0.4,8.75983736068783e-10,2627.978517028968,489.37942559949954,40.91913452211564,297.20307373531364,0.0004628767251307,train,-3.334534656334135,-3.332077,0.00046550352,0.00245762996694765,-0.047152353677541115,-0.044185746,0.002966607216388084
0.0,1.0073410050818803e-09,2574.374612551252,485.6872921198837,42.17824256593523,298.72995545788456,0.0004443689473254,train,-3.3522562973378753,-3.3512325,0.0004454177,0.0010237686513518973,-0.08179742574415272,-0.08433545,0.002538020613574332
0.0,9.926993823896764e-10,2332.1716999604114,489.929360905385,39.90607827400121,296.137708789732,0.0004427131165617,train,-3.3538776106934343,-3.3475459,0.0004492149,0.006331748495558287,-0.07664506156796591,-0.08201952,0.005374461218174531
-2.2,9.304065850268983e-10,2472.4930947482308,495.539662311,41.9345213676303,296.5403011366731,0.0005213709178387,train,-3.2828531975144983,-3.2834666,0.00052063505,0.0006133800154088931,-0.012892770701368406,-0.01185118,0.001041590356548383
-1.6,9.808684991835892e-10,2440.440905080504,475.02919518003887,43.13862383173334,296.64614602139693,0.0005209398648689,train,-3.2832124069556174,-3.285735,0.0005179229,0.002522484935862046,-0.017445931001876858,-0.018584609,0.0011386780298003885
-2.8000000000000003,1.120623623770265e-09,2459.871490367434,512.0011452017391,38.21649432972869,303.56534322943094,0.0005214299530475,train,-3.2828040248178443,-3.2815354,0.0005229554,0.0012686377786597092,-0.009839913269257039,-0.0075622885,0.00227762472045967
-1.6,1.0308127820747194e-09,2437.7200106987866,482.5972990901911,40.648465379108416,299.4728047413536,0.0005174033194509,train,-3.2861707893524006,-3.2911408,0.000511516,0.004970005401627731,-0.017488039301561287,-0.018452851,0.0009648118001948092
-2.6,1.0728366895058958e-09,2396.471193900285,522.5703607996403,39.66536493364173,302.3426017448898,0.0005274013993632,train,-3.2778587222200404,-3.2785525,0.00052655954,0.0006938099760045446,-0.010593714226443396,-0.014529167,0.003935452516715898
0.0,1.013177684158949e-09,2549.0982526102403,506.5025106580401,39.7132385315927,304.62183232922587,0.0004420545291213,train,-3.354524155456769,-3.3584828,0.0004380434,0.003958682220233101,-0.08285255387283286,-0.082365885,0.0004866684959026202
-3.0,1.0727510291740675e-09,2408.6350240081065,515.7307920217833,36.322106531247385,300.55707391972635,0.000509816761838,train,-3.292585889827757,-3.2858522,0.00051778305,0.0067336959953596676,-0.009302285973113555,0.004053084,0.013355370152872581
-0.4,9.63679966987411e-10,2457.046368424285,519.0454313677445,40.52844947169319,303.263443359763,0.0004738738782845,train,-3.324337230590681,-3.3277125,0.00047020524,0.0033753052674732054,-0.046355928469429486,-0.042837016,0.003518912184963696
0.0,7.516487326049727e-10,2475.0294016619155,481.8667099014746,36.16652897024234,304.10393187120707,0.0004305286276418,train,-3.3659979652010366,-3.3659632,0.0004305631,3.4744604723080386e-05,-0.08252932840482075,-0.08228488,0.00024444574014026443
-2.6,8.891400398891501e-10,2578.309809077789,484.4641187531683,42.13424050837239,300.34884642744885,0.0005232927939521,train,-3.2812552457082367,-3.28057,0.00052411907,0.0006852154958343348,-0.01125886603180426,-0.014423265,0.0031643990900729335
-1.6,9.162514515645111e-10,2366.748252214537,515.4599435910573,36.43861892729903,303.676124223718,0.0004850885139436,train,-3.3141790085938303,-3.3092651,0.0004906083,0.0049138718750803,-0.017548366445330643,-0.018762616,0.0012142499953231578
-1.6,1.1395831540373826e-09,2538.761869465952,510.72502895181066,40.87821813200619,300.974125232131,0.0005070471972305,train,-3.294951613560632,-3.2965527,0.0005051814,0.0016010445204228674,-0.017767529195252152,-0.018642498,0.0008749689850180431
-1.4,9.589043387653522e-10,2486.667922677388,495.3304947031063,40.43386356777175,305.1954997344612,0.0005093344257377,train,-3.2929969690179237,-3.2986634,0.0005027321,0.005666408743917106,-0.0202134219325405,-0.019173983,0.0010394384480338914
-1.8,9.143704143090119e-10,2444.5179463100326,473.4138143725302,40.94136333558407,299.94201571725745,0.0005068529874382,train,-3.2951179893901945,-3.2926657,0.00050972303,0.0024522694042325988,-0.01574327955385968,-0.01672178,0.000978499926716836
-2.6,8.220747042076197e-10,2489.354974528123,536.8974000619587,36.589080383233394,294.68809277779184,0.0005071334352678,train,-3.294877755506909,-3.294856,0.00050715875,2.1684034741120684e-05,-0.010928246164320754,-0.014972563,0.004044316737354947
-2.4000000000000004,1.2595929862237601e-09,2354.3009197629594,499.1918367180637,40.77134716523017,305.22981462209646,0.000526046478868,train,-3.2789758820361374,-3.2802014,0.0005245641,0.0012255530529738934,-0.011441063442703125,-0.013288312,0.001847248217586639
-0.8,8.758150413106088e-10,2554.792538970499,492.8309420700668,37.207464786418186,297.95471711920453,0.0004739837945212,train,-3.3242365065755597,-3.3246975,0.00047348093,0.0004609879312762466,-0.031289431945680235,-0.030717809,0.0005716231924282056
0.0,1.0806933086411387e-09,2604.781653428076,466.5836923998952,39.33731057072893,297.69705044733973,0.0004436032024254,train,-3.3530053272869447,-3.3565693,0.00043997774,0.0035639628741881424,-0.08072373889259765,-0.080666654,5.7085080666041677e-05
-3.0,1.0191682032973931e-09,2560.240612715575,475.6482256289376,41.11142736058992,291.8506686301862,0.0005246841998582,train,-3.2801020137847265,-3.277098,0.0005283261,0.0030040733397802555,-0.009201546327062715,0.004521728,0.013723274354674686
-1.0,1.0933784852654091e-09,2410.884334287086,539.0569290920441,39.62193192256099,289.3285700165644,0.000496437918334,train,-3.3041350541388717,-3.3009872,0.0005000492,0.003147810486527902,-0.02485447569710253,-0.023988688,0.0008657873324775522
-2.8000000000000003,9.143704143090119e-10,2444.5179463100326,473.4138143725302,40.94136333558407,299.94201571725745,0.0005217128344635,train,-3.282568479229102,-3.27944,0.0005254847,0.003128553081641172,-0.010196920690379585,-0.007272892,0.002924028524450506
-0.2,9.682475573035431e-10,2330.6047518253104,479.0686974559265,41.64371883461047,301.63426669668445,0.000468660180019,train,-3.329141944992009,-3.3335872,0.00046388767,0.004445224655207802,-0.05972000491885332,-0.06263031,0.002910305735786878
-0.8,1.000096056099185e-09,2446.239819629679,503.61049666576776,43.101977222602514,303.9832024614659,0.0004954093882743,train,-3.3050357675582367,-3.3076606,0.00049242424,0.002624812123159792,-0.03104728651888422,-0.032570172,0.001522885582375011
-1.8,1.1395831540373826e-09,2538.761869465952,510.72502895181066,40.87821813200619,300.974125232131,0.0005109662801933,train,-3.2916077589830484,-3.2929902,0.00050934235,0.001382448689070781,-0.015856381158064536,-0.01676102,0.0009046386678708274
-1.6,1.0025105539620802e-09,2526.9743060678943,509.1946075584183,40.75166342427999,301.0515477079729,0.0005065174509804,train,-3.2954055873541783,-3.2952087,0.00050674716,0.00019689480351914312,-0.017900496974064595,-0.019558785,0.0016582885091764865
-2.2,1.120623623770265e-09,2459.871490367434,512.0011452017391,38.21649432972869,303.56534322943094,0.0005134556165634,train,-3.2894970911410395,-3.2892125,0.0005137922,0.0002846258547846148,-0.012739700684862854,-0.011826119,0.0009135812992031589
0.0,1.0060692139373963e-09,2527.3807724384133,522.7157534573084,43.167246359099664,298.50956140834,0.0004550068232473,train,-3.341982090647432,-3.3425307,0.0004544324,0.0005486367390425961,-0.08109628256897494,-0.08777518,0.006678895684675723
-2.2,1.104689398918354e-09,2572.8324404304963,485.2307246352714,40.714467773434976,300.93677074401546,0.000517944929732,train,-3.285716413970851,-3.2845998,0.00051927834,0.001116632934473838,-0.01316908830345298,-0.011688703,0.0014803855636777996
-0.6000000000000001,1.0455070732925304e-09,2552.705145034877,518.1497095238773,37.60227540602951,298.4772867617408,0.0004650205611942,train,-3.33252784406539,-3.3288934,0.00046892845,0.0036344209849454856,-0.03688448105276976,-0.03477374,0.0021107401353255284
-1.6,9.926993823896764e-10,2332.1716999604114,489.929360905385,39.90607827400121,296.137708789732,0.0005025378039166,train,-3.298831262435182,-3.2907314,0.00051199837,0.00809983238147094,-0.01696226094071207,-0.018025054,0.001062792724329853
-2.4000000000000004,9.808684991835892e-10,2440.440905080504,475.02919518003887,43.13862383173334,296.64614602139693,0.0005347646430712,train,-3.271837314623752,-3.2743866,0.0005316347,0.0025493297396512737,-0.0116942391079764,-0.013511228,0.0018169892671604515
-0.8,1.0375673846448864e-09,2379.4103992541063,496.85223216497695,39.047727684139495,305.18782525816323,0.0004826779320991,train,-3.3163425565504254,-3.3160007,0.00048305801,0.00034185655347718225,-0.03025489163099948,-0.030622829,0.0003679371208029636
-0.4,1.1396379394271226e-09,2408.4924726992253,490.0725825278824,43.06550150160359,292.35304316269765,0.0004839796638647,train,-3.315172886407019,-3.313599,0.00048573667,0.0015737767573607009,-0.04475240286068072,-0.040419705,0.004332697648564476
-2.8000000000000003,1.0040157435828723e-09,2421.1156291426087,502.3421578152334,38.33334239027114,293.10089722857373,0.0005291426613284,train,-3.276427222719284,-3.2779992,0.0005272309,0.0015719399546663126,-0.00981925809571571,-0.007088223,0.002731035089139411
-1.6,1.0050101529814667e-09,2449.206992526188,478.70441149946606,40.80112322251315,299.2329513672896,0.0005119781179906,train,-3.2907486004284996,-3.2924201,0.00051001133,0.0016715484209877118,-0.017628081167531562,-0.018830255,0.0012021735064262629
0.0,1.1762312017058683e-09,2610.23254556298,515.3751788116352,39.24041391228537,297.93305834844136,0.0004391155922059,train,-3.357421141604886,-3.3598948,0.00043662163,0.0024736108975553783,-0.07918824469423313,-0.08078943,0.0016011872353551837
-2.4000000000000004,1.000096056099185e-09,2446.239819629679,503.61049666576776,43.101977222602514,303.9832024614659,0.0005310057876468,train,-3.2749007453415624,-3.276763,0.00052873377,0.0018622169997462024,-0.011952546274779152,-0.013986011,0.0020334647609612233
-0.8,9.920951194363948e-10,2484.0228854962547,482.5603784265586,38.422268984819695,304.0303353891022,0.0004777743578113,train,-3.320777162580894,-3.3172262,0.0004816969,0.0035509910873638972,-0.031022019289116187,-0.031187408,0.0001653883832890557
-0.8,8.891400398891501e-10,2578.309809077789,484.4641187531683,42.13424050837239,300.34884642744885,0.0004846132367671,train,-3.3146047276801482,-3.3151078,0.00048405217,0.0005030947380646467,-0.03173706670213683,-0.033148214,0.0014111475188638423
-1.4,8.97240116378001e-10,2315.448379676966,519.850638103925,40.31160828282909,292.8565689112594,0.0005075837756636,train,-3.294492268083205,-3.2967727,0.0005049255,0.0022804503463604853,-0.019204035599946323,-0.019817196,0.0006131602327830166
-2.4000000000000004,1.0368980362030106e-09,2588.6829740462717,505.298163800807,40.78433779833217,301.9145433801493,0.0005216440304613,train,-3.2826257581899947,-3.2860184,0.00051758497,0.0033926133920365587,-0.012183850711782185,-0.014565544,0.00238169349114159
0.0,1.1942019403763875e-09,2464.5026025880397,490.2741317287723,40.32854625878799,294.3650499716886,0.0004503152425647,train,-3.3464833525047486,-3.3493617,0.00044734063,0.002878305591564878,-0.07712118815495117,-0.08051481,0.0033936228244151323
-2.6,9.16382362452114e-10,2549.3338723326283,483.7915671011157,41.484417545989686,302.7283665488111,0.0005177283892735,train,-3.2858980201315577,-3.2826777,0.0005215817,0.0032203696798975834,-0.011061224614804743,-0.014533027,0.003471802460426332
-0.4,1.0375673846448864e-09,2379.4103992541063,496.85223216497695,39.047727684139495,305.18782525816323,0.0004667683946085,train,-3.330898558178979,-3.330065,0.00046766512,0.000833546200829538,-0.04502182739052074,-0.042093772,0.002928054949371983
-1.8,1.0203477325736783e-09,2420.870896846657,485.827773341465,41.83782044136868,301.83723728961854,0.0005238310357991,train,-3.2808087741868612,-3.2866712,0.00051680754,0.005862387464750096,-0.015571435944259804,-0.016634014,0.001062577559530098
-2.2,1.066709170571727e-09,2302.646144768272,474.8978179470865,37.69553984942066,294.1521471075916,0.000512957707816,train,-3.289918439994007,-3.287536,0.00051577954,0.0023825341559944313,-0.012222910241851181,-0.011559823,0.000663087645241589
-1.6,9.596807973870107e-10,2396.380469719385,547.2442070596833,39.34847113068841,298.5552181462747,0.0005093985956965,train,-3.292942256628198,-3.2948444,0.0005071724,0.0019021323335941531,-0.017306103955846197,-0.017399685,9.358150150262645e-05
-1.4,9.123213222215395e-10,2625.69228411366,506.617977618184,38.92442853409919,306.1252360546967,0.0004879219488236,train,-3.3116496450183552,-3.3107066,0.0004889826,0.00094302957035719,-0.020969159615042088,-0.020244623,0.0007245370119832728
-3.0,1.0789603531824067e-09,2367.1936347140645,478.9001778930339,37.12870103512795,297.3410066095633,0.0005290526665419,train,-3.2765010923315225,-3.281934,0.0005224756,0.005432930571919847,-0.008913218338445716,0.004024483,0.012937701136277013
-0.2,1.1459805246638944e-09,2630.825732937456,497.4739907663986,41.26661222078493,300.2753689300697,0.0004504428335407,train,-3.3463603182324886,-3.3430986,0.00045383853,0.003261677790594053,-0.062212709844246206,-0.05759519,0.004617520183458623
-2.8000000000000003,1.075576112436465e-09,2439.1914792405805,507.5653121861305,41.43318212059344,299.0815860986159,0.0005247205259667,train,-3.2800719467799024,-3.2733028,0.0005329632,0.006769153277094819,-0.010088396659325483,-0.0072995513,0.0027888453846980354
-2.6,1.0789603531824067e-09,2367.1936347140645,478.9001778930339,37.12870103512795,297.3410066095633,0.0005243717742993,train,-3.2803606934044796,-3.2844448,0.0005194637,0.004084115555481382,-0.010431672794073421,-0.013770441,0.0033387677992884335
-1.4,1.0375673846448864e-09,2379.4103992541063,496.85223216497695,39.047727684139495,305.18782525816323,0.0004990600974821,train,-3.30184715290709,-3.3014224,0.0004995485,0.0004247953478859756,-0.019708797421152724,-0.019340722,0.0003680755308224093
-2.8000000000000003,1.0147448677929011e-09,2607.8117384734032,505.1107398178068,40.31257836583995,298.21936914217434,0.0005257311179756,train,-3.279236316371101,-3.2800488,0.0005247484,0.0008125308273854159,-0.010209298573553127,-0.0075013814,0.0027079171241517486
-1.8,9.63679966987411e-10,2457.046368424285,519.0454313677445,40.52844947169319,303.263443359763,0.0005156644882005,train,-3.2876327757284405,-3.28971,0.0005132039,0.002077269132399362,-0.015880010964933078,-0.017758088,0.0018780772214501695
-0.4,9.304065850268983e-10,2472.4930947482308,495.539662311,41.9345213676303,296.5403011366731,0.0004734664542684,train,-3.32471078591566,-3.3265731,0.00047144046,0.001862347552967769,-0.045498837204684506,-0.044501137,0.0009977002162830928
-2.8000000000000003,9.344027379399094e-10,2510.734791451186,511.4018674256231,36.36815079533651,301.4558439858307,0.0005043750566111,train,-3.2972463991886016,-3.2921786,0.00051029504,0.005067768359744207,-0.010225545471152842,-0.0073896856,0.0028358598664315338
-2.8000000000000003,8.894595189948581e-10,2383.601346469497,502.4892009812192,38.55163090195673,309.2198732722366,0.0005217721985764,train,-3.282519064995324,-3.2844095,0.0005195059,0.00189045801492993,-0.010216146594622444,-0.00725782,0.0029583264875796544
-1.6,9.920951194363948e-10,2484.0228854962547,482.5603784265586,38.422268984819695,304.0303353891022,0.0004987573551473,train,-3.30211068674112,-3.298822,0.0005025486,0.00328876062417649,-0.017916519938157904,-0.01795969,4.3169783307206444e-05
-2.4000000000000004,8.354324428057498e-10,2430.182491588309,507.603602235917,36.73791801396338,295.61725668807514,0.0005090187687563,train,-3.2932662038773577,-3.296535,0.0005052019,0.0032688112288434823,-0.011494289541285951,-0.013191626,0.0016973368659201071
-1.2000000000000002,1.0375673846448864e-09,2379.4103992541063,496.85223216497695,39.047727684139495,305.18782525816323,0.0004942733438518,train,-3.3060328103974665,-3.3055198,0.00049485755,0.0005129911378229934,-0.0224088014533379,-0.02193598,0.0004728206863262585
-2.6,9.123213222215395e-10,2625.69228411366,506.617977618184,38.92442853409919,306.1252360546967,0.0005089813726442,train,-3.2932981113879296,-3.2922437,0.0005102186,0.001054392286977457,-0.011421405062728596,-0.013744058,0.0023226530247395516
-2.2,1.006938037138553e-09,2476.033687734913,499.8883185243343,35.52248114367448,306.4489109295662,0.000510050238835,train,-3.292387044736872,-3.296382,0.00050538,0.0039949056415458095,-0.013135775629518065,-0.012314133,0.000821642283437285
-2.6,1.0727510291740675e-09,2408.6350240081065,515.7307920217833,36.322106531247385,300.55707391972635,0.0005051249025396,train,-3.2966012203434416,-3.2886055,0.00051451084,0.007995768759579303,-0.010815417317958875,-0.014829095,0.004013678135065035
-2.8000000000000003,1.0375673846448864e-09,2379.4103992541063,496.85223216497695,39.047727684139495,305.18782525816323,0.0005217143853705,train,-3.282567188194444,-3.2810106,0.00052358763,0.0015565604478617878,-0.009853374977598861,-0.007444835,0.002408540175299123
-1.4,9.162514515645111e-10,2366.748252214537,515.4599435910573,36.43861892729903,303.676124223718,0.0004809567157641,train,-3.3178940066836686,-3.3131325,0.0004862588,0.004761482193312183,-0.019796990568469397,-0.019994332,0.0001973409553066574
-2.8000000000000003,1.1942019403763875e-09,2464.5026025880397,490.2741317287723,40.32854625878799,294.3650499716886,0.000530298909871,train,-3.2754792656543885,-3.2776177,0.0005276942,0.0021384272929991788,-0.009743238098289808,-0.0071088523,0.0026343858310244883
-1.8,1.1774606839117e-09,2487.5677489208106,509.6158544320055,42.33569419095241,299.8381908200232,0.0005109103840834,train,-3.2916552703373285,-3.289633,0.00051329494,0.0020222346775384814,-0.01582982241912312,-0.017006427,0.0011766046305137223
-2.6,1.0942344693420075e-09,2360.838758300681,491.3731844386217,39.51420947268076,305.7035776891924,0.0005284257541556,train,-3.2770160241099386,-3.278146,0.0005270526,0.0011300044087381167,-0.010682888926281109,-0.01339738,0.002714490852044449
-3.0,9.74908016407874e-10,2433.9347159425315,536.1873069142775,40.58953669016749,293.2225739384997,0.0005420152464213,train,-3.2659884969606705,-3.2674975,0.0005401352,0.0015090425595931656,-0.008949637096645091,0.003893234,0.012842871165172909
-2.6,9.162514515645111e-10,2366.748252214537,515.4599435910573,36.43861892729903,303.676124223718,0.000500558547546,train,-3.3005451182064833,-3.2941053,0.00050803623,0.006439826839906182,-0.010788721268538026,-0.014838598,0.004049876468714686
-0.2,9.50582857470194e-10,2403.738957653681,492.6388454667692,37.10727035463277,300.4554170460457,0.0004587238543046,train,-3.3384486753389337,-3.3430028,0.0004539387,0.0045541208341619566,-0.05962028835243771,-0.05882358,0.0007967065674741036
-1.6,8.762920771795993e-10,2597.67569731618,502.646286170094,38.978559546027874,295.06946514256083,0.0004913622464592,train,-3.308598215345397,-3.3065012,0.0004937406,0.002097065214171412,-0.017888341589689105,-0.018191772,0.0003034299920798844
-2.4000000000000004,9.85546704036472e-10,2573.0239327697072,479.3922741661716,39.9154735600532,295.8292447353602,0.0005112854310884,train,-3.2913365821767684,-3.2863467,0.0005171938,0.004989908211314287,-0.012019522183537745,-0.013562307,0.001542784578203893
-2.8000000000000003,9.136850961862703e-10,2400.1705034771794,499.3175315176618,39.85562670167986,300.93280864091923,0.000520556753077,train,-3.28353191513608,-3.2799094,0.000524917,0.0036225428063678677,-0.010184047944713726,-0.007188037,0.0029960109068642993
-0.8,1.0942344693420075e-09,2360.838758300681,491.3731844386217,39.51420947268076,305.7035776891924,0.0004914162089283,train,-3.308550522800948,-3.3086073,0.00049135194,5.681705806059867e-05,-0.03012089870944834,-0.029202404,0.0009184952087721854
-2.4000000000000004,8.75983736068783e-10,2627.978517028968,489.37942559949954,40.91913452211564,297.20307373531364,0.0005145561134622,train,-3.2885672575620775,-3.2868202,0.00051663024,0.001747084298527657,-0.0122791412094152,-0.013586396,0.0013072551420414413
-2.6,1.018423641836786e-09,2420.2103352289205,495.3862399264609,39.18777263938059,307.5354074756815,0.0005142105970269,train,-3.2888589775125188,-3.2846475,0.00051922136,0.004211512760321501,-0.0107292750556649,-0.014129975,0.0034006998236595365
-2.4000000000000004,1.006299553709699e-09,2596.53014928976,491.578961058072,40.01001805266426,305.28831051478386,0.0005114738660669,train,-3.2911765518108482,-3.2874916,0.0005158322,0.003684991828548423,-0.012369856882497032,-0.01390305,0.001533192869619171
-2.6,9.928313705154955e-10,2556.196978076177,523.0189213691006,40.51326020590248,298.8914974420704,0.0005269810618682,train,-3.2782049917588436,-3.2768335,0.00052864786,0.0013714575181209554,-0.010967664955556344,-0.014683648,0.003715983057022143
-0.4,9.682475573035431e-10,2330.6047518253104,479.0686974559265,41.64371883461047,301.63426669668445,0.0004795912742635,train,-3.319128727102976,-3.3229887,0.00047534754,0.0038600214474389105,-0.044926341252697455,-0.045088787,0.00016244537912513124
-1.6,1.0686494239643995e-09,2589.6130644148398,507.5353543611665,40.55316862193092,296.6314874710408,0.0005138993752154,train,-3.289121910317686,-3.2946818,0.0005073623,0.005559877173158867,-0.01775258085705289,-0.0187462,0.0009936182292555884
-1.2000000000000002,1.000096056099185e-09,2446.239819629679,503.61049666576776,43.101977222602514,303.9832024614659,0.0005076103265906,train,-3.294469551400627,-3.296641,0.0005050785,0.0021715599732745616,-0.02287187211060626,-0.022780165,9.170703435046335e-05
-2.4000000000000004,9.920951194363948e-10,2484.0228854962547,482.5603784265586,38.422268984819695,304.0303353891022,0.0005122839844796,train,-3.2904892212481123,-3.2875552,0.0005157566,0.0029340035051923508,-0.011963267479456974,-0.013286973,0.0013237058702930682
-1.8,9.725086180844783e-10,2468.017331565751,490.28733545372194,44.50977871149023,303.263152322465,0.0005202559208216,train,-3.283782968558878,-3.285215,0.0005185434,0.0014319324115810161,-0.015840482278097312,-0.016615419,0.0007749364391678171
-0.4,1.0705485436227222e-09,2590.7468930890127,531.0534862964538,41.61731424149927,306.85396396460635,0.0004744034867528,train,-3.3238521276709103,-3.3251512,0.00047298655,0.001299077391955894,-0.047427372489465824,-0.043480486,0.003946886811746708
-1.8,1.2225799825820127e-09,2598.953191343567,516.8045118894966,39.85430360518959,306.74502895459364,0.0005013266928795,train,-3.2998791709870914,-3.2999415,0.0005012547,6.236877731291557e-05,-0.016219633005135847,-0.017647348,0.001427715339190172
0.0,9.162514515645111e-10,2366.748252214537,515.4599435910573,36.43861892729903,303.676124223718,0.0004258660467626,train,-3.370726983761539,-3.3666236,0.00042990883,0.004103343701113982,-0.0782906420803755,-0.08344892,0.005158274593284773
-1.8,1.0073410050818803e-09,2574.374612551252,485.6872921198837,42.17824256593523,298.72995545788456,0.0005124211081692,train,-3.2903729886607773,-3.287642,0.0005156535,0.0027309865550644297,-0.016124855903365543,-0.017102376,0.0009775197231984833
-0.2,9.808684991835892e-10,2440.440905080504,475.02919518003887,43.13862383173334,296.64614602139693,0.0004715605426788,train,-3.3264625411803626,-3.3301668,0.0004675555,0.003704275531063228,-0.060751486981533986,-0.061507434,0.0007559466713438212
-2.6,1.0368980362030106e-09,2588.6829740462717,505.298163800807,40.78433779833217,301.9145433801493,0.0005244550910523,train,-3.2802916943973996,-3.28293,0.0005212788,0.0026382029109499605,-0.01121884337606538,-0.01505606,0.003837216319714898
-1.8,1.0044736023004086e-09,2276.4853940628345,486.8441992232576,38.23677890677304,298.10055132439214,0.000512197112349,train,-3.2905628743143485,-3.2905765,0.0005121811,1.3583662946459185e-05,-0.015009151004532484,-0.015639717,0.0006305657547915899
-1.0,8.584521018906484e-10,2718.2749419682723,482.1832227724541,38.88005077046229,301.691940704981,0.0004799557341397,train,-3.3187988153439183,-3.3209167,0.00047762092,0.0021178373355250635,-0.027873230500588875,-0.027925484,5.225338183834083e-05
-1.6,1.032683367538443e-09,2526.170348943833,478.8149532207128,42.09307571557734,293.4443281911712,0.0005130207589122,train,-3.2898650612066733,-3.2914033,0.0005112069,0.001538232402945816,-0.017665822599198577,-0.019260356,0.0015945336035230184
-0.6000000000000001,9.89963136259949e-10,2542.7024133885266,503.0087467521194,39.0211226249472,305.0510216058231,0.0004678441722215,train,-3.329898776014701,-3.3279195,0.00046998123,0.0019792928298865142,-0.03786374892063016,-0.035866775,0.001996974302004517
-1.2000000000000002,9.55415883814233e-10,2578.1734587821948,522.0121395253278,38.42173874228168,293.06092698472065,0.0004899520705415,train,-3.3098464026601597,-3.306121,0.00049417285,0.00372529174402203,-0.022878132431417342,-0.022484174,0.0003939584331806856
-3.0,9.595802013951228e-10,2610.2949574222403,489.9218602044182,42.219532217947325,302.0841812978663,0.0005306741403937,train,-3.2751720749067927,-3.2757194,0.0005300058,0.000547329313788314,-0.009678011280920273,0.0045980755,0.014276086804892785
-0.2,8.599648780937922e-10,2637.8899539670565,501.9551856304757,39.90381821426863,300.9815905741297,0.0004463143272356,train,-3.3503591715518297,-3.3465521,0.00045024394,0.0038070379916490538,-0.06337480580476473,-0.060844008,0.0025307979252691126
-2.4000000000000004,1.0040157435828723e-09,2421.1156291426087,502.3421578152334,38.33334239027114,293.10089722857373,0.0005240018089046,train,-3.280667213787399,-3.282959,0.00052124396,0.002291770587600883,-0.011489174531453372,-0.013084371,0.0015951961114470947
-1.4,1.0203477325736783e-09,2420.870896846657,485.827773341465,41.83782044136868,301.83723728961854,0.0005154938376057,train,-3.28777652205813,-3.294099,0.0005080435,0.006322570425390417,-0.01964371942827725,-0.01990545,0.00026173039426780065
-0.2,8.75983736068783e-10,2627.978517028968,489.37942559949954,40.91913452211564,297.20307373531364,0.0004517843993259,train,-3.345068769882353,-3.342398,0.00045457136,0.0026708416444378713,-0.06279997013108662,-0.06054015,0.002259819280075348
-1.0,1.0025105539620802e-09,2526.9743060678943,509.1946075584183,40.75166342427999,301.0515477079729,0.000491560744804,train,-3.30842280641153,-3.3086975,0.00049124996,0.0002746556703789871,-0.026626570318677878,-0.027814621,0.0011880507871122603
-1.4,8.762920771795993e-10,2597.67569731618,502.646286170094,38.978559546027874,295.06946514256083,0.0004870924139993,train,-3.312388634098726,-3.3102903,0.0004894515,0.0020982974898391404,-0.020231531139881298,-0.019778354,0.0004531770464488716
-1.6,1.0073410050818803e-09,2574.374612551252,485.6872921198837,42.17824256593523,298.72995545788456,0.0005084275660539,train,-3.293770910792014,-3.291307,0.0005113203,0.002463938288352008,-0.01801871540013522,-0.019317908,0.0012991928124073127
-0.6000000000000001,8.891400398891501e-10,2578.309809077789,484.4641187531683,42.13424050837239,300.34884642744885,0.0004769806694527,train,-3.3214992212117456,-3.3221881,0.00047622464,0.000688917750046425,-0.03822006673634526,-0.037544273,0.0006757938963222188
-1.8,1.075576112436465e-09,2439.1914792405805,507.5653121861305,41.43318212059344,299.0815860986159,0.0005098050051869,train,-3.29259590500959,-3.2861998,0.0005173687,0.006396096888862335,-0.01570903140307678,-0.016322823,0.0006137918382762564
-3.0,8.758150413106088e-10,2554.792538970499,492.8309420700668,37.207464786418186,297.95471711920453,0.000516174024492,train,-3.2872038543129416,-3.2909508,0.0005117398,0.0037469208335427773,-0.009476821377873534,0.0036838753,0.013160696692764873
-1.8,1.0941860864671191e-09,2539.112215454232,503.69324532533454,39.339075937042885,294.39428351617613,0.0005127354682295,train,-3.2901066394084943,-3.292675,0.00050971215,0.002568378902052526,-0.015502286876920124,-0.015566744,6.445703339252873e-05
-3.0,1.0941860864671191e-09,2539.112215454232,503.69324532533454,39.339075937042885,294.39428351617613,0.000529786771849,train,-3.2758988897245302,-3.2798693,0.0005249654,0.003970428283892602,-0.00916899062116805,0.004044389,0.013213379507709178
-1.6,9.304065850268983e-10,2472.4930947482308,495.539662311,41.9345213676303,296.5403011366731,0.0005107119827958,train,-3.2918239522070367,-3.2925246,0.00050988875,0.0007006239800970704,-0.01752398542163114,-0.018783227,0.001259241187598903
-0.4,1.0352580576007263e-09,2678.9547588546675,473.131828680381,34.826156523967086,290.8089263982084,0.0004495366799706,train,-3.3472348662023665,-3.342454,0.00045451272,0.004780909598362637,-0.04598242617644921,-0.045313418,0.0006690082649196682
-1.6,1.2307353848142815e-09,2445.249484887284,482.48119148575233,42.87746783295031,307.55593866537106,0.0005131297123179,train,-3.289772837182255,-3.2883325,0.00051483436,0.0014403748714642006,-0.017704612273146125,-0.018549468,0.0008448560951457296
-0.6000000000000001,8.762920771795993e-10,2597.67569731618,502.646286170094,38.978559546027874,295.06946514256083,0.0004635164302086,train,-3.3339348668647624,-3.3320265,0.0004655577,0.001908385236344401,-0.03712963404569791,-0.036006447,0.001123187117912039
-1.0,1.1762312017058683e-09,2610.23254556298,515.3751788116352,39.24041391228537,297.93305834844136,0.0004865637375139,train,-3.3128602611767834,-3.3155334,0.00048357807,0.00267313840512573,-0.026096220159821826,-0.026747432,0.0006512114462324803
-2.2,1.0352580576007263e-09,2678.9547588546675,473.131828680381,34.826156523967086,290.8089263982084,0.0004957712984464,train,-3.3047186193333404,-3.2983768,0.00050306396,0.0063418207035796925,-0.013112108758626562,-0.012590072,0.0005220366408806854
0.0,1.018423641836786e-09,2420.2103352289205,495.3862399264609,39.18777263938059,307.5354074756815,0.0004362216730268,train,-3.3602927609441156,-3.3551571,0.0004414107,0.005135624027001295,-0.08129785836538517,-0.08168184,0.00038398175636089604
-0.6000000000000001,9.979877857013676e-10,2496.537246315292,510.00187244466247,38.795972505421744,297.7961123434831,0.0004710074676856,train,-3.3269722072045673,-3.3263528,0.00047167967,0.0006193725030292363,-0.03690406084408693,-0.03471114,0.0021929197048180527
-3.0,8.220747042076197e-10,2489.354974528123,536.8974000619587,36.589080383233394,294.68809277779184,0.0005118859776537,train,-3.2908267671308087,-3.2920508,0.0005104453,0.0012240713396503011,-0.009372101569992353,0.003946846,0.013318947455358554
-2.4000000000000004,1.0803651442869379e-09,2531.060987167743,511.9316238370674,40.66002705988115,288.1838349540611,0.000530859907176,train,-3.2750200732079646,-3.280167,0.00052460557,0.005147029605756082,-0.011614738198689523,-0.01343459,0.001819851641782222
-0.6000000000000001,8.589969950121183e-10,2505.474763633521,514.8627810246533,39.90795077029272,306.8673078749587,0.0004677068565239,train,-3.3300262633421522,-3.3260963,0.0004719584,0.003929967031727433,-0.03794320202628931,-0.034695297,0.0032479045466597967
-2.4000000000000004,9.798133860644783e-10,2446.0111249981446,493.4775434169566,39.325337668236735,299.6111127589073,0.0005233732637795,train,-3.28118846681193,-3.284513,0.0005193821,0.003324529861653769,-0.011594717986472602,-0.013043837,0.001449118704012875
-2.6,9.589043387653522e-10,2486.667922677388,495.3304947031063,40.43386356777175,305.1954997344612,0.0005306372907287,train,-3.2752022330784785,-3.2808332,0.00052380154,0.0056310112452520045,-0.01103352259810464,-0.014045926,0.003012403212828474
-2.8000000000000003,9.756514716409811e-10,2404.497548871577,500.9208966540563,41.62971960161597,300.52976098251094,0.0005358002081369,train,-3.2709971220217824,-3.2720444,0.00053450966,0.001047298220527182,-0.00995686487917169,-0.0073157754,0.0026410894996331535
-0.8,1.0050965165320695e-09,2414.3235243349927,515.5034020410067,40.79653471954481,301.4383600393062,0.0004906847882809,train,-3.3091974053736113,-3.3122098,0.00048729297,0.003012439215622109,-0.03055141280160889,-0.032873858,0.0023224449647809564
-1.0,9.220148370062533e-10,2472.3739758500788,504.5088858703008,41.28793476116813,303.0641722996054,0.0004872950083275,train,-3.31220803735034,-3.3105464,0.000489163,0.0016616391874983982,-0.026496427924897148,-0.027711047,0.0012146189347248537
-2.0,1.0040157435828723e-09,2421.1156291426087,502.3421578152334,38.33334239027114,293.10089722857373,0.0005179938251139,train,-3.285675417349253,-3.287802,0.00051546365,0.002126563623037203,-0.013744299509484748,-0.013103312,0.000640987628061751
-1.0,1.120623623770265e-09,2459.871490367434,512.0011452017391,38.21649432972869,303.56534322943094,0.0004885457672069,train,-3.3110947451194925,-3.3100712,0.0004896985,0.00102351518480015,-0.025839670675942727,-0.025465105,0.00037456594700557844
-2.6,1.032683367538443e-09,2526.170348943833,478.8149532207128,42.09307571557734,293.4443281911712,0.0005294977163949,train,-3.2761359085673223,-3.2766666,0.00052885106,0.0005307326680292768,-0.010795200103338232,-0.014367408,0.003572208015803824
-1.2000000000000002,1.0025105539620802e-09,2526.9743060678943,509.1946075584183,40.75166342427999,301.0515477079729,0.0004971727243252,train,-3.30349270545273,-3.3036025,0.0004970471,0.0001097515937789062,-0.023073121451110623,-0.023378376,0.0003052544665624879
-0.4,1.2307353848142815e-09,2445.249484887284,482.48119148575233,42.87746783295031,307.55593866537106,0.0004752053323578,train,-3.3231186947091547,-3.3216505,0.00047681454,0.0014681896432366948,-0.046421362927462795,-0.04242169,0.003999671807791927
-2.2,8.939439783837785e-10,2330.6189292196764,529.359956175692,38.57283152042447,302.4090006102026,0.0005141939566414,train,-3.2888730319574826,-3.2911127,0.0005115491,0.0022396294042117404,-0.012849904177624438,-0.012445566,0.0004043379332010488
-1.2000000000000002,9.725086180844783e-10,2468.017331565751,490.28733545372194,44.50977871149023,303.263152322465,0.0005068059252687,train,-3.2951583162502036,-3.297078,0.0005045708,0.001919577960611818,-0.02291128525015651,-0.023384256,0.000472971038252723
-1.0,9.162514515645111e-10,2366.748252214537,515.4599435910573,36.43861892729903,303.676124223718,0.0004710929308527,train,-3.3268934126683654,-3.3222818,0.0004761219,0.004611575204986451,-0.025851413648600996,-0.026681958,0.0008305441178126927
-1.4,1.0692616090001279e-09,2445.881237248077,515.6238842072526,38.37558042728467,295.9516778251947,0.0005012387122446,train,-3.2999553944517235,-3.3014228,0.0004995479,0.0014674399446388264,-0.019538842716487537,-0.018776407,0.0007624352511488297
-1.6,1.0789603531824067e-09,2367.1936347140645,478.9001778930339,37.12870103512795,297.3410066095633,0.0005087111073486,train,-3.2935287797511057,-3.2985904,0.0005028166,0.005061641925530047,-0.016958487730580174,-0.017946333,0.0009878449625198016
-1.2000000000000002,1.018423641836786e-09,2420.2103352289205,495.3862399264609,39.18777263938059,307.5354074756815,0.0004891996897831,train,-3.3105138270354466,-3.306449,0.0004938,0.004064890573044266,-0.022682218044108637,-0.021558518,0.0011237004539434992
-1.4,1.0882818479532783e-09,2447.508764517909,466.8571183944717,43.278933930679706,307.8168200832177,0.0005090357802804,train,-3.2932516898986064,-3.2935882,0.00050864153,0.0003364715698994658,-0.02024493192812571,-0.019601729,0.000643203160969108
-1.2000000000000002,8.220747042076197e-10,2489.354974528123,536.8974000619587,36.589080383233394,294.68809277779184,0.0004823977431294,train,-3.316594732685361,-3.317657,0.00048121926,0.0010622611806057058,-0.022702052291524666,-0.02176761,0.0009344416074874573
-0.8,1.1774606839117e-09,2487.5677489208106,509.6158544320055,42.33569419095241,299.8381908200232,0.0004860394087519,train,-3.313328516108867,-3.3124926,0.00048697583,0.0008359070848191763,-0.030462661188115803,-0.032559678,0.0020970167703726617
0.0,1.0941860864671191e-09,2539.112215454232,503.69324532533454,39.339075937042885,294.39428351617613,0.0004465537471836,train,-3.3501262619703467,-3.3517385,0.0004448991,0.001612190941030267,-0.07850743288745932,-0.079504535,0.0009971017147059058
-2.8000000000000003,8.891400398891501e-10,2578.309809077789,484.4641187531683,42.13424050837239,300.34884642744885,0.0005258981413794,train,-3.279098364060277,-3.2782698,0.00052690244,0.0008285962990464135,-0.010369893632690363,-0.007350606,0.003019287720183783
-1.0,1.2307353848142815e-09,2445.249484887284,482.48119148575233,42.87746783295031,307.55593866537106,0.0004982019273701,train,-3.302594596661857,-3.3012893,0.00049970153,0.0013052766697914109,-0.026172398025620325,-0.02707776,0.0009053625217791961
-3.0,1.0732744646319759e-09,2458.1779927472685,500.451348042105,41.29986197643443,296.3385514465405,0.0005272584122493,train,-3.277976482495433,-3.2751312,0.00053072406,0.0028452569094956637,-0.009052868661346025,0.004245526,0.013298394818665571
-0.4,1.0941860864671191e-09,2539.112215454232,503.69324532533454,39.339075937042885,294.39428351617613,0.0004718804782189,train,-3.32616798912702,-3.328059,0.00046983032,0.0018909689265687035,-0.045401718106907296,-0.041936286,0.0034654323131260156
-1.8,9.162514515645111e-10,2366.748252214537,515.4599435910573,36.43861892729903,303.676124223718,0.0004887934075872,train,-3.310874660105536,-3.3056753,0.0004946804,0.005199391932318331,-0.01566623698715297,-0.01698586,0.001319622734746062
0.0,9.136850961862703e-10,2400.1705034771794,499.3175315176618,39.85562670167986,300.93280864091923,0.0004397447068302,train,-3.3567993794049436,-3.3532367,0.00044336697,0.003562704142492379,-0.07948871972315885,-0.08204712,0.002558400013512596
-2.0,1.006938037138553e-09,2476.033687734913,499.8883185243343,35.52248114367448,306.4489109295662,0.0005068330011601,train,-3.295135114871638,-3.2989423,0.0005024093,0.0038072126277515217,-0.01444854123715622,-0.0137148565,0.0007336847690151416
-1.2000000000000002,1.0686494239643995e-09,2589.6130644148398,507.5353543611665,40.55316862193092,296.6314874710408,0.0005045248450088,train,-3.2971174423417473,-3.3027692,0.0004980017,0.005651741770801522,-0.022716585562944758,-0.022644212,7.237309348617771e-05
-1.8,9.89963136259949e-10,2542.7024133885266,503.0087467521194,39.0211226249472,305.0510216058231,0.0005002601202831,train,-3.3008041168073974,-3.2988498,0.00050251634,0.0019542957166991393,-0.01606833328800583,-0.016601896,0.0005335626254758807
-1.6,1.0692616090001279e-09,2445.881237248077,515.6238842072526,38.37558042728467,295.9516778251947,0.0005054905314242,train,-3.296286974966619,-3.2977705,0.00050376676,0.0014835252164866475,-0.0173425757948813,-0.017837755,0.000495179587179706
-1.8,8.354324428057498e-10,2430.182491588309,507.603602235917,36.73791801396338,295.61725668807514,0.0004998183785328,train,-3.3011877787245076,-3.3045144,0.0004960045,0.003326629387064628,-0.015352138643086377,-0.015997285,0.000645146380245265
-2.8000000000000003,8.979123523428993e-10,2531.360993910196,491.918494232159,35.793021097389925,308.86985058095934,0.0005245454132621,train,-3.280216906182818,-3.2919602,0.00051055173,0.011743333227582475,-0.010393094683200488,-0.0065743844,0.003818710280716786
-0.2,1.0727510291740675e-09,2408.6350240081065,515.7307920217833,36.322106531247385,300.55707391972635,0.000444200210993,train,-3.3524212394996704,-3.3456738,0.00045115544,0.006747439984899906,-0.0585205929496766,-0.05889488,0.00037428716630927283
-2.4000000000000004,9.603042271636284e-10,2438.0715583385486,503.6957420101608,43.08491203323523,298.5763734449834,0.0005323815603365,train,-3.27377699523867,-3.2719011,0.0005346861,0.0018758645624004089,-0.011682173374857996,-0.013297721,0.0016155474374031087
-2.4000000000000004,8.622252758820396e-10,2596.9228583838576,499.2028055441836,37.99663516660689,298.18972265332246,0.0005127712855139,train,-3.290076302701454,-3.2923715,0.0005100685,0.002295208757896461,-0.012101253830815395,-0.012273444,0.0001721900319804348
-0.4,9.244750759855351e-10,2606.766252024905,514.7015322051607,39.36697999872778,300.425811364213,0.0004656720971622,train,-3.3319197839945445,-3.339801,0.0004572976,0.00788128907979635,-0.047385433119311315,-0.043241855,0.004143578362240774
-1.6,1.0933784852654091e-09,2410.884334287086,539.0569290920441,39.62193192256099,289.3285700165644,0.0005106185489455,train,-3.2919034128800715,-3.28952,0.00051342853,0.0023833876267755905,-0.01695318668603285,-0.01697936,2.6172404295365936e-05
-1.4,9.725086180844783e-10,2468.017331565751,490.28733545372194,44.50977871149023,303.263152322465,0.000511813321415,train,-3.290888414537669,-3.2927327,0.00050964445,0.0018443010690205597,-0.020081353413482717,-0.020399846,0.0003184927230872603
-0.2,9.89297888860932e-10,2413.8801533334354,510.75595836241,38.53132745549709,285.1813868750008,0.0004613774795794,train,-3.3359436077626756,-3.3378558,0.0004593505,0.0019122081247755496,-0.057286185069035156,-0.057432275,0.00014609019642009002
-0.8,9.162514515645111e-10,2366.748252214537,515.4599435910573,36.43861892729903,303.676124223718,0.0004651163750661,train,-3.332438370280658,-3.3280416,0.00046984915,0.004396816783343471,-0.03032011940500645,-0.03086124,0.0005411204753169585
-0.6000000000000001,1.0071535471770136e-09,2369.635821802133,538.5091665951578,40.65637295368661,296.23853018587084,0.0004899021178701,train,-3.30989068306396,-3.3115995,0.0004879783,0.001708809962773561,-0.035746667612821525,-0.034690008,0.0010566600454158248
-2.2,9.42387899986183e-10,2596.3418775504824,506.9916211367261,42.54178389838287,305.55199671356803,0.0005141394547343,train,-3.2889190673721975,-3.284271,0.0005196716,0.004648065556401626,-0.013619454286976307,-0.012560656,0.0010587979927496605
-2.0,8.584521018906484e-10,2718.2749419682723,482.1832227724541,38.88005077046229,301.691940704981,0.0005030469097211,train,-3.2983915145800453,-3.3009658,0.00050007395,0.0025742714001792955,-0.015100310440960385,-0.0137145575,0.0013857529273657576
-2.0,9.682475573035431e-10,2330.6047518253104,479.0686974559265,41.64371883461047,301.63426669668445,0.0005244598502672,train,-3.280287753370939,-3.2822378,0.00052211026,0.0019500148022788544,-0.01408455906321393,-0.0131563,0.0009282586525856118
-1.0,9.926993823896764e-10,2332.1716999604114,489.929360905385,39.90607827400121,296.137708789732,0.0004884950832451,train,-3.3111398031433,-3.3032894,0.0004974055,0.007850389691151705,-0.02501629570527264,-0.026302302,0.0012860065509538998
0.0,8.584521018906484e-10,2718.2749419682723,482.1832227724541,38.88005077046229,301.691940704981,0.0004301809219551,train,-3.366348853998182,-3.366881,0.00042965423,0.0005320397090935458,-0.08479792918064888,-0.08112691,0.0036710157523422993
-0.6000000000000001,1.006299553709699e-09,2596.53014928976,491.578961058072,40.01001805266426,305.28831051478386,0.0004688057753063,train,-3.329007046801809,-3.324767,0.00047340506,0.0042399340698753285,-0.03790047108781103,-0.03610157,0.0017989025975442274
-2.4000000000000004,1.2307353848142815e-09,2445.249484887284,482.48119148575233,42.87746783295031,307.55593866537106,0.0005269074159107,train,-3.278265688945848,-3.2771046,0.000528318,0.0011610727806870003,-0.011801004556819095,-0.013220738,0.0014197331314242945
-2.0,9.136850961862703e-10,2400.1705034771794,499.3175315176618,39.85562670167986,300.93280864091923,0.0005091524014618,train,-3.293152203503685,-3.2898912,0.0005129898,0.0032609605227280625,-0.014299955973207545,-0.013352146,0.0009478096010084869
-0.8,1.006299553709699e-09,2596.53014928976,491.578961058072,40.01001805266426,305.28831051478386,0.0004762440382606,train,-3.322170447886885,-3.317999,0.0004808406,0.004171561778486765,-0.031544151639691265,-0.031558733,1.4581793793766451e-05
-1.4,1.0191682032973931e-09,2560.240612715575,475.6482256289376,41.11142736058992,291.8506686301862,0.000499377067858,train,-3.301571404979061,-3.2984297,0.00050300267,0.0031416774247396972,-0.0199074182339114,-0.02042332,0.000515900956829185
-1.8,1.1762312017058683e-09,2610.23254556298,515.3751788116352,39.24041391228537,297.93305834844136,0.0005048750244071,train,-3.2968161128269196,-3.2989771,0.000502369,0.002161023785018923,-0.015613731383361085,-0.017147584,0.0015338525036199258
-1.6,1.0663734802785015e-09,2646.766281337793,486.2018595083384,41.79339850063371,299.641349014439,0.0005125890591081,train,-3.2902306677961146,-3.2941942,0.0005079322,0.003963553700467415,-0.017895863940294632,-0.019333502,0.0014376383374372637
-0.4,8.939439783837785e-10,2330.6189292196764,529.359956175692,38.57283152042447,302.4090006102026,0.0004669815188716,train,-3.3307003066092706,-3.332072,0.0004655089,0.0013717129677557338,-0.045553435703537204,-0.04081697,0.004736465533992984
-0.4,7.777840542828623e-10,2445.911024694583,482.1130919467457,41.27682283342508,300.8565986758517,0.0004631377238598,train,-3.334289843068085,-3.3287766,0.0004690546,0.005513245091400609,-0.04667668835074679,-0.044547524,0.002129164047548926
-1.6,1.0941860864671191e-09,2539.112215454232,503.69324532533454,39.339075937042885,294.39428351617613,0.0005088882059871,train,-3.2933776142359137,-3.2959898,0.0005058366,0.002612137579882212,-0.017394207596987954,-0.01742655,3.2342791348227706e-05
-2.8000000000000003,9.603042271636284e-10,2438.0715583385486,503.6957420101608,43.08491203323523,298.5763734449834,0.0005376670392512,train,-3.2694865863796454,-3.2667413,0.0005410766,0.002745310592291883,-0.009898906638852623,-0.0074309735,0.002467933176092174
-3.0,9.60969170700449e-10,2766.6918918406623,529.8468751484584,39.61181207182135,297.3307652107198,0.0005225562221555,train,-3.2818669766842223,-3.2804885,0.0005242175,0.0013784856258727274,-0.009819557183661232,0.0048981127,0.014717669916578302
-1.6,1.0040157435828723e-09,2421.1156291426087,502.3421578152334,38.33334239027114,293.10089722857373,0.0005107786889231,train,-3.2917672309782704,-3.2941725,0.0005079576,0.0024052944276133914,-0.017054808320510872,-0.01801603,0.0009612208287830271
-2.0,9.808684991835892e-10,2440.440905080504,475.02919518003887,43.13862383173334,296.64614602139693,0.0005284940319092,train,-3.276959912658422,-3.2792485,0.0005257164,0.00228856337002048,-0.014106582773312226,-0.013063064,0.0010435189282738122
-3.0,1.1942019403763875e-09,2464.5026025880397,490.2741317287723,40.32854625878799,294.3650499716886,0.0005325908583302,train,-3.273606292292163,-3.2773676,0.00052799814,0.0037612995657472226,-0.008986495523970461,0.004274943,0.013261438436131812
0.0,1.066709170571727e-09,2302.646144768272,474.8978179470865,37.69553984942066,294.1521471075916,0.0004441125599674,train,-3.3525069443507527,-3.3521302,0.000444498,0.0003767697139118731,-0.07448126806646016,-0.080479905,0.005998636942809554
-0.4,1.0671658198705114e-09,2444.626831258547,492.08006432381046,41.193035529790656,301.7038514591378,0.0004655598001308,train,-3.3320245269301108,-3.324598,0.00047358935,0.007426452970760167,-0.045764348356151174,-0.042385045,0.0033793029171462763
-1.6,9.603042271636284e-10,2438.0715583385486,503.6957420101608,43.08491203323523,298.5763734449834,0.0005185790510428,train,-3.285185031338894,-3.2829945,0.0005212013,0.0021905225956078134,-0.017626328665054203,-0.018026788,0.00040045912262165473
-2.4000000000000004,8.584521018906484e-10,2718.2749419682723,482.1832227724541,38.88005077046229,301.691940704981,0.0005094451268581,train,-3.2929025876852855,-3.295919,0.0005059191,0.003016353812517192,-0.012572552562986061,-0.013204165,0.0006316122400420454
-1.6,8.894595189948581e-10,2383.601346469497,502.4892009812192,38.55163090195673,309.2198732722366,0.0005027684009087,train,-3.2986320256205905,-3.3004117,0.00050071237,0.0017796755818020316,-0.017888311945510438,-0.017431375,0.000456937306237748
-0.6000000000000001,9.42387899986183e-10,2596.3418775504824,506.9916211367261,42.54178389838287,305.55199671356803,0.0004736841149292,train,-3.324511179161146,-3.3204536,0.0004781304,0.00405753536231801,-0.038369086263381647,-0.037342537,0.0010265490688912138
-2.0,9.162514515645111e-10,2366.748252214537,515.4599435910573,36.43861892729903,303.676124223718,0.0004921386642856,train,-3.307912513798969,-3.3025324,0.00049827324,0.005380079335468135,-0.014103706098591573,-0.014333486,0.00022977952709268834
-0.8,1.0882818479532783e-09,2447.508764517909,466.8571183944717,43.278933930679706,307.8168200832177,0.0004917979154134,train,-3.308213316439872,-3.308538,0.0004914304,0.00032464361261830277,-0.03127944523461679,-0.031826187,0.0005467416905560185
-2.6,1.0352580576007263e-09,2678.9547588546675,473.131828680381,34.826156523967086,290.8089263982084,0.0005013182569729,train,-3.2998864789931543,-3.292926,0.00050941756,0.006960405918813528,-0.01118844811259656,-0.013960931,0.0027724833375319946
0.0,1.0308127820747194e-09,2437.7200106987866,482.5972990901911,40.648465379108416,299.4728047413536,0.0004538819519842,train,-3.343057086059764,-3.3490255,0.00044768702,0.005968401840016124,-0.07905053575630205,-0.083249174,0.0041986383021352935
-0.4,1.000072357945733e-09,2615.067429542859,502.8265147659643,41.97319841319997,303.92619603855775,0.0004703374519043,train,-3.327590437992644,-3.3334985,0.0004639824,0.0059080399431468145,-0.0477520301098302,-0.045723185,0.0020288451666310436
-1.8,9.980121445569454e-10,2387.75545073954,508.7275610680178,38.8972081784186,297.8606493603604,0.0005051397636615,train,-3.2965884432891657,-3.2938643,0.0005083183,0.002724193106060202,-0.015510742155164792,-0.016807172,0.0012964302922782167
-2.0,1.1774606839117e-09,2487.5677489208106,509.6158544320055,42.33569419095241,299.8381908200232,0.0005144532421618,train,-3.288654091443645,-3.2865438,0.00051695906,0.002110245313273751,-0.014317298204151285,-0.013755114,0.0005621843863998777
-2.6,9.344027379399094e-10,2510.734791451186,511.4018674256231,36.36815079533651,301.4558439858307,0.0005019148291784,train,-3.2993699728072627,-3.2944326,0.00050765346,0.004937332731579147,-0.011060966972779696,-0.013943108,0.0028821408259158687
-1.6,8.354324428057498e-10,2430.182491588309,507.603602235917,36.73791801396338,295.61725668807514,0.0004961037303288,train,-3.304427507382031,-3.3079038,0.00049214857,0.0034762592500490186,-0.017228340468520287,-0.017773964,0.000545623042469856
-0.4,1.0727510291740675e-09,2408.6350240081065,515.7307920217833,36.322106531247385,300.55707391972635,0.0004544295353956,train,-3.342533449650741,-3.335778,0.00046155346,0.006755451680160007,-0.04445043770395429,-0.0418364,0.002614038118945672
-3.0,9.798133860644783e-10,2446.0111249981446,493.4775434169566,39.325337668236735,299.6111127589073,0.0005308705380417,train,-3.2750113762240316,-3.2792902,0.0005256659,0.004278823055753556,-0.009135155580178633,0.0041000475,0.013235203097746506
-2.2,8.891400398891501e-10,2578.309809077789,484.4641187531683,42.13424050837239,300.34884642744885,0.0005174081339666,train,-3.286166748195735,-3.286117,0.0005174673,4.967132195554669e-05,-0.01345512735139387,-0.012330114,0.0011250134412552626
-1.4,9.136850961862703e-10,2400.1705034771794,499.3175315176618,39.85562670167986,300.93280864091923,0.0004974922592216,train,-3.3032136723122227,-3.3001232,0.0005010451,0.00309045759054305,-0.019925153369754867,-0.019395309,0.0005298448006811896
-0.8,1.075576112436465e-09,2439.1914792405805,507.5653121861305,41.43318212059344,299.0815860986159,0.0004850531900128,train,-3.3142106348772273,-3.3083372,0.00049165764,0.005873423268340616,-0.030461032274967437,-0.031640653,0.001179620292180772
-1.4,1.066709170571727e-09,2302.646144768272,474.8978179470865,37.69553984942066,294.1521471075916,0.0004989169306891,train,-3.301971758077075,-3.2999337,0.00050126377,0.0020380861257809357,-0.018844332529166508,-0.019061966,0.00021763333871049895
-1.2000000000000002,9.596807973870107e-10,2396.380469719385,547.2442070596833,39.34847113068841,298.5552181462747,0.000500298146276,train,-3.300771106278285,-3.3021739,0.0004986848,0.0014027466422472656,-0.022256165041135034,-0.020356603,0.0018995620743496033
-2.0,9.798133860644783e-10,2446.0111249981446,493.4775434169566,39.325337668236735,299.6111127589073,0.0005173092885731,train,-3.2862497235243686,-3.2893379,0.0005136439,0.003088149934493689,-0.013921678598359577,-0.01304342,0.0008782582090649527
-1.6,9.928313705154955e-10,2556.196978076177,523.0189213691006,40.51326020590248,298.8914974420704,0.0005103352928083,train,-3.292144396508276,-3.2922564,0.00051020377,0.00011195877736858151,-0.017917011961568363,-0.01990626,0.001989248111616604
-3.0,8.498130788208901e-10,2622.111610500832,493.1418777793542,40.32755095458103,299.70047987606006,0.0005272888863147,train,-3.277951382211233,-3.2819028,0.0005225131,0.0039514078583469114,-0.009610444671503515,0.004349371,0.013959815624199123
-1.4,9.118663996020181e-10,2651.95019435956,481.7408591707263,38.899871401178025,300.40158819211445,0.0004907878308975,train,-3.309106214159348,-3.3099396,0.0004898469,0.0008334087196804063,-0.020868345312200276,-0.02009101,0.000777335054598538
-2.6,1.1942019403763875e-09,2464.5026025880397,490.2741317287723,40.32854625878799,294.3650499716886,0.0005278328465494,train,-3.2775035875314797,-3.2798252,0.0005250187,0.0023216230398093174,-0.01054486576742697,-0.013770639,0.003225773197643278
-2.0,9.143704143090119e-10,2444.5179463100326,473.4138143725302,40.94136333558407,299.94201571725745,0.0005103393714641,train,-3.2921409255928715,-3.2896261,0.0005133031,0.0025148040718754316,-0.014194220482089293,-0.0135432985,0.0006509220140955563
-2.4000000000000004,9.89297888860932e-10,2413.8801533334354,510.75595836241,38.53132745549709,285.1813868750008,0.0005206714527194,train,-3.283436233091174,-3.2846267,0.00051924615,0.0011904892446414905,-0.011377331752880693,-0.013660137,0.0022828048573888537
-2.6,9.725086180844783e-10,2468.017331565751,490.28733545372194,44.50977871149023,303.263152322465,0.0005328698605252,train,-3.27337884305006,-3.2745464,0.00053143926,0.001167541761341262,-0.010804953337533618,-0.014225874,0.0034209207586215484
0.0,8.75983736068783e-10,2627.978517028968,489.37942559949954,40.91913452211564,297.20307373531364,0.0004368630923493,train,-3.35965464438657,-3.3567493,0.00043979543,0.0029053481982153073,-0.0830587749110876,-0.08199854,0.0010602329599080917
-2.2,9.162514515645111e-10,2366.748252214537,515.4599435910573,36.43861892729903,303.676124223718,0.0004951842493402,train,-3.3052331776660995,-3.2998395,0.0005013725,0.005393681053550647,-0.012808047888972496,-0.013022104,0.00021405638923432946
-2.8000000000000003,1.0942344693420075e-09,2360.838758300681,491.3731844386217,39.51420947268076,305.7035776891924,0.0005309300299042,train,-3.274962709857844,-3.2759845,0.0005296823,0.0010218158226980023,-0.009901292490420488,-0.0070590195,0.002842272965816406
-2.0,9.74908016407874e-10,2433.9347159425315,536.1873069142775,40.58953669016749,293.2225739384997,0.0005282996777648,train,-3.277119654209922,-3.2781322,0.0005270694,0.001012546031166739,-0.01389261809135256,-0.013333387,0.0005592313497739809
-1.6,1.018423641836786e-09,2420.2103352289205,495.3862399264609,39.18777263938059,307.5354074756815,0.0004982686471697,train,-3.302536439318161,-3.2987669,0.0005026123,0.0037695878929899784,-0.017682800354416273,-0.017840447,0.00015764654988537075
-0.8,1.066709170571727e-09,2302.646144768272,474.8978179470865,37.69553984942066,294.1521471075916,0.0004832614195502,train,-3.315817874725088,-3.3144264,0.00048481225,0.0013914526059473076,-0.028854913890132394,-0.03049263,0.0016377159657388063
-0.4,1.0692616090001279e-09,2445.881237248077,515.6238842072526,38.37558042728467,295.9516778251947,0.0004691504156789,train,-3.328687894542384,-3.3293757,0.00046840796,0.0006878493235826788,-0.044428575347502886,-0.041008938,0.0034196372435886246
-2.0,8.891400398891501e-10,2578.309809077789,484.4641187531683,42.13424050837239,300.34884642744885,0.000514062635673,train,-3.2889839614135554,-3.288684,0.00051441794,0.0003000701171687048,-0.014822773323231786,-0.01387361,0.0009491636090217526
-0.8,1.000072357945733e-09,2615.067429542859,502.8265147659643,41.97319841319997,303.92619603855775,0.0004871509391645,train,-3.3123364558493247,-3.318025,0.00048081155,0.00568865630277493,-0.03153855208725531,-0.03386177,0.0023232191386739487
-1.4,1.000072357945733e-09,2615.067429542859,502.8265147659643,41.97319841319997,303.92619603855775,0.0005043441261661,train,-3.2972730328083837,-3.301928,0.0004989671,0.00465501055709483,-0.02039984464428457,-0.021402324,0.0010024789742466567
-2.2,1.0574423663675307e-09,2585.0385338602478,471.3266920396063,42.543125490608695,301.3994726877767,0.000515858956543,train,-3.2874690246678444,-3.286071,0.00051752216,0.001397962579831713,-0.013367118435557046,-0.0126470225,0.0007200959423734332
-0.8,1.0044736023004086e-09,2276.4853940628345,486.8441992232576,38.23677890677304,298.10055132439214,0.0004884263655449,train,-3.311200900620671,-3.311677,0.00048789123,0.0004760784442705557,-0.02914890597307007,-0.029985147,0.0008362406239577069
-1.4,1.104689398918354e-09,2572.8324404304963,485.2307246352714,40.714467773434976,300.93677074401546,0.0005025982938206,train,-3.2987789900481705,-3.2971735,0.0005044597,0.001605489987135389,-0.020375253553920558,-0.019249063,0.0011261905687387497
0.0,1.0692616090001279e-09,2445.881237248077,515.6238842072526,38.37558042728467,295.9516778251947,0.0004444980267908,train,-3.3521301626032596,-3.3530474,0.00044356025,0.0009172083073849535,-0.07705534946342851,-0.08145452,0.004399173444305404
-2.4000000000000004,9.596807973870107e-10,2396.380469719385,547.2442070596833,39.34847113068841,298.5552181462747,0.000522693384644,train,-3.281752996421835,-3.283664,0.0005203985,0.0019109916915684977,-0.011521266968983923,-0.013693788,0.0021725211198742045
-0.4,9.798133860644783e-10,2446.0111249981446,493.4775434169566,39.325337668236735,299.6111127589073,0.0004729715591778,train,-3.325164973561347,-3.3280914,0.00046979525,0.002926409418999576,-0.04537910310819626,-0.042613767,0.0027653360207366973
-2.6,8.758150413106088e-10,2554.792538970499,492.8309420700668,37.207464786418186,297.95471711920453,0.0005113184353307,train,-3.2913085487206355,-3.2931287,0.0005091799,0.0018201801459416522,-0.011102352875115074,-0.012069588,0.0009672347206457488
-2.2,9.60969170700449e-10,2766.6918918406623,529.8468751484584,39.61181207182135,297.3307652107198,0.0005115439344326,train,-3.2911170605593525,-3.2893095,0.0005136774,0.001807558911403273,-0.013615741371214796,-0.013913823,0.0002980819204445595
-2.0,8.97240116378001e-10,2315.448379676966,519.850638103925,40.31160828282909,292.8565689112594,0.0005189883763974,train,-3.2848423687854504,-3.2862322,0.00051733013,0.0013898642620349122,-0.013613102227377993,-0.013769387,0.0001562850401519711
-1.0,1.0203477325736783e-09,2420.870896846657,485.827773341465,41.83782044136868,301.83723728961854,0.0005049813582597,train,-3.2967246538702066,-3.3033152,0.000497376,0.006590508788484772,-0.025826165427165648,-0.027504006,0.0016778409735387356
-1.2000000000000002,8.894595189948581e-10,2383.601346469497,502.4892009812192,38.55163090195673,309.2198732722366,0.0004935150627777,train,-3.30669958751024,-3.3079486,0.0004920978,0.0012490018147111037,-0.023021277274043683,-0.021184668,0.0018366093291355412
-2.2,9.16382362452114e-10,2549.3338723326283,483.7915671011157,41.484417545989686,302.7283665488111,0.0005120168298901,train,-3.2907157636173814,-3.2882345,0.00051495055,0.0024812913426011107,-0.013193983736538684,-0.012305142,0.0008888413785932414
0.0,1.0368980362030106e-09,2588.6829740462717,505.298163800807,40.78433779833217,301.9145433801493,0.0004428621989964,train,-3.3537313878296913,-3.357421,0.00043911583,0.0036895334959923254,-0.08327524275663478,-0.08311786,0.00015738518121821699
-1.8,1.0849323731926979e-09,2551.147301026894,487.27717818808753,44.82712146868644,302.5978918999191,0.0005170530906905,train,-3.2864648615286005,-3.286384,0.0005171492,8.07558462274649e-05,-0.015919249700012017,-0.016608367,0.0006891170427181237
-2.8000000000000003,1.0071535471770136e-09,2369.635821802133,538.5091665951578,40.65637295368661,296.23853018587084,0.0005369416842909,train,-3.270072879227676,-3.2700553,0.0005369634,1.75851908106317e-05,-0.009740997792544448,-0.007966989,0.0017740090725446578
-1.6,9.980121445569454e-10,2387.75545073954,508.7275610680178,38.8972081784186,297.8606493603604,0.0005013482539436,train,-3.2998604932467255,-3.2974286,0.0005041635,0.002431885306051651,-0.017391588881302766,-0.018631732,0.0012401432100048737
-3.0,1.000072357945733e-09,2615.067429542859,502.8265147659643,41.97319841319997,303.92619603855775,0.000530615256074,train,-3.2752202674831583,-3.279137,0.0005258515,0.003916628650264542,-0.009556445619184117,0.0047654663,0.014321911940443854
-2.8000000000000003,9.979877857013676e-10,2496.537246315292,510.00187244466247,38.795972505421744,297.7961123434831,0.0005179538905949,train,-3.2857089003928173,-3.2840416,0.00051994616,0.0016672572501170713,-0.010181957327251467,-0.00751459,0.0026673673954356047
-1.4,8.979123523428993e-10,2531.360993910196,491.918494232159,35.793021097389925,308.86985058095934,0.0005006816239773,train,-3.3004383477896435,-3.310915,0.000488748,0.0104766454964893,-0.020544537397512386,-0.018958269,0.001586268710383365
0.0,1.0574423663675307e-09,2585.0385338602478,471.3266920396063,42.543125490608695,301.3994726877767,0.00044084783453,train,-3.3557112881460207,-3.356111,0.00044044224,0.0003997615060788995,-0.0832009067263293,-0.08387254,0.0006716350589108799
-0.8,7.516487326049727e-10,2475.0294016619155,481.8667099014746,36.16652897024234,304.10393187120707,0.0004719538342874,train,-3.3261004812277934,-3.326443,0.00047158182,0.0003424756966450282,-0.03135054538150328,-0.031879045,0.000528499687714401
0.0,9.920951194363948e-10,2484.0228854962547,482.5603784265586,38.422268984819695,304.0303353891022,0.0004362736131289,train,-3.3602410533873734,-3.3562,0.00044035204,0.004041073605268952,-0.08145913382436021,-0.08190944,0.0004503066334606842
-1.0,1.0727510291740675e-09,2408.6350240081065,515.7307920217833,36.322106531247385,300.55707391972635,0.0004756414148997,train,-3.3227203376544003,-3.3160963,0.0004829517,0.006624031807232367,-0.025544825631483192,-0.026154775,0.0006099495409888078
-0.8,8.589969950121183e-10,2505.474763633521,514.8627810246533,39.90795077029272,306.8673078749587,0.0004751208790308,train,-3.323195884233239,-3.31954,0.0004791373,0.003655860429528257,-0.03148061658725787,-0.03081409,0.0006665258435969434
-2.2,1.0686494239643995e-09,2589.6130644148398,507.5353543611665,40.55316862193092,296.6314874710408,0.0005247458199737,train,-3.280051012239772,-3.2855163,0.0005181837,0.005465249814671225,-0.012979618470883025,-0.012203505,0.0007761132081505195
-2.4000000000000004,9.143704143090119e-10,2444.5179463100326,473.4138143725302,40.94136333558407,299.94201571725745,0.0005164568356332,train,-3.286965970039175,-3.2846057,0.00051927124,0.00236022853832063,-0.011892599517254965,-0.013642445,0.001749845689387186
-0.6000000000000001,1.0352580576007263e-09,2678.9547588546675,473.131828680381,34.826156523967086,290.8089263982084,0.0004580530783663,train,-3.3390841938172016,-3.3342905,0.00046313702,0.004793689361635156,-0.03696902013654757,-0.037604783,0.0006357625937933875
-3.0,9.118663996020181e-10,2651.95019435956,481.7408591707263,38.899871401178025,300.40158819211445,0.0005168663486281,train,-3.2866217423164787,-3.289451,0.00051351025,0.0028291415488777005,-0.00972147622026931,0.004421525,0.014143001389433252
-0.2,1.006938037138553e-09,2476.033687734913,499.8883185243343,35.52248114367448,306.4489109295662,0.000451773198176,train,-3.3450795375359177,-3.3488998,0.00044781656,0.003820303772676059,-0.061155383798428886,-0.06010099,0.0010543925195420911
-1.8,1.0728366895058958e-09,2396.471193900285,522.5703607996403,39.66536493364173,302.3426017448898,0.0005152350454771,train,-3.2879946046162445,-3.289745,0.0005131625,0.0017504877757232862,-0.015377627072137301,-0.0167139,0.0013362734194579673
-0.4,9.42387899986183e-10,2596.3418775504824,506.9916211367261,42.54178389838287,305.55199671356803,0.0004645666109327,train,-3.3329520067802183,-3.3285215,0.0004693302,0.004430516683172403,-0.04787758645836426,-0.044814695,0.0030628917855413107
-3.0,1.0882818479532783e-09,2447.508764517909,466.8571183944717,43.278933930679706,307.8168200832177,0.0005353938655214,train,-3.271326609214585,-3.2736967,0.0005324801,0.002370051780898219,-0.009493241747618342,0.0046543074,0.014147549131662274
-2.2,9.682475573035431e-10,2330.6047518253104,479.0686974559265,41.64371883461047,301.63426669668445,0.0005277002133993,train,-3.277612730196347,-3.2798123,0.00052503427,0.002199605771670665,-0.012767809921665929,-0.01163871,0.0011290996463735326
-2.4000000000000004,1.0663734802785015e-09,2646.766281337793,486.2018595083384,41.79339850063371,299.641349014439,0.000526519582218,train,-3.2785854719788348,-3.2822237,0.0005221272,0.003638229498216017,-0.01202563991072303,-0.014089255,0.0020636147516714942
-1.4,9.74908016407874e-10,2433.9347159425315,536.1873069142775,40.58953669016749,293.2225739384997,0.0005164962151646,train,-3.286932856601576,-3.288247,0.0005149356,0.0013142518578965756,-0.019410767357868508,-0.01880337,0.000607398103994683
-2.2,9.595802013951228e-10,2610.2949574222403,489.9218602044182,42.219532217947325,302.0841812978663,0.0005196870823805,train,-3.2842580780984236,-3.2838306,0.00052019884,0.0004274353982283152,-0.013358516810988874,-0.012303475,0.0010550415204519936
-2.8000000000000003,9.244750759855351e-10,2606.766252024905,514.7015322051607,39.36697999872778,300.425811364213,0.0005229065183906,train,-3.2815759443561854,-3.2879398,0.0005153001,0.006363842554825361,-0.01026367609308565,-0.007613046,0.0026506299983104498
-2.8000000000000003,1.0025105539620802e-09,2526.9743060678943,509.1946075584183,40.75166342427999,301.0515477079729,0.0005256854661313,train,-3.279274029955574,-3.2776186,0.000527693,0.001655383333869942,-0.01028202309059445,-0.007588104,0.0026939192113513144
-1.8,8.599648780937922e-10,2637.8899539670565,501.9551856304757,39.90381821426863,300.9815905741297,0.0004993394058471,train,-3.3016041598278085,-3.2989311,0.0005024223,0.0026730380016366517,-0.016512656426073136,-0.01665993,0.0001472739223231656
-0.6000000000000001,9.664729913030388e-10,2627.7330466636663,506.9906344590098,40.06029068650691,301.1540677406581,0.000467757855099,train,-3.329978910621098,-3.3248253,0.00047334164,0.005153623755863812,-0.038007352333536915,-0.036379002,0.0016283502988727605
-3.0,9.682475573035431e-10,2330.6047518253104,479.0686974559265,41.64371883461047,301.63426669668445,0.0005382318715068,train,-3.2690305889771176,-3.2720122,0.0005345493,0.0029816447570132354,-0.00903041091287804,0.004333693,0.01336410398135257
-1.2000000000000002,1.0692616090001279e-09,2445.881237248077,515.6238842072526,38.37558042728467,295.9516778251947,0.0004964751182783,train,-3.304102512053214,-3.3054037,0.00049498986,0.001301197358407169,-0.022193241538634112,-0.021342807,0.0008504350205562616
-3.0,1.243555870393131e-09,2440.816535503744,483.6779599156501,38.81204244575611,302.5323056028984,0.0005224702713444,train,-3.2819384159506755,-3.282489,0.0005218082,0.0005506454049153398,-0.009234119184602818,0.0043675867,0.01360170587553533
-1.2000000000000002,9.16382362452114e-10,2549.3338723326283,483.7915671011157,41.484417545989686,302.7283665488111,0.0004918886108362,train,-3.308133232956534,-3.3057694,0.00049457315,0.0023637894445709406,-0.023299687677965863,-0.02323349,6.619761322568252e-05
-0.4,9.756514716409811e-10,2404.497548871577,500.9208966540563,41.62971960161597,300.52976098251094,0.0004788332905677,train,-3.3198156631794706,-3.322701,0.00047566261,0.0028853141459688203,-0.04547545472875214,-0.04435174,0.0011237130571899456
0.0,9.143704143090119e-10,2444.5179463100326,473.4138143725302,40.94136333558407,299.94201571725745,0.0004405174116579,train,-3.356036921219009,-3.3553715,0.0004411929,0.0006654459992825323,-0.08095408680196314,-0.08324978,0.002295690753502555
-1.4,1.0308127820747194e-09,2437.7200106987866,482.5972990901911,40.648465379108416,299.4728047413536,0.0005130107344875,train,-3.2898735474029737,-3.2949345,0.0005070672,0.005060963781718719,-0.019775838331677065,-0.01953779,0.00023804858455811484
-1.8,9.344027379399094e-10,2510.734791451186,511.4018674256231,36.36815079533651,301.4558439858307,0.0004898400056171,train,-3.3099457485921757,-3.305718,0.0004946318,0.004227803493298765,-0.016001841255956606,-0.016844755,0.0008429137826624356
-0.2,9.74908016407874e-10,2433.9347159425315,536.1873069142775,40.58953669016749,293.2225739384997,0.0004724766142461,train,-3.325619682509678,-3.326456,0.00047156756,0.0008363874366108526,-0.05913760219948294,-0.059220757,8.315513594148172e-05
-2.0,1.1201765668553066e-09,2329.913862262383,487.444276821995,41.61971486534147,298.1037724082114,0.0005283259781931,train,-3.277098034195643,-3.2802882,0.0005244593,0.0031901852562614685,-0.013751876223844661,-0.012107528,0.0016443484090391536
-1.0,8.220747042076197e-10,2489.354974528123,536.8974000619587,36.589080383233394,294.68809277779184,0.0004770535742603,train,-3.3214328459093596,-3.3224194,0.00047597112,0.0009865590741608976,-0.026056593304948805,-0.026094412,3.7819126172067286e-05
-1.6,8.979123523428993e-10,2531.360993910196,491.918494232159,35.793021097389925,308.86985058095934,0.0005051571389767,train,-3.296573505099226,-3.3072991,0.00049283425,0.01072563201625254,-0.01827808297479727,-0.017289095,0.0009889883478937378
-1.2000000000000002,1.0071535471770136e-09,2369.635821802133,538.5091665951578,40.65637295368661,296.23853018587084,0.000508976524404,train,-3.293302248226932,-3.294709,0.0005073306,0.0014067189819302328,-0.022134882221827468,-0.021235896,0.0008989859473800266
-2.2,8.894595189948581e-10,2383.601346469497,502.4892009812192,38.55163090195673,309.2198732722366,0.0005135009219674,train,-3.2894587723101405,-3.2918177,0.0005107194,0.0023588927899571566,-0.01317964818980144,-0.011535251,0.001644397608000503
-0.4,1.1201765668553066e-09,2329.913862262383,487.444276821995,41.61971486534147,298.1037724082114,0.0004839251439959,train,-3.3152218120410413,-3.3178096,0.00048105023,0.0025877697155505253,-0.04400734965173925,-0.041070413,0.0029369368073197677
-0.2,1.0050101529814667e-09,2449.206992526188,478.70441149946606,40.80112322251315,299.2329513672896,0.000463341358811,train,-3.3340989320400714,-3.336838,0.00046042827,0.0027390749331952513,-0.06081525339355842,-0.061562825,0.0007475716007672162
-0.6000000000000001,7.777840542828623e-10,2445.911024694583,482.1130919467457,41.27682283342508,300.8565986758517,0.0004720364189186,train,-3.3260244930497587,-3.3207734,0.00047777855,0.005251129936355348,-0.037608898720106865,-0.036896005,0.0007128934472415693
-2.0,1.0375673846448864e-09,2379.4103992541063,496.85223216497695,39.047727684139495,305.18782525816323,0.000510602790317,train,-3.2919168162141723,-3.2911825,0.0005114668,0.0007342982088012207,-0.014012039319847958,-0.013420411,0.0005916279342521591
-1.2000000000000002,1.0050101529814667e-09,2449.206992526188,478.70441149946606,40.80112322251315,299.2329513672896,0.0005027031227188,train,-3.2986884169892887,-3.3005354,0.0005005697,0.0018470234556575704,-0.022558332044047447,-0.022761598,0.00020326618536081753
-1.8,9.756514716409811e-10,2404.497548871577,500.9208966540563,41.62971960161597,300.52976098251094,0.0005206054548293,train,-3.2834912857276404,-3.2851713,0.0005185955,0.0016799846428430243,-0.015825091679131376,-0.016740598,0.00091550610538782
-1.2000000000000002,9.980121445569454e-10,2387.75545073954,508.7275610680178,38.8972081784186,297.8606493603604,0.0004923548453847,train,-3.307721783725042,-3.3053997,0.00049499446,0.0023221274292657412,-0.022357682678304514,-0.022171406,0.0001862766029461227
0.0,9.589043387653522e-10,2486.667922677388,495.3304947031063,40.43386356777175,305.1954997344612,0.0004488668781944,train,-3.3478824399271705,-3.3522773,0.00044434748,0.00439483897297599,-0.08283024457507793,-0.0826688,0.00016144094281855814
-2.6,9.42387899986183e-10,2596.3418775504824,506.9916211367261,42.54178389838287,305.55199671356803,0.0005200937498986,train,-3.2839183652231663,-3.278564,0.0005265456,0.005354388935324472,-0.01152585403594486,-0.014988803,0.0034629492687869856
-0.6000000000000001,1.0663734802785015e-09,2646.766281337793,486.2018595083384,41.79339850063371,299.641349014439,0.0004832147981896,train,-3.3158597741516673,-3.3203647,0.00047822832,0.004504939517155915,-0.03792061057317575,-0.03629842,0.001622190292957626
-2.2,9.603042271636284e-10,2438.0715583385486,503.6957420101608,43.08491203323523,298.5763734449834,0.0005293997854959,train,-3.276216239003628,-3.274311,0.0005317273,0.0019051733297996698,-0.012801792578359894,-0.011362337,0.0014394560023749392
-0.2,9.42387899986183e-10,2596.3418775504824,506.9916211367261,42.54178389838287,305.55199671356803,0.0004532499723308,train,-3.3436622137444916,-3.3390226,0.000458118,0.004639577330917355,-0.06432084485165568,-0.061893113,0.002427731894178109
-1.8,1.032683367538443e-09,2526.170348943833,478.8149532207128,42.09307571557734,293.4443281911712,0.0005169688601065,train,-3.2865356160766863,-3.2877483,0.00051552727,0.0012127207153058706,-0.01579533578016168,-0.017056908,0.0012615726783096193
-2.4000000000000004,9.980121445569454e-10,2387.75545073954,508.7275610680178,38.8972081784186,297.8606493603604,0.0005145408997861,train,-3.288580098364247,-3.285636,0.0005180409,0.002944150183094685,-0.011617395067636593,-0.013906923,0.0022895280550674357
-3.0,9.55415883814233e-10,2578.1734587821948,522.0121395253278,38.42173874228168,293.06092698472065,0.0005201334203865,train,-3.283885240393341,-3.280528,0.0005241697,0.0033571718508604853,-0.009394624385793193,0.00405023,0.01344485452752231
-1.0,8.758150413106088e-10,2554.792538970499,492.8309420700668,37.207464786418186,297.95471711920453,0.0004802746182106,train,-3.3185103645631013,-3.3190086,0.00047972397,0.0004982242277922211,-0.026707610874641574,-0.02616328,0.0005443308644181855
-1.6,9.118663996020181e-10,2651.95019435956,481.7408591707263,38.899871401178025,300.40158819211445,0.0004952294630993,train,-3.305193525375647,-3.306095,0.0004942027,0.0009013594967894889,-0.01847217175605209,-0.01843634,3.583114089877881e-05
-2.6,8.762920771795993e-10,2597.67569731618,502.646286170094,38.978559546027874,295.06946514256083,0.000507413760112,train,-3.294637759700644,-3.292448,0.0005099786,0.002189715877401799,-0.011175401054591916,-0.012967683,0.0017922823202898286
-2.8000000000000003,1.104689398918354e-09,2572.8324404304963,485.2307246352714,40.714467773434976,300.93677074401546,0.0005262319003067,train,-3.278822828414432,-3.2769983,0.00052844733,0.0018245469355502308,-0.010094140820818609,-0.0072614974,0.0028326433865899503
0.0,1.0933784852654091e-09,2410.884334287086,539.0569290920441,39.62193192256099,289.3285700165644,0.0004504467020199,train,-3.346356588454078,-3.3423767,0.00045459357,0.003979879469703018,-0.07473492289489059,-0.08146325,0.0067283246427223276
-2.0,1.0050101529814667e-09,2449.206992526188,478.70441149946606,40.80112322251315,299.2329513672896,0.0005194684966777,train,-3.284440785226908,-3.2858064,0.0005178376,0.0013656322383019948,-0.0142068086992726,-0.01345637,0.0007504389490708974
-0.8,9.60969170700449e-10,2766.6918918406623,529.8468751484584,39.61181207182135,297.3307652107198,0.0004788194325649,train,-3.319828232358258,-3.320537,0.00047803854,0.0007088579432554809,-0.03210008082494653,-0.033694785,0.0015947042633541741
-0.4,8.758150413106088e-10,2554.792538970499,492.8309420700668,37.207464786418186,297.95471711920453,0.0004578381284804,train,-3.33928804237552,-3.3389893,0.00045815323,0.00029878456301979384,-0.04634885835965363,-0.04299052,0.0033583377631494216
-3.0,8.762920771795993e-10,2597.67569731618,502.646286170094,38.978559546027874,295.06946514256083,0.0005122820538797,train,-3.2904908579388708,-3.2901137,0.0005127271,0.00037717042361196107,-0.009602074375441916,0.004041256,0.013643330292842037
-0.8,1.0050101529814667e-09,2449.206992526188,478.70441149946606,40.80112322251315,299.2329513672896,0.0004908145278702,train,-3.3090825908503234,-3.311514,0.00048807447,0.0024313099065125243,-0.030570857480181957,-0.032337688,0.0017668304294211623
-2.0,1.2595929862237601e-09,2354.3009197629594,499.1918367180637,40.77134716523017,305.22981462209646,0.000520008906127,train,-3.2839892181946455,-3.2850509,0.0005187393,0.0010616507933915997,-0.013823087768638942,-0.013027617,0.0007954709921129677
-1.0,9.525981103063824e-10,2521.0178569100235,513.1122387074643,39.33447860201831,299.4635962010897,0.0004923521116945,train,-3.307724195054749,-3.313651,0.00048567855,0.005926889845153216,-0.026374831401408727,-0.026746377,0.00037154594749111425
-2.2,1.0933784852654091e-09,2410.884334287086,539.0569290920441,39.62193192256099,289.3285700165644,0.0005209191756672,train,-3.283229655365978,-3.281022,0.00052357384,0.0022075835275989775,-0.012421626555502385,-0.011619136,0.0008024908180832568
-1.4,8.758150413106088e-10,2554.792538970499,492.8309420700668,37.207464786418186,297.95471711920453,0.0004906726250989,train,-3.309208170876074,-3.3101354,0.0004896262,0.0009271936563965966,-0.020459438641367456,-0.019074554,0.0013848850175719463
-2.2,1.1459805246638944e-09,2630.825732937456,497.4739907663986,41.26661222078493,300.2753689300697,0.0005092316905699,train,-3.293084577109161,-3.2898374,0.0005130535,0.003247216727080726,-0.013174573032907588,-0.012848599,0.0003259741503516267
-1.6,1.000096056099185e-09,2446.239819629679,503.61049666576776,43.101977222602514,303.9832024614659,0.0005170602370279,train,-3.2864588590628836,-3.2884905,0.00051464705,0.002031674765851754,-0.01772189780154143,-0.019001625,0.0012797276767262389
-3.0,1.0073410050818803e-09,2574.374612551252,485.6872921198837,42.17824256593523,298.72995545788456,0.0005300371242204,train,-3.275693711004073,-3.2740116,0.00053209404,0.0016820990655963541,-0.009338977321995401,0.004570798,0.01390977533908
-2.4000000000000004,1.0727510291740675e-09,2408.6350240081065,515.7307920217833,36.322106531247385,300.55707391972635,0.0005025206143227,train,-3.298846117981172,-3.2916362,0.00051093276,0.007209889419770743,-0.01169155276557099,-0.014313499,0.0026219466776620237
-0.2,1.013177684158949e-09,2549.0982526102403,506.5025106580401,39.7132385315927,304.62183232922587,0.0004570801432496,train,-3.340007645182868,-3.3441067,0.00045278636,0.0040990290114679695,-0.06231254886617599,-0.06045701,0.0018555390440457842
-1.6,1.066709170571727e-09,2302.646144768272,474.8978179470865,37.69553984942066,294.1521471075916,0.00050299516737,train,-3.2984361874979977,-3.2962534,0.0005055296,0.0021827447337154915,-0.01669756919453569,-0.01782454,0.0011269707201915224
-3.0,1.0705485436227222e-09,2590.7468930890127,531.0534862964538,41.61731424149927,306.85396396460635,0.0005359567142659,train,-3.2708702840284443,-3.272832,0.0005335414,0.0019616327806377676,-0.009794956145926292,0.004381009,0.014175965057804163
-3.0,1.0574423663675307e-09,2585.0385338602478,471.3266920396063,42.543125490608695,301.3994726877767,0.0005267632178066,train,-3.27838455804839,-3.2777276,0.00052756065,0.0006569541360366138,-0.009628233645003093,0.0048341197,0.014462353341173184
-2.6,9.920951194363948e-10,2484.0228854962547,482.5603784265586,38.422268984819695,304.0303353891022,0.0005149940811365,train,-3.2881977623074086,-3.2847273,0.00051912584,0.003470427331212278,-0.011018561414624983,-0.013861848,0.0028432866267902313
-1.4,9.60969170700449e-10,2766.6918918406623,529.8468751484584,39.61181207182135,297.3307652107198,0.0004960626289399,train,-3.3044634894655625,-3.3040562,0.0004965281,0.000407321863023391,-0.02080255649601348,-0.022380125,0.0015775682815419856
-1.8,8.622252758820396e-10,2596.9228583838576,499.2028055441836,37.99663516660689,298.18972265332246,0.0005029989845338,train,-3.2984328917071193,-3.2998872,0.00050131744,0.0014542886212498551,-0.01613288598859519,-0.015421478,0.0007114079108259119
-2.6,1.066709170571727e-09,2302.646144768272,474.8978179470865,37.69553984942066,294.1521471075916,0.000518278812989,train,-3.2854365445659046,-3.2823722,0.0005219486,0.0030643083140735605,-0.010327968292882517,-0.013508088,0.003180119662532732
-1.2000000000000002,1.0040157435828723e-09,2421.1156291426087,502.3421578152334,38.33334239027114,293.10089722857373,0.0005017829849793,train,-3.2994840693165144,-3.301932,0.0004989625,0.0024480271648088525,-0.022026156006953457,-0.02172866,0.00029749509563181675
-1.6,8.599648780937922e-10,2637.8899539670565,501.9551856304757,39.90381821426863,300.9815905741297,0.0004953534812478,train,-3.305084780523662,-3.3024738,0.0004983405,0.002610997030620066,-0.018482372954194304,-0.018612837,0.00013046446471953743
-1.6,8.622252758820396e-10,2596.9228583838576,499.2028055441836,37.99663516660689,298.18972265332246,0.0004990825706918,train,-3.3018275966026134,-3.303178,0.00049753307,0.0013504753730946284,-0.01798722498897476,-0.017364316,0.0006229093003646824
-2.4000000000000004,1.0191682032973931e-09,2560.240612715575,475.6482256289376,41.11142736058992,291.8506686301862,0.0005171858071521,train,-3.286353401734607,-3.282586,0.0005216917,0.0037673040173218375,-0.011795788947567942,-0.013941453,0.0021456638909125303
0.0,9.525981103063824e-10,2521.0178569100235,513.1122387074643,39.33447860201831,299.4635962010897,0.0004438151828521,train,-3.3527978446995528,-3.357574,0.00043896108,0.004776141353914021,-0.08080875822714262,-0.0821196,0.0013108407575757042
-2.0,9.220148370062533e-10,2472.3739758500788,504.5088858703008,41.28793476116813,303.0641722996054,0.000509513500614,train,-3.2928443039745665,-3.2904284,0.0005123557,0.0024159039348936595,-0.014268865431633415,-0.0140017755,0.0002670898986725234
-1.4,1.0705485436227222e-09,2590.7468930890127,531.0534862964538,41.61731424149927,306.85396396460635,0.0005088616071742,train,-3.2934003147415214,-3.2948365,0.00050718157,0.0014362064071602454,-0.020738888561060875,-0.020408496,0.00033039230041786993
-2.8000000000000003,1.1201765668553066e-09,2329.913862262383,487.444276821995,41.61971486534147,298.1037724082114,0.0005396254639001,train,-3.267907564985355,-3.2708921,0.00053592975,0.0029845782641566565,-0.00969145396538984,-0.007044718,0.0026467358302415533
-0.6000000000000001,8.75983736068783e-10,2627.978517028968,489.37942559949954,40.91913452211564,297.20307373531364,0.0004718371930309,train,-3.3262078284113366,-3.3241425,0.00047408644,0.0020653723566490534,-0.03785575307552591,-0.036500234,0.0013555189186789107
-2.0,8.599648780937922e-10,2637.8899539670565,501.9551856304757,39.90381821426863,300.9815905741297,0.0005029447533946,train,-3.2984797179532332,-3.295874,0.0005059713,0.002605599148301607,-0.01488786522544494,-0.013795612,0.001092252845536379
-1.6,1.0732744646319759e-09,2458.1779927472685,500.451348042105,41.29986197643443,296.3385514465405,0.0005066559778413,train,-3.2952868289068133,-3.2919288,0.00051058875,0.0033580607488543635,-0.017330869169317253,-0.01850659,0.0011757211076393048
-2.2,8.220747042076197e-10,2489.354974528123,536.8974000619587,36.589080383233394,294.68809277779184,0.0005016342765712,train,-3.2996127959071324,-3.3006022,0.00050049275,0.0009894017399623145,-0.012900644479229229,-0.012879989,2.065536929585221e-05
-2.6,1.0375673846448864e-09,2379.4103992541063,496.85223216497695,39.047727684139495,305.18782525816323,0.0005192613813474,train,-3.2846139756745147,-3.283294,0.00052084203,0.0013200131958770456,-0.010668374577232242,-0.014163563,0.003495188450745701
-1.4,8.939439783837785e-10,2330.6189292196764,529.359956175692,38.57283152042447,302.4090006102026,0.0004993998623801,train,-3.3015515816634284,-3.303924,0.00049667916,0.0023725020462883606,-0.019720177635127456,-0.019040368,0.0006798091377557824
-1.4,9.16382362452114e-10,2549.3338723326283,483.7915671011157,41.484417545989686,302.7283665488111,0.0004968355887485,train,-3.3037873028405036,-3.301443,0.00049952464,0.002344202864917655,-0.020455921933834276,-0.020350177,0.0001057450928136916
0.0,9.42387899986183e-10,2596.3418775504824,506.9916211367261,42.54178389838287,305.55199671356803,0.000437844254618,train,-3.358680344720881,-3.3537998,0.00044279243,0.004880524774591777,-0.08586046491224408,-0.08491742,0.0009430462535107154
-0.4,9.980121445569454e-10,2387.75545073954,508.7275610680178,38.8972081784186,297.8606493603604,0.0004650221526419,train,-3.332526357774612,-3.3297687,0.00046798436,0.002757700090285642,-0.04494500977124005,-0.0412282,0.00371680853093892
-2.4000000000000004,9.136850961862703e-10,2400.1705034771794,499.3175315176618,39.85562670167986,300.93280864091923,0.0005153021687105,train,-3.287938029755069,-3.284953,0.00051885605,0.002984912384463634,-0.011955928737771515,-0.013316115,0.0013601866266608198
-1.6,1.0285344586119835e-09,2525.852161033123,522.4809638175516,38.89567254871546,292.9930878390376,0.0005000234846365,validation,-3.3010095976469347,-3.299112,0.00050221296,0.0018975161192247292,-0.0176235847711137,-0.018881546,0.0012579615623184992
-2.6,1.0976147775803618e-09,2495.918019735696,486.14991613464105,39.05845567786759,297.2376267822416,0.0005198182239254,validation,-3.284148498956778,-3.2821953,0.0005221613,0.0019531692906404885,-0.010806082730768551,-0.013101344,0.0022952612660542826
-1.0,1.0976147775803618e-09,2495.918019735696,486.14991613464105,39.05845567786759,297.2376267822416,0.0004892405925314,validation,-3.3104775165150957,-3.3074157,0.00049270195,0.0030617927144365176,-0.025751628055422415,-0.02545249,0.0002991371594358583
-1.0,1.0285344586119835e-09,2525.852161033123,522.4809638175516,38.89567254871546,292.9930878390376,0.0004854994441267,validation,-3.3138112630017953,-3.3120847,0.00048743346,0.001726588166590215,-0.026026218732681627,-0.026710637,0.0006844181810947703
0.0,1.0727653122619132e-09,2512.3283017034155,474.34077412964,42.74916053103488,290.5746947786968,0.0004503627785054,validation,-3.3464375101587067,-3.3469863,0.00044979405,0.0005487836340178909,-0.07852237130093798,-0.0828906,0.004368228665111218
-3.0,9.570305915597544e-10,2609.011101819734,467.3507151496423,38.45876893881996,290.3471581734896,0.0005205547600762,validation,-3.283533577876793,-3.2850275,0.00051876716,0.001493926090492259,-0.009308482616475544,0.004199742,0.013508224490365706
-0.6000000000000001,1.050818199825069e-09,2510.995503216453,520.189852554912,38.50508417894045,294.1262317171733,0.0004749040351844,validation,-3.323394140270849,-3.324435,0.00047376723,0.0010408553803959997,-0.036450557231088254,-0.03443964,0.002010918974061582
-0.8,9.570305915597544e-10,2609.011101819734,467.3507151496423,38.45876893881996,290.3471581734896,0.0004786496005172,validation,-3.3199822992145043,-3.319489,0.00047919358,0.0004932969867210701,-0.030709800010116695,-0.031004243,0.00029444258889377295
-1.8,1.1421949243104863e-09,2464.085688286918,515.1290966367517,40.96326376678826,298.8654192354596,0.0005082378961,validation,-3.293932955473148,-3.290854,0.0005118539,0.003078978269778876,-0.015520095970037673,-0.016646594,0.0011264978390901348
-0.8,8.595939611542648e-10,2643.7199291480506,484.396762738386,41.95641496228942,305.9180523366615,0.0004843783996477,validation,-3.3148152320091135,-3.3189955,0.00047973843,0.004180243759929425,-0.032294241582507155,-0.03337289,0.001078648621684053
-0.6000000000000001,8.595939611542648e-10,2643.7199291480506,484.396762738386,41.95641496228942,305.9180523366615,0.0004766228329289,validation,-3.3218251563296763,-3.3260899,0.00047196538,0.00426470267911272,-0.03889213560713678,-0.037450597,0.0014415389169588622
-1.6,9.570305915597544e-10,2609.011101819734,467.3507151496423,38.45876893881996,290.3471581734896,0.0004994906786979,validation,-3.301472611998237,-3.3011858,0.0004998206,0.00028676566950158744,-0.017847886909571287,-0.017710114,0.0001377730116516318
-1.0,9.454134520298419e-10,2570.8338282332857,490.849029568548,38.28868089781682,299.0569098093356,0.0004918702063535,validation,-3.308149482803834,-3.31033,0.00048940687,0.0021804312891835487,-0.026517072836192312,-0.025165357,0.0013517161405403044
-1.4,8.981476672986598e-10,2648.7144938153992,484.4392889131667,39.21209704786501,303.00410991721293,0.0004899459932404,validation,-3.3098517896252537,-3.3108068,0.00048886985,0.0009549616259669769,-0.020585025616581376,-0.020318093,0.0002669328382562952
-1.0,8.981476672986598e-10,2648.7144938153992,484.4392889131667,39.21209704786501,303.00410991721293,0.0004794534427725,validation,-3.31925355852183,-3.320245,0.00047836013,0.0009914690202843524,-0.027124437774839194,-0.027856914,0.0007324765517093823
-1.2000000000000002,1.0727653122619132e-09,2512.3283017034155,474.34077412964,42.74916053103488,290.5746947786968,0.0005038895563832,validation,-3.2976646427399836,-3.2973251,0.00050428364,0.00033950846263985923,-0.022237310502655205,-0.022433542,0.00019623121248990572
-0.2,1.050818199825069e-09,2510.995503216453,520.189852554912,38.50508417894045,294.1262317171733,0.0004554676008144,validation,-3.341542510651394,-3.3417232,0.00045527815,0.000180693007663546,-0.059930129456573056,-0.05840366,0.0015264698446326719
-2.2,1.0285344586119835e-09,2525.852161033123,522.4809638175516,38.89567254871546,292.9930878390376,0.0005104738303817,validation,-3.2920265172639267,-3.2896852,0.0005132332,0.002341267935313418,-0.012886960831234973,-0.012842961,4.40001755457331e-05
0.0,1.0976147775803618e-09,2495.918019735696,486.14991613464105,39.05845567786759,297.2376267822416,0.0004422673483714,validation,-3.3543151224562338,-3.3502376,0.00044643928,0.004077514500301138,-0.07836454361950018,-0.078988306,0.0006237626048459788
-3.0,9.297325788733188e-10,2376.6983706631413,516.0358029995954,38.08606385532588,297.3563844788412,0.0005371356605599,validation,-3.2699160137569225,-3.2820182,0.0005223743,0.0121021709049427,-0.00916542277327892,0.0037831545,0.012948577307454912
-0.4,9.570305915597544e-10,2609.011101819734,467.3507151496423,38.45876893881996,290.3471581734896,0.0004626482593159,validation,-3.3347490674982936,-3.3339584,0.00046349133,0.0007906801234156546,-0.045669527898276385,-0.043602724,0.0020668042699938383
-1.2000000000000002,8.981476672986598e-10,2648.7144938153992,484.4392889131667,39.21209704786501,303.00410991721293,0.0004850312108324,validation,-3.314230314477802,-3.3151467,0.00048400887,0.0009163701688046366,-0.023504422241440892,-0.023344757,0.00015966520606625068
-3.0,1.1154637147520875e-09,2350.383805501934,499.6014506673355,39.64774721352306,306.8220229508652,0.0005328296324662,validation,-3.2734116305744316,-3.277175,0.0005282324,0.0037633190715644638,-0.009020365289286403,0.0038708854,0.012891250642821817
-1.0,9.297325788733188e-10,2376.6983706631413,516.0358029995954,38.08606385532588,297.3563844788412,0.0005010768233711,validation,-3.3000956844952394,-3.3113012,0.00048831356,0.011205546889037965,-0.025609390222342654,-0.025323855,0.00028553546300713606
-0.2,9.663377701466595e-10,2642.527368087266,478.3559331791431,43.40306406282464,301.888862689621,0.0004568584279709,validation,-3.3402183589595134,-3.3406453,0.0004564095,0.00042695430342609697,-0.06418875251973688,-0.061057154,0.0031315984305244626
-2.0,1.0976147775803618e-09,2495.918019735696,486.14991613464105,39.05845567786759,297.2376267822416,0.000511046158951,validation,-3.291539871543655,-3.2894197,0.00051354716,0.002120220512160653,-0.014140290442435699,-0.0122799,0.0018603906515526347
-2.6,1.117839944989197e-09,2400.8118901118505,474.17775422532,39.11984591644459,301.1260229250646,0.0005228109246839,validation,-3.2816553459569047,-3.282247,0.0005220991,0.0005917205408980664,-0.0106352871578963,-0.01400157,0.0033662825527756013
-2.4000000000000004,9.34880998874723e-10,2658.424632928369,469.5577205631138,37.334947088248434,294.43440760000914,0.0005058909266552,validation,-3.29594310975711,-3.2973924,0.0005042056,0.0014492585595404783,-0.012100402543877564,-0.013280033,0.0011796305900464432
-1.6,1.0572981218607252e-09,2430.584690541649,514.3340907827966,41.04225055349912,296.5414644902,0.0005044097949531,validation,-3.2972164886081172,-3.2916563,0.00051090925,0.005560232886071326,-0.0173949014977115,-0.019305326,0.0019104245468479775
-2.4000000000000004,8.981476672986598e-10,2648.7144938153992,484.4392889131667,39.21209704786501,303.00410991721293,0.0005080024341283,validation,-3.294134206759474,-3.2952988,0.000506642,0.0011646080140854664,-0.012257203497144431,-0.013300698,0.0010434947533877192
-2.8000000000000003,8.981476672986598e-10,2648.7144938153992,484.4392889131667,39.21209704786501,303.00410991721293,0.0005133132931664,validation,-3.2896174887607437,-3.29032,0.0005124837,0.0007024308254379719,-0.010446045352146882,-0.0070160665,0.003429978890345353
-0.6000000000000001,1.0727653122619132e-09,2512.3283017034155,474.34077412964,42.74916053103488,290.5746947786968,0.0004847478333857,validation,-3.3144841233544406,-3.3149226,0.0004842587,0.00043844782781032876,-0.036329767274782654,-0.035762567,0.0005672002016758881
-2.6,1.1421949243104863e-09,2464.085688286918,515.1290966367517,40.96326376678826,298.8654192354596,0.0005203439899218,validation,-3.2837094572622894,-3.2797863,0.0005250657,0.003923108919393847,-0.010681107038502446,-0.014506619,0.003825512385125407
-3.0,1.089765313742217e-09,2571.102793798516,524.9230612365601,38.57048554783602,303.1708876105774,0.0005237852768966,validation,-3.280846713341923,-3.2802744,0.000524476,0.0005723221676063872,-0.009576306356031239,0.004146209,0.013722515342671215
0.0,9.454134520298419e-10,2570.8338282332857,490.849029568548,38.28868089781682,299.0569098093356,0.0004430485839494,validation,-3.353548647176004,-3.3536186,0.0004429772,6.99746501680032e-05,-0.0810403180121213,-0.08026673,0.0007735890148907743
-2.4000000000000004,1.0727653122619132e-09,2512.3283017034155,474.34077412964,42.74916053103488,290.5746947786968,0.0005264984061704,validation,-3.2786029391839993,-3.278007,0.0005272213,0.0005959086969387073,-0.011678859759122417,-0.013327188,0.0016483280993995209
-1.6,9.297325788733188e-10,2376.6983706631413,516.0358029995954,38.08606385532588,297.3563844788412,0.0005158323079658,validation,-3.2874914603139125,-3.2990503,0.0005022844,0.011558870801810173,-0.017426675989051787,-0.017863039,0.00043636293826487815
-2.4000000000000004,1.0572981218607252e-09,2430.584690541649,514.3340907827966,41.04225055349912,296.5414644902,0.0005177875876096,validation,-3.285848364672235,-3.2796729,0.00052520295,0.006175503572992014,-0.011768365387089474,-0.0140079,0.0022395345231220887
-0.2,1.089765313742217e-09,2571.102793798516,524.9230612365601,38.57048554783602,303.1708876105774,0.0004531527892816,validation,-3.3437553424593442,-3.3399568,0.0004571337,0.003798582052850108,-0.06261021705146952,-0.057645753,0.004964464025460913
-0.4,9.454134520298419e-10,2570.8338282332857,490.849029568548,38.28868089781682,299.0569098093356,0.0004689578684614,validation,-3.328866172885416,-3.3297162,0.00046804087,0.0008500327115079642,-0.04664154834776291,-0.042064726,0.004576821995071256
-1.8,9.570305915597544e-10,2609.011101819734,467.3507151496423,38.45876893881996,290.3471581734896,0.0005033765658843,validation,-3.2981070063959788,-3.297824,0.0005037048,0.00028310045115453875,-0.015970947116201728,-0.015770128,0.000200819119399398
-0.8,1.0285344586119835e-09,2525.852161033123,522.4809638175516,38.89567254871546,292.9930878390376,0.0004793047936909,validation,-3.3193882274590885,-3.3178668,0.00048098684,0.0015214252435122866,-0.03047003005601745,-0.031010017,0.0005399867429556338
-2.2,1.050818199825069e-09,2510.995503216453,520.189852554912,38.50508417894045,294.1262317171733,0.0005131900863077,validation,-3.2897217418205833,-3.2903945,0.0005123957,0.0006728027808571291,-0.012853298756118292,-0.012576858,0.0002764411743836348
-2.4000000000000004,1.117839944989197e-09,2400.8118901118505,474.17775422532,39.11984591644459,301.1260229250646,0.0005201568223539,validation,-3.283865700951574,-3.285099,0.0005186818,0.0012333285894414736,-0.011531445154489006,-0.013347466,0.001816020390450035
-2.2,1.117839944989197e-09,2400.8118901118505,474.17775422532,39.11984591644459,301.1260229250646,0.000517287609533,validation,-3.2862679240187003,-3.2875497,0.0005157631,0.0012818100969003154,-0.01258306254158903,-0.011681989,0.0009010737062542518
-2.8000000000000003,9.570305915597544e-10,2609.011101819734,467.3507151496423,38.45876893881996,290.3471581734896,0.000518232986833,validation,-3.285474946534303,-3.2852685,0.0005184793,0.00020640138354632853,-0.010105203958628906,-0.0069243847,0.003180819219378961
-2.8000000000000003,9.297325788733188e-10,2376.6983706631413,516.0358029995954,38.08606385532588,297.3563844788412,0.0005347789678738,validation,-3.2718256812828383,-3.2823691,0.00052195234,0.010543455527464385,-0.009931252485881004,-0.0076158633,0.002315389140317592
-1.8,1.050818199825069e-09,2510.995503216453,520.189852554912,38.50508417894045,294.1262317171733,0.0005065692935053,validation,-3.2953611391909106,-3.2960682,0.00050574524,0.0007070523374097526,-0.015591825500624878,-0.016681148,0.0010893222386663126
-2.6,1.050818199825069e-09,2510.995503216453,520.189852554912,38.50508417894045,294.1262317171733,0.0005187924779579,validation,-3.2850063294365683,-3.2847843,0.00051905774,0.00022201241996677723,-0.010858728800029027,-0.014591183,0.003732453782051337
-1.8,9.454134520298419e-10,2570.8338282332857,490.849029568548,38.28868089781682,299.0569098093356,0.0005107039876789,validation,-3.2918307510730274,-3.2951372,0.00050683063,0.0033064159039013497,-0.01604465085476292,-0.015029756,0.0010148945024575085
-2.6,9.34880998874723e-10,2658.424632928369,469.5577205631138,37.334947088248434,294.43440760000914,0.0005085977886588,validation,-3.293625532432761,-3.294629,0.0005074239,0.0010035645521022651,-0.011142379688516613,-0.013372735,0.0022303554318394703
-1.8,9.297325788733188e-10,2376.6983706631413,516.0358029995954,38.08606385532588,297.3563844788412,0.0005197510424427,validation,-3.2842046309495316,-3.2956223,0.0005062647,0.011417717835868757,-0.015609137663377126,-0.016216792,0.0006076545028559366
-2.6,1.1154637147520875e-09,2350.383805501934,499.6014506673355,39.64774721352306,306.8220229508652,0.0005280438750458,validation,-3.2773299905369506,-3.2796962,0.00052517466,0.002366235583044496,-0.01062598251739999,-0.013717573,0.0030915906186912423
-0.2,8.981476672986598e-10,2648.7144938153992,484.4392889131667,39.21209704786501,303.00410991721293,0.0004455557776213,validation,-3.351097920365993,-3.3520758,0.00044455365,0.0009778948348126981,-0.06349029568774966,-0.06133497,0.0021553243492391516
-1.2000000000000002,1.1421949243104863e-09,2464.085688286918,515.1290966367517,40.96326376678826,298.8654192354596,0.0004953312398543,validation,-3.3051042808031412,-3.302287,0.0004985548,0.002817179057535757,-0.022518253332254545,-0.022051325,0.0004669282643767758
-1.6,1.0727653122619132e-09,2512.3283017034155,474.34077412964,42.74916053103488,290.5746947786968,0.0005130064000394,validation,-3.2898772167898263,-3.2893162,0.00051366957,0.0005610394216621906,-0.01724147219375638,-0.018589221,0.0013477487473103622
-2.0,1.0285344586119835e-09,2525.852161033123,522.4809638175516,38.89567254871546,292.9930878390376,0.0005073172539448,validation,-3.2947203670033285,-3.2923443,0.0005101004,0.0023760352619954794,-0.014168375263313493,-0.014225497,5.7121647198954406e-05
-0.2,9.570305915597544e-10,2609.011101819734,467.3507151496423,38.45876893881996,290.3471581734896,0.0004519465056473,validation,-3.3449129671290483,-3.3441772,0.0004527128,0.0007357210352982868,-0.060137261063928804,-0.06006465,7.260999190350503e-05
-1.0,9.663377701466595e-10,2642.527368087266,478.3559331791431,43.40306406282464,301.888862689621,0.0004919537030824,validation,-3.3080757660170037,-3.3077824,0.0004922861,0.0002933544416863221,-0.027386058894878218,-0.029882593,0.0024965341855232026
-0.4,9.663377701466595e-10,2642.527368087266,478.3559331791431,43.40306406282464,301.888862689621,0.0004682939353904,validation,-3.329481466483431,-3.3301103,0.00046761634,0.0006288450247478039,-0.048141287866350524,-0.045778766,0.0023625215918983145
-1.8,1.1154637147520875e-09,2350.383805501934,499.6014506673355,39.64774721352306,306.8220229508652,0.0005157698062424,validation,-3.287544085552348,-3.2899158,0.00051296083,0.0023717145422565977,-0.015469413825071499,-0.015357771,0.00011164286801879086
-3.0,9.34880998874723e-10,2658.424632928369,469.5577205631138,37.334947088248434,294.43440760000914,0.0005134471829568,validation,-3.289504224569463,-3.2922711,0.00051018636,0.002766912668085819,-0.009516063464170443,0.0044258824,0.013941945825999724
-2.8000000000000003,1.0976147775803618e-09,2495.918019735696,486.14991613464105,39.05845567786759,297.2376267822416,0.0005223048849555,validation,-3.2820759123224987,-3.2800767,0.0005247147,0.001999170150257523,-0.009971222051589734,-0.0069053113,0.0030659107986679146
-2.8000000000000003,1.117839944989197e-09,2400.8118901118505,474.17775422532,39.11984591644459,301.1260229250646,0.0005252770349463,validation,-3.2796115860884156,-3.2799904,0.000524819,0.0003788485581908141,-0.009847010374661735,-0.007332873,0.002514137309637121
-1.2000000000000002,1.0572981218607252e-09,2430.584690541649,514.3340907827966,41.04225055349912,296.5414644902,0.0004953750847,validation,-3.305065840401404,-3.299925,0.00050127367,0.005140751518957654,-0.022370551532345573,-0.023102969,0.0007324173988525473
-0.8,1.089765313742217e-09,2571.102793798516,524.9230612365601,38.57048554783602,303.1708876105774,0.0004807814885113,validation,-3.3180522622868542,-3.316359,0.0004826596,0.0016932191655163464,-0.03152325624284735,-0.030551285,0.0009719716912268694
-2.2,1.1154637147520875e-09,2350.383805501934,499.6014506673355,39.64774721352306,306.8220229508652,0.0005224433424605,validation,-3.2819608007019694,-3.2848341,0.0005189982,0.002873345797664406,-0.012676074758553924,-0.011092008,0.0015840666670445813
-1.8,1.0727653122619132e-09,2512.3283017034155,474.34077412964,42.74916053103488,290.5746947786968,0.0005168594453327,validation,-3.2866275428162184,-3.2857928,0.0005178538,0.0008347152100172117,-0.015444500676382589,-0.01641419,0.0009696890348305232
-2.6,9.570305915597544e-10,2609.011101819734,467.3507151496423,38.45876893881996,290.3471581734896,0.0005157323103103,validation,-3.287575659460245,-3.2874098,0.0005159293,0.0001658770505770235,-0.010957709052862086,-0.013295717,0.0023380075532184463
-1.4,9.570305915597544e-10,2609.011101819734,467.3507151496423,38.45876893881996,290.3471581734896,0.0004951694457317,validation,-3.305246161159807,-3.3048654,0.00049560383,0.0003808008997974177,-0.020082547082955315,-0.019165667,0.0009168803090400246
-1.4,8.595939611542648e-10,2643.7199291480506,484.396762738386,41.95641496228942,305.9180523366615,0.0005019310349095,validation,-3.2993559506155212,-3.303092,0.00049763167,0.003736052253131117,-0.02097405469135971,-0.021018524,4.446903152732773e-05
-2.4000000000000004,1.089765313742217e-09,2571.102793798516,524.9230612365601,38.57048554783602,303.1708876105774,0.0005160230543006,validation,-3.2873308950164497,-3.286011,0.00051759375,0.001319914410370604,-0.012209785537447004,-0.014323746,0.0021139603167519283
-2.0,1.089765313742217e-09,2571.102793798516,524.9230612365601,38.57048554783602,303.1708876105774,0.0005097154252194,validation,-3.292672223412859,-3.2912796,0.00051135255,0.0013926690457934932,-0.014681639555826465,-0.014012345,0.0006692944429662617
0.0,8.595939611542648e-10,2643.7199291480506,484.396762738386,41.95641496228942,305.9180523366615,0.0004401098938912,validation,-3.3564388681694917,-3.358609,0.00043791623,0.002170092935855017,-0.0870232782316549,-0.08136633,0.005656947846446769
-2.4000000000000004,1.1154637147520875e-09,2350.383805501934,499.6014506673355,39.64774721352306,306.8220229508652,0.0005253592096153,validation,-3.279543650100948,-3.2824824,0.00052181626,0.0029387355344279165,-0.011577025412544018,-0.012951422,0.001374396138862366
-2.2,9.570305915597544e-10,2609.011101819734,467.3507151496423,38.45876893881996,290.3471581734896,0.0005100945220797,validation,-3.2923493403451762,-3.2925208,0.00050989323,0.00017142114469193004,-0.013065507490772177,-0.011574262,0.001491245668965746
-0.2,9.454134520298419e-10,2570.8338282332857,490.849029568548,38.28868089781682,299.0569098093356,0.0004578529357213,validation,-3.3392739968021448,-3.339632,0.00045747563,0.00035803749961305087,-0.0617061857264698,-0.058631595,0.003074590502327723
-1.4,1.0976147775803618e-09,2495.918019735696,486.14991613464105,39.05845567786759,297.2376267822416,0.0004994428809543,validation,-3.301514172913091,-3.298883,0.000502478,0.002631211639897657,-0.019730020799888948,-0.018243724,0.0014862963196176082
-0.2,1.117839944989197e-09,2400.8118901118505,474.17775422532,39.11984591644459,301.1260229250646,0.0004595674242439,validation,-3.337650763213773,-3.3385866,0.00045857823,0.0009358056186243857,-0.05971775768599663,-0.05842562,0.001292137487746814
0.0,1.0572981218607252e-09,2430.584690541649,514.3340907827966,41.04225055349912,296.5414644902,0.0004428197214009,validation,-3.3537730456414168,-3.3501773,0.00044650128,0.0035957575859968394,-0.07861137116018924,-0.08333794,0.004726569115479862
-1.8,8.595939611542648e-10,2643.7199291480506,484.396762738386,41.95641496228942,305.9180523366615,0.0005106056815161,validation,-3.2919143571045,-3.2952778,0.0005066665,0.0033634768340986554,-0.01665267849424268,-0.017524287,0.0008716086103639498
-0.4,1.1154637147520875e-09,2350.383805501934,499.6014506673355,39.64774721352306,306.8220229508652,0.0004750033878962,validation,-3.3233032928185486,-3.3240619,0.00047417442,0.0007585777564025342,-0.044789218346817705,-0.040291596,0.0044976221427752705
-0.8,8.981476672986598e-10,2648.7144938153992,484.4392889131667,39.21209704786501,303.00410991721293,0.0004730640117204,validation,-3.3250800895877375,-3.3263152,0.0004717206,0.0012350749783025528,-0.031850419594091406,-0.032834012,0.0009835924672660923
-0.6000000000000001,9.454134520298419e-10,2570.8338282332857,490.849029568548,38.28868089781682,299.0569098093356,0.000477950172335,validation,-3.32061737746304,-3.3222196,0.00047619012,0.001602232751193533,-0.037533858961470656,-0.034247573,0.003286285496361785
-1.2000000000000002,1.0285344586119835e-09,2525.852161033123,522.4809638175516,38.89567254871546,292.9930878390376,0.0004909330385862,validation,-3.308977739966015,-3.3071873,0.00049296115,0.001790421164135303,-0.022669904310243183,-0.022482373,0.00018753148986583312
0.0,9.570305915597544e-10,2609.011101819734,467.3507151496423,38.45876893881996,290.3471581734896,0.0004377196346672,validation,-3.358803971923865,-3.3584118,0.0004381151,0.00039218298343524083,-0.07877278688424383,-0.081210755,0.002437967927519935
-1.4,1.0285344586119835e-09,2525.852161033123,522.4809638175516,38.89567254871546,292.9930878390376,0.0004957431234352,validation,-3.304743301277697,-3.3029811,0.0004977587,0.0017621630483271034,-0.019920355797703237,-0.019888025,3.233102052924153e-05
-3.0,1.050818199825069e-09,2510.995503216453,520.189852554912,38.50508417894045,294.1262317171733,0.0005236105088605,validation,-3.280991645745562,-3.282095,0.000522282,0.0011033096987738134,-0.009263609782351523,0.0040243277,0.013287937514974146
-2.6,1.0572981218607252e-09,2430.584690541649,514.3340907827966,41.04225055349912,296.5414644902,0.000520481970245,validation,-3.2835943100703067,-3.2767074,0.0005288014,0.006886899257928736,-0.01083176890856663,-0.014429838,0.0035980694880421993
-3.0,8.595939611542648e-10,2643.7199291480506,484.396762738386,41.95641496228942,305.9180523366615,0.0005289250588757,validation,-3.276605856929522,-3.2811983,0.00052336144,0.004592406238812963,-0.009884130476885744,0.004622066,0.014506196404719063
-1.2000000000000002,1.050818199825069e-09,2510.995503216453,520.189852554912,38.50508417894045,294.1262317171733,0.0004937369998207,validation,-3.3065043262626213,-3.307457,0.00049265515,0.0009526439522224983,-0.02239983124910694,-0.021958595,0.00044123610733848295
0.0,8.981476672986598e-10,2648.7144938153992,484.4392889131667,39.21209704786501,303.00410991721293,0.0004306890715001,validation,-3.3658361480828085,-3.366477,0.000430054,0.0006408645514688338,-0.08389198148041288,-0.081584096,0.002307885525517861
-2.6,8.595939611542648e-10,2643.7199291480506,484.396762738386,41.95641496228942,305.9180523366615,0.0005237414363658,validation,-3.2808830650652347,-3.2838056,0.0005202288,0.002922543684154899,-0.011555982557792888,-0.014748267,0.00319228434030272
-2.4000000000000004,9.570305915597544e-10,2609.011101819734,467.3507151496423,38.45876893881996,290.3471581734896,0.0005130290645771,validation,-3.2898580301554476,-3.2901275,0.00051271083,0.0002694856373990362,-0.011934202212326994,-0.012835862,0.0009016599026985261
-1.0,1.1421949243104863e-09,2464.085688286918,515.1290966367517,40.96326376678826,298.8654192354596,0.0004898777878614,validation,-3.309912251966248,-3.3071382,0.0004930169,0.0027740473916630926,-0.02594580043777306,-0.0267486,0.000802799046789815
-2.8000000000000003,1.089765313742217e-09,2571.102793798516,524.9230612365601,38.57048554783602,303.1708876105774,0.0005213851246896,validation,-3.2828413635730973,-3.2805996,0.0005240834,0.0022417694568863666,-0.010370195955715644,-0.007750115,0.0026200810640375494
-0.4,8.981476672986598e-10,2648.7144938153992,484.4392889131667,39.21209704786501,303.00410991721293,0.0004566252996251,validation,-3.3404400298077084,-3.3415463,0.00045546363,0.0011062672656558803,-0.047760485016317133,-0.045380402,0.002380082659930949
-2.0,8.595939611542648e-10,2643.7199291480506,484.396762738386,41.95641496228942,305.9180523366615,0.0005143273436895,validation,-3.2887603862412425,-3.2920973,0.0005103906,0.0033369438521413386,-0.015036363554928656,-0.01415125,0.0008851135427097034
-0.8,1.1421949243104863e-09,2464.085688286918,515.1290966367517,40.96326376678826,298.8654192354596,0.000483634639637,validation,-3.315482600978251,-3.312986,0.000486423,0.0024967039140419978,-0.030453079908843605,-0.0316052,0.001152119070534141
-1.4,1.0727653122619132e-09,2512.3283017034155,474.34077412964,42.74916053103488,290.5746947786968,0.0005087165518826,validation,-3.2935241316937205,-3.2931433,0.0005091629,0.00038085929381814765,-0.01946856487539428,-0.019719597,0.0002510320768056573
-2.0,9.297325788733188e-10,2376.6983706631413,516.0358029995954,38.08606385532588,297.3563844788412,0.0005233017592336,validation,-3.281247805248562,-3.2926438,0.0005097488,0.011395980228122493,-0.014089295683360703,-0.013429453,0.0006598430182105375
-2.2,9.663377701466595e-10,2642.527368087266,478.3559331791431,43.40306406282464,301.888862689621,0.0005184673129585,validation,-3.285278618733445,-3.2839477,0.0005200586,0.0013309125109106645,-0.013419619890395751,-0.012446525,0.0009730953150430821
-0.8,9.34880998874723e-10,2658.424632928369,469.5577205631138,37.334947088248434,294.43440760000914,0.0004714539826321,validation,-3.326560691185963,-3.3288531,0.00046897196,0.0022924391546133016,-0.03130101329294277,-0.03312735,0.0018263355770962164
-2.4000000000000004,8.595939611542648e-10,2643.7199291480506,484.396762738386,41.95641496228942,305.9180523366615,0.0005208516388099,validation,-3.2832859650342545,-3.2868392,0.00051660754,0.003553281715623413,-0.012541866543232416,-0.014316321,0.001774454807401682
-2.0,1.1154637147520875e-09,2350.383805501934,499.6014506673355,39.64774721352306,306.8220229508652,0.0005192612566061,validation,-3.28461408000437,-3.287129,0.00051626307,0.0025148453191161657,-0.013958212125945835,-0.012376211,0.00158200147365406
-0.2,1.0976147775803618e-09,2495.918019735696,486.14991613464105,39.05845567786759,297.2376267822416,0.0004565264869584,validation,-3.340534020306743,-3.3365164,0.0004607694,0.004017639996684252,-0.0594464778754098,-0.057384208,0.002062270030675606
0.0,9.297325788733188e-10,2376.6983706631413,516.0358029995954,38.08606385532588,297.3563844788412,0.0004532308887747,validation,-3.343680499586954,-3.3535647,0.00044303216,0.009884239640340908,-0.07748082432195247,-0.08124715,0.003766326576027268
-2.6,9.454134520298419e-10,2570.8338282332857,490.849029568548,38.28868089781682,299.0569098093356,0.0005233643346163,validation,-3.2811958762836295,-3.2852223,0.00051853457,0.004026415662781613,-0.011089042756028178,-0.012780943,0.0016919001980948423
0.0,1.1154637147520875e-09,2350.383805501934,499.6014506673355,39.64774721352306,306.8220229508652,0.0004495588854154,validation,-3.3472134141954433,-3.34742,0.00044934513,0.0002065629926670809,-0.07955837187146031,-0.07993713,0.00037875834132350406
-0.4,8.595939611542648e-10,2643.7199291480506,484.396762738386,41.95641496228942,305.9180523366615,0.000467334576026,validation,-3.330372086251968,-3.334134,0.00046330385,0.003762015615707881,-0.048486721343172334,-0.044336233,0.004150488055122636
-2.6,1.0285344586119835e-09,2525.852161033123,522.4809638175516,38.89567254871546,292.9930878390376,0.0005160552026766,validation,-3.287303839195422,-3.2839692,0.00052003295,0.003334675300768808,-0.010872972665394443,-0.0148106795,0.0039377068150390215
-0.4,1.117839944989197e-09,2400.8118901118505,474.17775422532,39.11984591644459,301.1260229250646,0.0004703297853272,validation,-3.327597517121156,-3.3287013,0.000469136,0.0011037405845324422,-0.045079214985740634,-0.04203094,0.003048273290765735
-0.2,8.595939611542648e-10,2643.7199291480506,484.396762738386,41.95641496228942,305.9180523366615,0.0004558061232338,validation,-3.3412198448669455,-3.3444088,0.00045247152,0.003188905667112163,-0.06516695479380807,-0.059945505,0.005221449681398482
-2.0,1.0572981218607252e-09,2430.584690541649,514.3340907827966,41.04225055349912,296.5414644902,0.0005117001898832,validation,-3.290984421868589,-3.2848427,0.00051898794,0.006141692300107415,-0.0140893709991321,-0.0139492545,0.0001401164714440739
-0.8,9.297325788733188e-10,2376.6983706631413,516.0358029995954,38.08606385532588,297.3563844788412,0.0004947838658911,validation,-3.3055844704590593,-3.3167932,0.00048217733,0.011208732894822493,-0.029957530385216202,-0.029494252,0.00046327832933279467
-1.4,9.454134520298419e-10,2570.8338282332857,490.849029568548,38.28868089781682,299.0569098093356,0.0005023703017855,validation,-3.298976042343921,-3.3018456,0.00049906195,0.0028695081931884303,-0.020103536632264607,-0.018239517,0.0018640198673853803
0.0,9.34880998874723e-10,2658.424632928369,469.5577205631138,37.334947088248434,294.43440760000914,0.0004306210087671,validation,-3.365904786010319,-3.3691986,0.00042736746,0.003293774704402619,-0.07935687179575623,-0.081661865,0.0023049933194094763
-1.6,1.1421949243104863e-09,2464.085688286918,515.1290966367517,40.96326376678826,298.8654192354596,0.0005044183104766,validation,-3.2972091568439708,-3.2943935,0.00050769915,0.002815617415259819,-0.017429987900495547,-0.018516116,0.0010861279437541782
-2.2,8.981476672986598e-10,2648.7144938153992,484.4392889131667,39.21209704786501,303.00410991721293,0.0005050230166755,validation,-3.2966888282429796,-3.2978044,0.00050372747,0.0011155273783582942,-0.013375187255679322,-0.012218731,0.0011564558001744274
-0.4,1.0727653122619132e-09,2512.3283017034155,474.34077412964,42.74916053103488,290.5746947786968,0.0004759125556096,validation,-3.322472837415916,-3.3226242,0.0004757467,0.000151369127052714,-0.045274953721186506,-0.042726222,0.002548731295487272
-3.0,8.981476672986598e-10,2648.7144938153992,484.4392889131667,39.21209704786501,303.00410991721293,0.0005156944664141,validation,-3.287607528703262,-3.2900987,0.0005127449,0.0024911384415133853,-0.009653555222675081,0.0044799307,0.014133485958799596
-1.4,1.089765313742217e-09,2571.102793798516,524.9230612365601,38.57048554783602,303.1708876105774,0.0004977501401476,validation,-3.302988609019647,-3.3017483,0.0004991737,0.0012403332628112551,-0.02037488296219614,-0.019474326,0.0009005572606017864
-1.2000000000000002,9.570305915597544e-10,2609.011101819734,467.3507151496423,38.45876893881996,290.3471581734896,0.0004903366653061,validation,-3.309505630831419,-3.308954,0.00049095985,0.0005516303583963378,-0.02278768701470746,-0.02198467,0.0008030167034949187
-1.6,8.595939611542648e-10,2643.7199291480506,484.396762738386,41.95641496228942,305.9180523366615,0.0005064989418129,validation,-3.2954214576389393,-3.299024,0.0005023147,0.00360264743308214,-0.018603983777552457,-0.019722506,0.0011185226263705772
-1.6,9.663377701466595e-10,2642.527368087266,478.3559331791431,43.40306406282464,301.888862689621,0.0005073699428368,validation,-3.294675264443355,-3.2935448,0.0005086924,0.0011304951562456367,-0.018448998488889146,-0.0201719,0.0017229008596082451
-1.8,1.089765313742217e-09,2571.102793798516,524.9230612365601,38.57048554783602,303.1708876105774,0.0005061143349477,validation,-3.295751361761518,-3.2943835,0.0005077109,0.0013678359131295004,-0.016236193566321333,-0.016884703,0.0006485096228132647
-1.2000000000000002,1.1154637147520875e-09,2350.383805501934,499.6014506673355,39.64774721352306,306.8220229508652,0.0005028268953068,validation,-3.2985815007336083,-3.3005571,0.0005005447,0.001975635802036191,-0.022150525017959666,-0.020684281,0.0014662436538763757
0.0,1.0285344586119835e-09,2525.852161033123,522.4809638175516,38.89567254871546,292.9930878390376,0.000438646668565,validation,-3.357885164673893,-3.356004,0.0004405508,0.001881164963810189,-0.07735924774708991,-0.08228384,0.004924591836307002
-1.6,1.0976147775803618e-09,2495.918019735696,486.14991613464105,39.05845567786759,297.2376267822416,0.0005037216377964,validation,-3.2978093932484187,-3.295376,0.0005065519,0.0024333308552302313,-0.01751713994046611,-0.016912844,0.0006042959084169297
-0.8,1.0976147775803618e-09,2495.918019735696,486.14991613464105,39.05845567786759,297.2376267822416,0.0004830565187591,validation,-3.3160020527905427,-3.3129694,0.00048644142,0.0030326066082917436,-0.030198960389956397,-0.03000902,0.00018994027005092562
-1.0,1.1154637147520875e-09,2350.383805501934,499.6014506673355,39.64774721352306,306.8220229508652,0.0004973792138757,validation,-3.3033123684181382,-3.3051064,0.0004953288,0.0017940330253432002,-0.025592239003204398,-0.02505531,0.0005369292456141039
-2.0,9.663377701466595e-10,2642.527368087266,478.3559331791431,43.40306406282464,301.888862689621,0.000515122676431,validation,-3.288089331439393,-3.2865436,0.00051695935,0.0015457237276010893,-0.014807715520605669,-0.014090899,0.0007168161425443742
-3.0,1.1421949243104863e-09,2464.085688286918,515.1290966367517,40.96326376678826,298.8654192354596,0.0005250974872222,validation,-3.27976005996117,-3.2771547,0.00052825705,0.002605375894397355,-0.009114593168048302,0.00423649,0.01335108316808764
-1.8,1.0572981218607252e-09,2430.584690541649,514.3340907827966,41.04225055349912,296.5414644902,0.000508232689458,validation,-3.293937404624795,-3.2879767,0.00051525625,0.005960662834023633,-0.015580166848820909,-0.017254582,0.0016744148261125247
-3.0,1.0976147775803618e-09,2495.918019735696,486.14991613464105,39.05845567786759,297.2376267822416,0.0005246141374034,validation,-3.2801600101361417,-3.279816,0.00052502996,0.0003440978894375668,-0.009187799811988029,0.003994431,0.013182230692981634
-3.0,1.0285344586119835e-09,2525.852161033123,522.4809638175516,38.89567254871546,292.9930878390376,0.0005208541145508,validation,-3.2832839007265395,-3.281252,0.0005232968,0.0020319933779067156,-0.009275082609171648,0.004092799,0.013367881643141288
-0.4,9.297325788733188e-10,2376.6983706631413,516.0358029995954,38.08606385532588,297.3563844788412,0.0004786111852265,validation,-3.3200171560665326,-3.3302193,0.00046749905,0.010202112732295543,-0.044844711563319706,-0.039958276,0.004886435708732151
-1.8,1.0976147775803618e-09,2495.918019735696,486.14991613464105,39.05845567786759,297.2376267822416,0.0005075661875478,validation,-3.2945073169369046,-3.2921646,0.00051031157,0.0023427528042141432,-0.015673804261910007,-0.015051286,0.0006225185256472088
-0.8,1.0727653122619132e-09,2512.3283017034155,474.34077412964,42.74916053103488,290.5746947786968,0.0004921064637781,validation,-3.307940930506003,-3.3081484,0.00049187144,0.00020745358823548443,-0.03016266864914563,-0.03183144,0.0016687709353480074
-2.6,9.663377701466595e-10,2642.527368087266,478.3559331791431,43.40306406282464,301.888862689621,0.0005243483042081,validation,-3.2803801322067083,-3.2782822,0.0005268874,0.0020979666793645713,-0.011241525550753195,-0.014942338,0.003700812208085935
-2.2,9.297325788733188e-10,2376.6983706631413,516.0358029995954,38.08606385532588,297.3563844788412,0.000526539658373,validation,-3.278568912676187,-3.2901354,0.0005127015,0.011566470929770034,-0.012802044561567527,-0.012128403,0.0006736411512520135
-2.2,1.089765313742217e-09,2571.102793798516,524.9230612365601,38.57048554783602,303.1708876105774,0.0005130046409983,validation,-3.2898787059391874,-3.2886598,0.00051444647,0.0012188949192899479,-0.0133533209910226,-0.012672662,0.0006806591873598222
-0.6000000000000001,1.0976147775803618e-09,2495.918019735696,486.14991613464105,39.05845567786759,297.2376267822416,0.0004758202264351,validation,-3.3225571006710783,-3.3193917,0.00047930094,0.0031653732235685794,-0.036336196288818456,-0.034152094,0.002184102014059164
-2.2,8.595939611542648e-10,2643.7199291480506,484.396762738386,41.95641496228942,305.9180523366615,0.0005177262535455,validation,-3.2858998116825284,-3.289477,0.00051347923,0.003577298226529191,-0.013686053017471167,-0.012599804,0.001086248578820559
-2.8000000000000003,9.663377701466595e-10,2642.527368087266,478.3559331791431,43.40306406282464,301.888862689621,0.0005269569378308,validation,-3.2782248732629338,-3.2758949,0.00052979164,0.002329992968133965,-0.010370541427384694,-0.007583467,0.002787074603240569
-0.6000000000000001,1.0572981218607252e-09,2430.584690541649,514.3340907827966,41.04225055349912,296.5414644902,0.0004765048195289,validation,-3.321932702403994,-3.3179,0.00048095014,0.004032760005922675,-0.03630267005376986,-0.036144506,0.00015816386752298683
-1.0,1.050818199825069e-09,2510.995503216453,520.189852554912,38.50508417894045,294.1262317171733,0.0004883290509135,validation,-3.3112874385744986,-3.3122494,0.0004872486,0.0009619834988656706,-0.02581410610043733,-0.02618917,0.0003750646773603705
-1.6,1.089765313742217e-09,2571.102793798516,524.9230612365601,38.57048554783602,303.1708876105774,0.0005021498059039,validation,-3.299166700839388,-3.2979507,0.00050355773,0.0012159562104816501,-0.018093118145323217,-0.018580483,0.0004873651273484825
-2.2,9.34880998874723e-10,2658.424632928369,469.5577205631138,37.334947088248434,294.43440760000914,0.0005029609950563,validation,-3.298465693450312,-3.2999187,0.0005012811,0.001452958130498505,-0.013214989783470799,-0.012417557,0.0007974330654789696
-1.4,9.34880998874723e-10,2658.424632928369,469.5577205631138,37.334947088248434,294.43440760000914,0.0004880670129519,validation,-3.311520544068705,-3.3131316,0.00048625987,0.0016110267473350426,-0.020447327973252882,-0.020671353,0.0002240247708495957
-0.4,9.34880998874723e-10,2658.424632928369,469.5577205631138,37.334947088248434,294.43440760000914,0.0004553934632391,validation,-3.341613207580259,-3.3442004,0.00045268866,0.0025871651156639253,-0.04636816054334858,-0.04567429,0.0006938700353167349
-2.8000000000000003,1.0285344586119835e-09,2525.852161033123,522.4809638175516,38.89567254871546,292.9930878390376,0.0005185416035792,validation,-3.285216393604677,-3.2815862,0.0005228942,0.0036302234081437845,-0.0100498461722065,-0.0077811535,0.002268692627422908
-2.2,9.454134520298419e-10,2570.8338282332857,490.849029568548,38.28868089781682,299.0569098093356,0.0005175785342716,validation,-3.286023743623568,-3.2900999,0.0005127435,0.004076115614102704,-0.013204996974556238,-0.010967837,0.002237160259275228
-3.0,1.0727653122619132e-09,2512.3283017034155,474.34077412964,42.74916053103488,290.5746947786968,0.0005340778694295,validation,-3.272395417506946,-3.2726457,0.00053377013,0.00025029439185786373,-0.009155218622456829,0.0044860127,0.01364123136065487
-0.4,1.0285344586119835e-09,2525.852161033123,522.4809638175516,38.89567254871546,292.9930878390376,0.0004633476496288,validation,-3.3340930356337637,-3.3319776,0.0004656101,0.0021154298140615424,-0.04550483153737339,-0.041864887,0.003639944657452432
-1.2000000000000002,8.595939611542648e-10,2643.7199291480506,484.396762738386,41.95641496228942,305.9180523366615,0.000496808388829,validation,-3.303811079515483,-3.3075542,0.00049254484,0.0037431654796340474,-0.023878772702879303,-0.023931082,5.2309635215408434e-05
-2.4000000000000004,9.663377701466595e-10,2642.527368087266,478.3559331791431,43.40306406282464,301.888862689621,0.0005215290646326,validation,-3.282721483483235,-3.2813337,0.0005231983,0.0013877985619701327,-0.012246216316841085,-0.014273333,0.0020271170463939114
-0.2,1.1421949243104863e-09,2464.085688286918,515.1290966367517,40.96326376678826,298.8654192354596,0.0004568675860446,validation,-3.3402096532844823,-3.3376215,0.00045959844,0.002588202860287936,-0.05996236501068353,-0.0602766,0.0003142364528727626
-1.8,9.663377701466595e-10,2642.527368087266,478.3559331791431,43.40306406282464,301.888862689621,0.0005114442437782,validation,-3.2912017049416873,-3.289735,0.00051317434,0.0014666261300417816,-0.016464832509903715,-0.017705593,0.0012407607482387562
-2.2,1.0572981218607252e-09,2430.584690541649,514.3340907827966,41.04225055349912,296.5414644902,0.0005148708966255,validation,-3.2883016562251424,-3.2822611,0.00052208215,0.00604052303117264,-0.012840142990885539,-0.012397283,0.00044286023402051455
-1.0,1.0572981218607252e-09,2430.584690541649,514.3340907827966,41.04225055349912,296.5414644902,0.0004899552483689,validation,-3.309843585836818,-3.3049884,0.00049546344,0.004855201589991864,-0.025785392652883488,-0.027792213,0.0020068208317614022
-1.6,8.981476672986598e-10,2648.7144938153992,484.4392889131667,39.21209704786501,303.00410991721293,0.0004943148935008,validation,-3.305996304231169,-3.30692,0.0004932646,0.0009237473435379506,-0.01821326637219478,-0.018630732,0.0004174654786677223
-1.6,9.34880998874723e-10,2658.424632928369,469.5577205631138,37.334947088248434,294.43440760000914,0.0004923941114668,validation,-3.307687149430337,-3.3091812,0.0004907031,0.001494063948569213,-0.018096789940271307,-0.018912248,0.0008154583731556642
-2.4000000000000004,9.297325788733188e-10,2376.6983706631413,516.0358029995954,38.08606385532588,297.3563844788412,0.0005295085932855,validation,-3.2761269874239356,-3.2875981,0.0005157056,0.011471145663222604,-0.011700994812276377,-0.013742138,0.0020411428880429128
-1.4,1.1421949243104863e-09,2464.085688286918,515.1290966367517,40.96326376678826,298.8654192354596,0.0005001439841392,validation,-3.300904950633346,-3.2981787,0.00050329353,0.0027262778428185364,-0.019737809897927505,-0.019397413,0.00034039653983519713
-2.0,1.117839944989197e-09,2400.8118901118505,474.17775422532,39.11984591644459,301.1260229250646,0.0005141632996852,validation,-3.28889892596821,-3.2899754,0.0005128904,0.0010764787711696755,-0.013856010972851607,-0.013070093,0.0007859184363425697
-3.0,9.454134520298419e-10,2570.8338282332857,490.849029568548,38.28868089781682,299.0569098093356,0.0005283243347144,validation,-3.277099385169985,-3.2829103,0.00052130234,0.005810961814878279,-0.009454013309120768,0.003952679,0.013406692533433073
-2.8000000000000003,1.0572981218607252e-09,2430.584690541649,514.3340907827966,41.04225055349912,296.5414644902,0.0005229791114907,validation,-3.2815156571088084,-3.2743926,0.00053162745,0.007123052280927578,-0.010004804071781948,-0.007508599,0.002496204872427299
-2.8000000000000003,9.34880998874723e-10,2658.424632928369,469.5577205631138,37.334947088248434,294.43440760000914,0.0005111093691905,validation,-3.291486157881704,-3.2924848,0.0005099355,0.0009986024027197615,-0.010303269658244574,-0.006879609,0.0034236605800757047
-1.4,1.050818199825069e-09,2510.995503216453,520.189852554912,38.50508417894045,294.1262317171733,0.0004985084151948,validation,-3.3023275060748554,-3.303355,0.0004973304,0.0010274724865459994,-0.019652768483412686,-0.01936243,0.0002903393265132337
-0.4,1.1421949243104863e-09,2464.085688286918,515.1290966367517,40.96326376678826,298.8654192354596,0.0004675892881805,validation,-3.330135446478089,-3.3274488,0.00047049084,0.002686601568421043,-0.04529042338674394,-0.043076027,0.002214396202019131
-1.2000000000000002,1.117839944989197e-09,2400.8118901118505,474.17775422532,39.11984591644459,301.1260229250646,0.0004978588758679,validation,-3.3028937458299006,-3.3040671,0.00049651554,0.0011733890272771497,-0.022234758846172653,-0.0218448,0.00038995828450616443
-0.6000000000000001,9.663377701466595e-10,2642.527368087266,478.3559331791431,43.40306406282464,301.888862689621,0.0004775712302044,validation,-3.3209618438129733,-3.3217483,0.00047670724,0.0007864128703762852,-0.038797748701368207,-0.03920763,0.0004098811580792727
-1.6,9.454134520298419e-10,2570.8338282332857,490.849029568548,38.28868089781682,299.0569098093356,0.000506752166959,validation,-3.295204385513446,-3.2983418,0.00050310453,0.0031373655851867355,-0.017863228177235513,-0.016877051,0.0009861767343739558
-0.2,9.34880998874723e-10,2658.424632928369,469.5577205631138,37.334947088248434,294.43440760000914,0.000444737546423,validation,-3.3518962042232285,-3.3547835,0.0004417906,0.0028873307804335724,-0.06072894607514989,-0.061534293,0.0008053469207798258
-2.8000000000000003,1.1154637147520875e-09,2350.383805501934,499.6014506673355,39.64774721352306,306.8220229508652,0.0005305260858259,validation,-3.275293257093989,-3.2774813,0.0005278599,0.002188060426152383,-0.009795899906293926,-0.0072514825,0.0025444174493713945
-2.0,9.570305915597544e-10,2609.011101819734,467.3507151496423,38.45876893881996,290.3471581734896,0.0005068923849345,validation,-3.2950842331517567,-3.2949364,0.0005070649,0.00014781461843149657,-0.01439416512700653,-0.013002378,0.001391787192252636
0.0,1.1421949243104863e-09,2464.085688286918,515.1290966367517,40.96326376678826,298.8654192354596,0.0004424656977026,validation,-3.3541203924823626,-3.352021,0.0004446098,0.0020994135547502957,-0.0791450269681242,-0.08267814,0.0035331122416231153
-0.8,9.454134520298419e-10,2570.8338282332857,490.849029568548,38.28868089781682,299.0569098093356,0.0004854532027868,validation,-3.313852629300828,-3.315822,0.00048325697,0.001969256761793936,-0.031169736648013924,-0.029731402,0.00143833447437558
-1.2000000000000002,1.0976147775803618e-09,2495.918019735696,486.14991613464105,39.05845567786759,297.2376267822416,0.0004946506663208,validation,-3.3057014015683737,-3.3027852,0.00049798336,0.0029162434110250324,-0.02240835900500926,-0.021067223,0.001341136424695577
-1.8,1.117839944989197e-09,2400.8118901118505,474.17775422532,39.11984591644459,301.1260229250646,0.00051072800406,validation,-3.2918103284078413,-3.2928998,0.00050944835,0.00108951862279838,-0.015419145455208394,-0.016043311,0.0006241655297607451
-3.0,1.117839944989197e-09,2400.8118901118505,474.17775422532,39.11984591644459,301.1260229250646,0.0005275740896179,validation,-3.2777165418070395,-3.279708,0.0005251605,0.001991366823331564,-0.009103432439108161,0.0041767117,0.013280144102711944
-0.6000000000000001,1.117839944989197e-09,2400.8118901118505,474.17775422532,39.11984591644459,301.1260229250646,0.0004790500863455,validation,-3.3196190772194774,-3.3211567,0.00047735695,0.0015376629691212784,-0.03622826469501916,-0.034833107,0.0013951575513786452
-1.4,1.117839944989197e-09,2400.8118901118505,474.17775422532,39.11984591644459,301.1260229250646,0.0005026466845009,validation,-3.2987371777419185,-3.3000062,0.0005011801,0.0012689734574222733,-0.019567904199018216,-0.01907676,0.0004911433407208676
-2.2,1.1421949243104863e-09,2464.085688286918,515.1290966367517,40.96326376678826,298.8654192354596,0.0005148134601597,validation,-3.2883501066847782,-3.2853115,0.0005184281,0.003038646189783112,-0.012674517593255885,-0.012141317,0.0005332004641207533
-2.0,1.1421949243104863e-09,2464.085688286918,515.1290966367517,40.96326376678826,298.8654192354596,0.0005116805177873,validation,-3.291001118455956,-3.2878237,0.00051543786,0.003177441392967939,-0.01395712197092358,-0.013515376,0.00044174641636196554
-1.6,1.1154637147520875e-09,2350.383805501934,499.6014506673355,39.64774721352306,306.8220229508652,0.0005119153526108,validation,-3.290801845534399,-3.2931893,0.00050910894,0.002387441651269917,-0.017270182146516433,-0.017165868,0.0001043145347505714
-1.0,1.089765313742217e-09,2571.102793798516,524.9230612365601,38.57048554783602,303.1708876105774,0.0004872107890386,validation,-3.3122831030351807,-3.310667,0.0004890271,0.0016160650713135105,-0.02683902065646926,-0.026257355,0.0005816658903388117
-1.2000000000000002,9.663377701466595e-10,2642.527368087266,478.3559331791431,43.40306406282464,301.888862689621,0.000497727981223,validation,-3.3030079434449324,-3.3023405,0.0004984935,0.0006674359376082073,-0.023736154199401227,-0.024815397,0.001079243137677821
-1.0,9.34880998874723e-10,2658.424632928369,469.5577205631138,37.334947088248434,294.43440760000914,0.0004777178458701,validation,-3.320828534688712,-3.322719,0.00047564277,0.001890562448739086,-0.0267365264158137,-0.028210277,0.0014737503219954817
-2.8000000000000003,8.595939611542648e-10,2643.7199291480506,484.396762738386,41.95641496228942,305.9180523366615,0.0005264249056774,validation,-3.278663572011138,-3.2814527,0.000523055,0.0027890837810984337,-0.010693020339278547,-0.007526145,0.0031668754882794303
-2.8000000000000003,9.454134520298419e-10,2570.8338282332857,490.849029568548,38.28868089781682,299.0569098093356,0.0005259338101261,validation,-3.2790689092793075,-3.2831573,0.0005210059,0.004088439353505002,-0.01024122778410863,-0.006717354,0.0035238737248892704
-0.6000000000000001,9.34880998874723e-10,2658.424632928369,469.5577205631138,37.334947088248434,294.43440760000914,0.0004641422037905,validation,-3.333348940005889,-3.3359654,0.00046135433,0.002616454967865778,-0.037631290985739696,-0.037957195,0.0003259042068357587
-0.4,1.0976147775803618e-09,2495.918019735696,486.14991613464105,39.05845567786759,297.2376267822416,0.00046715765388,validation,-3.3305365313060697,-3.3268049,0.00047118898,0.003731654978555099,-0.04494229908916125,-0.041322373,0.003619926235405302
-2.2,1.0727653122619132e-09,2512.3283017034155,474.34077412964,42.74916053103488,290.5746947786968,0.0005235550614602,validation,-3.2810376375174295,-3.2804363,0.00052428053,0.0006013601279031278,-0.012741193338184686,-0.011516958,0.001224235794394346
-2.8000000000000003,1.050818199825069e-09,2510.995503216453,520.189852554912,38.50508417894045,294.1262317171733,0.0005212887138595,validation,-3.282921677646548,-3.2824302,0.000521879,0.000491505679995452,-0.010036709227515317,-0.007712864,0.002323845376176692
-1.0,8.595939611542648e-10,2643.7199291480506,484.396762738386,41.95641496228942,305.9180523366615,0.0004910124908922,validation,-3.308907459696673,-3.312785,0.00048664818,0.0038774505053531527,-0.0275103812340749,-0.028616643,0.0011062613453614034
-1.8,1.0285344586119835e-09,2525.852161033123,522.4809638175516,38.89567254871546,292.9930878390376,0.0005038556496894,validation,-3.297693867369252,-3.2954924,0.0005064162,0.0022014567094621462,-0.015723076609015507,-0.01711843,0.0013953531560897403
-0.6000000000000001,1.1421949243104863e-09,2464.085688286918,515.1290966367517,40.96326376678826,298.8654192354596,0.0004763284438316,validation,-3.3220934839297853,-3.3197277,0.00047893033,0.002365824704321451,-0.03663211374959552,-0.035683412,0.0009487016447504715
-1.2000000000000002,9.297325788733188e-10,2376.6983706631413,516.0358029995954,38.08606385532588,297.3563844788412,0.0005065931179626,validation,-3.2953407143701225,-3.3066692,0.00049354957,0.01132852085936964,-0.022300957875215133,-0.021214642,0.001086316244565566
0.0,1.117839944989197e-09,2400.8118901118505,474.17775422532,39.11984591644459,301.1260229250646,0.000445159227202,validation,-3.351484620195555,-3.3525498,0.00044406875,0.0010651711405045283,-0.07862081213182748,-0.080376156,0.0017553435426300723
-0.2,1.0285344586119835e-09,2525.852161033123,522.4809638175516,38.89567254871546,292.9930878390376,0.0004526878020903,validation,-3.3442012076391516,-3.3418472,0.0004551482,0.0023540263189612,-0.05948032260032399,-0.05859746,0.000882862211186719
-1.2000000000000002,1.089765313742217e-09,2571.102793798516,524.9230612365601,38.57048554783602,303.1708876105774,0.0004928143507311,validation,-3.3073166540242664,-3.3058639,0.00049446564,0.0014527967549793352,-0.023236235038831765,-0.022003276,0.0012329587652235574
-0.6000000000000001,1.1154637147520875e-09,2350.383805501934,499.6014506673355,39.64774721352306,306.8220229508652,0.0004837663326403,validation,-3.3153643593253466,-3.3168561,0.00048210745,0.0014917865334180824,-0.0362122412091459,-0.033248283,0.002963958240147946
-2.4000000000000004,1.050818199825069e-09,2510.995503216453,520.189852554912,38.50508417894045,294.1262317171733,0.0005161011548102,validation,-3.2872651691665595,-3.2877734,0.0005154976,0.0005082015762383207,-0.01178853096003607,-0.014129958,0.002341427155482023
0.0,9.663377701466595e-10,2642.527368087266,478.3559331791431,43.40306406282464,301.888862689621,0.0004414108789407,validation,-3.355156967491326,-3.355013,0.00044155735,0.00014407381456837953,-0.0851973327983977,-0.08184707,0.003350261150753653
-3.0,9.663377701466595e-10,2642.527368087266,478.3559331791431,43.40306406282464,301.888862689621,0.0005293806762135,validation,-3.276231915635754,-3.2756848,0.000530048,0.0005470821091426714,-0.009559034844414782,0.005109631,0.014668665835188222
-0.8,1.1154637147520875e-09,2350.383805501934,499.6014506673355,39.64774721352306,306.8220229508652,0.0004911131960804,validation,-3.3088183963348903,-3.3105726,0.00048913347,0.0017542278716526916,-0.030129977268019914,-0.02948761,0.000642367404738664
-2.4000000000000004,1.1421949243104863e-09,2464.085688286918,515.1290966367517,40.96326376678826,298.8654192354596,0.0005176887037961,validation,-3.285931311418654,-3.2827551,0.00052148866,0.0031761749287859686,-0.011601623556222407,-0.013943894,0.002342270278726133
-2.6,1.089765313742217e-09,2571.102793798516,524.9230612365601,38.57048554783602,303.1708876105774,0.0005188062606748,validation,-3.2849947917242086,-3.282978,0.000521221,0.002016733862880482,-0.011223828608381226,-0.014788319,0.0035644907483582955
-2.0,8.981476672986598e-10,2648.7144938153992,484.4392889131667,39.21209704786501,303.00410991721293,0.0005017827396361,validation,-3.2994842816617456,-3.300358,0.0005007742,0.0008737753603491605,-0.014694137083489878,-0.013721528,0.0009726086204242534
-2.8000000000000003,1.1421949243104863e-09,2464.085688286918,515.1290966367517,40.96326376678826,298.8654192354596,0.0005228066840808,validation,-3.281658868603254,-3.2774544,0.00052789267,0.0042044923825508285,-0.009873493252799292,-0.007576316,0.002297177123383065
0.0,1.050818199825069e-09,2510.995503216453,520.189852554912,38.50508417894045,294.1262317171733,0.0004411819710331,validation,-3.3553822433778615,-3.355832,0.0004407252,0.00044985653668927483,-0.07846719780810218,-0.08199317,0.0035259722744669375
-0.2,9.297325788733188e-10,2376.6983706631413,516.0358029995954,38.08606385532588,297.3563844788412,0.0004677172835959,validation,-3.330016581274654,-3.3397076,0.00045739603,0.009691031716679177,-0.05915835880105469,-0.056772336,0.0023860224372622696
-3.0,1.0572981218607252e-09,2430.584690541649,514.3340907827966,41.04225055349912,296.5414644902,0.0005253002549187,validation,-3.2795923884415936,-3.2740939,0.0005319933,0.0054985220933270185,-0.009227882600372439,0.00417912,0.013407002664154177
-1.4,9.663377701466595e-10,2642.527368087266,478.3559331791431,43.40306406282464,301.888862689621,0.0005028271226949,validation,-3.2985813043372425,-3.2977247,0.00050381984,0.0008565805213245348,-0.020831697503943758,-0.021681167,0.0008494696813627911
-2.4000000000000004,9.454134520298419e-10,2570.8338282332857,490.849029568548,38.28868089781682,299.0569098093356,0.0005205895829913,validation,-3.283504526381718,-3.2878258,0.0005154353,0.004321296448482226,-0.012069668349846907,-0.012243622,0.00017395363278716047
-0.8,1.117839944989197e-09,2400.8118901118505,474.17775422532,39.11984591644459,301.1260229250646,0.0004862882642832,validation,-3.313106211243148,-3.3145814,0.00048463928,0.0014751829524084492,-0.02996998984772148,-0.030835427,0.0008654374961238886
-2.4000000000000004,1.0285344586119835e-09,2525.852161033123,522.4809638175516,38.89567254871546,292.9930878390376,0.0005133746471079,validation,-3.2895655826708343,-3.2870107,0.0005164037,0.0025549129625823674,-0.011806695171260984,-0.014405159,0.0025984641084431104
-2.0,1.0727653122619132e-09,2512.3283017034155,474.34077412964,42.74916053103488,290.5746947786968,0.0005203560202397,validation,-3.2836994165192728,-3.2828355,0.0005213922,0.0008639329682473829,-0.013974763246970667,-0.013031121,0.000943641903596415
-0.2,1.0727653122619132e-09,2512.3283017034155,474.34077412964,42.74916053103488,290.5746947786968,0.0004649496179177,validation,-3.3325941048429155,-3.3326724,0.00046486585,7.825271628858488e-05,-0.05991168185697582,-0.059501186,0.00041049584375407733
-1.4,1.1154637147520875e-09,2350.383805501934,499.6014506673355,39.64774721352306,306.8220229508652,0.0005076306562018,validation,-3.294452158410954,-3.2967103,0.0005049981,0.0022580943508869744,-0.019449137998023502,-0.01811173,0.0013374080036072655
-2.0,9.34880998874723e-10,2658.424632928369,469.5577205631138,37.334947088248434,294.43440760000914,0.0004997708186737,validation,-3.3012291056704983,-3.3025203,0.0004982872,0.0012911694454684763,-0.014540336605712412,-0.013975405,0.0005649314714517573
-1.6,1.117839944989197e-09,2400.8118901118505,474.17775422532,39.11984591644459,301.1260229250646,0.0005069129846119,validation,-3.2950665841502937,-3.2963152,0.0005054577,0.0012486090259757887,-0.01731712333519475,-0.017917316,0.0006001930717705051
-2.6,1.0727653122619132e-09,2512.3283017034155,474.34077412964,42.74916053103488,290.5746947786968,0.0005292171460282,validation,-3.2763660936137793,-3.2751465,0.00053070544,0.0012196092387792845,-0.010748326970251298,-0.014051941,0.003303614253191256
-0.2,1.0572981218607252e-09,2430.584690541649,514.3340907827966,41.04225055349912,296.5414644902,0.0004571472236106,validation,-3.339943913486061,-3.3357778,0.00046155372,0.004166153934058947,-0.05967995039337737,-0.0598908,0.00021084883099931062
-1.0,1.0727653122619132e-09,2512.3283017034155,474.34077412964,42.74916053103488,290.5746947786968,0.0004984033400728,validation,-3.3024190558947826,-3.3022468,0.00049860106,0.00017224688904526886,-0.025690719415047525,-0.02705909,0.0013683699773761049
-0.8,9.663377701466595e-10,2642.527368087266,478.3559331791431,43.40306406282464,301.888862689621,0.000485330553775,validation,-3.3139623670028837,-3.314294,0.00048495998,0.00033173280485554457,-0.032215194489923604,-0.035101257,0.002886062774690501
-0.2,1.1154637147520875e-09,2350.383805501934,499.6014506673355,39.64774721352306,306.8220229508652,0.0004642158377997,validation,-3.3332800466640737,-3.3336277,0.0004638444,0.0003476541415903256,-0.059775303442236805,-0.05708125,0.002694054831025028
-0.8,1.050818199825069e-09,2510.995503216453,520.189852554912,38.50508417894045,294.1262317171733,0.0004821365226865,validation,-3.316829968702797,-3.3179312,0.00048091557,0.0011012065291367001,-0.030266754240876992,-0.030538956,0.00027220146250073185
-0.6000000000000001,1.089765313742217e-09,2571.102793798516,524.9230612365601,38.57048554783602,303.1708876105774,0.0004732684945393,validation,-3.3248924055323195,-3.3228467,0.0004755031,0.0020457544550489537,-0.03794141332073231,-0.0342373,0.0037041142062665955
-0.6000000000000001,1.0285344586119835e-09,2525.852161033123,522.4809638175516,38.89567254871546,292.9930878390376,0.0004720638292878,validation,-3.325999275024202,-3.3244553,0.0004737451,0.0015440137937332565,-0.03676202043668653,-0.03480369,0.001958331910532962
0.0,1.089765313742217e-09,2571.102793798516,524.9230612365601,38.57048554783602,303.1708876105774,0.0004382552078335,validation,-3.358272914435734,-3.3538496,0.0004427416,0.00442326500641288,-0.08256550271243057,-0.080614485,0.0019510178658386224
-0.6000000000000001,9.297325788733188e-10,2376.6983706631413,516.0358029995954,38.08606385532588,297.3563844788412,0.0004874401551503,validation,-3.312078696649326,-3.3230603,0.00047526925,0.010981577474819648,-0.03608171401868354,-0.033089556,0.0029921582187224516
-1.2000000000000002,9.454134520298419e-10,2570.8338282332857,490.849029568548,38.28868089781682,299.0569098093356,0.0004974554575393,validation,-3.3032458001663514,-3.305739,0.00049460796,0.0024931257674865037,-0.022933601149780714,-0.020960249,0.001973352143032514
-2.4000000000000004,1.0976147775803618e-09,2495.918019735696,486.14991613464105,39.05845567786759,297.2376267822416,0.0005171322880958,validation,-3.286398345414806,-3.2848556,0.0005189726,0.0015427412430528697,-0.011756754507880274,-0.012430161,0.000673406729836401
-1.6,1.050818199825069e-09,2510.995503216453,520.189852554912,38.50508417894045,294.1262317171733,0.0005027554430208,validation,-3.2986432188692567,-3.2995915,0.0005016588,0.0009483224210264929,-0.017415917209863352,-0.018363787,0.0009478696514371165
-2.6,9.297325788733188e-10,2376.6983706631413,516.0358029995954,38.08606385532588,297.3563844788412,0.0005322448712637,validation,-3.2738885147512757,-3.2846797,0.0005191829,0.010791136509100241,-0.010753265352745345,-0.014284086,0.0035308210609361623
-2.6,8.981476672986598e-10,2648.7144938153992,484.4392889131667,39.21209704786501,303.00410991721293,0.0005107566774543,validation,-3.2917859468441217,-3.2925048,0.000509912,0.0007188406009466242,-0.01129179499682742,-0.013607881,0.0023160860351030266
-1.2000000000000002,9.34880998874723e-10,2658.424632928369,469.5577205631138,37.334947088248434,294.43440760000914,0.0004832077813919,validation,-3.3158660806196374,-3.3175461,0.0004813421,0.0016800486070471798,-0.023269976550016835,-0.023727851,0.0004578744384904354
-1.4,1.0572981218607252e-09,2430.584690541649,514.3340907827966,41.04225055349912,296.5414644902,0.0005001550230494,validation,-3.3008953652238797,-3.2956154,0.0005062728,0.005279930577273273,-0.019623379483217462,-0.020344323,0.0007209430640990888
-0.4,1.0572981218607252e-09,2430.584690541649,514.3340907827966,41.04225055349912,296.5414644902,0.0004678417058948,validation,-3.3299010654840653,-3.325664,0.00047242836,0.004237022057551609,-0.04502802770516823,-0.043009233,0.002018794975494842
-2.8000000000000003,1.0727653122619132e-09,2512.3283017034155,474.34077412964,42.74916053103488,290.5746947786968,0.0005317364008032,validation,-3.2743036083958996,-3.2728896,0.0005334705,0.0014139942906750136,-0.009926690267082705,-0.0072653703,0.002661319927927508
-0.8,1.0572981218607252e-09,2430.584690541649,514.3340907827966,41.04225055349912,296.5414644902,0.0004837489134273,validation,-3.3153799974625575,-3.3110273,0.00048862165,0.004352709025667867,-0.030222791417939376,-0.032436147,0.002213355914252091
-0.6000000000000001,9.570305915597544e-10,2609.011101819734,467.3507151496423,38.45876893881996,290.3471581734896,0.0004713622997113,validation,-3.3266451559697376,-3.3261595,0.00047188974,0.00048567873585092514,-0.036916920709472834,-0.035704125,0.0012127959905683383
-1.8,9.34880998874723e-10,2658.424632928369,469.5577205631138,37.334947088248434,294.43440760000914,0.000496270170762,validation,-3.3042818280925967,-3.305602,0.00049476384,0.0013202455768368537,-0.01614510939959679,-0.016766772,0.000621662274559398
-1.4,9.297325788733188e-10,2376.6983706631413,516.0358029995954,38.08606385532588,297.3563844788412,0.0005114753387576,validation,-3.2911753013451523,-3.3027036,0.0004980769,0.01152831765814355,-0.019623135140525605,-0.018748987,0.0008741476744287269
-2.0,9.454134520298419e-10,2570.8338282332857,490.849029568548,38.28868089781682,299.0569098093356,0.000514296388744,validation,-3.2887865251715405,-3.2923894,0.0005100475,0.0036028676812427385,-0.014517518623646808,-0.01234258,0.0021749389608469727
-0.6000000000000001,8.981476672986598e-10,2648.7144938153992,484.4392889131667,39.21209704786501,303.00410991721293,0.0004655928192379,validation,-3.331993726359466,-3.3333693,0.0004641205,0.0013755287064518562,-0.03839985054992745,-0.037668318,0.0007315329935462245
-1.0,1.117839944989197e-09,2400.8118901118505,474.17775422532,39.11984591644459,301.1260229250646,0.0004924576844805,validation,-3.3076310812803884,-3.3088584,0.00049106794,0.0012273133424143268,-0.025531163533118573,-0.02629562,0.0007644555523125263
-2.2,1.0976147775803618e-09,2495.918019735696,486.14991613464105,39.05845567786759,297.2376267822416,0.0005142198048906,validation,-3.28885120075993,-3.287143,0.00051624636,0.0017082087402768842,-0.012853815322122486,-0.010938707,0.0019151085143302993
-0.4,1.050818199825069e-09,2510.995503216453,520.189852554912,38.50508417894045,294.1262317171733,0.0004662188281222,validation,-3.331410191595232,-3.3318973,0.00046569624,0.0004870671633128154,-0.04537092595136194,-0.041613553,0.0037573732320073105
-0.4,1.089765313742217e-09,2571.102793798516,524.9230612365601,38.57048554783602,303.1708876105774,0.0004642705888887,validation,-3.3332288276151467,-3.3302429,0.00046747364,0.002985955376987537,-0.0471573423175613,-0.041177105,0.005980237158993873
-1.0,9.570305915597544e-10,2609.011101819734,467.3507151496423,38.45876893881996,290.3471581734896,0.0004848850163953,validation,-3.314361235965691,-3.3137593,0.0004855575,0.0006019090308764241,-0.026191670957713242,-0.026283301,9.163045534599235e-05
-2.0,1.050818199825069e-09,2510.995503216453,520.189852554912,38.50508417894045,294.1262317171733,0.0005100274037297,validation,-3.2924064886690068,-3.2929962,0.00050933537,0.0005896794675899208,-0.014098493425818148,-0.013903663,0.00019483086344784795
-1.8,8.981476672986598e-10,2648.7144938153992,484.4392889131667,39.21209704786501,303.00410991721293,0.0004982341789791,validation,-3.302566483076376,-3.303392,0.0004972881,0.0008254503647862066,-0.016280056423557454,-0.016530938,0.00025088202296430495
-1.8,9.32148229008894e-10,2545.124905053194,512.7371789301767,40.07870713980076,299.5411124372077,0.0005020171428089,test,-3.29928145237651,-3.2939398,0.00050822983,0.005341623503829496,-0.01602454916280749,-0.017031873,0.0010073234822129962
-0.6000000000000001,8.688108546297865e-10,2646.5653288453154,498.36187777461095,39.94029005251662,299.6218359156308,0.0004658841424246,test,-3.33172207163956,-3.3274007,0.000470543,0.004321387282870681,-0.03808982584234499,-0.036176335,0.0019134907757880626
-0.8,9.431291378149591e-10,2617.847164727645,540.4486468445567,38.69622270488729,301.9657628923453,0.0004729172645478,test,-3.3252148311294683,-3.320426,0.00047816086,0.004788843885815908,-0.03167442777858298,-0.032312177,0.0006377493430562708
-2.2,1.1037395013588123e-09,2531.0169366346463,492.6438219382251,36.10636397779454,299.96382807834965,0.0005027257292217,test,-3.2986688872543954,-3.2916346,0.00051093474,0.007034327623047787,-0.012928533758611138,-0.011138936,0.0017895981852120713
-1.8,8.688108546297865e-10,2646.5653288453154,498.36187777461095,39.94029005251662,299.6218359156308,0.0004982682590934,test,-3.3025367775683443,-3.2983806,0.00050305953,0.004156164241317928,-0.016285402915666936,-0.016411522,0.0001261194876924776
-3.0,9.973807555784963e-10,2483.6702561944007,499.2076886794748,40.248277237816566,302.09732544564235,0.0005290784002941,test,-3.276479968244098,-3.2788138,0.0005262428,0.0023338707146423054,-0.009408982165707513,0.004347833,0.013756815039171144
-2.4000000000000004,9.32148229008894e-10,2545.124905053194,512.7371789301767,40.07870713980076,299.5411124372077,0.0005116824926415,test,-3.2909994422799116,-3.285649,0.00051802525,0.005350381076908661,-0.012038694547635842,-0.013899248,0.001860553545730781
-0.6000000000000001,9.973807555784963e-10,2483.6702561944007,499.2076886794748,40.248277237816566,302.09732544564235,0.0004791499427152,test,-3.319528559437834,-3.3219843,0.00047644821,0.002455731638826286,-0.0372052943786354,-0.036332455,0.0008728398462505282
-2.4000000000000004,1.2225745089622023e-09,2432.279761567632,478.07469592026655,37.79561575023349,300.3431374384869,0.0005152431817196,test,-3.287987746586394,-3.2872834,0.0005160795,0.0007043260236496707,-0.011415656070127511,-0.013569358,0.002153701734826541
-3.0,1.2225745089622023e-09,2432.279761567632,478.07469592026655,37.79561575023349,300.3431374384869,0.0005225041264957,test,-3.2819102753466014,-3.2818224,0.0005226098,8.783233817855063e-05,-0.008985182886611653,0.0042614425,0.013246625346731378
0.0,1.011801650795657e-09,2503.197375042157,521.464297637573,42.04226242943757,288.6545802497056,0.0004550106762044,test,-3.3419784130961574,-3.3496442,0.0004470497,0.007665771016391432,-0.0775787528035714,-0.08577043,0.008191675377123175
-0.8,8.920412889937108e-10,2700.220283946353,481.8164609958477,41.48473029075561,294.1535226587993,0.0004792001926223,test,-3.3194830160469895,-3.3216858,0.0004767758,0.0022027749686355236,-0.03188637201004596,-0.033732846,0.0018464743692341301
-0.4,1.0676002138658572e-09,2409.8209682971515,478.7831941058398,39.56928699408093,298.75903253628616,0.0004711316375973,test,-3.3268577308868355,-3.325433,0.00047267973,0.0014247150634711936,-0.04501166402114265,-0.041955624,0.0030560402454220537
0.0,8.920412889937108e-10,2700.220283946353,481.8164609958477,41.48473029075561,294.1535226587993,0.0004366679984841,test,-3.359848634483562,-3.361505,0.00043500573,0.0016563971021312796,-0.08197128983459478,-0.08082713,0.0011441579671860325
-2.4000000000000004,9.973807555784963e-10,2483.6702561944007,499.2076886794748,40.248277237816566,302.09732544564235,0.0005214107149743,test,-3.2828200483376215,-3.284342,0.0005195866,0.0015220022147466317,-0.011875011467388674,-0.013874519,0.001999507217654184
-2.8000000000000003,8.64757430416121e-10,2613.398572092139,483.2695161383806,39.73131063338137,294.42197627514213,0.0005231058379944,test,-3.281410433108474,-3.2849119,0.00051890535,0.0035014378479467645,-0.010457235502810747,-0.0069910246,0.003466210908056766
-1.6,1.2225745089622023e-09,2432.279761567632,478.07469592026655,37.79561575023349,300.3431374384869,0.0005022453298765,test,-3.2990840928441143,-3.2985096,0.0005029102,0.0005744950657939896,-0.01713803315882778,-0.017718194,0.0005801608937492375
-0.4,9.973807555784963e-10,2483.6702561944007,499.2076886794748,40.248277237816566,302.09732544564235,0.0004702029364691,test,-3.327714662985762,-3.3298776,0.00046786698,0.0021629519892134574,-0.04634235044834867,-0.04404392,0.0022984295141483813
-0.8,8.688108546297865e-10,2646.5653288453154,498.36187777461095,39.94029005251662,299.6218359156308,0.000473291579902,test,-3.3248712217830656,-3.3206341,0.00047793175,0.004237095119857592,-0.031512158617889696,-0.03149314,1.9020095979982443e-05
-1.2000000000000002,9.431291378149591e-10,2617.847164727645,540.4486468445567,38.69622270488729,301.9657628923453,0.0004848347174512,test,-3.314406289300434,-3.3092928,0.000490577,0.005113496026508013,-0.0235175120338198,-0.02344184,7.567207062209036e-05
-2.6,9.91880560193061e-10,2562.543459042286,488.1664551370801,40.47383155665718,295.6008889602198,0.0005278129236069,test,-3.277519980196968,-3.2799454,0.0005248735,0.002425393338188364,-0.010999515746341615,-0.013883871,0.002884355279995532
-3.0,9.676899592457672e-10,2498.119875502734,535.4265253830317,42.346830624956574,300.5747457097431,0.0005264808856342,test,-3.278617391647123,-3.2637365,0.00054483314,0.014880905212186324,-0.009590770374558133,0.0043601654,0.013950935821554822
-2.2,1.0676002138658572e-09,2409.8209682971515,478.7831941058398,39.56928699408093,298.75903253628616,0.0005183964060975,test,-3.285338017973564,-3.2843738,0.00051954866,0.0009642577501751681,-0.012723720233413616,-0.011487428,0.0012362921344966082
-2.2,1.0284216851224184e-09,2501.257472196243,454.39559500401634,39.58517778577758,297.0863250737395,0.0005175590227124,test,-3.2860401158678902,-3.2903738,0.00051242014,0.00433368631716835,-0.012948707542848936,-0.012082208,0.0008664995948794996
-0.6000000000000001,1.0511173572717443e-09,2495.130349883853,523.8477826070769,41.27631172344517,301.59948365785385,0.0004733068953595,test,-3.324857168477774,-3.3197432,0.00047891325,0.005114012044668659,-0.037110756276137025,-0.03676868,0.000342077700382859
-1.2000000000000002,9.973807555784963e-10,2483.6702561944007,499.2076886794748,40.248277237816566,302.09732544564235,0.000498532222995,test,-3.3023067655034906,-3.3042505,0.000496306,0.001943713241016276,-0.022822771925598673,-0.022761974,6.0797441870263924e-05
-2.8000000000000003,1.2225745089622023e-09,2432.279761567632,478.07469592026655,37.79561575023349,300.3431374384869,0.0005202577122335,test,-3.283781473143002,-3.2821007,0.0005222751,0.001680795652767575,-0.009726795077396488,-0.0073834485,0.0023433465399573805
-2.6,1.058962492367367e-09,2306.068264987093,513.3151002778768,40.55455133934368,303.4784744400111,0.0005338470457935,test,-3.272583156235652,-3.2777174,0.0005275731,0.005134195677800157,-0.010445688023814625,-0.014458146,0.0040124579224496415
-0.2,8.64757430416121e-10,2613.398572092139,483.2695161383806,39.73131063338137,294.42197627514213,0.0004546066087961,test,-3.34236425505448,-3.3447256,0.0004521415,0.0023613537712035004,-0.06189668022224026,-0.060538296,0.0013583845657976212
-2.8000000000000003,1.0676002138658572e-09,2409.8209682971515,478.7831941058398,39.56928699408093,298.75903253628616,0.0005264389925432,test,-3.278651950664647,-3.2769876,0.0005284604,0.00166439802182472,-0.009816195963225027,-0.007083031,0.002733165080002209
-0.4,1.011801650795657e-09,2503.197375042157,521.464297637573,42.04226242943757,288.6545802497056,0.000480593811118,test,-3.3182218261551064,-3.324274,0.0004739428,0.006052236955245149,-0.04507554702618144,-0.04458107,0.0004944764838459292
-0.2,9.676899592457672e-10,2498.119875502734,535.4265253830317,42.346830624956574,300.5747457097431,0.00045610687665,test,-3.3409333799216676,-3.3263576,0.0004716745,0.014575776848547495,-0.061851184867986575,-0.06131166,0.0005395263961638364
-2.6,9.676899592457672e-10,2498.119875502734,535.4265253830317,42.346830624956574,300.5747457097431,0.0005214690875761,test,-3.2827714312317564,-3.2665281,0.0005413422,0.01624330165411969,-0.011231594299735193,-0.015223378,0.003991784015832778
-2.0,1.0676002138658572e-09,2409.8209682971515,478.7831941058398,39.56928699408093,298.75903253628616,0.0005152258395637,test,-3.288002364401111,-3.2867682,0.00051669206,0.001234166387805491,-0.014026370405655797,-0.012960525,0.0010658451760825471
-1.4,9.973807555784963e-10,2483.6702561944007,499.2076886794748,40.248277237816566,302.09732544564235,0.0005034374159734,test,-3.2980545103869288,-3.300003,0.00050118373,0.0019485413708837385,-0.019986651388379073,-0.020027444,4.079237821486004e-05
-0.6000000000000001,1.1065063764088474e-09,2603.202340784687,488.6799605874269,40.68035124967265,296.73843693227377,0.0004820083434256,test,-3.3169454441836876,-3.3175395,0.00048134953,0.0005940093227820853,-0.037268004201552074,-0.034294907,0.0029730971979109455
-1.0,1.1065063764088474e-09,2603.202340784687,488.6799605874269,40.68035124967265,296.73843693227377,0.0004959529584716,test,-3.304559514729699,-3.305414,0.00049497816,0.0008544466808233508,-0.026470073379366355,-0.026089592,0.00038048147389169173
-0.4,1.0511173572717443e-09,2495.130349883853,523.8477826070769,41.27631172344517,301.59948365785385,0.0004645018595891,test,-3.333012543010128,-3.3276343,0.0004702899,0.005378208445919075,-0.046042389261938155,-0.04369828,0.002344108212209761
-1.8,9.91880560193061e-10,2562.543459042286,488.1664551370801,40.47383155665718,295.6008889602198,0.0005151435999476,test,-3.288071691402034,-3.2907162,0.00051201636,0.0026444798626146238,-0.015953400007775898,-0.016456064,0.0005026638290370755
-2.0,9.431291378149591e-10,2617.847164727645,540.4486468445567,38.69622270488729,301.9657628923453,0.000501691775753,test,-3.299563018315214,-3.293587,0.00050864293,0.005976048939603462,-0.01479322742050293,-0.015234004,0.0004407763543188281
-1.8,1.1065063764088474e-09,2603.202340784687,488.6799605874269,40.68035124967265,296.73843693227377,0.000515111307464,test,-3.2880989166010366,-3.289353,0.00051362615,0.001253977228309111,-0.01610643567469694,-0.016197171,9.073538753412436e-05
-2.4000000000000004,9.431291378149591e-10,2617.847164727645,540.4486468445567,38.69622270488729,301.9657628923453,0.000507944952815,test,-3.294183350676819,-3.2878606,0.00051539403,0.006322718734069976,-0.012313375642081681,-0.015425405,0.003112029822984752
-1.6,9.973807555784963e-10,2483.6702561944007,499.2076886794748,40.248277237816566,302.09732544564235,0.0005077943858807,test,-3.294312104948139,-3.2961202,0.0005056847,0.001808061830425256,-0.01767174533035032,-0.018870275,0.001198530137283882
-0.4,8.688108546297865e-10,2646.5653288453154,498.36187777461095,39.94029005251662,299.6218359156308,0.0004569754275859,test,-3.3401071521200034,-3.335296,0.00046206606,0.0048112365163657245,-0.04743520692885106,-0.04409657,0.00333863646686261
-2.8000000000000003,9.32148229008894e-10,2545.124905053194,512.7371789301767,40.07870713980076,299.5411124372077,0.0005169457448089,test,-3.2865550351779333,-3.280414,0.0005243073,0.006140930716263426,-0.010303457123939097,-0.0074443542,0.0028591028840878607
-2.6,1.0284216851224184e-09,2501.257472196243,454.39559500401634,39.58517778577758,297.0863250737395,0.000523223834577,test,-3.281312480682452,-3.2850153,0.0005187817,0.003702863937299128,-0.01084382359556102,-0.013941412,0.00309758826472617
-1.4,8.920412889937108e-10,2700.220283946353,481.8164609958477,41.48473029075561,294.1535226587993,0.0004963211402348,test,-3.304237226128915,-3.30554,0.00049483444,0.0013028587099523925,-0.02067750831141346,-0.021440806,0.000763297555900877
-1.6,8.64757430416121e-10,2613.398572092139,483.2695161383806,39.73131063338137,294.42197627514213,0.0005036551001562,test,-3.297866763900194,-3.301028,0.0005000023,0.0031612493291759414,-0.018308253807143515,-0.01797905,0.0003292037519972979
-1.2000000000000002,1.0284216851224184e-09,2501.257472196243,454.39559500401634,39.58517778577758,297.0863250737395,0.0004976634877754,test,-3.303064221099148,-3.3074517,0.0004926611,0.0043875039069556365,-0.02264683543397794,-0.022585979,6.085670246491759e-05
-0.4,8.920412889937108e-10,2700.220283946353,481.8164609958477,41.48473029075561,294.1535226587993,0.0004625423883934,test,-3.334848461407539,-3.337004,0.0004602524,0.0021554848967824114,-0.04748033990218481,-0.04480116,0.0026791792090161692
-0.8,1.011801650795657e-09,2503.197375042157,521.464297637573,42.04226242943757,288.6545802497056,0.0004968937892134,test,-3.3037364315644004,-3.3091056,0.0004907885,0.0053692031249306105,-0.029990255596937132,-0.033663023,0.0036727676662788866
-0.6000000000000001,1.0284216851224184e-09,2501.257472196243,454.39559500401634,39.58517778577758,297.0863250737395,0.0004784796076326,test,-3.3201365667300964,-3.3250172,0.0004731325,0.004880647091314749,-0.036969591104316635,-0.036020212,0.0009493792288779446
-2.2,1.011801650795657e-09,2503.197375042157,521.464297637573,42.04226242943757,288.6545802497056,0.0005284808438625,test,-3.27697075018359,-3.2792804,0.00052567775,0.002309673934452139,-0.012562201804055206,-0.012763521,0.00020131889866448205
-1.4,9.91880560193061e-10,2562.543459042286,488.1664551370801,40.47383155665718,295.6008889602198,0.0005067724944965,test,-3.2951869648473213,-3.2980447,0.0005034488,0.0028577167017509453,-0.02003700651387419,-0.019724935,0.00031207122067655746
-1.2000000000000002,8.64757430416121e-10,2613.398572092139,483.2695161383806,39.73131063338137,294.42197627514213,0.000494169326444,test,-3.3061242151652976,-3.3089225,0.0004909955,0.002798314055283413,-0.02347681630769749,-0.022367539,0.001109277423415378
-2.8000000000000003,1.011801650795657e-09,2503.197375042157,521.464297637573,42.04226242943757,288.6545802497056,0.0005365804041216,test,-3.270365191778233,-3.271156,0.00053560414,0.0007908808383443322,-0.009704018486017318,-0.007754775,0.0019492432561758477
-2.2,8.64757430416121e-10,2613.398572092139,483.2695161383806,39.73131063338137,294.42197627514213,0.0005146328323767,test,-3.288502510264856,-3.2922525,0.00051020825,0.003750030323522946,-0.013443209218195307,-0.011698303,0.0017449064053209895
-0.8,9.676899592457672e-10,2498.119875502734,535.4265253830317,42.346830624956574,300.5747457097431,0.0004835258080385,test,-3.3155803406304427,-3.3012354,0.0004997635,0.014344903237254236,-0.031045578804148377,-0.032802235,0.001756656530963241
-1.0,8.688108546297865e-10,2646.5653288453154,498.36187777461095,39.94029005251662,299.6218359156308,0.0004796039947619,test,-3.319117208192404,-3.3148026,0.00048439243,0.004314561555441188,-0.02679514295464891,-0.026814552,1.9409069357934072e-05
-1.6,1.058962492367367e-09,2306.068264987093,513.3151002778768,40.55455133934368,303.4784744400111,0.0005178150487641,test,-3.2858253322320885,-3.2925963,0.0005098045,0.006771007947354857,-0.016970813103226234,-0.019155895,0.002185082234236191
-2.8000000000000003,1.1037395013588123e-09,2531.0169366346463,492.6438219382251,36.10636397779454,299.96382807834965,0.0005107477048422,test,-3.2917935762894595,-3.2846103,0.0005192658,0.0071833048356020335,-0.010220828272691662,-0.006847669,0.0033731593678805183
-1.8,8.920412889937108e-10,2700.220283946353,481.8164609958477,41.48473029075561,294.1535226587993,0.0005047663458149,test,-3.2969096084273732,-3.297599,0.00050396565,0.0006894687973582059,-0.016354240096196904,-0.017811216,0.0014569763177778583
-2.4000000000000004,1.0676002138658572e-09,2409.8209682971515,478.7831941058398,39.56928699408093,298.75903253628616,0.0005212992783158,test,-3.2829128763077455,-3.2819686,0.00052243395,0.0009442827103334217,-0.011612002456176995,-0.013082828,0.0014708259165399085
-1.0,1.011801650795657e-09,2503.197375042157,521.464297637573,42.04226242943757,288.6545802497056,0.000503204979406,test,-3.2982550700312903,-3.3028362,0.00049792486,0.004581109701986108,-0.025515726635159552,-0.02886809,0.003352363726197183
-2.6,8.688108546297865e-10,2646.5653288453154,498.36187777461095,39.94029005251662,299.6218359156308,0.000510839617008,test,-3.2917154293789004,-3.2874954,0.0005158277,0.004220054699334952,-0.011378070432190412,-0.013894324,0.0025162537587242184
-0.6000000000000001,1.2225745089622023e-09,2432.279761567632,478.07469592026655,37.79561575023349,300.3431374384869,0.0004748501544722,test,-3.3234434163809614,-3.3227673,0.00047559003,0.0006761586905317252,-0.035994052808863586,-0.034521442,0.0014726109021729883
-2.0,1.0284216851224184e-09,2501.257472196243,454.39559500401634,39.58517778577758,297.0863250737395,0.0005143380124211,test,-3.2887513777308746,-3.2928934,0.0005094559,0.004142031998129347,-0.014272340848863863,-0.013570523,0.0007018179593689666
-1.2000000000000002,8.688108546297865e-10,2646.5653288453154,498.36187777461095,39.94029005251662,299.6218359156308,0.000485117381446,test,-3.3141531646012057,-3.3098874,0.0004899058,0.004265755391000603,-0.02327337836017307,-0.022554964,0.0007184145330398906
-3.0,1.1065063764088474e-09,2603.202340784687,488.6799605874269,40.68035124967265,296.73843693227377,0.0005328146330767,test,-3.2734238563280025,-3.2761905,0.00052943116,0.002766663004883263,-0.00938574488305477,0.004308069,0.013693814007872618
-2.8000000000000003,1.0284216851224184e-09,2501.257472196243,454.39559500401634,39.58517778577758,297.0863250737395,0.0005257334798614,test,-3.279234365275511,-3.282772,0.00052146835,0.0035376989334734432,-0.009994179561916283,-0.0072703636,0.002723815936777285
-2.2,1.2225745089622023e-09,2432.279761567632,478.07469592026655,37.79561575023349,300.3431374384869,0.0005124278723707,test,-3.2903672558056116,-3.2897651,0.00051313883,0.0006021362529993191,-0.01246857399093848,-0.011769613,0.000698960739848431
-1.6,9.32148229008894e-10,2545.124905053194,512.7371789301767,40.07870713980076,299.5411124372077,0.0004981257557635,test,-3.3026610023415315,-3.2975605,0.0005040105,0.00510054892661449,-0.017970173010395385,-0.018974701,0.0010045279322401512
-0.8,1.0676002138658572e-09,2409.8209682971515,478.7831941058398,39.56928699408093,298.75903253628616,0.0004871674658896,test,-3.312321722543501,-3.3113673,0.00048823928,0.0009544492128124027,-0.0301287882610648,-0.030673036,0.0005442480907351666
0.0,9.973807555784963e-10,2483.6702561944007,499.2076886794748,40.248277237816566,302.09732544564235,0.0004442655288113,test,-3.352357382972991,-3.3547459,0.00044182892,0.0023884818951729336,-0.08131203359010897,-0.08305156,0.0017395287191561692
-0.8,1.1037395013588123e-09,2531.0169366346463,492.6438219382251,36.10636397779454,299.96382807834965,0.0004718826692922,test,-3.326165972580716,-3.3177192,0.00048115032,0.008446751465603697,-0.03064055556131251,-0.030199105,0.00044145064128287004
-1.4,9.676899592457672e-10,2498.119875502734,535.4265253830317,42.346830624956574,300.5747457097431,0.000500397314052,test,-3.300685030104768,-3.2857568,0.0005178967,0.014928203704011267,-0.020245888829037995,-0.020335868,8.997917194619731e-05
-0.2,8.688108546297865e-10,2646.5653288453154,498.36187777461095,39.94029005251662,299.6218359156308,0.0004459681521187,test,-3.3506961544111,-3.345611,0.00045122058,0.005085058982633228,-0.06330161057587702,-0.06054027,0.002761340515576194
-2.6,1.1065063764088474e-09,2603.202340784687,488.6799605874269,40.68035124967265,296.73843693227377,0.0005278394969442,test,-3.277498115701547,-3.2786798,0.0005264052,0.001181732015738124,-0.011038799763557705,-0.013968461,0.0029296614295866164
-2.2,8.920412889937108e-10,2700.220283946353,481.8164609958477,41.48473029075561,294.1535226587993,0.0005116546393804,test,-3.291023083594632,-3.291665,0.0005108988,0.0006419936148405192,-0.01334561271867507,-0.012906032,0.00043958103558772166
0.0,1.0284216851224184e-09,2501.257472196243,454.39559500401634,39.58517778577758,297.0863250737395,0.0004442757944297,test,-3.3523473478709467,-3.3573523,0.00043918524,0.005004908903955663,-0.07878235435732606,-0.08210507,0.0033227159952282648
-1.0,1.058962492367367e-09,2306.068264987093,513.3151002778768,40.55455133934368,303.4784744400111,0.0005033056716978,test,-3.2981681755572043,-3.305812,0.00049452484,0.007643706461838651,-0.025341698747727293,-0.027493913,0.0021522139789134087
-0.8,1.0284216851224184e-09,2501.257472196243,454.39559500401634,39.58517778577758,297.0863250737395,0.0004858670165345,test,-3.3134825823596445,-3.3182497,0.00048056297,0.004767120093968735,-0.030612572246758063,-0.031614106,0.001001533901723306
-1.4,1.011801650795657e-09,2503.197375042157,521.464297637573,42.04226242943757,288.6545802497056,0.0005135718745836,test,-3.2893987681315764,-3.293084,0.00050923246,0.0036851380421296653,-0.019444545273071157,-0.021195313,0.0017507676888648405
-0.6000000000000001,1.058962492367367e-09,2306.068264987093,513.3151002778768,40.55455133934368,303.4784744400111,0.0004896763596482,test,-3.3100908621287344,-3.3185573,0.00048022275,0.008466400291919918,-0.03587293468052799,-0.03561172,0.0002612157874768428
-1.2000000000000002,1.011801650795657e-09,2503.197375042157,521.464297637573,42.04226242943757,288.6545802497056,0.0005087095129564,test,-3.2935301409103364,-3.2975726,0.0005039963,0.004042471852114815,-0.022140754749283786,-0.02404299,0.0019022353093767208
-1.4,1.0511173572717443e-09,2495.130349883853,523.8477826070769,41.27631172344517,301.59948365785385,0.0004972887703838,test,-3.3033913477563415,-3.2970037,0.0005046569,0.006387601723626624,-0.020062743643386227,-0.020855058,0.0007923143412043032
-0.6000000000000001,1.0676002138658572e-09,2409.8209682971515,478.7831941058398,39.56928699408093,298.75903253628616,0.0004798772236881,test,-3.3188698624062214,-3.3179088,0.00048094036,0.0009610985207233469,-0.03634002085833643,-0.03468759,0.0016524310043344315
-1.6,8.688108546297865e-10,2646.5653288453154,498.36187777461095,39.94029005251662,299.6218359156308,0.0004943506529301,test,-3.30596488789855,-3.3018732,0.00049903017,0.004091680806264986,-0.0181776981999775,-0.018365338,0.00018764024473227892
-3.0,8.64757430416121e-10,2613.398572092139,483.2695161383806,39.73131063338137,294.42197627514213,0.0005255338666299,test,-3.279399291783095,-3.2846713,0.00051919284,0.005272014827012228,-0.009654177750988424,0.0042669177,0.013921095456524313
0.0,9.676899592457672e-10,2498.119875502734,535.4265253830317,42.346830624956574,300.5747457097431,0.000441288545103,test,-3.355277345752728,-3.34122,0.00045580606,0.014057443714153628,-0.08158847344262199,-0.086669624,0.005081150409154134
-1.4,8.64757430416121e-10,2613.398572092139,483.2695161383806,39.73131063338137,294.42197627514213,0.0004991837613806,test,-3.301739550844674,-3.3047655,0.0004957178,0.003025912030692357,-0.020643628162760663,-0.01947539,0.0011682388907860997
-1.6,9.676899592457672e-10,2498.119875502734,535.4265253830317,42.346830624956574,300.5747457097431,0.0005047963366545,test,-3.2968838054606513,-3.2817924,0.00052264595,0.01509140319319524,-0.017991676341534202,-0.01937252,0.0013808427641386345
-0.2,1.0511173572717443e-09,2495.130349883853,523.8477826070769,41.27631172344517,301.59948365785385,0.0004536551817166,test,-3.343274124182549,-3.3379016,0.00045930207,0.00537253192791054,-0.061260116251601104,-0.06075405,0.000506066682232742
-2.6,1.0676002138658572e-09,2409.8209682971515,478.7831941058398,39.56928699408093,298.75903253628616,0.0005239704354508,test,-3.280693216991093,-3.2791789,0.0005258007,0.0015143591877482265,-0.010652314107746363,-0.013651866,0.002999551426738023
-1.2000000000000002,1.1065063764088474e-09,2603.202340784687,488.6799605874269,40.68035124967265,296.73843693227377,0.0005016013272084,test,-3.2996413230574797,-3.3006358,0.00050045404,0.0009944916092683442,-0.023099449133141547,-0.02190027,0.001199178998930961
0.0,1.0511173572717443e-09,2495.130349883853,523.8477826070769,41.27631172344517,301.59948365785385,0.0004390190953355,test,-3.3575165895107686,-3.3524947,0.00044412506,0.0050218728664814805,-0.08116453703059534,-0.084330715,0.0031661782084526635
-0.2,1.058962492367367e-09,2306.068264987093,513.3151002778768,40.55455133934368,303.4784744400111,0.0004699444889443,test,-3.327953439019553,-3.3362226,0.00046108113,0.008269209601052374,-0.059388625941847906,-0.0594059,1.727459611977622e-05
-1.8,9.973807555784963e-10,2483.6702561944007,499.2076886794748,40.248277237816566,302.09732544564235,0.0005116985516866,test,-3.290985812254789,-3.2925239,0.00050988956,0.0015380486766076729,-0.015780965533922497,-0.01688395,0.001102985146571811
-1.2000000000000002,1.058962492367367e-09,2306.068264987093,513.3151002778768,40.55455133934368,303.4784744400111,0.0005087629302507,test,-3.2934845399973507,-3.3007987,0.00050026644,0.007314114558923723,-0.021887714372027745,-0.02289545,0.0010077354004494055
-1.0,1.0676002138658572e-09,2409.8209682971515,478.7831941058398,39.56928699408093,298.75903253628616,0.0004933801275277,test,-3.3068183471017956,-3.3056695,0.00049468694,0.0011488009744762273,-0.025627881194392188,-0.026213659,0.0005857777791824503
-0.2,1.2225745089622023e-09,2432.279761567632,478.07469592026655,37.79561575023349,300.3431374384869,0.0004557085777186,test,-3.3413127966955956,-3.340249,0.00045682612,0.0010637351111228988,-0.05903996071636364,-0.05907575,3.57896941931557e-05
-2.2,1.1065063764088474e-09,2603.202340784687,488.6799605874269,40.68035124967265,296.73843693227377,0.0005220314272196,test,-3.2823033509111315,-3.2839873,0.00052001124,0.0016839327955335825,-0.013145497624584834,-0.011665256,0.0014802418619481728
-1.0,9.431291378149591e-10,2617.847164727645,540.4486468445567,38.69622270488729,301.9657628923453,0.0004792708618392,test,-3.3194189739439905,-3.3143969,0.00048484525,0.005022115728658516,-0.02702135457258592,-0.027850064,0.0008287089451037843
-0.4,1.058962492367367e-09,2306.068264987093,513.3151002778768,40.55455133934368,303.4784744400111,0.0004808721292452,test,-3.317970393368653,-3.3262134,0.00047183118,0.008242966464110602,-0.04465644222704768,-0.042476565,0.002179877581280465
-1.4,1.0676002138658572e-09,2409.8209682971515,478.7831941058398,39.56928699408093,298.75903253628616,0.0005036036802509,test,-3.2979111048016296,-3.2968175,0.00050487334,0.0010935636791931103,-0.019601474634068694,-0.019147541,0.00045393326010056967
-0.8,9.91880560193061e-10,2562.543459042286,488.1664551370801,40.47383155665718,295.6008889602198,0.0004897496934352,test,-3.310025827185074,-3.313023,0.00048638135,0.0029972631774746183,-0.031082432664021553,-0.031701293,0.0006188601786050185
-0.2,1.1065063764088474e-09,2603.202340784687,488.6799605874269,40.68035124967265,296.73843693227377,0.0004619215678932,test,-3.3354317593418417,-3.3346856,0.00046271592,0.0007461953007039668,-0.061185360956054424,-0.057507522,0.003677838551860546
-0.6000000000000001,9.431291378149591e-10,2617.847164727645,540.4486468445567,38.69622270488729,301.9657628923453,0.0004654909639643,test,-3.3320887450554237,-3.3272712,0.0004706833,0.004817521987186435,-0.038076607469264445,-0.036023494,0.00205311361307281
-2.8000000000000003,1.1065063764088474e-09,2603.202340784687,488.6799605874269,40.68035124967265,296.73843693227377,0.0005304189168468,test,-3.275380995659693,-3.276444,0.00052912225,0.0010629626227776079,-0.010185648433859384,-0.0071819504,0.0030036980546963576
-2.2,9.676899592457672e-10,2498.119875502734,535.4265253830317,42.346830624956574,300.5747457097431,0.0005156450830408,test,-3.2876491191310695,-3.272299,0.0005341964,0.015350067846279458,-0.013302277676077168,-0.012680979,0.0006212982305004999
-1.4,1.058962492367367e-09,2306.068264987093,513.3151002778768,40.55455133934368,303.4784744400111,0.000513554938865,test,-3.2894130898083924,-3.2965248,0.00050521386,0.007111673298907384,-0.019148019413156803,-0.02018607,0.0010380509396359372
-3.0,9.431291378149591e-10,2617.847164727645,540.4486468445567,38.69622270488729,301.9657628923453,0.0005156605078594,test,-3.287636127998932,-3.2817752,0.0005226666,0.005860891869171159,-0.00966471786112244,0.0043090507,0.013973768599933933
-0.4,9.676899592457672e-10,2498.119875502734,535.4265253830317,42.346830624956574,300.5747457097431,0.000467157287615,test,-3.3305368718055335,-3.3160572,0.00048299518,0.01447966660533817,-0.046551700873068924,-0.043620408,0.0029312932917395784
-1.2000000000000002,9.32148229008894e-10,2545.124905053194,512.7371789301767,40.07870713980076,299.5411124372077,0.0004888717936102,test,-3.310805019461114,-3.3057234,0.0004946256,0.00508159073491754,-0.02328812034351735,-0.022757767,0.0005303535751810529
-1.0,9.973807555784963e-10,2483.6702561944007,499.2076886794748,40.248277237816566,302.09732544564235,0.0004929653347683,test,-3.3071836191571684,-3.3092265,0.0004906519,0.0020428937517671386,-0.026314449327044187,-0.027241293,0.0009268440138772149
-1.6,1.1037395013588123e-09,2531.0169366346463,492.6438219382251,36.10636397779454,299.96382807834965,0.0004924138263538,test,-3.3076697611329693,-3.299939,0.0005012577,0.007730843972935109,-0.017704102758044016,-0.016994862,0.00070924087213875
-0.8,8.64757430416121e-10,2613.398572092139,483.2695161383806,39.73131063338137,294.42197627514213,0.000482060558839,test,-3.3168984001064876,-3.319656,0.00047900947,0.002757495126666676,-0.03140448240300486,-0.03163604,0.00023155825475384972
-1.4,1.0284216851224184e-09,2501.257472196243,454.39559500401634,39.58517778577758,297.0863250737395,0.0005025360205155,test,-3.298832803657802,-3.3032436,0.0004974579,0.004410833427158867,-0.01994161320424581,-0.019784886,0.0001567268142750322
-2.2,9.91880560193061e-10,2562.543459042286,488.1664551370801,40.47383155665718,295.6008889602198,0.0005220271274348,test,-3.282306928053053,-3.2852623,0.0005184867,0.0029554182146473984,-0.013095517658475941,-0.011822142,0.0012733759515324294
-2.4000000000000004,8.64757430416121e-10,2613.398572092139,483.2695161383806,39.73131063338137,294.42197627514213,0.0005176820906281,test,-3.2859368593100684,-3.2898312,0.00051306083,0.0038943021889550344,-0.012300810701590947,-0.013000687,0.0006998759513674457
-0.8,1.0511173572717443e-09,2495.130349883853,523.8477826070769,41.27631172344517,301.59948365785385,0.0004806531130992,test,-3.318168240499673,-3.3127446,0.00048669332,0.005423623037514869,-0.0308118480273869,-0.03305464,0.0022427906266067055
-3.0,1.0511173572717443e-09,2495.130349883853,523.8477826070769,41.27631172344517,301.59948365785385,0.0005224781812964,test,-3.28193184098806,-3.2746623,0.00053129747,0.007269584747215063,-0.00925346312540043,0.0042774016,0.013530864729158765
-0.4,8.64757430416121e-10,2613.398572092139,483.2695161383806,39.73131063338137,294.42197627514213,0.0004656366781561,test,-3.3319528176764313,-3.3343985,0.00046302186,0.0024456903954681586,-0.04668046181381236,-0.044210263,0.002470199217205149
-1.0,9.91880560193061e-10,2562.543459042286,488.1664551370801,40.47383155665718,295.6008889602198,0.0004962096927196,test,-3.304334756683069,-3.3071551,0.00049299764,0.0028203756106321975,-0.02645528634775829,-0.026940556,0.00048526989530373044
-2.2,9.431291378149591e-10,2617.847164727645,540.4486468445567,38.69622270488729,301.9657628923453,0.0005049510689491,test,-3.2967507040892188,-3.2907333,0.0005119961,0.006017366686875025,-0.01344916909598659,-0.013807534,0.00035836514419962384
-1.0,1.0511173572717443e-09,2495.130349883853,523.8477826070769,41.27631172344517,301.59948365785385,0.0004869311641001,test,-3.312532429266819,-3.306587,0.00049364305,0.005945448447116863,-0.02627505402926289,-0.028359339,0.002084284611903797
0.0,9.91880560193061e-10,2562.543459042286,488.1664551370801,40.47383155665718,295.6008889602198,0.0004470974175332,test,-3.3495978386408476,-3.3524988,0.00044412093,0.0029009311192842446,-0.0809120750419936,-0.08279286,0.0018807882077851446
-1.8,1.011801650795657e-09,2503.197375042157,521.464297637573,42.04226242943757,288.6545802497056,0.0005217840036991,test,-3.2825092391715955,-3.2851632,0.0005186052,0.0026539249671984066,-0.015378955721519816,-0.017785443,0.0024064872715250374
-1.8,1.1037395013588123e-09,2531.0169366346463,492.6438219382251,36.10636397779454,299.96382807834965,0.0004961994842485,test,-3.3043436914707964,-3.2967186,0.0005049884,0.007625094058687054,-0.015756581196363584,-0.015088083,0.0006684979738551533
-0.4,1.1065063764088474e-09,2603.202340784687,488.6799605874269,40.68035124967265,296.73843693227377,0.0004730025106223,test,-3.3251365540898474,-3.3249652,0.00047318914,0.00017131551868043715,-0.04621578789538461,-0.04133763,0.004878156252566157
-2.4000000000000004,1.0284216851224184e-09,2501.257472196243,454.39559500401634,39.58517778577758,297.0863250737395,0.0005205088347126,test,-3.283571894713735,-3.2878685,0.00051538466,0.0042966050421244795,-0.01181908796359643,-0.013472643,0.0016535547859515276
-2.4000000000000004,8.688108546297865e-10,2646.5653288453154,498.36187777461095,39.94029005251662,299.6218359156308,0.0005080659241413,test,-3.2940799321388474,-3.2903407,0.00051245926,0.0037392701362839453,-0.012329117832022618,-0.013452914,0.001123795780104686
-1.2000000000000002,9.91880560193061e-10,2562.543459042286,488.1664551370801,40.47383155665718,295.6008889602198,0.0005018296151631,test,-3.2994437126459704,-3.3022356,0.0004986139,0.00279189068654917,-0.02286947958936736,-0.022490354,0.0003791253345255541
-0.2,1.0676002138658572e-09,2409.8209682971515,478.7831941058398,39.56928699408093,298.75903253628616,0.000460389565483,test,-3.3368745280146785,-3.3353038,0.0004620577,0.0015707445979304957,-0.05932402331636588,-0.05836633,0.0009576948385063844
0.0,1.1065063764088474e-09,2603.202340784687,488.6799605874269,40.68035124967265,296.73843693227377,0.0004470841787919,test,-3.349610698472269,-3.3484967,0.0004482325,0.0011140229809361024,-0.08060403034822627,-0.07982166,0.0007823692335335863
-0.2,8.920412889937108e-10,2700.220283946353,481.8164609958477,41.48473029075561,294.1535226587993,0.0004514384413111,test,-3.345401462231097,-3.3473425,0.00044942528,0.001941028918805543,-0.062500432690058,-0.060060743,0.002439689447555793
-1.6,1.0676002138658572e-09,2409.8209682971515,478.7831941058398,39.56928699408093,298.75903253628616,0.0005078904184688,test,-3.2942299802121178,-3.2931092,0.00050920283,0.0011208016690269496,-0.01740634666450802,-0.01800435,0.0005980036997002003
-1.0,1.0284216851224184e-09,2501.257472196243,454.39559500401634,39.58517778577758,297.0863250737395,0.0004921624346405,test,-3.3078915378313933,-3.3123858,0.0004870956,0.004494259669217016,-0.026045903151242555,-0.02697548,0.0009295776883675444
-1.8,9.676899592457672e-10,2498.119875502734,535.4265253830317,42.346830624956574,300.5747457097431,0.000508758455758,test,-3.2934883595681543,-3.2780921,0.000527118,0.015396213648354529,-0.01613819522397364,-0.017391004,0.0012528084443346188
-1.8,9.431291378149591e-10,2617.847164727645,540.4486468445567,38.69622270488729,301.9657628923453,0.0004981177353442,test,-3.30266799505742,-3.2969522,0.00050471677,0.00571574743779113,-0.016409665746635937,-0.018272305,0.0018626391608052018
-0.8,9.32148229008894e-10,2545.124905053194,512.7371789301767,40.07870713980076,299.5411124372077,0.0004769252831826,test,-3.3215496537547824,-3.3164978,0.00048250542,0.005051851020407394,-0.031469669019262625,-0.031242438,0.00022723135856850263
-0.2,1.1037395013588123e-09,2531.0169366346463,492.6438219382251,36.10636397779454,299.96382807834965,0.0004454440512234,test,-3.3512068365672634,-3.341476,0.0004555374,0.009730872974734073,-0.06081066353174158,-0.057816986,0.0029936775371641744
-0.2,9.91880560193061e-10,2562.543459042286,488.1664551370801,40.47383155665718,295.6008889602198,0.000462009067191,test,-3.3353495010837526,-3.3380415,0.00045915408,0.002692042876818679,-0.06157130052896065,-0.06078308,0.0007882197722963724
-0.6000000000000001,9.91880560193061e-10,2562.543459042286,488.1664551370801,40.47383155665718,295.6008889602198,0.0004822056228581,test,-3.3167677297486775,-3.3198245,0.00047882358,0.003056727419901595,-0.03735872811047081,-0.036271792,0.0010869362053060883
0.0,1.0676002138658572e-09,2409.8209682971515,478.7831941058398,39.56928699408093,298.75903253628616,0.0004460799052001,test,-3.350587340213382,-3.3493,0.00044740425,0.001287432529055721,-0.07780409867066851,-0.080885276,0.003081177527718637
-2.0,1.2225745089622023e-09,2432.279761567632,478.07469592026655,37.79561575023349,300.3431374384869,0.0005093599847078,test,-3.292975176182769,-3.2921977,0.0005102726,0.0007774718675834791,-0.013732602099937097,-0.013063776,0.000668825793129102
-0.2,9.973807555784963e-10,2483.6702561944007,499.2076886794748,40.248277237816566,302.09732544564235,0.0004591287625302,test,-3.3380654996171732,-3.3402295,0.0004568467,0.0021640116438130796,-0.06160679996807161,-0.06105515,0.0005516500850397676
-3.0,9.32148229008894e-10,2545.124905053194,512.7371789301767,40.07870713980076,299.5411124372077,0.0005193139219383,test,-3.2845700345396716,-3.2801237,0.000524658,0.004446323907347338,-0.00954654925868681,0.004200846,0.013747395215489178
-3.0,1.058962492367367e-09,2306.068264987093,513.3151002778768,40.55455133934368,303.4784744400111,0.0005386083028695,test,-3.2687269560440506,-3.2750823,0.0005307838,0.006355393733171066,-0.008893146909812799,0.0041065956,0.012999742556402794
-2.6,1.2225745089622023e-09,2432.279761567632,478.07469592026655,37.79561575023349,300.3431374384869,0.0005178440691151,test,-3.2858009933775603,-3.2843835,0.00051953696,0.001417457992428428,-0.010515683608479875,-0.014211671,0.003695987818412405
-1.4,1.2225745089622023e-09,2432.279761567632,478.07469592026655,37.79561575023349,300.3431374384869,0.0004980632407636,test,-3.3027155099091177,-3.3021333,0.0004987314,0.0005821881470327028,-0.019363334111650587,-0.018594654,0.0007686798346835388
-0.8,1.1065063764088474e-09,2603.202340784687,488.6799605874269,40.68035124967265,296.73843693227377,0.0004895202337758,test,-3.3102293524092268,-3.3110678,0.0004885761,0.0008384671861101367,-0.03096482363497266,-0.030368231,0.0005965923980379984
-3.0,1.1037395013588123e-09,2531.0169366346463,492.6438219382251,36.10636397779454,299.96382807834965,0.0005130697968429,test,-3.2898235504401945,-3.28435,0.0005195772,0.005473632074715962,-0.009479430219965224,0.003951776,0.013431206061380152
-0.2,9.32148229008894e-10,2545.124905053194,512.7371789301767,40.07870713980076,299.5411124372077,0.0004495323596053,test,-3.3472390400994247,-3.3407655,0.00045628325,0.006473563872618104,-0.062135194677523486,-0.059194222,0.0029409725848950075
-0.4,9.91880560193061e-10,2562.543459042286,488.1664551370801,40.47383155665718,295.6008889602198,0.0004731846868249,test,-3.324969318429263,-3.3277173,0.0004702001,0.002747985800473529,-0.046454428337689535,-0.04403202,0.002422409705992834
-1.2000000000000002,1.0676002138658572e-09,2409.8209682971515,478.7831941058398,39.56928699408093,298.75903253628616,0.0004988034285189,test,-3.3020705700657444,-3.3008862,0.0005001656,0.0011844158909397606,-0.02226810575041327,-0.021846598,0.00042150773617777304
-2.0,1.1037395013588123e-09,2531.0169366346463,492.6438219382251,36.10636397779454,299.96382807834965,0.0004996120119136,test,-3.301367128654424,-3.2939546,0.00050821254,0.007412517829838983,-0.014187010541002465,-0.0124637475,0.0017232630172774321
-1.4,9.32148229008894e-10,2545.124905053194,512.7371789301767,40.07870713980076,299.5411124372077,0.0004937765698557,test,-3.3064695215806683,-3.301464,0.0004995005,0.005005440770121439,-0.020360042798957423,-0.02012673,0.00023331259532888282
-1.2000000000000002,1.2225745089622023e-09,2432.279761567632,478.07469592026655,37.79561575023349,300.3431374384869,0.0004933675409537,test,-3.306829426488774,-3.306072,0.00049422873,0.0007574297999313195,-0.022027388000719128,-0.021123957,0.0009034311118050198
-1.8,1.0511173572717443e-09,2495.130349883853,523.8477826070769,41.27631172344517,301.59948365785385,0.0005054704186358,test,-3.2963042553037445,-3.2891557,0.0005138594,0.0071485336393157795,-0.015758204442187562,-0.017780261,0.0020220566720521305
-2.4000000000000004,1.1065063764088474e-09,2603.202340784687,488.6799605874269,40.68035124967265,296.73843693227377,0.0005250534112705,test,-3.279796515565115,-3.2815356,0.0005229551,0.0017391098926484716,-0.012013088023959284,-0.013378153,0.001365064599813337
-2.6,9.431291378149591e-10,2617.847164727645,540.4486468445567,38.69622270488729,301.9657628923453,0.0005107103345462,test,-3.291825353832386,-3.2846262,0.00051924674,0.00719910833372861,-0.011333611083530926,-0.015635705,0.004302093538141705
-1.0,9.32148229008894e-10,2545.124905053194,512.7371789301767,40.07870713980076,299.5411124372077,0.0004832982585687,test,-3.3157847697180753,-3.310672,0.0004890215,0.005112724964047022,-0.02686158573417252,-0.026939148,7.756234915667903e-05
0.0,8.64757430416121e-10,2613.398572092139,483.2695161383806,39.73131063338137,294.42197627514213,0.0004398337084557,test,-3.356711489765327,-3.3590407,0.00043748107,0.002329247386772426,-0.08157566688623419,-0.081529155,4.6511512660885046e-05
-2.6,1.011801650795657e-09,2503.197375042157,521.464297637573,42.04226242943757,288.6545802497056,0.0005340933981474,test,-3.2723827902500626,-3.2735515,0.0005326581,0.0011686738307479239,-0.010526670031614671,-0.014925837,0.004399166553847422
-1.4,1.1065063764088474e-09,2603.202340784687,488.6799605874269,40.68035124967265,296.73843693227377,0.0005066175903493,test,-3.295319735076442,-3.296547,0.0005051881,0.001227200958714203,-0.020360085431631703,-0.019283136,0.0010769490787350122
-2.2,9.973807555784963e-10,2483.6702561944007,499.2076886794748,40.248277237816566,302.09732544564235,0.0005184495851564,test,-3.2852934686922852,-3.286901,0.0005165341,0.0016075284695800107,-0.012949175992371664,-0.01224304,0.0007061360863467314
-1.4,8.688108546297865e-10,2646.5653288453154,498.36187777461095,39.94029005251662,299.6218359156308,0.0004899955581731,test,-3.3098078568483347,-3.30568,0.000494675,0.004127820303534868,-0.020470691756640846,-0.01978124,0.0006894524258722612
-2.0,1.058962492367367e-09,2306.068264987093,513.3151002778768,40.55455133934368,303.4784744400111,0.0005251169572789,test,-3.2797439570819296,-3.2858326,0.00051780633,0.006088686426981571,-0.013725318504366868,-0.013854724,0.0001294058506751128
-1.8,8.64757430416121e-10,2613.398572092139,483.2695161383806,39.73131063338137,294.42197627514213,0.0005076726307349,test,-3.294416249321816,-3.2976177,0.00050394406,0.0032014245520852747,-0.016381552257119125,-0.015984904,0.00039664823609442124
-1.6,8.920412889937108e-10,2700.220283946353,481.8164609958477,41.48473029075561,294.1535226587993,0.0005007729985297,test,-3.300359096142865,-3.3014014,0.0004995726,0.0010422805813781189,-0.01831904425385389,-0.02001447,0.0016954261892756506
-3.0,9.91880560193061e-10,2562.543459042286,488.1664551370801,40.47383155665718,295.6008889602198,0.0005327772982724,test,-3.273454288802236,-3.277481,0.0005278602,0.00402679029932651,-0.009388250244672491,0.0043146308,0.013702881002689793
-0.6000000000000001,9.32148229008894e-10,2545.124905053194,512.7371789301767,40.07870713980076,299.5411124372077,0.0004694910986838,test,-3.3283726373257805,-3.3231444,0.00047517716,0.0052282014432121215,-0.037946105057370616,-0.035176102,0.0027700029853701125
-2.0,8.688108546297865e-10,2646.5653288453154,498.36187777461095,39.94029005251662,299.6218359156308,0.000501821510414,test,-3.299450726732283,-3.2953715,0.0005065572,0.0040791942920974655,-0.014724252641585167,-0.013567265,0.0011569875184562761
-2.0,8.920412889937108e-10,2700.220283946353,481.8164609958477,41.48473029075561,294.1535226587993,0.0005083731440341,test,-3.2938174001043863,-3.2943544,0.0005077449,0.0005370386773519975,-0.014716312081853644,-0.014509574,0.00020673850301911045
-2.4000000000000004,8.920412889937108e-10,2700.220283946353,481.8164609958477,41.48473029075561,294.1535226587993,0.0005146605087601,test,-3.2884791550169163,-3.28898,0.0005140673,0.000500852154714515,-0.012186465608326813,-0.014481093,0.0022946271948534047
-2.8000000000000003,9.973807555784963e-10,2483.6702561944007,499.2076886794748,40.248277237816566,302.09732544564235,0.0005266999287091,test,-3.2784367404259758,-3.279088,0.00052591064,0.0006512798987312607,-0.010158739653075344,-0.007433923,0.002724816691721088
-1.2000000000000002,8.920412889937108e-10,2700.220283946353,481.8164609958477,41.48473029075561,294.1535226587993,0.0004913261739798,test,-3.3086300994674303,-3.3100927,0.0004896743,0.0014625881393812712,-0.023543878343222246,-0.02438678,0.0008429019932769677
-1.0,1.2225745089622023e-09,2432.279761567632,478.07469592026655,37.79561575023349,300.3431374384869,0.000488060358838,test,-3.311526465109406,-3.3107088,0.00048898015,0.000817703894195887,-0.025343186927074157,-0.025506852,0.00016366526759270528
-1.0,8.64757430416121e-10,2613.398572092139,483.2695161383806,39.73131063338137,294.42197627514213,0.0004885057979692,test,-3.311130277367753,-3.3138146,0.00048549566,0.0026843626774128992,-0.026935462352975392,-0.026774041,0.00016142099831917278
-2.4000000000000004,9.91880560193061e-10,2562.543459042286,488.1664551370801,40.47383155665718,295.6008889602198,0.0005250379034168,test,-3.279809342973921,-3.282792,0.0005214443,0.0029827483957078904,-0.01196736964021028,-0.013398668,0.0014312981572359718
-3.0,1.0676002138658572e-09,2409.8209682971515,478.7831941058398,39.56928699408093,298.75903253628616,0.000528729158181,test,-3.2767667386058017,-3.2767208,0.0005287851,4.597635299408154e-05,-0.009035924625235836,0.004088668,0.01312459277792577
-1.6,1.0511173572717443e-09,2495.130349883853,523.8477826070769,41.27631172344517,301.59948365785385,0.0005016108000107,test,-3.299633121430614,-3.2929409,0.0005094002,0.0066922664043689295,-0.017717731131492442,-0.019832717,0.0021149861232654388
-2.4000000000000004,9.676899592457672e-10,2498.119875502734,535.4265253830317,42.346830624956574,300.5747457097431,0.0005186714984421,test,-3.2851076163006305,-3.2696323,0.00053748663,0.015475276823091466,-0.01219421974828272,-0.014542417,0.002348196921145629
-2.8000000000000003,1.058962492367367e-09,2306.068264987093,513.3151002778768,40.55455133934368,303.4784744400111,0.0005363146733156,test,-3.270580320782931,-3.2753942,0.0005304028,0.004813880495755374,-0.00964050047899967,-0.0075631635,0.0020773369526434493
-0.4,9.32148229008894e-10,2545.124905053194,512.7371789301767,40.07870713980076,299.5411124372077,0.0004605448224421,test,-3.3367280957777306,-3.3307645,0.00046691246,0.005963563688497153,-0.04716600693411088,-0.04246624,0.004699768793051007
-2.4000000000000004,1.058962492367367e-09,2306.068264987093,513.3151002778768,40.55455133934368,303.4784744400111,0.0005311796201145,test,-3.274758595992456,-3.2806847,0.0005239807,0.005926113556494084,-0.011378702324256196,-0.013998424,0.002619721378758655
-2.2,1.058962492367367e-09,2306.068264987093,513.3151002778768,40.55455133934368,303.4784744400111,0.0005282814519887,test,-3.2771346371653554,-3.2832668,0.00052087463,0.00613214559526476,-0.012463402723682293,-0.012340394,0.0001230088749650804
-1.0,8.920412889937108e-10,2700.220283946353,481.8164609958477,41.48473029075561,294.1535226587993,0.0004856744114192,test,-3.3136547774662044,-3.3154068,0.00048371905,0.0017520218502018459,-0.027132291448898727,-0.028974041,0.001841749893836564
-2.8000000000000003,8.688108546297865e-10,2646.5653288453154,498.36187777461095,39.94029005251662,299.6218359156308,0.0005134182428632,test,-3.289528703965971,-3.2852647,0.00051848387,0.004263973512479868,-0.01053628759325953,-0.007172434,0.0033638534681639243
0.0,9.32148229008894e-10,2545.124905053194,512.7371789301767,40.07870713980076,299.5411124372077,0.00043492845924,test,-3.3615821736487397,-3.354962,0.00044160898,0.0066200631293305,-0.08129614081562764,-0.08203689,0.0007407492738842336
-2.0,9.973807555784963e-10,2483.6702561944007,499.2076886794748,40.248277237816566,302.09732544564235,0.0005152289782633,test,-3.28799971873457,-3.289448,0.00051351363,0.0014483041078370285,-0.014230858906257637,-0.013739814,0.0004910448557620128
-2.8000000000000003,9.676899592457672e-10,2498.119875502734,535.4265253830317,42.346830624956574,300.5747457097431,0.0005240648375408,test,-3.280614978580737,-3.2640696,0.00054441544,0.0165454213907954,-0.010385098961583239,-0.00804519,0.0023399089476381363
-2.6,8.64757430416121e-10,2613.398572092139,483.2695161383806,39.73131063338137,294.42197627514213,0.0005204965006076,test,-3.2835821859842196,-3.2870777,0.000516324,0.003495479344759911,-0.011316065503987005,-0.013463766,0.002147700810102293
-2.4000000000000004,1.1037395013588123e-09,2531.0169366346463,492.6438219382251,36.10636397779454,299.96382807834965,0.0005055967630753,test,-3.2961957151509793,-3.2893293,0.000513654,0.006866424760964662,-0.011892513762809642,-0.012368771,0.0004762574847561041
-1.6,9.91880560193061e-10,2562.543459042286,488.1664551370801,40.47383155665718,295.6008889602198,0.0005111767470593,test,-3.291428910040421,-3.2942302,0.00050789013,0.0028013126616053263,-0.017788183613218322,-0.018486105,0.0006979212923869937
-0.6000000000000001,9.676899592457672e-10,2498.119875502734,535.4265253830317,42.346830624956574,300.5747457097431,0.0004760880716846,test,-3.32231269957244,-3.3081942,0.00049181964,0.01411853911101435,-0.037391327937728036,-0.03660716,0.0007841667734442836
-1.6,1.1065063764088474e-09,2603.202340784687,488.6799605874269,40.68035124967265,296.73843693227377,0.0005110962695834,test,-3.2914972888848277,-3.292809,0.0005095549,0.001311720667174221,-0.01805204618851519,-0.018158272,0.00010622572024487908
-2.6,9.973807555784963e-10,2483.6702561944007,499.2076886794748,40.248277237816566,302.09732544564235,0.0005241511414415,test,-3.280543464105329,-3.2813942,0.00052312535,0.0008507791350274019,-0.01095826977911507,-0.01439096,0.0034326905566164356
-1.6,1.011801650795657e-09,2503.197375042157,521.464297637573,42.04226242943757,288.6545802497056,0.0005179021061907,test,-3.285752322801108,-3.288967,0.00051408284,0.0032145713486722016,-0.017223822399952127,-0.020018755,0.002794932127020644
-1.8,1.0284216851224184e-09,2501.257472196243,454.39559500401634,39.58517778577758,297.0863250737395,0.0005108000696301,test,-3.2917490522074355,-3.2959132,0.00050592574,0.004164167244468775,-0.01584049521643749,-0.016505992,0.0006654968236006198
-1.2000000000000002,1.0511173572717443e-09,2495.130349883853,523.8477826070769,41.27631172344517,301.59948365785385,0.0004924269134106,test,-3.3076582188879677,-3.301416,0.0004995559,0.006242298630399379,-0.022852703776193195,-0.023623135,0.0007704311646694606
-0.2,1.0284216851224184e-09,2501.257472196243,454.39559500401634,39.58517778577758,297.0863250737395,0.000458722581705,test,-3.33844988016782,-3.3430493,0.0004538901,0.004599407628200325,-0.06019232267393981,-0.06007996,0.0001123643840781341
-2.2,8.688108546297865e-10,2646.5653288453154,498.36187777461095,39.94029005251662,299.6218359156308,0.0005050715703637,test,-3.29664707651171,-3.2928476,0.0005095096,0.0037994431498935555,-0.013426986483588976,-0.012110687,0.001316299622610373
-2.0,8.64757430416121e-10,2613.398572092139,483.2695161383806,39.73131063338137,294.42197627514213,0.0005113118489279,test,-3.2913141429973467,-3.2946937,0.0005073484,0.0033795654224531013,-0.014784347642400775,-0.013148764,0.0016355834940462444
-1.0,9.676899592457672e-10,2498.119875502734,535.4265253830317,42.346830624956574,300.5747457097431,0.0004898978482672,test,-3.3098944680507807,-3.2951422,0.00050682476,0.014752294283690848,-0.02649544909544055,-0.027958695,0.001463245749997455
-0.6000000000000001,8.920412889937108e-10,2700.220283946353,481.8164609958477,41.48473029075561,294.1535226587993,0.0004716183274088,test,-3.326409326270223,-3.3288612,0.0004689632,0.0024519103020428368,-0.038413613401372615,-0.03791305,0.0005005628988339339
-1.2000000000000002,9.676899592457672e-10,2498.119875502734,535.4265253830317,42.346830624956574,300.5747457097431,0.0004954705422522,test,-3.3049821609922665,-3.290064,0.0005127857,0.01491806454146083,-0.02302359486503036,-0.023110844,8.724932985870737e-05
-2.6,9.32148229008894e-10,2545.124905053194,512.7371789301767,40.07870713980076,299.5411124372077,0.0005144090287781,test,-3.2886914173892476,-3.2827115,0.00052154105,0.005979911499355062,-0.011111017754947383,-0.0143097425,0.003198724733019631
-2.0,1.1065063764088474e-09,2603.202340784687,488.6799605874269,40.68035124967265,296.73843693227377,0.0005187346819937,test,-3.2850547146149487,-3.286411,0.00051711715,0.0013563323668628335,-0.014488914224761729,-0.013089934,0.0013989798608005088
-1.8,1.0676002138658572e-09,2409.8209682971515,478.7831941058398,39.56928699408093,298.75903253628616,0.000511742438043,test,-3.290948566135827,-3.289683,0.00051323575,0.0012654625744255021,-0.015569039527516537,-0.01605422,0.0004851809700916476
-0.4,1.2225745089622023e-09,2432.279761567632,478.07469592026655,37.79561575023349,300.3431374384869,0.0004662680717128,test,-3.3313643223831493,-3.3302865,0.00046742667,0.0010778195450145134,-0.044673450786586244,-0.042143367,0.0025300835556940626
0.0,9.431291378149591e-10,2617.847164727645,540.4486468445567,38.69622270488729,301.9657628923453,0.0004310119332489,test,-3.3655107055413467,-3.359586,0.00043693214,0.005924705098841798,-0.08311158693518195,-0.08319297,8.13799432322071e-05
-3.0,1.011801650795657e-09,2503.197375042157,521.464297637573,42.04226242943757,288.6545802497056,0.000538888377641,test,-3.268501182855655,-3.2708607,0.0005359686,0.0023594891414151498,-0.008936070739760993,0.004447395,0.013383465721741317
-1.8,1.2225745089622023e-09,2432.279761567632,478.07469592026655,37.79561575023349,300.3431374384869,0.0005059874012779,test,-3.295860296645587,-3.2951171,0.000506854,0.0007431568293028157,-0.015272291653362302,-0.015990404,0.0007181127587880809
-2.8000000000000003,8.920412889937108e-10,2700.220283946353,481.8164609958477,41.48473029075561,294.1535226587993,0.0005199936570405,test,-3.2840019539211833,-3.2835543,0.0005205299,0.00044763835416672393,-0.010331203658592969,-0.007498997,0.0028322068606438933
-2.4000000000000004,1.0511173572717443e-09,2495.130349883853,523.8477826070769,41.27631172344517,301.59948365785385,0.0005150007842672,test,-3.2881921095944247,-3.280517,0.000524183,0.007675008306582853,-0.011759279058953354,-0.01466534,0.0029060610144533428
-3.0,8.920412889937108e-10,2700.220283946353,481.8164609958477,41.48473029075561,294.1535226587993,0.0005223769244566,test,-3.282016015887863,-3.2833269,0.00052080257,0.0013108483546906413,-0.009528176674615807,0.004848649,0.014376825468611187
-0.6000000000000001,1.011801650795657e-09,2503.197375042157,521.464297637573,42.04226242943757,288.6545802497056,0.0004894956398758,test,-3.310251172270065,-3.316233,0.0004827998,0.00598174742292823,-0.03621348647676648,-0.03744083,0.0012273425022488738
0.0,1.058962492367367e-09,2306.068264987093,513.3151002778768,40.55455133934368,303.4784744400111,0.0004552753702759,test,-3.3417258437453925,-3.3505301,0.00044613864,0.008804303807097735,-0.07833542131655236,-0.082903944,0.004568522639345929
-1.4,9.431291378149591e-10,2617.847164727645,540.4486468445567,38.69622270488729,301.9657628923453,0.0004897653212789,test,-3.3100119691304624,-3.3048937,0.0004955714,0.00511823705953951,-0.02069851171641446,-0.020889854,0.0001913423422088556
-0.2,9.431291378149591e-10,2617.847164727645,540.4486468445567,38.69622270488729,301.9657628923453,0.0004457247612353,test,-3.3509332389917854,-3.345161,0.0004516885,0.005772277840662365,-0.06266307856043163,-0.06008073,0.002582349135478168
-2.8000000000000003,9.91880560193061e-10,2562.543459042286,488.1664551370801,40.47383155665718,295.6008889602198,0.0005303840598596,test,-3.2754095366753853,-3.2777267,0.0005275618,0.0023171135626518513,-0.010164228486827298,-0.007107978,0.003056250265798255
-1.8,1.058962492367367e-09,2306.068264987093,513.3151002778768,40.55455133934368,303.4784744400111,0.0005216452239327,test,-3.2826247645671023,-3.2889447,0.0005141091,0.006319956654821546,-0.015203437875397796,-0.017128399,0.0019249607665461355
-0.8,1.058962492367367e-09,2306.068264987093,513.3151002778768,40.55455133934368,303.4784744400111,0.0004970256254619,test,-3.303621219496442,-3.3117797,0.0004877758,0.008158517976092128,-0.029806716428824487,-0.032019652,0.0022129359974183416
-1.6,9.431291378149591e-10,2617.847164727645,540.4486468445567,38.69622270488729,301.9657628923453,0.0004941662889761,test,-3.3061268846138683,-3.3008072,0.00050025654,0.005319646988746207,-0.01835993518260537,-0.020047149,0.0016872135070222782
-0.6000000000000001,1.1037395013588123e-09,2531.0169366346463,492.6438219382251,36.10636397779454,299.96382807834965,0.0004647164716247,test,-3.332811933914639,-3.3241863,0.00047403856,0.008625608841396737,-0.03695383485806403,-0.03441826,0.002535576042060228
-1.6,1.0284216851224184e-09,2501.257472196243,454.39559500401634,39.58517778577758,297.0863250737395,0.0005068884835143,test,-3.2950875758174494,-3.2994268,0.00050184916,0.004339218234674647,-0.017709378625916372,-0.018461483,0.00075210397346126
-2.8000000000000003,9.431291378149591e-10,2617.847164727645,540.4486468445567,38.69622270488729,301.9657628923453,0.0005132749788326,test,-3.289649906243407,-3.2821221,0.0005222493,0.007527771081053292,-0.010473064583633729,-0.008141144,0.0023319204048259934
0.0,1.1037395013588123e-09,2531.0169366346463,492.6438219382251,36.10636397779454,299.96382807834965,0.000431249126152,test,-3.365271771936638,-3.3552377,0.0004413288,0.010034049539787482,-0.07983869016200984,-0.07891406,0.000924628973312025
-0.6000000000000001,8.64757430416121e-10,2613.398572092139,483.2695161383806,39.73131063338137,294.42197627514213,0.0004745783583161,test,-3.3236920703289554,-3.326466,0.0004715567,0.0027740131976559113,-0.03763604392485931,-0.036430176,0.0012058675773651828
0.0,1.2225745089622023e-09,2432.279761567632,478.07469592026655,37.79561575023349,300.3431374384869,0.0004415904710704,test,-3.3549803066696944,-3.3543794,0.00044220188,0.0006008911576094178,-0.0776351390246326,-0.081114426,0.003479287230593542
-2.0,1.0511173572717443e-09,2495.130349883853,523.8477826070769,41.27631172344517,301.59948365785385,0.0005089441893341,test,-3.2933298396537394,-3.285917,0.0005177057,0.007412795967826291,-0.014152731042877065,-0.014472274,0.00031954306684411904
-2.4000000000000004,1.011801650795657e-09,2503.197375042157,521.464297637573,42.04226242943757,288.6545802497056,0.0005314031692822,test,-3.2745758597908776,-3.2766137,0.0005289155,0.0020378525199133968,-0.0114698998338163,-0.01444414,0.0029742399522483254
-1.4,1.1037395013588123e-09,2531.0169366346463,492.6438219382251,36.10636397779454,299.96382807834965,0.0004881740248665,test,-3.311425332574014,-3.3034794,0.0004971879,0.007945899514321564,-0.02004994963430029,-0.018496705,0.0015532444151507008
-2.2,1.0511173572717443e-09,2495.130349883853,523.8477826070769,41.27631172344517,301.59948365785385,0.0005121024305708,test,-3.2906431628865933,-3.2832272,0.0005209221,0.007415957610104051,-0.01284432514828815,-0.012965733,0.00012140803712235027
-2.2,9.32148229008894e-10,2545.124905053194,512.7371789301767,40.07870713980076,299.5411124372077,0.0005087367424671,test,-3.293506895208302,-3.2882326,0.0005149528,0.005274330282154516,-0.013129350991242461,-0.012445726,0.0006836245593362378
0.0,8.688108546297865e-10,2646.5653288453154,498.36187777461095,39.94029005251662,299.6218359156308,0.000431094223638,test,-3.3654277963503545,-3.3599417,0.00043657442,0.0054860753878300805,-0.08401480881667567,-0.08170913,0.0023056772182030727
-2.6,1.0511173572717443e-09,2495.130349883853,523.8477826070769,41.27631172344517,301.59948365785385,0.0005176790010111,test,-3.2859394512630113,-3.2774148,0.00052794075,0.00852465252643908,-0.010832549312718598,-0.015099061,0.004266511408976825
-1.2000000000000002,1.1037395013588123e-09,2531.0169366346463,492.6438219382251,36.10636397779454,299.96382807834965,0.0004834040214724,test,-3.3156897409866892,-3.3074405,0.00049267383,0.008249221653803485,-0.022825947790249046,-0.021377906,0.0014480415869790875
-2.0,9.91880560193061e-10,2562.543459042286,488.1664551370801,40.47383155665718,295.6008889602198,0.0005187432396561,test,-3.2850475500373113,-3.287726,0.0005155539,0.002678375408245337,-0.014411908372451876,-0.013318252,0.0010936565540333731
-2.6,1.1037395013588123e-09,2531.0169366346463,492.6438219382251,36.10636397779454,299.96382807834965,0.0005082625584556,test,-3.2939118817492714,-3.2867033,0.00051676924,0.00720853358948137,-0.011005347153801637,-0.012908119,0.0019027716231754255
-2.6,8.920412889937108e-10,2700.220283946353,481.8164609958477,41.48473029075561,294.1535226587993,0.0005174298780462,test,-3.286148497351301,-3.2859194,0.0005177029,0.00022906947959677737,-0.011193002739332769,-0.014866972,0.003673969602800753
-0.2,1.011801650795657e-09,2503.197375042157,521.464297637573,42.04226242943757,288.6545802497056,0.0004695897501803,test,-3.3282813910805378,-3.334764,0.00046263234,0.006482612673124333,-0.05939146735262746,-0.062084217,0.002692749271870909
-0.4,1.1037395013588123e-09,2531.0169366346463,492.6438219382251,36.10636397779454,299.96382807834965,0.0004560920407819,test,-3.3409475065239413,-3.3316689,0.00046594124,0.009278652764175721,-0.045987256631562445,-0.04175562,0.004231636241385672
-2.0,1.011801650795657e-09,2503.197375042157,521.464297637573,42.04226242943757,288.6545802497056,0.0005252901527807,test,-3.2796007405124996,-3.281937,0.00052247214,0.002336143413891989,-0.013846222470013103,-0.0143511295,0.0005049070618472484
-3.0,1.0284216851224184e-09,2501.257472196243,454.39559500401634,39.58517778577758,297.0863250737395,0.0005280623342554,test,-3.277314808857684,-3.2825015,0.0005217934,0.005186650264020098,-0.009201384616357444,0.004236448,0.013437832706880926
-0.4,9.431291378149591e-10,2617.847164727645,540.4486468445567,38.69622270488729,301.9657628923453,0.0004566195754127,test,-3.340445474117174,-3.3350244,0.0004623551,0.005421117275132836,-0.04711123484090507,-0.043036148,0.004075086888825297
-2.8000000000000003,1.0511173572717443e-09,2495.130349883853,523.8477826070769,41.27631172344517,301.59948365785385,0.0005201647405427,test,-3.2838590898693374,-3.274989,0.00053089805,0.008870200175123522,-0.010019025687379113,-0.00789749,0.002121535983187428
-0.8,1.2225745089622023e-09,2432.279761567632,478.07469592026655,37.79561575023349,300.3431374384869,0.0004819847515136,test,-3.316966701259604,-3.3162863,0.00048274043,0.0006803758048921082,-0.0297923781788878,-0.030210575,0.0004181969099708027
-0.8,9.973807555784963e-10,2483.6702561944007,499.2076886794748,40.248277237816566,302.09732544564235,0.0004865947901831,test,-3.312832545234308,-3.315152,0.00048400302,0.002319384621038534,-0.030862350701662322,-0.031948052,0.0010857016450440682
-3.0,8.688108546297865e-10,2646.5653288453154,498.36187777461095,39.94029005251662,299.6218359156308,0.0005158210790876,test,-3.287500914341596,-3.285027,0.00051876775,0.002473887211468906,-0.009741608650495337,0.004464104,0.014205712490786837
-2.0,9.32148229008894e-10,2545.124905053194,512.7371789301767,40.07870713980076,299.5411124372077,0.0005055321930389,test,-3.2962511826764085,-3.290826,0.0005118868,0.005425100446794229,-0.014436392920520902,-0.01397311,0.00046328256508409993
-2.0,9.676899592457672e-10,2498.119875502734,535.4265253830317,42.346830624956574,300.5747457097431,0.0005123555826122,test,-3.2904285273710614,-3.2749255,0.0005309756,0.015503057018888544,-0.014598101092712312,-0.014133651,0.0004644502831858688
-0.4,1.0284216851224184e-09,2501.257472196243,454.39559500401634,39.58517778577758,297.0863250737395,0.0004696016143304,test,-3.328270418801371,-3.33284,0.00046468648,0.0045695470189413,-0.045783283594309054,-0.04358142,0.002201864901243411
-1.0,1.1037395013588123e-09,2531.0169366346463,492.6438219382251,36.10636397779454,299.96382807834965,0.0004780180416278,test,-3.320555711690114,-3.3121266,0.00048738637,0.008429075184987145,-0.026190578985067603,-0.02567831,0.0005122684417688816
